kernel,scalar,a_mode,x_mode,M,N,k,P,pr,pc,rep,t_bcast_s,t_local_s,t_reduce_s,t_total_s,t_official_s,t_kernel_s,t_transfer_runtime_overhead_s,gflops,gflops_compute,gflops_kernel,t_h2d_X_s,t_d2h_Y_s,t_launch_overhead_s,x_layout,group_timing,t_local_group_s,gflops_local_group
cuda_warp_tiled(tile4),double,local,local,16384,16384,3,1,1,1,1,1.880000000e-07,5.611762000e-03,4.448800000e-05,5.656438000e-03,5.434851819e-03,5.390175819e-03,2.215861806e-04,296.348969,298.805232,298.805232,1.212479994e-04,9.187199920e-05,8.466182029e-06,row,0,-1.000000000e+00,-1.000000
cuda_warp_tiled(tile4),double,local,local,16384,16384,3,1,1,1,2,1.700000003e-07,5.612456000e-03,4.472300000e-05,5.657349000e-03,5.434396956e-03,5.389503956e-03,2.229520442e-04,296.373774,298.842481,298.842481,1.200959980e-04,9.321600199e-05,9.640044122e-06,row,0,-1.000000000e+00,-1.000000
cuda_warp_tiled(tile4),double,local,local,16384,16384,3,1,1,1,3,1.380000003e-07,5.601723000e-03,4.388300000e-05,5.645744000e-03,5.420308937e-03,5.376287937e-03,2.254350628e-04,297.144084,299.577098,299.577098,1.196800023e-04,9.603200108e-05,9.723059426e-06,row,0,-1.000000000e+00,-1.000000
cuda_warp_tiled(tile4),double,local,local,16384,16384,3,1,1,1,4,1.560000000e-07,5.601575000e-03,4.471300000e-05,5.646444000e-03,5.418693120e-03,5.373824120e-03,2.277508804e-04,297.232691,299.714449,299.714449,1.239039972e-04,9.532800317e-05,8.518880022e-06,row,0,-1.000000000e+00,-1.000000
cuda_warp_tiled(tile4),double,local,local,16384,16384,3,1,1,1,5,1.380000001e-07,5.616359000e-03,4.385800000e-05,5.660355000e-03,5.436604166e-03,5.392608166e-03,2.237508343e-04,296.253449,298.670455,298.670455,1.187200025e-04,9.616000205e-05,8.870829734e-06,row,0,-1.000000000e+00,-1.000000
cuda_warp_tiled(tile4),double,local,local,16384,16384,3,1,1,1,6,1.480000000e-07,7.338433000e-03,4.478000000e-05,7.383361000e-03,5.430496142e-03,5.385568142e-03,1.952864858e-03,296.586664,299.060878,299.060878,1.201599985e-04,1.823871970e-03,8.832889350e-06,row,0,-1.000000000e+00,-1.000000
cuda_warp_tiled(tile4),double,local,local,16384,16384,3,1,1,1,7,3.060000000e-07,5.611536000e-03,4.531300000e-05,5.657155000e-03,5.426578988e-03,5.380959988e-03,2.305760124e-04,296.800754,299.316988,299.316988,1.216960028e-04,9.926400334e-05,9.616006242e-06,row,0,-1.000000000e+00,-1.000000
cuda_warp_tiled(tile4),double,local,local,16384,16384,3,1,1,1,8,1.390000000e-07,5.609017000e-03,4.398900000e-05,5.653145000e-03,5.427040159e-03,5.382912159e-03,2.261048410e-04,296.775533,299.208437,299.208437,1.205120012e-04,9.679999948e-05,8.792840342e-06,row,0,-1.000000000e+00,-1.000000
cuda_warp_tiled(tile4),double,local,local,16384,16384,3,1,1,1,9,1.459999999e-07,5.618128000e-03,4.431200000e-05,5.662586000e-03,5.440713970e-03,5.396255970e-03,2.218720300e-04,296.029665,298.468558,298.468558,1.226880029e-04,9.062399715e-05,8.560029963e-06,row,0,-1.000000000e+00,-1.000000
cuda_warp_tiled(tile4),double,local,local,16384,16384,3,1,1,1,10,1.370000002e-07,5.625646000e-03,4.490400000e-05,5.670687000e-03,5.446320926e-03,5.401279926e-03,2.243660737e-04,295.724905,298.190940,298.190940,1.201279983e-04,9.452799708e-05,9.710078331e-06,row,0,-1.000000000e+00,-1.000000
cuda_warp_tiled(tile4),double,local,local,16384,16384,3,1,1,1,11,1.400000000e-07,5.611845000e-03,4.461700000e-05,5.656602000e-03,5.436213127e-03,5.391456127e-03,2.203888728e-04,296.274759,298.734275,298.734275,1.194880009e-04,9.055999666e-05,1.034087530e-05,row,0,-1.000000000e+00,-1.000000
cuda_warp_tiled(tile4),double,local,local,16384,16384,3,1,1,1,12,1.450000000e-07,5.600832000e-03,4.429400000e-05,5.645271000e-03,5.421974820e-03,5.377535820e-03,2.232961800e-04,297.052788,299.507579,299.507579,1.220799983e-04,9.225600213e-05,8.960179610e-06,row,0,-1.000000000e+00,-1.000000
cuda_warp_tiled(tile4),double,local,local,16384,16384,3,1,1,1,13,1.380000001e-07,5.599037000e-03,4.426100000e-05,5.643436000e-03,5.424782968e-03,5.380383968e-03,2.186530316e-04,296.899018,299.349033,299.349033,1.187200025e-04,8.985599875e-05,1.007703042e-05,row,0,-1.000000000e+00,-1.000000
cuda_warp_tiled(tile4),double,local,local,16384,16384,3,1,1,1,14,1.390000000e-07,5.618949000e-03,4.467500000e-05,5.663763000e-03,5.436814198e-03,5.392000198e-03,2.269488016e-04,296.242004,298.704131,298.704131,1.200319976e-04,9.750399739e-05,9.412806689e-06,row,0,-1.000000000e+00,-1.000000
cuda_warp_tiled(tile4),double,local,local,16384,16384,3,1,1,1,15,1.479999998e-07,5.610447000e-03,4.436200000e-05,5.654957000e-03,5.426334017e-03,5.381824017e-03,2.286229834e-04,296.814153,299.268934,299.268934,1.226560026e-04,9.628800303e-05,9.678977761e-06,row,0,-1.000000000e+00,-1.000000
cuda_warp_tiled(tile4),double,local,local,16384,16384,3,1,1,1,16,1.540000001e-07,5.594927000e-03,4.473300000e-05,5.639814000e-03,5.420342856e-03,5.375455856e-03,2.194711437e-04,297.142225,299.623470,299.623470,1.200639978e-04,9.004800022e-05,9.359145655e-06,row,0,-1.000000000e+00,-1.000000
cuda_warp_tiled(tile4),double,local,local,16384,16384,3,1,1,1,17,1.430000001e-07,5.602440000e-03,4.440300000e-05,5.646986000e-03,5.422434203e-03,5.377888203e-03,2.245517973e-04,297.027622,299.487954,299.487954,1.209279969e-04,9.484799951e-05,8.775800886e-06,row,0,-1.000000000e+00,-1.000000
cuda_warp_tiled(tile4),double,local,local,16384,16384,3,1,1,1,18,1.369999998e-07,5.603924000e-03,4.391600000e-05,5.647977000e-03,5.424277228e-03,5.380224228e-03,2.236997721e-04,296.926700,299.357920,299.357920,1.198080033e-04,9.532800317e-05,8.563765620e-06,row,0,-1.000000000e+00,-1.000000
cuda_warp_tiled(tile4),double,local,local,16384,16384,3,1,1,1,19,1.189999999e-07,5.599028000e-03,4.444500000e-05,5.643592000e-03,5.425172082e-03,5.380608082e-03,2.184199182e-04,296.877723,299.336564,299.336564,1.201919988e-04,8.828800172e-05,9.939917687e-06,row,0,-1.000000000e+00,-1.000000
cuda_warp_tiled(tile4),double,local,local,16384,16384,3,1,1,1,20,1.170000001e-07,5.593426000e-03,4.382900000e-05,5.637372000e-03,5.415017815e-03,5.371071815e-03,2.223541845e-04,297.434430,299.868032,299.868032,1.188480034e-04,9.459199756e-05,8.914183498e-06,row,0,-1.000000000e+00,-1.000000
cuda_warp_tiled(tile4),double,local,local,16384,16384,6,1,1,1,1,3.089999998e-07,1.335863900e-02,8.971800000e-05,1.344866600e-02,1.302397933e-02,1.293395233e-02,4.246866685e-04,247.330358,249.051905,249.051905,2.299519926e-04,1.847680062e-04,9.966669621e-06,row,0,-1.000000000e+00,-1.000000
cuda_warp_tiled(tile4),double,local,local,16384,16384,6,1,1,1,2,2.640000001e-07,1.335947600e-02,8.916800000e-05,1.344890800e-02,1.302623200e-02,1.293680000e-02,4.226759969e-04,247.287586,248.997084,248.997084,2.290560007e-04,1.842239946e-04,9.396001626e-06,row,0,-1.000000000e+00,-1.000000
cuda_warp_tiled(tile4),double,local,local,16384,16384,6,1,1,1,3,1.370000002e-07,1.335178700e-02,8.942200000e-05,1.344134600e-02,1.301992742e-02,1.293036842e-02,4.214185765e-04,247.407329,249.120935,249.120935,2.315839976e-04,1.799679995e-04,9.866579472e-06,row,0,-1.000000000e+00,-1.000000
cuda_warp_tiled(tile4),double,local,local,16384,16384,6,1,1,1,4,1.649999999e-07,1.335782800e-02,8.800300000e-05,1.344599600e-02,1.301463208e-02,1.292646408e-02,4.313639192e-04,247.507993,249.196180,249.196180,2.317119986e-04,1.902720034e-04,9.379917195e-06,row,0,-1.000000000e+00,-1.000000
cuda_warp_tiled(tile4),double,local,local,16384,16384,6,1,1,1,5,4.140000001e-07,1.335732900e-02,8.924600000e-05,1.344698900e-02,1.302069981e-02,1.293103981e-02,4.262891898e-04,247.392653,249.108001,249.108001,2.338239998e-04,1.833920032e-04,9.073186878e-06,row,0,-1.000000000e+00,-1.000000
cuda_warp_tiled(tile4),double,local,local,16384,16384,6,1,1,1,6,1.690000000e-07,1.334704300e-02,9.403300000e-05,1.344124500e-02,1.301865001e-02,1.292444801e-02,4.225949867e-04,247.431605,249.235052,249.235052,2.311999947e-04,1.812479943e-04,1.014699771e-05,row,0,-1.000000000e+00,-1.000000
cuda_warp_tiled(tile4),double,local,local,16384,16384,6,1,1,1,7,1.720000000e-07,1.333936300e-02,9.028900000e-05,1.342982400e-02,1.301193260e-02,1.292147160e-02,4.178914042e-04,247.559342,249.292462,249.292462,2.313600034e-04,1.769919991e-04,9.539401734e-06,row,0,-1.000000000e+00,-1.000000
cuda_warp_tiled(tile4),double,local,local,16384,16384,6,1,1,1,8,1.790000002e-07,1.333931700e-02,8.973600000e-05,1.342923200e-02,1.300639506e-02,1.291648006e-02,4.228369356e-04,247.664742,249.388801,249.388801,2.309119999e-04,1.823679954e-04,9.556940285e-06,row,0,-1.000000000e+00,-1.000000
cuda_warp_tiled(tile4),double,local,local,16384,16384,6,1,1,1,9,1.580000000e-07,1.334817000e-02,8.959000000e-05,1.343791800e-02,1.301090011e-02,1.292115211e-02,4.270178851e-04,247.578987,249.298626,249.298626,2.353280038e-04,1.832319945e-04,8.457886858e-06,row,0,-1.000000000e+00,-1.000000
cuda_warp_tiled(tile4),double,local,local,16384,16384,6,1,1,1,10,1.500000000e-07,1.334210400e-02,8.915100000e-05,1.343140500e-02,1.301384533e-02,1.292454433e-02,4.175596656e-04,247.522956,249.233195,249.233195,2.309760004e-04,1.774719954e-04,9.111669806e-06,row,0,-1.000000000e+00,-1.000000
cuda_warp_tiled(tile4),double,local,local,16384,16384,6,1,1,1,11,1.670000001e-07,1.333968400e-02,8.973600000e-05,1.342958700e-02,1.301022256e-02,1.292031956e-02,4.193644428e-04,247.591881,249.314691,249.314691,2.304960042e-04,1.789759994e-04,9.892439231e-06,row,0,-1.000000000e+00,-1.000000
cuda_warp_tiled(tile4),double,local,local,16384,16384,6,1,1,1,12,1.489999999e-07,1.334959800e-02,8.877300000e-05,1.343852000e-02,1.301637790e-02,1.292745590e-02,4.221420979e-04,247.474796,249.177061,249.177061,2.318080068e-04,1.807679981e-04,9.566093038e-06,row,0,-1.000000000e+00,-1.000000
cuda_warp_tiled(tile4),double,local,local,16384,16384,6,1,1,1,13,2.669999999e-07,1.334223000e-02,9.274900000e-05,1.343524600e-02,1.301659998e-02,1.292358398e-02,4.186460156e-04,247.470574,249.251715,249.251715,2.319999933e-04,1.768320054e-04,9.814016919e-06,row,0,-1.000000000e+00,-1.000000
cuda_warp_tiled(tile4),double,local,local,16384,16384,6,1,1,1,14,1.690000000e-07,1.334026800e-02,8.834700000e-05,1.342878400e-02,1.300854755e-02,1.292003155e-02,4.202364525e-04,247.623761,249.320248,249.320248,2.322559953e-04,1.775040030e-04,1.047645413e-05,row,0,-1.000000000e+00,-1.000000
cuda_warp_tiled(tile4),double,local,local,16384,16384,6,1,1,1,15,1.620000001e-07,1.333971600e-02,8.939300000e-05,1.342927100e-02,1.301227496e-02,1.292271996e-02,4.169960446e-04,247.552829,249.268380,249.268380,2.316479981e-04,1.753920019e-04,9.956044594e-06,row,0,-1.000000000e+00,-1.000000
cuda_warp_tiled(tile4),double,local,local,16384,16384,6,1,1,1,16,2.569999999e-07,1.335401800e-02,8.869300000e-05,1.344296800e-02,1.301115783e-02,1.292220783e-02,4.318101677e-04,247.574083,249.278259,249.278259,2.367680073e-04,1.864639968e-04,8.578163617e-06,row,0,-1.000000000e+00,-1.000000
cuda_warp_tiled(tile4),double,local,local,16384,16384,6,1,1,1,17,2.029999999e-07,1.333818200e-02,8.901800000e-05,1.342740300e-02,1.301011658e-02,1.292089558e-02,4.172864235e-04,247.593898,249.303576,249.303576,2.293439955e-04,1.789759994e-04,8.966428716e-06,row,0,-1.000000000e+00,-1.000000
cuda_warp_tiled(tile4),double,local,local,16384,16384,6,1,1,1,18,1.420000000e-07,1.333573600e-02,8.914800000e-05,1.342502600e-02,1.300557838e-02,1.291628838e-02,4.194476241e-04,247.680294,249.392502,249.392502,2.299519926e-04,1.794240028e-04,1.007162875e-05,row,0,-1.000000000e+00,-1.000000
cuda_warp_tiled(tile4),double,local,local,16384,16384,6,1,1,1,19,1.100000000e-07,1.334031100e-02,8.966700000e-05,1.343008800e-02,1.301288129e-02,1.292310429e-02,4.172067138e-04,247.541294,249.260967,249.260967,2.304639965e-04,1.769279987e-04,9.814718615e-06,row,0,-1.000000000e+00,-1.000000
cuda_warp_tiled(tile4),double,local,local,16384,16384,6,1,1,1,20,1.810000001e-07,1.333758500e-02,9.205200000e-05,1.342981800e-02,1.301386481e-02,1.292163181e-02,4.159531870e-04,247.522586,249.289371,249.289371,2.293120027e-04,1.775040030e-04,9.137181244e-06,row,0,-1.000000000e+00,-1.000000
cuda_warp_tiled(tile4),double,local,local,16384,16384,8,1,1,1,1,2.349999999e-07,2.457575100e-02,1.181070000e-04,2.469409300e-02,2.412947710e-02,2.401113510e-02,5.646158987e-04,177.996700,178.873980,178.873980,3.132799864e-04,2.403520048e-04,1.098390753e-05,row,0,-1.000000000e+00,-1.000000
cuda_warp_tiled(tile4),double,local,local,16384,16384,8,1,1,1,2,2.200000000e-07,2.456235900e-02,1.180310000e-04,2.468061000e-02,2.412570683e-02,2.400745583e-02,5.549031742e-04,178.024517,178.901393,178.901393,3.085759878e-04,2.369920015e-04,9.335184845e-06,row,0,-1.000000000e+00,-1.000000
cuda_warp_tiled(tile4),double,local,local,16384,16384,8,1,1,1,3,2.330000002e-07,2.456862500e-02,1.205090000e-04,2.468936700e-02,2.413424603e-02,2.401350403e-02,5.551209717e-04,177.961528,178.856334,178.856334,3.071680069e-04,2.378879935e-04,1.006497133e-05,row,0,-1.000000000e+00,-1.000000
cuda_warp_tiled(tile4),double,local,local,16384,16384,8,1,1,1,4,2.210000001e-07,2.453922900e-02,1.204200000e-04,2.465987000e-02,2.409916807e-02,2.397852707e-02,5.607019309e-04,178.220563,179.117228,179.117228,3.126400113e-04,2.381760031e-04,9.885916499e-06,row,0,-1.000000000e+00,-1.000000
cuda_warp_tiled(tile4),double,local,local,16384,16384,8,1,1,1,5,2.950000000e-07,2.457179900e-02,1.194590000e-04,2.469155300e-02,2.413300244e-02,2.401324844e-02,5.585505564e-04,177.970698,178.858238,178.858238,3.080640137e-04,2.408639938e-04,9.622548913e-06,row,0,-1.000000000e+00,-1.000000
cuda_warp_tiled(tile4),double,local,local,16384,16384,8,1,1,1,6,2.200000000e-07,2.455483100e-02,1.196320000e-04,2.467468300e-02,2.412346833e-02,2.400361633e-02,5.512146670e-04,178.041036,178.930009,178.930009,3.088000119e-04,2.313279957e-04,1.108665946e-05,row,0,-1.000000000e+00,-1.000000
cuda_warp_tiled(tile4),double,local,local,16384,16384,8,1,1,1,7,2.389999998e-07,2.456082700e-02,1.186220000e-04,2.467968800e-02,2.412282829e-02,2.400396729e-02,5.568597148e-04,178.045760,178.927393,178.927393,3.115519881e-04,2.341440022e-04,1.116372452e-05,row,0,-1.000000000e+00,-1.000000
cuda_warp_tiled(tile4),double,local,local,16384,16384,8,1,1,1,8,2.250000000e-07,2.455667200e-02,1.203160000e-04,2.467721300e-02,2.413308563e-02,2.401254463e-02,5.441273680e-04,177.970085,178.863480,178.863480,3.074879944e-04,2.262080014e-04,1.043137223e-05,row,0,-1.000000000e+00,-1.000000
cuda_warp_tiled(tile4),double,local,local,16384,16384,8,1,1,1,9,2.489999997e-07,2.455267200e-02,1.168170000e-04,2.466973800e-02,2.412896976e-02,2.401190376e-02,5.407682372e-04,178.000443,178.868254,178.868254,3.065600097e-04,2.237440050e-04,1.046422250e-05,row,0,-1.000000000e+00,-1.000000
cuda_warp_tiled(tile4),double,local,local,16384,16384,8,1,1,1,10,2.320000001e-07,2.456701000e-02,1.206200000e-04,2.468786200e-02,2.414526797e-02,2.402441597e-02,5.425940302e-04,177.880291,178.775097,178.775097,3.092159927e-04,2.226559967e-04,1.072204078e-05,row,0,-1.000000000e+00,-1.000000
cuda_warp_tiled(tile4),double,local,local,16384,16384,8,1,1,1,11,2.250000000e-07,2.452780100e-02,1.180000000e-04,2.464602600e-02,2.410670461e-02,2.398847961e-02,5.393213857e-04,178.164845,179.042914,179.042914,3.057279885e-04,2.240319997e-04,9.561397554e-06,row,0,-1.000000000e+00,-1.000000
cuda_warp_tiled(tile4),double,local,local,16384,16384,8,1,1,1,12,2.170000002e-07,2.454960300e-02,1.169790000e-04,2.466679900e-02,2.412526027e-02,2.400806427e-02,5.415387300e-04,178.027812,178.896859,178.896859,3.063359857e-04,2.240640074e-04,1.113873692e-05,row,0,-1.000000000e+00,-1.000000
cuda_warp_tiled(tile4),double,local,local,16384,16384,8,1,1,1,13,2.320000001e-07,2.454662600e-02,1.198870000e-04,2.466674500e-02,2.412581434e-02,2.400569534e-02,5.409306570e-04,178.023723,178.914513,178.914513,3.088960052e-04,2.220479995e-04,9.986652328e-06,row,0,-1.000000000e+00,-1.000000
cuda_warp_tiled(tile4),double,local,local,16384,16384,8,1,1,1,14,1.839999999e-07,2.454633200e-02,1.181050000e-04,2.466462100e-02,2.412062550e-02,2.400233650e-02,5.439954979e-04,178.062020,178.939550,178.939550,3.073599935e-04,2.267840058e-04,9.851498706e-06,row,0,-1.000000000e+00,-1.000000
cuda_warp_tiled(tile4),double,local,local,16384,16384,8,1,1,1,15,2.219999999e-07,2.454598400e-02,1.178600000e-04,2.466406600e-02,2.412745853e-02,2.400937653e-02,5.366074741e-04,178.011592,178.887082,178.887082,3.034879863e-04,2.233279943e-04,9.791493448e-06,row,0,-1.000000000e+00,-1.000000
cuda_warp_tiled(tile4),double,local,local,16384,16384,8,1,1,1,16,2.040000000e-07,2.781997800e-02,1.279730000e-04,2.794815500e-02,2.410955365e-02,2.398137665e-02,3.838601352e-03,178.143791,179.095944,179.095944,3.091840148e-04,3.519615889e-03,9.801448658e-06,row,0,-1.000000000e+00,-1.000000
cuda_warp_tiled(tile4),double,local,local,16384,16384,8,1,1,1,17,3.310000001e-07,2.455087900e-02,1.206480000e-04,2.467185800e-02,2.410401886e-02,2.398303986e-02,5.678391440e-04,178.184697,179.083524,179.083524,3.138239980e-04,2.433599979e-04,1.065514820e-05,row,0,-1.000000000e+00,-1.000000
cuda_warp_tiled(tile4),double,local,local,16384,16384,8,1,1,1,18,4.580000001e-07,2.455758500e-02,1.162590000e-04,2.467430200e-02,2.412442841e-02,2.400771141e-02,5.498735895e-04,178.033951,178.899489,178.899489,3.093119860e-04,2.300159931e-04,1.054561039e-05,row,0,-1.000000000e+00,-1.000000
cuda_warp_tiled(tile4),double,local,local,16384,16384,8,1,1,1,19,2.750000001e-07,2.455178900e-02,1.173930000e-04,2.466945700e-02,2.412643608e-02,2.400876808e-02,5.430209183e-04,178.019136,178.891615,178.891615,3.060800135e-04,2.260159999e-04,1.092490491e-05,row,0,-1.000000000e+00,-1.000000
cuda_warp_tiled(tile4),double,local,local,16384,16384,8,1,1,1,20,3.340000001e-07,2.452480500e-02,1.178920000e-04,2.464303100e-02,2.409732909e-02,2.397910309e-02,5.457019116e-04,178.234164,179.112925,179.112925,3.133440018e-04,2.218240052e-04,1.053390460e-05,row,0,-1.000000000e+00,-1.000000
cuda_warp_tiled(tile4),double,local,local,16384,16384,20,1,1,1,1,2.219999999e-07,6.728940300e-02,3.025110000e-04,6.759213600e-02,6.649259048e-02,6.618985748e-02,1.099545517e-03,161.482929,162.221504,162.221504,5.943999887e-04,4.934720099e-04,1.167351854e-05,row,0,-1.000000000e+00,-1.000000
cuda_warp_tiled(tile4),double,local,local,16384,16384,20,1,1,1,2,2.280000000e-07,6.745460200e-02,2.977810000e-04,6.775261100e-02,6.666658505e-02,6.636857605e-02,1.086025950e-03,161.061471,161.784671,161.784671,5.900480151e-04,4.854719937e-04,1.050594139e-05,row,0,-1.000000000e+00,-1.000000
cuda_warp_tiled(tile4),double,local,local,16384,16384,20,1,1,1,3,2.590000001e-07,6.747433300e-02,3.217930000e-04,6.779638500e-02,6.668634033e-02,6.636428833e-02,1.110044670e-03,161.013758,161.795124,161.795124,5.996159911e-04,5.003839731e-04,1.004470568e-05,row,0,-1.000000000e+00,-1.000000
cuda_warp_tiled(tile4),double,local,local,16384,16384,20,1,1,1,4,2.970000001e-07,6.766203500e-02,3.025860000e-04,6.796491800e-02,6.684988770e-02,6.654700470e-02,1.115030300e-03,160.619840,161.350887,161.350887,6.035199761e-04,4.963519871e-04,1.515833703e-05,row,0,-1.000000000e+00,-1.000000
cuda_warp_tiled(tile4),double,local,local,16384,16384,20,1,1,1,5,3.330000000e-07,6.805894300e-02,3.020390000e-04,6.836131500e-02,6.726169970e-02,6.695932770e-02,1.099615302e-03,159.636439,160.357319,160.357319,6.157119870e-04,4.734080136e-04,1.049530165e-05,row,0,-1.000000000e+00,-1.000000
cuda_warp_tiled(tile4),double,local,local,16384,16384,20,1,1,1,6,1.729999997e-07,6.808286300e-02,8.672150000e-04,6.895025100e-02,6.735640930e-02,6.648902130e-02,1.593841699e-03,159.411975,161.491597,161.491597,5.852159858e-04,9.973440170e-04,1.128169593e-05,row,0,-1.000000000e+00,-1.000000
cuda_warp_tiled(tile4),double,local,local,16384,16384,20,1,1,1,7,1.549999999e-07,6.793341100e-02,3.009170000e-04,6.823448300e-02,6.662414634e-02,6.632307434e-02,1.610336659e-03,161.164065,161.895665,161.895665,1.124863982e-03,4.751999974e-04,1.027267955e-05,row,0,-1.000000000e+00,-1.000000
cuda_warp_tiled(tile4),double,local,local,16384,16384,20,1,1,1,8,1.880000000e-07,6.757221700e-02,3.768470000e-04,6.794925200e-02,6.687232766e-02,6.649529266e-02,1.076924336e-03,160.565941,161.476366,161.476366,5.924159884e-04,4.736000001e-04,1.090834784e-05,row,0,-1.000000000e+00,-1.000000
cuda_warp_tiled(tile4),double,local,local,16384,16384,20,1,1,1,9,2.528000000e-06,6.749429800e-02,3.022890000e-04,6.779911500e-02,6.665697459e-02,6.635215759e-02,1.142140407e-03,161.084692,161.824704,161.824704,6.331200004e-04,4.662399888e-04,4.278041806e-05,row,0,-1.000000000e+00,-1.000000
cuda_warp_tiled(tile4),double,local,local,16384,16384,20,1,1,1,10,1.220000003e-07,6.740803900e-02,3.009500000e-04,6.770911100e-02,6.662001884e-02,6.631894684e-02,1.089092162e-03,161.174050,161.905741,161.905741,5.929600000e-04,4.844160080e-04,1.171615359e-05,row,0,-1.000000000e+00,-1.000000
cuda_warp_tiled(tile4),double,local,local,16384,16384,20,1,1,1,11,1.520000001e-07,6.760459200e-02,2.985410000e-04,6.790328500e-02,6.683011848e-02,6.653142548e-02,1.073166524e-03,160.667353,161.388670,161.388670,6.007680297e-04,4.626879990e-04,9.710495226e-06,row,0,-1.000000000e+00,-1.000000
cuda_warp_tiled(tile4),double,local,local,16384,16384,20,1,1,1,12,1.220000003e-07,6.753779900e-02,3.118240000e-04,6.784974500e-02,6.676484212e-02,6.645289612e-02,1.084902882e-03,160.824438,161.579387,161.579387,5.967680216e-04,4.772799909e-04,1.085486934e-05,row,0,-1.000000000e+00,-1.000000
cuda_warp_tiled(tile4),double,local,local,16384,16384,20,1,1,1,13,1.340000000e-07,6.713337400e-02,2.981940000e-04,6.743170200e-02,6.636680945e-02,6.606848145e-02,1.064892555e-03,161.788977,162.519525,162.519525,5.931839943e-04,4.614399970e-04,1.026856344e-05,row,0,-1.000000000e+00,-1.000000
cuda_warp_tiled(tile4),double,local,local,16384,16384,20,1,1,1,14,1.290000000e-07,6.731736500e-02,2.997760000e-04,6.761727000e-02,6.655101126e-02,6.625110626e-02,1.066258738e-03,161.341173,162.071531,162.071531,5.933759809e-04,4.609920084e-04,1.189074849e-05,row,0,-1.000000000e+00,-1.000000
cuda_warp_tiled(tile4),double,local,local,16384,16384,20,1,1,1,15,1.340000000e-07,6.716832500e-02,2.960930000e-04,6.746455200e-02,6.641001942e-02,6.611379242e-02,1.054532581e-03,161.683709,162.408143,162.408143,5.905280113e-04,4.526079893e-04,1.139657993e-05,row,0,-1.000000000e+00,-1.000000
cuda_warp_tiled(tile4),double,local,local,16384,16384,20,1,1,1,16,1.180000000e-07,6.732573500e-02,2.966910000e-04,6.762254400e-02,6.657190971e-02,6.627510071e-02,1.050634292e-03,161.290525,162.012854,162.012854,5.952000022e-04,4.445439875e-04,1.089030229e-05,row,0,-1.000000000e+00,-1.000000
cuda_warp_tiled(tile4),double,local,local,16384,16384,20,1,1,1,17,1.269999998e-07,6.725563200e-02,3.221920000e-04,6.757795100e-02,6.651844785e-02,6.619612885e-02,1.059503155e-03,161.420156,162.206135,162.206135,5.972800255e-04,4.515199959e-04,1.070313338e-05,row,0,-1.000000000e+00,-1.000000
cuda_warp_tiled(tile4),double,local,local,16384,16384,20,1,1,1,18,2.029999999e-07,6.731722500e-02,3.027350000e-04,6.762016300e-02,6.655807258e-02,6.625513458e-02,1.062090417e-03,161.324056,162.061677,162.061677,5.971199870e-04,4.532479942e-04,1.172243629e-05,row,0,-1.000000000e+00,-1.000000
cuda_warp_tiled(tile4),double,local,local,16384,16384,20,1,1,1,19,1.240000000e-07,6.731319900e-02,2.980850000e-04,6.761140800e-02,6.654825478e-02,6.625004578e-02,1.063153224e-03,161.347856,162.074126,162.074126,6.049919724e-04,4.473600090e-04,1.080124223e-05,row,0,-1.000000000e+00,-1.000000
cuda_warp_tiled(tile4),double,local,local,16384,16384,20,1,1,1,20,1.720000000e-07,6.737278300e-02,3.210710000e-04,6.769402600e-02,6.665039797e-02,6.632915497e-02,1.043628032e-03,161.100587,161.880824,161.880824,5.870400071e-04,4.459199905e-04,1.066803408e-05,row,0,-1.000000000e+00,-1.000000
cuda_warp_tiled(tile4),double,local,local,16384,16384,32,1,1,1,1,9.519999997e-07,1.921104220e-01,5.863040000e-04,1.926976780e-01,1.908375612e-01,1.902503052e-01,1.860116824e-03,90.023521,90.301401,90.301401,9.925439954e-04,8.560960293e-04,1.147679956e-05,row,0,-1.000000000e+00,-1.000000
cuda_warp_tiled(tile4),double,local,local,16384,16384,32,1,1,1,2,2.779999999e-07,1.921511670e-01,5.954770000e-04,1.927469220e-01,1.908752808e-01,1.902795258e-01,1.871641243e-03,90.005731,90.287534,90.287534,9.705280066e-04,8.871359825e-04,1.397725410e-05,row,0,-1.000000000e+00,-1.000000
cuda_warp_tiled(tile4),double,local,local,16384,16384,32,1,1,1,3,8.970000001e-07,1.921280310e-01,5.670230000e-04,1.926959510e-01,1.908421967e-01,1.902742767e-01,1.853754267e-03,90.021334,90.290025,90.290025,9.896000028e-04,8.529279828e-04,1.122628103e-05,row,0,-1.000000000e+00,-1.000000
cuda_warp_tiled(tile4),double,local,local,16384,16384,32,1,1,1,4,1.610000000e-07,1.921642030e-01,6.350560000e-04,1.927994200e-01,1.909286283e-01,1.902934113e-01,1.870791745e-03,89.980582,90.280946,90.280946,9.764800072e-04,8.804479837e-04,1.386375420e-05,row,0,-1.000000000e+00,-1.000000
cuda_warp_tiled(tile4),double,local,local,16384,16384,32,1,1,1,5,9.010000004e-07,1.929887030e-01,1.496730000e-03,1.944863340e-01,1.917967338e-01,1.902991028e-01,2.689600217e-03,89.573315,90.278246,90.278246,9.992960095e-04,1.676959991e-03,1.334421580e-05,row,0,-1.000000000e+00,-1.000000
cuda_warp_tiled(tile4),double,local,local,16384,16384,32,1,1,1,6,1.529999998e-07,1.930455220e-01,5.617630000e-04,1.936074380e-01,1.909215657e-01,1.903596497e-01,2.685872342e-03,89.983911,90.249531,90.249531,1.806560040e-03,8.674240112e-04,1.188829105e-05,row,0,-1.000000000e+00,-1.000000
cuda_warp_tiled(tile4),double,local,local,16384,16384,32,1,1,1,7,1.869999999e-07,1.921537100e-01,5.591900000e-04,1.927130870e-01,1.908961843e-01,1.903368073e-01,1.816902749e-03,89.995875,90.260362,90.260362,9.755200148e-04,8.298239708e-04,1.155876347e-05,row,0,-1.000000000e+00,-1.000000
cuda_warp_tiled(tile4),double,local,local,16384,16384,32,1,1,1,8,1.319999998e-07,1.922189920e-01,5.666980000e-04,1.927858220e-01,1.909304775e-01,1.903636475e-01,1.855344539e-03,89.979711,90.247636,90.247636,9.715200067e-04,8.693760037e-04,1.444852866e-05,row,0,-1.000000000e+00,-1.000000
cuda_warp_tiled(tile4),double,local,local,16384,16384,32,1,1,1,9,9.379999999e-07,1.921302770e-01,5.595410000e-04,1.926907560e-01,1.908561333e-01,1.902956543e-01,1.834622703e-03,90.014761,90.279882,90.279882,9.894719720e-04,8.327999711e-04,1.235076003e-05,row,0,-1.000000000e+00,-1.000000
cuda_warp_tiled(tile4),double,local,local,16384,16384,32,1,1,1,10,2.370000001e-07,1.930155790e-01,1.485035000e-03,1.945008510e-01,1.918457456e-01,1.903604736e-01,2.655105367e-03,89.550431,90.249141,90.249141,9.946560264e-04,1.647840023e-03,1.260931778e-05,row,0,-1.000000000e+00,-1.000000
cuda_warp_tiled(tile4),double,local,local,16384,16384,32,1,1,1,11,2.129999999e-07,1.929467620e-01,5.802000000e-04,1.935271750e-01,1.908895255e-01,1.903091125e-01,2.637649451e-03,89.999015,90.273497,90.273497,1.797183990e-03,8.270720243e-04,1.339343635e-05,row,0,-1.000000000e+00,-1.000000
cuda_warp_tiled(tile4),double,local,local,16384,16384,32,1,1,1,12,2.160000001e-07,1.921204260e-01,5.525030000e-04,1.926731450e-01,1.908556365e-01,1.903029175e-01,1.817508520e-03,90.014995,90.276436,90.276436,9.808959961e-04,8.240000010e-04,1.261252248e-05,row,0,-1.000000000e+00,-1.000000
cuda_warp_tiled(tile4),double,local,local,16384,16384,32,1,1,1,13,2.009999998e-07,1.921118530e-01,5.549100000e-04,1.926669640e-01,1.908514977e-01,1.902963867e-01,1.815466281e-03,90.016947,90.279534,90.279534,9.644799829e-04,8.373759985e-04,1.361029990e-05,row,0,-1.000000000e+00,-1.000000
cuda_warp_tiled(tile4),double,local,local,16384,16384,32,1,1,1,14,1.279999999e-06,1.921382130e-01,5.478290000e-04,1.926873220e-01,1.908693605e-01,1.903202515e-01,1.817961535e-03,90.008523,90.268214,90.268214,9.793279767e-04,8.281599879e-04,1.047357053e-05,row,0,-1.000000000e+00,-1.000000
cuda_warp_tiled(tile4),double,local,local,16384,16384,32,1,1,1,15,2.089999995e-07,1.929429580e-01,1.492077000e-03,1.944352440e-01,1.917790444e-01,1.902867584e-01,2.656199577e-03,89.581577,90.284102,90.284102,9.741759896e-04,1.668256044e-03,1.376754313e-05,row,0,-1.000000000e+00,-1.000000
cuda_warp_tiled(tile4),double,local,local,16384,16384,32,1,1,1,16,1.919999999e-07,1.930044910e-01,5.729290000e-04,1.935776120e-01,1.909278421e-01,1.903547211e-01,2.649769931e-03,89.980953,90.251868,90.251868,1.810304046e-03,8.263999820e-04,1.306590301e-05,row,0,-1.000000000e+00,-1.000000
cuda_warp_tiled(tile4),double,local,local,16384,16384,32,1,1,1,17,1.860000003e-07,1.920838140e-01,5.640270000e-04,1.926480270e-01,1.908489878e-01,1.902847748e-01,1.799039220e-03,90.018131,90.285044,90.285044,9.695360065e-04,8.176000118e-04,1.190320145e-05,row,0,-1.000000000e+00,-1.000000
cuda_warp_tiled(tile4),double,local,local,16384,16384,32,1,1,1,18,1.830000000e-07,1.920715970e-01,5.486870000e-04,1.926204670e-01,1.908402671e-01,1.902913971e-01,1.780199905e-03,90.022244,90.281902,90.281902,9.567999840e-04,8.118079901e-04,1.159193122e-05,row,0,-1.000000000e+00,-1.000000
cuda_warp_tiled(tile4),double,local,local,16384,16384,32,1,1,1,19,4.100000002e-07,1.921371590e-01,5.527370000e-04,1.926903060e-01,1.908975989e-01,1.903444519e-01,1.792707096e-03,89.995208,90.256737,90.256737,9.601280093e-04,8.210880160e-04,1.149107035e-05,row,0,-1.000000000e+00,-1.000000
cuda_warp_tiled(tile4),double,local,local,16384,16384,32,1,1,1,20,5.629999995e-07,1.921440070e-01,5.730610000e-04,1.927176310e-01,1.908734287e-01,1.902998047e-01,1.844202313e-03,90.006604,90.277913,90.277913,9.718400240e-04,8.593919873e-04,1.297030118e-05,row,0,-1.000000000e+00,-1.000000
cuda_warp_tiled(tile8),double,local,local,16384,16384,3,1,1,1,1,1.190000001e-07,5.559617000e-03,4.573400000e-05,5.605470000e-03,5.382492881e-03,5.336639881e-03,2.229771189e-04,299.231745,301.802777,301.802777,1.235520020e-04,9.017600119e-05,9.249115662e-06,row,0,-1.000000000e+00,-1.000000
cuda_warp_tiled(tile8),double,local,local,16384,16384,3,1,1,1,2,1.139999999e-07,5.550158000e-03,4.434900000e-05,5.594621000e-03,5.380526862e-03,5.336063862e-03,2.140941382e-04,299.341083,301.835356,301.835356,1.191999987e-04,8.662399650e-05,8.270142980e-06,row,0,-1.000000000e+00,-1.000000
cuda_warp_tiled(tile8),double,local,local,16384,16384,3,1,1,1,3,1.249999999e-07,5.571164000e-03,4.528300000e-05,5.616572000e-03,5.385728110e-03,5.340320110e-03,2.308438897e-04,299.051995,301.594793,301.594793,1.297920048e-04,9.097599983e-05,1.007588502e-05,row,0,-1.000000000e+00,-1.000000
cuda_warp_tiled(tile8),double,local,local,16384,16384,3,1,1,1,4,1.160000000e-07,5.559059000e-03,4.592300000e-05,5.605098000e-03,5.389494791e-03,5.343455791e-03,2.156032085e-04,298.842990,301.417809,301.417809,1.194560006e-04,8.627200127e-05,9.875206634e-06,row,0,-1.000000000e+00,-1.000000
cuda_warp_tiled(tile8),double,local,local,16384,16384,3,1,1,1,5,1.250000001e-07,5.544854000e-03,4.530600000e-05,5.590285000e-03,5.377014977e-03,5.331583977e-03,2.132700233e-04,299.536591,302.088975,302.088975,1.188160032e-04,8.428800106e-05,1.016601899e-05,row,0,-1.000000000e+00,-1.000000
cuda_warp_tiled(tile8),double,local,local,16384,16384,3,1,1,1,6,1.160000000e-07,5.548992000e-03,4.457200000e-05,5.593680000e-03,5.374799980e-03,5.330111980e-03,2.188800196e-04,299.660032,302.172401,302.172401,1.212159991e-04,8.819200099e-05,9.472019450e-06,row,0,-1.000000000e+00,-1.000000
cuda_warp_tiled(tile8),double,local,local,16384,16384,3,1,1,1,7,1.170000001e-07,5.562540000e-03,4.481500000e-05,5.607472000e-03,5.389443986e-03,5.344511986e-03,2.180280142e-04,298.845807,301.358242,301.358242,1.177600026e-04,9.094399959e-05,9.324012020e-06,row,0,-1.000000000e+00,-1.000000
cuda_warp_tiled(tile8),double,local,local,16384,16384,3,1,1,1,8,1.169999999e-07,5.576151000e-03,4.412900000e-05,5.620397000e-03,5.391221803e-03,5.346975803e-03,2.291751966e-04,298.747259,301.219380,301.219380,1.304000020e-04,8.998399973e-05,8.791194893e-06,row,0,-1.000000000e+00,-1.000000
cuda_warp_tiled(tile8),double,local,local,16384,16384,3,1,1,1,9,1.160000000e-07,5.551443000e-03,4.387200000e-05,5.595431000e-03,5.378452073e-03,5.334464073e-03,2.169789268e-04,299.456556,301.925876,301.925876,1.196160018e-04,8.876799792e-05,8.594927054e-06,row,0,-1.000000000e+00,-1.000000
cuda_warp_tiled(tile8),double,local,local,16384,16384,3,1,1,1,10,1.119999999e-07,5.560791000e-03,4.426400000e-05,5.605167000e-03,5.388951882e-03,5.344575882e-03,2.162151180e-04,298.873097,301.354639,301.354639,1.196480021e-04,8.675199747e-05,9.815118483e-06,row,0,-1.000000000e+00,-1.000000
cuda_warp_tiled(tile8),double,local,local,16384,16384,3,1,1,1,11,1.140000001e-07,5.551064000e-03,4.462100000e-05,5.595799000e-03,5.379487083e-03,5.334752083e-03,2.163119172e-04,299.398941,301.909575,301.909575,1.208959967e-04,8.691199869e-05,8.503921796e-06,row,0,-1.000000000e+00,-1.000000
cuda_warp_tiled(tile8),double,local,local,16384,16384,3,1,1,1,12,1.160000000e-07,5.563886000e-03,4.438000000e-05,5.608382000e-03,5.395056188e-03,5.350560188e-03,2.133258117e-04,298.534933,301.017591,301.017591,1.183679998e-04,8.652800322e-05,8.429808699e-06,row,0,-1.000000000e+00,-1.000000
cuda_warp_tiled(tile8),double,local,local,16384,16384,3,1,1,1,13,1.139999999e-07,5.552610000e-03,4.354000000e-05,5.596264000e-03,5.368678128e-03,5.325024128e-03,2.275858720e-04,300.001732,302.461115,302.461115,1.177280024e-04,1.006079987e-04,9.249871001e-06,row,0,-1.000000000e+00,-1.000000
cuda_warp_tiled(tile8),double,local,local,16384,16384,3,1,1,1,14,2.939999999e-07,5.553819000e-03,4.571300000e-05,5.599826000e-03,5.375254952e-03,5.329247952e-03,2.245710485e-04,299.634669,302.221392,302.221392,1.200639978e-04,9.123200178e-05,1.327504891e-05,row,0,-1.000000000e+00,-1.000000
cuda_warp_tiled(tile8),double,local,local,16384,16384,3,1,1,1,15,1.210000000e-07,5.549196000e-03,4.450200000e-05,5.593819000e-03,5.380046946e-03,5.335423946e-03,2.137720536e-04,299.367785,301.871557,301.871557,1.200959980e-04,8.451200277e-05,9.164052805e-06,row,0,-1.000000000e+00,-1.000000
cuda_warp_tiled(tile8),double,local,local,16384,16384,3,1,1,1,16,1.100000002e-07,5.553974000e-03,4.462100000e-05,5.598705000e-03,5.381082871e-03,5.336351871e-03,2.176221285e-04,299.310153,301.819066,301.819066,1.223360002e-04,8.598399907e-05,9.302129232e-06,row,0,-1.000000000e+00,-1.000000
cuda_warp_tiled(tile8),double,local,local,16384,16384,3,1,1,1,17,1.349999998e-07,5.550008000e-03,4.561000000e-05,5.595753000e-03,5.384976968e-03,5.339231968e-03,2.107760321e-04,299.093709,301.656258,301.656258,1.173439994e-04,8.425600082e-05,9.176031812e-06,row,0,-1.000000000e+00,-1.000000
cuda_warp_tiled(tile8),double,local,local,16384,16384,3,1,1,1,18,1.400000000e-07,5.562322000e-03,4.515000000e-05,5.607612000e-03,5.390985972e-03,5.345695972e-03,2.166260276e-04,298.760328,301.291496,301.291496,1.175680012e-04,9.040000290e-05,8.658023509e-06,row,0,-1.000000000e+00,-1.000000
cuda_warp_tiled(tile8),double,local,local,16384,16384,3,1,1,1,19,1.100000000e-07,5.549224000e-03,4.439500000e-05,5.593729000e-03,5.377401233e-03,5.332896233e-03,2.163277674e-04,299.515075,302.014640,302.014640,1.180799976e-04,8.854400367e-05,9.703766130e-06,row,0,-1.000000000e+00,-1.000000
cuda_warp_tiled(tile8),double,local,local,16384,16384,3,1,1,1,20,1.119999999e-07,5.557340000e-03,4.438900000e-05,5.601841000e-03,5.390004807e-03,5.345503807e-03,2.118361929e-04,298.814712,301.302327,301.302327,1.173759997e-04,8.483199775e-05,9.628195491e-06,row,0,-1.000000000e+00,-1.000000
cuda_warp_tiled(tile8),double,local,local,16384,16384,6,1,1,1,1,1.549999999e-07,9.601741000e-03,8.952300000e-05,9.691419000e-03,9.266541670e-03,9.176863670e-03,4.248773297e-04,347.618949,351.015945,351.015945,2.311680019e-04,1.840959936e-04,9.613334123e-06,row,0,-1.000000000e+00,-1.000000
cuda_warp_tiled(tile8),double,local,local,16384,16384,6,1,1,1,2,1.990000000e-07,9.606964000e-03,8.803400000e-05,9.695197000e-03,9.267657286e-03,9.179424286e-03,4.275397141e-04,347.577103,350.918028,350.918028,2.361599952e-04,1.814399958e-04,9.939723147e-06,row,0,-1.000000000e+00,-1.000000
cuda_warp_tiled(tile8),double,local,local,16384,16384,6,1,1,1,3,1.820000000e-07,9.597981000e-03,8.938500000e-05,9.687548000e-03,9.267679030e-03,9.178112030e-03,4.198689700e-04,347.576288,350.968201,350.968201,2.308479995e-04,1.792960018e-04,9.724968725e-06,row,0,-1.000000000e+00,-1.000000
cuda_warp_tiled(tile8),double,local,local,16384,16384,6,1,1,1,4,2.010000000e-07,9.599565000e-03,8.897400000e-05,9.688740000e-03,9.272119298e-03,9.182944298e-03,4.166207022e-04,347.409839,350.783514,350.783514,2.310079932e-04,1.759040058e-04,9.708703222e-06,row,0,-1.000000000e+00,-1.000000
cuda_warp_tiled(tile8),double,local,local,16384,16384,6,1,1,1,5,5.409999999e-07,9.604702000e-03,8.853900000e-05,9.693782000e-03,9.269880438e-03,9.180800438e-03,4.239015621e-04,347.493745,350.865428,350.865428,2.363519967e-04,1.786880046e-04,8.861560800e-06,row,0,-1.000000000e+00,-1.000000
cuda_warp_tiled(tile8),double,local,local,16384,16384,6,1,1,1,6,1.639999998e-07,9.596754000e-03,8.848500000e-05,9.685403000e-03,9.266697134e-03,9.178048134e-03,4.187058661e-04,347.613117,350.970645,350.970645,2.309119999e-04,1.779839993e-04,9.809866957e-06,row,0,-1.000000000e+00,-1.000000
cuda_warp_tiled(tile8),double,local,local,16384,16384,6,1,1,1,7,2.100000001e-07,9.559034000e-03,9.427000000e-05,9.653514000e-03,9.229679547e-03,9.135199547e-03,4.238344532e-04,349.007293,352.616870,352.616870,2.317440063e-04,1.832959950e-04,8.794451913e-06,row,0,-1.000000000e+00,-1.000000
cuda_warp_tiled(tile8),double,local,local,16384,16384,6,1,1,1,8,6.200000002e-07,9.536999000e-03,8.817400000e-05,9.625793000e-03,9.201593644e-03,9.112799644e-03,4.241993555e-04,350.072563,353.483627,353.483627,2.315199971e-04,1.824640036e-04,1.021535485e-05,row,0,-1.000000000e+00,-1.000000
cuda_warp_tiled(tile8),double,local,local,16384,16384,6,1,1,1,9,2.260000000e-07,9.537706000e-03,8.865700000e-05,9.626589000e-03,9.210483151e-03,9.121600151e-03,4.161058489e-04,349.734690,353.142587,353.142587,2.309439927e-04,1.752000004e-04,9.961855799e-06,row,0,-1.000000000e+00,-1.000000
cuda_warp_tiled(tile8),double,local,local,16384,16384,6,1,1,1,10,4.160000002e-07,9.534217000e-03,8.908500000e-05,9.623718000e-03,9.206492997e-03,9.116991997e-03,4.172250032e-04,349.886268,353.321081,353.321081,2.301120013e-04,1.769279987e-04,1.018500327e-05,row,0,-1.000000000e+00,-1.000000
cuda_warp_tiled(tile8),double,local,local,16384,16384,6,1,1,1,11,1.680000001e-07,9.529756000e-03,8.919400000e-05,9.619118000e-03,9.202354287e-03,9.112992287e-03,4.167637133e-04,350.043627,353.476155,353.476155,2.330559939e-04,1.748159975e-04,8.891721922e-06,row,0,-1.000000000e+00,-1.000000
cuda_warp_tiled(tile8),double,local,local,16384,16384,6,1,1,1,12,1.879999998e-07,9.538490000e-03,8.793600000e-05,9.626614000e-03,9.205564224e-03,9.117440224e-03,4.210497763e-04,349.921568,353.303712,353.303712,2.292480022e-04,1.821759939e-04,9.625780215e-06,row,0,-1.000000000e+00,-1.000000
cuda_warp_tiled(tile8),double,local,local,16384,16384,6,1,1,1,13,1.919999999e-07,9.527106000e-03,8.823500000e-05,9.615533000e-03,9.206410818e-03,9.117983818e-03,4.091221819e-04,349.889391,353.282648,353.282648,2.293120027e-04,1.694719940e-04,1.033818524e-05,row,0,-1.000000000e+00,-1.000000
cuda_warp_tiled(tile8),double,local,local,16384,16384,6,1,1,1,14,1.809999999e-07,9.529081000e-03,8.795500000e-05,9.617217000e-03,9.207880301e-03,9.119744301e-03,4.093366992e-04,349.833552,353.214451,353.214451,2.307199985e-04,1.687040031e-04,9.912697583e-06,row,0,-1.000000000e+00,-1.000000
cuda_warp_tiled(tile8),double,local,local,16384,16384,6,1,1,1,15,2.010000000e-07,9.530472000e-03,8.900300000e-05,9.619676000e-03,9.208148168e-03,9.118944168e-03,4.115278319e-04,349.823375,353.245443,353.245443,2.293760031e-04,1.724800020e-04,9.671826717e-06,row,0,-1.000000000e+00,-1.000000
cuda_warp_tiled(tile8),double,local,local,16384,16384,6,1,1,1,16,1.829999998e-07,9.528581000e-03,8.995200000e-05,9.618716000e-03,9.209879301e-03,9.119744301e-03,4.088366992e-04,349.757621,353.214451,353.214451,2.319680005e-04,1.675200015e-04,9.348697096e-06,row,0,-1.000000000e+00,-1.000000
cuda_warp_tiled(tile8),double,local,local,16384,16384,6,1,1,1,17,1.820000000e-07,9.530201000e-03,8.831300000e-05,9.618696000e-03,9.206447347e-03,9.117952347e-03,4.122486532e-04,349.888002,353.283868,353.283868,2.302719951e-04,1.721599996e-04,9.816658522e-06,row,0,-1.000000000e+00,-1.000000
cuda_warp_tiled(tile8),double,local,local,16384,16384,6,1,1,1,18,1.920000001e-07,9.530361000e-03,8.971500000e-05,9.620268000e-03,9.209715197e-03,9.119808197e-03,4.105528030e-04,349.763853,353.211976,353.211976,2.339199930e-04,1.671359986e-04,9.496811329e-06,row,0,-1.000000000e+00,-1.000000
cuda_warp_tiled(tile8),double,local,local,16384,16384,6,1,1,1,19,1.670000001e-07,1.135983800e-02,9.184600000e-05,1.145185100e-02,9.210988639e-03,9.118975639e-03,2.240862361e-03,349.715497,353.244224,353.244224,2.357120067e-04,1.995872021e-03,9.278333247e-06,row,0,-1.000000000e+00,-1.000000
cuda_warp_tiled(tile8),double,local,local,16384,16384,6,1,1,1,20,2.170000000e-07,9.537332000e-03,8.950100000e-05,9.627050000e-03,9.202293531e-03,9.112575531e-03,4.247564690e-04,350.045938,353.492321,353.492321,2.322240025e-04,1.820479929e-04,1.048447357e-05,row,0,-1.000000000e+00,-1.000000
cuda_warp_tiled(tile8),double,local,local,16384,16384,8,1,1,1,1,3.259999999e-07,2.429966600e-02,1.197910000e-04,2.441978300e-02,2.384971791e-02,2.372960091e-02,5.700650936e-04,180.084616,180.996188,180.996188,3.136959970e-04,2.450560033e-04,1.131309330e-05,row,0,-1.000000000e+00,-1.000000
cuda_warp_tiled(tile8),double,local,local,16384,16384,8,1,1,1,2,2.140000002e-07,2.428343300e-02,1.187680000e-04,2.440241500e-02,2.384042136e-02,2.372143936e-02,5.619936384e-04,180.154840,181.058461,181.058461,3.079360127e-04,2.433920056e-04,1.066562012e-05,row,0,-1.000000000e+00,-1.000000
cuda_warp_tiled(tile8),double,local,local,16384,16384,8,1,1,1,3,1.950000001e-07,2.428546300e-02,1.191330000e-04,2.440479100e-02,2.384668777e-02,2.372735977e-02,5.581032283e-04,180.107499,181.013283,181.013283,3.089599907e-04,2.387840003e-04,1.035923725e-05,row,0,-1.000000000e+00,-1.000000
cuda_warp_tiled(tile8),double,local,local,16384,16384,8,1,1,1,4,1.840000001e-07,2.667703500e-02,1.336970000e-04,2.681091600e-02,2.386156121e-02,2.372768021e-02,2.949354794e-03,179.995234,181.010839,181.010839,3.072000146e-04,2.630752087e-03,1.140269247e-05,row,0,-1.000000000e+00,-1.000000
cuda_warp_tiled(tile8),double,local,local,16384,16384,8,1,1,1,5,2.330000000e-07,2.429957500e-02,1.208900000e-04,2.442069800e-02,2.384989040e-02,2.372876740e-02,5.708076050e-04,180.083314,181.002545,181.002545,3.086720109e-04,2.503679991e-04,1.176759500e-05,row,0,-1.000000000e+00,-1.000000
cuda_warp_tiled(tile8),double,local,local,16384,16384,8,1,1,1,6,1.450000000e-07,2.427271700e-02,1.212130000e-04,2.439407500e-02,2.384343823e-02,2.372208023e-02,5.506367693e-04,180.132045,181.053569,181.053569,3.076800108e-04,2.328640074e-04,1.009275114e-05,row,0,-1.000000000e+00,-1.000000
cuda_warp_tiled(tile8),double,local,local,16384,16384,8,1,1,1,7,1.370000000e-07,2.427731400e-02,1.190490000e-04,2.439650000e-02,2.384206541e-02,2.372287941e-02,5.544345902e-04,180.142417,181.047470,181.047470,3.086400032e-04,2.342720032e-04,1.152258383e-05,row,0,-1.000000000e+00,-1.000000
cuda_warp_tiled(tile8),double,local,local,16384,16384,8,1,1,1,8,1.400000000e-07,2.427464500e-02,1.185630000e-04,2.439334800e-02,2.384545433e-02,2.372675133e-02,5.478936725e-04,180.116815,181.017925,181.017925,3.066239953e-04,2.306559980e-04,1.061367919e-05,row,0,-1.000000000e+00,-1.000000
cuda_warp_tiled(tile8),double,local,local,16384,16384,8,1,1,1,9,1.640000000e-07,2.427015900e-02,1.234850000e-04,2.439380800e-02,2.384707391e-02,2.372342491e-02,5.467340885e-04,180.104583,181.043307,181.043307,3.031040132e-04,2.325759977e-04,1.105407759e-05,row,0,-1.000000000e+00,-1.000000
cuda_warp_tiled(tile8),double,local,local,16384,16384,8,1,1,1,10,1.679999999e-07,2.427865000e-02,1.187020000e-04,2.439752000e-02,2.384741424e-02,2.372854424e-02,5.501057648e-04,180.102012,181.004248,181.004248,3.175039887e-04,2.215680033e-04,1.103377273e-05,row,0,-1.000000000e+00,-1.000000
cuda_warp_tiled(tile8),double,local,local,16384,16384,8,1,1,1,11,1.410000001e-07,2.426492700e-02,1.178600000e-04,2.438292800e-02,2.384372808e-02,2.372572708e-02,5.391999187e-04,180.129856,181.025740,181.025740,3.022080064e-04,2.260159999e-04,1.097591241e-05,row,0,-1.000000000e+00,-1.000000
cuda_warp_tiled(tile8),double,local,local,16384,16384,8,1,1,1,12,3.650000000e-07,2.427497500e-02,1.201860000e-04,2.439552600e-02,2.384570206e-02,2.372515106e-02,5.498239380e-04,180.114944,181.030135,181.030135,3.148159981e-04,2.239360064e-04,1.107193348e-05,row,0,-1.000000000e+00,-1.000000
cuda_warp_tiled(tile8),double,local,local,16384,16384,8,1,1,1,13,3.099999999e-07,2.426494400e-02,1.191590000e-04,2.438441300e-02,2.384161217e-02,2.372214317e-02,5.428008268e-04,180.145842,181.053089,181.053089,3.083519936e-04,2.240960002e-04,1.035283303e-05,row,0,-1.000000000e+00,-1.000000
cuda_warp_tiled(tile8),double,local,local,16384,16384,8,1,1,1,14,1.760000001e-07,2.425924800e-02,1.188800000e-04,2.437830400e-02,2.384004713e-02,2.372099113e-02,5.382568654e-04,180.157668,181.061882,181.061882,3.072000146e-04,2.199999988e-04,1.105685196e-05,row,0,-1.000000000e+00,-1.000000
cuda_warp_tiled(tile8),double,local,local,16384,16384,8,1,1,1,15,2.059999999e-07,2.426901500e-02,1.186140000e-04,2.438783500e-02,2.384435635e-02,2.372553635e-02,5.434786536e-04,180.125109,181.027195,181.027195,3.099519908e-04,2.229759991e-04,1.055066360e-05,row,0,-1.000000000e+00,-1.000000
cuda_warp_tiled(tile8),double,local,local,16384,16384,8,1,1,1,16,2.289999999e-07,2.426308300e-02,1.192850000e-04,2.438259700e-02,2.384399368e-02,2.372447968e-02,5.386033247e-04,180.127849,181.035258,181.035258,3.095040023e-04,2.179840058e-04,1.111531657e-05,row,0,-1.000000000e+00,-1.000000
cuda_warp_tiled(tile8),double,local,local,16384,16384,8,1,1,1,17,2.600000000e-07,2.426400500e-02,1.185650000e-04,2.438283000e-02,2.384212021e-02,2.372329521e-02,5.407097882e-04,180.142003,181.044297,181.044297,3.068479896e-04,2.240319997e-04,9.829798942e-06,row,0,-1.000000000e+00,-1.000000
cuda_warp_tiled(tile8),double,local,local,16384,16384,8,1,1,1,18,2.509999999e-07,2.426469000e-02,1.232560000e-04,2.438819700e-02,2.384561966e-02,2.372211266e-02,5.425773444e-04,180.115567,181.053322,181.053322,3.071039915e-04,2.245440036e-04,1.092934925e-05,row,0,-1.000000000e+00,-1.000000
cuda_warp_tiled(tile8),double,local,local,16384,16384,8,1,1,1,19,2.310000000e-07,2.428363500e-02,1.190930000e-04,2.440295900e-02,2.384857205e-02,2.372924805e-02,5.543869531e-04,180.093269,180.998879,180.998879,3.075520098e-04,2.365760058e-04,1.025893749e-05,row,0,-1.000000000e+00,-1.000000
cuda_warp_tiled(tile8),double,local,local,16384,16384,8,1,1,1,20,2.509999999e-07,2.427641000e-02,1.191970000e-04,2.439585800e-02,2.384651976e-02,2.372707176e-02,5.493382379e-04,180.108768,181.015481,181.015481,3.092159927e-04,2.296639979e-04,1.045824734e-05,row,0,-1.000000000e+00,-1.000000
cuda_warp_tiled(tile8),double,local,local,16384,16384,20,1,1,1,1,2.659999998e-07,6.616439300e-02,3.149690000e-04,6.647962800e-02,6.538384615e-02,6.506861115e-02,1.095781855e-03,164.221270,165.016865,165.016865,5.922560096e-04,4.936319888e-04,9.893856638e-06,row,0,-1.000000000e+00,-1.000000
cuda_warp_tiled(tile8),double,local,local,16384,16384,20,1,1,1,2,1.640000000e-07,6.598097400e-02,3.212200000e-04,6.630235800e-02,6.522192721e-02,6.490054321e-02,1.080430787e-03,164.628963,165.444197,165.444197,5.988479853e-04,4.704959989e-04,1.108680298e-05,row,0,-1.000000000e+00,-1.000000
cuda_warp_tiled(tile8),double,local,local,16384,16384,20,1,1,1,3,1.500000002e-07,6.695175800e-02,3.292110000e-04,6.728111900e-02,6.495211033e-02,6.462274933e-02,2.329008671e-03,165.312846,166.155392,166.155392,5.942720175e-04,1.722720027e-03,1.201662694e-05,row,0,-1.000000000e+00,-1.000000
cuda_warp_tiled(tile8),double,local,local,16384,16384,20,1,1,1,4,1.850000000e-07,6.562318800e-02,3.163430000e-04,6.593971600e-02,6.484085051e-02,6.452432251e-02,1.098865490e-03,165.596505,166.408849,166.408849,5.978559852e-04,4.902400076e-04,1.076949743e-05,row,0,-1.000000000e+00,-1.000000
cuda_warp_tiled(tile8),double,local,local,16384,16384,20,1,1,1,5,1.650000003e-07,6.564885300e-02,3.116990000e-04,6.596071700e-02,6.488969145e-02,6.457782745e-02,1.071025546e-03,165.471865,166.270974,166.270974,5.902720094e-04,4.711039960e-04,9.649540975e-06,row,0,-1.000000000e+00,-1.000000
cuda_warp_tiled(tile8),double,local,local,16384,16384,20,1,1,1,6,7.700000015e-08,6.556905200e-02,3.111320000e-04,6.588026100e-02,6.481271199e-02,6.450150299e-02,1.067549009e-03,165.668399,166.467722,166.467722,5.878400207e-04,4.688639939e-04,1.084499474e-05,row,0,-1.000000000e+00,-1.000000
cuda_warp_tiled(tile8),double,local,local,16384,16384,20,1,1,1,7,1.439999999e-07,6.609157800e-02,2.340280000e-03,6.843200200e-02,6.684698528e-02,6.450656128e-02,1.585016721e-03,160.626814,166.454668,166.454668,5.978559852e-04,9.746879935e-04,1.247274201e-05,row,0,-1.000000000e+00,-1.000000
cuda_warp_tiled(tile8),double,local,local,16384,16384,20,1,1,1,8,1.099999998e-07,6.624549800e-02,3.152090000e-04,6.656081700e-02,6.488085550e-02,6.456553650e-02,1.679961501e-03,165.494400,166.302626,166.302626,1.200736046e-03,4.650880098e-04,1.413744531e-05,row,0,-1.000000000e+00,-1.000000
cuda_warp_tiled(tile8),double,local,local,16384,16384,20,1,1,1,9,8.899999981e-08,6.548915100e-02,3.187310000e-04,6.580797100e-02,6.472093487e-02,6.440211487e-02,1.087036132e-03,165.903324,166.724622,166.724622,5.951359868e-04,4.800640047e-04,1.183614037e-05,row,0,-1.000000000e+00,-1.000000
cuda_warp_tiled(tile8),double,local,local,16384,16384,20,1,1,1,10,8.970000001e-07,6.617538600e-02,3.110810000e-04,6.648736400e-02,6.538801255e-02,6.507603455e-02,1.099351454e-03,164.210806,164.998041,164.998041,6.072000265e-04,4.813440144e-04,1.080741318e-05,row,0,-1.000000000e+00,-1.000000
cuda_warp_tiled(tile8),double,local,local,16384,16384,20,1,1,1,11,7.700000015e-08,6.615404600e-02,3.182440000e-04,6.647236700e-02,6.540241982e-02,6.508409882e-02,1.069947184e-03,164.174633,164.977597,164.977597,6.044160128e-04,4.543679953e-04,1.116317606e-05,row,0,-1.000000000e+00,-1.000000
cuda_warp_tiled(tile8),double,local,local,16384,16384,20,1,1,1,12,1.269999998e-07,6.573546400e-02,3.157680000e-04,6.605135900e-02,6.497835533e-02,6.466246033e-02,1.073003673e-03,165.246076,166.053351,166.053351,6.001600027e-04,4.623039961e-04,1.053967406e-05,row,0,-1.000000000e+00,-1.000000
cuda_warp_tiled(tile8),double,local,local,16384,16384,20,1,1,1,13,8.499999993e-08,6.577178000e-02,3.263950000e-04,6.609826000e-02,6.500900563e-02,6.468252563e-02,1.089254365e-03,165.168166,166.001840,166.001840,5.935040116e-04,4.839040041e-04,1.184634951e-05,row,0,-1.000000000e+00,-1.000000
cuda_warp_tiled(tile8),double,local,local,16384,16384,20,1,1,1,14,8.220000001e-07,6.557597300e-02,3.281010000e-04,6.590489600e-02,6.482322384e-02,6.449430084e-02,1.081672158e-03,165.641534,166.486311,166.486311,6.146240234e-04,4.560000002e-04,1.104813404e-05,row,0,-1.000000000e+00,-1.000000
cuda_warp_tiled(tile8),double,local,local,16384,16384,20,1,1,1,15,7.899999988e-08,6.565144000e-02,3.169110000e-04,6.596843000e-02,6.490377436e-02,6.458678436e-02,1.064655637e-03,165.435960,166.247915,166.247915,5.943999887e-04,4.584000111e-04,1.185563749e-05,row,0,-1.000000000e+00,-1.000000
cuda_warp_tiled(tile8),double,local,local,16384,16384,20,1,1,1,16,1.299999997e-07,6.553468700e-02,3.092490000e-04,6.584406600e-02,6.478307285e-02,6.447369385e-02,1.060993152e-03,165.744195,166.539523,166.539523,5.942720175e-04,4.553920031e-04,1.132913181e-05,row,0,-1.000000000e+00,-1.000000
cuda_warp_tiled(tile8),double,local,local,16384,16384,20,1,1,1,17,1.000000003e-07,6.573128800e-02,3.065090000e-04,6.603789700e-02,6.497364696e-02,6.466703796e-02,1.064250036e-03,165.258051,166.041597,166.041597,6.015359759e-04,4.523839951e-04,1.033006514e-05,row,0,-1.000000000e+00,-1.000000
cuda_warp_tiled(tile8),double,local,local,16384,16384,20,1,1,1,18,1.470000002e-07,6.579619200e-02,3.107040000e-04,6.610704300e-02,6.504141130e-02,6.473056030e-02,1.065631697e-03,165.085874,165.878654,165.878654,6.006079912e-04,4.546880126e-04,1.033569345e-05,row,0,-1.000000000e+00,-1.000000
cuda_warp_tiled(tile8),double,local,local,16384,16384,20,1,1,1,19,1.430000003e-07,6.563927700e-02,3.175320000e-04,6.595695200e-02,6.487060011e-02,6.455292511e-02,1.086351890e-03,165.520563,166.335115,166.335115,6.048319936e-04,4.690560102e-04,1.246388631e-05,row,0,-1.000000000e+00,-1.000000
cuda_warp_tiled(tile8),double,local,local,16384,16384,20,1,1,1,20,7.890000000e-07,6.583215000e-02,3.220060000e-04,6.615494500e-02,6.508465108e-02,6.476185608e-02,1.070293921e-03,164.976197,165.798495,165.798495,6.111360192e-04,4.487360120e-04,1.042188969e-05,row,0,-1.000000000e+00,-1.000000
cuda_warp_tiled(tile8),double,local,local,16384,16384,32,1,1,1,1,2.559999999e-07,1.918059970e-01,5.472590000e-04,1.923535120e-01,1.896651755e-01,1.891176605e-01,2.688336478e-03,90.579987,90.842226,90.842226,1.825279951e-03,8.514879942e-04,1.156853225e-05,row,0,-1.000000000e+00,-1.000000
cuda_warp_tiled(tile8),double,local,local,16384,16384,32,1,1,1,2,2.129999999e-07,1.917826080e-01,1.481490000e-03,1.932643110e-01,1.905951826e-01,1.891134796e-01,2.669128386e-03,90.138003,90.844234,90.844234,9.792640209e-04,1.678143978e-03,1.172038670e-05,row,0,-1.000000000e+00,-1.000000
cuda_warp_tiled(tile8),double,local,local,16384,16384,32,1,1,1,3,1.879999996e-07,1.918086960e-01,5.511700000e-04,1.923600540e-01,1.896724517e-01,1.891210937e-01,2.687602250e-03,90.576512,90.840576,90.840576,1.830656052e-03,8.443199992e-04,1.262619915e-05,row,0,-1.000000000e+00,-1.000000
cuda_warp_tiled(tile8),double,local,local,16384,16384,32,1,1,1,4,2.690000001e-07,1.918506590e-01,1.467003000e-03,1.933179310e-01,1.906649954e-01,1.891977234e-01,2.652935611e-03,90.104999,90.803784,90.803784,9.749439955e-04,1.666623950e-03,1.136766585e-05,row,0,-1.000000000e+00,-1.000000
cuda_warp_tiled(tile8),double,local,local,16384,16384,32,1,1,1,5,1.950000001e-07,1.918645110e-01,5.512750000e-04,1.924159810e-01,1.897483084e-01,1.891968384e-01,2.667672621e-03,90.540302,90.804209,90.804209,1.824288011e-03,8.310719728e-04,1.231263765e-05,row,0,-1.000000000e+00,-1.000000
cuda_warp_tiled(tile8),double,local,local,16384,16384,32,1,1,1,6,1.590000003e-07,1.909833500e-01,5.214060000e-04,1.915049150e-01,1.896998334e-01,1.891782684e-01,1.805081567e-03,90.563438,90.813122,90.813122,9.623039961e-04,8.313919902e-04,1.138558111e-05,row,0,-1.000000000e+00,-1.000000
cuda_warp_tiled(tile8),double,local,local,16384,16384,32,1,1,1,7,1.930000000e-07,1.909023910e-01,5.365960000e-04,1.914391800e-01,1.896397400e-01,1.891029510e-01,1.799439950e-03,90.592136,90.849292,90.849292,9.731839895e-04,8.152959943e-04,1.095996639e-05,row,0,-1.000000000e+00,-1.000000
cuda_warp_tiled(tile8),double,local,local,16384,16384,32,1,1,1,8,2.029999999e-07,1.917367790e-01,1.466526000e-03,1.932035080e-01,1.905762261e-01,1.891094971e-01,2.627281930e-03,90.146969,90.846147,90.846147,9.610880017e-04,1.655328035e-03,1.086589261e-05,row,0,-1.000000000e+00,-1.000000
cuda_warp_tiled(tile8),double,local,local,16384,16384,32,1,1,1,9,1.909999998e-07,1.917524150e-01,5.291520000e-04,1.922817580e-01,1.896333774e-01,1.891040344e-01,2.648380576e-03,90.595176,90.848771,90.848771,1.830144048e-03,8.059840202e-04,1.225250820e-05,row,0,-1.000000000e+00,-1.000000
cuda_warp_tiled(tile8),double,local,local,16384,16384,32,1,1,1,10,1.689999998e-07,1.909147260e-01,5.345360000e-04,1.914494310e-01,1.896560124e-01,1.891213074e-01,1.793418627e-03,90.584364,90.840474,90.840474,9.613119960e-04,8.180800080e-04,1.402662294e-05,row,0,-1.000000000e+00,-1.000000
cuda_warp_tiled(tile8),double,local,local,16384,16384,32,1,1,1,11,1.739999993e-07,1.909164730e-01,5.248300000e-04,1.914414770e-01,1.896458994e-01,1.891208954e-01,1.795577614e-03,90.589194,90.840672,90.840672,9.715840220e-04,8.131520152e-04,1.084157700e-05,row,0,-1.000000000e+00,-1.000000
cuda_warp_tiled(tile8),double,local,local,16384,16384,32,1,1,1,12,1.830000000e-07,1.908997050e-01,5.213960000e-04,1.914212840e-01,1.896296112e-01,1.891080322e-01,1.791672773e-03,90.596975,90.846851,90.846851,9.753599763e-04,8.048959970e-04,1.141680010e-05,row,0,-1.000000000e+00,-1.000000
cuda_warp_tiled(tile8),double,local,local,16384,16384,32,1,1,1,13,1.860000003e-07,1.917322310e-01,1.456728000e-03,1.931891450e-01,1.905873766e-01,1.891304626e-01,2.601768354e-03,90.141695,90.836077,90.836077,9.572799802e-04,1.632287979e-03,1.220039421e-05,row,0,-1.000000000e+00,-1.000000
cuda_warp_tiled(tile8),double,local,local,16384,16384,32,1,1,1,14,1.899999997e-07,1.917423540e-01,5.282190000e-04,1.922707630e-01,1.896444673e-01,1.891160583e-01,2.626295650e-03,90.589878,90.842995,90.842995,1.811200023e-03,8.038399816e-04,1.125564614e-05,row,0,-1.000000000e+00,-1.000000
cuda_warp_tiled(tile8),double,local,local,16384,16384,32,1,1,1,15,1.750000003e-07,1.910007840e-01,5.392600000e-04,1.915402190e-01,1.897483278e-01,1.892088928e-01,1.791891178e-03,90.540293,90.798424,90.798424,9.619519711e-04,8.173440099e-04,1.259519680e-05,row,0,-1.000000000e+00,-1.000000
cuda_warp_tiled(tile8),double,local,local,16384,16384,32,1,1,1,16,1.730000001e-07,1.912355330e-01,5.267470000e-04,1.917624530e-01,1.899699895e-01,1.894430695e-01,1.792463542e-03,90.434648,90.686185,90.686185,9.673600197e-04,8.136640191e-04,1.143950320e-05,row,0,-1.000000000e+00,-1.000000
cuda_warp_tiled(tile8),double,local,local,16384,16384,32,1,1,1,17,1.290000000e-07,1.909502480e-01,5.222760000e-04,1.914726530e-01,1.896861165e-01,1.891637115e-01,1.786536452e-03,90.569987,90.820110,90.820110,9.751679897e-04,8.016639948e-04,9.704467629e-06,row,0,-1.000000000e+00,-1.000000
cuda_warp_tiled(tile8),double,local,local,16384,16384,32,1,1,1,18,2.250000000e-07,1.909042420e-01,5.315330000e-04,1.914360000e-01,1.896371352e-01,1.891053772e-01,1.798864803e-03,90.593381,90.848126,90.848126,9.735999703e-04,8.145599961e-04,1.070483627e-05,row,0,-1.000000000e+00,-1.000000
cuda_warp_tiled(tile8),double,local,local,16384,16384,32,1,1,1,19,1.750000003e-07,1.909207260e-01,5.327000000e-04,1.914536010e-01,1.896634597e-01,1.891305847e-01,1.790141283e-03,90.580807,90.836018,90.836018,9.735680223e-04,8.044480085e-04,1.212525241e-05,row,0,-1.000000000e+00,-1.000000
cuda_warp_tiled(tile8),double,local,local,16384,16384,32,1,1,1,20,2.009999998e-07,1.917436150e-01,1.452316000e-03,1.931961320e-01,1.905854821e-01,1.891329651e-01,2.610649912e-03,90.142591,90.834875,90.834875,9.615359902e-04,1.637632012e-03,1.148190950e-05,row,0,-1.000000000e+00,-1.000000
cuda_warp_tiled(tile16),double,local,local,16384,16384,3,1,1,1,1,1.090000001e-07,5.725845000e-03,4.443200000e-05,5.770386000e-03,5.552093147e-03,5.507552147e-03,2.182928531e-04,290.091087,292.437129,292.437129,1.208000034e-04,8.739200234e-05,1.010084733e-05,row,0,-1.000000000e+00,-1.000000
cuda_warp_tiled(tile16),double,local,local,16384,16384,3,1,1,1,2,1.150000000e-07,5.723472000e-03,4.467100000e-05,5.768258000e-03,5.551345849e-03,5.506559849e-03,2.169121512e-04,290.130138,292.489827,292.489827,1.199999973e-04,8.703999966e-05,9.872154233e-06,row,0,-1.000000000e+00,-1.000000
cuda_warp_tiled(tile16),double,local,local,16384,16384,3,1,1,1,3,1.169999999e-07,5.727514000e-03,4.754700000e-05,5.775178000e-03,5.555792166e-03,5.508128166e-03,2.193858338e-04,289.897946,292.406547,292.406547,1.190079972e-04,9.017600119e-05,1.020183540e-05,row,0,-1.000000000e+00,-1.000000
cuda_warp_tiled(tile16),double,local,local,16384,16384,3,1,1,1,4,1.090000001e-07,5.719930000e-03,4.435800000e-05,5.764397000e-03,5.544594792e-03,5.500127792e-03,2.198022076e-04,290.483398,292.831875,292.831875,1.203520000e-04,8.979199827e-05,9.658209376e-06,row,0,-1.000000000e+00,-1.000000
cuda_warp_tiled(tile16),double,local,local,16384,16384,3,1,1,1,5,1.150000000e-07,5.715342000e-03,4.474600000e-05,5.760203000e-03,5.546621006e-03,5.501760006e-03,2.135819940e-04,290.377283,292.745001,292.745001,1.193279997e-04,8.425600082e-05,9.997993581e-06,row,0,-1.000000000e+00,-1.000000
cuda_warp_tiled(tile16),double,local,local,16384,16384,3,1,1,1,6,1.130000000e-07,6.409811000e-03,4.864600000e-05,6.458570000e-03,5.548759000e-03,5.500000000e-03,9.098110000e-04,290.265397,292.838679,292.838679,1.192639992e-04,7.803519964e-04,1.019500441e-05,row,0,-1.000000000e+00,-1.000000
cuda_warp_tiled(tile16),double,local,local,16384,16384,3,1,1,1,7,1.580000000e-07,5.718472000e-03,4.418700000e-05,5.762817000e-03,5.544760802e-03,5.500415802e-03,2.180561980e-04,290.474701,292.816542,292.816542,1.208320037e-04,8.646400273e-05,1.076019162e-05,row,0,-1.000000000e+00,-1.000000
cuda_warp_tiled(tile16),double,local,local,16384,16384,3,1,1,1,8,1.139999999e-07,5.727620000e-03,4.511700000e-05,5.772851000e-03,5.552751199e-03,5.507520199e-03,2.200998012e-04,290.056709,292.438825,292.438825,1.199679971e-04,9.161599725e-05,8.515806849e-06,row,0,-1.000000000e+00,-1.000000
cuda_warp_tiled(tile16),double,local,local,16384,16384,3,1,1,1,9,1.159999998e-07,5.718250000e-03,4.481100000e-05,5.763177000e-03,5.545727133e-03,5.500800133e-03,2.174498672e-04,290.424086,292.796084,292.796084,1.206080019e-04,8.745600283e-05,9.385862470e-06,row,0,-1.000000000e+00,-1.000000
cuda_warp_tiled(tile16),double,local,local,16384,16384,3,1,1,1,10,1.180000000e-07,5.722414000e-03,4.510300000e-05,5.767635000e-03,5.546949058e-03,5.501728058e-03,2.206859421e-04,290.360110,292.746701,292.746701,1.188800037e-04,9.318400174e-05,8.621936704e-06,row,0,-1.000000000e+00,-1.000000
cuda_warp_tiled(tile16),double,local,local,16384,16384,3,1,1,1,11,1.240000000e-07,5.720811000e-03,4.480300000e-05,5.765738000e-03,5.547390818e-03,5.502463818e-03,2.183471824e-04,290.336987,292.707556,292.707556,1.192959994e-04,8.931200206e-05,9.739180933e-06,row,0,-1.000000000e+00,-1.000000
cuda_warp_tiled(tile16),double,local,local,16384,16384,3,1,1,1,12,1.470000002e-07,5.717985000e-03,4.400900000e-05,5.762141000e-03,5.550556108e-03,5.506400108e-03,2.115848917e-04,290.171418,292.498312,292.498312,1.186240017e-04,8.323200047e-05,9.728889451e-06,row,0,-1.000000000e+00,-1.000000
cuda_warp_tiled(tile16),double,local,local,16384,16384,3,1,1,1,13,1.160000003e-07,5.724160000e-03,4.434000000e-05,5.768616000e-03,5.551976199e-03,5.507520199e-03,2.166398012e-04,290.097198,292.438825,292.438825,1.182079986e-04,8.876799792e-05,9.663804683e-06,row,0,-1.000000000e+00,-1.000000
cuda_warp_tiled(tile16),double,local,local,16384,16384,3,1,1,1,14,1.050000000e-07,5.722074000e-03,4.396300000e-05,5.766142000e-03,5.546723983e-03,5.502655983e-03,2.194180170e-04,290.371892,292.697334,292.697334,1.194240004e-04,8.985599875e-05,1.013801789e-05,row,0,-1.000000000e+00,-1.000000
cuda_warp_tiled(tile16),double,local,local,16384,16384,3,1,1,1,15,1.130000000e-07,5.720953000e-03,4.448000000e-05,5.765546000e-03,5.547664785e-03,5.503071785e-03,2.178812150e-04,290.322649,292.675218,292.675218,1.196160018e-04,8.876799792e-05,9.497215262e-06,row,0,-1.000000000e+00,-1.000000
cuda_warp_tiled(tile16),double,local,local,16384,16384,3,1,1,1,16,1.230000000e-07,5.716637000e-03,4.370800000e-05,5.760468000e-03,5.546262870e-03,5.502431870e-03,2.142051305e-04,290.396033,292.709256,292.709256,1.186560020e-04,8.633600175e-05,9.213126754e-06,row,0,-1.000000000e+00,-1.000000
cuda_warp_tiled(tile16),double,local,local,16384,16384,3,1,1,1,17,1.139999999e-07,5.721056000e-03,4.397500000e-05,5.765145000e-03,5.553240936e-03,5.509151936e-03,2.119040644e-04,290.031129,292.352209,292.352209,1.192319989e-04,8.268799633e-05,9.984069174e-06,row,0,-1.000000000e+00,-1.000000
cuda_warp_tiled(tile16),double,local,local,16384,16384,3,1,1,1,18,1.190000001e-07,5.724253000e-03,4.373200000e-05,5.768104000e-03,5.550346953e-03,5.506495953e-03,2.177570474e-04,290.182353,292.493221,292.493221,1.184320003e-04,9.030400217e-05,9.021044948e-06,row,0,-1.000000000e+00,-1.000000
cuda_warp_tiled(tile16),double,local,local,16384,16384,3,1,1,1,19,1.470000002e-07,5.725716000e-03,4.413700000e-05,5.770000000e-03,5.550875797e-03,5.506591797e-03,2.191242031e-04,290.154706,292.488130,292.488130,1.194880009e-04,9.113600105e-05,8.500201204e-06,row,0,-1.000000000e+00,-1.000000
cuda_warp_tiled(tile16),double,local,local,16384,16384,3,1,1,1,20,1.310000002e-07,5.671657000e-03,4.404700000e-05,5.715835000e-03,5.497298232e-03,5.453120232e-03,2.185367684e-04,292.982601,295.356175,295.356175,1.229759976e-04,8.528000116e-05,1.028076958e-05,row,0,-1.000000000e+00,-1.000000
cuda_warp_tiled(tile16),double,local,local,16384,16384,6,1,1,1,1,1.800000000e-07,9.650533000e-03,8.817500000e-05,9.738888000e-03,9.321059163e-03,9.232704163e-03,4.178288374e-04,345.585777,348.892959,348.892959,2.319999933e-04,1.754879951e-04,1.034084893e-05,row,0,-1.000000000e+00,-1.000000
cuda_warp_tiled(tile16),double,local,local,16384,16384,6,1,1,1,2,1.749999998e-07,9.651139000e-03,8.875400000e-05,9.740068000e-03,9.324704948e-03,9.235775948e-03,4.153630524e-04,345.450659,348.776918,348.776918,2.315839976e-04,1.749120057e-04,8.867049159e-06,row,0,-1.000000000e+00,-1.000000
cuda_warp_tiled(tile16),double,local,local,16384,16384,6,1,1,1,3,1.569999999e-07,9.616872000e-03,8.902700000e-05,9.706056000e-03,9.290559961e-03,9.201375961e-03,4.154960387e-04,346.720271,350.080845,350.080845,2.295999974e-04,1.757120043e-04,1.018403699e-05,row,0,-1.000000000e+00,-1.000000
cuda_warp_tiled(tile16),double,local,local,16384,16384,6,1,1,1,4,1.700000003e-07,9.594418000e-03,8.830100000e-05,9.682889000e-03,9.271958892e-03,9.183487892e-03,4.109301078e-04,347.415849,350.762750,350.762750,2.293760031e-04,1.725119948e-04,9.042109864e-06,row,0,-1.000000000e+00,-1.000000
cuda_warp_tiled(tile16),double,local,local,16384,16384,6,1,1,1,5,1.240000000e-07,9.593449000e-03,8.895300000e-05,9.682526000e-03,9.269748692e-03,9.180671692e-03,4.127773081e-04,347.498684,350.870348,350.870348,2.327679992e-04,1.701119989e-04,9.897310017e-06,row,0,-1.000000000e+00,-1.000000
cuda_warp_tiled(tile16),double,local,local,16384,16384,6,1,1,1,6,1.420000002e-07,9.597081000e-03,8.835300000e-05,9.685576000e-03,9.272879346e-03,9.184384346e-03,4.126966540e-04,347.381364,350.728514,350.728514,2.303680032e-04,1.729280055e-04,9.400645286e-06,row,0,-1.000000000e+00,-1.000000
cuda_warp_tiled(tile16),double,local,local,16384,16384,6,1,1,1,7,1.369999998e-07,9.591290000e-03,9.046500000e-05,9.681892000e-03,9.267337878e-03,9.176735878e-03,4.145541220e-04,347.589083,351.020833,351.020833,2.299199998e-04,1.740799993e-04,1.055412284e-05,row,0,-1.000000000e+00,-1.000000
cuda_warp_tiled(tile16),double,local,local,16384,16384,6,1,1,1,8,1.759999999e-07,9.606738000e-03,8.754600000e-05,9.694460000e-03,9.270121750e-03,9.182399750e-03,4.243382502e-04,347.484700,350.804317,350.804317,2.368959934e-04,1.775040030e-04,9.938253844e-06,row,0,-1.000000000e+00,-1.000000
cuda_warp_tiled(tile16),double,local,local,16384,16384,6,1,1,1,9,1.720000000e-07,9.599672000e-03,8.863300000e-05,9.688477000e-03,9.270692627e-03,9.181887627e-03,4.177843734e-04,347.463302,350.823883,350.823883,2.295359969e-04,1.780479997e-04,1.020037670e-05,row,0,-1.000000000e+00,-1.000000
cuda_warp_tiled(tile16),double,local,local,16384,16384,6,1,1,1,10,1.270000001e-07,9.599735000e-03,9.512000000e-05,9.694982000e-03,9.282318800e-03,9.187071800e-03,4.126631998e-04,347.028102,350.625917,350.625917,2.307839990e-04,1.731840074e-04,8.695193396e-06,row,0,-1.000000000e+00,-1.000000
cuda_warp_tiled(tile16),double,local,local,16384,16384,6,1,1,1,11,1.519999997e-07,9.590758000e-03,8.985000000e-05,9.680760000e-03,9.266994416e-03,9.176992416e-03,4.137655836e-04,347.601965,351.011020,351.011020,2.361280024e-04,1.686079949e-04,9.029586299e-06,row,0,-1.000000000e+00,-1.000000
cuda_warp_tiled(tile16),double,local,local,16384,16384,6,1,1,1,12,1.110000001e-07,9.594310000e-03,8.836500000e-05,9.682786000e-03,9.273500261e-03,9.185024261e-03,4.092857385e-04,347.358104,350.704079,350.704079,2.328640074e-04,1.667519957e-04,9.669735489e-06,row,0,-1.000000000e+00,-1.000000
cuda_warp_tiled(tile16),double,local,local,16384,16384,6,1,1,1,13,1.560000000e-07,9.589743000e-03,9.400200000e-05,9.683901000e-03,9.273037738e-03,9.178879738e-03,4.108632621e-04,347.375430,350.938847,350.938847,2.305279970e-04,1.701119989e-04,1.022326621e-05,row,0,-1.000000000e+00,-1.000000
cuda_warp_tiled(tile16),double,local,local,16384,16384,6,1,1,1,14,1.549999999e-07,9.585075000e-03,8.855800000e-05,9.673788000e-03,9.258408854e-03,9.169695854e-03,4.153791458e-04,347.924306,351.290329,351.290329,2.328000069e-04,1.726399958e-04,9.939143133e-06,row,0,-1.000000000e+00,-1.000000
cuda_warp_tiled(tile16),double,local,local,16384,16384,6,1,1,1,15,1.310000000e-07,9.579298000e-03,8.906600000e-05,9.668495000e-03,9.257901033e-03,9.168704033e-03,4.105939671e-04,347.943390,351.328330,351.328330,2.316800058e-04,1.693120003e-04,9.601961039e-06,row,0,-1.000000000e+00,-1.000000
cuda_warp_tiled(tile16),double,local,local,16384,16384,6,1,1,1,16,1.330000001e-07,9.576209000e-03,9.069400000e-05,9.667036000e-03,9.260203373e-03,9.169376373e-03,4.068326267e-04,347.856882,351.302569,351.302569,2.324800044e-04,1.654720008e-04,8.880621442e-06,row,0,-1.000000000e+00,-1.000000
cuda_warp_tiled(tile16),double,local,local,16384,16384,6,1,1,1,17,2.010000000e-07,9.580724000e-03,8.865700000e-05,9.669582000e-03,9.259290091e-03,9.170432091e-03,4.102919092e-04,347.891193,351.262126,351.262126,2.323839962e-04,1.685120016e-04,9.395911359e-06,row,0,-1.000000000e+00,-1.000000
cuda_warp_tiled(tile16),double,local,local,16384,16384,6,1,1,1,18,1.400000000e-07,9.575067000e-03,8.865500000e-05,9.663862000e-03,9.254203134e-03,9.165408134e-03,4.096588655e-04,348.082425,351.454668,351.454668,2.326720059e-04,1.680639982e-04,8.922861425e-06,row,0,-1.000000000e+00,-1.000000
cuda_warp_tiled(tile16),double,local,local,16384,16384,6,1,1,1,19,1.269999998e-07,9.578176000e-03,9.477100000e-05,9.673074000e-03,9.266834035e-03,9.171936035e-03,4.062399648e-04,347.607981,351.204529,351.204529,2.301120013e-04,1.668480039e-04,9.279959680e-06,row,0,-1.000000000e+00,-1.000000
cuda_warp_tiled(tile16),double,local,local,16384,16384,6,1,1,1,20,1.520000001e-07,9.584314000e-03,8.985000000e-05,9.674316000e-03,9.255025804e-03,9.165023804e-03,4.192901963e-04,348.051485,351.469406,351.469406,2.341759950e-04,1.743360013e-04,1.077820002e-05,row,0,-1.000000000e+00,-1.000000
cuda_warp_tiled(tile16),double,local,local,16384,16384,8,1,1,1,1,1.980000000e-07,2.451430800e-02,1.214350000e-04,2.463594100e-02,2.406588883e-02,2.394425583e-02,5.700521711e-04,178.467013,179.373597,179.373597,3.135679960e-04,2.457920015e-04,1.069217363e-05,row,0,-1.000000000e+00,-1.000000
cuda_warp_tiled(tile16),double,local,local,16384,16384,8,1,1,1,2,1.890000001e-07,2.448856100e-02,1.230400000e-04,2.461179000e-02,2.405247781e-02,2.392924881e-02,5.593121902e-04,178.566522,179.486090,179.486090,3.086720109e-04,2.412160039e-04,9.424175392e-06,row,0,-1.000000000e+00,-1.000000
cuda_warp_tiled(tile16),double,local,local,16384,16384,8,1,1,1,3,1.789999999e-07,2.449487700e-02,1.184580000e-04,2.461351400e-02,2.405729285e-02,2.393865585e-02,5.562211467e-04,178.530782,179.415558,179.415558,3.066239953e-04,2.389120013e-04,1.068515017e-05,row,0,-1.000000000e+00,-1.000000
cuda_warp_tiled(tile16),double,local,local,16384,16384,8,1,1,1,4,1.400000000e-07,2.763473500e-02,1.251630000e-04,2.776003800e-02,2.404469463e-02,2.391939163e-02,3.715343368e-03,178.624323,179.560056,179.560056,3.084799945e-04,3.396064043e-03,1.079933034e-05,row,0,-1.000000000e+00,-1.000000
cuda_warp_tiled(tile16),double,local,local,16384,16384,8,1,1,1,5,1.130000000e-07,2.449209000e-02,1.231360000e-04,2.461533900e-02,2.404651255e-02,2.392326355e-02,5.688264502e-04,178.610819,179.530994,179.530994,3.076159954e-04,2.511999905e-04,1.001046428e-05,row,0,-1.000000000e+00,-1.000000
cuda_warp_tiled(tile16),double,local,local,16384,16384,8,1,1,1,6,1.370000002e-07,2.446573000e-02,1.201340000e-04,2.458600100e-02,2.404334381e-02,2.392307281e-02,5.426571851e-04,178.634358,179.532426,179.532426,3.076800108e-04,2.245119959e-04,1.046517835e-05,row,0,-1.000000000e+00,-1.000000
cuda_warp_tiled(tile16),double,local,local,16384,16384,8,1,1,1,7,1.439999999e-07,2.445944200e-02,1.182100000e-04,2.457779600e-02,2.403467480e-02,2.391632080e-02,5.431211992e-04,178.698790,179.583111,179.583111,3.076480031e-04,2.258239985e-04,9.649197666e-06,row,0,-1.000000000e+00,-1.000000
cuda_warp_tiled(tile16),double,local,local,16384,16384,8,1,1,1,8,1.079999998e-07,2.445498700e-02,1.180840000e-04,2.457317900e-02,2.403611116e-02,2.391791916e-02,5.370678411e-04,178.688111,179.571110,179.571110,3.048639894e-04,2.213760018e-04,1.082784988e-05,row,0,-1.000000000e+00,-1.000000
cuda_warp_tiled(tile16),double,local,local,16384,16384,8,1,1,1,9,1.139999999e-07,2.447633200e-02,1.194970000e-04,2.459594300e-02,2.405113146e-02,2.393152046e-02,5.448115380e-04,178.576517,179.469052,179.469052,3.090560138e-04,2.261119932e-04,9.643530948e-06,row,0,-1.000000000e+00,-1.000000
cuda_warp_tiled(tile16),double,local,local,16384,16384,8,1,1,1,10,1.110000001e-07,2.446554500e-02,1.193190000e-04,2.458497500e-02,2.404931777e-02,2.392988777e-02,5.356572284e-04,178.589985,179.481297,179.481297,3.050880134e-04,2.213120013e-04,9.257213635e-06,row,0,-1.000000000e+00,-1.000000
cuda_warp_tiled(tile16),double,local,local,16384,16384,8,1,1,1,11,8.700000009e-08,2.446643500e-02,1.181610000e-04,2.458468300e-02,2.404535295e-02,2.392710495e-02,5.393300500e-04,178.619432,179.502171,179.502171,3.066880107e-04,2.231040001e-04,9.538039265e-06,row,0,-1.000000000e+00,-1.000000
cuda_warp_tiled(tile16),double,local,local,16384,16384,8,1,1,1,12,1.230000000e-07,2.446711800e-02,1.189210000e-04,2.458616200e-02,2.404816311e-02,2.392911911e-02,5.379988899e-04,178.598560,179.487062,179.487062,3.093760014e-04,2.186239958e-04,9.998892754e-06,row,0,-1.000000000e+00,-1.000000
cuda_warp_tiled(tile16),double,local,local,16384,16384,8,1,1,1,13,1.159999998e-07,2.445613000e-02,1.203040000e-04,2.457655000e-02,2.403962090e-02,2.391920090e-02,5.369291028e-04,178.662023,179.561488,179.561488,3.076159954e-04,2.188480049e-04,1.046510244e-05,row,0,-1.000000000e+00,-1.000000
cuda_warp_tiled(tile16),double,local,local,16384,16384,8,1,1,1,14,1.269999998e-07,2.446869700e-02,1.196980000e-04,2.458852200e-02,2.405022585e-02,2.393040085e-02,5.382961516e-04,178.583242,179.477449,179.477449,3.099839985e-04,2.177280039e-04,1.058414921e-05,row,0,-1.000000000e+00,-1.000000
cuda_warp_tiled(tile16),double,local,local,16384,16384,8,1,1,1,15,1.350000001e-07,2.445682100e-02,1.190070000e-04,2.457596300e-02,2.404135079e-02,2.392220879e-02,5.346122140e-04,178.649167,179.538910,179.538910,3.044799864e-04,2.200639993e-04,1.006822826e-05,row,0,-1.000000000e+00,-1.000000
cuda_warp_tiled(tile16),double,local,local,16384,16384,8,1,1,1,16,1.349999998e-07,2.446152600e-02,1.200160000e-04,2.458167700e-02,2.404229494e-02,2.392214394e-02,5.393820638e-04,178.642152,179.539397,179.539397,3.129920065e-04,2.156800032e-04,1.071005414e-05,row,0,-1.000000000e+00,-1.000000
cuda_warp_tiled(tile16),double,local,local,16384,16384,8,1,1,1,17,1.170000001e-07,2.446385700e-02,1.275900000e-04,2.459156400e-02,2.405202722e-02,2.392432022e-02,5.395367791e-04,178.569867,179.523065,179.523065,3.065919876e-04,2.227839977e-04,1.016079379e-05,row,0,-1.000000000e+00,-1.000000
cuda_warp_tiled(tile16),double,local,local,16384,16384,8,1,1,1,18,1.429999998e-07,2.449135300e-02,1.201490000e-04,2.461164500e-02,2.404982882e-02,2.392953682e-02,5.618161805e-04,178.586190,179.483929,179.483929,3.105919957e-04,2.406080067e-04,1.061617811e-05,row,0,-1.000000000e+00,-1.000000
cuda_warp_tiled(tile16),double,local,local,16384,16384,8,1,1,1,19,1.210000002e-07,2.446693500e-02,1.197840000e-04,2.458684000e-02,2.404816008e-02,2.392825508e-02,5.386799188e-04,178.598582,179.493544,179.493544,3.092800081e-04,2.195840031e-04,9.815907655e-06,row,0,-1.000000000e+00,-1.000000
cuda_warp_tiled(tile16),double,local,local,16384,16384,8,1,1,1,20,1.490000003e-07,2.446033700e-02,1.191970000e-04,2.457968300e-02,2.403381095e-02,2.391446495e-02,5.458720494e-04,178.705213,179.597047,179.597047,3.086720109e-04,2.262080014e-04,1.099203716e-05,row,0,-1.000000000e+00,-1.000000
cuda_warp_tiled(tile16),double,local,local,16384,16384,20,1,1,1,1,4.480000002e-07,6.565953300e-02,3.298700000e-04,6.598985100e-02,6.487761262e-02,6.454729462e-02,1.112238383e-03,165.502672,166.349625,166.349625,5.965120196e-04,5.048000216e-04,1.092634202e-05,row,0,-1.000000000e+00,-1.000000
cuda_warp_tiled(tile16),double,local,local,16384,16384,20,1,1,1,2,3.170000000e-07,6.569873400e-02,3.286930000e-04,6.602774400e-02,6.492974853e-02,6.460073853e-02,1.097995475e-03,165.369780,166.212004,166.212004,5.916479826e-04,4.950079918e-04,1.133950022e-05,row,0,-1.000000000e+00,-1.000000
cuda_warp_tiled(tile16),double,local,local,16384,16384,20,1,1,1,3,2.719999999e-07,6.567555300e-02,4.284820000e-03,6.996064500e-02,6.887514174e-02,6.459004974e-02,1.085503256e-03,155.896859,166.239510,166.239510,5.911679864e-04,4.831359982e-04,1.119927171e-05,row,0,-1.000000000e+00,-1.000000
cuda_warp_tiled(tile16),double,local,local,16384,16384,20,1,1,1,4,2.569999999e-07,6.575953800e-02,3.299090000e-04,6.608970400e-02,6.494572081e-02,6.461555481e-02,1.143983190e-03,165.329110,166.173892,166.173892,5.861439705e-04,5.469440222e-04,1.089519776e-05,row,0,-1.000000000e+00,-1.000000
cuda_warp_tiled(tile16),double,local,local,16384,16384,20,1,1,1,5,2.509999999e-07,6.580819000e-02,3.035560000e-04,6.611199700e-02,6.500269006e-02,6.469888306e-02,1.109306943e-03,165.184214,165.959870,165.959870,5.942400098e-04,5.035520196e-04,1.151491398e-05,row,0,-1.000000000e+00,-1.000000
cuda_warp_tiled(tile16),double,local,local,16384,16384,20,1,1,1,6,4.059999998e-07,6.569888300e-02,3.182760000e-04,6.601756500e-02,6.491723852e-02,6.459855652e-02,1.100326481e-03,165.401648,166.217619,166.217619,5.928320289e-04,4.972800016e-04,1.021445094e-05,row,0,-1.000000000e+00,-1.000000
cuda_warp_tiled(tile16),double,local,local,16384,16384,20,1,1,1,7,2.470000000e-07,6.564522700e-02,3.168150000e-04,6.596228900e-02,6.486775170e-02,6.455068970e-02,1.094537303e-03,165.527831,166.340876,166.340876,5.936959982e-04,4.872959852e-04,1.354531932e-05,row,0,-1.000000000e+00,-1.000000
cuda_warp_tiled(tile16),double,local,local,16384,16384,20,1,1,1,8,2.190000004e-07,6.609418000e-02,3.070830000e-04,6.640148200e-02,6.479411841e-02,6.448681641e-02,1.607363594e-03,165.715940,166.505634,166.505634,1.118304014e-03,4.786559939e-04,1.040358561e-05,row,0,-1.000000000e+00,-1.000000
cuda_warp_tiled(tile16),double,local,local,16384,16384,20,1,1,1,9,2.740000000e-07,6.617899300e-02,9.352850000e-04,6.711455200e-02,6.548611900e-02,6.455056000e-02,1.628433002e-03,163.964797,166.341210,166.341210,5.927039981e-04,1.020480037e-03,1.524896762e-05,row,0,-1.000000000e+00,-1.000000
cuda_warp_tiled(tile16),double,local,local,16384,16384,20,1,1,1,10,1.895000000e-06,6.576525900e-02,3.080100000e-04,6.607516400e-02,6.495278830e-02,6.464288330e-02,1.122375699e-03,165.311121,166.103640,166.103640,6.313920021e-04,4.797759950e-04,1.120770210e-05,row,0,-1.000000000e+00,-1.000000
cuda_warp_tiled(tile16),double,local,local,16384,16384,20,1,1,1,11,2.470000000e-07,6.563456200e-02,3.268880000e-04,6.596169700e-02,6.485090819e-02,6.452377319e-02,1.110788807e-03,165.570823,166.410266,166.410266,6.194559932e-04,4.797439873e-04,1.158882614e-05,row,0,-1.000000000e+00,-1.000000
cuda_warp_tiled(tile16),double,local,local,16384,16384,20,1,1,1,12,1.840000001e-07,6.573893700e-02,3.122540000e-04,6.605137500e-02,6.492529963e-02,6.461286163e-02,1.126075367e-03,165.381112,166.180819,166.180819,6.226559877e-04,4.928959906e-04,1.052338835e-05,row,0,-1.000000000e+00,-1.000000
cuda_warp_tiled(tile16),double,local,local,16384,16384,20,1,1,1,13,1.190000001e-07,6.625053900e-02,8.829190000e-04,6.713357700e-02,6.549894376e-02,6.461590576e-02,1.634633238e-03,163.932693,166.172990,166.172990,5.985599756e-04,1.021664023e-03,1.440923926e-05,row,0,-1.000000000e+00,-1.000000
cuda_warp_tiled(tile16),double,local,local,16384,16384,20,1,1,1,14,1.602000000e-06,6.568501700e-02,3.115780000e-04,6.599819700e-02,6.491202644e-02,6.459884644e-02,1.086170564e-03,165.414929,166.216873,166.216873,6.056960225e-04,4.697920084e-04,1.068253354e-05,row,0,-1.000000000e+00,-1.000000
cuda_warp_tiled(tile16),double,local,local,16384,16384,20,1,1,1,15,1.379999999e-07,6.558672400e-02,3.129030000e-04,6.589976500e-02,6.482334831e-02,6.451030731e-02,1.076416688e-03,165.641216,166.445002,166.445002,5.937920213e-04,4.712319970e-04,1.139266970e-05,row,0,-1.000000000e+00,-1.000000
cuda_warp_tiled(tile16),double,local,local,16384,16384,20,1,1,1,16,1.610000000e-07,6.564486300e-02,3.127590000e-04,6.595778300e-02,6.488312569e-02,6.457020569e-02,1.074657312e-03,165.488609,166.290600,166.290600,5.951679945e-04,4.692800045e-04,1.020931252e-05,row,0,-1.000000000e+00,-1.000000
cuda_warp_tiled(tile16),double,local,local,16384,16384,20,1,1,1,17,8.999999990e-08,6.564446200e-02,3.017560000e-04,6.594630800e-02,6.486235473e-02,6.456050873e-02,1.083953272e-03,165.541604,166.315577,166.315577,5.988799930e-04,4.742079973e-04,1.086528169e-05,row,0,-1.000000000e+00,-1.000000
cuda_warp_tiled(tile16),double,local,local,16384,16384,20,1,1,1,18,1.000000003e-07,6.564111800e-02,3.052190000e-04,6.594643700e-02,6.486852090e-02,6.456320190e-02,1.077916096e-03,165.525868,166.308639,166.308639,5.908480287e-04,4.759039879e-04,1.116407916e-05,row,0,-1.000000000e+00,-1.000000
cuda_warp_tiled(tile16),double,local,local,16384,16384,20,1,1,1,19,1.500000000e-07,6.557438900e-02,3.091080000e-04,6.588364700e-02,6.480816700e-02,6.449890900e-02,1.075480003e-03,165.680017,166.474416,166.474416,5.983679891e-04,4.663999975e-04,1.071201688e-05,row,0,-1.000000000e+00,-1.000000
cuda_warp_tiled(tile16),double,local,local,16384,16384,20,1,1,1,20,9.399999978e-08,6.614898200e-02,9.333020000e-04,6.708237800e-02,6.547246613e-02,6.453907013e-02,1.609911871e-03,163.998989,166.370823,166.370823,5.965440273e-04,9.989439845e-04,1.442385877e-05,row,0,-1.000000000e+00,-1.000000
cuda_warp_tiled(tile16),double,local,local,16384,16384,32,1,1,1,1,8.110000000e-07,1.901374970e-01,5.785600000e-04,1.907168680e-01,1.888620553e-01,1.882826843e-01,1.854812674e-03,90.965171,91.245083,91.245083,9.958400130e-04,8.469759822e-04,1.199667861e-05,row,0,-1.000000000e+00,-1.000000
cuda_warp_tiled(tile16),double,local,local,16384,16384,32,1,1,1,2,3.130000001e-07,1.901569560e-01,5.807230000e-04,1.907379920e-01,1.888749203e-01,1.882938843e-01,1.863071723e-03,90.958975,91.239656,91.239656,9.951679707e-04,8.538879752e-04,1.401577678e-05,row,0,-1.000000000e+00,-1.000000
cuda_warp_tiled(tile16),double,local,local,16384,16384,32,1,1,1,3,8.430000000e-07,1.901535820e-01,5.768590000e-04,1.907312840e-01,1.888873028e-01,1.883096008e-01,1.843981170e-03,90.953012,91.232041,91.232041,9.894080162e-04,8.421120048e-04,1.246114896e-05,row,0,-1.000000000e+00,-1.000000
cuda_warp_tiled(tile16),double,local,local,16384,16384,32,1,1,1,4,1.969999999e-07,1.901414500e-01,5.825210000e-04,1.907241680e-01,1.888731233e-01,1.882904053e-01,1.851044727e-03,90.959841,91.241342,91.241342,9.738559723e-04,8.640639782e-04,1.312477608e-05,row,0,-1.000000000e+00,-1.000000
cuda_warp_tiled(tile16),double,local,local,16384,16384,32,1,1,1,5,8.340000002e-07,1.908786080e-01,1.482958000e-03,1.923624000e-01,1.897146727e-01,1.882308807e-01,2.647727263e-03,90.556355,91.270195,91.270195,9.808639884e-04,1.654304028e-03,1.255924674e-05,row,0,-1.000000000e+00,-1.000000
cuda_warp_tiled(tile16),double,local,local,16384,16384,32,1,1,1,6,1.990000000e-07,1.908333290e-01,5.799620000e-04,1.914134900e-01,1.887642278e-01,1.881840668e-01,2.649262228e-03,91.012314,91.292900,91.292900,1.802240014e-03,8.348479867e-04,1.217422676e-05,row,0,-1.000000000e+00,-1.000000
cuda_warp_tiled(tile16),double,local,local,16384,16384,32,1,1,1,7,1.089999997e-07,1.901218310e-01,5.669510000e-04,1.906888910e-01,1.888859382e-01,1.883188782e-01,1.802952826e-03,90.953669,91.227546,91.227546,9.749439955e-04,8.153600097e-04,1.264882103e-05,row,0,-1.000000000e+00,-1.000000
cuda_warp_tiled(tile16),double,local,local,16384,16384,32,1,1,1,8,8.999999990e-08,1.901193330e-01,5.773830000e-04,1.906968060e-01,1.888571513e-01,1.882796783e-01,1.839654655e-03,90.967533,91.246540,91.246540,9.623039961e-04,8.629760146e-04,1.437464457e-05,row,0,-1.000000000e+00,-1.000000
cuda_warp_tiled(tile16),double,local,local,16384,16384,32,1,1,1,9,1.092000000e-06,1.900678400e-01,5.474830000e-04,1.906164150e-01,1.887986818e-01,1.882501068e-01,1.817733188e-03,90.995705,91.260873,91.260873,9.879680276e-04,8.178240061e-04,1.194115480e-05,row,0,-1.000000000e+00,-1.000000
cuda_warp_tiled(tile16),double,local,local,16384,16384,32,1,1,1,10,9.000000034e-08,1.908786550e-01,1.503838000e-03,1.923825830e-01,1.897817905e-01,1.882778625e-01,2.600792451e-03,90.524329,91.247420,91.247420,9.641600251e-04,1.624032021e-03,1.260040548e-05,row,0,-1.000000000e+00,-1.000000
cuda_warp_tiled(tile16),double,local,local,16384,16384,32,1,1,1,11,7.399999991e-08,1.908814060e-01,5.647840000e-04,1.914462640e-01,1.888284688e-01,1.882636108e-01,2.617795160e-03,90.981351,91.254327,91.254327,1.808671951e-03,7.974399924e-04,1.168321643e-05,row,0,-1.000000000e+00,-1.000000
cuda_warp_tiled(tile16),double,local,local,16384,16384,32,1,1,1,12,7.199999974e-08,1.900692530e-01,5.636830000e-04,1.906330080e-01,1.888358497e-01,1.882720947e-01,1.797158273e-03,90.977795,91.250215,91.250215,9.756159782e-04,8.092160225e-04,1.232627270e-05,row,0,-1.000000000e+00,-1.000000
cuda_warp_tiled(tile16),double,local,local,16384,16384,32,1,1,1,13,7.299999982e-08,1.900393640e-01,5.556670000e-04,1.905951040e-01,1.888000637e-01,1.882443237e-01,1.795040270e-03,90.995039,91.263677,91.263677,9.772800207e-04,8.056640029e-04,1.209624592e-05,row,0,-1.000000000e+00,-1.000000
cuda_warp_tiled(tile16),double,local,local,16384,16384,32,1,1,1,14,8.400000073e-08,1.900817580e-01,5.804410000e-04,1.906622830e-01,1.888438917e-01,1.882633667e-01,1.818391301e-03,90.973920,91.254446,91.254446,9.720640182e-04,8.328639865e-04,1.346329604e-05,row,0,-1.000000000e+00,-1.000000
cuda_warp_tiled(tile16),double,local,local,16384,16384,32,1,1,1,15,8.580000008e-07,1.900579860e-01,5.661840000e-04,1.906250280e-01,1.888071390e-01,1.882400970e-01,1.817888954e-03,90.991629,91.265726,91.265726,9.916800261e-04,8.137599826e-04,1.244894546e-05,row,0,-1.000000000e+00,-1.000000
cuda_warp_tiled(tile16),double,local,local,16384,16384,32,1,1,1,16,1.250000006e-07,1.909110760e-01,1.494226000e-03,1.924054270e-01,1.897886625e-01,1.882943115e-01,2.616764477e-03,90.521051,91.239449,91.239449,9.713280201e-04,1.631456017e-03,1.398043897e-05,row,0,-1.000000000e+00,-1.000000
cuda_warp_tiled(tile16),double,local,local,16384,16384,32,1,1,1,17,1.339999995e-07,1.909164510e-01,5.658010000e-04,1.914823860e-01,1.888515643e-01,1.882856293e-01,2.630821728e-03,90.970224,91.243656,91.243656,1.810367942e-03,8.073599935e-04,1.309379223e-05,row,0,-1.000000000e+00,-1.000000
cuda_warp_tiled(tile16),double,local,local,16384,16384,32,1,1,1,18,1.039999997e-07,1.900470200e-01,5.656500000e-04,1.906127740e-01,1.888172036e-01,1.882514496e-01,1.795570415e-03,90.986779,91.260223,91.260223,9.787840247e-04,8.060160279e-04,1.077036240e-05,row,0,-1.000000000e+00,-1.000000
cuda_warp_tiled(tile16),double,local,local,16384,16384,32,1,1,1,19,1.320000003e-07,1.900656000e-01,5.530020000e-04,1.906187340e-01,1.888289671e-01,1.882758331e-01,1.789766870e-03,90.981111,91.248403,91.248403,9.765120149e-04,8.023040295e-04,1.095082579e-05,row,0,-1.000000000e+00,-1.000000
cuda_warp_tiled(tile16),double,local,local,16384,16384,32,1,1,1,20,9.499999987e-08,1.900177350e-01,5.619500000e-04,1.905797800e-01,1.887907437e-01,1.882286987e-01,1.789036270e-03,90.999531,91.271253,91.271253,9.667840004e-04,8.095039725e-04,1.274829660e-05,row,0,-1.000000000e+00,-1.000000
cuda_warp_tiled(tile32),double,local,local,16384,16384,3,1,1,1,1,2.360000000e-07,5.719472000e-03,4.437300000e-05,5.764081000e-03,5.542785098e-03,5.498176098e-03,2.212959021e-04,290.578240,292.935822,292.935822,1.190079972e-04,9.260799736e-05,9.679907557e-06,row,0,-1.000000000e+00,-1.000000
cuda_warp_tiled(tile32),double,local,local,16384,16384,3,1,1,1,2,2.390000000e-07,5.726948000e-03,4.392400000e-05,5.771111000e-03,5.551139128e-03,5.506976128e-03,2.199718724e-04,290.140942,292.467717,292.467717,1.212159991e-04,8.921600133e-05,9.539871917e-06,row,0,-1.000000000e+00,-1.000000
cuda_warp_tiled(tile32),double,local,local,16384,16384,3,1,1,1,3,2.300000002e-07,5.717668000e-03,4.474300000e-05,5.762641000e-03,5.546349152e-03,5.501376152e-03,2.162918480e-04,290.391516,292.765427,292.765427,1.180159971e-04,8.982399851e-05,8.451852339e-06,row,0,-1.000000000e+00,-1.000000
cuda_warp_tiled(tile32),double,local,local,16384,16384,3,1,1,1,4,2.330000000e-07,5.716417000e-03,4.430000000e-05,5.760950000e-03,5.543637023e-03,5.499104023e-03,2.173129770e-04,290.533585,292.886392,292.886392,1.185920015e-04,8.825600147e-05,1.046497405e-05,row,0,-1.000000000e+00,-1.000000
cuda_warp_tiled(tile32),double,local,local,16384,16384,3,1,1,1,5,1.810000001e-07,5.718606000e-03,4.433500000e-05,5.763122000e-03,5.544676217e-03,5.500160217e-03,2.184457827e-04,290.479132,292.830149,292.830149,1.188480034e-04,9.071999788e-05,8.877781385e-06,row,0,-1.000000000e+00,-1.000000
cuda_warp_tiled(tile32),double,local,local,16384,16384,3,1,1,1,6,1.869999999e-07,5.717565000e-03,4.338600000e-05,5.761138000e-03,5.545013048e-03,5.501440048e-03,2.161249518e-04,290.461487,292.762026,292.762026,1.178880036e-04,8.876799792e-05,9.468950274e-06,row,0,-1.000000000e+00,-1.000000
cuda_warp_tiled(tile32),double,local,local,16384,16384,3,1,1,1,7,1.770000000e-07,5.714602000e-03,4.388100000e-05,5.758660000e-03,5.544185792e-03,5.500127792e-03,2.144742076e-04,290.504827,292.831875,292.831875,1.189119965e-04,8.575999737e-05,9.802213790e-06,row,0,-1.000000000e+00,-1.000000
cuda_warp_tiled(tile32),double,local,local,16384,16384,3,1,1,1,8,2.760000000e-07,5.726991000e-03,4.426600000e-05,5.771533000e-03,5.559166119e-03,5.514624119e-03,2.123668812e-04,289.722002,292.062106,292.062106,1.184320003e-04,8.454400301e-05,9.390877906e-06,row,0,-1.000000000e+00,-1.000000
cuda_warp_tiled(tile32),double,local,local,16384,16384,3,1,1,1,9,1.750000000e-07,5.737429000e-03,4.401200000e-05,5.781616000e-03,5.552123001e-03,5.507936001e-03,2.294929992e-04,290.089527,292.416748,292.416748,1.181759983e-04,1.017279997e-04,9.589001099e-06,row,0,-1.000000000e+00,-1.000000
cuda_warp_tiled(tile32),double,local,local,16384,16384,3,1,1,1,10,2.549999998e-07,5.721240000e-03,4.444500000e-05,5.765940000e-03,5.546716068e-03,5.502016068e-03,2.192239325e-04,290.372306,292.731376,292.731376,1.198719963e-04,8.950400352e-05,9.847932627e-06,row,0,-1.000000000e+00,-1.000000
cuda_warp_tiled(tile32),double,local,local,16384,16384,3,1,1,1,11,1.729999999e-07,5.728085000e-03,4.436400000e-05,5.772622000e-03,5.551672868e-03,5.507135868e-03,2.209491319e-04,290.113048,292.459234,292.459234,1.201279983e-04,9.059199691e-05,1.022913673e-05,row,0,-1.000000000e+00,-1.000000
cuda_warp_tiled(tile32),double,local,local,16384,16384,3,1,1,1,12,1.729999999e-07,5.713379000e-03,4.444600000e-05,5.757998000e-03,5.543786919e-03,5.499167919e-03,2.142110808e-04,290.525729,292.882989,292.882989,1.181119978e-04,8.572799712e-05,1.037108587e-05,row,0,-1.000000000e+00,-1.000000
cuda_warp_tiled(tile32),double,local,local,16384,16384,3,1,1,1,13,1.709999999e-07,5.727868000e-03,4.538200000e-05,5.773421000e-03,5.554096968e-03,5.508543968e-03,2.193240318e-04,289.986427,292.384475,292.384475,1.196160018e-04,8.991999924e-05,9.788030713e-06,row,0,-1.000000000e+00,-1.000000
cuda_warp_tiled(tile32),double,local,local,16384,16384,3,1,1,1,14,1.860000001e-07,5.729671000e-03,4.455300000e-05,5.774410000e-03,5.552899114e-03,5.508160114e-03,2.215108857e-04,290.048982,292.404851,292.404851,1.198080033e-04,9.183999896e-05,9.862883445e-06,row,0,-1.000000000e+00,-1.000000
cuda_warp_tiled(tile32),double,local,local,16384,16384,3,1,1,1,15,1.650000001e-07,5.725668000e-03,4.447700000e-05,5.770310000e-03,5.547874002e-03,5.503232002e-03,2.224359977e-04,290.311701,292.666698,292.666698,1.212479994e-04,9.155199677e-05,9.636001604e-06,row,0,-1.000000000e+00,-1.000000
cuda_warp_tiled(tile32),double,local,local,16384,16384,3,1,1,1,16,1.530000000e-07,5.716456000e-03,4.481500000e-05,5.761424000e-03,5.546696058e-03,5.501728058e-03,2.147279421e-04,290.373354,292.746701,292.746701,1.192319989e-04,8.556800336e-05,9.927939862e-06,row,0,-1.000000000e+00,-1.000000
cuda_warp_tiled(tile32),double,local,local,16384,16384,3,1,1,1,17,1.709999999e-07,5.727321000e-03,4.426700000e-05,5.771759000e-03,5.553526039e-03,5.509088039e-03,2.182329606e-04,290.016239,292.355599,292.355599,1.192959994e-04,8.944000304e-05,9.496958157e-06,row,0,-1.000000000e+00,-1.000000
cuda_warp_tiled(tile32),double,local,local,16384,16384,3,1,1,1,18,1.740000002e-07,5.723673000e-03,4.634300000e-05,5.770190000e-03,5.554484949e-03,5.507967949e-03,2.157050511e-04,289.966172,292.415052,292.415052,1.196160018e-04,8.636800200e-05,9.721047244e-06,row,0,-1.000000000e+00,-1.000000
cuda_warp_tiled(tile32),double,local,local,16384,16384,3,1,1,1,19,1.800000000e-07,5.722635000e-03,4.550900000e-05,5.768324000e-03,5.555673016e-03,5.509984016e-03,2.126509836e-04,289.904163,292.308060,292.308060,1.194880009e-04,8.409599960e-05,9.066983113e-06,row,0,-1.000000000e+00,-1.000000
cuda_warp_tiled(tile32),double,local,local,16384,16384,3,1,1,1,20,1.709999999e-07,5.695375000e-03,4.507400000e-05,5.740620000e-03,5.525725194e-03,5.480480194e-03,2.148948059e-04,291.475359,293.881682,293.881682,1.194240004e-04,8.700799942e-05,8.462806106e-06,row,0,-1.000000000e+00,-1.000000
cuda_warp_tiled(tile32),double,local,local,16384,16384,6,1,1,1,1,2.250000000e-07,9.663764000e-03,8.943800000e-05,9.753427000e-03,9.326558561e-03,9.236895561e-03,4.268684388e-04,345.382002,348.734643,348.734643,2.353920043e-04,1.815360039e-04,9.940430583e-06,row,0,-1.000000000e+00,-1.000000
cuda_warp_tiled(tile32),double,local,local,16384,16384,6,1,1,1,2,2.560000001e-07,9.656375000e-03,8.881900000e-05,9.745450000e-03,9.323602588e-03,9.234527588e-03,4.218474121e-04,345.491503,348.824067,348.824067,2.317440063e-04,1.808959991e-04,9.207406759e-06,row,0,-1.000000000e+00,-1.000000
cuda_warp_tiled(tile32),double,local,local,16384,16384,6,1,1,1,3,1.569999999e-07,9.653589000e-03,9.196200000e-05,9.745708000e-03,9.327510617e-03,9.235391617e-03,4.181973832e-04,345.346749,348.791433,348.791433,2.320639938e-04,1.777279973e-04,8.405392064e-06,row,0,-1.000000000e+00,-1.000000
cuda_warp_tiled(tile32),double,local,local,16384,16384,6,1,1,1,4,1.999999999e-07,9.651183000e-03,8.944100000e-05,9.740824000e-03,9.324233438e-03,9.234592438e-03,4.165905623e-04,345.468128,348.821618,348.821618,2.303999960e-04,1.767040044e-04,9.486561807e-06,row,0,-1.000000000e+00,-1.000000
cuda_warp_tiled(tile32),double,local,local,16384,16384,6,1,1,1,5,1.959999998e-07,9.631108000e-03,8.888300000e-05,9.720187000e-03,9.304086782e-03,9.215007782e-03,4.161002180e-04,346.216189,349.562968,349.562968,2.318080068e-04,1.742720008e-04,1.002021046e-05,row,0,-1.000000000e+00,-1.000000
cuda_warp_tiled(tile32),double,local,local,16384,16384,6,1,1,1,6,1.910000000e-07,9.601901000e-03,8.943600000e-05,9.691528000e-03,9.276410791e-03,9.186783791e-03,4.151172094e-04,347.249119,350.636909,350.636909,2.304320037e-04,1.747519970e-04,9.933208681e-06,row,0,-1.000000000e+00,-1.000000
cuda_warp_tiled(tile32),double,local,local,16384,16384,6,1,1,1,7,1.789999999e-07,9.596133000e-03,8.832100000e-05,9.684633000e-03,9.270164467e-03,9.181664467e-03,4.144685331e-04,347.483098,350.832410,350.832410,2.316800058e-04,1.733440012e-04,9.444526179e-06,row,0,-1.000000000e+00,-1.000000
cuda_warp_tiled(tile32),double,local,local,16384,16384,6,1,1,1,8,1.440000001e-07,9.890005000e-03,9.128300000e-05,9.981432000e-03,9.270754965e-03,9.179327965e-03,7.106770352e-04,347.460966,350.921711,350.921711,5.208320022e-04,1.802240014e-04,9.621031647e-06,row,0,-1.000000000e+00,-1.000000
cuda_warp_tiled(tile32),double,local,local,16384,16384,6,1,1,1,9,1.839999999e-07,9.606007000e-03,8.959400000e-05,9.695785000e-03,9.275985771e-03,9.186207771e-03,4.197992287e-04,347.265029,350.658896,350.658896,2.359360009e-04,1.750079989e-04,8.855228812e-06,row,0,-1.000000000e+00,-1.000000
cuda_warp_tiled(tile32),double,local,local,16384,16384,6,1,1,1,10,2.029999999e-07,9.595958000e-03,8.922000000e-05,9.685381000e-03,9.272303402e-03,9.182880402e-03,4.130775984e-04,347.402941,350.785955,350.785955,2.307520062e-04,1.724160016e-04,9.909590657e-06,row,0,-1.000000000e+00,-1.000000
cuda_warp_tiled(tile32),double,local,local,16384,16384,6,1,1,1,11,2.050000001e-07,9.595083000e-03,8.942300000e-05,9.684711000e-03,9.272860307e-03,9.183232307e-03,4.118506926e-04,347.382077,350.772513,350.772513,2.317440063e-04,1.700479984e-04,1.005868786e-05,row,0,-1.000000000e+00,-1.000000
cuda_warp_tiled(tile32),double,local,local,16384,16384,6,1,1,1,12,2.020000001e-07,9.608565000e-03,8.898200000e-05,9.697749000e-03,9.277152254e-03,9.187968254e-03,4.205967459e-04,347.221365,350.591707,350.591707,2.345599979e-04,1.772799939e-04,8.756754103e-06,row,0,-1.000000000e+00,-1.000000
cuda_warp_tiled(tile32),double,local,local,16384,16384,6,1,1,1,13,1.820000000e-07,9.596333000e-03,8.926400000e-05,9.685779000e-03,9.273158006e-03,9.183712006e-03,4.126209944e-04,347.370925,350.754191,350.754191,2.304960042e-04,1.721920073e-04,9.932982858e-06,row,0,-1.000000000e+00,-1.000000
cuda_warp_tiled(tile32),double,local,local,16384,16384,6,1,1,1,14,2.120000000e-07,9.598114000e-03,9.248700000e-05,9.690813000e-03,9.278490969e-03,9.185791969e-03,4.123220307e-04,347.171268,350.674768,350.674768,2.312320024e-04,1.717119962e-04,9.378032126e-06,row,0,-1.000000000e+00,-1.000000
cuda_warp_tiled(tile32),double,local,local,16384,16384,6,1,1,1,15,2.000000001e-07,9.598542000e-03,8.871400000e-05,9.687456000e-03,9.272017561e-03,9.183103561e-03,4.154384386e-04,347.413651,350.777431,350.777431,2.313279957e-04,1.750400066e-04,9.070436303e-06,row,0,-1.000000000e+00,-1.000000
cuda_warp_tiled(tile32),double,local,local,16384,16384,6,1,1,1,16,1.860000001e-07,9.586324000e-03,8.885700000e-05,9.675367000e-03,9.259442666e-03,9.170399666e-03,4.159243342e-04,347.885460,351.263368,351.263368,2.316479981e-04,1.741759926e-04,1.010034346e-05,row,0,-1.000000000e+00,-1.000000
cuda_warp_tiled(tile32),double,local,local,16384,16384,6,1,1,1,17,1.900000000e-07,9.579706000e-03,9.657600000e-05,9.676472000e-03,9.266142373e-03,9.169376373e-03,4.103296267e-04,347.633928,351.302569,351.302569,2.315839976e-04,1.693439931e-04,9.401636034e-06,row,0,-1.000000000e+00,-1.000000
cuda_warp_tiled(tile32),double,local,local,16384,16384,6,1,1,1,18,1.439999999e-07,9.579378000e-03,8.997000000e-05,9.669492000e-03,9.258978250e-03,9.168864250e-03,4.105137498e-04,347.902909,351.322190,351.322190,2.331839949e-04,1.664959937e-04,1.083376119e-05,row,0,-1.000000000e+00,-1.000000
cuda_warp_tiled(tile32),double,local,local,16384,16384,6,1,1,1,19,2.010000000e-07,1.264270800e-02,9.151700000e-05,1.273442600e-02,9.262213987e-03,9.170495987e-03,3.472212013e-03,347.781370,351.259678,351.259678,2.313279957e-04,3.229792118e-03,1.109189933e-05,row,0,-1.000000000e+00,-1.000000
cuda_warp_tiled(tile32),double,local,local,16384,16384,6,1,1,1,20,1.789999999e-07,9.598570000e-03,8.947500000e-05,9.688224000e-03,9.261781724e-03,9.172127724e-03,4.264422763e-04,347.797602,351.197189,351.197189,2.322559953e-04,1.828799993e-04,1.130628175e-05,row,0,-1.000000000e+00,-1.000000
cuda_warp_tiled(tile32),double,local,local,16384,16384,8,1,1,1,1,2.059999999e-07,2.450727300e-02,1.191910000e-04,2.462667000e-02,2.404970057e-02,2.393030357e-02,5.769694264e-04,178.587142,179.478178,179.478178,3.103039861e-04,2.556479871e-04,1.101745319e-05,row,0,-1.000000000e+00,-1.000000
cuda_warp_tiled(tile32),double,local,local,16384,16384,8,1,1,1,2,1.780000001e-07,2.449396100e-02,1.198900000e-04,2.461402900e-02,2.404499667e-02,2.392492867e-02,5.690323348e-04,178.622079,179.518500,179.518500,3.133760095e-04,2.448000014e-04,1.085632399e-05,row,0,-1.000000000e+00,-1.000000
cuda_warp_tiled(tile32),double,local,local,16384,16384,8,1,1,1,3,1.420000000e-07,2.449088200e-02,1.190960000e-04,2.461012000e-02,2.404816638e-02,2.392892838e-02,5.619536248e-04,178.598535,179.488493,179.488493,3.059200048e-04,2.450239956e-04,1.100962427e-05,row,0,-1.000000000e+00,-1.000000
cuda_warp_tiled(tile32),double,local,local,16384,16384,8,1,1,1,4,1.489999999e-07,2.447223500e-02,1.217780000e-04,2.459416200e-02,2.403927014e-02,2.391734314e-02,5.548918604e-04,178.664630,179.575435,179.575435,3.075839877e-04,2.365120053e-04,1.079586731e-05,row,0,-1.000000000e+00,-1.000000
cuda_warp_tiled(tile32),double,local,local,16384,16384,8,1,1,1,5,2.429999999e-07,2.449814700e-02,1.188450000e-04,2.461723500e-02,2.405198366e-02,2.393289566e-02,5.652513396e-04,178.570190,179.458740,179.458740,3.074879944e-04,2.480960041e-04,9.667341039e-06,row,0,-1.000000000e+00,-1.000000
cuda_warp_tiled(tile32),double,local,local,16384,16384,8,1,1,1,6,1.710000002e-07,2.447836000e-02,1.195260000e-04,2.459805700e-02,2.404270497e-02,2.392300797e-02,5.553520349e-04,178.639105,179.532913,179.532913,3.092480004e-04,2.360319942e-04,1.007204031e-05,row,0,-1.000000000e+00,-1.000000
cuda_warp_tiled(tile32),double,local,local,16384,16384,8,1,1,1,7,1.779999999e-07,2.447263000e-02,1.196050000e-04,2.459241300e-02,2.404154356e-02,2.392176056e-02,5.508694409e-04,178.647735,179.542274,179.542274,3.105919957e-04,2.299199998e-04,1.035744536e-05,row,0,-1.000000000e+00,-1.000000
cuda_warp_tiled(tile32),double,local,local,16384,16384,8,1,1,1,8,1.750000000e-07,2.447711900e-02,1.192310000e-04,2.459652500e-02,2.404731013e-02,2.392790413e-02,5.492148710e-04,178.604895,179.496176,179.496176,3.060480058e-04,2.325759977e-04,1.059086744e-05,row,0,-1.000000000e+00,-1.000000
cuda_warp_tiled(tile32),double,local,local,16384,16384,8,1,1,1,9,1.549999999e-07,2.446309200e-02,1.189400000e-04,2.458218700e-02,2.404226318e-02,2.392316818e-02,5.399238176e-04,178.642388,179.531710,179.531710,3.039360046e-04,2.258879989e-04,1.009981405e-05,row,0,-1.000000000e+00,-1.000000
cuda_warp_tiled(tile32),double,local,local,16384,16384,8,1,1,1,10,1.680000001e-07,2.446823600e-02,1.189320000e-04,2.458733600e-02,2.404610768e-02,2.392700768e-02,5.412283248e-04,178.613826,179.502901,179.502901,3.091199994e-04,2.223040015e-04,9.804323970e-06,row,0,-1.000000000e+00,-1.000000
cuda_warp_tiled(tile32),double,local,local,16384,16384,8,1,1,1,11,2.100000001e-07,2.446219300e-02,1.182530000e-04,2.458065600e-02,2.404281565e-02,2.392435265e-02,5.378403541e-04,178.638283,179.522822,179.522822,3.068160117e-04,2.218240052e-04,9.200337213e-06,row,0,-1.000000000e+00,-1.000000
cuda_warp_tiled(tile32),double,local,local,16384,16384,8,1,1,1,12,1.770000000e-07,2.447553400e-02,1.189700000e-04,2.459468100e-02,2.404487484e-02,2.392572784e-02,5.498061558e-04,178.622984,179.512503,179.512503,3.140799999e-04,2.257599980e-04,9.966157874e-06,row,0,-1.000000000e+00,-1.000000
cuda_warp_tiled(tile32),double,local,local,16384,16384,8,1,1,1,13,1.680000001e-07,2.448912700e-02,1.208030000e-04,2.461009800e-02,2.406573991e-02,2.394476891e-02,5.443580944e-04,178.468117,179.369753,179.369753,3.079040051e-04,2.259840071e-04,1.047008219e-05,row,0,-1.000000000e+00,-1.000000
cuda_warp_tiled(tile32),double,local,local,16384,16384,8,1,1,1,14,1.740000000e-07,2.446250600e-02,1.183500000e-04,2.458103000e-02,2.404230063e-02,2.392377663e-02,5.387293734e-04,178.642109,179.527144,179.527144,3.082880080e-04,2.198079973e-04,1.063336809e-05,row,0,-1.000000000e+00,-1.000000
cuda_warp_tiled(tile32),double,local,local,16384,16384,8,1,1,1,15,1.720000000e-07,2.447014500e-02,1.193480000e-04,2.458966500e-02,2.404825573e-02,2.392873573e-02,5.414092670e-04,178.597872,179.489938,179.489938,3.063040078e-04,2.248640060e-04,1.024125316e-05,row,0,-1.000000000e+00,-1.000000
cuda_warp_tiled(tile32),double,local,local,16384,16384,8,1,1,1,16,1.669999998e-07,2.446188800e-02,1.191930000e-04,2.458124800e-02,2.404128078e-02,2.392192078e-02,5.399672236e-04,178.649687,179.541072,179.541072,3.076480031e-04,2.218240052e-04,1.049521529e-05,row,0,-1.000000000e+00,-1.000000
cuda_warp_tiled(tile32),double,local,local,16384,16384,8,1,1,1,17,1.540000001e-07,2.446636800e-02,1.229730000e-04,2.458949500e-02,2.404731943e-02,2.392419243e-02,5.421755714e-04,178.604826,179.524024,179.524024,3.132799864e-04,2.193599939e-04,9.535591095e-06,row,0,-1.000000000e+00,-1.000000
cuda_warp_tiled(tile32),double,local,local,16384,16384,8,1,1,1,18,6.299999997e-07,2.448589300e-02,1.224650000e-04,2.460898800e-02,2.405336615e-02,2.393027115e-02,5.556218513e-04,178.559927,179.478422,179.478422,3.097279966e-04,2.359360009e-04,9.957853787e-06,row,0,-1.000000000e+00,-1.000000
cuda_warp_tiled(tile32),double,local,local,16384,16384,8,1,1,1,19,2.150000000e-07,2.447314800e-02,1.190410000e-04,2.459240400e-02,2.404827974e-02,2.392902374e-02,5.441242573e-04,178.597694,179.487778,179.487778,3.065600097e-04,2.272959948e-04,1.026825285e-05,row,0,-1.000000000e+00,-1.000000
cuda_warp_tiled(tile32),double,local,local,16384,16384,8,1,1,1,20,1.080000001e-07,2.447578100e-02,1.192800000e-04,2.459516900e-02,2.404198016e-02,2.392259216e-02,5.531888369e-04,178.644490,179.536033,179.536033,3.082239926e-04,2.341119945e-04,1.085284982e-05,row,0,-1.000000000e+00,-1.000000
cuda_warp_tiled(tile32),double,local,local,16384,16384,20,1,1,1,1,9.499999987e-08,6.102396200e-02,3.136790000e-04,6.133773600e-02,6.023441304e-02,5.992063904e-02,1.103322962e-03,178.260527,179.193987,179.193987,5.922560096e-04,4.990079999e-04,1.205895244e-05,row,0,-1.000000000e+00,-1.000000
cuda_warp_tiled(tile32),double,local,local,16384,16384,20,1,1,1,2,1.089999999e-07,6.101256000e-02,3.015700000e-04,6.131423900e-02,6.021099220e-02,5.990931320e-02,1.103246798e-03,178.329867,179.227864,179.227864,5.983999968e-04,4.938560128e-04,1.099078852e-05,row,0,-1.000000000e+00,-1.000000
cuda_warp_tiled(tile32),double,local,local,16384,16384,20,1,1,1,3,1.450000000e-07,6.102168200e-02,3.142700000e-04,6.133609700e-02,6.022779085e-02,5.991337585e-02,1.108306146e-03,178.280128,179.215711,179.215711,6.193280220e-04,4.779199958e-04,1.105812772e-05,row,0,-1.000000000e+00,-1.000000
cuda_warp_tiled(tile32),double,local,local,16384,16384,20,1,1,1,4,9.300000015e-08,6.102204000e-02,3.092770000e-04,6.133141000e-02,6.022959324e-02,5.992022324e-02,1.101816764e-03,178.274793,179.195231,179.195231,5.945600271e-04,4.954879880e-04,1.176874880e-05,row,0,-1.000000000e+00,-1.000000
cuda_warp_tiled(tile32),double,local,local,16384,16384,20,1,1,1,5,1.189999996e-07,6.102015800e-02,3.051190000e-04,6.132539600e-02,6.021877407e-02,5.991353607e-02,1.106621928e-03,178.306822,179.215232,179.215232,6.026560068e-04,4.939199984e-04,1.004592300e-05,row,0,-1.000000000e+00,-1.000000
cuda_warp_tiled(tile32),double,local,local,16384,16384,20,1,1,1,6,1.350000001e-07,6.106570200e-02,3.052330000e-04,6.137107000e-02,6.030562358e-02,6.000025558e-02,1.065446415e-03,178.050033,178.956208,178.956208,5.935999751e-04,4.611519873e-04,1.069445286e-05,row,0,-1.000000000e+00,-1.000000
cuda_warp_tiled(tile32),double,local,local,16384,16384,20,1,1,1,7,1.869999999e-07,6.099879200e-02,3.014190000e-04,6.130039800e-02,6.023312455e-02,5.993151855e-02,1.067273445e-03,178.264341,179.161458,179.161458,5.889919996e-04,4.673599899e-04,1.092145580e-05,row,0,-1.000000000e+00,-1.000000
cuda_warp_tiled(tile32),double,local,local,16384,16384,20,1,1,1,8,2.019999998e-07,6.146080100e-02,3.156290000e-04,6.177663200e-02,6.018491822e-02,5.986908722e-02,1.591713781e-03,178.407125,179.348287,179.348287,5.977920294e-04,9.775040150e-04,1.641773641e-05,row,0,-1.000000000e+00,-1.000000
cuda_warp_tiled(tile32),double,local,local,16384,16384,20,1,1,1,9,1.510000001e-07,6.152679600e-02,3.080820000e-04,6.183502900e-02,6.023674557e-02,5.992851257e-02,1.598283427e-03,178.253625,179.170445,179.170445,1.116672039e-03,4.703040123e-04,1.130737543e-05,row,0,-1.000000000e+00,-1.000000
cuda_warp_tiled(tile32),double,local,local,16384,16384,20,1,1,1,10,1.409999997e-07,6.107075700e-02,8.821880000e-04,6.195308600e-02,6.085391332e-02,5.997158432e-02,1.099172680e-03,176.445813,179.041764,179.041764,5.935360193e-04,4.936960042e-04,1.194065645e-05,row,0,-1.000000000e+00,-1.000000
cuda_warp_tiled(tile32),double,local,local,16384,16384,20,1,1,1,11,7.819999999e-07,6.101222500e-02,3.040440000e-04,6.131705100e-02,6.023586772e-02,5.993104172e-02,1.081183282e-03,178.256223,179.162883,179.162883,6.050879955e-04,4.662080109e-04,9.887276029e-06,row,0,-1.000000000e+00,-1.000000
cuda_warp_tiled(tile32),double,local,local,16384,16384,20,1,1,1,12,1.100000002e-07,6.096801700e-02,3.007160000e-04,6.126884300e-02,6.021266453e-02,5.991183853e-02,1.056178469e-03,178.324914,179.220309,179.220309,5.881279707e-04,4.570240080e-04,1.102648977e-05,row,0,-1.000000000e+00,-1.000000
cuda_warp_tiled(tile32),double,local,local,16384,16384,20,1,1,1,13,1.070000000e-07,6.095033900e-02,3.116820000e-04,6.126212800e-02,6.019895788e-02,5.988716888e-02,1.063170116e-03,178.365517,179.294137,179.294137,5.966719985e-04,4.551360011e-04,1.136211611e-05,row,0,-1.000000000e+00,-1.000000
cuda_warp_tiled(tile32),double,local,local,16384,16384,20,1,1,1,14,1.030000001e-07,6.101086100e-02,3.062180000e-04,6.131718200e-02,6.023320088e-02,5.992687988e-02,1.083981117e-03,178.264115,179.175326,179.175326,6.056640148e-04,4.672000110e-04,1.111709136e-05,row,0,-1.000000000e+00,-1.000000
cuda_warp_tiled(tile32),double,local,local,16384,16384,20,1,1,1,15,1.080000001e-07,6.123255700e-02,3.024530000e-04,6.153511800e-02,6.046617718e-02,6.016361618e-02,1.068940820e-03,177.577263,178.470294,178.470294,5.952320099e-04,4.626240134e-04,1.108479627e-05,row,0,-1.000000000e+00,-1.000000
cuda_warp_tiled(tile32),double,local,local,16384,16384,20,1,1,1,16,1.159999998e-07,6.141513900e-02,8.833950000e-04,6.229865000e-02,6.121458476e-02,6.033107376e-02,1.084065239e-03,175.406209,177.974924,177.974924,5.914239883e-04,4.805440009e-04,1.209724981e-05,row,0,-1.000000000e+00,-1.000000
cuda_warp_tiled(tile32),double,local,local,16384,16384,20,1,1,1,17,8.419999999e-07,6.131897000e-02,3.005060000e-04,6.162031800e-02,6.056297901e-02,6.026163101e-02,1.057338988e-03,177.293429,178.180014,178.180014,6.003839970e-04,4.452799857e-04,1.167500541e-05,row,0,-1.000000000e+00,-1.000000
cuda_warp_tiled(tile32),double,local,local,16384,16384,20,1,1,1,18,1.379999999e-07,6.118511000e-02,3.216350000e-04,6.150688300e-02,6.044558281e-02,6.012380981e-02,1.061300186e-03,177.637765,178.588454,178.588454,5.992959738e-04,4.512319863e-04,1.077222548e-05,row,0,-1.000000000e+00,-1.000000
cuda_warp_tiled(tile32),double,local,local,16384,16384,20,1,1,1,19,1.350000001e-07,6.120088700e-02,3.137770000e-04,6.151479900e-02,6.045327052e-02,6.013935852e-02,1.061528479e-03,177.615175,178.542281,178.542281,5.956159830e-04,4.542079866e-04,1.170450989e-05,row,0,-1.000000000e+00,-1.000000
cuda_warp_tiled(tile32),double,local,local,16384,16384,20,1,1,1,20,2.000000001e-07,6.130704900e-02,3.044690000e-04,6.161171800e-02,6.054085980e-02,6.023619080e-02,1.070858204e-03,177.358205,178.255266,178.255266,5.996479988e-04,4.596160054e-04,1.159419987e-05,row,0,-1.000000000e+00,-1.000000
cuda_warp_tiled(tile32),double,local,local,16384,16384,32,1,1,1,1,9.180000000e-07,1.916326090e-01,5.481860000e-04,1.921817130e-01,1.894852002e-01,1.889360962e-01,2.696512809e-03,90.666021,90.929523,90.929523,1.835456014e-03,8.497920036e-04,1.126479128e-05,row,0,-1.000000000e+00,-1.000000
cuda_warp_tiled(tile32),double,local,local,16384,16384,32,1,1,1,2,1.780000001e-07,1.916757960e-01,1.494365000e-03,1.931703390e-01,1.905037593e-01,1.890092163e-01,2.666579691e-03,90.181261,90.894346,90.894346,9.659199715e-04,1.686175942e-03,1.448377752e-05,row,0,-1.000000000e+00,-1.000000
cuda_warp_tiled(tile32),double,local,local,16384,16384,32,1,1,1,3,9.219999999e-07,1.919963930e-01,5.586040000e-04,1.925559190e-01,1.898799758e-01,1.893204498e-01,2.675943171e-03,90.477519,90.744921,90.744921,1.820063949e-03,8.431680202e-04,1.271120202e-05,row,0,-1.000000000e+00,-1.000000
cuda_warp_tiled(tile32),double,local,local,16384,16384,32,1,1,1,4,1.420000002e-07,1.916612200e-01,1.504445000e-03,1.931658070e-01,1.904935396e-01,1.889889526e-01,2.672267363e-03,90.186099,90.904092,90.904092,9.720960259e-04,1.686848044e-03,1.332329294e-05,row,0,-1.000000000e+00,-1.000000
cuda_warp_tiled(tile32),double,local,local,16384,16384,32,1,1,1,5,9.240000001e-07,1.917197510e-01,5.593750000e-04,1.922800500e-01,1.895694543e-01,1.890091553e-01,2.710595727e-03,90.625725,90.894376,90.894376,1.853088021e-03,8.447679877e-04,1.273971756e-05,row,0,-1.000000000e+00,-1.000000
cuda_warp_tiled(tile32),double,local,local,16384,16384,32,1,1,1,6,1.489999999e-07,1.908332710e-01,5.503400000e-04,1.913837600e-01,1.895788093e-01,1.890283203e-01,1.804950688e-03,90.621253,90.885160,90.885160,9.703680277e-04,8.227199912e-04,1.186266861e-05,row,0,-1.000000000e+00,-1.000000
cuda_warp_tiled(tile32),double,local,local,16384,16384,32,1,1,1,7,1.560000000e-07,1.908791560e-01,5.365410000e-04,1.914158530e-01,1.895934902e-01,1.890567932e-01,1.822362787e-03,90.614236,90.871472,90.871472,9.676160216e-04,8.427519798e-04,1.199478565e-05,row,0,-1.000000000e+00,-1.000000
cuda_warp_tiled(tile32),double,local,local,16384,16384,32,1,1,1,8,1.419999998e-07,1.926154030e-01,1.758328000e-03,1.943738730e-01,1.915678419e-01,1.898093719e-01,2.806031052e-03,89.680340,90.511174,90.511174,9.983360171e-04,1.790431976e-03,1.726305831e-05,row,0,-1.000000000e+00,-1.000000
cuda_warp_tiled(tile32),double,local,local,16384,16384,32,1,1,1,9,1.077000000e-06,1.913401830e-01,5.622320000e-04,1.919034920e-01,1.895590518e-01,1.889957428e-01,2.344440202e-03,90.630698,90.900826,90.900826,1.394368052e-03,9.371520281e-04,1.292012158e-05,row,0,-1.000000000e+00,-1.000000
cuda_warp_tiled(tile32),double,local,local,16384,16384,32,1,1,1,10,2.060000002e-07,1.907537830e-01,5.756380000e-04,1.913296270e-01,1.894698565e-01,1.888940125e-01,1.859770549e-03,90.673364,90.949782,90.949782,1.026144028e-03,8.202880025e-04,1.333851863e-05,row,0,-1.000000000e+00,-1.000000
cuda_warp_tiled(tile32),double,local,local,16384,16384,32,1,1,1,11,1.679999997e-07,1.913182330e-01,6.021530000e-04,1.919205540e-01,1.900796312e-01,1.894773102e-01,1.840922819e-03,90.382484,90.669797,90.669797,1.014528036e-03,8.132799864e-04,1.311479684e-05,row,0,-1.000000000e+00,-1.000000
cuda_warp_tiled(tile32),double,local,local,16384,16384,32,1,1,1,12,1.379999999e-07,1.913388410e-01,5.506430000e-04,1.918896220e-01,1.900754850e-01,1.895247040e-01,1.814137021e-03,90.384455,90.647123,90.647123,9.741759896e-04,8.265600204e-04,1.340101043e-05,row,0,-1.000000000e+00,-1.000000
cuda_warp_tiled(tile32),double,local,local,16384,16384,32,1,1,1,13,1.630000002e-07,1.908274550e-01,5.517460000e-04,1.913793640e-01,1.895697923e-01,1.890178833e-01,1.809571699e-03,90.625563,90.890179,90.890179,9.818559885e-04,8.163200021e-04,1.139570864e-05,row,0,-1.000000000e+00,-1.000000
cuda_warp_tiled(tile32),double,local,local,16384,16384,32,1,1,1,14,1.300000001e-07,1.908146870e-01,5.468490000e-04,1.913616660e-01,1.895255709e-01,1.889785919e-01,1.836095081e-03,90.646709,90.909076,90.909076,9.918720126e-04,8.331519961e-04,1.107107230e-05,row,0,-1.000000000e+00,-1.000000
cuda_warp_tiled(tile32),double,local,local,16384,16384,32,1,1,1,15,1.330000003e-07,1.908566800e-01,5.548860000e-04,1.914116990e-01,1.895992695e-01,1.890442505e-01,1.812429512e-03,90.611474,90.877502,90.877502,9.815999866e-04,8.179200292e-04,1.290949600e-05,row,0,-1.000000000e+00,-1.000000
cuda_warp_tiled(tile32),double,local,local,16384,16384,32,1,1,1,16,1.320000003e-07,1.908601190e-01,5.459020000e-04,1.914061530e-01,1.895886213e-01,1.890425873e-01,1.817531720e-03,90.616563,90.878301,90.878301,9.834880233e-04,8.214399815e-04,1.260371498e-05,row,0,-1.000000000e+00,-1.000000
cuda_warp_tiled(tile32),double,local,local,16384,16384,32,1,1,1,17,1.930000000e-07,1.913282390e-01,5.452180000e-04,1.918736500e-01,1.900703133e-01,1.895249023e-01,1.803336656e-03,90.386915,90.647028,90.647028,9.803199768e-04,8.103680015e-04,1.264867798e-05,row,0,-1.000000000e+00,-1.000000
cuda_warp_tiled(tile32),double,local,local,16384,16384,32,1,1,1,18,1.779999996e-07,1.917003520e-01,1.490480000e-03,1.931910100e-01,1.905512049e-01,1.890605469e-01,2.639805125e-03,90.158806,90.869668,90.869668,9.782720208e-04,1.646687984e-03,1.484511972e-05,row,0,-1.000000000e+00,-1.000000
cuda_warp_tiled(tile32),double,local,local,16384,16384,32,1,1,1,19,1.020000000e-06,1.917067730e-01,5.477700000e-04,1.922555630e-01,1.895977860e-01,1.890489960e-01,2.657777028e-03,90.612182,90.875220,90.875220,1.809407949e-03,8.364160061e-04,1.195307278e-05,row,0,-1.000000000e+00,-1.000000
cuda_warp_tiled(tile32),double,local,local,16384,16384,32,1,1,1,20,4.279999999e-07,1.907372790e-01,5.493680000e-04,1.912870750e-01,1.894788884e-01,1.889290924e-01,1.808186593e-03,90.669041,90.932894,90.932894,9.916160107e-04,8.032960296e-04,1.327455254e-05,row,0,-1.000000000e+00,-1.000000
