kernel,scalar,a_mode,x_mode,M,N,k,P,pr,pc,rep,t_bcast_s,t_local_s,t_reduce_s,t_total_s,t_official_s,t_kernel_s,t_transfer_runtime_overhead_s,gflops,gflops_compute,gflops_kernel,t_h2d_X_s,t_d2h_Y_s,t_launch_overhead_s,x_layout,group_timing,t_local_group_s,gflops_local_group
cuda_warp_smem,double,global,global,16384,16384,3,8,1,8,1,3.099999999e-07,6.465139000e-03,5.624121000e-03,6.806522000e-03,6.315410026e-03,6.914880276e-04,5.777394979e-03,255.029005,2329.198297,2329.198297,5.663904190e-03,1.255359948e-04,2.222598687e-05,row,0,-1.000000000e+00,-1.000000
cuda_warp_smem,double,global,global,16384,16384,3,8,1,8,2,2.580000000e-07,6.470345000e-03,4.820380000e-03,6.840499000e-03,5.510401016e-03,6.922879815e-04,5.783912996e-03,292.285939,2326.506857,2326.506857,5.640255928e-03,1.184000000e-04,2.525706795e-05,row,0,-1.000000000e+00,-1.000000
cuda_warp_smem,double,global,global,16384,16384,3,8,1,8,3,8.700000000e-07,6.439381000e-03,5.609935000e-03,6.746923000e-03,6.300212018e-03,6.902080178e-04,5.752533015e-03,255.644212,2333.517859,2333.517859,5.652448177e-03,1.182399988e-04,4.701820095e-05,row,0,-1.000000000e+00,-1.000000
cuda_warp_smem,double,global,global,16384,16384,3,8,1,8,4,3.290000001e-07,6.465547000e-03,4.821047000e-03,6.831604000e-03,5.510570997e-03,6.919999719e-04,5.777386998e-03,292.276923,2327.475147,2327.475147,5.649951935e-03,1.081599966e-04,2.269699554e-05,row,0,-1.000000000e+00,-1.000000
cuda_warp_smem,double,global,global,16384,16384,3,8,1,8,5,6.049999999e-07,6.442241000e-03,4.169653000e-03,6.731531000e-03,4.858419027e-03,6.916800141e-04,5.752064990e-03,331.509639,2328.551791,2328.551791,5.638783932e-03,1.275199950e-04,1.699599339e-05,row,0,-1.000000000e+00,-1.000000
cuda_warp_smem,double,global,global,16384,16384,3,8,1,8,6,2.939999999e-07,6.444462000e-03,5.605557000e-03,6.731770000e-03,6.295773010e-03,5.529600143e-03,5.755949973e-03,255.824461,291.271104,291.271104,5.649280071e-03,1.114559993e-04,2.374204391e-05,row,0,-1.000000000e+00,-1.000000
cuda_warp_smem,double,global,global,16384,16384,3,8,1,8,7,8.830000002e-07,6.461818000e-03,4.821944000e-03,6.820895000e-03,5.511997024e-03,6.912639737e-04,5.774105986e-03,292.201307,2329.953241,2329.953241,5.638463974e-03,1.842239946e-04,2.157084363e-05,row,0,-1.000000000e+00,-1.000000
cuda_warp_smem,double,global,global,16384,16384,3,8,1,8,8,2.740000000e-07,6.459219000e-03,4.823492000e-03,6.832127000e-03,5.513490993e-03,6.907520294e-04,5.769714973e-03,292.122131,2331.680064,2331.680064,5.640672207e-03,1.072639972e-04,2.543873779e-05,row,0,-1.000000000e+00,-1.000000
cuda_warp_smem,double,global,global,16384,16384,3,8,1,8,9,2.749999997e-07,6.459004000e-03,4.820988000e-03,6.802620000e-03,5.510713991e-03,6.922240257e-04,5.770204023e-03,292.269339,2326.721807,2326.721807,5.643167973e-03,1.054399982e-04,2.770983333e-05,row,0,-1.000000000e+00,-1.000000
cuda_warp_smem,double,global,global,16384,16384,3,8,1,8,10,2.729999999e-07,6.453219000e-03,4.806818000e-03,6.800895000e-03,5.497029987e-03,6.904640198e-04,5.765282992e-03,292.996898,2332.652665,2332.652665,5.639391899e-03,1.055679992e-04,2.581191217e-05,row,0,-1.000000000e+00,-1.000000
cuda_warp_smem,double,global,global,16384,16384,3,8,1,8,11,2.539999997e-07,6.467483000e-03,4.799430000e-03,6.821289000e-03,5.493464993e-03,6.938239932e-04,5.777179019e-03,293.187039,2321.356355,2321.356355,5.642303944e-03,1.107520014e-04,2.412307366e-05,row,0,-1.000000000e+00,-1.000000
cuda_warp_smem,double,global,global,16384,16384,3,8,1,8,12,2.390000002e-07,6.476146000e-03,4.817923000e-03,6.854187000e-03,5.510417974e-03,6.922559738e-04,5.788114029e-03,292.285040,2326.614427,2326.614427,5.649759769e-03,1.166720018e-04,2.582394506e-05,row,0,-1.000000000e+00,-1.000000
cuda_warp_smem,double,global,global,16384,16384,3,8,1,8,13,4.819999999e-07,6.460313000e-03,4.798758000e-03,6.829385000e-03,5.489003010e-03,6.901760101e-04,5.770136990e-03,293.425369,2333.626079,2333.626079,5.629087925e-03,1.119360030e-04,2.911306194e-05,row,0,-1.000000000e+00,-1.000000
cuda_warp_smem,double,global,global,16384,16384,3,8,1,8,14,3.189999997e-07,6.443114000e-03,5.610590000e-03,6.782468000e-03,6.300866010e-03,6.901760101e-04,5.754633980e-03,255.617678,2333.626079,2333.626079,5.644063950e-03,1.019840017e-04,2.594910770e-05,row,0,-1.000000000e+00,-1.000000
cuda_warp_smem,double,global,global,16384,16384,3,8,1,8,15,2.400000003e-07,6.452618000e-03,5.632080000e-03,6.793473000e-03,6.322458981e-03,6.954240203e-04,5.764490005e-03,254.744671,2316.015393,2316.015393,5.652128220e-03,1.286080033e-04,2.686304001e-05,row,0,-1.000000000e+00,-1.000000
cuda_warp_smem,double,global,global,16384,16384,3,8,1,8,16,2.389999998e-07,6.474014000e-03,4.830426000e-03,6.835045000e-03,5.520279022e-03,6.909120083e-04,5.788509981e-03,291.762922,2331.140169,2331.140169,5.649343967e-03,1.152319983e-04,2.393401504e-05,row,0,-1.000000000e+00,-1.000000
cuda_warp_smem,double,global,global,16384,16384,3,8,1,8,17,2.300000004e-07,6.464254000e-03,4.812132000e-03,6.817343000e-03,5.502433010e-03,6.909440160e-04,5.776061990e-03,292.709195,2331.032180,2331.032180,5.644447803e-03,1.093759984e-04,2.655204727e-05,row,0,-1.000000000e+00,-1.000000
cuda_warp_smem,double,global,global,16384,16384,3,8,1,8,18,2.490000002e-07,6.451476000e-03,5.621717000e-03,6.793653000e-03,6.310027025e-03,6.944640279e-04,5.764243982e-03,255.246567,2319.216938,2319.216938,5.652512074e-03,1.191359982e-04,2.477099488e-05,row,0,-1.000000000e+00,-1.000000
cuda_warp_smem,double,global,global,16384,16384,3,8,1,8,19,2.060000002e-07,6.461827000e-03,4.816717000e-03,6.806663000e-03,5.505344983e-03,6.921600103e-04,5.773699005e-03,292.554371,2326.936997,2326.936997,5.641727924e-03,1.083519980e-04,2.600679447e-05,row,0,-1.000000000e+00,-1.000000
cuda_warp_smem,double,global,global,16384,16384,3,8,1,8,20,2.139999999e-07,6.895110000e-03,5.071931000e-03,7.276992000e-03,5.760474012e-03,8.658239841e-04,6.029286016e-03,279.597258,1860.208039,1860.208039,5.876704216e-03,1.291200072e-04,2.346179269e-05,row,0,-1.000000000e+00,-1.000000
cuda_warp_smem,double,global,global,16384,16384,6,8,1,8,1,5.089999999e-07,1.114070600e-02,9.670351000e-03,1.181366800e-02,1.150016876e-02,1.082067204e-02,4.215438896e-04,280.102452,297.691813,297.691813,1.358080059e-04,2.612479925e-04,2.448789114e-05,row,0,-1.000000000e+00,-1.000000
cuda_warp_smem,double,global,global,16384,16384,6,8,1,8,2,6.980000000e-07,1.117540900e-02,9.705488000e-03,1.201613300e-02,1.167948995e-02,1.079049587e-02,4.129249905e-04,275.801896,298.524323,298.524323,1.446720064e-04,2.718400061e-04,2.576093625e-05,row,0,-1.000000000e+00,-1.000000
cuda_warp_smem,double,global,global,16384,16384,6,8,1,8,3,5.630000000e-07,1.120898300e-02,8.298031000e-03,1.211364700e-02,1.171748861e-02,1.078057575e-02,4.284072477e-04,274.907498,298.799020,298.799020,1.403200030e-04,2.624000013e-04,2.610325404e-05,row,0,-1.000000000e+00,-1.000000
cuda_warp_smem,double,global,global,16384,16384,6,8,1,8,4,4.350000000e-07,1.118133100e-02,9.701206000e-03,1.203312000e-02,1.166248288e-02,1.082287979e-02,4.307820928e-04,276.204090,297.631087,297.631087,1.450559944e-04,2.663039863e-04,3.605008230e-05,row,0,-1.000000000e+00,-1.000000
cuda_warp_smem,double,global,global,16384,16384,6,8,1,8,5,5.929999998e-07,1.115876500e-02,9.662652000e-03,1.181590400e-02,1.143558518e-02,1.079116821e-02,3.991898500e-04,281.684358,298.505723,298.505723,1.504639983e-04,2.666240036e-04,3.381384689e-05,row,0,-1.000000000e+00,-1.000000
cuda_warp_smem,double,global,global,16384,16384,6,8,1,8,6,5.130000003e-07,1.120419000e-02,8.288793000e-03,1.212648300e-02,1.175432803e-02,1.079424000e-02,4.099500021e-04,274.045906,298.420776,298.420776,1.518719941e-04,2.590399981e-04,2.491026148e-05,row,0,-1.000000000e+00,-1.000000
cuda_warp_smem,double,global,global,16384,16384,6,8,1,8,7,4.270000002e-07,1.113630400e-02,9.656810000e-03,1.179729100e-02,1.146107508e-02,1.080441570e-02,4.148929564e-04,281.057881,298.139720,298.139720,1.359679997e-04,2.704640031e-04,2.506895338e-05,row,0,-1.000000000e+00,-1.000000
cuda_warp_smem,double,global,global,16384,16384,6,8,1,8,8,3.820000001e-07,1.117841100e-02,9.706516000e-03,1.205421900e-02,1.171931505e-02,1.079756832e-02,4.175880609e-04,274.864654,298.328788,298.328788,1.361279935e-04,2.757120132e-04,2.446805516e-05,row,0,-1.000000000e+00,-1.000000
cuda_warp_smem,double,global,global,16384,16384,6,8,1,8,9,3.790000003e-07,1.118047400e-02,7.286300000e-03,1.184399100e-02,1.144248007e-02,1.078390408e-02,4.377723322e-04,281.514624,298.706799,298.706799,1.519359946e-04,2.714560032e-04,2.967633166e-05,row,0,-1.000000000e+00,-1.000000
cuda_warp_smem,double,global,global,16384,16384,6,8,1,8,10,3.880000001e-07,1.113828000e-02,8.384215000e-03,1.179858200e-02,1.143978404e-02,1.077481556e-02,4.197104726e-04,281.580969,298.958758,298.958758,1.478720009e-04,2.661119998e-04,2.371047474e-05,row,0,-1.000000000e+00,-1.000000
cuda_warp_smem,double,global,global,16384,16384,6,8,1,8,11,4.690000002e-07,1.124530000e-02,8.305633000e-03,1.214423400e-02,1.175897430e-02,1.078083229e-02,4.644677094e-04,273.937623,298.791910,298.791910,1.365440041e-04,2.996160090e-04,2.830769627e-05,row,0,-1.000000000e+00,-1.000000
cuda_warp_smem,double,global,global,16384,16384,6,8,1,8,12,5.169999997e-07,1.115579400e-02,9.663966000e-03,1.181852300e-02,1.142826091e-02,1.085023975e-02,4.294585759e-04,281.864887,296.880580,296.880580,1.373759955e-04,2.644479871e-04,2.800384095e-05,row,0,-1.000000000e+00,-1.000000
cuda_warp_smem,double,global,global,16384,16384,6,8,1,8,13,4.329999999e-07,1.115278100e-02,9.677311000e-03,1.180797700e-02,1.145995283e-02,1.080787182e-02,4.239298599e-04,281.085404,298.044382,298.044382,1.428160071e-04,2.623359859e-04,2.639474569e-05,row,0,-1.000000000e+00,-1.000000
cuda_warp_smem,double,global,global,16384,16384,6,8,1,8,14,3.610000001e-07,1.122038700e-02,8.289507000e-03,1.210737400e-02,1.172463511e-02,1.078307247e-02,4.373145284e-04,274.739934,298.729836,298.729836,1.414719969e-04,2.689599991e-04,2.688253239e-05,row,0,-1.000000000e+00,-1.000000
cuda_warp_smem,double,global,global,16384,16384,6,8,1,8,15,3.780000002e-07,1.114342100e-02,9.677274000e-03,1.182246700e-02,1.143213988e-02,1.085539246e-02,4.455881443e-04,281.769249,296.739660,296.739660,1.686400026e-04,2.583999932e-04,2.411910847e-05,row,0,-1.000000000e+00,-1.000000
cuda_warp_smem,double,global,global,16384,16384,6,8,1,8,16,4.730000001e-07,1.118366100e-02,9.709422000e-03,1.205075600e-02,1.167897704e-02,1.082559967e-02,4.208290905e-04,275.814009,297.556308,297.556308,1.426240057e-04,2.568320036e-04,2.425502653e-05,row,0,-1.000000000e+00,-1.000000
cuda_warp_smem,double,global,global,16384,16384,6,8,1,8,17,5.289999998e-07,1.115958400e-02,9.695155000e-03,1.182993100e-02,1.144829589e-02,1.085894394e-02,1.586961363e-03,281.371612,296.642610,296.642610,1.493439972e-04,1.426079988e-03,2.699336804e-05,row,0,-1.000000000e+00,-1.000000
cuda_warp_smem,double,global,global,16384,16384,6,8,1,8,18,3.770000001e-07,1.123778900e-02,8.304418000e-03,1.215518300e-02,1.176325065e-02,1.078313637e-02,4.546526322e-04,273.838038,298.728066,298.728066,1.552319974e-04,2.818239927e-04,2.483257524e-05,row,0,-1.000000000e+00,-1.000000
cuda_warp_smem,double,global,global,16384,16384,6,8,1,8,19,4.150000001e-07,1.122616500e-02,8.302934000e-03,1.213308700e-02,1.174243720e-02,1.078105640e-02,4.451085959e-04,274.323415,298.785699,298.785699,1.415359974e-04,2.896000147e-04,2.538675743e-05,row,0,-1.000000000e+00,-1.000000
cuda_warp_smem,double,global,global,16384,16384,6,8,1,8,20,6.570000002e-07,1.120995300e-02,9.737356000e-03,1.210548200e-02,1.171352294e-02,1.084713554e-02,4.178697740e-04,275.000569,296.965541,296.965541,1.496320069e-04,2.493759990e-04,2.541607910e-05,row,0,-1.000000000e+00,-1.000000
cuda_warp_smem,double,global,global,16384,16384,8,8,1,8,1,3.130000001e-07,1.459931200e-02,1.268366600e-02,1.557032400e-02,1.504516664e-02,1.418153572e-02,5.251573583e-04,285.471567,302.856290,302.856290,1.979839951e-04,3.514879942e-04,2.465627345e-05,row,0,-1.000000000e+00,-1.000000
cuda_warp_smem,double,global,global,16384,16384,8,8,1,8,2,4.730000001e-07,1.462467100e-02,1.271162200e-02,1.583252100e-02,1.534579420e-02,1.418432045e-02,5.012796203e-04,279.879115,302.796832,302.796832,1.941760033e-04,3.212159872e-04,2.541482123e-05,row,0,-1.000000000e+00,-1.000000
cuda_warp_smem,double,global,global,16384,16384,8,8,1,8,3,4.809999998e-07,1.463267700e-02,1.088843700e-02,1.580837300e-02,1.526509762e-02,1.420550442e-02,5.432753755e-04,281.358652,302.345286,302.345286,1.957760006e-04,3.276160061e-04,2.457299298e-05,row,0,-1.000000000e+00,-1.000000
cuda_warp_smem,double,global,global,16384,16384,8,8,1,8,4,5.490000001e-07,1.462344700e-02,1.269337300e-02,1.556785700e-02,1.504416421e-02,1.414358425e-02,5.236927865e-04,285.490589,303.668944,303.668944,1.847680062e-04,3.202880025e-04,2.298999004e-05,row,0,-1.000000000e+00,-1.000000
cuda_warp_smem,double,global,global,16384,16384,8,8,1,8,5,4.150000001e-07,1.465741400e-02,1.087552000e-02,1.577718600e-02,1.528972439e-02,1.416995239e-02,5.170389886e-04,280.905475,303.103862,303.103862,1.947200000e-04,3.581439853e-04,2.208560285e-05,row,0,-1.000000000e+00,-1.000000
cuda_warp_smem,double,global,global,16384,16384,8,8,1,8,6,4.489999998e-07,1.462288300e-02,1.085823100e-02,1.574628900e-02,1.529233007e-02,1.415740776e-02,5.254371305e-04,280.857611,303.372437,303.372437,1.891520023e-04,3.165760040e-04,2.410292754e-05,row,0,-1.000000000e+00,-1.000000
cuda_warp_smem,double,global,global,16384,16384,8,8,1,8,7,4.459999996e-07,1.461414300e-02,1.268311000e-02,1.615326700e-02,1.566961269e-02,1.412908840e-02,5.311511180e-04,274.095307,303.980496,303.980496,1.863040030e-04,3.206720054e-04,2.417510958e-05,row,0,-1.000000000e+00,-1.000000
cuda_warp_smem,double,global,global,16384,16384,8,8,1,8,8,1.950000000e-06,1.459971600e-02,1.268245400e-02,1.548921800e-02,1.490125889e-02,1.412534428e-02,5.879591062e-04,288.228486,304.061070,304.061070,1.871040016e-04,3.160640001e-04,9.179909074e-05,row,0,-1.000000000e+00,-1.000000
cuda_warp_smem,double,global,global,16384,16384,8,8,1,8,9,4.120000003e-07,1.460028500e-02,1.267633500e-02,1.548731300e-02,1.502726400e-02,1.413440037e-02,5.414569268e-04,285.811662,303.866254,303.866254,1.871680021e-04,3.287039995e-04,2.558492513e-05,row,0,-1.000000000e+00,-1.000000
cuda_warp_smem,double,global,global,16384,16384,8,8,1,8,10,3.850000003e-07,1.461949900e-02,1.086984700e-02,1.577707700e-02,1.529372695e-02,1.414159966e-02,5.281909229e-04,280.831959,303.711560,303.711560,1.869760007e-04,3.255360126e-04,2.488604308e-05,row,0,-1.000000000e+00,-1.000000
cuda_warp_smem,double,global,global,16384,16384,8,8,1,8,11,6.099999998e-07,1.463463800e-02,1.269381400e-02,1.573428900e-02,1.522220584e-02,1.415961647e-02,5.120831608e-04,282.151440,303.325115,303.325115,1.948480010e-04,3.218240142e-04,2.149114300e-05,row,0,-1.000000000e+00,-1.000000
cuda_warp_smem,double,global,global,16384,16384,8,8,1,8,12,5.179999998e-07,1.462263500e-02,1.084968800e-02,1.570437400e-02,1.524473754e-02,1.415539169e-02,5.133122173e-04,281.734420,303.415645,303.415645,1.935359985e-04,3.115200102e-04,2.443644766e-05,row,0,-1.000000000e+00,-1.000000
cuda_warp_smem,double,global,global,16384,16384,8,8,1,8,13,5.870000002e-07,1.462477900e-02,1.089538000e-02,1.581881300e-02,1.530427666e-02,1.411903954e-02,5.145363427e-04,280.638373,304.196846,304.196846,1.874559969e-04,3.248319924e-04,2.305005749e-05,row,0,-1.000000000e+00,-1.000000
cuda_warp_smem,double,global,global,16384,16384,8,8,1,8,14,4.150000001e-07,1.461331900e-02,1.086905700e-02,1.577819000e-02,1.524949193e-02,1.409907246e-02,5.286980737e-04,281.646583,304.627649,304.627649,1.914560050e-04,3.210879862e-04,2.482608150e-05,row,0,-1.000000000e+00,-1.000000
cuda_warp_smem,double,global,global,16384,16384,8,8,1,8,15,3.430000000e-07,1.460893000e-02,1.100129800e-02,1.555544800e-02,1.499701853e-02,1.418336010e-02,5.584294736e-04,286.388077,302.817334,302.817334,1.902399957e-04,3.456639946e-04,2.408015398e-05,row,0,-1.000000000e+00,-1.000000
cuda_warp_smem,double,global,global,16384,16384,8,8,1,8,16,4.240000000e-07,1.463125000e-02,1.269216800e-02,1.574429900e-02,1.527740616e-02,1.409759998e-02,5.336500168e-04,281.131970,304.659467,304.659467,1.932159960e-04,3.177280128e-04,2.465803027e-05,row,0,-1.000000000e+00,-1.000000
cuda_warp_smem,double,global,global,16384,16384,8,8,1,8,17,3.380000000e-07,1.463874200e-02,1.087975500e-02,1.573386100e-02,1.526097536e-02,1.416585636e-02,5.202149164e-04,281.434652,303.191504,303.191504,1.899199933e-04,3.302400112e-04,2.408562614e-05,row,0,-1.000000000e+00,-1.000000
cuda_warp_smem,double,global,global,16384,16384,8,8,1,8,18,3.820000001e-07,1.460527700e-02,1.267472700e-02,1.550061200e-02,1.499541485e-02,1.416745567e-02,5.051971484e-04,286.418705,303.157278,303.157278,1.844480038e-04,3.218240142e-04,2.148513090e-05,row,0,-1.000000000e+00,-1.000000
cuda_warp_smem,double,global,global,16384,16384,8,8,1,8,19,3.190000002e-07,1.462061900e-02,1.087102200e-02,1.572955800e-02,1.520030109e-02,1.420233631e-02,5.292569143e-04,282.558041,302.412730,302.412730,1.885440052e-04,3.295359910e-04,2.400890415e-05,row,0,-1.000000000e+00,-1.000000
cuda_warp_smem,double,global,global,16384,16384,8,8,1,8,20,5.030000003e-07,1.462436300e-02,1.086887800e-02,1.577177800e-02,1.530079997e-02,1.414118385e-02,5.163259296e-04,280.702140,303.720490,303.720490,1.872320026e-04,3.186880052e-04,2.342992412e-05,row,0,-1.000000000e+00,-1.000000
cuda_warp_smem,double,global,global,16384,16384,20,8,1,8,1,3.730000002e-07,3.877370100e-02,6.492486000e-03,4.416760800e-02,4.263751376e-02,3.754275131e-02,1.572572004e-03,251.830308,286.005097,286.005097,4.579840004e-04,1.081696033e-03,3.672966085e-05,row,0,-1.000000000e+00,-1.000000
cuda_warp_smem,double,global,global,16384,16384,20,8,1,8,2,3.390000001e-07,3.868789300e-02,6.372902000e-03,4.401651900e-02,4.257716757e-02,3.734329605e-02,1.467011645e-03,252.187237,287.532687,287.532687,4.383679926e-04,1.098399997e-03,3.106909010e-05,row,0,-1.000000000e+00,-1.000000
cuda_warp_smem,double,global,global,16384,16384,20,8,1,8,3,4.140000001e-07,3.883643300e-02,6.838453000e-03,4.403850900e-02,4.279279164e-02,3.755689621e-02,1.570163044e-03,250.916517,285.897380,285.897380,4.502719939e-04,1.159232020e-03,3.099735008e-05,row,0,-1.000000000e+00,-1.000000
cuda_warp_smem,double,global,global,16384,16384,20,8,1,8,4,2.980000002e-07,3.868390200e-02,5.794669000e-03,4.386178200e-02,4.242416647e-02,3.735571289e-02,1.437615526e-03,253.096740,287.437112,287.437112,4.358400106e-04,1.088160038e-03,2.884749761e-05,row,0,-1.000000000e+00,-1.000000
cuda_warp_smem,double,global,global,16384,16384,20,8,1,8,5,3.979999996e-07,3.892681900e-02,6.097941000e-03,4.409482500e-02,4.267347328e-02,3.753564835e-02,1.623882722e-03,251.618099,286.059219,286.059219,4.535360038e-04,1.226336002e-03,3.786372322e-05,row,0,-1.000000000e+00,-1.000000
cuda_warp_smem,double,global,global,16384,16384,20,8,1,8,6,6.319999999e-07,3.884119500e-02,5.498204000e-03,4.398962600e-02,4.268926352e-02,3.754083252e-02,1.406282052e-03,251.525029,286.019716,286.019716,4.420799911e-04,1.080991983e-03,3.101125458e-05,row,0,-1.000000000e+00,-1.000000
cuda_warp_smem,double,global,global,16384,16384,20,8,1,8,7,3.940000002e-07,3.883137800e-02,6.095862000e-03,4.398897900e-02,4.242448470e-02,3.754579163e-02,1.564494300e-03,253.094842,285.981938,285.981938,4.473600090e-04,1.220607996e-03,3.439119037e-05,row,0,-1.000000000e+00,-1.000000
cuda_warp_smem,double,global,global,16384,16384,20,8,1,8,8,4.730000001e-07,3.863931200e-02,5.511582000e-03,4.380258900e-02,4.250746950e-02,3.734419250e-02,1.403034729e-03,252.600740,287.525784,287.525784,4.418559968e-04,1.082944036e-03,3.215881545e-05,row,0,-1.000000000e+00,-1.000000
cuda_warp_smem,double,global,global,16384,16384,20,8,1,8,9,2.700000001e-07,3.893921700e-02,5.863821000e-03,4.415125900e-02,4.264884915e-02,3.755545425e-02,1.544985878e-03,251.763376,285.908357,285.908357,4.575040042e-04,1.148128033e-03,3.157781358e-05,row,0,-1.000000000e+00,-1.000000
cuda_warp_smem,double,global,global,16384,16384,20,8,1,8,10,3.370000003e-07,3.971478400e-02,5.380658000e-03,4.509577900e-02,4.243296352e-02,3.734835052e-02,3.219578566e-03,253.044269,287.493774,287.493774,4.360640049e-04,2.915296078e-03,3.452930250e-05,row,0,-1.000000000e+00,-1.000000
cuda_warp_smem,double,global,global,16384,16384,20,8,1,8,11,3.220000000e-07,3.876050000e-02,6.137346000e-03,4.393442300e-02,4.249603777e-02,3.757955170e-02,1.666838557e-03,252.668691,285.725022,285.725022,4.501439929e-04,1.248191953e-03,3.163859333e-05,row,0,-1.000000000e+00,-1.000000
cuda_warp_smem,double,global,global,16384,16384,20,8,1,8,12,2.950000000e-07,3.890155900e-02,6.846363000e-03,4.434120300e-02,4.283586370e-02,3.759372711e-02,1.701598492e-03,250.664217,285.617284,285.617284,4.303359985e-04,1.334879994e-03,3.295847419e-05,row,0,-1.000000000e+00,-1.000000
cuda_warp_smem,double,global,global,16384,16384,20,8,1,8,13,3.030000002e-07,3.884218200e-02,6.135281000e-03,4.400195900e-02,4.249298495e-02,3.753843307e-02,1.659642297e-03,252.686844,286.037998,286.037998,4.420799911e-04,1.234207988e-03,3.271809820e-05,row,0,-1.000000000e+00,-1.000000
cuda_warp_smem,double,global,global,16384,16384,20,8,1,8,14,3.479999999e-07,3.885478000e-02,5.761192000e-03,4.395681000e-02,4.245353068e-02,3.745401764e-02,1.503279317e-03,252.921679,286.682682,286.682682,4.456000030e-04,1.105247974e-03,3.281010414e-05,row,0,-1.000000000e+00,-1.000000
cuda_warp_smem,double,global,global,16384,16384,20,8,1,8,15,4.680000001e-07,3.893067000e-02,6.763740000e-03,4.429134900e-02,4.297396676e-02,3.757331085e-02,1.496994571e-03,249.858671,285.772480,285.772480,4.447999895e-04,1.151232004e-03,3.045744661e-05,row,0,-1.000000000e+00,-1.000000
cuda_warp_smem,double,global,global,16384,16384,20,8,1,8,16,2.810000002e-07,3.867402900e-02,5.603002000e-03,4.369071800e-02,4.221722916e-02,3.754694366e-02,1.548769261e-03,254.337351,285.973163,285.973163,4.413439929e-04,1.109887958e-03,2.994728962e-05,row,0,-1.000000000e+00,-1.000000
cuda_warp_smem,double,global,global,16384,16384,20,8,1,8,17,5.170000001e-07,3.870088800e-02,6.575078000e-03,4.389753100e-02,4.258113013e-02,3.737750244e-02,1.463920546e-03,252.163769,287.269548,287.269548,4.437760115e-04,1.111583948e-03,3.453000610e-05,row,0,-1.000000000e+00,-1.000000
cuda_warp_smem,double,global,global,16384,16384,20,8,1,8,18,5.649999997e-07,3.954561200e-02,6.618696000e-03,4.455468700e-02,4.291476276e-02,3.757923126e-02,1.966380738e-03,250.203369,285.727458,285.727458,4.378559887e-04,1.621695995e-03,3.197184772e-05,row,0,-1.000000000e+00,-1.000000
cuda_warp_smem,double,global,global,16384,16384,20,8,1,8,19,6.730000002e-07,3.865758600e-02,5.506171000e-03,4.379708500e-02,4.248794871e-02,3.734844971e-02,1.417949865e-03,252.716795,287.493010,287.493010,4.467200041e-04,1.080832005e-03,2.915705519e-05,row,0,-1.000000000e+00,-1.000000
cuda_warp_smem,double,global,global,16384,16384,20,8,1,8,20,2.840000000e-07,3.881538700e-02,6.196281000e-03,4.444177900e-02,4.312398279e-02,3.734457779e-02,2.043353309e-03,248.989484,287.522818,287.522818,4.366720021e-04,1.669023991e-03,3.429936740e-05,row,0,-1.000000000e+00,-1.000000
cuda_warp_smem,double,global,global,16384,16384,32,8,1,8,1,5.199999999e-07,6.255034800e-02,1.108756500e-02,7.005788300e-02,6.818728623e-02,6.078591919e-02,1.870596767e-03,251.951209,282.629093,282.629093,7.086079717e-04,1.237696052e-03,3.050071087e-05,row,0,-1.000000000e+00,-1.000000
cuda_warp_smem,double,global,global,16384,16384,32,8,1,8,2,5.420000000e-07,6.262821300e-02,1.315053300e-02,7.044108500e-02,6.864476931e-02,6.092457581e-02,1.834956868e-03,250.272080,281.985865,281.985865,6.991360188e-04,1.205343962e-03,2.890974885e-05,row,0,-1.000000000e+00,-1.000000
cuda_warp_smem,double,global,global,16384,16384,32,8,1,8,3,4.720000000e-07,6.253155600e-02,1.323873600e-02,7.044212400e-02,6.864263131e-02,6.083020782e-02,1.846767781e-03,250.279875,282.423319,282.423319,7.050240040e-04,1.209311962e-03,2.976862202e-05,row,0,-1.000000000e+00,-1.000000
cuda_warp_smem,double,global,global,16384,16384,32,8,1,8,4,4.179999999e-07,6.274116900e-02,1.111469600e-02,7.030089400e-02,6.833360551e-02,6.098422241e-02,1.967288488e-03,251.411718,281.710064,281.710064,7.000640035e-04,1.342048049e-03,3.035828678e-05,row,0,-1.000000000e+00,-1.000000
cuda_warp_smem,double,global,global,16384,16384,32,8,1,8,5,3.790000003e-07,6.287357700e-02,1.098335800e-02,7.121273800e-02,6.922496692e-02,6.112944031e-02,1.987771081e-03,248.174466,281.040839,281.040839,7.185919881e-04,1.339200020e-03,3.522704704e-05,row,0,-1.000000000e+00,-1.000000
cuda_warp_smem,double,global,global,16384,16384,32,8,1,8,6,3.870000000e-07,6.280209300e-02,1.296116800e-02,7.117030500e-02,6.945531416e-02,6.113286591e-02,1.819132294e-03,247.351400,281.025091,281.025091,7.181119919e-04,1.175040007e-03,3.044681787e-05,row,0,-1.000000000e+00,-1.000000
cuda_warp_smem,double,global,global,16384,16384,32,8,1,8,7,3.929999997e-07,6.256297700e-02,1.250936300e-02,7.141704400e-02,6.970589205e-02,6.113414383e-02,1.790239150e-03,246.462224,281.019216,281.019216,6.975359917e-04,1.091104031e-03,2.907192049e-05,row,0,-1.000000000e+00,-1.000000
cuda_warp_smem,double,global,global,16384,16384,32,8,1,8,8,4.610000000e-07,6.257111700e-02,1.252189900e-02,7.140782200e-02,6.972956758e-02,6.077820969e-02,1.792907314e-03,246.378542,282.664943,282.664943,7.102079988e-04,1.088896036e-03,3.006242852e-05,row,0,-1.000000000e+00,-1.000000
cuda_warp_smem,double,global,global,16384,16384,32,8,1,8,9,4.260000002e-07,6.281156800e-02,1.313822800e-02,7.062737800e-02,6.882508588e-02,6.112368011e-02,1.829684212e-03,249.616386,281.067324,281.067324,6.936960220e-04,1.203711987e-03,2.904403880e-05,row,0,-1.000000000e+00,-1.000000
cuda_warp_smem,double,global,global,16384,16384,32,8,1,8,10,5.940000003e-07,6.263570500e-02,1.108843700e-02,7.017710100e-02,6.829780452e-02,6.087263870e-02,1.879296482e-03,251.543506,282.226458,282.226458,7.051839828e-04,1.246495962e-03,3.152491274e-05,row,0,-1.000000000e+00,-1.000000
cuda_warp_smem,double,global,global,16384,16384,32,8,1,8,11,5.910000000e-07,6.288263800e-02,1.046148600e-02,7.119789300e-02,6.923668546e-02,6.112614441e-02,2.077188504e-03,248.132461,281.055992,281.055992,7.007039785e-04,1.596863985e-03,2.843954767e-05,row,0,-1.000000000e+00,-1.000000
cuda_warp_smem,double,global,global,16384,16384,32,8,1,8,12,5.500000002e-07,6.267302800e-02,1.330925300e-02,7.140619500e-02,6.961609411e-02,6.111475372e-02,1.805713579e-03,246.780136,281.108376,281.108376,7.190080285e-04,1.103456020e-03,2.818085940e-05,row,0,-1.000000000e+00,-1.000000
cuda_warp_smem,double,global,global,16384,16384,32,8,1,8,13,3.570000002e-07,6.263163700e-02,1.312301200e-02,7.040972200e-02,6.860880830e-02,6.091984177e-02,1.844076433e-03,250.403259,282.007778,282.007778,6.976640224e-04,1.216256022e-03,3.009773095e-05,row,0,-1.000000000e+00,-1.000000
cuda_warp_smem,double,global,global,16384,16384,32,8,1,8,14,4.999999996e-07,6.271714400e-02,1.334959800e-02,7.147044800e-02,6.990043815e-02,6.095001602e-02,1.792539343e-03,245.776273,281.868165,281.868165,6.999040246e-04,1.100543976e-03,3.740854991e-05,row,0,-1.000000000e+00,-1.000000
cuda_warp_smem,double,global,global,16384,16384,32,8,1,8,15,5.129999998e-07,6.274632200e-02,1.111766900e-02,7.029023900e-02,6.844632225e-02,6.099062347e-02,1.843916749e-03,250.997696,281.680498,281.680498,6.976959705e-04,1.221824050e-03,3.111971555e-05,row,0,-1.000000000e+00,-1.000000
cuda_warp_smem,double,global,global,16384,16384,32,8,1,8,16,7.070000003e-07,6.263267600e-02,1.300557200e-02,7.029144300e-02,6.848746110e-02,6.092518234e-02,1.828479858e-03,250.846927,281.983057,281.983057,6.971840262e-04,1.198783994e-03,2.975985549e-05,row,0,-1.000000000e+00,-1.000000
cuda_warp_smem,double,global,global,16384,16384,32,8,1,8,17,3.980000001e-07,6.284917800e-02,1.096781700e-02,7.115867500e-02,6.928752975e-02,6.111459351e-02,1.871145250e-03,247.950378,281.109113,281.109113,7.078719735e-04,1.239552021e-03,2.987348544e-05,row,0,-1.000000000e+00,-1.000000
cuda_warp_smem,double,global,global,16384,16384,32,8,1,8,18,4.090000001e-07,6.255245400e-02,1.097772800e-02,7.086789900e-02,6.894690225e-02,6.075033569e-02,1.955612644e-03,249.175360,282.794638,282.794638,7.207360268e-04,1.555871964e-03,2.989277147e-05,row,0,-1.000000000e+00,-1.000000
cuda_warp_smem,double,global,global,16384,16384,32,8,1,8,19,3.440000000e-07,6.286611200e-02,1.100865700e-02,7.121219800e-02,6.924500617e-02,6.112636948e-02,1.967191825e-03,248.102645,281.054958,281.054958,7.089599967e-04,1.332479954e-03,3.231186681e-05,row,0,-1.000000000e+00,-1.000000
cuda_warp_smem,double,global,global,16384,16384,32,8,1,8,20,3.600000000e-07,6.270043900e-02,1.225586100e-02,7.148379300e-02,6.972560455e-02,6.114886475e-02,3.063119222e-03,246.392545,280.951564,280.951564,7.167360187e-04,2.617984056e-03,3.015645533e-05,row,0,-1.000000000e+00,-1.000000
cuda_warp_smem,double,global,global,16384,16384,3,8,2,4,1,1.601800000e-05,6.433637000e-03,5.579527000e-03,6.551483000e-03,6.383669841e-03,6.265823841e-03,1.962638832e-04,252.302011,257.047242,257.047242,1.242239997e-04,5.603199825e-05,1.991188522e-05,row,0,-1.000000000e+00,-1.000000
cuda_warp_smem,double,global,global,16384,16384,3,8,2,4,2,3.251800000e-05,6.418244000e-03,5.579915000e-03,6.552585000e-03,6.427269219e-03,6.292928219e-03,2.203647825e-04,250.590520,255.940109,255.940109,1.143039986e-04,8.700799942e-05,1.905278446e-05,row,0,-1.000000000e+00,-1.000000
cuda_warp_smem,double,global,global,16384,16384,3,8,2,4,3,1.826700000e-05,6.434209000e-03,5.579246000e-03,6.554069000e-03,6.391795008e-03,6.235519886e-03,1.986891140e-04,251.981288,258.296464,258.296464,1.260800064e-04,5.449600145e-05,1.917822801e-05,row,0,-1.000000000e+00,-1.000000
cuda_warp_smem,double,global,global,16384,16384,3,8,2,4,4,2.092100000e-05,6.434056000e-03,5.579908000e-03,6.572658000e-03,6.425566013e-03,6.296288013e-03,1.950118760e-04,250.656943,255.803536,255.803536,1.271679997e-04,7.571200281e-05,1.673987456e-05,row,0,-1.000000000e+00,-1.000000
cuda_warp_smem,double,global,global,16384,16384,3,8,2,4,5,3.728100000e-05,6.429987000e-03,4.774117000e-03,6.558913000e-03,6.418612228e-03,6.244192123e-03,1.857948766e-04,250.928500,257.937729,257.937729,1.009600013e-04,9.180799872e-05,2.035487599e-05,row,0,-1.000000000e+00,-1.000000
cuda_warp_smem,double,global,global,16384,16384,3,8,2,4,6,3.639800000e-05,6.408664000e-03,5.569172000e-03,6.542435000e-03,6.374854034e-03,6.228672028e-03,1.799919724e-04,252.650920,258.580437,258.580437,1.149759963e-04,6.067200005e-05,1.835997101e-05,row,0,-1.000000000e+00,-1.000000
cuda_warp_smem,double,global,global,16384,16384,3,8,2,4,7,2.276600000e-05,6.431834000e-03,5.582593000e-03,6.550505000e-03,6.370589018e-03,6.236864090e-03,1.949699100e-04,252.820066,258.240794,258.240794,1.276800036e-04,5.510399863e-05,1.834793508e-05,row,0,-1.000000000e+00,-1.000000
cuda_warp_smem,double,global,global,16384,16384,3,8,2,4,8,2.118600000e-05,6.434702000e-03,5.581837000e-03,6.569231000e-03,6.417736001e-03,6.247935772e-03,1.961789497e-04,250.962759,257.783177,257.783177,1.291520000e-04,6.022400036e-05,1.818599073e-05,row,0,-1.000000000e+00,-1.000000
cuda_warp_smem,double,global,global,16384,16384,3,8,2,4,9,1.552900000e-05,6.441407000e-03,5.583321000e-03,6.570433000e-03,6.404794997e-03,6.256927967e-03,2.002660265e-04,251.469834,257.412702,257.412702,1.251520067e-04,5.632000044e-05,2.010601810e-05,row,0,-1.000000000e+00,-1.000000
cuda_warp_smem,double,global,global,16384,16384,3,8,2,4,10,2.385500000e-05,6.433565000e-03,5.589303000e-03,6.558171000e-03,6.384615008e-03,6.244287968e-03,1.892770323e-04,252.264660,257.933770,257.933770,1.273279935e-04,5.699200183e-05,1.498507850e-05,row,0,-1.000000000e+00,-1.000000
cuda_warp_smem,double,global,global,16384,16384,3,8,2,4,11,3.225800000e-05,6.423285000e-03,5.574810000e-03,6.559245000e-03,6.416748811e-03,6.290239811e-03,1.767380511e-04,251.001369,256.049496,256.049496,1.134079993e-04,5.519999936e-05,1.528485751e-05,row,0,-1.000000000e+00,-1.000000
cuda_warp_smem,double,global,global,16384,16384,3,8,2,4,12,1.626400000e-05,6.432980000e-03,5.569156000e-03,6.543736000e-03,6.383322025e-03,6.238624096e-03,1.943559041e-04,252.315758,258.167941,258.167941,1.279360056e-04,5.619199947e-05,1.742888952e-05,row,0,-1.000000000e+00,-1.000000
cuda_warp_smem,double,global,global,16384,16384,3,8,2,4,13,3.117700000e-05,6.423076000e-03,5.572054000e-03,6.557961000e-03,6.418250002e-03,6.292768002e-03,1.770959124e-04,250.942661,255.946626,255.946626,1.119680032e-04,5.443200096e-05,1.485199847e-05,row,0,-1.000000000e+00,-1.000000
cuda_warp_smem,double,global,global,16384,16384,3,8,2,4,14,2.077900000e-05,6.439509000e-03,5.588278000e-03,6.575323000e-03,6.418622780e-03,6.254816055e-03,2.047790207e-04,250.928087,257.499617,257.499617,1.257279962e-04,5.884800106e-05,2.020302344e-05,row,0,-1.000000000e+00,-1.000000
cuda_warp_smem,double,global,global,16384,16384,3,8,2,4,15,1.935100000e-05,6.426070000e-03,5.562715000e-03,6.534958000e-03,6.380083047e-03,6.226175785e-03,1.998942149e-04,252.443851,258.684109,258.684109,1.344960034e-04,5.913599953e-05,1.680099985e-05,row,0,-1.000000000e+00,-1.000000
cuda_warp_smem,double,global,global,16384,16384,3,8,2,4,16,3.080100000e-05,6.423572000e-03,5.577173000e-03,6.548787000e-03,6.406565788e-03,6.291135788e-03,1.816759142e-04,251.400327,256.013030,256.013030,1.128960028e-04,5.702399835e-05,1.474020991e-05,row,0,-1.000000000e+00,-1.000000
cuda_warp_smem,double,global,global,16384,16384,3,8,2,4,17,1.824600000e-05,6.429167000e-03,5.577135000e-03,6.561544000e-03,6.387171811e-03,6.233119965e-03,1.960470354e-04,252.163678,258.395915,258.395915,1.278080046e-04,5.644800141e-05,1.758303249e-05,row,0,-1.000000000e+00,-1.000000
cuda_warp_smem,double,global,global,16384,16384,3,8,2,4,18,1.606500000e-05,6.425861000e-03,5.573907000e-03,6.540760000e-03,6.379506998e-03,6.233344078e-03,1.925169219e-04,252.466646,258.386625,258.386625,1.243200004e-04,5.990400165e-05,1.901489219e-05,row,0,-1.000000000e+00,-1.000000
cuda_warp_smem,double,global,global,16384,16384,3,8,2,4,19,4.341100000e-05,6.400695000e-03,5.571689000e-03,6.540189000e-03,6.368773995e-03,6.229279995e-03,1.714150050e-04,252.892117,258.555200,258.555200,1.005119979e-04,5.996799842e-05,1.803900690e-05,row,0,-1.000000000e+00,-1.000000
cuda_warp_smem,double,global,global,16384,16384,3,8,2,4,20,3.142000000e-05,7.254496000e-03,6.423859000e-03,7.496476000e-03,7.332607991e-03,7.115231991e-03,1.888911087e-04,219.650735,226.361240,226.361240,1.115840003e-04,6.124800071e-05,1.746711097e-05,row,0,-1.000000000e+00,-1.000000
cuda_warp_smem,double,global,global,16384,16384,6,8,2,4,1,7.476000000e-05,1.093507300e-02,6.802277000e-03,1.124894200e-02,1.093142797e-02,1.075673580e-02,3.648818197e-04,294.675634,299.461243,299.461243,1.935359985e-04,1.966080070e-04,1.652203101e-05,row,0,-1.000000000e+00,-1.000000
cuda_warp_smem,double,global,global,16384,16384,6,8,2,4,2,8.909400000e-05,1.086545900e-02,9.709201000e-03,1.131998000e-02,1.109589654e-02,1.064137554e-02,3.597109466e-04,290.307814,302.707621,302.707621,1.583999991e-04,1.879999936e-04,2.479895938e-05,row,0,-1.000000000e+00,-1.000000
cuda_warp_smem,double,global,global,16384,16384,6,8,2,4,3,8.675300000e-05,1.094104500e-02,8.230615000e-03,1.111255400e-02,1.089198781e-02,1.069155216e-02,3.587181322e-04,295.742662,301.286981,301.286981,1.899839938e-04,1.863040030e-04,1.948613444e-05,row,0,-1.000000000e+00,-1.000000
cuda_warp_smem,double,global,global,16384,16384,6,8,2,4,4,3.401500000e-05,1.093220300e-02,9.718011000e-03,1.133702600e-02,1.108221602e-02,1.062508774e-02,5.337370577e-04,290.666187,303.171659,303.171659,4.287039936e-04,1.112319976e-04,1.480297345e-05,row,0,-1.000000000e+00,-1.000000
cuda_warp_smem,double,global,global,16384,16384,6,8,2,4,5,4.305300000e-05,1.092884300e-02,6.805953000e-03,1.125347900e-02,1.098366785e-02,1.061964798e-02,3.401319319e-04,293.274115,303.326954,303.326954,2.160319984e-04,1.078400016e-04,1.625993189e-05,row,0,-1.000000000e+00,-1.000000
cuda_warp_smem,double,global,global,16384,16384,6,8,2,4,6,3.184400000e-05,1.093657600e-02,9.708314000e-03,1.132584600e-02,1.107659598e-02,1.067526436e-02,3.265641341e-04,290.813665,301.746670,301.746670,2.153919935e-04,1.111999974e-04,1.603613887e-05,row,0,-1.000000000e+00,-1.000000
cuda_warp_smem,double,global,global,16384,16384,6,8,2,4,7,4.336400000e-05,1.093286900e-02,8.229255000e-03,1.110181200e-02,1.084531266e-02,1.075887966e-02,3.158190996e-04,297.015455,299.401571,299.401571,1.985599995e-04,1.066239998e-04,1.875791182e-05,row,0,-1.000000000e+00,-1.000000
cuda_warp_smem,double,global,global,16384,16384,6,8,2,4,8,4.929100000e-05,1.102919900e-02,6.804750000e-03,1.133297900e-02,1.110363562e-02,1.074534416e-02,3.209540342e-04,290.105474,299.778716,299.778716,1.948799938e-04,1.103999987e-04,1.846338743e-05,row,0,-1.000000000e+00,-1.000000
cuda_warp_smem,double,global,global,16384,16384,6,8,2,4,9,3.231300000e-05,1.193586800e-02,1.072472400e-02,1.235372600e-02,1.212390388e-02,1.060201645e-02,5.301080232e-03,265.692099,303.831397,303.831397,2.124799937e-04,5.128896236e-03,1.540250189e-05,row,0,-1.000000000e+00,-1.000000
cuda_warp_smem,double,global,global,16384,16384,6,8,2,4,10,5.087000000e-05,1.094575100e-02,6.798118000e-03,1.126328300e-02,1.103444864e-02,1.065334415e-02,3.264091162e-04,291.924461,302.367541,302.367541,2.166399956e-04,1.075519994e-04,2.342635571e-05,row,0,-1.000000000e+00,-1.000000
cuda_warp_smem,double,global,global,16384,16384,6,8,2,4,11,5.598600000e-05,1.090836300e-02,9.729598000e-03,1.134934700e-02,1.109980496e-02,1.059929562e-02,3.256616827e-04,290.205592,303.909391,303.909391,2.030079961e-04,1.080000028e-04,2.236098708e-05,row,0,-1.000000000e+00,-1.000000
cuda_warp_smem,double,global,global,16384,16384,6,8,2,4,12,4.667800000e-05,1.102060800e-02,4.383883000e-03,1.138181300e-02,1.115663992e-02,1.071168041e-02,3.089275877e-04,288.727206,300.720834,300.720834,1.978880018e-04,1.074559987e-04,1.752508262e-05,row,0,-1.000000000e+00,-1.000000
cuda_warp_smem,double,global,global,16384,16384,6,8,2,4,13,3.195300000e-05,1.093438700e-02,8.215400000e-03,1.110544900e-02,1.080293477e-02,1.059814358e-02,3.362434224e-04,298.180591,303.942426,303.942426,2.251839936e-04,1.082879975e-04,1.685142676e-05,row,0,-1.000000000e+00,-1.000000
cuda_warp_smem,double,global,global,16384,16384,6,8,2,4,14,3.219300000e-05,1.093931900e-02,8.218567000e-03,1.111105000e-02,1.080138331e-02,1.059471989e-02,3.445991132e-04,298.223420,304.040645,304.040645,2.328000069e-04,1.092479974e-04,1.611810525e-05,row,0,-1.000000000e+00,-1.000000
cuda_warp_smem,double,global,global,16384,16384,6,8,2,4,15,3.179200000e-05,1.093057700e-02,9.692661000e-03,1.133049600e-02,1.105966795e-02,1.060572815e-02,3.248488506e-04,291.258787,303.725065,303.725065,2.214400023e-04,1.068480015e-04,1.598004572e-05,row,0,-1.000000000e+00,-1.000000
cuda_warp_smem,double,global,global,16384,16384,6,8,2,4,16,4.299300000e-05,1.091686900e-02,9.709909000e-03,1.131774400e-02,1.107360897e-02,1.059875202e-02,3.181169782e-04,290.892109,303.924978,303.924978,2.035840005e-04,9.904000163e-05,1.549297611e-05,row,0,-1.000000000e+00,-1.000000
cuda_warp_smem,double,global,global,16384,16384,6,8,2,4,17,4.266100000e-05,1.093171800e-02,8.216731000e-03,1.110133300e-02,1.083381954e-02,1.061609554e-02,3.156224571e-04,297.330545,303.428455,303.428455,2.061440051e-04,1.107520014e-04,1.751045210e-05,row,0,-1.000000000e+00,-1.000000
cuda_warp_smem,double,global,global,16384,16384,6,8,2,4,18,3.157900000e-05,1.094091900e-02,8.232559000e-03,1.111419300e-02,1.084052205e-02,1.064236832e-02,3.299819364e-04,297.146711,302.679383,302.679383,2.228479981e-04,1.111359969e-04,1.709495130e-05,row,0,-1.000000000e+00,-1.000000
cuda_warp_smem,double,global,global,16384,16384,6,8,2,4,19,4.326200000e-05,1.093439500e-02,8.218593000e-03,1.110496400e-02,1.084289510e-02,1.062249565e-02,3.141470959e-04,297.081678,303.245638,303.245638,2.007679939e-04,1.066239998e-04,1.737910111e-05,row,0,-1.000000000e+00,-1.000000
cuda_warp_smem,double,global,global,16384,16384,6,8,2,4,20,3.308200000e-05,1.095008300e-02,8.230742000e-03,1.113163000e-02,1.086795329e-02,1.065299225e-02,3.217360843e-04,296.396698,302.377529,302.377529,2.139839977e-04,1.112959981e-04,1.533692302e-05,row,0,-1.000000000e+00,-1.000000
cuda_warp_smem,double,global,global,16384,16384,8,8,2,4,1,9.721100000e-05,1.443285700e-02,1.256035400e-02,1.499995800e-02,1.453478693e-02,1.396172810e-02,4.711289040e-04,295.495718,307.624333,307.624333,2.655360103e-04,1.805440038e-04,3.270066081e-05,row,0,-1.000000000e+00,-1.000000
cuda_warp_smem,double,global,global,16384,16384,8,8,2,4,2,9.987500000e-05,1.445491300e-02,1.256285000e-02,1.498472900e-02,1.450466311e-02,1.396915245e-02,4.857605494e-04,296.109414,307.460836,307.460836,2.747839987e-04,1.861439943e-04,2.483255638e-05,row,0,-1.000000000e+00,-1.000000
cuda_warp_smem,double,global,global,16384,16384,8,8,2,4,3,1.025330000e-04,1.447171700e-02,1.255681200e-02,1.497649000e-02,1.447030912e-02,1.396553612e-02,5.061808824e-04,296.812408,307.540452,307.540452,2.976959944e-04,1.811839938e-04,2.948401102e-05,row,0,-1.000000000e+00,-1.000000
cuda_warp_smem,double,global,global,16384,16384,8,8,2,4,4,9.093000000e-05,1.442784200e-02,1.253453900e-02,1.489930600e-02,1.444022306e-02,1.395532799e-02,4.725140123e-04,297.430814,307.765414,307.765414,2.718079984e-04,1.767359972e-04,2.672200786e-05,row,0,-1.000000000e+00,-1.000000
cuda_warp_smem,double,global,global,16384,16384,8,8,2,4,5,8.293200000e-05,1.444092500e-02,1.248657000e-02,1.485561100e-02,1.442332629e-02,1.400864029e-02,4.908081681e-04,297.779251,306.594160,306.594160,2.976320088e-04,1.770240068e-04,2.615506161e-05,row,0,-1.000000000e+00,-1.000000
cuda_warp_smem,double,global,global,16384,16384,8,8,2,4,6,8.492300000e-05,1.440848000e-02,1.252560800e-02,1.488794300e-02,1.442949596e-02,1.394099236e-02,4.674876447e-04,297.651928,308.081892,308.081892,2.608320117e-04,1.788160056e-04,2.783962737e-05,row,0,-1.000000000e+00,-1.000000
cuda_warp_smem,double,global,global,16384,16384,8,8,2,4,7,7.973500000e-05,1.442946900e-02,1.249760900e-02,1.483093000e-02,1.444350945e-02,1.404204845e-02,4.748872141e-04,297.363138,305.864726,305.864726,2.880319953e-04,1.725440025e-04,2.333522533e-05,row,0,-1.000000000e+00,-1.000000
cuda_warp_smem,double,global,global,16384,16384,8,8,2,4,8,7.551800000e-05,1.443238700e-02,1.255148000e-02,1.490570400e-02,1.447321397e-02,1.395759964e-02,4.747873601e-04,296.752836,307.715324,307.715324,2.694399953e-04,1.812800020e-04,2.604239646e-05,row,0,-1.000000000e+00,-1.000000
cuda_warp_smem,double,global,global,16384,16384,8,8,2,4,9,7.704200000e-05,1.446141200e-02,1.255610700e-02,1.490963100e-02,1.443716605e-02,1.395363235e-02,5.077796453e-04,297.493794,307.802813,307.802813,3.014079928e-04,1.807360053e-04,2.707178782e-05,row,0,-1.000000000e+00,-1.000000
cuda_warp_smem,double,global,global,16384,16384,8,8,2,4,10,8.231400000e-05,1.444359100e-02,1.257691300e-02,1.493232800e-02,1.448600904e-02,1.395078373e-02,4.928072704e-04,296.490723,307.865664,307.865664,2.881920040e-04,1.814399958e-04,2.317527072e-05,row,0,-1.000000000e+00,-1.000000
cuda_warp_smem,double,global,global,16384,16384,8,8,2,4,11,9.144400000e-05,1.444501800e-02,1.254080800e-02,1.488968200e-02,1.451522446e-02,1.407056046e-02,4.575416784e-04,295.893964,305.244934,305.244934,2.661440074e-04,1.743360013e-04,2.540153920e-05,row,0,-1.000000000e+00,-1.000000
cuda_warp_smem,double,global,global,16384,16384,8,8,2,4,12,8.039900000e-05,1.442483900e-02,1.252181800e-02,1.485216600e-02,1.438591695e-02,1.393836784e-02,4.864711564e-04,298.553600,308.139902,308.139902,2.947520018e-04,1.712639928e-04,2.045516182e-05,row,0,-1.000000000e+00,-1.000000
cuda_warp_smem,double,global,global,16384,16384,8,8,2,4,13,6.882100000e-05,1.440726000e-02,1.251350500e-02,1.481366000e-02,1.436310807e-02,1.394035244e-02,4.669075601e-04,299.027709,308.096034,308.096034,2.777920067e-04,1.685760021e-04,2.053955127e-05,row,0,-1.000000000e+00,-1.000000
cuda_warp_smem,double,global,global,16384,16384,8,8,2,4,14,6.820200000e-05,1.439806700e-02,1.247316800e-02,1.476275500e-02,1.436161622e-02,1.399692822e-02,4.588528552e-04,299.058771,306.850705,306.850705,2.774400115e-04,1.591680050e-04,2.224483870e-05,row,0,-1.000000000e+00,-1.000000
cuda_warp_smem,double,global,global,16384,16384,8,8,2,4,15,6.422700000e-05,1.440174800e-02,1.253094500e-02,1.482142000e-02,1.441378901e-02,1.393843174e-02,4.633162602e-04,297.976285,308.138489,308.138489,2.688640058e-04,1.739200056e-04,2.053224883e-05,row,0,-1.000000000e+00,-1.000000
cuda_warp_smem,double,global,global,16384,16384,8,8,2,4,16,6.552600000e-05,1.440639600e-02,1.072192200e-02,1.467756700e-02,1.429836691e-02,1.399699211e-02,4.642378098e-04,300.381668,306.849305,306.849305,2.863680124e-04,1.606079936e-04,1.895779429e-05,row,0,-1.000000000e+00,-1.000000
cuda_warp_smem,double,global,global,16384,16384,8,8,2,4,17,6.803900000e-05,1.427448200e-02,1.247381900e-02,1.466287900e-02,1.431902101e-02,1.393062401e-02,4.392721587e-04,299.948390,308.311192,308.311192,2.523840070e-04,1.642239988e-04,2.266415293e-05,row,0,-1.000000000e+00,-1.000000
cuda_warp_smem,double,global,global,16384,16384,8,8,2,4,18,7.566100000e-05,1.437897500e-02,1.252233900e-02,1.481988100e-02,1.446349759e-02,1.402259159e-02,4.072281111e-04,296.952191,306.289124,306.289124,2.454400063e-04,1.735360026e-04,2.127940557e-05,row,0,-1.000000000e+00,-1.000000
cuda_warp_smem,double,global,global,16384,16384,8,8,2,4,19,6.308800000e-05,1.439821700e-02,1.247183800e-02,1.476146700e-02,1.434134408e-02,1.394025612e-02,4.579608812e-04,299.481504,308.098163,308.098163,2.859199941e-04,1.592639983e-04,1.906190928e-05,row,0,-1.000000000e+00,-1.000000
cuda_warp_smem,double,global,global,16384,16384,8,8,2,4,20,6.375600000e-05,1.440091500e-02,1.252817600e-02,1.482712000e-02,1.440837205e-02,1.395331192e-02,4.476030798e-04,298.088311,307.809882,307.809882,2.668159902e-04,1.767680049e-04,2.274222123e-05,row,0,-1.000000000e+00,-1.000000
cuda_warp_smem,double,global,global,16384,16384,20,8,2,4,1,2.663900000e-04,3.760722000e-02,1.826532000e-03,3.920721900e-02,3.830099275e-02,3.655497742e-02,1.121943729e-03,280.343079,293.733412,293.733412,6.557760239e-04,4.823040068e-04,3.125573882e-05,row,0,-1.000000000e+00,-1.000000
cuda_warp_smem,double,global,global,16384,16384,20,8,2,4,2,2.676550000e-04,3.732756900e-02,1.925534000e-03,3.912098600e-02,3.810434675e-02,3.630729675e-02,1.076463862e-03,281.789852,295.737199,295.737199,6.703040004e-04,4.811199903e-04,3.220226611e-05,row,0,-1.000000000e+00,-1.000000
cuda_warp_smem,double,global,global,16384,16384,20,8,2,4,3,2.690310000e-04,3.730914400e-02,1.821608000e-03,3.891693700e-02,3.801001619e-02,3.626550293e-02,1.114981453e-03,282.489178,296.078018,296.078018,6.507840157e-04,4.821439981e-04,4.419745009e-05,row,0,-1.000000000e+00,-1.000000
cuda_warp_smem,double,global,global,16384,16384,20,8,2,4,4,2.771590000e-04,3.732408400e-02,1.930638000e-03,3.878270500e-02,3.792965067e-02,3.625228882e-02,1.109374129e-03,283.087718,296.185940,296.185940,6.701440215e-04,4.801920056e-04,3.299012073e-05,row,0,-1.000000000e+00,-1.000000
cuda_warp_smem,double,global,global,16384,16384,20,8,2,4,5,2.709770000e-04,3.764188000e-02,1.959999000e-03,3.913005400e-02,3.828047513e-02,3.662694550e-02,1.157646860e-03,280.493338,293.156257,293.156257,6.749759912e-04,4.909439981e-04,3.239180487e-05,row,0,-1.000000000e+00,-1.000000
cuda_warp_smem,double,global,global,16384,16384,20,8,2,4,6,2.764810000e-04,3.765194000e-02,2.044915000e-03,3.913388200e-02,3.827164626e-02,3.657484818e-02,1.077091825e-03,280.558045,293.573829,293.573829,6.808320284e-04,4.878720045e-04,2.945987811e-05,row,0,-1.000000000e+00,-1.000000
cuda_warp_smem,double,global,global,16384,16384,20,8,2,4,7,3.045470000e-04,3.752230800e-02,1.830765000e-03,3.913642900e-02,3.827223697e-02,3.646988678e-02,1.077085666e-03,280.553714,294.418743,294.418743,6.587839723e-04,4.905599952e-04,3.465368516e-05,row,0,-1.000000000e+00,-1.000000
cuda_warp_smem,double,global,global,16384,16384,20,8,2,4,8,2.940210000e-04,3.752947800e-02,2.055395000e-03,3.937918600e-02,3.841965330e-02,3.652556610e-02,1.057636374e-03,279.477229,293.969934,293.969934,6.611840129e-04,4.863680005e-04,3.559372152e-05,row,0,-1.000000000e+00,-1.000000
cuda_warp_smem,double,global,global,16384,16384,20,8,2,4,9,2.791070000e-04,3.735899400e-02,1.920407000e-03,3.910385100e-02,3.815767281e-02,3.629241562e-02,1.145090101e-03,281.396046,295.858461,295.858461,6.781759858e-04,4.950399995e-04,3.315409835e-05,row,0,-1.000000000e+00,-1.000000
cuda_warp_smem,double,global,global,16384,16384,20,8,2,4,10,2.886370000e-04,3.731889100e-02,1.874685000e-03,3.899764900e-02,3.798549989e-02,3.660547256e-02,1.114778639e-03,282.671500,293.328224,293.328224,6.696320176e-04,4.930559993e-04,3.296756427e-05,row,0,-1.000000000e+00,-1.000000
cuda_warp_smem,double,global,global,16384,16384,20,8,2,4,11,2.802010000e-04,3.736626600e-02,1.850805000e-03,3.903451000e-02,3.797296207e-02,3.665059280e-02,1.126215684e-03,282.764832,292.967110,292.967110,6.833599806e-04,4.932799935e-04,3.613384767e-05,row,0,-1.000000000e+00,-1.000000
cuda_warp_smem,double,global,global,16384,16384,20,8,2,4,12,2.592880000e-04,3.747660400e-02,1.975897000e-03,3.902425200e-02,3.810207914e-02,3.637833786e-02,1.160947164e-03,281.806623,295.159671,295.159671,6.757439971e-04,4.959999919e-04,3.541116905e-05,row,0,-1.000000000e+00,-1.000000
cuda_warp_smem,double,global,global,16384,16384,20,8,2,4,13,2.753320000e-04,3.722958800e-02,1.849508000e-03,3.886629700e-02,3.787477759e-02,3.639395142e-02,1.115818581e-03,283.497856,295.033043,295.033043,6.150400043e-04,4.855679870e-04,3.250315329e-05,row,0,-1.000000000e+00,-1.000000
cuda_warp_smem,double,global,global,16384,16384,20,8,2,4,14,2.533370000e-04,3.733772600e-02,1.867087000e-03,3.897707900e-02,3.797225619e-02,3.662556839e-02,1.336105531e-03,282.770088,293.167279,293.167279,6.622719765e-04,7.658240199e-04,3.166381865e-05,row,0,-1.000000000e+00,-1.000000
cuda_warp_smem,double,global,global,16384,16384,20,8,2,4,15,2.588140000e-04,3.736351300e-02,1.978124000e-03,3.917556200e-02,3.817352208e-02,3.636147308e-02,1.035945668e-03,281.279213,295.296569,295.296569,6.316480041e-04,4.953280091e-04,3.069389780e-05,row,0,-1.000000000e+00,-1.000000
cuda_warp_smem,double,global,global,16384,16384,20,8,2,4,16,2.484310000e-04,3.746420000e-02,1.999334000e-03,3.903080000e-02,3.812518122e-02,3.637664032e-02,1.139819636e-03,281.635861,295.173445,295.173445,6.611199975e-04,4.862079918e-04,3.370763290e-05,row,0,-1.000000000e+00,-1.000000
cuda_warp_smem,double,global,global,16384,16384,20,8,2,4,17,2.783260000e-04,3.749975700e-02,1.964886000e-03,3.933415400e-02,3.846490636e-02,3.662649536e-02,1.119550228e-03,279.148430,293.159860,293.159860,6.262400150e-04,4.776319861e-04,3.246523127e-05,row,0,-1.000000000e+00,-1.000000
cuda_warp_smem,double,global,global,16384,16384,20,8,2,4,18,2.584160000e-04,3.748702200e-02,1.964192000e-03,3.900293900e-02,3.810339366e-02,3.640390396e-02,1.160220772e-03,281.796901,294.952383,294.952383,6.672000289e-04,5.017920136e-04,3.266879935e-05,row,0,-1.000000000e+00,-1.000000
cuda_warp_smem,double,global,global,16384,16384,20,8,2,4,19,2.872180000e-04,3.721758100e-02,1.959420000e-03,3.906984200e-02,3.811671376e-02,3.621599960e-02,1.056459665e-03,281.698425,296.482725,296.482725,6.450560093e-04,4.879040122e-04,3.227026068e-05,row,0,-1.000000000e+00,-1.000000
cuda_warp_smem,double,global,global,16384,16384,20,8,2,4,20,2.605130000e-04,3.735168500e-02,1.912373000e-03,3.900690300e-02,3.806723654e-02,3.629577637e-02,1.155528816e-03,282.064558,295.831067,295.831067,6.593279839e-04,4.890559912e-04,3.482482093e-05,row,0,-1.000000000e+00,-1.000000
cuda_warp_smem,double,global,global,16384,16384,32,8,2,4,1,3.232910000e-04,6.139877100e-02,7.142178000e-03,6.386644600e-02,6.216397856e-02,5.959135818e-02,1.807412815e-03,276.363733,288.294640,288.294640,1.224992037e-03,5.623040199e-04,2.354327071e-05,row,0,-1.000000000e+00,-1.000000
cuda_warp_smem,double,global,global,16384,16384,32,8,2,4,2,4.656380000e-04,6.136701000e-02,5.690864000e-03,6.305914500e-02,6.177234924e-02,5.987990570e-02,1.728941988e-03,278.115846,286.905415,286.905415,1.184224010e-03,5.672000051e-04,3.687580685e-05,row,0,-1.000000000e+00,-1.000000
cuda_warp_smem,double,global,global,16384,16384,32,8,2,4,3,4.761350000e-04,6.137198500e-02,5.673226000e-03,6.305392900e-02,6.178974222e-02,5.989289474e-02,1.719814979e-03,278.037560,286.843193,286.843193,1.177440047e-03,5.646719933e-04,3.753773644e-05,row,0,-1.000000000e+00,-1.000000
cuda_warp_smem,double,global,global,16384,16384,32,8,2,4,4,5.041740000e-04,6.192629900e-02,5.668792000e-03,6.360079500e-02,6.218225550e-02,6.025779343e-02,1.668505573e-03,276.282503,285.106178,285.106178,1.088160038e-03,5.650240183e-04,4.540985365e-05,row,0,-1.000000000e+00,-1.000000
cuda_warp_smem,double,global,global,16384,16384,32,8,2,4,5,4.696990000e-04,6.196872500e-02,7.139415000e-03,6.455888200e-02,6.286456813e-02,6.027407837e-02,1.694646631e-03,273.283818,285.029148,285.029148,1.136991978e-03,5.707200170e-04,3.909466085e-05,row,0,-1.000000000e+00,-1.000000
cuda_warp_smem,double,global,global,16384,16384,32,8,2,4,6,4.877210000e-04,6.135524900e-02,7.091249000e-03,6.392932000e-02,6.226453502e-02,5.969046402e-02,1.666826554e-03,275.917409,287.815976,287.815976,1.129184008e-03,5.595520139e-04,3.867922657e-05,row,0,-1.000000000e+00,-1.000000
cuda_warp_smem,double,global,global,16384,16384,32,8,2,4,7,4.948780000e-04,6.136932500e-02,5.705879000e-03,6.306500200e-02,6.182021928e-02,5.986905670e-02,1.760319175e-03,277.900489,286.957406,286.957406,1.194272041e-03,5.670719743e-04,3.757512851e-05,row,0,-1.000000000e+00,-1.000000
cuda_warp_smem,double,global,global,16384,16384,32,8,2,4,8,4.818610000e-04,6.153713000e-02,7.081956000e-03,6.412129900e-02,6.265514526e-02,6.007097626e-02,1.705988165e-03,274.197260,285.992841,285.992841,1.155583978e-03,5.525119901e-04,3.444177092e-05,row,0,-1.000000000e+00,-1.000000
cuda_warp_smem,double,global,global,16384,16384,32,8,2,4,9,4.964410000e-04,6.147180700e-02,4.433471000e-03,6.338366500e-02,6.211171252e-02,5.986787033e-02,1.718972620e-03,276.596289,286.963092,286.963092,1.168192029e-03,5.598400235e-04,3.929333531e-05,row,0,-1.000000000e+00,-1.000000
cuda_warp_smem,double,global,global,16384,16384,32,8,2,4,10,5.286400000e-04,6.127416600e-02,5.675744000e-03,6.291539600e-02,6.178876319e-02,5.982771301e-02,1.678425927e-03,278.041966,287.155706,287.155706,1.145023942e-03,5.653439760e-04,3.489361147e-05,row,0,-1.000000000e+00,-1.000000
cuda_warp_smem,double,global,global,16384,16384,32,8,2,4,11,5.340650000e-04,6.138636900e-02,5.710493000e-03,6.307349400e-02,6.169720500e-02,5.968220901e-02,1.704159985e-03,278.454578,287.855786,287.855786,1.119104028e-03,5.678399801e-04,3.819823673e-05,row,0,-1.000000000e+00,-1.000000
cuda_warp_smem,double,global,global,16384,16384,32,8,2,4,12,4.763390000e-04,6.134065600e-02,5.663035000e-03,6.300867100e-02,6.178399362e-02,5.989088058e-02,1.697037931e-03,278.063430,286.852840,286.852840,1.154271960e-03,5.586559772e-04,3.597336826e-05,row,0,-1.000000000e+00,-1.000000
cuda_warp_smem,double,global,global,16384,16384,32,8,2,4,13,5.025750000e-04,6.182720600e-02,4.418847000e-03,6.378868300e-02,6.259618944e-02,6.027439880e-02,1.552807196e-03,274.455511,285.027632,285.027632,1.005568027e-03,5.600640178e-04,3.636464724e-05,row,0,-1.000000000e+00,-1.000000
cuda_warp_smem,double,global,global,16384,16384,32,8,2,4,14,3.312210000e-04,6.171126000e-02,5.796462000e-03,6.347102400e-02,6.173904194e-02,5.986825562e-02,1.843004385e-03,278.265886,286.961245,286.961245,1.249951959e-03,5.750079751e-04,2.688225793e-05,row,0,-1.000000000e+00,-1.000000
cuda_warp_smem,double,global,global,16384,16384,32,8,2,4,15,5.099980000e-04,6.164161300e-02,7.079156000e-03,6.424059100e-02,6.266765018e-02,6.006867218e-02,1.592056887e-03,274.142546,286.003811,286.003811,1.049823999e-03,5.491840243e-04,3.895463459e-05,row,0,-1.000000000e+00,-1.000000
cuda_warp_smem,double,global,global,16384,16384,32,8,2,4,16,5.105920000e-04,6.133856100e-02,5.688780000e-03,6.304967300e-02,6.162753665e-02,5.967932892e-02,1.659232082e-03,278.769364,287.869678,287.869678,1.081055999e-03,5.596160293e-04,3.529628902e-05,row,0,-1.000000000e+00,-1.000000
cuda_warp_smem,double,global,global,16384,16384,32,8,2,4,17,5.194960000e-04,6.178304600e-02,5.698631000e-03,6.347564700e-02,6.194146528e-02,5.998284912e-02,1.800196879e-03,277.356519,286.413024,286.413024,1.219840050e-03,5.695359707e-04,3.536577039e-05,row,0,-1.000000000e+00,-1.000000
cuda_warp_smem,double,global,global,16384,16384,32,8,2,4,18,5.273500000e-04,6.140076900e-02,5.679956000e-03,6.304407600e-02,6.164722400e-02,5.968953705e-02,1.711231952e-03,278.680337,287.820446,287.820446,1.126080036e-03,5.703999996e-04,3.438799417e-05,row,0,-1.000000000e+00,-1.000000
cuda_warp_smem,double,global,global,16384,16384,32,8,2,4,19,5.039640000e-04,6.184158500e-02,7.081741000e-03,6.444410200e-02,6.285624396e-02,6.025372696e-02,1.596791027e-03,273.320009,285.125420,285.125420,1.049919963e-03,5.598400235e-04,3.649802967e-05,row,0,-1.000000000e+00,-1.000000
cuda_warp_smem,double,global,global,16384,16384,32,8,2,4,20,5.081630000e-04,6.196480500e-02,5.694196000e-03,6.371820100e-02,6.219013710e-02,6.015792084e-02,1.806884163e-03,276.247489,285.579504,285.579504,1.213248014e-03,5.763199925e-04,4.023310951e-05,row,0,-1.000000000e+00,-1.000000
cuda_warp_smem,double,global,global,16384,16384,3,8,4,2,1,6.467500000e-05,6.438574000e-03,5.573663000e-03,6.539057000e-03,6.416455997e-03,6.201888084e-03,2.672830318e-04,251.012823,259.697162,259.697162,2.257280052e-04,3.363199905e-05,1.306788427e-05,row,0,-1.000000000e+00,-1.000000
cuda_warp_smem,double,global,global,16384,16384,3,8,4,2,2,7.287600000e-05,6.447921000e-03,5.560860000e-03,6.544759000e-03,6.414760984e-03,6.255136013e-03,2.718189276e-04,251.079150,257.486445,257.486445,2.288960069e-04,3.513599932e-05,1.503398316e-05,row,0,-1.000000000e+00,-1.000000
cuda_warp_smem,double,global,global,16384,16384,3,8,4,2,3,7.027200000e-05,6.438418000e-03,5.559915000e-03,6.533178000e-03,6.412918000e-03,6.196832180e-03,2.656139409e-04,251.151307,259.909045,259.909045,2.231359929e-04,3.961599991e-05,1.533721835e-05,row,0,-1.000000000e+00,-1.000000
cuda_warp_smem,double,global,global,16384,16384,3,8,4,2,4,6.962900000e-05,6.448294000e-03,5.573164000e-03,6.549670000e-03,6.405845976e-03,6.174848080e-03,1.589305053e-03,251.428577,260.834391,260.834391,2.267200053e-04,1.465152025e-03,1.316301999e-05,row,0,-1.000000000e+00,-1.000000
cuda_warp_smem,double,global,global,16384,16384,3,8,4,2,5,7.723500000e-05,6.455421000e-03,5.557940000e-03,6.554088000e-03,6.424002025e-03,6.259552002e-03,2.723251165e-04,250.717968,257.304794,257.304794,2.220160067e-04,3.942399845e-05,1.633586871e-05,row,0,-1.000000000e+00,-1.000000
cuda_warp_smem,double,global,global,16384,16384,3,8,4,2,6,7.048300000e-05,6.459133000e-03,5.578593000e-03,6.554708000e-03,6.422391082e-03,6.326816082e-03,2.712580664e-04,250.780856,254.569236,254.569236,2.319359928e-04,3.852799907e-05,1.304802602e-05,row,0,-1.000000000e+00,-1.000000
cuda_warp_smem,double,global,global,16384,16384,3,8,4,2,7,6.771900000e-05,6.448351000e-03,8.158770000e-04,6.540365000e-03,6.343202980e-03,6.240736008e-03,2.728780003e-04,253.911587,258.080575,258.080575,2.205439955e-04,3.731200099e-05,1.518200505e-05,row,0,-1.000000000e+00,-1.000000
cuda_warp_smem,double,global,global,16384,16384,3,8,4,2,8,6.081500000e-05,6.454784000e-03,5.560956000e-03,6.536816000e-03,6.406646001e-03,6.173888206e-03,2.808957935e-04,251.397180,260.874943,260.874943,2.406080067e-04,3.612799942e-05,1.787701568e-05,row,0,-1.000000000e+00,-1.000000
cuda_warp_smem,double,global,global,16384,16384,3,8,4,2,9,7.247700000e-05,6.436244000e-03,5.561021000e-03,6.531906000e-03,6.411958989e-03,6.257184029e-03,2.501690687e-04,251.188870,257.402168,257.402168,2.072000057e-04,4.003199935e-05,1.388893078e-05,row,0,-1.000000000e+00,-1.000000
cuda_warp_smem,double,global,global,16384,16384,3,8,4,2,10,7.282800000e-05,6.439746000e-03,5.557065000e-03,6.531543000e-03,6.403255973e-03,6.205215931e-03,2.683940482e-04,251.530275,259.557887,259.557887,2.154559940e-04,3.999999911e-05,1.454606966e-05,row,0,-1.000000000e+00,-1.000000
cuda_warp_smem,double,global,global,16384,16384,3,8,4,2,11,6.959800000e-05,6.426592000e-03,5.560225000e-03,6.517726000e-03,6.397370028e-03,6.229152203e-03,2.491378908e-04,251.761697,258.560504,258.560504,2.005120069e-04,3.683200106e-05,1.371792574e-05,row,0,-1.000000000e+00,-1.000000
cuda_warp_smem,double,global,global,16384,16384,3,8,4,2,12,6.960200000e-05,6.448349000e-03,5.573757000e-03,6.541595000e-03,6.397552993e-03,6.189023972e-03,2.593250284e-04,251.754497,260.236952,260.236952,2.173440009e-04,3.804799914e-05,1.380204906e-05,row,0,-1.000000000e+00,-1.000000
cuda_warp_smem,double,global,global,16384,16384,3,8,4,2,13,7.567800000e-05,6.445298000e-03,5.569941000e-03,6.536827000e-03,6.423897983e-03,6.224127769e-03,2.465069565e-04,250.722029,258.769228,258.769228,1.980479956e-04,3.961599991e-05,1.345096261e-05,row,0,-1.000000000e+00,-1.000000
cuda_warp_smem,double,global,global,16384,16384,3,8,4,2,14,7.240300000e-05,6.444253000e-03,5.567826000e-03,6.538594000e-03,6.421721023e-03,6.309440136e-03,2.568242117e-04,250.807024,255.270309,255.270309,2.127999961e-04,3.574400023e-05,1.439298479e-05,row,0,-1.000000000e+00,-1.000000
cuda_warp_smem,double,global,global,16384,16384,3,8,4,2,15,6.716100000e-05,6.441345000e-03,5.560717000e-03,6.531911000e-03,6.413841018e-03,6.258912086e-03,2.676780921e-04,251.115164,257.331101,257.331101,2.195200026e-04,3.654399887e-05,1.594299833e-05,row,0,-1.000000000e+00,-1.000000
cuda_warp_smem,double,global,global,16384,16384,3,8,4,2,16,6.991900000e-05,6.438523000e-03,5.565779000e-03,6.526223000e-03,6.406360016e-03,6.196352005e-03,2.616939510e-04,251.408402,259.929187,259.929187,2.196799964e-04,3.347200155e-05,1.292595479e-05,row,0,-1.000000000e+00,-1.000000
cuda_warp_smem,double,global,global,16384,16384,3,8,4,2,17,6.741200000e-05,6.440948000e-03,5.561813000e-03,6.530436000e-03,6.405503980e-03,6.201151848e-03,2.719090058e-04,251.442001,259.727995,259.727995,2.282879949e-04,3.638400137e-05,1.424682805e-05,row,0,-1.000000000e+00,-1.000000
cuda_warp_smem,double,global,global,16384,16384,3,8,4,2,18,7.250100000e-05,6.436513000e-03,5.555636000e-03,6.530160000e-03,6.403602029e-03,6.213568211e-03,2.518210017e-04,251.516682,259.208989,259.208989,2.047680020e-04,3.772800043e-05,1.401995239e-05,row,0,-1.000000000e+00,-1.000000
cuda_warp_smem,double,global,global,16384,16384,3,8,4,2,19,7.141800000e-05,6.449053000e-03,5.577986000e-03,6.544183000e-03,6.425325980e-03,6.214560032e-03,2.661000472e-04,250.666307,259.167621,259.167621,2.110719979e-04,3.971200064e-05,1.531604870e-05,row,0,-1.000000000e+00,-1.000000
cuda_warp_smem,double,global,global,16384,16384,3,8,4,2,20,7.074600000e-05,7.243767000e-03,6.368574000e-03,7.397479000e-03,7.211800026e-03,7.010943890e-03,2.553309442e-04,223.330199,229.728373,229.728373,2.114879936e-04,3.916800022e-05,1.408295126e-05,row,0,-1.000000000e+00,-1.000000
cuda_warp_smem,double,global,global,16384,16384,6,8,4,2,1,1.357790000e-04,1.070865100e-02,9.246697000e-03,1.090668100e-02,1.066912497e-02,1.024969578e-02,4.589552221e-04,301.920306,314.275227,314.275227,3.961600065e-04,5.699200183e-05,1.612311710e-05,row,0,-1.000000000e+00,-1.000000
cuda_warp_smem,double,global,global,16384,16384,6,8,4,2,2,1.475560000e-04,1.070438500e-02,9.253521000e-03,1.091531400e-02,1.068536302e-02,1.028659153e-02,4.657910427e-04,301.461491,313.147991,313.147991,4.007360041e-04,5.552000180e-05,1.500703752e-05,row,0,-1.000000000e+00,-1.000000
cuda_warp_smem,double,global,global,16384,16384,6,8,4,2,3,1.285730000e-04,1.070906600e-02,9.246370000e-03,1.089454500e-02,1.065771806e-02,1.029046440e-02,4.649049159e-04,302.243450,313.030136,313.030136,3.903039992e-04,5.987200141e-05,1.472891534e-05,row,0,-1.000000000e+00,-1.000000
cuda_warp_smem,double,global,global,16384,16384,6,8,4,2,4,1.343190000e-04,1.070215100e-02,9.249611000e-03,1.088780300e-02,1.066543895e-02,1.024643230e-02,4.557186956e-04,302.024651,314.375324,314.375324,3.928959966e-04,5.488000065e-05,1.385209648e-05,row,0,-1.000000000e+00,-1.000000
cuda_warp_smem,double,global,global,16384,16384,6,8,4,2,5,1.211530000e-04,1.070254500e-02,1.379501000e-03,1.088029200e-02,1.047745977e-02,1.026505566e-02,4.374893436e-04,307.443363,313.804969,313.804969,3.746240139e-04,5.567999929e-05,2.309699909e-05,row,0,-1.000000000e+00,-1.000000
cuda_warp_smem,double,global,global,16384,16384,6,8,4,2,6,1.526410000e-04,1.060969400e-02,9.248494000e-03,1.082425500e-02,1.060348295e-02,1.033289623e-02,4.387208412e-04,303.789376,311.744684,311.744684,3.436160088e-04,5.318399891e-05,4.643283068e-05,row,0,-1.000000000e+00,-1.000000
cuda_warp_smem,double,global,global,16384,16384,6,8,4,2,7,1.448430000e-04,1.067729500e-02,9.251096000e-03,1.088453500e-02,1.065871395e-02,1.024368000e-02,4.336149997e-04,302.215210,314.459791,314.459791,3.711999953e-04,5.401600152e-05,1.403791301e-05,row,0,-1.000000000e+00,-1.000000
cuda_warp_smem,double,global,global,16384,16384,6,8,4,2,8,1.516620000e-04,1.067098800e-02,9.252554000e-03,1.088682300e-02,1.066012903e-02,1.027993584e-02,4.376240858e-04,302.175092,313.350737,313.350737,3.746559918e-04,5.420799926e-05,1.342017483e-05,row,0,-1.000000000e+00,-1.000000
cuda_warp_smem,double,global,global,16384,16384,6,8,4,2,9,1.574040000e-04,1.066001500e-02,9.254588000e-03,1.088199100e-02,1.066096301e-02,1.028185558e-02,4.249141088e-04,302.151454,313.292231,313.292231,3.657599986e-04,5.558399856e-05,1.303175788e-05,row,0,-1.000000000e+00,-1.000000
cuda_warp_smem,double,global,global,16384,16384,6,8,4,2,10,1.488280000e-04,1.070263600e-02,9.244738000e-03,1.089355700e-02,1.066590200e-02,1.029587173e-02,4.501120786e-04,302.011538,312.865734,312.865734,3.794879913e-04,5.788800120e-05,1.522100779e-05,row,0,-1.000000000e+00,-1.000000
cuda_warp_smem,double,global,global,16384,16384,6,8,4,2,11,1.638580000e-04,1.067279100e-02,9.254397000e-03,1.090335200e-02,1.067459099e-02,1.028822422e-02,4.339109867e-04,301.765705,313.098296,313.098296,3.683199883e-04,5.552000180e-05,1.400679304e-05,row,0,-1.000000000e+00,-1.000000
cuda_warp_smem,double,global,global,16384,16384,6,8,4,2,12,1.269720000e-04,1.071631500e-02,9.239064000e-03,1.090208700e-02,1.066273198e-02,1.030153561e-02,4.581700663e-04,302.101326,312.693718,312.693718,3.927040100e-04,7.760000229e-05,2.145620935e-05,row,0,-1.000000000e+00,-1.000000
cuda_warp_smem,double,global,global,16384,16384,6,8,4,2,13,1.644050000e-04,1.065007600e-02,9.243157000e-03,1.087743000e-02,1.065151804e-02,1.028339195e-02,4.258990491e-04,302.419379,313.245424,313.245424,3.580160141e-04,5.676800013e-05,1.510004511e-05,row,0,-1.000000000e+00,-1.000000
cuda_warp_smem,double,global,global,16384,16384,6,8,4,2,14,1.531500000e-04,1.068554000e-02,9.244203000e-03,1.090146400e-02,1.065939294e-02,1.028512001e-02,4.551680758e-04,302.195959,313.192794,313.192794,3.904640079e-04,5.440000072e-05,1.280399973e-05,row,0,-1.000000000e+00,-1.000000
cuda_warp_smem,double,global,global,16384,16384,6,8,4,2,15,1.575820000e-04,1.067158800e-02,9.259008000e-03,1.090122400e-02,1.067652798e-02,1.027878380e-02,4.427640688e-04,301.710957,313.385857,313.385857,3.785920143e-04,5.324799940e-05,1.368717669e-05,row,0,-1.000000000e+00,-1.000000
cuda_warp_smem,double,global,global,16384,16384,6,8,4,2,16,1.534980000e-04,1.067268300e-02,9.247103000e-03,1.087943400e-02,1.065517495e-02,1.028991985e-02,4.312329348e-04,302.315587,313.046702,313.046702,3.684799969e-04,5.443200096e-05,1.423878272e-05,row,0,-1.000000000e+00,-1.000000
cuda_warp_smem,double,global,global,16384,16384,6,8,4,2,17,1.653390000e-04,1.067189700e-02,9.245043000e-03,1.088203000e-02,1.065561098e-02,1.028127956e-02,4.207038934e-04,302.303216,313.309783,313.309783,3.515520096e-04,5.567999929e-05,1.541397920e-05,row,0,-1.000000000e+00,-1.000000
cuda_warp_smem,double,global,global,16384,16384,6,8,4,2,18,1.626870000e-04,1.067100400e-02,9.242143000e-03,1.089825300e-02,1.066950801e-02,1.029612827e-02,4.357481150e-04,301.909466,312.857939,312.857939,3.693119884e-04,5.507199839e-05,1.398412436e-05,row,0,-1.000000000e+00,-1.000000
cuda_warp_smem,double,global,global,16384,16384,6,8,4,2,19,1.367700000e-04,1.069544400e-02,9.249282000e-03,1.089447800e-02,1.066742503e-02,1.029449558e-02,4.466729114e-04,301.968419,312.907558,312.907558,3.875840008e-04,5.407999828e-05,1.292210459e-05,row,0,-1.000000000e+00,-1.000000
cuda_warp_smem,double,global,global,16384,16384,6,8,4,2,20,1.265380000e-04,1.093436300e-02,9.281175000e-03,1.119004000e-02,1.088046104e-02,1.047152042e-02,4.628425761e-04,296.055972,307.617742,307.617742,4.008319974e-04,5.622399971e-05,1.417985879e-05,row,0,-1.000000000e+00,-1.000000
cuda_warp_smem,double,global,global,16384,16384,8,8,4,2,1,2.268020000e-04,1.410964600e-02,1.043723400e-02,1.442601600e-02,1.385843853e-02,1.349110413e-02,6.613790297e-04,309.917116,318.355507,318.355507,5.564799905e-04,9.305600077e-05,2.316522574e-05,row,0,-1.000000000e+00,-1.000000
cuda_warp_smem,double,global,global,16384,16384,8,8,4,2,2,2.321720000e-04,1.438488300e-02,1.042230300e-02,1.471210800e-02,1.413592938e-02,1.380870438e-02,6.271510544e-04,303.833387,311.033329,311.033329,4.958080053e-04,9.308800101e-05,5.428705093e-05,row,0,-1.000000000e+00,-1.000000
cuda_warp_smem,double,global,global,16384,16384,8,8,4,2,3,2.802190000e-04,1.405865500e-02,1.214761000e-02,1.435271900e-02,1.404505497e-02,1.363657570e-02,5.241553918e-04,305.799252,314.959370,314.959370,4.311360121e-04,1.403200030e-04,2.984611763e-05,row,0,-1.000000000e+00,-1.000000
cuda_warp_smem,double,global,global,16384,16384,8,8,4,2,4,2.129650000e-04,1.410567500e-02,1.040851900e-02,1.438339900e-02,1.402173713e-02,1.378240013e-02,6.168353048e-04,306.307789,311.626949,311.626949,5.239040256e-04,1.428799927e-04,1.672940525e-05,row,0,-1.000000000e+00,-1.000000
cuda_warp_smem,double,global,global,16384,16384,8,8,4,2,5,3.100660000e-04,1.416861000e-02,1.212750200e-02,1.445700000e-02,1.413627797e-02,1.359971237e-02,5.688976282e-04,303.825894,315.813098,315.813098,4.749439955e-04,9.104000032e-05,1.793198286e-05,row,0,-1.000000000e+00,-1.000000
cuda_warp_smem,double,global,global,16384,16384,8,8,4,2,6,2.200210000e-04,1.407438600e-02,1.040796700e-02,1.433900700e-02,1.400641114e-02,1.377945614e-02,5.805987494e-04,306.642955,311.693528,311.693528,4.921280146e-04,8.838400245e-05,1.624798416e-05,row,0,-1.000000000e+00,-1.000000
cuda_warp_smem,double,global,global,16384,16384,8,8,4,2,7,2.086840000e-04,1.407129600e-02,1.214148300e-02,1.437389100e-02,1.403790900e-02,1.349126434e-02,6.211800929e-04,305.954918,318.351726,318.351726,5.284159780e-04,8.563199639e-05,1.627655610e-05,row,0,-1.000000000e+00,-1.000000
cuda_warp_smem,double,global,global,16384,16384,8,8,4,2,8,1.967530000e-04,1.407184900e-02,3.552226000e-03,1.434829000e-02,1.394543268e-02,1.361315155e-02,6.102437903e-04,307.983796,315.501321,315.501321,5.129920244e-04,8.416000009e-05,1.704504671e-05,row,0,-1.000000000e+00,-1.000000
cuda_warp_smem,double,global,global,16384,16384,8,8,4,2,9,2.022920000e-04,1.418578000e-02,1.040881300e-02,1.448856300e-02,1.393559362e-02,1.358399963e-02,6.391036141e-04,308.201245,316.178402,316.178402,5.454720259e-04,9.020800143e-05,1.900857694e-05,row,0,-1.000000000e+00,-1.000000
cuda_warp_smem,double,global,global,16384,16384,8,8,4,2,10,2.327920000e-04,1.404221900e-02,1.214112200e-02,1.433697900e-02,1.401691596e-02,1.349644756e-02,8.389788826e-04,306.413145,318.229466,318.229466,4.575040042e-04,3.614079952e-04,2.006688314e-05,row,0,-1.000000000e+00,-1.000000
cuda_warp_smem,double,global,global,16384,16384,8,8,4,2,11,2.388050000e-04,1.405854200e-02,1.040781300e-02,1.432197400e-02,1.395707497e-02,1.358668804e-02,5.604769990e-04,307.726892,316.115839,316.115839,4.707840085e-04,8.099199831e-05,1.606098858e-05,row,0,-1.000000000e+00,-1.000000
cuda_warp_smem,double,global,global,16384,16384,8,8,4,2,12,1.979260000e-04,1.403770800e-02,3.534749000e-03,1.430036200e-02,1.377015514e-02,1.344112015e-02,5.965878523e-04,311.904060,319.539387,319.539387,5.186240077e-04,7.129599899e-05,1.537819263e-05,row,0,-1.000000000e+00,-1.000000
cuda_warp_smem,double,global,global,16384,16384,8,8,4,2,13,1.763610000e-04,1.415235000e-02,3.540602000e-03,1.439981900e-02,1.408958121e-02,1.378179169e-02,5.972818385e-04,304.832857,311.640706,311.640706,5.233920217e-04,7.103999704e-05,1.523600814e-05,row,0,-1.000000000e+00,-1.000000
cuda_warp_smem,double,global,global,16384,16384,8,8,4,2,14,1.982130000e-04,1.389662700e-02,1.212030300e-02,1.417787800e-02,1.388260903e-02,1.357040024e-02,5.231534585e-04,309.377530,316.495256,316.495256,4.491519928e-04,7.468800247e-05,1.406787027e-05,row,0,-1.000000000e+00,-1.000000
cuda_warp_smem,double,global,global,16384,16384,8,8,4,2,15,2.011720000e-04,1.404145900e-02,1.038594900e-02,1.429197200e-02,1.383362830e-02,1.353142357e-02,5.815420303e-04,310.472943,317.406907,317.406907,4.962559938e-04,7.657600194e-05,1.486593202e-05,row,0,-1.000000000e+00,-1.000000
cuda_warp_smem,double,global,global,16384,16384,8,8,4,2,16,2.091220000e-04,1.403259100e-02,1.038987200e-02,1.428086200e-02,1.382364043e-02,1.348345566e-02,5.578458169e-04,310.697267,318.536094,318.536094,4.861440063e-04,6.896000355e-05,1.364972824e-05,row,0,-1.000000000e+00,-1.000000
cuda_warp_smem,double,global,global,16384,16384,8,8,4,2,17,2.090720000e-04,1.405884100e-02,1.039559200e-02,1.430206900e-02,1.401228569e-02,1.380707169e-02,5.489675311e-04,306.514397,311.070109,311.070109,4.757120013e-04,7.164800167e-05,1.542287955e-05,row,0,-1.000000000e+00,-1.000000
cuda_warp_smem,double,global,global,16384,16384,8,8,4,2,18,2.061560000e-04,1.403030800e-02,1.125891100e-02,1.430034800e-02,1.375160834e-02,1.348156834e-02,1.132581008e-03,312.324725,318.580687,318.580687,5.172799826e-04,9.342079759e-04,1.454091700e-05,row,0,-1.000000000e+00,-1.000000
cuda_warp_smem,double,global,global,16384,16384,8,8,4,2,19,2.260980000e-04,1.398037100e-02,1.040103200e-02,1.427029200e-02,1.395167492e-02,1.349145603e-02,5.443078544e-04,307.845998,318.347203,318.347203,4.602879882e-04,6.985600293e-05,1.416386329e-05,row,0,-1.000000000e+00,-1.000000
cuda_warp_smem,double,global,global,16384,16384,8,8,4,2,20,1.723730000e-04,1.406650000e-02,1.216171100e-02,1.432645600e-02,1.401841204e-02,1.345638371e-02,6.101162949e-04,306.380443,319.176934,319.176934,5.242239833e-04,7.523199916e-05,1.566745423e-05,row,0,-1.000000000e+00,-1.000000
cuda_warp_smem,double,global,global,16384,16384,20,8,4,2,1,9.706260000e-04,3.570935400e-02,1.511200600e-02,3.625690700e-02,3.560051107e-02,3.503667068e-02,9.280353699e-04,301.608542,306.462287,306.462287,7.083839774e-04,2.101120055e-04,2.987668908e-05,row,0,-1.000000000e+00,-1.000000
cuda_warp_smem,double,global,global,16384,16384,20,8,4,2,2,9.778790000e-04,3.567975100e-02,1.508538900e-02,3.623399300e-02,3.558030492e-02,3.502217484e-02,9.192889253e-04,301.779826,306.589134,306.589134,6.996480227e-04,2.156479955e-04,3.259935222e-05,row,0,-1.000000000e+00,-1.000000
cuda_warp_smem,double,global,global,16384,16384,20,8,4,2,3,9.919370000e-04,3.568355000e-02,1.509585400e-02,3.624800900e-02,3.558020226e-02,3.501574326e-02,9.217645852e-04,301.780697,306.645447,306.645447,7.071040273e-04,2.064639926e-04,4.826196148e-05,row,0,-1.000000000e+00,-1.000000
cuda_warp_smem,double,global,global,16384,16384,20,8,4,2,4,1.005821000e-03,3.561759100e-02,1.510195100e-02,3.621840500e-02,3.560954966e-02,3.500873566e-02,8.602700507e-04,301.531986,306.706827,306.706827,6.317120194e-04,2.028480023e-04,3.301705740e-05,row,0,-1.000000000e+00,-1.000000
cuda_warp_smem,double,global,global,16384,16384,20,8,4,2,5,9.715150000e-04,3.568145300e-02,1.509446900e-02,3.624417200e-02,3.558080067e-02,3.501808167e-02,9.471977170e-04,301.775622,306.624970,306.624970,7.231040001e-04,2.042880058e-04,3.064765539e-05,row,0,-1.000000000e+00,-1.000000
cuda_warp_smem,double,global,global,16384,16384,20,8,4,2,6,9.644220000e-04,3.570088400e-02,1.509377300e-02,3.624938300e-02,3.559602450e-02,3.503631973e-02,9.473141554e-04,301.646557,306.465357,306.465357,7.103360295e-04,2.094399929e-04,4.054925551e-05,row,0,-1.000000000e+00,-1.000000
cuda_warp_smem,double,global,global,16384,16384,20,8,4,2,7,9.212380000e-04,3.566861500e-02,1.510766300e-02,3.618762000e-02,3.553404662e-02,3.501452637e-02,9.000739011e-04,302.172684,306.656104,306.656104,6.819519997e-04,2.071360052e-04,3.024588324e-05,row,0,-1.000000000e+00,-1.000000
cuda_warp_smem,double,global,global,16384,16384,20,8,4,2,8,9.715580000e-04,3.567146600e-02,1.511436800e-02,3.624824400e-02,3.558711583e-02,3.501033783e-02,9.121405055e-04,301.722070,306.692791,306.692791,6.865919828e-04,2.107200027e-04,3.745083980e-05,row,0,-1.000000000e+00,-1.000000
cuda_warp_smem,double,global,global,16384,16384,20,8,4,2,9,9.981880000e-04,3.571804600e-02,1.513121900e-02,3.629214100e-02,3.563226046e-02,3.503359985e-02,9.487253418e-04,301.339800,306.489150,306.489150,6.928319931e-04,2.163839936e-04,4.846934879e-05,row,0,-1.000000000e+00,-1.000000
cuda_warp_smem,double,global,global,16384,16384,20,8,4,2,10,9.584760000e-04,3.566963900e-02,1.509180100e-02,3.622770000e-02,3.556600724e-02,3.500368118e-02,9.146606797e-04,301.901143,306.751115,306.751115,6.978560090e-04,2.018879950e-04,3.089824738e-05,row,0,-1.000000000e+00,-1.000000
cuda_warp_smem,double,global,global,16384,16384,20,8,4,2,11,9.814960000e-04,3.567027400e-02,1.509517900e-02,3.622494000e-02,3.557623430e-02,3.502156830e-02,9.195355460e-04,301.814356,306.594443,306.594443,7.099519968e-04,2.046079934e-04,2.838784164e-05,row,0,-1.000000000e+00,-1.000000
cuda_warp_smem,double,global,global,16384,16384,20,8,4,2,12,9.530570000e-04,3.566616500e-02,1.508691300e-02,3.623265600e-02,3.557688986e-02,3.501039886e-02,9.364085974e-04,301.808794,306.692257,306.692257,7.265599966e-04,2.055999935e-04,4.097870758e-05,row,0,-1.000000000e+00,-1.000000
cuda_warp_smem,double,global,global,16384,16384,20,8,4,2,13,9.667920000e-04,3.567704800e-02,1.508656600e-02,3.622327100e-02,3.556350358e-02,3.501728058e-02,8.910287224e-04,301.922397,306.631985,306.631985,6.699200273e-04,2.219520062e-04,3.441365514e-05,row,0,-1.000000000e+00,-1.000000
cuda_warp_smem,double,global,global,16384,16384,20,8,4,2,14,9.512310000e-04,3.566152700e-02,1.510600900e-02,3.620879800e-02,3.557253830e-02,3.501615906e-02,9.320984530e-04,301.845715,306.641806,306.641806,7.021759748e-04,1.992640048e-04,3.065847333e-05,row,0,-1.000000000e+00,-1.000000
cuda_warp_smem,double,global,global,16384,16384,20,8,4,2,15,9.515360000e-04,3.569472000e-02,1.494130300e-02,3.620331700e-02,3.552344380e-02,3.501484680e-02,9.183607649e-04,302.262875,306.653298,306.653298,6.926400065e-04,3.503359854e-04,3.412356199e-05,row,0,-1.000000000e+00,-1.000000
cuda_warp_smem,double,global,global,16384,16384,20,8,4,2,16,9.431760000e-04,3.502909000e-02,2.404343000e-03,3.620036200e-02,3.548461395e-02,3.418147278e-02,1.074903255e-03,302.593633,314.129772,314.129772,8.620799780e-04,2.227520049e-04,3.075603151e-05,row,0,-1.000000000e+00,-1.000000
cuda_warp_smem,double,global,global,16384,16384,20,8,4,2,17,9.938540000e-04,3.568703900e-02,1.512844600e-02,3.626155300e-02,3.559839983e-02,3.502265549e-02,8.759595588e-04,301.626430,306.584926,306.584926,6.578239799e-04,2.025599927e-04,2.905046587e-05,row,0,-1.000000000e+00,-1.000000
cuda_warp_smem,double,global,global,16384,16384,20,8,4,2,18,9.661860000e-04,3.567266900e-02,1.509904100e-02,3.622627200e-02,3.557086883e-02,3.501574326e-02,9.050948281e-04,301.859881,306.645447,306.645447,6.806399822e-04,2.013760060e-04,2.983083915e-05,row,0,-1.000000000e+00,-1.000000
cuda_warp_smem,double,global,global,16384,16384,20,8,4,2,19,9.339900000e-04,3.570880900e-02,1.508938200e-02,3.621753400e-02,3.554856570e-02,3.503984070e-02,9.129035691e-04,302.049268,306.434562,306.434562,6.905279756e-04,2.143359929e-04,3.454293192e-05,row,0,-1.000000000e+00,-1.000000
cuda_warp_smem,double,global,global,16384,16384,20,8,4,2,20,9.908080000e-04,3.577773300e-02,1.530825000e-02,3.654209800e-02,3.585201148e-02,3.508764648e-02,9.090982888e-04,299.492770,306.017055,306.017055,6.882240176e-04,2.084479928e-04,2.644407731e-05,row,0,-1.000000000e+00,-1.000000
cuda_warp_smem,double,global,global,16384,16384,32,8,4,2,1,1.874769000e-03,5.996601600e-02,4.823668000e-03,6.094713100e-02,5.981157841e-02,5.883046341e-02,1.330794109e-03,287.233169,292.023353,292.023353,9.726719856e-04,3.407680094e-04,3.394067389e-05,row,0,-1.000000000e+00,-1.000000
cuda_warp_smem,double,global,global,16384,16384,32,8,4,2,2,1.946260000e-03,5.997892600e-02,4.794144000e-03,6.096204000e-02,5.982103514e-02,5.883792114e-02,1.279778664e-03,287.187762,291.986339,291.986339,9.392639995e-04,3.366079926e-04,2.944924593e-05,row,0,-1.000000000e+00,-1.000000
cuda_warp_smem,double,global,global,16384,16384,32,8,4,2,3,1.920576000e-03,5.996281600e-02,4.800397000e-03,6.096038100e-02,5.982950088e-02,5.883193588e-02,1.352879420e-03,287.147125,292.016044,292.016044,9.776319861e-04,3.458240032e-04,2.942343105e-05,row,0,-1.000000000e+00,-1.000000
cuda_warp_smem,double,global,global,16384,16384,32,8,4,2,4,1.934156000e-03,5.996696600e-02,4.819933000e-03,6.098130200e-02,5.986790503e-02,5.885356903e-02,1.344283849e-03,286.962926,291.908706,291.908706,9.669759870e-04,3.377920091e-04,3.951585305e-05,row,0,-1.000000000e+00,-1.000000
cuda_warp_smem,double,global,global,16384,16384,32,8,4,2,5,1.944490000e-03,5.999315100e-02,4.849250000e-03,6.104487500e-02,5.988573889e-02,5.883401489e-02,1.349300870e-03,286.877469,292.005725,292.005725,9.906880260e-04,3.351680040e-04,3.274039927e-05,row,0,-1.000000000e+00,-1.000000
cuda_warp_smem,double,global,global,16384,16384,32,8,4,2,6,2.062679000e-03,6.005022900e-02,4.802059000e-03,6.103923200e-02,5.982941895e-02,5.884041595e-02,1.277512919e-03,287.147518,291.973959,291.973959,9.390400052e-04,3.305920064e-04,2.759147489e-05,row,0,-1.000000000e+00,-1.000000
cuda_warp_smem,double,global,global,16384,16384,32,8,4,2,7,1.925256000e-03,5.995624700e-02,4.787455000e-03,6.096335000e-02,5.985330967e-02,5.884620667e-02,1.341754694e-03,287.032902,291.945227,291.945227,9.645439982e-04,3.399679959e-04,3.724269997e-05,row,0,-1.000000000e+00,-1.000000
cuda_warp_smem,double,global,global,16384,16384,32,8,4,2,8,1.928773000e-03,5.998482100e-02,4.575240000e-03,6.097615000e-02,5.982332973e-02,5.883200073e-02,1.339475363e-03,287.176746,292.015722,292.015722,9.874560237e-04,5.607360005e-04,4.233839239e-05,row,0,-1.000000000e+00,-1.000000
cuda_warp_smem,double,global,global,16384,16384,32,8,4,2,9,1.939600000e-03,6.000250300e-02,4.801966000e-03,6.099729800e-02,5.984084145e-02,5.884604645e-02,1.348054651e-03,287.092707,291.946022,291.946022,9.786239862e-04,3.378239870e-04,3.679067215e-05,row,0,-1.000000000e+00,-1.000000
cuda_warp_smem,double,global,global,16384,16384,32,8,4,2,10,1.962205000e-03,5.999524900e-02,4.803098000e-03,6.098444600e-02,5.982247566e-02,5.883327866e-02,1.345919062e-03,287.180846,292.009379,292.009379,9.857599735e-04,3.375680149e-04,3.096689176e-05,row,0,-1.000000000e+00,-1.000000
cuda_warp_smem,double,global,global,16384,16384,32,8,4,2,11,1.955238000e-03,5.867729200e-02,1.080798000e-03,6.104121800e-02,5.988052968e-02,5.747606277e-02,1.337906040e-03,286.902425,298.904768,298.904768,9.803199768e-04,3.380799890e-04,3.214121932e-05,row,0,-1.000000000e+00,-1.000000
cuda_warp_smem,double,global,global,16384,16384,32,8,4,2,12,1.842120000e-03,6.527874300e-02,1.012818000e-02,6.624387300e-02,6.504022869e-02,5.881622314e-02,6.462519855e-03,264.142201,292.094056,292.094056,9.858880043e-04,5.650047779e-03,2.739317704e-05,row,0,-1.000000000e+00,-1.000000
cuda_warp_smem,double,global,global,16384,16384,32,8,4,2,13,1.961561000e-03,6.000374200e-02,4.812734000e-03,6.098201500e-02,5.981459197e-02,5.883631897e-02,1.387663746e-03,287.218697,291.994290,291.994290,9.910399914e-04,3.745599985e-04,3.755175517e-05,row,0,-1.000000000e+00,-1.000000
cuda_warp_smem,double,global,global,16384,16384,32,8,4,2,14,2.457042000e-03,5.991911800e-02,4.828907000e-03,6.091082600e-02,5.982645913e-02,5.883475113e-02,1.084366871e-03,287.161725,292.002071,292.002071,7.258239985e-04,3.449920118e-04,3.017151735e-05,row,0,-1.000000000e+00,-1.000000
cuda_warp_smem,double,global,global,16384,16384,32,8,4,2,15,1.938569000e-03,5.999288800e-02,4.809533000e-03,6.098433800e-02,5.983032863e-02,5.883887863e-02,1.350627318e-03,287.143153,291.981587,291.981587,9.869120121e-04,3.420479894e-04,3.241930887e-05,row,0,-1.000000000e+00,-1.000000
cuda_warp_smem,double,global,global,16384,16384,32,8,4,2,16,1.902759000e-03,5.996572000e-02,4.810205000e-03,6.094888000e-02,5.982412146e-02,5.884096146e-02,1.356818071e-03,287.172946,291.971252,291.971252,9.788799882e-04,3.355199993e-04,4.241808334e-05,row,0,-1.000000000e+00,-1.000000
cuda_warp_smem,double,global,global,16384,16384,32,8,4,2,17,1.908058000e-03,5.998397600e-02,4.797039000e-03,6.095425100e-02,5.980988987e-02,5.883961487e-02,1.340536634e-03,287.241278,291.977934,291.977934,9.872639775e-04,3.271040022e-04,3.411614869e-05,row,0,-1.000000000e+00,-1.000000
cuda_warp_smem,double,global,global,16384,16384,32,8,4,2,18,1.838441000e-03,5.993120000e-02,4.788857000e-03,6.088274600e-02,5.976184873e-02,5.881030273e-02,1.332480615e-03,287.472184,292.123461,292.123461,9.750400186e-04,3.316160142e-04,3.471907596e-05,row,0,-1.000000000e+00,-1.000000
cuda_warp_smem,double,global,global,16384,16384,32,8,4,2,19,1.838792000e-03,5.993541100e-02,4.806866000e-03,6.088821300e-02,5.977763492e-02,5.882483292e-02,1.329119306e-03,287.396268,292.051304,292.051304,9.779840112e-04,3.343999982e-04,3.143927641e-05,row,0,-1.000000000e+00,-1.000000
cuda_warp_smem,double,global,global,16384,16384,32,8,4,2,20,1.819718000e-03,5.997450300e-02,4.847424000e-03,6.098295600e-02,5.986103021e-02,5.885257721e-02,1.344032445e-03,286.995882,291.913626,291.913626,9.737600088e-04,3.401280046e-04,3.164843571e-05,row,0,-1.000000000e+00,-1.000000
cuda_warp_smem,double,global,global,16384,16384,3,8,8,1,1,2.088160000e-04,7.064220000e-03,8.005000000e-06,7.280380000e-03,6.911232174e-03,6.695072174e-03,4.472899641e-04,233.042777,240.566897,240.566897,4.116480052e-04,3.142400086e-05,1.409001592e-05,row,0,-1.000000000e+00,-1.000000
cuda_warp_smem,double,global,global,16384,16384,3,8,8,1,2,1.995010000e-04,6.859166000e-03,5.943000000e-06,7.062065000e-03,6.743218920e-03,6.540319920e-03,4.527860509e-04,238.849243,246.259014,246.259014,4.117439985e-04,2.870400064e-05,1.733494529e-05,row,0,-1.000000000e+00,-1.000000
cuda_warp_smem,double,global,global,16384,16384,3,8,8,1,3,5.573420000e-04,6.502883000e-03,8.822000000e-06,7.069047000e-03,6.814035876e-03,6.247871876e-03,3.564357965e-04,236.366929,257.785814,257.785814,3.161599934e-04,3.414399922e-05,5.840313218e-05,row,0,-1.000000000e+00,-1.000000
cuda_warp_smem,double,global,global,16384,16384,3,8,8,1,4,2.051670000e-04,6.851029000e-03,5.550000000e-06,7.056358000e-03,6.612689077e-03,6.407360077e-03,4.436689231e-04,243.563960,251.369162,251.369162,4.095999897e-04,2.777599916e-05,1.329999786e-05,row,0,-1.000000000e+00,-1.000000
cuda_warp_smem,double,global,global,16384,16384,3,8,8,1,5,2.885490000e-04,6.718729000e-03,8.779000000e-06,6.988577000e-03,6.666328083e-03,6.396480083e-03,3.692169238e-04,241.604181,251.796725,251.796725,3.313600123e-04,2.988800034e-05,2.381691283e-05,row,0,-1.000000000e+00,-1.000000
cuda_warp_smem,double,global,global,16384,16384,3,8,8,1,6,1.963760000e-04,6.865355000e-03,5.599000000e-06,7.061593000e-03,6.605421979e-03,6.409183979e-03,4.561710210e-04,243.831922,251.297629,251.297629,4.194880128e-04,2.697600052e-05,1.408502712e-05,row,0,-1.000000000e+00,-1.000000
cuda_warp_smem,double,global,global,16384,16384,3,8,8,1,7,1.950500000e-04,6.884693000e-03,5.449000000e-06,7.065115000e-03,6.892997912e-03,6.712575912e-03,4.482849138e-04,233.659252,239.939594,239.939594,4.079039991e-04,2.735999972e-05,1.354809475e-05,row,0,-1.000000000e+00,-1.000000
cuda_warp_smem,double,global,global,16384,16384,3,8,8,1,8,1.901760000e-04,6.869162000e-03,5.337000000e-06,7.052935000e-03,6.877628762e-03,6.693855762e-03,4.540558116e-04,234.181401,240.610613,240.610613,4.221119881e-04,2.662399970e-05,1.442793974e-05,row,0,-1.000000000e+00,-1.000000
cuda_warp_smem,double,global,global,16384,16384,3,8,8,1,9,1.870860000e-04,6.893859000e-03,5.468000000e-06,7.069868000e-03,6.897897065e-03,6.721888065e-03,4.415629070e-04,233.493298,239.607194,239.607194,4.088320136e-04,3.203200176e-05,1.321110076e-05,row,0,-1.000000000e+00,-1.000000
cuda_warp_smem,double,global,global,16384,16384,3,8,8,1,10,2.033880000e-04,6.735572000e-03,5.839000000e-06,6.944510000e-03,6.583370087e-03,6.374432087e-03,4.206170270e-04,244.648670,252.667644,252.667644,3.785279989e-04,3.103999980e-05,1.320390865e-05,row,0,-1.000000000e+00,-1.000000
cuda_warp_smem,double,global,global,16384,16384,3,8,8,1,11,1.986440000e-04,6.848631000e-03,5.586000000e-06,7.047272000e-03,6.590961156e-03,6.392320156e-03,4.563108439e-04,244.366899,251.960587,251.960587,4.216960073e-04,2.985600010e-05,1.493483581e-05,row,0,-1.000000000e+00,-1.000000
cuda_warp_smem,double,global,global,16384,16384,3,8,8,1,12,1.937500000e-04,6.860813000e-03,5.766000000e-06,7.060217000e-03,6.606988190e-03,6.407584190e-03,4.532288096e-04,243.774121,251.360370,251.360370,4.174720049e-04,2.796800062e-05,1.623103723e-05,row,0,-1.000000000e+00,-1.000000
cuda_warp_smem,double,global,global,16384,16384,3,8,8,1,13,2.640460000e-04,6.773531000e-03,8.959000000e-06,7.042727000e-03,6.692140069e-03,6.422944069e-03,3.539838950e-04,240.672299,250.759265,250.759265,3.203519881e-04,2.643200010e-05,2.200799294e-05,row,0,-1.000000000e+00,-1.000000
cuda_warp_smem,double,global,global,16384,16384,3,8,8,1,14,1.960220000e-04,6.893414000e-03,5.456000000e-06,7.094290000e-03,6.649132016e-03,6.448256016e-03,4.451579842e-04,242.229021,249.774936,249.774936,4.113599956e-04,2.883199975e-05,1.266577983e-05,row,0,-1.000000000e+00,-1.000000
cuda_warp_smem,double,global,global,16384,16384,3,8,8,1,15,1.919340000e-04,6.871332000e-03,5.589000000e-06,7.068855000e-03,6.676531198e-03,6.479008198e-03,4.551140325e-04,241.234960,248.589396,248.589396,4.127359986e-04,2.848000079e-05,1.451404559e-05,row,0,-1.000000000e+00,-1.000000
cuda_warp_smem,double,global,global,16384,16384,3,8,8,1,16,2.086690000e-04,6.888757000e-03,5.567000000e-06,7.095068000e-03,6.606023086e-03,6.399712086e-03,4.890449143e-04,243.809735,251.669562,251.669562,4.506239891e-04,2.774400078e-05,2.128223828e-05,row,0,-1.000000000e+00,-1.000000
cuda_warp_smem,double,global,global,16384,16384,3,8,8,1,17,1.884210000e-04,7.037618000e-03,5.597000000e-06,7.229799000e-03,6.846580872e-03,6.654399872e-03,4.284970252e-04,235.243367,242.037264,242.037264,3.889600039e-04,2.809599973e-05,1.503994715e-05,row,0,-1.000000000e+00,-1.000000
cuda_warp_smem,double,global,global,16384,16384,3,8,8,1,18,2.313460000e-04,6.889070000e-03,7.268000000e-06,7.127046000e-03,6.684344217e-03,6.446368217e-03,4.427017825e-04,240.952992,249.848082,249.848082,3.976320028e-04,2.879999951e-05,2.090978014e-05,row,0,-1.000000000e+00,-1.000000
cuda_warp_smem,double,global,global,16384,16384,3,8,8,1,19,2.102110000e-04,6.864252000e-03,6.273000000e-06,7.067176000e-03,6.865611778e-03,6.662687778e-03,4.441207901e-04,234.591292,241.736187,241.736187,4.088320136e-04,3.100799955e-05,1.468799712e-05,row,0,-1.000000000e+00,-1.000000
cuda_warp_smem,double,global,global,16384,16384,3,8,8,1,20,1.961170000e-04,7.446719000e-03,6.433000000e-06,7.648341000e-03,7.194965830e-03,6.993343830e-03,4.533751699e-04,223.852729,230.306528,230.306528,4.140479863e-04,2.886399999e-05,1.430318307e-05,row,0,-1.000000000e+00,-1.000000
cuda_warp_smem,double,global,global,16384,16384,6,8,8,1,1,4.312870000e-04,1.174539600e-02,1.554800000e-05,1.219123700e-02,1.136251275e-02,1.091667175e-02,8.287242471e-04,283.495873,295.073952,295.073952,7.777919769e-04,4.390399903e-05,1.500902500e-05,row,0,-1.000000000e+00,-1.000000
cuda_warp_smem,double,global,global,16384,16384,6,8,8,1,2,4.366670000e-04,1.175173800e-02,1.394700000e-05,1.218796100e-02,1.136169526e-02,1.092547226e-02,8.262657405e-04,283.516271,294.836268,294.836268,7.745280266e-04,5.596800148e-05,1.455089860e-05,row,0,-1.000000000e+00,-1.000000
cuda_warp_smem,double,global,global,16384,16384,6,8,8,1,3,4.190900000e-04,1.179879400e-02,2.709500000e-05,1.224259200e-02,1.137515824e-02,1.093136024e-02,8.674337552e-04,283.180717,294.677460,294.677460,7.734400034e-04,8.022399992e-05,1.780312231e-05,row,0,-1.000000000e+00,-1.000000
cuda_warp_smem,double,global,global,16384,16384,6,8,8,1,4,4.229710000e-04,1.170189800e-02,1.279500000e-05,1.212838900e-02,1.133365939e-02,1.090716839e-02,7.947296116e-04,284.217600,295.331048,295.331048,7.498239875e-04,3.955199942e-05,1.370512036e-05,row,0,-1.000000000e+00,-1.000000
cuda_warp_smem,double,global,global,16384,16384,6,8,8,1,5,5.592360000e-04,1.156003900e-02,1.514300000e-05,1.195231700e-02,1.144555788e-02,1.105327988e-02,5.843170230e-04,281.438922,291.427116,291.427116,5.319039822e-04,3.872000054e-05,1.936288574e-05,row,0,-1.000000000e+00,-1.000000
cuda_warp_smem,double,global,global,16384,16384,6,8,8,1,6,4.450910000e-04,1.172857600e-02,2.265400000e-05,1.218212500e-02,1.136071739e-02,1.090716839e-02,8.214076116e-04,283.540675,295.331048,295.331048,7.668480277e-04,4.191999882e-05,1.651158478e-05,row,0,-1.000000000e+00,-1.000000
cuda_warp_smem,double,global,global,16384,16384,6,8,8,1,7,5.985620000e-04,1.169781800e-02,1.576400000e-05,1.214637900e-02,1.135867338e-02,1.091011238e-02,7.877056190e-04,283.591698,295.251356,295.251356,7.413759828e-04,4.102399945e-05,1.598113648e-05,row,0,-1.000000000e+00,-1.000000
cuda_warp_smem,double,global,global,16384,16384,6,8,8,1,8,4.252710000e-04,1.183732100e-02,1.610900000e-05,1.225586800e-02,1.185169920e-02,1.143315220e-02,7.999534078e-04,271.794400,281.744301,281.744301,7.569280267e-04,4.041599855e-05,1.412938092e-05,row,0,-1.000000000e+00,-1.000000
cuda_warp_smem,double,global,global,16384,16384,6,8,8,1,9,4.118000000e-04,1.172321700e-02,1.257900000e-05,1.214662000e-02,1.134321139e-02,1.091980839e-02,8.034086122e-04,283.978263,294.989194,294.989194,7.639039755e-04,4.153599963e-05,1.617487858e-05,row,0,-1.000000000e+00,-1.000000
cuda_warp_smem,double,global,global,16384,16384,6,8,8,1,10,4.191600000e-04,1.174152900e-02,1.246200000e-05,1.212058700e-02,1.137435352e-02,1.099529552e-02,7.733960981e-04,283.200752,292.963974,292.963974,7.243840098e-04,3.734400123e-05,1.436147560e-05,row,0,-1.000000000e+00,-1.000000
cuda_warp_smem,double,global,global,16384,16384,6,8,8,1,11,4.102580000e-04,1.174513400e-02,1.244300000e-05,1.215490100e-02,1.132339939e-02,1.091363239e-02,8.315016071e-04,284.475126,295.156127,295.156127,7.864320278e-04,3.497600183e-05,1.394108919e-05,row,0,-1.000000000e+00,-1.000000
cuda_warp_smem,double,global,global,16384,16384,6,8,8,1,12,4.062330000e-04,1.183402000e-02,1.228700000e-05,1.224162600e-02,1.184069430e-02,1.143308830e-02,8.144685387e-04,272.047009,281.745875,281.745875,7.743359804e-04,3.833600134e-05,1.523183497e-05,row,0,-1.000000000e+00,-1.000000
cuda_warp_smem,double,global,global,16384,16384,6,8,8,1,13,4.153720000e-04,1.172247000e-02,1.250300000e-05,1.214885900e-02,1.133944537e-02,1.091305637e-02,8.094136264e-04,284.072577,295.171706,295.171706,7.737280130e-04,3.475200012e-05,1.430520850e-05,row,0,-1.000000000e+00,-1.000000
cuda_warp_smem,double,global,global,16384,16384,6,8,8,1,14,4.231450000e-04,1.171694000e-02,1.481600000e-05,1.215157200e-02,1.134419983e-02,1.090956783e-02,8.073721671e-04,283.953520,295.266093,295.266093,7.685440183e-04,3.606399894e-05,1.314514073e-05,row,0,-1.000000000e+00,-1.000000
cuda_warp_smem,double,global,global,16384,16384,6,8,8,1,15,4.115140000e-04,1.173431700e-02,1.256600000e-05,1.215649600e-02,1.134813096e-02,1.092595196e-02,8.083650423e-04,283.855155,294.823324,294.823324,7.676479816e-04,4.307200015e-05,1.548402918e-05,row,0,-1.000000000e+00,-1.000000
cuda_warp_smem,double,global,global,16384,16384,6,8,8,1,16,4.082920000e-04,1.172839700e-02,1.223800000e-05,1.214767300e-02,1.133079600e-02,1.091152000e-02,8.168769957e-04,284.289424,295.213267,295.213267,7.739840150e-04,3.820800036e-05,1.510492393e-05,row,0,-1.000000000e+00,-1.000000
cuda_warp_smem,double,global,global,16384,16384,6,8,8,1,17,4.156640000e-04,1.172694100e-02,1.272500000e-05,1.215344400e-02,1.133824712e-02,1.091174412e-02,8.151968823e-04,284.102599,295.207204,295.207204,7.720639706e-04,3.609599918e-05,1.400220532e-05,row,0,-1.000000000e+00,-1.000000
cuda_warp_smem,double,global,global,16384,16384,6,8,8,1,18,4.203660000e-04,1.191532500e-02,1.295600000e-05,1.234727900e-02,1.188705787e-02,1.145510387e-02,8.206859012e-04,270.985933,281.204388,281.204388,7.770239711e-04,4.182400182e-05,1.385313743e-05,row,0,-1.000000000e+00,-1.000000
cuda_warp_smem,double,global,global,16384,16384,6,8,8,1,19,4.146070000e-04,1.172582100e-02,1.315600000e-05,1.215344500e-02,1.133514429e-02,1.090752029e-02,8.183007058e-04,284.180368,295.321520,295.321520,7.773439884e-04,3.670400009e-05,1.388494316e-05,row,0,-1.000000000e+00,-1.000000
cuda_warp_smem,double,global,global,16384,16384,6,8,8,1,20,4.284860000e-04,1.177669300e-02,1.861100000e-05,1.220751900e-02,1.136349755e-02,1.093267155e-02,8.440214531e-04,283.471304,294.642115,294.642115,7.912960052e-04,4.006399959e-05,1.544403193e-05,row,0,-1.000000000e+00,-1.000000
cuda_warp_smem,double,global,global,16384,16384,8,8,8,1,1,6.261810000e-04,1.584187000e-02,2.766800000e-05,1.648403000e-02,1.534561592e-02,1.470345592e-02,1.138414075e-03,279.882366,292.105973,292.105973,1.073855996e-03,5.385600030e-05,1.880110764e-05,row,0,-1.000000000e+00,-1.000000
cuda_warp_smem,double,global,global,16384,16384,8,8,8,1,2,5.983970000e-04,1.562230000e-02,3.478500000e-05,1.624855100e-02,1.512714745e-02,1.450089645e-02,1.121403546e-03,283.924468,296.186330,296.186330,1.050783992e-03,5.859199911e-05,1.663555305e-05,row,0,-1.000000000e+00,-1.000000
cuda_warp_smem,double,global,global,16384,16384,8,8,8,1,3,8.223200000e-04,1.545765300e-02,2.823700000e-05,1.607578800e-02,1.520271065e-02,1.458457565e-02,8.730773469e-04,282.513257,294.486957,294.486957,8.110399842e-04,5.488000065e-05,1.735690497e-05,row,0,-1.000000000e+00,-1.000000
cuda_warp_smem,double,global,global,16384,16384,8,8,8,1,4,6.095210000e-04,1.581751400e-02,2.514000000e-05,1.643977900e-02,1.532181658e-02,1.469955158e-02,1.117962418e-03,280.317107,292.183559,292.183559,1.062495947e-03,5.423999950e-05,1.480512898e-05,row,0,-1.000000000e+00,-1.000000
cuda_warp_smem,double,global,global,16384,16384,8,8,8,1,5,5.987370000e-04,1.536177700e-02,3.413200000e-05,1.595421600e-02,1.536168701e-02,1.476924801e-02,1.050618338e-03,279.589559,290.804738,290.804738,9.872000217e-04,5.660799891e-05,1.679618148e-05,row,0,-1.000000000e+00,-1.000000
cuda_warp_smem,double,global,global,16384,16384,8,8,8,1,6,9.025560000e-04,1.508930500e-02,2.800200000e-05,1.601084500e-02,1.531792424e-02,1.439638424e-02,8.691686674e-04,280.388336,298.336528,298.336528,8.065919876e-04,5.388800055e-05,2.040873616e-05,row,0,-1.000000000e+00,-1.000000
cuda_warp_smem,double,global,global,16384,16384,8,8,8,1,7,6.131120000e-04,1.542815100e-02,2.704600000e-05,1.604475900e-02,1.494102416e-02,1.432441616e-02,1.103734839e-03,287.461371,299.835417,299.835417,1.044384003e-03,5.539200082e-05,1.934744831e-05,row,0,-1.000000000e+00,-1.000000
cuda_warp_smem,double,global,global,16384,16384,8,8,8,1,8,6.253160000e-04,1.610756300e-02,2.796600000e-05,1.674913700e-02,1.563171778e-02,1.499014378e-02,1.117419224e-03,274.759777,286.519420,286.519420,1.053248048e-03,5.353600159e-05,1.729117689e-05,row,0,-1.000000000e+00,-1.000000
cuda_warp_smem,double,global,global,16384,16384,8,8,8,1,9,6.201070000e-04,1.590474400e-02,2.692200000e-05,1.655019100e-02,1.544685481e-02,1.480140781e-02,1.103336186e-03,278.048014,290.172891,290.172891,1.035776019e-03,5.532800034e-05,1.504816563e-05,row,0,-1.000000000e+00,-1.000000
cuda_warp_smem,double,global,global,16384,16384,8,8,8,1,10,6.047720000e-04,1.554826100e-02,2.723000000e-05,1.614544500e-02,1.500729638e-02,1.441011238e-02,1.138148619e-03,286.191942,298.052311,298.052311,1.073215961e-03,5.296000093e-05,1.600465753e-05,row,0,-1.000000000e+00,-1.000000
cuda_warp_smem,double,global,global,16384,16384,8,8,8,1,11,6.120350000e-04,1.544881100e-02,3.016400000e-05,1.608168300e-02,1.494525565e-02,1.431238365e-02,1.136427348e-03,287.379982,300.087491,300.087491,1.075232029e-03,5.372799933e-05,1.747087247e-05,row,0,-1.000000000e+00,-1.000000
cuda_warp_smem,double,global,global,16384,16384,8,8,8,1,12,6.222540000e-04,1.543269600e-02,3.003200000e-05,1.608287100e-02,1.496230307e-02,1.431212807e-02,1.120567933e-03,287.052553,300.092850,300.092850,1.053215981e-03,5.680000037e-05,1.874395113e-05,row,0,-1.000000000e+00,-1.000000
cuda_warp_smem,double,global,global,16384,16384,8,8,8,1,13,5.965830000e-04,1.542627100e-02,2.694000000e-05,1.604788000e-02,1.493088940e-02,1.430928040e-02,1.116990604e-03,287.656494,300.152571,300.152571,1.053632021e-03,5.536000058e-05,1.677153929e-05,row,0,-1.000000000e+00,-1.000000
cuda_warp_smem,double,global,global,16384,16384,8,8,8,1,14,6.213580000e-04,1.610732200e-02,2.713000000e-05,1.674529200e-02,1.563198569e-02,1.499401569e-02,1.113306306e-03,274.755068,286.445432,286.445432,1.052191973e-03,5.462399870e-05,1.668949351e-05,row,0,-1.000000000e+00,-1.000000
cuda_warp_smem,double,global,global,16384,16384,8,8,8,1,15,6.276450000e-04,1.543140200e-02,2.842700000e-05,1.605909800e-02,1.493774410e-02,1.431004810e-02,1.121353897e-03,287.524493,300.136468,300.136468,1.060256004e-03,5.763199925e-05,1.534523466e-05,row,0,-1.000000000e+00,-1.000000
cuda_warp_smem,double,global,global,16384,16384,8,8,8,1,16,6.052570000e-04,1.600532400e-02,2.718300000e-05,1.663558400e-02,1.553176356e-02,1.490150356e-02,1.103820437e-03,276.527986,288.223754,288.223754,1.042400002e-03,5.577600002e-05,1.598920272e-05,row,0,-1.000000000e+00,-1.000000
cuda_warp_smem,double,global,global,16384,16384,8,8,8,1,17,6.235290000e-04,1.544626700e-02,3.171800000e-05,1.608073000e-02,1.494966285e-02,1.431519985e-02,1.131067148e-03,287.295261,300.028455,300.028455,1.070592046e-03,5.142400041e-05,1.791605386e-05,row,0,-1.000000000e+00,-1.000000
cuda_warp_smem,double,global,global,16384,16384,8,8,8,1,18,5.979680000e-04,1.546145200e-02,2.789100000e-05,1.608463300e-02,1.493719734e-02,1.431401634e-02,1.147435658e-03,287.535017,300.053262,300.053262,1.080351949e-03,5.564799905e-05,1.573379252e-05,row,0,-1.000000000e+00,-1.000000
cuda_warp_smem,double,global,global,16384,16384,8,8,8,1,19,6.111500000e-04,1.564233300e-02,3.235600000e-05,1.627572300e-02,1.514062171e-02,1.450723171e-02,1.135101288e-03,283.671792,296.056986,296.056986,1.076096058e-03,5.625599995e-05,1.739887749e-05,row,0,-1.000000000e+00,-1.000000
cuda_warp_smem,double,global,global,16384,16384,8,8,8,1,20,6.177330000e-04,1.565789600e-02,2.992600000e-05,1.630542700e-02,1.517940280e-02,1.453187180e-02,1.126024204e-03,282.947054,295.554995,295.554995,1.051231980e-03,5.715199932e-05,1.764022470e-05,row,0,-1.000000000e+00,-1.000000
cuda_warp_smem,double,global,global,16384,16384,20,8,8,1,1,1.046323000e-03,4.192118600e-02,6.985900000e-05,4.302771600e-02,4.035593872e-02,3.924940872e-02,2.671777278e-03,266.067860,273.568917,273.568917,2.541440010e-03,1.243200004e-04,2.455901174e-05,row,0,-1.000000000e+00,-1.000000
cuda_warp_smem,double,global,global,16384,16384,20,8,8,1,2,1.060692000e-03,4.164906300e-02,6.943400000e-05,4.277391500e-02,4.012574845e-02,3.900089645e-02,2.648166546e-03,267.594217,275.312088,275.312088,2.525664091e-03,1.149440035e-04,2.389555299e-05,row,0,-1.000000000e+00,-1.000000
cuda_warp_smem,double,global,global,16384,16384,20,8,8,1,3,1.060071000e-03,4.210283600e-02,7.181000000e-05,4.322934500e-02,4.060913305e-02,3.948262405e-02,2.620211946e-03,264.408950,271.953005,271.953005,2.499200106e-03,1.288959980e-04,2.086346508e-05,row,0,-1.000000000e+00,-1.000000
cuda_warp_smem,double,global,global,16384,16384,20,8,8,1,4,1.083286000e-03,4.187599400e-02,6.939200000e-05,4.302191700e-02,4.037174545e-02,3.922582245e-02,2.650171551e-03,265.963686,273.733413,273.733413,2.520800114e-03,1.244160011e-04,2.032093663e-05,row,0,-1.000000000e+00,-1.000000
cuda_warp_smem,double,global,global,16384,16384,20,8,8,1,5,1.107181000e-03,4.213615500e-02,7.007200000e-05,4.328864200e-02,4.065622922e-02,3.950374222e-02,2.632412782e-03,264.102659,271.807622,271.807622,2.505791903e-03,1.135680005e-04,2.917501278e-05,row,0,-1.000000000e+00,-1.000000
cuda_warp_smem,double,global,global,16384,16384,20,8,8,1,6,1.072984000e-03,4.172765300e-02,7.134700000e-05,4.286624500e-02,4.026950478e-02,3.913091278e-02,2.596740219e-03,266.638944,274.397336,274.397336,2.467967987e-03,1.208639964e-04,2.633341442e-05,row,0,-1.000000000e+00,-1.000000
cuda_warp_smem,double,global,global,16384,16384,20,8,8,1,7,1.041546000e-03,4.168933900e-02,7.020100000e-05,4.279102500e-02,4.019250250e-02,3.909081650e-02,2.598522502e-03,267.149781,274.678792,274.678792,2.469088078e-03,1.140479967e-04,2.558515963e-05,row,0,-1.000000000e+00,-1.000000
cuda_warp_smem,double,global,global,16384,16384,20,8,8,1,8,1.022416000e-03,4.128104600e-02,7.072300000e-05,4.236081200e-02,3.981301566e-02,3.873324966e-02,2.607349604e-03,269.696180,277.214495,277.214495,2.466624022e-03,1.207680032e-04,2.283470451e-05,row,0,-1.000000000e+00,-1.000000
cuda_warp_smem,double,global,global,16384,16384,20,8,8,1,9,1.021656000e-03,4.160104900e-02,7.113200000e-05,4.268874500e-02,4.009560005e-02,3.900790405e-02,2.593144947e-03,267.795425,275.262629,275.262629,2.456448078e-03,1.164480001e-04,3.327307478e-05,row,0,-1.000000000e+00,-1.000000
cuda_warp_smem,double,global,global,16384,16384,20,8,8,1,10,1.026405000e-03,4.175266200e-02,7.312800000e-05,4.282444800e-02,4.022176845e-02,3.914998245e-02,2.602679548e-03,266.955399,274.263680,274.263680,2.471616030e-03,1.150719970e-04,1.990848705e-05,row,0,-1.000000000e+00,-1.000000
cuda_warp_smem,double,global,global,16384,16384,20,8,8,1,11,1.038267000e-03,4.188726800e-02,7.241300000e-05,4.298658200e-02,4.037880161e-02,3.927948761e-02,2.607780390e-03,265.917209,273.359427,273.359427,2.477855921e-03,1.223680004e-04,3.147449054e-05,row,0,-1.000000000e+00,-1.000000
cuda_warp_smem,double,global,global,16384,16384,20,8,8,1,12,1.041386000e-03,4.162334200e-02,1.568590000e-04,4.272756900e-02,4.011155503e-02,3.900732803e-02,2.660809118e-03,267.688905,275.266694,275.266694,2.492896080e-03,1.920640022e-04,3.428113844e-05,row,0,-1.000000000e+00,-1.000000
cuda_warp_smem,double,global,global,16384,16384,20,8,8,1,13,1.038773000e-03,4.118422200e-02,7.377500000e-05,4.228864800e-02,3.972122440e-02,3.861679840e-02,2.567423599e-03,270.319417,278.050452,278.050452,2.440383911e-03,1.443199962e-04,2.221987343e-05,row,0,-1.000000000e+00,-1.000000
cuda_warp_smem,double,global,global,16384,16384,20,8,8,1,14,1.145141000e-03,4.153470000e-02,8.443800000e-05,4.274190200e-02,4.023689942e-02,3.902969742e-02,2.573968128e-03,266.855011,275.108929,275.108929,2.440992117e-03,1.408320069e-04,2.575650819e-05,row,0,-1.000000000e+00,-1.000000
cuda_warp_smem,double,global,global,16384,16384,20,8,8,1,15,1.197442000e-03,4.210015300e-02,7.271300000e-05,4.335298700e-02,4.073862425e-02,3.948579025e-02,2.614362747e-03,263.568504,271.931198,271.931198,2.487839937e-03,1.274559945e-04,2.896945181e-05,row,0,-1.000000000e+00,-1.000000
cuda_warp_smem,double,global,global,16384,16384,20,8,8,1,16,1.073013000e-03,4.158734100e-02,7.302400000e-05,4.271691700e-02,4.015610340e-02,3.902652740e-02,2.560813595e-03,267.391936,275.131275,275.131275,2.433631897e-03,1.191679984e-04,2.068306239e-05,row,0,-1.000000000e+00,-1.000000
cuda_warp_smem,double,global,global,16384,16384,20,8,8,1,17,1.076093000e-03,4.195438000e-02,7.342800000e-05,4.308706500e-02,4.052961188e-02,3.939692688e-02,2.557453120e-03,264.927734,272.544564,272.544564,2.429023981e-03,1.274880022e-04,2.292920565e-05,row,0,-1.000000000e+00,-1.000000
cuda_warp_smem,double,global,global,16384,16384,20,8,8,1,18,1.054605000e-03,4.108102300e-02,7.142700000e-05,4.220156300e-02,3.968194900e-02,3.856140900e-02,2.519614003e-03,270.586967,278.449842,278.449842,2.384959936e-03,1.179199964e-04,2.287806552e-05,row,0,-1.000000000e+00,-1.000000
cuda_warp_smem,double,global,global,16384,16384,20,8,8,1,19,1.059796000e-03,4.123738400e-02,7.236800000e-05,4.235687600e-02,3.978531689e-02,3.866582489e-02,2.571559110e-03,269.883944,277.697897,277.697897,2.439199924e-03,1.434880048e-04,2.544718343e-05,row,0,-1.000000000e+00,-1.000000
cuda_warp_smem,double,global,global,16384,16384,20,8,8,1,20,1.838053000e-03,4.151107300e-02,7.348700000e-05,4.257005500e-02,4.046773049e-02,3.915584183e-02,2.355231173e-03,265.332849,274.222638,274.222638,2.224128008e-03,1.272960007e-04,3.339855478e-05,row,0,-1.000000000e+00,-1.000000
cuda_warp_smem,double,global,global,16384,16384,32,8,8,1,1,1.642238000e-03,6.721597400e-02,1.368450000e-04,6.895717200e-02,6.516327899e-02,6.342208099e-02,3.793893006e-03,263.643412,270.881512,270.881512,3.599519968e-03,1.692479998e-04,2.931703319e-05,row,0,-1.000000000e+00,-1.000000
cuda_warp_smem,double,global,global,16384,16384,32,8,8,1,2,1.674058000e-03,6.636052000e-02,1.082510000e-04,6.811754400e-02,6.468236656e-02,6.292534256e-02,3.810027729e-03,265.603596,273.019875,273.019875,3.619136095e-03,1.732479930e-04,2.666167421e-05,row,0,-1.000000000e+00,-1.000000
cuda_warp_smem,double,global,global,16384,16384,32,8,8,1,3,1.691927000e-03,6.721521100e-02,1.109850000e-04,6.899550000e-02,6.524876816e-02,6.346847916e-02,3.746731844e-03,263.297985,270.683486,270.683486,3.567552090e-03,1.718720049e-04,2.497642303e-05,row,0,-1.000000000e+00,-1.000000
cuda_warp_smem,double,global,global,16384,16384,32,8,8,1,4,1.690374000e-03,6.718336200e-02,1.071860000e-04,6.895723200e-02,6.517959739e-02,6.340572739e-02,3.777634614e-03,263.577406,270.951378,270.951378,3.579711914e-03,1.858559996e-04,4.213050469e-05,row,0,-1.000000000e+00,-1.000000
cuda_warp_smem,double,global,global,16384,16384,32,8,8,1,5,1.655440000e-03,6.665541200e-02,1.204230000e-04,6.840529300e-02,6.462082598e-02,6.287094498e-02,3.784467023e-03,265.856540,273.256099,273.256099,3.592223883e-03,1.765439957e-04,3.049291674e-05,row,0,-1.000000000e+00,-1.000000
cuda_warp_smem,double,global,global,16384,16384,32,8,8,1,6,1.683012000e-03,6.631286200e-02,2.590790000e-04,6.809384000e-02,6.480750540e-02,6.302652740e-02,3.750509787e-03,265.090734,272.581560,272.581560,3.557823896e-03,2.883200049e-04,2.785389425e-05,row,0,-1.000000000e+00,-1.000000
cuda_warp_smem,double,global,global,16384,16384,32,8,8,1,7,1.687844000e-03,6.658041100e-02,1.057640000e-04,6.835772000e-02,6.465791660e-02,6.288060760e-02,3.778152666e-03,265.704033,273.214109,273.214109,3.586688042e-03,1.800639927e-04,2.560862008e-05,row,0,-1.000000000e+00,-1.000000
cuda_warp_smem,double,global,global,16384,16384,32,8,8,1,8,1.670086000e-03,6.708329600e-02,1.079170000e-04,6.885823800e-02,6.505862196e-02,6.328367996e-02,3.799616038e-03,264.067524,271.473928,271.473928,3.594719887e-03,1.776960045e-04,3.099025251e-05,row,0,-1.000000000e+00,-1.000000
cuda_warp_smem,double,global,global,16384,16384,32,8,8,1,9,1.697221000e-03,6.726418800e-02,1.069320000e-04,6.905976600e-02,6.529487228e-02,6.349929428e-02,3.764893719e-03,263.112073,270.552128,270.552128,3.582592010e-03,1.716479957e-04,2.621352166e-05,row,0,-1.000000000e+00,-1.000000
cuda_warp_smem,double,global,global,16384,16384,32,8,8,1,10,1.691320000e-03,6.637811200e-02,1.240240000e-04,6.817076900e-02,6.484465514e-02,6.305199814e-02,3.785134358e-03,264.938863,272.471447,272.471447,3.603615999e-03,1.741439998e-04,2.176737569e-05,row,0,-1.000000000e+00,-1.000000
cuda_warp_smem,double,global,global,16384,16384,32,8,8,1,11,1.689659000e-03,6.708416700e-02,1.292770000e-04,6.889555800e-02,6.511609376e-02,6.330470276e-02,3.779464241e-03,263.834456,271.383775,271.383775,3.601759911e-03,1.981119961e-04,3.346821934e-05,row,0,-1.000000000e+00,-1.000000
cuda_warp_smem,double,global,global,16384,16384,32,8,8,1,12,1.666221000e-03,6.658904100e-02,1.068740000e-04,6.835811000e-02,6.464091043e-02,6.287184143e-02,3.784591355e-03,265.773936,273.252203,273.252203,3.584383965e-03,1.876800060e-04,3.275138940e-05,row,0,-1.000000000e+00,-1.000000
cuda_warp_smem,double,global,global,16384,16384,32,8,8,1,13,1.668710000e-03,6.666636300e-02,1.086240000e-04,6.842913000e-02,6.476958386e-02,6.300681686e-02,3.754634882e-03,265.245940,272.666833,272.666833,3.560352087e-03,1.944320053e-04,2.893915990e-05,row,0,-1.000000000e+00,-1.000000
cuda_warp_smem,double,global,global,16384,16384,32,8,8,1,14,2.126613000e-03,6.727249100e-02,1.107360000e-04,6.902448600e-02,6.526008979e-02,6.350809479e-02,3.764396212e-03,263.252307,270.514637,270.514637,3.579456091e-03,1.823360026e-04,3.073571969e-05,row,0,-1.000000000e+00,-1.000000
cuda_warp_smem,double,global,global,16384,16384,32,8,8,1,15,1.652581000e-03,6.747959200e-02,1.054320000e-04,6.923209400e-02,6.545237306e-02,6.369987106e-02,3.779720937e-03,262.478935,269.700219,269.700219,3.584959984e-03,1.744959950e-04,2.984366227e-05,row,0,-1.000000000e+00,-1.000000
cuda_warp_smem,double,global,global,16384,16384,32,8,8,1,16,1.687624000e-03,6.632262800e-02,1.166360000e-04,6.811440100e-02,6.471487633e-02,6.292310333e-02,3.767958985e-03,265.470169,273.029591,273.029591,3.571295977e-03,1.783040017e-04,2.786301209e-05,row,0,-1.000000000e+00,-1.000000
cuda_warp_smem,double,global,global,16384,16384,32,8,8,1,17,1.654695000e-03,6.636636000e-02,1.060480000e-04,6.812266400e-02,6.469937727e-02,6.294307327e-02,3.791032494e-03,265.533764,272.942967,272.942967,3.598432064e-03,1.910720021e-04,2.869590223e-05,row,0,-1.000000000e+00,-1.000000
cuda_warp_smem,double,global,global,16384,16384,32,8,8,1,18,1.646194000e-03,6.706965400e-02,1.142350000e-04,6.882183300e-02,6.507003483e-02,6.331785583e-02,3.751798165e-03,264.021208,271.327400,271.327400,3.564671993e-03,1.723520011e-04,3.067109634e-05,row,0,-1.000000000e+00,-1.000000
cuda_warp_smem,double,global,global,16384,16384,32,8,8,1,19,2.107572000e-03,6.720355500e-02,1.184640000e-04,6.893399700e-02,6.524365611e-02,6.351321411e-02,3.690340889e-03,263.318615,270.492832,270.492832,3.505248070e-03,1.798080057e-04,1.236100119e-04,row,0,-1.000000000e+00,-1.000000
cuda_warp_smem,double,global,global,16384,16384,32,8,8,1,20,1.691254000e-03,6.663052100e-02,1.201450000e-04,6.842614000e-02,6.483808421e-02,6.304246521e-02,3.758380333e-03,264.965713,272.512649,272.512649,3.563263893e-03,1.784639955e-04,3.009244245e-05,row,0,-1.000000000e+00,-1.000000
