kernel,scalar,a_mode,x_mode,M,N,k,P,pr,pc,rep,t_bcast_s,t_local_s,t_reduce_s,t_total_s,t_official_s,t_kernel_s,t_transfer_runtime_overhead_s,gflops,gflops_compute,gflops_kernel,t_h2d_X_s,t_d2h_Y_s,t_launch_overhead_s,x_layout,group_timing,t_local_group_s,gflops_local_group
cuda_naive(blk128),double,global,global,16384,16384,3,8,1,8,1,2.449999998e-07,9.075838000e-03,3.827650000e-04,9.458254000e-03,1.399522036e-03,1.019808054e-03,8.060030014e-03,1150.830565,1579.329296,1579.329296,7.943615913e-03,1.089600027e-04,7.832183045e-03,row,1,9.073163000e-03,177.513921
cuda_naive(blk128),double,global,global,16384,16384,3,8,1,8,2,2.729999999e-07,9.075138000e-03,3.825550000e-04,9.457672000e-03,1.397899988e-03,1.020095944e-03,8.060254958e-03,1152.165927,1578.883579,1578.883579,7.936031818e-03,1.024319977e-04,7.848819051e-03,row,1,9.072782000e-03,177.521375
cuda_naive(blk128),double,global,global,16384,16384,3,8,1,8,3,3.579999999e-07,9.073604000e-03,3.979980000e-04,9.471183000e-03,1.414163986e-03,1.020416021e-03,8.058436048e-03,1138.915113,1578.388326,1578.388326,7.934879780e-03,1.013439968e-04,7.833761984e-03,row,1,9.072044000e-03,177.535816
cuda_naive(blk128),double,global,global,16384,16384,3,8,1,8,4,2.000000001e-07,9.064779000e-03,4.006410000e-04,9.465257000e-03,1.413083974e-03,1.019904017e-03,8.052173026e-03,1139.785579,1579.180696,1579.180696,7.925792217e-03,1.079360023e-04,7.833015007e-03,row,1,9.062894000e-03,177.715058
cuda_naive(blk128),double,global,global,16384,16384,3,8,1,8,5,2.370000001e-07,9.084397000e-03,3.913330000e-04,9.474993000e-03,1.411056992e-03,1.020128012e-03,8.069046966e-03,1141.422880,1578.833948,1578.833948,7.940032005e-03,9.814400226e-05,7.859281961e-03,row,1,9.083019000e-03,177.321300
cuda_naive(blk128),double,global,global,16384,16384,3,8,1,8,6,2.340000003e-07,9.068430000e-03,3.990430000e-04,9.467129000e-03,1.414414952e-03,1.021088004e-03,8.053625962e-03,1138.713031,1577.349582,1577.349582,7.938528061e-03,1.732800007e-04,7.844357003e-03,row,1,9.066745000e-03,177.639576
cuda_naive(blk128),double,global,global,16384,16384,3,8,1,8,7,2.079999999e-07,9.066511000e-03,3.774210000e-04,9.443539000e-03,1.394652056e-03,1.020864010e-03,8.051634029e-03,1154.849146,1577.695678,1577.695678,7.929408073e-03,8.982399851e-05,7.847195986e-03,row,1,9.064148000e-03,177.690472
cuda_naive(blk128),double,global,global,16384,16384,3,8,1,8,8,2.330000002e-07,9.066313000e-03,3.857920000e-04,9.452289000e-03,1.407416029e-03,1.021440029e-03,8.052358029e-03,1144.375723,1576.805970,1576.805970,7.934944153e-03,9.417600185e-05,7.844857033e-03,row,1,9.064284000e-03,177.687806
cuda_naive(blk128),double,global,global,16384,16384,3,8,1,8,9,2.189999999e-07,9.054251000e-03,3.737140000e-04,9.428143000e-03,1.383843949e-03,1.017215967e-03,8.044299051e-03,1163.868756,1583.353769,1583.353769,7.933407784e-03,1.002880037e-04,7.831120957e-03,row,1,9.052236000e-03,177.924298
cuda_naive(blk128),double,global,global,16384,16384,3,8,1,8,10,2.250000000e-07,9.054163000e-03,3.934820000e-04,9.445641000e-03,1.406569009e-03,1.018560052e-03,8.042099020e-03,1145.064853,1581.264387,1581.264387,7.920063972e-03,1.937920004e-04,7.818344946e-03,row,1,9.052020000e-03,177.928544
cuda_naive(blk128),double,global,global,16384,16384,3,8,1,8,11,1.901000000e-06,9.054459000e-03,3.811740000e-04,9.435539000e-03,1.396975059e-03,1.016415954e-03,8.040532997e-03,1152.928769,1584.600016,1584.600016,7.926752090e-03,1.009920016e-04,7.828405962e-03,row,1,9.051863000e-03,177.931630
cuda_naive(blk128),double,global,global,16384,16384,3,8,1,8,12,1.820000000e-07,9.041336000e-03,3.765110000e-04,9.418008000e-03,1.386592001e-03,1.014368057e-03,8.031415999e-03,1161.562114,1587.799147,1587.799147,7.917024136e-03,1.006719992e-04,7.807091023e-03,row,1,9.039207000e-03,178.180756
cuda_naive(blk128),double,global,global,16384,16384,3,8,1,8,13,2.349999999e-07,9.040584000e-03,3.827830000e-04,9.423146000e-03,1.395349005e-03,1.015104055e-03,8.028327974e-03,1154.272322,1586.647918,1586.647918,7.910304070e-03,9.532800317e-05,7.812909942e-03,row,1,9.038938000e-03,178.186059
cuda_naive(blk128),double,global,global,16384,16384,3,8,1,8,14,2.069999998e-07,9.053997000e-03,3.809350000e-04,9.434847000e-03,1.394901971e-03,1.018175960e-03,8.042601955e-03,1154.642240,1581.860896,1581.860896,7.923168182e-03,9.113600105e-05,7.829191988e-03,row,1,9.052226000e-03,177.924495
cuda_naive(blk128),double,global,global,16384,16384,3,8,1,8,15,3.380000000e-07,9.045099000e-03,3.897280000e-04,9.434626000e-03,1.401969980e-03,1.017536044e-03,8.032656020e-03,1148.821129,1582.855708,1582.855708,7.916319847e-03,1.003519967e-04,7.820090956e-03,row,1,9.043371000e-03,178.098713
cuda_naive(blk128),double,global,global,16384,16384,3,8,1,8,16,1.969999999e-07,9.032226000e-03,3.829540000e-04,9.415366000e-03,1.398980054e-03,1.015840054e-03,8.020059003e-03,1151.276412,1585.498357,1585.498357,7.912896156e-03,8.921600133e-05,7.814055049e-03,row,1,9.029985000e-03,178.362726
cuda_naive(blk128),double,global,global,16384,16384,3,8,1,8,17,2.929999998e-07,9.041800000e-03,3.839530000e-04,9.425490000e-03,1.399925955e-03,1.016095996e-03,8.031837978e-03,1150.498517,1585.098989,1585.098989,7.912255764e-03,9.743999690e-05,7.814544968e-03,row,1,9.040033000e-03,178.164475
cuda_naive(blk128),double,global,global,16384,16384,3,8,1,8,18,2.520000000e-07,9.063187000e-03,3.776340000e-04,9.440428000e-03,1.397387044e-03,1.019520044e-03,8.052807968e-03,1152.588857,1579.775449,1579.775449,7.925888062e-03,9.257599711e-05,7.834694029e-03,row,1,9.061427000e-03,177.743830
cuda_naive(blk128),double,global,global,16384,16384,3,8,1,8,19,2.229999998e-07,9.046826000e-03,4.371320000e-04,9.480874000e-03,1.449451047e-03,1.017760038e-03,8.038185949e-03,1111.188087,1582.507345,1582.507345,7.905375957e-03,9.542399645e-05,7.812138965e-03,row,1,9.045355000e-03,178.059649
cuda_naive(blk128),double,global,global,16384,16384,3,8,1,8,20,2.280000002e-07,9.049133000e-03,4.504960000e-04,9.499194000e-03,1.462218044e-03,1.018975973e-03,8.040301022e-03,1101.486022,1580.618953,1580.618953,7.929088116e-03,9.692800045e-05,7.825065028e-03,row,1,9.047481000e-03,178.017808
cuda_naive(blk128),double,global,global,16384,16384,6,8,1,8,1,3.270000000e-07,1.127823800e-02,8.688350000e-04,1.214666900e-02,1.176526770e-02,1.089612770e-02,9.913302945e-03,273.791090,295.630297,295.630297,1.376959980e-04,2.385279983e-04,9.640438946e-03,row,1,1.127607000e-02,285.669162
cuda_naive(blk128),double,global,global,16384,16384,6,8,1,8,2,4.200000001e-07,1.129360200e-02,8.592510000e-04,1.215224700e-02,1.179202386e-02,1.093247986e-02,9.915494020e-03,273.169857,294.647282,294.647282,1.486079991e-04,2.222400010e-04,9.657894026e-03,row,1,1.129177200e-02,285.271919
cuda_naive(blk128),double,global,global,16384,16384,6,8,1,8,3,3.280000000e-07,1.125088000e-02,8.710860000e-04,1.212229400e-02,1.145853929e-02,1.092956829e-02,9.939790047e-03,281.120079,294.725774,294.725774,1.440320015e-04,2.204159945e-04,9.603118054e-03,row,1,1.124936800e-02,286.347239
cuda_naive(blk128),double,global,global,16384,16384,6,8,1,8,4,2.889999999e-07,1.129489400e-02,9.030270000e-04,1.219683500e-02,1.182110832e-02,1.091779232e-02,9.939282005e-03,272.497754,295.043666,295.043666,1.341760010e-04,2.364159971e-04,9.643410010e-03,row,1,1.129252000e-02,285.253023
cuda_naive(blk128),double,global,global,16384,16384,6,8,1,8,5,5.650000001e-07,1.125359900e-02,8.933820000e-04,1.214503800e-02,1.169202539e-02,1.087542439e-02,9.886752058e-03,275.506199,296.193082,296.193082,1.469440013e-04,2.330559939e-04,9.606432055e-03,row,1,1.125080300e-02,286.310717
cuda_naive(blk128),double,global,global,16384,16384,6,8,1,8,6,3.830000002e-07,1.123848500e-02,8.641630000e-04,1.210263000e-02,1.169751765e-02,1.091055965e-02,9.863831948e-03,275.376842,295.239252,295.239252,1.243200004e-04,2.153600007e-04,9.604855943e-03,row,1,1.123630000e-02,286.680266
cuda_naive(blk128),double,global,global,16384,16384,6,8,1,8,7,2.990000003e-07,1.125131500e-02,9.277770000e-04,1.217909600e-02,1.171695006e-02,1.086886406e-02,9.881229952e-03,274.920133,296.371861,296.371861,1.409920007e-04,2.193920016e-04,9.603885949e-03,row,1,1.124961600e-02,286.340927
cuda_naive(blk128),double,global,global,16384,16384,6,8,1,8,8,4.960000002e-07,1.125017600e-02,8.670040000e-04,1.211643700e-02,1.169160327e-02,1.090048027e-02,9.874121980e-03,275.516146,295.512252,295.512252,1.360000074e-04,2.179200053e-04,9.615113986e-03,row,1,1.124774900e-02,286.388456
cuda_naive(blk128),double,global,global,16384,16384,6,8,1,8,9,3.120000001e-07,1.125756700e-02,1.503096000e-03,1.276093200e-02,1.223656645e-02,1.090595245e-02,9.875246057e-03,263.245861,295.363975,295.363975,1.448000073e-04,2.170560062e-04,9.612878056e-03,row,1,1.125557500e-02,286.189330
cuda_naive(blk128),double,global,global,16384,16384,6,8,1,8,10,2.024000000e-06,1.120073300e-02,8.751870000e-04,1.207623200e-02,1.143171813e-02,1.088675213e-02,9.900054980e-03,281.779645,295.884891,295.884891,1.616639942e-04,2.313279957e-04,9.562550981e-03,row,1,1.119752300e-02,287.673039
cuda_naive(blk128),double,global,global,16384,16384,6,8,1,8,11,3.240000002e-07,1.125836000e-02,8.811060000e-04,1.213884600e-02,1.167645375e-02,1.087551975e-02,9.891565958e-03,275.873612,296.190485,296.190485,1.467839926e-04,2.173759937e-04,9.621133963e-03,row,1,1.125621100e-02,286.173160
cuda_naive(blk128),double,global,global,16384,16384,6,8,1,8,12,2.680000000e-07,1.123015200e-02,8.617060000e-04,1.209212300e-02,1.145538443e-02,1.092419243e-02,9.909706957e-03,281.197501,294.870810,294.870810,1.390080005e-04,2.174080014e-04,9.593450956e-03,row,1,1.122820800e-02,286.886872
cuda_naive(blk128),double,global,global,16384,16384,6,8,1,8,13,2.759999997e-07,1.122728900e-02,8.682240000e-04,1.209518800e-02,1.174757219e-02,1.087907219e-02,9.916348052e-03,274.203505,296.093768,296.093768,1.633599997e-04,2.158080041e-04,9.585884047e-03,row,1,1.122560600e-02,286.953370
cuda_naive(blk128),double,global,global,16384,16384,6,8,1,8,14,3.619999998e-07,1.118981800e-02,8.746920000e-04,1.206454800e-02,1.138495754e-02,1.085331154e-02,9.823303947e-03,282.936977,296.796555,296.796555,1.317439973e-04,2.202239931e-04,9.553607953e-03,row,1,1.118785100e-02,287.921735
cuda_naive(blk128),double,global,global,16384,16384,6,8,1,8,15,2.900000000e-07,1.119467600e-02,9.298700000e-04,1.212454200e-02,1.141808411e-02,1.085766411e-02,9.833904051e-03,282.116110,296.677576,296.677576,1.410879940e-04,2.443519980e-04,9.555536055e-03,row,1,1.119207700e-02,287.813019
cuda_naive(blk128),double,global,global,16384,16384,6,8,1,8,16,3.120000001e-07,1.121681400e-02,8.701880000e-04,1.208637600e-02,1.173094788e-02,1.086044788e-02,9.911717980e-03,274.592088,296.601531,296.601531,1.464319974e-04,2.235839963e-04,9.563685982e-03,row,1,1.121497400e-02,287.225407
cuda_naive(blk128),double,global,global,16384,16384,6,8,1,8,17,5.190000003e-07,1.119345300e-02,8.981990000e-04,1.209027100e-02,1.143418061e-02,1.087119961e-02,9.889868997e-03,281.718960,296.308189,296.308189,1.455039978e-04,2.170560062e-04,9.555820994e-03,row,1,1.119091400e-02,287.842930
cuda_naive(blk128),double,global,global,16384,16384,6,8,1,8,18,6.070000000e-07,1.118202300e-02,8.549050000e-04,1.203723200e-02,1.136104753e-02,1.084038353e-02,9.821182036e-03,283.532435,297.150508,297.150508,1.512960047e-04,2.465600073e-04,9.512062029e-03,row,1,1.117941000e-02,288.139130
cuda_naive(blk128),double,global,global,16384,16384,6,8,1,8,19,3.330000000e-07,1.118942600e-02,8.687660000e-04,1.205690400e-02,1.138582694e-02,1.085571194e-02,9.894168947e-03,282.915373,296.730928,296.730928,1.370880008e-04,2.215999961e-04,9.550712946e-03,row,1,1.118717300e-02,287.939185
cuda_naive(blk128),double,global,global,16384,16384,6,8,1,8,20,5.279999997e-07,1.120197300e-02,9.734660000e-04,1.217574900e-02,1.171776453e-02,1.082127953e-02,9.844427988e-03,274.901024,297.675101,297.675101,1.351359934e-04,2.199359983e-04,9.565483987e-03,row,1,1.120015000e-02,287.605565
cuda_naive(blk128),double,global,global,16384,16384,8,8,1,8,1,5.170000001e-07,1.396950500e-02,1.228496000e-03,1.519828500e-02,1.422240180e-02,1.349071980e-02,1.227159104e-02,301.986075,318.364577,318.364577,1.940159947e-04,5.148479939e-04,1.186103105e-02,row,1,1.396703300e-02,307.507493
cuda_naive(blk128),double,global,global,16384,16384,8,8,1,8,2,4.080000000e-07,1.408231700e-02,1.223813000e-03,1.530300300e-02,1.383188586e-02,1.356534386e-02,1.229315998e-02,310.512055,316.613227,316.613227,2.021120042e-04,3.036479950e-04,1.192163999e-02,row,1,1.407940700e-02,305.053139
cuda_naive(blk128),double,global,global,16384,16384,8,8,1,8,3,3.729999998e-07,1.392887300e-02,1.226176000e-03,1.515424000e-02,1.423760771e-02,1.349135971e-02,1.230861595e-02,301.663551,318.349476,318.349476,1.643200070e-04,3.162559867e-04,1.185440795e-02,row,1,1.392685600e-02,308.394608
cuda_naive(blk128),double,global,global,16384,16384,8,8,1,8,4,5.590000001e-07,1.394747000e-02,1.250683000e-03,1.519871200e-02,1.429173459e-02,1.356051159e-02,1.227514304e-02,300.521065,316.726052,316.726052,2.039680034e-04,3.173440099e-04,1.186131904e-02,row,1,1.394538000e-02,307.984960
cuda_naive(blk128),double,global,global,16384,16384,8,8,1,8,5,4.300000001e-07,1.397539800e-02,1.255786000e-03,1.523082200e-02,1.472242446e-02,1.346620846e-02,1.068661207e-02,291.729620,318.944067,318.944067,1.959040016e-04,3.216319978e-04,1.028037206e-02,row,1,1.397360000e-02,307.362977
cuda_naive(blk128),double,global,global,16384,16384,8,8,1,8,6,3.560000001e-07,1.405257500e-02,1.270877000e-03,1.532262300e-02,1.382532326e-02,1.353628826e-02,1.227159102e-02,310.659448,317.292836,317.292836,2.016640007e-04,3.121919930e-04,1.190189502e-02,row,1,1.405035300e-02,305.683942
cuda_naive(blk128),double,global,global,16384,16384,8,8,1,8,7,3.760000000e-07,1.405519100e-02,1.273673000e-03,1.532715700e-02,1.381773927e-02,1.355568027e-02,1.236924098e-02,310.829956,316.838935,316.838935,1.885759979e-04,3.061439991e-04,1.189202499e-02,row,1,1.405291600e-02,305.628191
cuda_naive(blk128),double,global,global,16384,16384,8,8,1,8,8,7.940000000e-07,1.395068200e-02,1.821273000e-03,1.577274900e-02,1.419439089e-02,1.344303989e-02,1.225713501e-02,302.582008,319.493755,319.493755,2.023040056e-04,3.104639947e-04,1.185569501e-02,row,1,1.394927900e-02,307.898874
cuda_naive(blk128),double,global,global,16384,16384,8,8,1,8,9,1.940000000e-06,1.391081500e-02,1.251998000e-03,1.516151000e-02,1.423618881e-02,1.350393581e-02,1.227761402e-02,301.693617,318.053000,318.053000,1.759999990e-04,3.036800027e-04,1.183521403e-02,row,1,1.390690300e-02,308.837079
cuda_naive(blk128),double,global,global,16384,16384,8,8,1,8,10,7.539999998e-07,1.396032300e-02,1.239242000e-03,1.519798900e-02,1.460564364e-02,1.347964764e-02,1.235454103e-02,294.062172,318.626081,318.626081,1.966080070e-04,3.060480058e-04,1.187732504e-02,row,1,1.395831200e-02,307.699620
cuda_naive(blk128),double,global,global,16384,16384,8,8,1,8,11,4.699999998e-07,1.391945100e-02,1.263632000e-03,1.518307900e-02,1.420880109e-02,1.347731209e-02,1.223015803e-02,302.275137,318.681297,318.681297,1.836480051e-04,3.020800054e-04,1.184039803e-02,row,1,1.391700500e-02,308.612902
cuda_naive(blk128),double,global,global,16384,16384,8,8,1,8,12,4.279999999e-07,1.394621800e-02,1.231995000e-03,1.517856900e-02,1.420414699e-02,1.345855999e-02,1.225795205e-02,302.374180,319.125322,319.125322,1.889600009e-04,3.110719919e-04,1.184963205e-02,row,1,1.394433200e-02,308.008107
cuda_naive(blk128),double,global,global,16384,16384,8,8,1,8,13,3.909999999e-07,1.394951200e-02,1.241526000e-03,1.519090300e-02,1.420806501e-02,1.346236801e-02,1.225978798e-02,302.290797,319.035053,319.035053,1.939200014e-04,3.101760149e-04,1.185985198e-02,row,1,1.394770200e-02,307.933687
cuda_naive(blk128),double,global,global,16384,16384,8,8,1,8,14,3.940000002e-07,1.396273200e-02,1.228758000e-03,1.519144600e-02,1.419131371e-02,1.344374371e-02,1.227281505e-02,302.647618,319.477029,319.477029,1.994879991e-04,3.063679934e-04,1.187428706e-02,row,1,1.396079800e-02,307.644828
cuda_naive(blk128),double,global,global,16384,16384,8,8,1,8,15,3.700000000e-07,1.392045300e-02,1.224895000e-03,1.514571800e-02,1.425086418e-02,1.350841618e-02,1.228395606e-02,301.382937,317.947511,317.947511,1.884800047e-04,3.024320006e-04,1.184299604e-02,row,1,1.391887900e-02,308.571351
cuda_naive(blk128),double,global,global,16384,16384,8,8,1,8,16,4.910000002e-07,1.391940900e-02,1.219850000e-03,1.513962400e-02,1.425062112e-02,1.352579212e-02,1.226630195e-02,301.388077,317.539059,317.539059,1.895679981e-04,3.092800081e-04,1.184041393e-02,row,1,1.391747800e-02,308.602413
cuda_naive(blk128),double,global,global,16384,16384,8,8,1,8,17,3.369999999e-07,1.394318400e-02,1.232046000e-03,1.517469000e-02,1.454865099e-02,1.344268799e-02,1.225590502e-02,295.214127,319.502119,319.502119,1.898240000e-04,3.134399951e-04,1.185788903e-02,row,1,1.394119600e-02,308.077391
cuda_naive(blk128),double,global,global,16384,16384,8,8,1,8,18,4.429999998e-07,1.396153500e-02,1.263669000e-03,1.522435900e-02,1.474180842e-02,1.347769642e-02,1.234483901e-02,291.346026,318.672209,318.672209,1.924159974e-04,3.162559867e-04,1.187613502e-02,row,1,1.395964500e-02,307.670238
cuda_naive(blk128),double,global,global,16384,16384,8,8,1,8,19,3.270000000e-07,1.392857800e-02,1.224388000e-03,1.515306700e-02,1.429054903e-02,1.354524803e-02,1.223945802e-02,300.545996,317.082957,317.082957,1.979839951e-04,3.072640002e-04,1.184061003e-02,row,1,1.392670100e-02,308.398040
cuda_naive(blk128),double,global,global,16384,16384,8,8,1,8,20,3.909999999e-07,1.392963400e-02,1.370763000e-03,1.530050200e-02,1.444409600e-02,1.352528000e-02,1.226325406e-02,297.351063,317.551082,317.551082,1.888639927e-04,3.327679932e-04,1.184664605e-02,row,1,1.392795200e-02,308.370340
cuda_naive(blk128),double,global,global,16384,16384,20,8,1,8,1,4.439999999e-07,3.523566100e-02,6.351737000e-03,4.158459100e-02,3.842296652e-02,3.429926300e-02,1.518850975e-02,279.453130,313.050990,313.050990,4.536319971e-04,6.777920127e-04,1.422130974e-02,row,1,3.523227500e-02,304.760855
cuda_naive(blk128),double,global,global,16384,16384,20,8,1,8,2,5.820000002e-07,3.533971500e-02,6.482629000e-03,4.182067500e-02,3.773215316e-02,3.433494568e-02,1.525370837e-02,284.569454,312.725651,312.725651,4.580479860e-04,6.749759912e-04,1.421566037e-02,row,1,3.533611900e-02,303.865239
cuda_naive(blk128),double,global,global,16384,16384,20,8,1,8,3,4.109999998e-07,3.524430800e-02,6.408995000e-03,4.165110300e-02,3.848473483e-02,3.433695984e-02,1.516167960e-02,279.004605,312.707307,312.707307,4.594559968e-04,6.820799708e-04,1.421495963e-02,row,1,3.524152000e-02,304.680906
cuda_naive(blk128),double,global,global,16384,16384,20,8,1,8,4,6.300000002e-07,3.545348700e-02,6.350602000e-03,4.180177500e-02,3.963072958e-02,3.430211258e-02,1.514234559e-02,270.936679,313.024984,313.024984,4.590080082e-04,6.706560254e-04,1.425687359e-02,row,1,3.544993300e-02,302.889662
cuda_naive(blk128),double,global,global,16384,16384,20,8,1,8,5,4.709999999e-07,3.525015400e-02,6.431007000e-03,4.167815200e-02,3.769877580e-02,3.430252838e-02,1.519851284e-02,284.821404,313.021190,313.021190,4.637759924e-04,6.832000017e-04,1.422356885e-02,row,1,3.524695500e-02,304.633925
cuda_naive(blk128),double,global,global,16384,16384,20,8,1,8,6,4.040000001e-07,3.538295200e-02,6.957668000e-03,4.234040800e-02,3.811068071e-02,3.430614471e-02,1.532859772e-02,281.743019,312.988193,312.988193,4.650560021e-04,6.910719872e-04,1.424523773e-02,row,1,3.538083900e-02,303.481165
cuda_naive(blk128),double,global,global,16384,16384,20,8,1,8,7,6.789999998e-07,3.535898700e-02,6.359828000e-03,4.171550200e-02,3.768082818e-02,3.434044647e-02,1.527129212e-02,284.957066,312.675557,312.675557,4.617280066e-04,6.994879842e-04,1.424319613e-02,row,1,3.535630500e-02,303.691753
cuda_naive(blk128),double,global,global,16384,16384,20,8,1,8,8,4.699999998e-07,3.534708800e-02,6.475283000e-03,4.181904100e-02,3.880772662e-02,3.432870483e-02,1.526374966e-02,276.682485,312.782504,312.782504,4.602240026e-04,6.838719845e-04,1.422045368e-02,row,1,3.534391000e-02,303.798257
cuda_naive(blk128),double,global,global,16384,16384,20,8,1,8,9,4.240000000e-07,3.536228700e-02,7.036346000e-03,4.239823200e-02,3.825917805e-02,3.430358505e-02,1.530929395e-02,280.649475,313.011547,313.011547,4.620800018e-04,6.859200001e-04,1.423194995e-02,row,1,3.536010800e-02,303.659091
cuda_naive(blk128),double,global,global,16384,16384,20,8,1,8,10,5.180000002e-07,3.526556500e-02,6.932995000e-03,4.219870000e-02,3.812802875e-02,3.433875275e-02,1.518931367e-02,281.614828,312.690980,312.690980,4.813440144e-04,6.680639982e-04,1.426380967e-02,row,1,3.526350600e-02,304.490944
cuda_naive(blk128),double,global,global,16384,16384,20,8,1,8,11,4.529999997e-07,3.525922500e-02,6.364640000e-03,4.162156900e-02,4.047552137e-02,3.411056137e-02,1.517158042e-02,265.281777,314.782807,314.782807,4.528639913e-04,6.716480255e-04,1.425087641e-02,row,1,3.525679600e-02,304.548894
cuda_naive(blk128),double,global,global,16384,16384,20,8,1,8,12,5.249999999e-07,3.536329200e-02,6.385760000e-03,4.174828000e-02,3.817712827e-02,3.430374527e-02,1.531086462e-02,281.252643,313.010086,313.010086,4.668160081e-04,6.879360080e-04,1.426510464e-02,row,1,3.536081000e-02,303.653062
cuda_naive(blk128),double,global,global,16384,16384,20,8,1,8,13,5.960000000e-07,3.536140000e-02,6.430614000e-03,4.178594500e-02,3.772136541e-02,3.433542252e-02,1.527627686e-02,284.650837,312.721308,312.721308,4.571839869e-04,1.943264008e-03,1.423176489e-02,row,1,3.535735800e-02,303.682708
cuda_naive(blk128),double,global,global,16384,16384,20,8,1,8,14,4.010000003e-07,3.542091900e-02,6.362759000e-03,4.178110900e-02,3.614293679e-02,3.429155350e-02,1.510724340e-02,297.082063,313.121371,313.121371,4.520640075e-04,6.942399740e-04,1.419578742e-02,row,1,3.541791300e-02,303.163494
cuda_naive(blk128),double,global,global,16384,16384,20,8,1,8,15,4.690000002e-07,3.537611300e-02,6.561472000e-03,4.193466300e-02,3.818805986e-02,3.421241760e-02,1.515398264e-02,281.172133,313.845644,313.845644,4.597760141e-04,6.895679832e-04,1.425395065e-02,row,1,3.537282500e-02,303.549921
cuda_naive(blk128),double,global,global,16384,16384,20,8,1,8,16,4.040000001e-07,3.524943500e-02,6.660781000e-03,4.190750700e-02,3.818505063e-02,3.411052704e-02,1.512252750e-02,281.194291,314.783123,314.783123,4.610239863e-04,6.762880087e-04,1.421606349e-02,row,1,3.524643900e-02,304.638385
cuda_naive(blk128),double,global,global,16384,16384,20,8,1,8,17,3.790000003e-07,3.534081100e-02,6.776926000e-03,4.211482100e-02,3.911110301e-02,3.433436966e-02,1.525743715e-02,274.536319,312.730898,312.730898,4.700160027e-04,6.774719954e-04,1.421743713e-02,row,1,3.533751900e-02,303.853200
cuda_naive(blk128),double,global,global,16384,16384,20,8,1,8,18,6.350000001e-07,3.547218400e-02,6.310176000e-03,4.177367500e-02,3.562357979e-02,3.432547379e-02,1.538511578e-02,301.413230,312.811946,312.811946,4.702399969e-04,6.906880140e-04,1.422956381e-02,row,1,3.546895700e-02,302.727206
cuda_naive(blk128),double,global,global,16384,16384,20,8,1,8,19,1.035000000e-06,3.535998900e-02,6.975828000e-03,4.233455500e-02,3.821202650e-02,3.430956650e-02,1.529435523e-02,280.995781,312.956978,312.956978,4.568639994e-04,1.245887995e-03,1.366824325e-02,row,1,3.535702000e-02,303.685612
cuda_naive(blk128),double,global,global,16384,16384,20,8,1,8,20,7.200000001e-07,3.535897100e-02,6.527685000e-03,4.188447500e-02,3.788618613e-02,3.429731369e-02,1.530524178e-02,283.412487,313.068782,313.068782,4.516479969e-04,6.815680265e-04,1.423845779e-02,row,1,3.535587100e-02,303.695481
cuda_naive(blk128),double,global,global,16384,16384,32,8,1,8,1,4.060000003e-07,5.775409200e-02,9.135369000e-03,6.688535700e-02,6.329923581e-02,5.483087921e-02,3.842013575e-03,271.407213,313.324707,313.324707,7.056959867e-04,2.279135942e-03,1.281245686e-03,row,1,5.775146300e-02,297.479376
cuda_naive(blk128),double,global,global,16384,16384,32,8,1,8,2,4.259999997e-07,5.776656800e-02,8.653245000e-03,6.641649000e-02,6.329635864e-02,5.490550232e-02,3.764919565e-03,271.419550,312.898862,312.898862,7.186239958e-04,2.726912022e-03,8.566955192e-04,row,1,5.776346500e-02,297.417566
cuda_naive(blk128),double,global,global,16384,16384,32,8,1,8,3,4.750000002e-07,5.792427300e-02,8.665197000e-03,6.658582800e-02,6.254520204e-02,5.495167923e-02,4.088571070e-03,274.679250,312.635927,312.635927,7.121919990e-04,2.524575949e-03,1.026952386e-03,row,1,5.792091600e-02,296.609073
cuda_naive(blk128),double,global,global,16384,16384,32,8,1,8,4,7.369999997e-07,5.784730800e-02,9.107464000e-03,6.695143500e-02,6.364973542e-02,5.480928040e-02,3.943146180e-03,269.912657,313.448180,313.448180,7.137280107e-04,2.451136112e-03,1.203210275e-03,row,1,5.784399400e-02,297.003509
cuda_naive(blk128),double,global,global,16384,16384,32,8,1,8,5,5.819999997e-07,5.808180100e-02,8.612401000e-03,6.669223800e-02,6.297563864e-02,5.502111816e-02,3.972115671e-03,272.801826,312.241368,312.241368,7.173759937e-04,2.458784103e-03,1.138067638e-03,row,1,5.807866100e-02,295.803465
cuda_naive(blk128),double,global,global,16384,16384,32,8,1,8,6,4.480000002e-07,5.767704300e-02,8.914457000e-03,6.658374800e-02,6.347495496e-02,5.482028961e-02,3.752501793e-03,270.655870,313.385232,313.385232,7.217599750e-04,2.674112082e-03,7.590297237e-04,row,1,5.767538800e-02,297.871757
cuda_naive(blk128),double,global,global,16384,16384,32,8,1,8,7,4.280000003e-07,5.788156100e-02,8.805405000e-03,6.668498200e-02,6.317794553e-02,5.515891266e-02,4.023737264e-03,271.928266,311.461346,311.461346,7.047680020e-04,2.560575962e-03,1.234809202e-03,row,1,5.787871100e-02,296.825359
cuda_naive(blk128),double,global,global,16384,16384,32,8,1,8,8,4.690000002e-07,5.807943300e-02,8.892621000e-03,6.696729700e-02,6.365259800e-02,5.502726364e-02,3.964681140e-03,269.900518,312.206496,312.206496,7.135679722e-04,2.504224062e-03,1.229897163e-03,row,1,5.807646000e-02,295.814676
cuda_naive(blk128),double,global,global,16384,16384,32,8,1,8,9,3.060000000e-07,5.806582900e-02,8.938872000e-03,6.700442100e-02,6.294574790e-02,5.516502380e-02,4.203674549e-03,272.931370,311.426843,311.426843,7.181760073e-04,2.456831932e-03,1.132250601e-03,row,1,5.806388200e-02,295.878756
cuda_naive(blk128),double,global,global,16384,16384,32,8,1,8,10,6.150000003e-07,5.816648300e-02,8.550052000e-03,6.671434000e-02,6.364031341e-02,5.509001541e-02,3.986856414e-03,269.952618,311.850869,311.850869,7.009919882e-04,2.519743919e-03,1.167144490e-03,row,1,5.816386300e-02,295.370154
cuda_naive(blk128),double,global,global,16384,16384,32,8,1,8,11,3.639999999e-07,5.787381300e-02,8.885221000e-03,6.675401200e-02,6.271339863e-02,5.486956787e-02,4.125353605e-03,273.942563,313.103781,313.103781,6.992639899e-04,2.552576065e-03,1.237583508e-03,row,1,5.787009100e-02,296.869573
cuda_naive(blk128),double,global,global,16384,16384,32,8,1,8,12,4.990000000e-07,5.771975700e-02,9.035683000e-03,6.675246000e-02,6.358220958e-02,5.481027222e-02,3.816494899e-03,270.199310,313.442508,313.442508,7.093440294e-04,2.658495903e-03,1.264238940e-03,row,1,5.771738000e-02,297.655042
cuda_naive(blk128),double,global,global,16384,16384,32,8,1,8,13,4.290000000e-07,5.777577000e-02,8.587177000e-03,6.635968700e-02,6.314616979e-02,5.482134247e-02,3.877730139e-03,272.065103,313.379213,313.379213,7.230719924e-04,2.311487913e-03,1.255970099e-03,row,1,5.777263400e-02,297.370364
cuda_naive(blk128),double,global,global,16384,16384,32,8,1,8,14,3.610000001e-07,5.785762900e-02,9.078252000e-03,6.693395400e-02,6.344127549e-02,5.515990448e-02,3.996464805e-03,270.799555,311.455746,311.455746,7.326400280e-04,2.453344107e-03,1.121392862e-03,row,1,5.785433800e-02,296.950406
cuda_naive(blk128),double,global,global,16384,16384,32,8,1,8,15,3.480000004e-07,5.806914600e-02,8.683328000e-03,6.675111700e-02,6.263448072e-02,5.515488052e-02,4.213506317e-03,274.287724,311.484116,311.484116,7.131839991e-04,2.564991951e-03,1.042242384e-03,row,1,5.806646400e-02,295.865600
cuda_naive(blk128),double,global,global,16384,16384,32,8,1,8,16,4.269999998e-07,5.808965200e-02,9.166783000e-03,6.725467800e-02,6.377178181e-02,5.501049423e-02,3.994484010e-03,269.396098,312.301669,312.301669,6.959360242e-04,2.567903996e-03,1.245588126e-03,row,1,5.808671100e-02,295.762471
cuda_naive(blk128),double,global,global,16384,16384,32,8,1,8,17,3.369999999e-07,5.765708000e-02,8.929594000e-03,6.658556300e-02,6.329480872e-02,5.515427017e-02,3.804632963e-03,271.426196,311.487563,311.487563,7.109119892e-04,2.730528116e-03,8.409850018e-04,row,1,5.765462900e-02,297.979008
cuda_naive(blk128),double,global,global,16384,16384,32,8,1,8,18,2.989999999e-07,5.796901300e-02,8.961635000e-03,6.692615900e-02,6.327854828e-02,5.510284805e-02,3.779944767e-03,271.495944,311.778244,311.778244,7.090560198e-04,2.269184113e-03,1.142408659e-03,row,1,5.796525100e-02,296.382210
cuda_naive(blk128),double,global,global,16384,16384,32,8,1,8,19,3.309999999e-07,5.800663800e-02,8.933319000e-03,6.692892700e-02,6.330429391e-02,5.515788651e-02,4.145549786e-03,271.385527,311.467140,311.467140,7.213439941e-04,2.672768116e-03,1.082957845e-03,row,1,5.800285800e-02,296.190046
cuda_naive(blk128),double,global,global,16384,16384,32,8,1,8,20,5.000000001e-07,5.791194100e-02,8.971558000e-03,6.688272800e-02,6.317352222e-02,5.516873550e-02,4.043787423e-03,271.947306,311.405890,311.405890,7.014719844e-04,2.282752037e-03,1.261387352e-03,row,1,5.790952000e-02,296.667442
cuda_naive(blk128),double,global,global,16384,16384,3,8,2,4,1,1.943600000e-05,9.588874000e-03,1.350500000e-04,9.733743000e-03,9.527314795e-03,9.395775795e-03,8.476036023e-03,169.052117,171.418813,171.418813,1.348479986e-04,6.124800071e-05,8.297316026e-03,row,1,9.578073000e-03,168.156239
cuda_naive(blk128),double,global,global,16384,16384,3,8,2,4,2,1.969500000e-05,9.589575000e-03,1.352350000e-04,9.736991000e-03,9.528026908e-03,9.395999908e-03,8.495029999e-03,169.039482,171.414725,171.414725,1.220159978e-04,7.699199766e-05,8.297910003e-03,row,1,9.578948000e-03,168.140879
cuda_naive(blk128),double,global,global,16384,16384,3,8,2,4,3,2.022400000e-05,9.594035000e-03,1.394060000e-04,9.743205000e-03,9.515147157e-03,9.400256157e-03,8.424678977e-03,169.268295,171.337111,171.337111,1.311679929e-04,7.785599679e-05,8.331814978e-03,row,1,9.582883000e-03,168.071836
cuda_naive(blk128),double,global,global,16384,16384,3,8,2,4,4,1.933700000e-05,9.596753000e-03,1.115590000e-04,9.718732000e-03,9.499632307e-03,9.385760307e-03,8.445060980e-03,169.544745,171.601733,171.601733,1.382399946e-04,5.724800006e-05,8.339044982e-03,row,1,9.587318000e-03,167.994087
cuda_naive(blk128),double,global,global,16384,16384,3,8,2,4,5,3.183400000e-05,9.585543000e-03,1.100000000e-04,9.704973000e-03,9.532825387e-03,9.391296387e-03,8.486037949e-03,168.954394,171.500576,171.500576,1.308159977e-04,5.696000159e-05,8.327349948e-03,row,1,9.562063000e-03,168.437788
cuda_naive(blk128),double,global,global,16384,16384,3,8,2,4,6,3.052100000e-05,9.667865000e-03,1.283060000e-04,9.804607000e-03,9.500203403e-03,9.455072403e-03,8.413440044e-03,169.534553,170.343776,170.343776,1.201599985e-04,5.539200082e-05,8.310944042e-03,row,1,9.644880000e-03,166.991475
cuda_naive(blk128),double,global,global,16384,16384,3,8,2,4,7,1.900500000e-05,9.575540000e-03,1.270980000e-04,9.711091000e-03,9.562547183e-03,9.451680183e-03,8.437249009e-03,168.429259,170.404913,170.404913,1.232319996e-04,5.683200061e-05,8.324001007e-03,row,1,9.563846000e-03,168.406385
cuda_naive(blk128),double,global,global,16384,16384,3,8,2,4,8,1.894700000e-05,9.568091000e-03,1.093590000e-04,9.685579000e-03,9.493251359e-03,9.365152359e-03,8.358204007e-03,169.658705,171.979342,171.979342,1.222399995e-04,5.209600180e-05,8.277500007e-03,row,1,9.556193000e-03,168.541252
cuda_naive(blk128),double,global,global,16384,16384,3,8,2,4,9,2.900200000e-05,9.661028000e-03,1.117550000e-04,9.781489000e-03,9.500648730e-03,9.450783730e-03,8.384863995e-03,169.526606,170.421076,170.421076,1.349759996e-04,5.728000030e-05,8.277951993e-03,row,1,9.640490000e-03,167.067518
cuda_naive(blk128),double,global,global,16384,16384,3,8,2,4,10,2.838200000e-05,9.532261000e-03,1.552800000e-04,9.698977000e-03,9.565569355e-03,9.399840355e-03,8.382602952e-03,168.376045,171.344690,171.344690,1.224960014e-04,5.241600052e-05,8.270922955e-03,row,1,9.513953000e-03,169.289541
cuda_naive(blk128),double,global,global,16384,16384,3,8,2,4,11,2.482200000e-05,9.529562000e-03,1.296960000e-04,9.667320000e-03,9.389121561e-03,9.249535561e-03,8.327019025e-03,171.540301,174.129039,174.129039,1.422719955e-04,5.484800041e-05,8.243403025e-03,row,1,9.512132000e-03,169.321950
cuda_naive(blk128),double,global,global,16384,16384,3,8,2,4,12,1.901200000e-05,9.632966000e-03,1.134880000e-04,9.754089000e-03,9.475306641e-03,9.432319641e-03,8.385718019e-03,169.980012,170.754681,170.754681,1.333760023e-04,5.958399922e-05,8.278518019e-03,row,1,9.620937000e-03,167.407056
cuda_naive(blk128),double,global,global,16384,16384,3,8,2,4,13,4.372400000e-05,9.557878000e-03,1.148620000e-04,9.681937000e-03,9.443337878e-03,9.325471878e-03,8.403128958e-03,170.555449,172.711125,172.711125,1.350400001e-04,5.763199925e-05,8.297400957e-03,row,1,9.522850000e-03,169.131377
cuda_naive(blk128),double,global,global,16384,16384,3,8,2,4,14,2.967500000e-05,9.554690000e-03,1.283960000e-04,9.692238000e-03,9.494241933e-03,9.336607933e-03,8.391069970e-03,169.641004,172.505127,172.505127,1.231679991e-04,5.423999950e-05,8.297853971e-03,row,1,9.533839000e-03,168.936431
cuda_naive(blk128),double,global,global,16384,16384,3,8,2,4,15,1.930600000e-05,9.562325000e-03,1.286270000e-04,9.699516000e-03,9.506033658e-03,9.375871658e-03,8.455396962e-03,169.430574,171.782720,171.782720,1.330240071e-04,5.420799926e-05,8.280036964e-03,row,1,9.550791000e-03,168.636581
cuda_naive(blk128),double,global,global,16384,16384,3,8,2,4,16,1.923500000e-05,9.517159000e-03,1.197000000e-04,9.645350000e-03,9.440479355e-03,9.304896355e-03,8.329951956e-03,170.607093,173.093033,173.093033,1.225280017e-04,4.632544041e-03,8.245631958e-03,row,1,9.505409000e-03,169.441708
cuda_naive(blk128),double,global,global,16384,16384,3,8,2,4,17,3.924500000e-05,9.537081000e-03,1.123550000e-04,9.661817000e-03,9.478142286e-03,9.328160286e-03,8.459008967e-03,169.929158,172.661349,172.661349,1.332799941e-04,5.584000051e-05,8.281728966e-03,row,1,9.511095000e-03,169.340411
cuda_naive(blk128),double,global,global,16384,16384,3,8,2,4,18,3.005100000e-05,9.639176000e-03,1.247430000e-04,9.772414000e-03,9.468788334e-03,9.424544334e-03,8.390538036e-03,170.097026,170.895555,170.895555,1.351680011e-04,5.561599880e-05,8.285834036e-03,row,1,9.616844000e-03,167.478305
cuda_naive(blk128),double,global,global,16384,16384,3,8,2,4,19,1.892500000e-05,9.534953000e-03,1.115030000e-04,9.654595000e-03,9.525975043e-03,9.412672043e-03,8.400900982e-03,169.075893,171.111107,171.111107,1.227200031e-04,5.817599967e-05,8.278884981e-03,row,1,9.523707000e-03,169.116158
cuda_naive(blk128),double,global,global,16384,16384,3,8,2,4,20,2.816700000e-05,9.527906000e-03,1.307390000e-04,9.667236000e-03,9.456416804e-03,9.313759804e-03,8.337396973e-03,170.319559,172.928309,172.928309,1.218239963e-04,5.481600016e-05,8.255732973e-03,row,1,9.507644000e-03,169.401877
cuda_naive(blk128),double,global,global,16384,16384,6,8,2,4,1,3.761500000e-05,1.158538400e-02,3.420740000e-04,1.194667900e-02,1.131936859e-02,1.123129559e-02,1.016735104e-02,284.576427,286.808004,286.808004,2.194879949e-04,1.034239978e-04,1.000728704e-02,row,1,1.156684400e-02,278.487846
cuda_naive(blk128),double,global,global,16384,16384,6,8,2,4,2,3.863800000e-05,1.158473900e-02,3.362980000e-04,1.194243000e-02,1.151715171e-02,1.125385571e-02,1.016464004e-02,279.689419,286.233053,286.233053,2.231999934e-04,9.235200286e-05,1.000195205e-02,row,1,1.156716000e-02,278.480238
cuda_naive(blk128),double,global,global,16384,16384,6,8,2,4,3,4.194800000e-05,1.157128800e-02,3.334660000e-04,1.192472800e-02,1.130705282e-02,1.121939182e-02,1.015250204e-02,284.886391,287.112307,287.112307,2.205760032e-04,9.244800359e-05,9.990582040e-03,row,1,1.154904300e-02,278.917091
cuda_naive(blk128),double,global,global,16384,16384,6,8,2,4,4,3.748700000e-05,1.156621600e-02,3.302630000e-04,1.191117200e-02,1.151482480e-02,1.123439980e-02,1.014037006e-02,279.745939,286.728755,286.728755,2.228800058e-04,9.321600199e-05,9.971666055e-03,row,1,1.154733800e-02,278.958273
cuda_naive(blk128),double,global,global,16384,16384,6,8,2,4,5,3.736300000e-05,1.154206400e-02,3.280330000e-04,1.188964300e-02,1.164021772e-02,1.136201572e-02,1.014079198e-02,276.732407,283.508274,283.508274,1.919360012e-04,9.068799764e-05,9.971447979e-03,row,1,1.152377900e-02,279.528571
cuda_naive(blk128),double,global,global,16384,16384,6,8,2,4,6,3.696300000e-05,1.154894500e-02,3.237010000e-04,1.188996800e-02,1.147574092e-02,1.120316792e-02,1.013302695e-02,280.698693,287.528090,287.528090,2.339199930e-04,9.644799680e-05,9.979586953e-03,row,1,1.152887200e-02,279.405086
cuda_naive(blk128),double,global,global,16384,16384,6,8,2,4,7,3.733800000e-05,1.156444300e-02,3.312250000e-04,1.191413700e-02,1.165766342e-02,1.138275242e-02,1.017367196e-02,276.318277,282.991789,282.991789,2.203840017e-04,8.991999924e-05,9.997959953e-03,row,1,1.154498000e-02,279.015249
cuda_naive(blk128),double,global,global,16384,16384,6,8,2,4,8,3.748300000e-05,1.154785100e-02,3.411300000e-04,1.190582200e-02,1.165336520e-02,1.136348820e-02,1.014747098e-02,276.420194,283.471538,283.471538,2.154559940e-04,9.350399673e-05,9.972302983e-03,row,1,1.152684500e-02,279.454219
cuda_naive(blk128),double,global,global,16384,16384,6,8,2,4,9,3.783900000e-05,1.156120000e-02,3.389000000e-04,1.191670600e-02,1.160500615e-02,1.131766415e-02,1.020970902e-02,277.572061,284.619285,284.619285,2.189120054e-04,9.068799764e-05,9.990509023e-03,row,1,1.153953500e-02,279.146904
cuda_naive(blk128),double,global,global,16384,16384,6,8,2,4,10,3.768100000e-05,1.156679900e-02,3.336810000e-04,1.191102900e-02,1.165734013e-02,1.137088013e-02,1.015892001e-02,276.325940,283.287260,283.287260,2.172800004e-04,9.408000112e-05,9.975496003e-03,row,1,1.153878300e-02,279.165097
cuda_naive(blk128),double,global,global,16384,16384,6,8,2,4,11,3.775700000e-05,1.155300500e-02,4.274260000e-04,1.199774500e-02,1.174423932e-02,1.136723232e-02,1.015154299e-02,274.281321,283.378168,283.378168,2.162239999e-04,1.215680018e-04,9.977782993e-03,row,1,1.153194300e-02,279.330679
cuda_naive(blk128),double,global,global,16384,16384,6,8,2,4,12,4.439600000e-05,1.153559500e-02,3.379670000e-04,1.189156500e-02,1.161972473e-02,1.134319973e-02,1.014281498e-02,277.220463,283.978555,283.978555,2.129600048e-04,9.270399809e-05,9.974046986e-03,row,1,1.150848500e-02,279.900045
cuda_naive(blk128),double,global,global,16384,16384,6,8,2,4,13,3.801700000e-05,1.152160200e-02,3.359100000e-04,1.187585200e-02,1.134103400e-02,1.119312000e-02,1.011147495e-02,284.032785,287.786200,287.786200,2.310719937e-04,8.646400273e-05,9.955698952e-03,row,1,1.150044900e-02,280.095627
cuda_naive(blk128),double,global,global,16384,16384,6,8,2,4,14,3.822700000e-05,1.152724900e-02,3.269130000e-04,1.187220200e-02,1.148923090e-02,1.134191990e-02,1.013913399e-02,280.369113,284.010600,284.010600,2.199359983e-04,9.212800115e-05,9.960637991e-03,row,1,1.150640900e-02,279.950545
cuda_naive(blk128),double,global,global,16384,16384,6,8,2,4,15,3.766400000e-05,1.151457100e-02,3.293820000e-04,1.186076500e-02,1.125363516e-02,1.116921616e-02,1.010256706e-02,286.238662,288.402107,288.402107,2.202560008e-04,8.947200328e-05,9.941255053e-03,row,1,1.149356200e-02,280.263462
cuda_naive(blk128),double,global,global,16384,16384,6,8,2,4,16,3.746600000e-05,1.150825600e-02,3.310040000e-04,1.185725900e-02,1.124726233e-02,1.116176033e-02,1.009457196e-02,286.400848,288.594754,288.594754,2.233279943e-04,8.726400137e-05,9.944203961e-03,row,1,1.148802700e-02,280.398494
cuda_naive(blk128),double,global,global,16384,16384,6,8,2,4,17,3.797800000e-05,1.151736100e-02,3.263280000e-04,1.186027100e-02,1.126520330e-02,1.117030430e-02,1.010572699e-02,285.944726,288.374013,288.374013,2.215359956e-04,8.579199761e-05,9.950014989e-03,row,1,1.149582900e-02,280.208193
cuda_naive(blk128),double,global,global,16384,16384,6,8,2,4,18,3.762800000e-05,1.151200700e-02,3.337470000e-04,1.186322300e-02,1.124681314e-02,1.115923214e-02,1.009877802e-02,286.412287,288.660136,288.660136,2.212480009e-04,9.171199799e-05,9.945242021e-03,row,1,1.149140900e-02,280.315971
cuda_naive(blk128),double,global,global,16384,16384,6,8,2,4,19,3.865900000e-05,1.150391600e-02,3.355570000e-04,1.185823600e-02,1.144504278e-02,1.115798378e-02,1.008960604e-02,281.451589,288.692432,288.692432,2.248000056e-04,9.030400217e-05,9.927686034e-03,row,1,1.148344100e-02,280.510473
cuda_naive(blk128),double,global,global,16384,16384,6,8,2,4,20,3.746400000e-05,1.152293400e-02,3.666250000e-04,1.190666400e-02,1.163968580e-02,1.133257580e-02,1.013245003e-02,276.745054,284.244776,284.244776,2.187840044e-04,8.640000224e-05,9.961090038e-03,row,1,1.150189900e-02,280.060316
cuda_naive(blk128),double,global,global,16384,16384,8,8,2,4,1,5.347300000e-05,1.392442400e-02,3.749710000e-04,1.433545100e-02,1.391836366e-02,1.348991966e-02,1.221678103e-02,308.582776,318.383460,318.383460,2.823039889e-04,1.394560039e-04,1.198023704e-02,row,1,1.390633600e-02,308.849671
cuda_naive(blk128),double,global,global,16384,16384,8,8,2,4,2,5.128800000e-05,1.389690300e-02,3.767810000e-04,1.431473700e-02,1.382980400e-02,1.345561600e-02,1.222091700e-02,310.558797,319.195145,319.195145,2.941760123e-04,1.568959951e-04,1.196094900e-02,row,1,1.388655600e-02,309.289596
cuda_naive(blk128),double,global,global,16384,16384,8,8,2,4,3,5.131800000e-05,1.390593000e-02,3.667310000e-04,1.430624500e-02,1.384804263e-02,1.349199963e-02,1.220233901e-02,310.149774,318.334377,318.334377,2.868160009e-04,1.329279989e-04,1.197462701e-02,row,1,1.388746400e-02,309.269374
cuda_naive(blk128),double,global,global,16384,16384,8,8,2,4,4,5.101100000e-05,1.391436400e-02,3.849250000e-04,1.433288500e-02,1.392111972e-02,1.348518372e-02,1.221085202e-02,308.521684,318.495275,318.495275,2.828800082e-04,1.361919940e-04,1.197434002e-02,row,1,1.389629100e-02,309.072924
cuda_naive(blk128),double,global,global,16384,16384,8,8,2,4,5,4.900000000e-05,1.388418600e-02,3.755860000e-04,1.429400000e-02,1.384392435e-02,1.347891235e-02,1.218011302e-02,310.242037,318.643462,318.643462,2.877439857e-04,1.344639957e-04,1.194673703e-02,row,1,1.386814800e-02,309.700134
cuda_naive(blk128),double,global,global,16384,16384,8,8,2,4,6,5.218600000e-05,1.386143500e-02,3.847380000e-04,1.428035300e-02,1.379127402e-02,1.344060802e-02,1.216495396e-02,311.426434,319.551563,319.551563,2.813760042e-04,1.357759982e-04,1.192831396e-02,row,1,1.384261700e-02,310.271338
cuda_naive(blk128),double,global,global,16384,16384,8,8,2,4,7,5.066900000e-05,1.385362000e-02,3.793420000e-04,1.426369800e-02,1.380584859e-02,1.344351959e-02,1.215372999e-02,311.097668,319.482355,319.482355,2.774080038e-04,1.373440027e-04,1.192406598e-02,row,1,1.383253100e-02,310.497572
cuda_naive(blk128),double,global,global,16384,16384,8,8,2,4,8,5.166100000e-05,1.391202600e-02,5.625720000e-04,1.451583400e-02,1.402717305e-02,1.341296005e-02,1.221693198e-02,306.189086,320.210250,320.210250,2.838079929e-04,1.590400040e-04,1.198070799e-02,row,1,1.390073200e-02,308.974182
cuda_naive(blk128),double,global,global,16384,16384,8,8,2,4,9,5.671700000e-05,1.405823500e-02,3.705970000e-04,1.446065200e-02,1.401073558e-02,1.360137558e-02,1.217097105e-02,306.548309,315.774480,315.774480,2.761600018e-04,1.364479959e-04,1.194735504e-02,row,1,1.403249500e-02,306.072961
cuda_naive(blk128),double,global,global,16384,16384,8,8,2,4,10,5.026400000e-05,1.385881600e-02,3.881080000e-04,1.427719900e-02,1.381492956e-02,1.344265556e-02,1.216235596e-02,310.893174,319.502890,319.502890,2.812159956e-04,1.394560039e-04,1.193345995e-02,row,1,1.383735400e-02,310.389349
cuda_naive(blk128),double,global,global,16384,16384,8,8,2,4,11,5.086000000e-05,1.385485400e-02,3.669110000e-04,1.425562900e-02,1.380249309e-02,1.344262409e-02,1.215475997e-02,311.173298,319.503638,319.503638,2.769919932e-04,1.297599971e-04,1.192615197e-02,row,1,1.383661700e-02,310.405881
cuda_naive(blk128),double,global,global,16384,16384,8,8,2,4,12,5.042600000e-05,1.386745400e-02,3.713360000e-04,1.426882700e-02,1.386173011e-02,1.343996811e-02,1.216869102e-02,309.843523,319.566777,319.566777,2.823039889e-04,1.348479986e-04,1.193285103e-02,row,1,1.384627800e-02,310.189301
cuda_naive(blk128),double,global,global,16384,16384,8,8,2,4,13,4.898600000e-05,1.384949700e-02,3.790230000e-04,1.426239800e-02,1.380361317e-02,1.344169617e-02,1.215306901e-02,311.148048,319.525694,319.525694,2.769599855e-04,1.331840008e-04,1.193255702e-02,row,1,1.383305300e-02,310.485856
cuda_naive(blk128),double,global,global,16384,16384,8,8,2,4,14,5.111400000e-05,1.385587900e-02,3.724720000e-04,1.425986300e-02,1.380792697e-02,1.344211197e-02,1.215893801e-02,311.050841,319.515810,319.515810,2.804799974e-04,1.339839995e-04,1.192623402e-02,row,1,1.383494600e-02,310.443373
cuda_naive(blk128),double,global,global,16384,16384,8,8,2,4,15,5.607800000e-05,1.387575800e-02,3.704580000e-04,1.427905800e-02,1.387482396e-02,1.344828796e-02,1.216855200e-02,309.551120,319.369076,319.369076,2.800639868e-04,1.300159991e-04,1.194000800e-02,row,1,1.385158700e-02,310.070413
cuda_naive(blk128),double,global,global,16384,16384,8,8,2,4,16,5.041600000e-05,1.385235600e-02,3.649750000e-04,1.424930700e-02,1.379538229e-02,1.344220829e-02,1.215624794e-02,311.333692,319.513521,319.513521,2.789120078e-04,1.336960047e-04,1.192415195e-02,row,1,1.383242600e-02,310.499929
cuda_naive(blk128),double,global,global,16384,16384,8,8,2,4,17,5.058600000e-05,1.385663300e-02,3.728580000e-04,1.426041800e-02,1.381400905e-02,1.344441605e-02,1.216201004e-02,310.913891,319.461052,319.461052,2.789759934e-04,1.358720064e-04,1.192460204e-02,row,1,1.383603500e-02,310.418938
cuda_naive(blk128),double,global,global,16384,16384,8,8,2,4,18,5.122600000e-05,1.387216000e-02,3.699070000e-04,1.427499300e-02,1.386334856e-02,1.344265556e-02,1.217484003e-02,309.807351,319.502890,319.502890,2.840319872e-04,1.323200017e-04,1.193730403e-02,row,1,1.385321600e-02,310.033951
cuda_naive(blk128),double,global,global,16384,16384,8,8,2,4,19,4.884000000e-05,1.385435600e-02,3.670080000e-04,1.425353700e-02,1.380845395e-02,1.344476795e-02,1.215999304e-02,311.038970,319.452691,319.452691,2.791680098e-04,1.325760037e-04,1.193010505e-02,row,1,1.383705500e-02,310.396056
cuda_naive(blk128),double,global,global,16384,16384,8,8,2,4,20,5.062900000e-05,1.385927900e-02,4.416590000e-04,1.433176900e-02,1.393107297e-02,1.344534397e-02,1.216206506e-02,308.301256,319.439005,319.439005,2.774719894e-04,1.322879940e-04,1.193067306e-02,row,1,1.383907000e-02,310.350861
cuda_naive(blk128),double,global,global,16384,16384,20,8,2,4,1,2.012740000e-04,3.535765000e-02,1.402250000e-03,3.689825700e-02,3.576601866e-02,3.416249466e-02,1.502634143e-02,300.212846,314.304279,314.304279,7.488960028e-04,3.706879914e-04,1.431853344e-02,row,1,3.529391400e-02,304.228606
cuda_naive(blk128),double,global,global,16384,16384,20,8,2,4,2,2.122250000e-04,3.512249800e-02,1.381930000e-03,3.665534600e-02,3.552240226e-02,3.392905426e-02,1.500619042e-02,302.271737,316.466771,316.466771,7.542080283e-04,3.736320138e-04,1.429767841e-02,row,1,3.506140000e-02,306.246135
cuda_naive(blk128),double,global,global,16384,16384,20,8,2,4,3,2.068400000e-04,3.514382300e-02,1.436683000e-03,3.673260400e-02,3.558355596e-02,3.394003296e-02,1.502388518e-02,301.752255,316.364402,316.364402,7.574719787e-04,3.816640079e-04,1.430324518e-02,row,1,3.508844900e-02,306.010056
cuda_naive(blk128),double,global,global,16384,16384,20,8,2,4,4,2.109380000e-04,3.544095600e-02,1.384021000e-03,3.698136600e-02,3.509385284e-02,3.434521484e-02,1.540831554e-02,305.962936,312.632147,312.632147,7.561600208e-04,3.768959939e-04,1.434905154e-02,row,1,3.538474600e-02,303.447656
cuda_naive(blk128),double,global,global,16384,16384,20,8,2,4,5,2.132720000e-04,3.546819300e-02,1.420704000e-03,3.702906600e-02,3.477473785e-02,3.434630585e-02,1.535983391e-02,308.770645,312.622216,312.622216,7.607679963e-04,3.811840117e-04,1.429180194e-02,row,1,3.539474100e-02,303.361967
cuda_naive(blk128),double,global,global,16384,16384,20,8,2,4,6,2.182880000e-04,3.514097200e-02,1.431513000e-03,3.673089200e-02,3.556145559e-02,3.391823959e-02,1.502744963e-02,301.939785,316.567675,316.567675,7.712960243e-04,3.777599931e-04,1.431109761e-02,row,1,3.508007200e-02,306.083130
cuda_naive(blk128),double,global,global,16384,16384,20,8,2,4,7,2.120230000e-04,3.512646700e-02,1.394881000e-03,3.669747300e-02,3.554905534e-02,3.395046234e-02,1.500134465e-02,302.045107,316.267217,316.267217,7.552000284e-04,3.706879914e-04,1.430374468e-02,row,1,3.508897000e-02,306.005512
cuda_naive(blk128),double,global,global,16384,16384,20,8,2,4,8,2.018900000e-04,3.512367600e-02,1.391326000e-03,3.667233300e-02,3.557311384e-02,3.436223984e-02,1.507755253e-02,301.840831,312.477251,312.477251,7.487360239e-04,3.795199990e-04,1.431291253e-02,row,1,3.507853500e-02,306.096541
cuda_naive(blk128),double,global,global,16384,16384,20,8,2,4,9,2.082980000e-04,3.515181000e-02,1.444057000e-03,3.674663600e-02,3.515849339e-02,3.394035339e-02,1.503226878e-02,305.400408,316.361415,316.361415,7.565439939e-04,3.735359907e-04,1.431143679e-02,row,1,3.509380500e-02,305.963353
cuda_naive(blk128),double,global,global,16384,16384,20,8,2,4,10,2.080190000e-04,3.551665000e-02,1.388039000e-03,3.705436200e-02,3.589810718e-02,3.431270218e-02,1.503246484e-02,299.108201,312.928378,312.928378,7.618880272e-04,3.783360124e-04,1.431112082e-02,row,1,3.545666100e-02,302.832188
cuda_naive(blk128),double,global,global,16384,16384,20,8,2,4,11,2.012220000e-04,3.514216000e-02,1.424420000e-03,3.671228000e-02,3.557286814e-02,3.394729614e-02,1.501874987e-02,301.842916,316.296715,316.296715,7.519680262e-04,3.702079952e-04,1.430774186e-02,row,1,3.508619500e-02,306.029715
cuda_naive(blk128),double,global,global,16384,16384,20,8,2,4,12,2.049020000e-04,3.514694400e-02,1.393853000e-03,3.667657200e-02,3.515464196e-02,3.394828796e-02,1.501205936e-02,305.433867,316.287474,316.287474,7.528960109e-04,3.727360070e-04,1.431525937e-02,row,1,3.507787800e-02,306.102274
cuda_naive(blk128),double,global,global,16384,16384,20,8,2,4,13,2.080490000e-04,3.541865200e-02,1.390301000e-03,3.696014100e-02,3.509784471e-02,3.434844971e-02,1.538060786e-02,305.928137,312.602704,312.602704,7.441599965e-04,3.687359989e-04,1.432531186e-02,row,1,3.536103500e-02,303.651130
cuda_naive(blk128),double,global,global,16384,16384,20,8,2,4,14,2.185710000e-04,3.515940700e-02,1.438654000e-03,3.674688600e-02,3.516367996e-02,3.392451096e-02,1.504361503e-02,305.355363,316.509153,316.509153,7.714239955e-04,3.843519986e-04,1.431977503e-02,row,1,3.508886100e-02,306.006463
cuda_naive(blk128),double,global,global,16384,16384,20,8,2,4,15,2.052880000e-04,3.516608600e-02,1.391371000e-03,3.670464300e-02,3.558253948e-02,3.437507248e-02,1.509744892e-02,301.760875,312.360599,312.360599,7.724800110e-04,3.779520094e-04,1.431402493e-02,row,1,3.510840200e-02,305.836143
cuda_naive(blk128),double,global,global,16384,16384,20,8,2,4,16,2.062140000e-04,3.512349400e-02,1.389390000e-03,3.666047800e-02,3.554615158e-02,3.395228958e-02,1.502055058e-02,302.069781,316.250196,316.250196,7.430080175e-04,3.774400055e-04,1.430743057e-02,row,1,3.506379500e-02,306.225217
cuda_naive(blk128),double,global,global,16384,16384,20,8,2,4,17,2.118370000e-04,3.514464700e-02,1.426681000e-03,3.671942200e-02,3.479772659e-02,3.434857559e-02,1.509238176e-02,308.566659,312.601558,312.601558,7.622079849e-04,6.668800116e-04,1.402508576e-02,row,1,3.508249800e-02,306.061964
cuda_naive(blk128),double,global,global,16384,16384,20,8,2,4,18,2.266470000e-04,3.541311000e-02,1.375375000e-03,3.693807000e-02,3.581081649e-02,3.420896149e-02,1.499848716e-02,299.837292,313.877352,313.877352,7.404479980e-04,3.669439852e-04,1.431368716e-02,row,1,3.533527300e-02,303.872514
cuda_naive(blk128),double,global,global,16384,16384,20,8,2,4,19,2.000340000e-04,3.522655600e-02,1.385599000e-03,3.675509100e-02,3.524120874e-02,3.403481674e-02,1.501916718e-02,304.683597,315.483357,315.483357,7.498239875e-04,3.714880049e-04,1.430857518e-02,row,1,3.516972200e-02,305.302903
cuda_naive(blk128),double,global,global,16384,16384,20,8,2,4,20,2.041290000e-04,3.514379600e-02,1.440984000e-03,3.673105600e-02,3.559938276e-02,3.435993576e-02,1.505753289e-02,301.618101,312.498205,312.498205,7.758719921e-04,3.651199937e-04,1.429618890e-02,row,1,3.508623900e-02,306.029331
cuda_naive(blk128),double,global,global,16384,16384,32,8,2,4,1,3.754100000e-04,5.659823000e-02,2.231776000e-03,5.912427000e-02,5.702484986e-02,5.471427155e-02,2.567031093e-03,301.269871,313.992468,313.992468,1.204288006e-03,7.709760070e-04,1.274647124e-03,row,1,5.651585300e-02,303.983188
cuda_naive(blk128),double,global,global,16384,16384,32,8,2,4,2,3.827170000e-04,5.703487600e-02,2.191819000e-03,5.951347800e-02,5.752021622e-02,5.515843201e-02,2.559709679e-03,298.675323,311.464060,311.464060,1.199103951e-03,7.452160120e-04,1.265181672e-03,row,1,5.693744100e-02,301.732373
cuda_naive(blk128),double,global,global,16384,16384,32,8,2,4,3,3.769760000e-04,5.717750400e-02,2.215772000e-03,5.968192200e-02,5.776485901e-02,5.528332901e-02,2.591145584e-03,297.410389,310.760395,310.760395,1.210335970e-03,7.557439804e-04,1.454505572e-03,row,1,5.708661100e-02,300.943932
cuda_naive(blk128),double,global,global,16384,16384,32,8,2,4,4,3.645200000e-04,5.695351700e-02,2.233536000e-03,5.947393000e-02,5.751429588e-02,5.509148788e-02,2.553339554e-03,298.706068,311.842534,311.842534,1.199072003e-03,7.606080174e-04,1.429051532e-03,row,1,5.687328500e-02,302.072743
cuda_naive(blk128),double,global,global,16384,16384,32,8,2,4,5,3.729000000e-04,5.676012100e-02,2.154580000e-03,5.920994100e-02,5.728838231e-02,5.488899231e-02,2.543630212e-03,299.883999,312.992978,312.992978,1.201599956e-03,7.489280105e-04,1.400974184e-03,row,1,5.668013700e-02,303.102111
cuda_naive(blk128),double,global,global,16384,16384,32,8,2,4,6,3.727030000e-04,5.717238500e-02,2.196801000e-03,5.965722600e-02,5.768669655e-02,5.528035355e-02,2.570127588e-03,297.813364,310.777122,310.777122,1.208511949e-03,7.600319982e-04,1.257743578e-03,row,1,5.708519200e-02,300.951413
cuda_naive(blk128),double,global,global,16384,16384,32,8,2,4,7,3.661010000e-04,5.657410500e-02,2.161720000e-03,5.901977200e-02,5.699986723e-02,5.470544052e-02,2.581556685e-03,301.401916,314.043156,314.043156,1.197792053e-03,7.638080120e-04,1.286388703e-03,row,1,5.649086600e-02,304.117646
cuda_naive(blk128),double,global,global,16384,16384,32,8,2,4,8,3.729000000e-04,5.685937200e-02,2.225787000e-03,5.936901000e-02,5.734855571e-02,5.498105621e-02,2.564490106e-03,299.569344,312.468882,312.468882,1.207008004e-03,7.527359724e-04,1.267530110e-03,row,1,5.677010600e-02,302.621756
cuda_naive(blk128),double,global,global,16384,16384,32,8,2,4,9,3.795140000e-04,5.681028300e-02,2.180817000e-03,5.928219400e-02,5.736619832e-02,5.506764984e-02,2.559280517e-03,299.477213,311.977526,311.977526,1.153728008e-03,7.465599775e-04,1.241837803e-03,row,1,5.672066500e-02,302.885539
cuda_naive(blk128),double,global,global,16384,16384,32,8,2,4,10,3.655950000e-04,5.695133500e-02,2.158970000e-03,5.938929300e-02,5.748701559e-02,5.508544159e-02,2.564280400e-03,298.847818,311.876763,311.876763,1.178688049e-03,7.512000203e-04,1.453304419e-03,row,1,5.686180700e-02,302.133718
cuda_naive(blk128),double,global,global,16384,16384,32,8,2,4,11,3.698550000e-04,5.705548000e-02,2.180784000e-03,5.952036400e-02,5.749573328e-02,5.517849731e-02,2.550938526e-03,298.802506,311.350798,311.350798,1.195808053e-03,7.556480169e-04,1.255770543e-03,row,1,5.696902800e-02,301.565075
cuda_naive(blk128),double,global,global,16384,16384,32,8,2,4,12,3.685610000e-04,5.647502600e-02,2.188941000e-03,5.894808000e-02,5.690165315e-02,5.461264038e-02,2.568710198e-03,301.922145,314.576791,314.576791,1.192288041e-03,7.559679747e-04,1.276038160e-03,row,1,5.638941800e-02,304.664772
cuda_naive(blk128),double,global,global,16384,16384,32,8,2,4,13,3.791780000e-04,5.647406800e-02,2.585887000e-03,5.934810700e-02,5.747010739e-02,5.461382294e-02,2.581216642e-03,298.935742,314.569980,314.569980,1.193984032e-03,7.593600154e-04,1.278272637e-03,row,1,5.638224100e-02,304.703553
cuda_naive(blk128),double,global,global,16384,16384,32,8,2,4,14,3.790820000e-04,5.718794900e-02,2.291524000e-03,5.976420700e-02,5.774206365e-02,5.529616165e-02,2.592329766e-03,297.527800,310.688277,310.688277,1.212671995e-03,7.568960190e-04,1.456105735e-03,row,1,5.709363400e-02,300.906913
cuda_naive(blk128),double,global,global,16384,16384,32,8,2,4,15,3.675440000e-04,5.677077600e-02,2.211362000e-03,5.926647000e-02,5.732349745e-02,5.489510345e-02,2.516948700e-03,299.700297,312.958135,312.958135,1.184736013e-03,7.587839961e-04,1.226580680e-03,row,1,5.668509500e-02,303.075600
cuda_naive(blk128),double,global,global,16384,16384,32,8,2,4,16,3.872140000e-04,5.695306100e-02,2.206749000e-03,5.948751700e-02,5.741655932e-02,5.509622574e-02,2.553901618e-03,299.214536,311.815718,311.815718,1.195904016e-03,7.551680207e-04,1.257581657e-03,row,1,5.689311600e-02,301.967450
cuda_naive(blk128),double,global,global,16384,16384,32,8,2,4,17,3.812910000e-04,5.695898000e-02,2.224046000e-03,5.947196300e-02,5.756261846e-02,5.508499146e-02,2.546018058e-03,298.455311,311.879311,311.879311,1.188704014e-03,7.508800030e-04,1.425602013e-03,row,1,5.686455800e-02,302.119102
cuda_naive(blk128),double,global,global,16384,16384,32,8,2,4,18,3.676460000e-04,5.691803700e-02,2.153927000e-03,5.937752500e-02,5.734768292e-02,5.506793594e-02,2.538645482e-03,299.573903,311.975906,311.975906,1.194687963e-03,7.558400035e-04,1.234389460e-03,row,1,5.685512000e-02,302.169254
cuda_naive(blk128),double,global,global,16384,16384,32,8,2,4,19,3.780920000e-04,5.703853000e-02,2.158531000e-03,5.948401500e-02,5.749269663e-02,5.517756653e-02,2.555371246e-03,298.818288,311.356050,311.356050,1.187839985e-03,7.547199726e-04,1.268299243e-03,row,1,5.694691000e-02,301.682202
cuda_naive(blk128),double,global,global,16384,16384,32,8,2,4,20,3.720700000e-04,5.650649700e-02,2.236908000e-03,5.902534400e-02,5.694464742e-02,5.462835312e-02,2.602133991e-03,301.694188,314.486310,314.486310,1.201503992e-03,7.727040052e-04,1.300758006e-03,row,1,5.641547000e-02,304.524081
cuda_naive(blk128),double,global,global,16384,16384,3,8,4,2,1,7.219800000e-05,9.181132000e-03,4.528500000e-05,9.279230000e-03,9.003410684e-03,8.886143684e-03,8.061869055e-03,178.889178,181.249909,181.249909,2.168319970e-04,3.711999953e-05,7.951917052e-03,row,1,9.169531000e-03,175.648322
cuda_naive(blk128),double,global,global,16384,16384,3,8,4,2,2,5.751900000e-05,9.162722000e-03,3.194500000e-05,9.227436000e-03,9.018384005e-03,8.940032005e-03,8.010273965e-03,178.592166,180.157379,180.157379,2.157759964e-04,5.523199961e-05,7.910881965e-03,row,1,9.136463000e-03,176.284054
cuda_naive(blk128),double,global,global,16384,16384,3,8,4,2,3,6.693700000e-05,9.174738000e-03,2.953800000e-05,9.240771000e-03,8.957970262e-03,8.874912262e-03,8.033923956e-03,179.796616,181.479285,181.479285,2.166720033e-04,3.619199991e-05,7.931587951e-03,row,1,9.144088000e-03,176.137056
cuda_naive(blk128),double,global,global,16384,16384,3,8,4,2,4,8.401900000e-05,9.126308000e-03,2.955900000e-05,9.214341000e-03,8.939671257e-03,8.827296257e-03,8.016071044e-03,180.164649,182.458217,182.458217,2.202879936e-04,3.507199883e-05,7.911847046e-03,row,1,9.100036000e-03,176.989710
cuda_naive(blk128),double,global,global,16384,16384,3,8,4,2,5,6.836400000e-05,9.151423000e-03,3.062700000e-05,9.226458000e-03,8.945399990e-03,8.850975990e-03,8.029928949e-03,180.049270,181.970072,181.970072,2.178879976e-04,3.852799907e-05,7.925256949e-03,row,1,9.126508000e-03,176.476341
cuda_naive(blk128),double,global,global,16384,16384,3,8,4,2,6,7.208000000e-05,9.115580000e-03,3.054600000e-05,9.207351000e-03,8.929308259e-03,8.830528259e-03,8.007095951e-03,180.373741,182.391437,182.391437,2.187840044e-04,3.692800179e-05,7.902071948e-03,row,1,9.104292000e-03,176.906973
cuda_naive(blk128),double,global,global,16384,16384,3,8,4,2,7,8.233900000e-05,9.141490000e-03,3.048400000e-05,9.226406000e-03,8.951536351e-03,8.839584351e-03,8.044634058e-03,179.925844,182.204578,182.204578,2.140800059e-04,4.409600049e-05,7.941338053e-03,row,1,9.113083000e-03,176.736318
cuda_naive(blk128),double,global,global,16384,16384,3,8,4,2,8,8.654900000e-05,9.137664000e-03,3.866200000e-05,9.222199000e-03,8.941797373e-03,8.818112373e-03,7.994532009e-03,180.121811,182.648244,182.648244,2.375999987e-04,3.577600047e-05,7.882244007e-03,row,1,9.096826000e-03,177.052165
cuda_naive(blk128),double,global,global,16384,16384,3,8,4,2,9,7.356000000e-05,9.149292000e-03,2.962100000e-05,9.235018000e-03,8.958785326e-03,8.857824326e-03,8.026013978e-03,179.780258,181.829383,181.829383,2.185920030e-04,3.670400009e-05,7.917757977e-03,row,1,9.132417000e-03,176.362154
cuda_naive(blk128),double,global,global,16384,16384,3,8,4,2,10,8.936600000e-05,9.203202000e-03,3.163800000e-05,9.298204000e-03,9.021546234e-03,8.902560234e-03,8.099631978e-03,178.529566,180.915680,180.915680,2.163520008e-04,3.683200106e-05,7.969103979e-03,row,1,9.176684000e-03,175.511409
cuda_naive(blk128),double,global,global,16384,16384,3,8,4,2,11,7.144800000e-05,9.195549000e-03,3.171700000e-05,9.274028000e-03,8.974652678e-03,8.876447678e-03,8.096636999e-03,179.462403,181.447894,181.447894,2.323520035e-04,4.780799896e-05,7.983005002e-03,row,1,9.170670000e-03,175.626507
cuda_naive(blk128),double,global,global,16384,16384,3,8,4,2,12,7.306800000e-05,9.140879000e-03,2.934100000e-05,9.229476000e-03,8.952352369e-03,8.852800369e-03,8.011471998e-03,179.909444,181.932571,181.932571,2.196159959e-04,3.849599883e-05,7.905808002e-03,row,1,9.126335000e-03,176.479686
cuda_naive(blk128),double,global,global,16384,16384,3,8,4,2,13,7.013300000e-05,9.223820000e-03,3.024800000e-05,9.316777000e-03,9.037855382e-03,8.938624382e-03,8.108630053e-03,178.207403,180.185750,180.185750,2.154880017e-04,3.942399845e-05,7.996406052e-03,row,1,9.205911000e-03,174.954194
cuda_naive(blk128),double,global,global,16384,16384,3,8,4,2,14,7.560700000e-05,9.122041000e-03,3.015700000e-05,9.207118000e-03,8.930564842e-03,8.827551842e-03,8.020156027e-03,180.348361,182.452934,182.452934,2.216639966e-04,3.840000182e-05,7.908764028e-03,row,1,9.100814000e-03,176.974580
cuda_naive(blk128),double,global,global,16384,16384,3,8,4,2,15,7.015900000e-05,9.166241000e-03,3.002800000e-05,9.254598000e-03,8.974680810e-03,8.877247810e-03,8.056871968e-03,179.461840,181.431539,181.431539,2.192000002e-04,3.660799935e-05,7.946183971e-03,row,1,9.153415000e-03,175.957578
cuda_naive(blk128),double,global,global,16384,16384,3,8,4,2,16,7.070900000e-05,9.161411000e-03,5.140400000e-05,9.269546000e-03,8.959350079e-03,8.869440079e-03,8.071459008e-03,179.768925,181.591253,181.591253,2.339199930e-04,7.113599777e-05,7.957123009e-03,row,1,9.146865000e-03,176.083580
cuda_naive(blk128),double,global,global,16384,16384,3,8,4,2,17,7.308700000e-05,9.102838000e-03,3.061500000e-05,9.187687000e-03,8.913750103e-03,8.810048103e-03,8.002017960e-03,180.688567,182.815430,182.815430,2.168319970e-04,3.513599932e-05,7.895073957e-03,row,1,9.083498000e-03,177.311949
cuda_naive(blk128),double,global,global,16384,16384,3,8,4,2,18,6.392600000e-05,9.136529000e-03,3.033400000e-05,9.185960000e-03,8.862922043e-03,8.817728043e-03,7.979482031e-03,181.724800,182.656204,182.656204,2.174080014e-04,3.625600040e-05,7.872538032e-03,row,1,9.090401000e-03,177.177303
cuda_naive(blk128),double,global,global,16384,16384,3,8,4,2,19,6.916500000e-05,9.076765000e-03,3.448300000e-05,9.167354000e-03,8.895367817e-03,8.791999817e-03,7.989885031e-03,181.061960,183.190715,183.190715,2.186879963e-04,3.699199855e-05,7.879165030e-03,row,1,9.063472000e-03,177.703725
cuda_naive(blk128),double,global,global,16384,16384,3,8,4,2,20,6.883300000e-05,9.151905000e-03,3.108900000e-05,9.230780000e-03,8.956304316e-03,8.857536316e-03,8.040918024e-03,179.830059,181.835296,181.835296,2.164800018e-04,3.593600169e-05,7.937238020e-03,row,1,9.131454000e-03,176.380753
cuda_naive(blk128),double,global,global,16384,16384,6,8,4,2,1,1.793890000e-04,1.187463800e-02,6.781600000e-05,1.205060400e-02,1.161329016e-02,1.136880016e-02,1.042769301e-02,277.374063,283.339088,283.339088,4.092479944e-04,5.702399835e-05,1.023089301e-02,row,1,1.180470900e-02,272.876313
cuda_naive(blk128),double,global,global,16384,16384,6,8,4,2,2,1.266260000e-04,1.188323200e-02,6.835000000e-05,1.200100800e-02,1.147417145e-02,1.132982445e-02,1.045430398e-02,280.737087,284.313803,284.313803,4.051840007e-04,6.047999859e-05,1.025155198e-02,row,1,1.181130700e-02,272.723880
cuda_naive(blk128),double,global,global,16384,16384,6,8,4,2,3,1.790810000e-04,1.183998800e-02,6.693100000e-05,1.204022400e-02,1.159678969e-02,1.136086369e-02,1.040132400e-02,277.768724,283.537023,283.537023,4.060800076e-04,5.270399898e-05,1.021591600e-02,row,1,1.179339800e-02,273.138028
cuda_naive(blk128),double,global,global,16384,16384,6,8,4,2,4,1.400640000e-04,1.185033100e-02,6.798200000e-05,1.202736000e-02,1.157643002e-02,1.138652802e-02,1.038146599e-02,278.257241,282.897953,282.897953,3.976640105e-04,5.654399842e-05,1.018671399e-02,row,1,1.181851600e-02,272.557525
cuda_naive(blk128),double,global,global,16384,16384,6,8,4,2,5,1.802520000e-04,1.183380600e-02,7.056700000e-05,1.203999900e-02,1.156599197e-02,1.131865597e-02,1.039969806e-02,278.508361,284.594344,284.594344,3.979200125e-04,5.603199825e-05,1.020689806e-02,row,1,1.179194600e-02,273.171661
cuda_naive(blk128),double,global,global,16384,16384,6,8,4,2,6,1.643840000e-04,1.183439300e-02,6.737200000e-05,1.201765000e-02,1.155098799e-02,1.131923199e-02,1.039727304e-02,278.870126,284.579862,284.579862,3.957439959e-04,5.507199839e-05,1.021477704e-02,row,1,1.178565000e-02,273.317591
cuda_naive(blk128),double,global,global,16384,16384,6,8,4,2,7,1.269040000e-04,1.183346100e-02,6.909500000e-05,1.200840400e-02,1.153587136e-02,1.133987236e-02,1.038182594e-02,279.235558,284.061881,284.061881,4.052799940e-04,5.510399863e-05,1.019014595e-02,row,1,1.181233100e-02,272.700238
cuda_naive(blk128),double,global,global,16384,16384,6,8,4,2,8,1.667640000e-04,1.185519200e-02,6.707600000e-05,1.203722000e-02,1.154724655e-02,1.132508755e-02,1.040559296e-02,278.960483,284.432721,284.432721,4.001280069e-04,5.459199846e-05,1.021423296e-02,row,1,1.180282100e-02,272.919963
cuda_naive(blk128),double,global,global,16384,16384,6,8,4,2,9,1.409550000e-04,1.183267100e-02,6.725500000e-05,1.201428700e-02,1.152748933e-02,1.132960033e-02,1.039064102e-02,279.438599,284.319427,284.319427,4.017600119e-04,5.744000152e-05,1.019115302e-02,row,1,1.180558800e-02,272.855996
cuda_naive(blk128),double,global,global,16384,16384,6,8,4,2,10,1.484740000e-04,1.199502700e-02,2.669060000e-04,1.221477500e-02,1.149866266e-02,1.129356766e-02,1.036605203e-02,280.139140,285.226562,285.226562,4.038400054e-04,5.519999936e-05,1.016563602e-02,row,1,1.198963800e-02,268.667450
cuda_naive(blk128),double,global,global,16384,16384,6,8,4,2,11,1.440140000e-04,1.179719600e-02,6.942400000e-05,1.196101500e-02,1.147429058e-02,1.127215958e-02,1.035515102e-02,280.734173,285.768264,285.768264,3.631680012e-04,5.590400100e-05,1.017108702e-02,row,1,1.174701800e-02,274.216441
cuda_naive(blk128),double,global,global,16384,16384,6,8,4,2,12,1.363400000e-04,1.178623800e-02,6.688400000e-05,1.197192800e-02,1.148351347e-02,1.128924847e-02,1.035620402e-02,280.508703,285.335687,285.335687,4.025599957e-04,5.443200096e-05,1.015857203e-02,row,1,1.176787000e-02,273.730545
cuda_naive(blk128),double,global,global,16384,16384,6,8,4,2,13,1.314330000e-04,1.176837400e-02,6.664200000e-05,1.194701600e-02,1.147415017e-02,1.127708817e-02,1.033014299e-02,280.737608,285.643370,285.643370,3.976640105e-04,6.780800223e-05,1.013779099e-02,row,1,1.174787200e-02,274.196507
cuda_naive(blk128),double,global,global,16384,16384,6,8,4,2,14,1.335300000e-04,1.177919700e-02,6.695700000e-05,1.196294300e-02,1.151782334e-02,1.132665634e-02,1.034690196e-02,279.673110,284.393326,284.393326,4.106880128e-04,5.536000058e-05,1.015189396e-02,row,1,1.176109000e-02,273.888345
cuda_naive(blk128),double,global,global,16384,16384,6,8,4,2,15,1.596630000e-04,1.191531800e-02,6.757100000e-05,1.210106000e-02,1.175018619e-02,1.158806419e-02,1.046750399e-02,274.142505,277.977876,277.977876,4.018560052e-04,5.395200104e-05,1.015992000e-02,row,1,1.186701700e-02,271.443571
cuda_naive(blk128),double,global,global,16384,16384,6,8,4,2,16,1.672030000e-04,1.181409100e-02,6.568300000e-05,1.199675300e-02,1.152269525e-02,1.129849625e-02,1.041709903e-02,279.554861,285.102141,285.102141,3.966400027e-04,5.043200031e-05,1.018957903e-02,row,1,1.176291800e-02,273.845781
cuda_naive(blk128),double,global,global,16384,16384,6,8,4,2,17,1.692280000e-04,1.181433100e-02,7.115500000e-05,1.200299400e-02,1.151385606e-02,1.127715206e-02,1.037775305e-02,279.769476,285.641752,285.641752,4.107840061e-04,5.536000058e-05,1.016847306e-02,row,1,1.176204800e-02,273.866037
cuda_naive(blk128),double,global,global,16384,16384,6,8,4,2,18,1.497190000e-04,1.179558600e-02,7.027000000e-05,1.197951500e-02,1.150565189e-02,1.128783989e-02,1.036658994e-02,279.968967,285.371294,285.371294,3.991039991e-04,5.539200082e-05,1.017321394e-02,row,1,1.175865700e-02,273.945015
cuda_naive(blk128),double,global,global,16384,16384,6,8,4,2,19,1.756960000e-04,1.192179700e-02,7.082200000e-05,1.210006200e-02,1.174494536e-02,1.158355236e-02,1.047053805e-02,274.264832,278.086149,278.086149,4.004159868e-04,5.119999871e-05,1.016599405e-02,row,1,1.186374400e-02,271.518458
cuda_naive(blk128),double,global,global,16384,16384,6,8,4,2,20,1.342940000e-04,1.185128900e-02,6.710700000e-05,1.200362800e-02,1.152658646e-02,1.133657646e-02,1.041249005e-02,279.460488,284.144467,284.144467,3.973439932e-04,5.142400041e-05,1.018762605e-02,row,1,1.180735800e-02,272.815093
cuda_naive(blk128),double,global,global,16384,16384,8,8,4,2,1,1.936360000e-04,1.537565600e-02,9.355500000e-05,1.563369900e-02,1.499213447e-02,1.471987247e-02,1.350579804e-02,286.481375,291.780197,291.780197,5.363199711e-04,6.915199757e-05,1.324544604e-02,row,1,1.534608100e-02,279.873884
cuda_naive(blk128),double,global,global,16384,16384,8,8,4,2,2,1.886840000e-04,1.545361900e-02,9.211300000e-05,1.570137600e-02,1.524744729e-02,1.504038429e-02,1.364059401e-02,281.684351,285.562338,285.562338,5.401279926e-04,6.623999774e-05,1.323745802e-02,row,1,1.541152100e-02,278.685491
cuda_naive(blk128),double,global,global,16384,16384,8,8,4,2,3,1.825940000e-04,1.534035100e-02,9.319700000e-05,1.559474500e-02,1.496779565e-02,1.469215965e-02,1.347679803e-02,286.947216,292.330563,292.330563,5.351999998e-04,6.700800359e-05,1.321302202e-02,row,1,1.531924600e-02,280.364144
cuda_naive(blk128),double,global,global,16384,16384,8,8,4,2,4,1.970720000e-04,1.535640200e-02,8.818600000e-05,1.560542100e-02,1.498193044e-02,1.469667244e-02,1.350267394e-02,286.676494,292.240799,292.240799,5.374720097e-04,6.403200328e-05,1.324097794e-02,row,1,1.531967200e-02,280.356348
cuda_naive(blk128),double,global,global,16384,16384,8,8,4,2,5,2.226690000e-04,1.538038200e-02,9.729200000e-05,1.562389400e-02,1.501260865e-02,1.469510365e-02,1.351512597e-02,286.090672,292.271998,292.271998,5.233920217e-04,6.630399823e-05,1.325714197e-02,row,1,1.530496900e-02,280.625678
cuda_naive(blk128),double,global,global,16384,16384,8,8,4,2,6,2.303070000e-04,1.544735600e-02,9.443700000e-05,1.563122000e-02,1.500238667e-02,1.469596767e-02,1.356081900e-02,286.285602,292.254814,292.254814,5.377280116e-04,6.688000262e-05,1.329867500e-02,row,1,1.531583900e-02,280.426511
cuda_naive(blk128),double,global,global,16384,16384,8,8,4,2,7,1.998030000e-04,1.536305400e-02,9.280300000e-05,1.562508800e-02,1.499593037e-02,1.470406437e-02,1.349409594e-02,286.408858,292.093886,292.093886,5.266879797e-04,7.267200202e-05,1.324148794e-02,row,1,1.533125900e-02,280.144461
cuda_naive(blk128),double,global,global,16384,16384,8,8,4,2,8,2.039790000e-04,1.532806300e-02,9.390800000e-05,1.557836100e-02,1.495667442e-02,1.466140842e-02,1.346814702e-02,287.160580,292.943704,292.943704,5.312640071e-04,6.812799722e-05,1.320440302e-02,row,1,1.527960900e-02,281.091440
cuda_naive(blk128),double,global,global,16384,16384,8,8,4,2,9,1.906040000e-04,1.527408000e-02,9.169700000e-05,1.552731000e-02,1.490270208e-02,1.463516808e-02,1.341194504e-02,288.200574,293.468942,293.468942,5.188159943e-04,6.774400175e-05,1.316480904e-02,row,1,1.524434600e-02,281.741657
cuda_naive(blk128),double,global,global,16384,16384,8,8,4,2,10,2.146420000e-04,1.530464700e-02,8.650800000e-05,1.555059800e-02,1.491926288e-02,1.462940788e-02,1.345019702e-02,287.880663,293.584493,293.584493,5.348479748e-04,6.969600171e-05,1.318200502e-02,row,1,1.524818700e-02,281.670686
cuda_naive(blk128),double,global,global,16384,16384,8,8,4,2,11,2.121700000e-04,1.533057100e-02,9.307200000e-05,1.555546100e-02,1.491186734e-02,1.462089634e-02,1.347065299e-02,288.023438,293.755403,293.755403,5.423359871e-04,6.700800359e-05,1.321414098e-02,row,1,1.525137600e-02,281.611790
cuda_naive(blk128),double,global,global,16384,16384,8,8,4,2,12,1.944780000e-04,1.537307700e-02,9.477300000e-05,1.553903800e-02,1.496477287e-02,1.468291187e-02,1.347234598e-02,287.005178,292.514682,292.514682,5.270079970e-04,6.521599740e-05,1.321234598e-02,row,1,1.524860900e-02,281.662891
cuda_naive(blk128),double,global,global,16384,16384,8,8,4,2,13,1.928390000e-04,1.526381500e-02,8.685100000e-05,1.552602700e-02,1.490838002e-02,1.463020802e-02,1.341143996e-02,288.090811,293.568437,293.568437,5.304639935e-04,6.716799736e-05,1.315163196e-02,row,1,1.524539900e-02,281.722197
cuda_naive(blk128),double,global,global,16384,16384,8,8,4,2,14,2.047320000e-04,1.532598700e-02,9.180800000e-05,1.554493500e-02,1.490801766e-02,1.462895966e-02,1.345944101e-02,288.097814,293.593488,293.593488,5.320320129e-04,6.368000060e-05,1.320011302e-02,row,1,1.524877400e-02,281.659843
cuda_naive(blk128),double,global,global,16384,16384,8,8,4,2,15,1.913380000e-04,1.527440800e-02,9.268900000e-05,1.552707000e-02,1.490401969e-02,1.462687969e-02,1.342422797e-02,288.175095,293.635238,293.635238,5.283200145e-04,6.585600227e-05,1.316774797e-02,row,1,1.524149000e-02,281.794450
cuda_naive(blk128),double,global,global,16384,16384,8,8,4,2,16,1.963210000e-04,1.528134400e-02,8.644100000e-05,1.553770900e-02,1.490149497e-02,1.462876797e-02,1.342407202e-02,288.223920,293.597335,293.597335,5.353919864e-04,6.595200300e-05,1.316423203e-02,row,1,1.525359600e-02,281.570804
cuda_naive(blk128),double,global,global,16384,16384,8,8,4,2,17,2.096860000e-04,1.529380800e-02,9.146500000e-05,1.554057600e-02,1.492257338e-02,1.462851238e-02,1.344007297e-02,287.816798,293.602465,293.602465,5.290560126e-04,6.480000168e-05,1.318692097e-02,row,1,1.523837500e-02,281.852054
cuda_naive(blk128),double,global,global,16384,16384,8,8,4,2,18,1.875590000e-04,1.527111300e-02,9.588200000e-05,1.553114600e-02,1.491128104e-02,1.462784004e-02,1.341241296e-02,288.034763,293.615960,293.615960,5.326719880e-04,6.659200042e-05,1.315010896e-02,row,1,1.524708000e-02,281.691137
cuda_naive(blk128),double,global,global,16384,16384,8,8,4,2,19,2.096460000e-04,1.529775200e-02,8.693000000e-05,1.554126800e-02,1.491507339e-02,1.461910439e-02,1.344503002e-02,287.961526,293.791410,293.791410,5.499519706e-04,7.222399861e-05,1.318682202e-02,row,1,1.524385700e-02,281.750694
cuda_naive(blk128),double,global,global,16384,16384,8,8,4,2,20,2.051940000e-04,1.530058300e-02,9.558000000e-05,1.554206600e-02,1.490627076e-02,1.462271976e-02,1.344423295e-02,288.131577,293.718772,293.718772,5.384960175e-04,6.304000318e-05,1.318736895e-02,row,1,1.524089900e-02,281.805377
cuda_naive(blk128),double,global,global,16384,16384,20,8,4,2,1,9.896940000e-04,3.834081600e-02,3.095010000e-04,3.892023400e-02,3.736099554e-02,3.607027054e-02,2.428401449e-03,287.396470,297.680557,297.680557,1.330592036e-03,2.073280066e-04,1.445994982e-03,row,1,3.761827600e-02,285.430896
cuda_naive(blk128),double,global,global,16384,16384,20,8,4,2,2,9.591870000e-04,3.819284000e-02,3.106320000e-04,3.878362900e-02,3.721787505e-02,3.595884705e-02,2.357417484e-03,288.501647,298.602962,298.602962,1.331583977e-03,2.083840072e-04,1.166867530e-03,row,1,3.751213200e-02,286.238549
cuda_naive(blk128),double,global,global,16384,16384,20,8,4,2,3,9.702170000e-04,3.832289200e-02,3.194550000e-04,3.890673900e-02,3.725748858e-02,3.607596970e-02,2.381226351e-03,288.194901,297.633531,297.633531,1.319488049e-03,2.031999975e-04,1.308160913e-03,row,1,3.761568000e-02,285.450595
cuda_naive(blk128),double,global,global,16384,16384,20,8,4,2,4,9.566500000e-04,3.832861000e-02,3.171240000e-04,3.889812600e-02,3.722694161e-02,3.607350540e-02,2.389729080e-03,288.431383,297.653863,297.653863,1.322880030e-03,2.072959989e-04,1.311558309e-03,row,1,3.762349100e-02,285.391333
cuda_naive(blk128),double,global,global,16384,16384,20,8,4,2,5,9.534010000e-04,3.820946600e-02,3.044210000e-04,3.876722100e-02,3.710545387e-02,3.595913696e-02,2.389241238e-03,289.375742,298.600555,298.600555,1.319200039e-03,2.056639940e-04,1.300702377e-03,row,1,3.750800600e-02,286.270036
cuda_naive(blk128),double,global,global,16384,16384,20,8,4,2,6,9.497160000e-04,3.829035400e-02,3.155070000e-04,3.887375900e-02,3.721168410e-02,3.606073761e-02,2.371824490e-03,288.549645,297.759252,297.759252,1.325216055e-03,2.060160041e-04,1.296832221e-03,row,1,3.760727000e-02,285.514430
cuda_naive(blk128),double,global,global,16384,16384,20,8,4,2,7,9.408640000e-04,3.828283900e-02,3.021420000e-04,3.884361500e-02,3.717828875e-02,3.604771042e-02,2.378488719e-03,288.808834,297.866858,297.866858,1.327327967e-03,2.125439942e-04,1.294398363e-03,row,1,3.759996000e-02,285.569938
cuda_naive(blk128),double,global,global,16384,16384,20,8,4,2,8,9.487060000e-04,3.818983800e-02,3.216820000e-04,3.878196700e-02,3.713294827e-02,3.596627045e-02,2.364589282e-03,289.161479,298.541331,298.541331,1.329728007e-03,2.037760019e-04,1.282511695e-03,row,1,3.751109600e-02,286.246455
cuda_naive(blk128),double,global,global,16384,16384,20,8,4,2,9,9.605770000e-04,3.820887900e-02,3.035610000e-04,3.876997400e-02,3.711221447e-02,3.596857452e-02,2.379918581e-03,289.323027,298.522207,298.522207,1.313503981e-03,2.053759992e-04,1.299010529e-03,row,1,3.750603200e-02,286.285103
cuda_naive(blk128),double,global,global,16384,16384,20,8,4,2,10,9.431590000e-04,3.827581600e-02,3.108980000e-04,3.885066700e-02,3.719679136e-02,3.605561447e-02,2.360742605e-03,288.665174,297.801560,297.801560,1.319903970e-03,2.050880045e-04,1.297437249e-03,row,1,3.759570700e-02,285.602243
cuda_naive(blk128),double,global,global,16384,16384,20,8,4,2,11,9.883850000e-04,3.824169200e-02,3.221260000e-04,3.882682500e-02,3.715005663e-02,3.597516632e-02,2.420509749e-03,289.028314,298.467508,298.467508,1.321056008e-03,2.065600008e-04,1.343607763e-03,row,1,3.751531600e-02,286.214256
cuda_naive(blk128),double,global,global,16384,16384,20,8,4,2,12,9.317450000e-04,3.818250100e-02,3.073780000e-04,3.874454700e-02,3.708802673e-02,3.596595383e-02,2.359174889e-03,289.511715,298.543959,298.543959,1.318752050e-03,2.080959976e-04,1.285273281e-03,row,1,3.750414700e-02,286.299492
cuda_naive(blk128),double,global,global,16384,16384,20,8,4,2,13,9.440280000e-04,3.828140400e-02,3.281780000e-04,3.887246800e-02,3.720027029e-02,3.605023956e-02,2.362973672e-03,288.638178,297.845961,297.845961,1.323935986e-03,2.076479942e-04,1.276186058e-03,row,1,3.759948000e-02,285.573583
cuda_naive(blk128),double,global,global,16384,16384,20,8,4,2,14,9.518530000e-04,3.829678400e-02,3.192560000e-04,3.888018700e-02,3.723255004e-02,3.605913544e-02,2.376400547e-03,288.387936,297.772482,297.772482,1.332159996e-03,3.552320004e-04,1.293285717e-03,row,1,3.760923200e-02,285.499535
cuda_naive(blk128),double,global,global,16384,16384,20,8,4,2,15,9.560330000e-04,3.817381600e-02,3.036470000e-04,3.873469400e-02,3.709699029e-02,3.595679855e-02,2.360278402e-03,289.441762,298.619974,298.619974,1.291136026e-03,2.064000070e-04,1.317514514e-03,row,1,3.747466400e-02,286.524737
cuda_naive(blk128),double,global,global,16384,16384,20,8,4,2,16,9.477100000e-04,3.829668300e-02,3.262790000e-04,3.887947100e-02,3.720197310e-02,3.605452728e-02,2.376394914e-03,288.624967,297.810540,297.810540,1.324671984e-03,2.068160027e-04,1.276575888e-03,row,1,3.760459200e-02,285.534762
cuda_naive(blk128),double,global,global,16384,16384,20,8,4,2,17,9.525500000e-04,3.830886000e-02,3.293290000e-04,3.888828200e-02,3.722447592e-02,3.606038284e-02,2.393981155e-03,288.450488,297.762181,297.762181,1.317888021e-03,2.206400037e-04,1.308131626e-03,row,1,3.760507800e-02,285.531072
cuda_naive(blk128),double,global,global,16384,16384,20,8,4,2,18,9.592280000e-04,3.822130000e-02,3.202050000e-04,3.879680900e-02,3.714808371e-02,3.596940613e-02,2.391252393e-03,289.043664,298.515305,298.515305,1.322239995e-03,2.045760006e-04,1.284606938e-03,row,1,3.751696700e-02,286.201660
cuda_naive(blk128),double,global,global,16384,16384,20,8,4,2,19,9.591750000e-04,3.821386200e-02,3.002350000e-04,3.877975200e-02,3.714200125e-02,3.598467255e-02,2.367815552e-03,289.090999,298.388661,298.388661,1.315968037e-03,2.030079961e-04,1.304585486e-03,row,1,3.751981000e-02,286.179974
cuda_naive(blk128),double,global,global,16384,16384,20,8,4,2,20,9.417260000e-04,3.819662500e-02,3.486710000e-04,3.879772200e-02,3.714694438e-02,3.595897675e-02,2.372658020e-03,289.052530,298.601885,298.601885,1.331104040e-03,2.080640048e-04,1.275513301e-03,row,1,3.750675100e-02,286.279615
cuda_naive(blk128),double,global,global,16384,16384,32,8,4,2,1,1.462676000e-03,5.958371600e-02,5.653160000e-04,6.062945700e-02,5.769408143e-02,5.630755234e-02,3.946370798e-03,297.775244,305.107725,305.107725,1.947679996e-03,3.250879943e-04,2.322798400e-03,row,1,5.860117500e-02,293.165951
cuda_naive(blk128),double,global,global,16384,16384,32,8,4,2,2,1.480589000e-03,5.954738000e-02,5.698360000e-04,6.063806400e-02,5.768072163e-02,5.629312134e-02,3.956889154e-03,297.844214,305.185941,305.185941,1.953663945e-03,3.232960105e-04,2.318041826e-03,row,1,5.859242900e-02,293.209711
cuda_naive(blk128),double,global,global,16384,16384,32,8,4,2,3,1.521678000e-03,5.961238500e-02,5.764880000e-04,6.070177200e-02,5.776044453e-02,5.631359863e-02,3.999781528e-03,297.433119,305.074966,305.074966,1.947872043e-03,3.266560137e-04,2.311096946e-03,row,1,5.860278400e-02,293.157902
cuda_naive(blk128),double,global,global,16384,16384,32,8,4,2,4,1.533573000e-03,5.963112400e-02,5.771330000e-04,6.070830200e-02,5.776011379e-02,5.630646515e-02,4.008265439e-03,297.434822,305.113616,305.113616,1.947167993e-03,3.224320114e-04,2.312618274e-03,row,1,5.859667500e-02,293.188465
cuda_naive(blk128),double,global,global,16384,16384,32,8,4,2,5,1.481420000e-03,5.956070500e-02,5.868140000e-04,6.066174200e-02,5.769733204e-02,5.629996872e-02,3.971233811e-03,297.758468,305.148823,305.148823,1.950304031e-03,3.328959942e-04,2.315807667e-03,row,1,5.859305000e-02,293.206604
cuda_naive(blk128),double,global,global,16384,16384,32,8,4,2,6,1.479413000e-03,5.958621900e-02,5.734170000e-04,6.067551500e-02,5.773618034e-02,5.633200073e-02,3.956881621e-03,297.558118,304.975306,304.975306,1.950240016e-03,3.270080090e-04,2.334833630e-03,row,1,5.862315900e-02,293.056012
cuda_naive(blk128),double,global,global,16384,16384,32,8,4,2,7,1.482184000e-03,5.961369900e-02,6.046220000e-04,6.072759500e-02,5.776309649e-02,5.632188797e-02,3.989284947e-03,297.419464,305.030066,305.030066,1.969215989e-03,3.219200075e-04,2.325307056e-03,row,1,5.864010500e-02,292.971324
cuda_naive(blk128),double,global,global,16384,16384,32,8,4,2,8,1.503190000e-03,5.958941300e-02,5.612390000e-04,6.066735500e-02,5.769642725e-02,5.631254578e-02,3.970391720e-03,297.763137,305.080670,305.080670,1.952767968e-03,5.476160049e-04,2.310006324e-03,row,1,5.860119000e-02,293.165876
cuda_naive(blk128),double,global,global,16384,16384,32,8,4,2,9,1.546525000e-03,5.963848500e-02,5.845990000e-04,6.074040100e-02,5.778716354e-02,5.631065750e-02,4.022665981e-03,297.295595,305.090900,305.090900,1.942623973e-03,4.144319892e-04,2.319601979e-03,row,1,5.860834600e-02,293.130081
cuda_naive(blk128),double,global,global,16384,16384,32,8,4,2,10,1.509061000e-03,5.958118800e-02,5.888800000e-04,6.068352300e-02,5.774027650e-02,5.628617477e-02,3.995374430e-03,297.537009,305.223605,305.223605,1.954272032e-03,4.104639888e-04,2.306289400e-03,row,1,5.858489600e-02,293.247413
cuda_naive(blk128),double,global,global,16384,16384,32,8,4,2,11,1.523730000e-03,5.965724900e-02,5.923950000e-04,6.077879500e-02,5.777875173e-02,5.632479858e-02,4.037583039e-03,297.338878,305.014303,305.014303,1.955008030e-03,3.452799916e-04,2.362073335e-03,row,1,5.866651000e-02,292.839461
cuda_naive(blk128),double,global,global,16384,16384,32,8,4,2,12,1.535777000e-03,5.959522300e-02,5.818620000e-04,6.070694600e-02,5.773589413e-02,5.630752182e-02,3.974143822e-03,297.559593,305.107890,305.107890,1.937312007e-03,3.273600042e-04,2.297963367e-03,row,1,5.858786700e-02,293.232542
cuda_naive(blk128),double,global,global,16384,16384,32,8,4,2,13,1.486124000e-03,5.965143800e-02,5.785540000e-04,6.074785200e-02,5.779340651e-02,5.638460922e-02,3.958821676e-03,297.263481,304.690756,304.690756,1.958559990e-03,4.124479890e-04,2.210148458e-03,row,1,5.868367000e-02,292.753831
cuda_naive(blk128),double,global,global,16384,16384,32,8,4,2,14,1.518911000e-03,5.968778300e-02,5.839570000e-04,6.078772700e-02,5.848748350e-02,5.639833450e-02,4.230199418e-03,293.735824,304.616605,304.616605,1.943583965e-03,4.146240056e-04,2.413824677e-03,row,1,5.868314300e-02,292.756460
cuda_naive(blk128),double,global,global,16384,16384,32,8,4,2,15,1.475632000e-03,5.957342100e-02,5.669830000e-04,6.067262300e-02,5.794913157e-02,5.631913757e-02,4.488854946e-03,296.464653,305.044962,305.044962,1.952831984e-03,3.229120076e-04,2.844310910e-03,row,1,5.862974700e-02,293.023082
cuda_naive(blk128),double,global,global,16384,16384,32,8,4,2,16,1.580282000e-03,5.968073000e-02,5.838830000e-04,6.080700200e-02,5.782651021e-02,5.633007813e-02,4.049334112e-03,297.093308,304.985716,304.985716,1.968960047e-03,3.283199966e-04,2.307636018e-03,row,1,5.864313700e-02,292.956176
cuda_naive(blk128),double,global,global,16384,16384,32,8,4,2,17,1.549458000e-03,5.961329200e-02,5.617630000e-04,6.071610800e-02,5.773671175e-02,5.630342484e-02,3.996539382e-03,297.555380,305.130092,305.130092,1.957599998e-03,4.118719995e-04,2.315250306e-03,row,1,5.860404800e-02,293.151579
cuda_naive(blk128),double,global,global,16384,16384,32,8,4,2,18,1.474431000e-03,5.956445800e-02,5.734040000e-04,6.064608000e-02,5.767314685e-02,5.629888153e-02,3.957850294e-03,297.883333,305.154716,305.154716,1.959583998e-03,3.272959888e-04,2.300303228e-03,row,1,5.859805300e-02,293.181570
cuda_naive(blk128),double,global,global,16384,16384,32,8,4,2,19,1.499704000e-03,5.958990900e-02,5.597950000e-04,6.067119900e-02,5.769460511e-02,5.631273651e-02,3.971404019e-03,297.772541,305.079636,305.079636,1.955103993e-03,3.338240087e-04,2.306290471e-03,row,1,5.861109600e-02,293.116327
cuda_naive(blk128),double,global,global,16384,16384,32,8,4,2,20,1.475421000e-03,5.953359800e-02,6.474660000e-04,6.070176600e-02,5.773792837e-02,5.629468918e-02,3.939455086e-03,297.549110,305.177441,305.177441,1.941696048e-03,3.277440071e-04,2.313692399e-03,row,1,5.857901000e-02,293.276878
cuda_naive(blk128),double,global,global,16384,16384,3,8,8,1,1,1.999730000e-04,1.149583000e-02,1.096800000e-05,1.167958900e-02,1.122755169e-02,1.102252769e-02,1.007163896e-02,143.451821,146.120090,146.120090,4.016639888e-04,2.707199939e-05,9.899926962e-03,row,1,1.146794200e-02,140.444793
cuda_naive(blk128),double,global,global,16384,16384,3,8,8,1,2,1.980150000e-04,1.153417000e-02,1.144800000e-05,1.169228600e-02,1.123077597e-02,1.103087997e-02,1.010566501e-02,143.410637,146.009452,146.009452,4.049279988e-04,3.097599931e-05,9.928097005e-03,row,1,1.148239300e-02,140.268038
cuda_naive(blk128),double,global,global,16384,16384,3,8,8,1,3,2.015090000e-04,1.153718400e-02,1.166300000e-05,1.173991500e-02,1.147539690e-02,1.126607990e-02,1.017036606e-02,140.353554,142.961239,142.961239,3.986879885e-04,2.697600052e-05,9.891870072e-03,row,1,1.152605200e-02,139.736723
cuda_naive(blk128),double,global,global,16384,16384,3,8,8,1,4,2.603030000e-04,1.153739800e-02,1.137900000e-05,1.171961800e-02,1.154728899e-02,1.127807999e-02,1.016539800e-02,139.479729,142.809125,142.809125,3.989120126e-04,3.062400036e-05,9.958773998e-03,row,1,1.144767100e-02,140.693486
cuda_naive(blk128),double,global,global,16384,16384,3,8,8,1,5,1.985360000e-04,1.144975200e-02,1.943200000e-05,1.163250800e-02,1.117380498e-02,1.096767998e-02,1.002806799e-02,144.141833,146.850814,146.850814,4.020479918e-04,6.332799792e-05,9.854211992e-03,row,1,1.141938700e-02,141.041961
cuda_naive(blk128),double,global,global,16384,16384,3,8,8,1,6,2.623790000e-04,1.154725700e-02,1.115700000e-05,1.174072500e-02,1.125758373e-02,1.106159973e-02,1.014646999e-02,143.069132,145.603961,145.603961,4.025279880e-04,2.848000079e-05,9.979269981e-03,row,1,1.146645500e-02,140.463006
cuda_naive(blk128),double,global,global,16384,16384,3,8,8,1,7,1.955000000e-04,1.147361400e-02,1.104800000e-05,1.166096300e-02,1.120473260e-02,1.100083160e-02,1.007458603e-02,143.743969,146.408271,146.408271,4.033919871e-04,2.659199946e-05,9.905850023e-03,row,1,1.145368100e-02,140.619661
cuda_naive(blk128),double,global,global,16384,16384,3,8,8,1,8,1.956320000e-04,1.147365100e-02,9.583000000e-06,1.165798900e-02,1.120169741e-02,1.099945641e-02,1.007031904e-02,143.782918,146.426576,146.426576,4.032320082e-04,2.585599944e-05,9.899951037e-03,row,1,1.145264400e-02,140.632393
cuda_naive(blk128),double,global,global,16384,16384,3,8,8,1,9,2.558030000e-04,1.155446900e-02,1.201600000e-05,1.172558900e-02,1.122217181e-02,1.101657581e-02,1.007160898e-02,143.520591,146.199033,146.199033,3.958080113e-04,2.854399942e-05,9.902808983e-03,row,1,1.145681500e-02,140.581194
cuda_naive(blk128),double,global,global,16384,16384,3,8,8,1,10,2.076210000e-04,1.149037500e-02,1.162600000e-05,1.166362700e-02,1.119449188e-02,1.098684788e-02,1.007279095e-02,143.875466,146.594615,146.594615,4.098559916e-04,2.684799954e-05,9.896278949e-03,row,1,1.144327900e-02,140.747485
cuda_naive(blk128),double,global,global,16384,16384,3,8,8,1,11,1.955960000e-04,1.144912600e-02,1.168200000e-05,1.163195700e-02,1.118389910e-02,1.097760010e-02,1.003921901e-02,144.011737,146.718110,146.718110,3.994880021e-04,2.771200053e-05,9.871667018e-03,row,1,1.142357900e-02,140.990204
cuda_naive(blk128),double,global,global,16384,16384,3,8,8,1,12,1.896920000e-04,1.151897300e-02,1.241000000e-05,1.168610400e-02,1.122090185e-02,1.103036785e-02,1.008996198e-02,143.536835,146.016231,146.016231,4.208000004e-04,2.633599937e-05,9.915785976e-03,row,1,1.148317900e-02,140.258437
cuda_naive(blk128),double,global,global,16384,16384,3,8,8,1,13,1.951110000e-04,1.143797600e-02,1.110200000e-05,1.161328900e-02,1.116328866e-02,1.095817566e-02,1.002449105e-02,144.277622,146.978182,146.978182,3.979200125e-04,3.078399971e-05,9.854123042e-03,row,1,1.140658700e-02,141.200232
cuda_naive(blk128),double,global,global,16384,16384,3,8,8,1,14,1.932730000e-04,1.146154000e-02,1.179800000e-05,1.164425300e-02,1.119261284e-02,1.098892784e-02,1.005160899e-02,143.899620,146.566868,146.566868,4.021759927e-04,2.614399977e-05,9.880568992e-03,row,1,1.143817400e-02,140.810302
cuda_naive(blk128),double,global,global,16384,16384,3,8,8,1,15,1.929270000e-04,1.146821900e-02,1.158400000e-05,1.165240100e-02,1.120436497e-02,1.100236797e-02,1.006441604e-02,143.748685,146.387827,146.387827,4.004479945e-04,2.956799977e-05,9.897920051e-03,row,1,1.144742300e-02,140.696534
cuda_naive(blk128),double,global,global,16384,16384,3,8,8,1,16,1.943340000e-04,1.155741800e-02,1.181100000e-05,1.174350700e-02,1.147774397e-02,1.127427197e-02,1.019626595e-02,140.324853,142.857361,142.857361,4.068160057e-04,2.556799911e-05,9.912265934e-03,row,1,1.153737200e-02,139.599619
cuda_naive(blk128),double,global,global,16384,16384,3,8,8,1,17,1.939010000e-04,1.149310800e-02,1.093400000e-05,1.167456000e-02,1.135246540e-02,1.117347240e-02,1.014665106e-02,141.873389,144.146124,144.146124,4.027839899e-04,2.665599994e-05,9.826267062e-03,row,1,1.146915900e-02,140.429890
cuda_naive(blk128),double,global,global,16384,16384,3,8,8,1,18,1.943140000e-04,1.152755900e-02,1.138700000e-05,1.168503900e-02,1.123556807e-02,1.103052807e-02,1.009717699e-02,143.349471,146.014110,146.014110,4.013119936e-04,2.851199917e-05,9.923896998e-03,row,1,1.147819800e-02,140.319302
cuda_naive(blk128),double,global,global,16384,16384,3,8,8,1,19,1.940550000e-04,1.149921800e-02,1.152000000e-05,1.169174100e-02,1.143087840e-02,1.122726440e-02,1.013771404e-02,140.900172,143.455492,143.455492,3.995200098e-04,2.956799977e-05,9.859346054e-03,row,1,1.148578100e-02,140.226663
cuda_naive(blk128),double,global,global,16384,16384,3,8,8,1,20,1.975160000e-04,1.149072500e-02,1.099300000e-05,1.166561400e-02,1.148539101e-02,1.127865601e-02,1.013488503e-02,140.231424,142.801832,142.801832,4.023039937e-04,2.655999921e-05,9.927909032e-03,row,1,1.145645500e-02,140.585612
cuda_naive(blk128),double,global,global,16384,16384,6,8,8,1,1,4.188360000e-04,1.281492100e-02,2.236600000e-05,1.323653100e-02,1.236756978e-02,1.194281578e-02,1.128866804e-02,260.457433,269.720770,269.720770,7.913600206e-04,3.830400109e-05,1.095148403e-02,row,1,1.279558100e-02,251.745151
cuda_naive(blk128),double,global,global,16384,16384,6,8,8,1,2,4.223750000e-04,1.281358500e-02,6.744200000e-05,1.325631200e-02,1.235370859e-02,1.192441559e-02,1.125736905e-02,260.749673,270.136968,270.136968,7.890239954e-04,3.551999852e-05,1.092594505e-02,row,1,1.277389000e-02,252.172633
cuda_naive(blk128),double,global,global,16384,16384,6,8,8,1,3,4.156400000e-04,1.277049500e-02,2.262900000e-05,1.318065500e-02,1.241278517e-02,1.198931217e-02,1.122170005e-02,259.508678,268.674752,268.674752,7.393599749e-04,3.990399837e-05,1.090816405e-02,row,1,1.274223600e-02,252.799075
cuda_naive(blk128),double,global,global,16384,16384,6,8,8,1,4,4.108940000e-04,1.294072200e-02,2.326300000e-05,1.335654500e-02,1.249850170e-02,1.206691170e-02,1.130575697e-02,257.728930,266.946966,266.946966,7.928959727e-04,4.332799837e-05,1.096748498e-02,row,1,1.292128100e-02,249.296140
cuda_naive(blk128),double,global,global,16384,16384,6,8,8,1,5,4.211480000e-04,1.284090000e-02,2.226700000e-05,1.326487700e-02,1.241248556e-02,1.197411156e-02,1.126376105e-02,259.514942,269.015823,269.015823,7.865279913e-04,3.526400030e-05,1.092801704e-02,row,1,1.282024400e-02,251.260855
cuda_naive(blk128),double,global,global,16384,16384,6,8,8,1,6,4.160380000e-04,1.280396700e-02,2.262000000e-05,1.322697800e-02,1.236534877e-02,1.193606377e-02,1.122663905e-02,260.504215,269.873346,269.873346,7.919679880e-04,3.676800057e-05,1.088279903e-02,row,1,1.278694100e-02,251.915253
cuda_naive(blk128),double,global,global,16384,16384,6,8,8,1,7,4.063940000e-04,1.302924900e-02,2.233700000e-05,1.342124600e-02,1.292752621e-02,1.249987221e-02,1.150587596e-02,249.175706,257.700672,257.700672,7.857599854e-04,3.705599904e-05,1.096587595e-02,row,1,1.299118600e-02,247.954688
cuda_naive(blk128),double,global,global,16384,16384,6,8,8,1,8,4.203160000e-04,1.314168000e-02,2.236900000e-05,1.356413700e-02,1.286719492e-02,1.242803192e-02,1.164865996e-02,250.344033,259.190312,259.190312,7.756479979e-04,3.433600068e-05,1.090913996e-02,row,1,1.312068800e-02,245.507360
cuda_naive(blk128),double,global,global,16384,16384,6,8,8,1,9,4.132730000e-04,1.287036800e-02,2.412600000e-05,1.326474800e-02,1.241132911e-02,1.197465611e-02,1.131527399e-02,259.539123,269.003589,269.003589,7.919679880e-04,1.026432037e-03,1.097584999e-02,row,1,1.282684000e-02,251.131648
cuda_naive(blk128),double,global,global,16384,16384,6,8,8,1,10,4.258210000e-04,1.288724300e-02,2.233700000e-05,1.326997700e-02,1.241907205e-02,1.197292805e-02,1.124929495e-02,259.377308,269.042415,269.042415,7.932800055e-04,4.649600014e-05,1.090651094e-02,row,1,1.281988000e-02,251.267989
cuda_naive(blk128),double,global,global,16384,16384,6,8,8,1,11,4.110190000e-04,1.273111600e-02,2.176100000e-05,1.314480700e-02,1.229293987e-02,1.186015987e-02,1.119502403e-02,262.038658,271.600510,271.600510,7.911360264e-04,3.647999838e-05,1.086440002e-02,row,1,1.271086700e-02,253.422955
cuda_naive(blk128),double,global,global,16384,16384,6,8,8,1,12,4.214210000e-04,1.275100100e-02,2.264800000e-05,1.317418200e-02,1.232638695e-02,1.188774395e-02,1.121075301e-02,261.327629,270.970294,270.970294,7.868800163e-04,4.166400060e-05,1.087004902e-02,row,1,1.272873700e-02,253.067172
cuda_naive(blk128),double,global,global,16384,16384,6,8,8,1,13,4.147170000e-04,1.283791700e-02,2.240200000e-05,1.326251200e-02,1.283763373e-02,1.240639973e-02,1.136128101e-02,250.920500,259.642245,259.642245,7.825919986e-04,3.574400023e-05,1.089299301e-02,row,1,1.282440000e-02,251.179429
cuda_naive(blk128),double,global,global,16384,16384,6,8,8,1,14,4.201310000e-04,1.309725600e-02,2.308000000e-05,1.350596100e-02,1.281009477e-02,1.237609577e-02,1.159018903e-02,251.459925,260.278001,260.278001,7.734720111e-04,3.567999974e-05,1.085169303e-02,row,1,1.306214900e-02,246.607620
cuda_naive(blk128),double,global,global,16384,16384,6,8,8,1,15,4.077730000e-04,1.273740900e-02,2.220400000e-05,1.314012700e-02,1.229328171e-02,1.186467171e-02,1.119496496e-02,262.031372,271.497227,271.497227,7.820159793e-04,3.907199949e-05,1.086795694e-02,row,1,1.270895700e-02,253.461041
cuda_naive(blk128),double,global,global,16384,16384,6,8,8,1,16,4.175710000e-04,1.272190100e-02,2.292100000e-05,1.314364300e-02,1.230154075e-02,1.186582375e-02,1.119139797e-02,261.855449,271.470868,271.470868,7.809919715e-04,3.523200005e-05,1.085792596e-02,row,1,1.270304500e-02,253.579002
cuda_naive(blk128),double,global,global,16384,16384,6,8,8,1,17,4.138540000e-04,1.271809700e-02,2.314100000e-05,1.313404500e-02,1.228919215e-02,1.185587215e-02,1.119743004e-02,262.118570,271.698735,271.698735,7.798399925e-04,3.561599925e-05,1.086725405e-02,row,1,1.269628400e-02,253.714037
cuda_naive(blk128),double,global,global,16384,16384,6,8,8,1,18,4.173910000e-04,1.275133100e-02,2.237000000e-05,1.316901600e-02,1.232434589e-02,1.188924789e-02,1.120327795e-02,261.370908,270.936017,270.936017,7.788800001e-04,3.494400159e-05,1.087748594e-02,row,1,1.272837900e-02,253.074290
cuda_naive(blk128),double,global,global,16384,16384,6,8,8,1,19,3.988220000e-04,1.278385800e-02,2.300400000e-05,1.315814700e-02,1.230862782e-02,1.189340782e-02,1.123558801e-02,261.704677,270.841253,270.841253,7.873280048e-04,3.430400044e-05,1.090141202e-02,row,1,1.273595300e-02,252.923788
cuda_naive(blk128),double,global,global,16384,16384,6,8,8,1,20,4.040400000e-04,1.275067100e-02,2.309200000e-05,1.313304500e-02,1.228080348e-02,1.185596848e-02,1.120264998e-02,262.297616,271.696528,271.696528,7.919359803e-04,4.032000154e-05,1.087535399e-02,row,1,1.270417600e-02,253.556427
cuda_naive(blk128),double,global,global,16384,16384,8,8,8,1,1,5.657830000e-04,1.571121700e-02,3.256300000e-05,1.626981200e-02,1.513966125e-02,1.454864025e-02,1.341367293e-02,283.689788,295.214345,295.214345,1.047263980e-03,2.027200013e-04,1.294624891e-02,row,1,1.567208600e-02,274.052050
cuda_naive(blk128),double,global,global,16384,16384,8,8,8,1,2,5.727460000e-04,1.519333900e-02,8.949500000e-05,1.582321100e-02,1.463753931e-02,1.405683231e-02,1.339167295e-02,293.421401,305.543041,305.543041,1.054399967e-03,4.662400112e-05,1.294520894e-02,row,1,1.517145800e-02,283.095224
cuda_naive(blk128),double,global,global,16384,16384,8,8,8,1,3,5.691450000e-04,1.567406500e-02,3.229800000e-05,1.623748600e-02,1.511266042e-02,1.453795242e-02,1.337543101e-02,284.196639,295.431377,295.431377,1.035328031e-03,4.739199951e-05,1.293248700e-02,row,1,1.563687700e-02,274.669123
cuda_naive(blk128),double,global,global,16384,16384,8,8,8,1,4,5.725520000e-04,1.518357400e-02,3.375900000e-05,1.576184300e-02,1.465274802e-02,1.405436802e-02,1.337804295e-02,293.116847,305.596615,305.596615,1.046944022e-03,4.678399861e-05,1.293650696e-02,row,1,1.515413500e-02,283.418836
cuda_naive(blk128),double,global,global,16384,16384,8,8,8,1,5,5.604110000e-04,1.514857200e-02,3.159800000e-05,1.572067200e-02,1.460155610e-02,1.401875210e-02,1.335449596e-02,294.144492,306.373011,306.373011,1.045120001e-03,4.665600136e-05,1.290460796e-02,row,1,1.512808800e-02,283.906816
cuda_naive(blk128),double,global,global,16384,16384,8,8,8,1,6,5.663460000e-04,1.514352300e-02,3.085000000e-05,1.571172000e-02,1.457002874e-02,1.400486374e-02,1.335868704e-02,294.780976,306.676836,306.676836,1.036991954e-03,4.636799917e-05,1.291641505e-02,row,1,1.511333500e-02,284.183954
cuda_naive(blk128),double,global,global,16384,16384,8,8,8,1,7,5.781510000e-04,1.518011400e-02,3.147300000e-05,1.573586400e-02,1.461507135e-02,1.400742435e-02,1.335610801e-02,293.872482,306.620774,306.620774,1.049600005e-03,5.471999943e-05,1.289876400e-02,row,1,1.512569400e-02,283.951751
cuda_naive(blk128),double,global,global,16384,16384,8,8,8,1,8,5.623910000e-04,1.514303800e-02,3.148700000e-05,1.570943500e-02,1.458932781e-02,1.400393581e-02,1.335450296e-02,294.391034,306.697157,306.697157,1.041280031e-03,4.844800010e-05,1.290573495e-02,row,1,1.511430400e-02,284.165734
cuda_naive(blk128),double,global,global,16384,16384,8,8,8,1,9,5.864830000e-04,1.517632800e-02,3.229100000e-05,1.574208800e-02,1.460668083e-02,1.400127983e-02,1.335421902e-02,294.041291,306.755336,306.755336,1.057088017e-03,4.675199836e-05,1.289479503e-02,row,1,1.512101000e-02,284.039710
cuda_naive(blk128),double,global,global,16384,16384,8,8,8,1,10,5.420000000e-04,1.571946500e-02,3.190800000e-05,1.608049000e-02,1.474774562e-02,1.439059162e-02,1.335795900e-02,291.228735,298.456617,298.456617,1.059200048e-03,5.107200146e-05,1.290458299e-02,row,1,1.550591000e-02,276.989051
cuda_naive(blk128),double,global,global,16384,16384,8,8,8,1,11,5.582550000e-04,1.582295900e-02,3.205500000e-05,1.638611800e-02,1.524259322e-02,1.468387222e-02,1.334830695e-02,281.774055,292.495551,292.495551,1.055904031e-03,5.001600087e-05,1.288475494e-02,row,1,1.579460400e-02,271.926241
cuda_naive(blk128),double,global,global,16384,16384,8,8,8,1,12,5.655360000e-04,1.583916500e-02,3.232100000e-05,1.639041300e-02,1.526965240e-02,1.468905640e-02,1.333977088e-02,281.274726,292.392321,292.392321,1.035712004e-03,4.745600000e-05,1.288949887e-02,row,1,1.579160600e-02,271.977866
cuda_naive(blk128),double,global,global,16384,16384,8,8,8,1,13,5.513030000e-04,1.515803600e-02,3.345300000e-05,1.570845700e-02,1.458696792e-02,1.401033592e-02,1.335504102e-02,294.438661,306.557053,306.557053,1.048416018e-03,4.896000028e-05,1.289875301e-02,row,1,1.512306700e-02,284.001076
cuda_naive(blk128),double,global,global,16384,16384,8,8,8,1,14,5.935590000e-04,1.513464400e-02,3.073900000e-05,1.573657500e-02,1.460975093e-02,1.399475193e-02,1.335175201e-02,293.979502,306.898423,306.898423,1.046687961e-03,4.620800167e-05,1.289626400e-02,row,1,1.511073200e-02,284.232908
cuda_naive(blk128),double,global,global,16384,16384,8,8,8,1,15,5.720390000e-04,1.581559700e-02,3.107200000e-05,1.639649900e-02,1.527507831e-02,1.468646431e-02,1.335034211e-02,281.174814,292.443927,292.443927,1.040704012e-03,5.276799947e-05,1.288576610e-02,row,1,1.579177500e-02,271.974955
cuda_naive(blk128),double,global,global,16384,16384,8,8,8,1,16,5.863170000e-04,1.513812900e-02,3.143600000e-05,1.573309500e-02,1.461983707e-02,1.400848007e-02,1.334531799e-02,293.776687,306.597666,306.597666,1.043200016e-03,4.819199815e-05,1.289904599e-02,row,1,1.511464800e-02,284.159267
cuda_naive(blk128),double,global,global,16384,16384,8,8,8,1,17,5.590780000e-04,1.583568400e-02,3.121100000e-05,1.639987100e-02,1.527671135e-02,1.469702435e-02,1.336320809e-02,281.144757,292.233802,292.233802,1.044960022e-03,4.470400140e-05,1.290810409e-02,row,1,1.580922000e-02,271.674839
cuda_naive(blk128),double,global,global,16384,16384,8,8,8,1,18,5.524280000e-04,1.513184100e-02,3.095700000e-05,1.569529500e-02,1.458000021e-02,1.399987221e-02,1.334755202e-02,294.579371,306.786179,306.786179,1.047680020e-03,5.222399905e-05,1.290041602e-02,row,1,1.511126200e-02,284.222939
cuda_naive(blk128),double,global,global,16384,16384,8,8,8,1,19,5.616600000e-04,1.543429100e-02,3.386000000e-05,1.600660200e-02,1.488593614e-02,1.429532814e-02,1.335028009e-02,288.525173,300.445520,300.445520,1.048192024e-03,5.292800069e-05,1.289194408e-02,row,1,1.541112000e-02,278.692742
cuda_naive(blk128),double,global,global,16384,16384,8,8,8,1,20,5.536430000e-04,1.514934600e-02,3.193500000e-05,1.570518400e-02,1.458287669e-02,1.400959969e-02,1.334995094e-02,294.521265,306.573164,306.573164,1.054335952e-03,5.363199860e-05,1.288755095e-02,row,1,1.511901300e-02,284.077228
cuda_naive(blk128),double,global,global,16384,16384,20,8,8,1,1,9.857750000e-04,3.872795500e-02,1.331710000e-04,3.983162000e-02,3.731892697e-02,3.622076797e-02,2.647060530e-03,287.720444,296.443694,296.443694,2.354144096e-03,1.155840009e-04,1.047644772e-03,row,1,3.871015000e-02,277.379918
cuda_naive(blk128),double,global,global,16384,16384,20,8,8,1,2,9.996640000e-04,3.892318900e-02,1.257110000e-04,4.003862300e-02,3.749021001e-02,3.639270401e-02,2.669997828e-03,286.405924,295.043156,295.043156,2.367199898e-03,1.185280010e-04,1.071629854e-03,row,1,3.890877300e-02,275.963939
cuda_naive(blk128),double,global,global,16384,16384,20,8,8,1,3,1.001165000e-03,3.893637300e-02,1.292480000e-04,4.005860700e-02,3.754284386e-02,3.642630386e-02,2.654218820e-03,286.004392,294.771006,294.771006,2.355423927e-03,1.156800017e-04,1.061130878e-03,row,1,3.892602100e-02,275.841660
cuda_naive(blk128),double,global,global,16384,16384,20,8,8,1,4,9.975860000e-04,3.824255000e-02,1.252910000e-04,3.935695900e-02,3.683268962e-02,3.572275162e-02,2.593685254e-03,291.518712,300.576460,300.576460,2.364639997e-03,1.151359975e-04,1.071249129e-03,row,1,3.823228100e-02,280.846917
cuda_naive(blk128),double,global,global,16384,16384,20,8,8,1,5,1.044490000e-03,3.893230800e-02,1.323890000e-04,4.009680100e-02,3.754359729e-02,3.636671829e-02,2.686836046e-03,285.998653,295.253978,295.253978,2.389087915e-03,1.269119978e-04,1.064038064e-03,row,1,3.891586000e-02,275.913682
cuda_naive(blk128),double,global,global,16384,16384,20,8,8,1,6,1.056205000e-03,3.880778500e-02,1.258750000e-04,3.991815600e-02,3.740555717e-02,3.622393417e-02,2.717346874e-03,287.054092,296.417782,296.417782,2.370784044e-03,1.217920035e-04,1.037799021e-03,row,1,3.873283000e-02,277.217498
cuda_naive(blk128),double,global,global,16384,16384,20,8,8,1,7,1.015365000e-03,3.893864300e-02,1.291320000e-04,4.006647000e-02,3.753299491e-02,3.640425491e-02,2.667097539e-03,286.079442,294.949540,294.949540,2.368000031e-03,1.186880022e-04,1.065273509e-03,row,1,3.892038400e-02,275.881611
cuda_naive(blk128),double,global,global,16384,16384,20,8,8,1,8,1.008957000e-03,3.894419300e-02,1.270400000e-04,4.005648500e-02,3.752727603e-02,3.640771103e-02,2.677663917e-03,286.123038,294.921541,294.921541,2.371167898e-03,1.144319996e-04,1.049011414e-03,row,1,3.891993400e-02,275.884801
cuda_naive(blk128),double,global,global,16384,16384,20,8,8,1,9,9.868190000e-04,3.893777200e-02,1.307000000e-04,4.004738300e-02,3.751610784e-02,3.640662384e-02,2.659797172e-03,286.208215,294.930348,294.930348,2.387200117e-03,1.149759963e-04,1.033717210e-03,row,1,3.892702900e-02,275.834517
cuda_naive(blk128),double,global,global,16384,16384,20,8,8,1,10,9.932680000e-04,3.895089800e-02,1.266060000e-04,4.004621300e-02,3.751476420e-02,3.640464020e-02,2.701939412e-03,286.218465,294.946418,294.946418,2.385695934e-03,1.191999987e-04,1.068558241e-03,row,1,3.892543900e-02,275.845784
cuda_naive(blk128),double,global,global,16384,16384,20,8,8,1,11,9.774940000e-04,3.892008000e-02,1.303510000e-04,4.001629800e-02,3.748214580e-02,3.638019180e-02,2.668718153e-03,286.467544,295.144630,295.144630,2.380736113e-03,1.168960035e-04,1.043190810e-03,row,1,3.890648200e-02,275.980189
cuda_naive(blk128),double,global,global,16384,16384,20,8,8,1,12,9.895370000e-04,3.894982600e-02,1.258940000e-04,4.005582900e-02,3.751960220e-02,3.641289520e-02,2.687534182e-03,286.181559,294.879552,294.879552,2.382911921e-03,1.242559999e-04,1.072398229e-03,row,1,3.893808400e-02,275.756204
cuda_naive(blk128),double,global,global,16384,16384,20,8,8,1,13,9.913110000e-04,3.889765100e-02,1.290420000e-04,4.000807000e-02,3.747913185e-02,3.637158585e-02,2.660689635e-03,286.490581,295.214465,295.214465,2.379647970e-03,1.221439987e-04,1.035382840e-03,row,1,3.888461600e-02,276.135381
cuda_naive(blk128),double,global,global,16384,16384,20,8,8,1,14,1.007422000e-03,3.892564400e-02,1.885680000e-04,4.011578600e-02,3.751768171e-02,3.639283371e-02,2.687946378e-03,286.196208,295.042104,295.042104,2.385504007e-03,1.831679940e-04,1.069642334e-03,row,1,3.891634700e-02,275.910230
cuda_naive(blk128),double,global,global,16384,16384,20,8,8,1,15,9.972180000e-04,3.897209100e-02,1.345080000e-04,4.006266400e-02,3.749055687e-02,3.641036987e-02,2.708896631e-03,286.403274,294.900005,294.900005,2.379359961e-03,1.162239984e-04,1.077202285e-03,row,1,3.892993400e-02,275.813934
cuda_naive(blk128),double,global,global,16384,16384,20,8,8,1,16,9.960630000e-04,3.820387000e-02,1.283930000e-04,3.931729500e-02,3.680144149e-02,3.568368149e-02,2.559096939e-03,291.766241,300.905562,300.905562,2.371903896e-03,1.189119965e-04,1.040024198e-03,row,1,3.819066400e-02,281.152960
cuda_naive(blk128),double,global,global,16384,16384,20,8,8,1,17,9.779080000e-04,3.894653900e-02,1.322360000e-04,4.004873100e-02,3.753712384e-02,3.643190384e-02,2.652586058e-03,286.047974,294.725697,294.725697,2.360640049e-03,1.145280004e-04,1.050696709e-03,row,1,3.893580700e-02,275.772331
cuda_naive(blk128),double,global,global,16384,16384,20,8,8,1,18,9.853700000e-04,3.884816800e-02,1.245230000e-04,3.995172200e-02,3.746074086e-02,3.635923386e-02,2.724440624e-03,286.631230,295.314755,295.314755,2.346335888e-03,1.137600020e-04,1.048408624e-03,row,1,3.883998200e-02,276.452709
cuda_naive(blk128),double,global,global,16384,16384,20,8,8,1,19,9.873010000e-04,3.823325600e-02,1.285390000e-04,3.934167600e-02,3.681597708e-02,3.570304108e-02,2.587963451e-03,291.651046,300.742399,300.742399,2.389535904e-03,1.125119999e-04,1.058395457e-03,row,1,3.822547000e-02,280.896958
cuda_naive(blk128),double,global,global,16384,16384,20,8,8,1,20,9.916400000e-04,3.817296800e-02,1.338850000e-04,3.928645700e-02,3.682143653e-02,3.571011353e-02,3.394917782e-03,291.607804,300.682837,300.682837,2.361407995e-03,1.157760024e-04,1.071353523e-03,row,1,3.816149400e-02,281.367869
cuda_naive(blk128),double,global,global,16384,16384,32,8,8,1,1,1.388812000e-03,5.951711700e-02,2.077330000e-04,6.111182100e-02,5.729917039e-02,5.571583939e-02,5.361506998e-03,299.827538,308.348028,308.348028,3.590591908e-03,1.754879951e-04,2.321763098e-03,row,1,5.950951400e-02,288.691136
cuda_naive(blk128),double,global,global,16384,16384,32,8,8,1,2,1.383997000e-03,5.937368000e-02,2.088510000e-04,6.095561200e-02,5.717427669e-02,5.560124969e-02,5.330597963e-03,300.482493,308.983508,308.983508,3.556319952e-03,1.719039977e-04,2.338342067e-03,row,1,5.936077000e-02,289.414527
cuda_naive(blk128),double,global,global,16384,16384,32,8,8,1,3,1.402723000e-03,5.951430400e-02,2.091160000e-04,6.111082400e-02,5.730581871e-02,5.572204971e-02,5.342696147e-03,299.792754,308.313662,308.313662,3.567231894e-03,1.720640063e-04,2.329448091e-03,row,1,5.949662300e-02,288.753686
cuda_naive(blk128),double,global,global,16384,16384,32,8,8,1,4,1.406157000e-03,5.943839800e-02,2.072830000e-04,6.104582600e-02,5.726306290e-02,5.565705490e-02,5.147337047e-03,300.016596,308.673702,308.673702,3.581599951e-03,1.757760048e-04,2.303593008e-03,row,1,5.943245300e-02,289.065457
cuda_naive(blk128),double,global,global,16384,16384,32,8,8,1,5,1.385265000e-03,5.982281600e-02,2.270760000e-04,6.143072000e-02,5.762753352e-02,5.605526352e-02,5.245628806e-03,298.119113,306.480928,306.480928,3.559135914e-03,1.718080044e-04,2.325756790e-03,row,1,5.981769700e-02,287.203788
cuda_naive(blk128),double,global,global,16384,16384,32,8,8,1,6,1.393356000e-03,5.983448800e-02,2.067390000e-04,6.143074600e-02,5.765912779e-02,5.607158279e-02,5.236291517e-03,297.955759,306.391729,306.391729,3.558271885e-03,1.811839938e-04,2.316003491e-03,row,1,5.982865100e-02,287.151204
cuda_naive(blk128),double,global,global,16384,16384,32,8,8,1,7,1.424069000e-03,5.923907600e-02,2.103590000e-04,6.085864900e-02,5.703999213e-02,5.542351913e-02,5.287569045e-03,301.189894,309.974348,309.974348,3.600127935e-03,1.728640050e-04,2.346993043e-03,row,1,5.922322800e-02,290.086673
cuda_naive(blk128),double,global,global,16384,16384,32,8,8,1,8,1.380067000e-03,5.906932400e-02,3.172730000e-04,6.076564200e-02,5.687757926e-02,5.530992126e-02,5.139384223e-03,302.049936,310.610986,310.610986,3.554719925e-03,2.835519910e-04,2.325496180e-03,row,1,5.906346500e-02,290.871340
cuda_naive(blk128),double,global,global,16384,16384,32,8,8,1,9,1.386577000e-03,5.936141400e-02,2.175470000e-04,6.096293800e-02,5.719097428e-02,5.560508728e-02,5.312348591e-03,300.394763,308.962184,308.962184,3.560735941e-03,1.840000004e-04,2.313020574e-03,row,1,5.935581000e-02,289.438712
cuda_naive(blk128),double,global,global,16384,16384,32,8,8,1,10,1.433050000e-03,5.949663400e-02,2.121300000e-04,6.112705800e-02,5.733745459e-02,5.569948959e-02,5.342555045e-03,299.627343,308.438539,308.438539,3.567104101e-03,1.733119935e-04,2.337627097e-03,row,1,5.947031300e-02,288.881432
cuda_naive(blk128),double,global,global,16384,16384,32,8,8,1,11,1.444241000e-03,5.960804800e-02,2.112680000e-04,6.123723600e-02,5.746166668e-02,5.583852768e-02,5.326037738e-03,298.979653,307.670526,307.670526,3.544480085e-03,1.797119975e-04,2.340373833e-03,row,1,5.957904600e-02,288.354217
cuda_naive(blk128),double,global,global,16384,16384,32,8,8,1,12,1.375622000e-03,5.963147000e-02,2.078200000e-04,6.121114300e-02,5.741572966e-02,5.585347366e-02,5.255188183e-03,299.218860,307.588196,307.588196,3.581919909e-03,1.695999950e-04,2.326388091e-03,row,1,5.962647000e-02,288.124874
cuda_naive(blk128),double,global,global,16384,16384,32,8,8,1,13,1.387667000e-03,5.946576800e-02,2.093840000e-04,6.106056800e-02,5.728354174e-02,5.569475174e-02,5.158769073e-03,299.909340,308.464777,308.464777,3.569472075e-03,1.690559983e-04,2.333137186e-03,row,1,5.945981800e-02,288.932421
cuda_naive(blk128),double,global,global,16384,16384,32,8,8,1,14,1.376231000e-03,5.989011000e-02,2.128590000e-04,6.147710000e-02,5.766462290e-02,5.607763290e-02,5.281107966e-03,297.927365,306.358673,306.358673,3.574944019e-03,1.863680035e-04,2.354387973e-03,row,1,5.988587600e-02,286.876812
cuda_naive(blk128),double,global,global,16384,16384,32,8,8,1,15,1.636833000e-03,6.010182400e-02,2.301060000e-04,6.168933800e-02,5.789603729e-02,5.606278229e-02,5.505738077e-03,296.736530,306.439825,306.439825,3.562239885e-03,1.925439984e-04,2.587786121e-03,row,1,5.982253400e-02,287.180566
cuda_naive(blk128),double,global,global,16384,16384,32,8,8,1,16,1.395895000e-03,5.934917000e-02,2.050770000e-04,6.094600800e-02,5.716696429e-02,5.557363129e-02,5.323545654e-03,300.520928,309.137064,309.137064,3.573535919e-03,1.730239987e-04,2.313433696e-03,row,1,5.934354700e-02,289.498523
cuda_naive(blk128),double,global,global,16384,16384,32,8,8,1,17,1.387732000e-03,5.936812100e-02,2.176100000e-04,6.096989500e-02,5.719182840e-02,5.560236740e-02,5.325972388e-03,300.390277,308.977297,308.977297,3.571264029e-03,1.708479971e-04,2.316596473e-03,row,1,5.936303700e-02,289.403475
cuda_naive(blk128),double,global,global,16384,16384,32,8,8,1,18,1.391825000e-03,5.931030800e-02,2.063760000e-04,6.090612400e-02,5.713621152e-02,5.554908752e-02,5.316421657e-03,300.682680,309.273652,309.273652,3.564703941e-03,1.800639927e-04,2.307653635e-03,row,1,5.930640500e-02,289.679828
cuda_naive(blk128),double,global,global,16384,16384,32,8,8,1,19,1.377424000e-03,5.945606300e-02,2.134030000e-04,6.104415000e-02,5.727229371e-02,5.569676971e-02,5.324890427e-03,299.968241,308.453601,308.453601,3.554271936e-03,1.984640062e-04,2.306650363e-03,row,1,5.944864400e-02,288.986729
cuda_naive(blk128),double,global,global,16384,16384,32,8,8,1,20,1.397101000e-03,5.935728100e-02,2.154760000e-04,6.096901100e-02,5.716949651e-02,5.557846451e-02,5.338048441e-03,300.507617,309.110180,309.110180,3.577471972e-03,2.057600021e-04,2.288768512e-03,row,1,5.935383200e-02,289.448358
