kernel,scalar,a_mode,x_mode,M,N,k,P,pr,pc,rep,t_bcast_s,t_local_s,t_reduce_s,t_total_s,t_official_s,t_kernel_s,t_transfer_runtime_overhead_s,gflops,gflops_compute,gflops_kernel,t_h2d_X_s,t_d2h_Y_s,t_launch_overhead_s,x_layout,group_timing,t_local_group_s,gflops_local_group
cublas,double,global,global,16384,16384,3,8,1,8,1,6.270000004e-07,1.160420290e-01,4.260460000e-04,1.164676970e-01,1.077550011e-01,1.076697311e-01,1.584458790e-02,14.946988,14.958826,14.958826,1.571849632e-02,1.055999994e-04,8.154281857e-03,row,1,1.160396210e-01,13.879852
cublas,double,global,global,16384,16384,3,8,1,8,2,2.790000000e-07,1.161359040e-01,4.080100000e-04,1.165431220e-01,1.077656249e-01,1.076590729e-01,1.594063728e-02,14.945515,14.960307,14.960307,1.571401596e-02,1.818560064e-04,8.224748132e-03,row,1,1.161336570e-01,13.868613
cublas,double,global,global,16384,16384,3,8,1,8,3,2.480000001e-07,1.160353440e-01,4.525290000e-04,1.164874340e-01,1.077542759e-01,1.076591339e-01,1.584020850e-02,14.947089,14.960298,14.960298,1.571388817e-02,1.983679980e-04,8.059664094e-03,row,1,1.160333950e-01,13.880596
cublas,double,global,global,16384,16384,3,8,1,8,4,5.619999999e-07,1.161537060e-01,4.602530000e-04,1.166075640e-01,1.077316736e-01,1.076618576e-01,1.595628250e-02,14.950225,14.959920,14.959920,1.571372795e-02,2.098560035e-04,8.269330395e-03,row,1,1.161515520e-01,13.866476
cublas,double,global,global,16384,16384,3,8,1,8,5,5.869999997e-07,1.160396170e-01,4.032910000e-04,1.164417490e-01,1.077341783e-01,1.076654053e-01,1.584146624e-02,14.949877,14.959427,14.959427,1.572572803e-02,1.047040001e-04,8.153731724e-03,row,1,1.160371410e-01,13.880148
cublas,double,global,global,16384,16384,3,8,1,8,6,3.610000001e-07,1.160353040e-01,3.895960000e-04,1.164244800e-01,1.077342997e-01,1.076671677e-01,1.584159289e-02,14.949860,14.959182,14.959182,1.572806358e-02,1.045759991e-04,8.146056337e-03,row,1,1.160328840e-01,13.880658
cublas,double,global,global,16384,16384,3,8,1,8,7,3.889999998e-07,1.160221380e-01,4.047530000e-04,1.164259880e-01,1.077413475e-01,1.076573105e-01,1.583597751e-02,14.948882,14.960551,14.960551,1.571513557e-02,2.079360038e-04,8.143014509e-03,row,1,1.160198090e-01,13.882222
cublas,double,global,global,16384,16384,3,8,1,8,8,1.252000000e-06,1.160409860e-01,3.957320000e-04,1.164354460e-01,1.077484136e-01,1.076686096e-01,1.584197756e-02,14.947902,14.958981,14.958981,1.571686363e-02,9.862399846e-05,8.158396381e-03,row,1,1.160387710e-01,13.879953
cublas,double,global,global,16384,16384,3,8,1,8,9,3.660000001e-07,1.160284750e-01,3.871420000e-04,1.164156470e-01,1.077474991e-01,1.076701431e-01,1.583087829e-02,14.948029,14.958768,14.958768,1.571827221e-02,1.009280011e-04,8.145271873e-03,row,1,1.160266280e-01,13.881406
cublas,double,global,global,16384,16384,3,8,1,8,10,2.909999997e-07,1.160246110e-01,4.049580000e-04,1.164296130e-01,1.077487273e-01,1.076613083e-01,1.583302936e-02,14.947859,14.959996,14.959996,1.571484756e-02,1.030080020e-04,8.152268711e-03,row,1,1.160224310e-01,13.881908
cublas,double,global,global,16384,16384,3,8,1,8,11,3.200000003e-07,1.160128130e-01,3.829770000e-04,1.163956670e-01,1.077354214e-01,1.076564484e-01,1.582612750e-02,14.949705,14.960671,14.960671,1.572236824e-02,1.009600013e-04,8.137627640e-03,row,1,1.160110730e-01,13.883267
cublas,double,global,global,16384,16384,3,8,1,8,12,3.680000003e-07,1.160374300e-01,4.059860000e-04,1.164433960e-01,1.077481742e-01,1.076656952e-01,1.584430902e-02,14.947935,14.959386,14.959386,1.571679974e-02,9.996800125e-05,8.160908808e-03,row,1,1.160358830e-01,13.880299
cublas,double,global,global,16384,16384,3,8,1,8,13,3.189999997e-07,1.160291170e-01,3.864450000e-04,1.164156190e-01,1.077442588e-01,1.076649628e-01,1.583467493e-02,14.948479,14.959488,14.959488,1.572169590e-02,9.904000163e-05,8.150008238e-03,row,1,1.160275160e-01,13.881300
cublas,double,global,global,16384,16384,3,8,1,8,14,2.490000002e-07,1.161672140e-01,5.240910000e-04,1.166906650e-01,1.078746768e-01,1.076564178e-01,1.598458918e-02,14.930406,14.960676,14.960676,1.571676826e-02,2.129279971e-04,8.171920153e-03,row,1,1.161651440e-01,13.864854
cublas,double,global,global,16384,16384,3,8,1,8,15,2.106000000e-06,1.160800480e-01,7.724930000e-04,1.168464400e-01,1.077321793e-01,1.076613083e-01,1.588938151e-02,14.950155,14.959996,14.959996,1.571715164e-02,2.248640060e-04,8.191731713e-03,row,1,1.160765460e-01,13.875436
cublas,double,global,global,16384,16384,3,8,1,8,16,1.944000000e-06,1.160329590e-01,4.143190000e-04,1.164456250e-01,1.077277237e-01,1.076559067e-01,1.584128148e-02,14.950773,14.960747,14.960747,1.572230434e-02,1.100799963e-04,8.150172324e-03,row,1,1.160293220e-01,13.881084
cublas,double,global,global,16384,16384,3,8,1,8,17,2.190000004e-07,1.160217420e-01,4.397260000e-04,1.164601760e-01,1.159820128e-01,1.158841248e-01,1.477062821e-02,13.886746,13.898476,13.898476,1.349337578e-02,1.024959981e-04,8.149866788e-03,row,1,1.160193060e-01,13.882282
cublas,double,global,global,16384,16384,3,8,1,8,18,3.719999997e-07,1.160373880e-01,3.856460000e-04,1.164231580e-01,1.077490221e-01,1.076678391e-01,1.583935960e-02,14.947818,14.959089,14.959089,1.571807957e-02,1.039360017e-04,8.157632954e-03,row,1,1.160352430e-01,13.880375
cublas,double,global,global,16384,16384,3,8,1,8,19,3.050000004e-07,1.160374320e-01,4.405440000e-04,1.164782810e-01,1.077492279e-01,1.076695709e-01,1.583807795e-02,14.947789,14.958848,14.958848,1.572025585e-02,1.959680021e-04,8.158795076e-03,row,1,1.160358940e-01,13.880298
cublas,double,global,global,16384,16384,3,8,1,8,20,2.849999996e-07,1.160230880e-01,4.812880000e-04,1.165044500e-01,1.077389911e-01,1.076592331e-01,1.583399604e-02,14.949209,14.960284,14.960284,1.571683216e-02,1.009600013e-04,8.152863910e-03,row,1,1.160209680e-01,13.882083
cublas,double,global,global,16384,16384,6,8,1,8,1,1.199000000e-06,1.160336610e-01,8.914770000e-04,1.169248230e-01,1.161898206e-01,1.156405106e-01,8.236774233e-03,27.723818,27.855511,27.855511,1.479039937e-04,2.280640006e-04,7.947654237e-03,row,1,1.160312580e-01,27.761704
cublas,double,global,global,16384,16384,6,8,1,8,2,5.180000002e-07,1.160062610e-01,8.586590000e-04,1.168652010e-01,1.161715252e-01,1.156436462e-01,8.214928513e-03,27.728184,27.854755,27.854755,1.497920007e-04,2.293120027e-04,7.916688507e-03,row,1,1.160039580e-01,27.768238
cublas,double,global,global,16384,16384,6,8,1,8,3,4.670000000e-07,1.160132050e-01,8.558180000e-04,1.168676470e-01,1.165274242e-01,1.156712952e-01,8.275919856e-03,27.643497,27.848097,27.848097,1.428160071e-04,4.001280069e-04,7.948399858e-03,row,1,1.160112070e-01,27.766503
cublas,double,global,global,16384,16384,6,8,1,8,4,3.869999996e-07,1.160181160e-01,9.160580000e-04,1.169310720e-01,1.162047975e-01,1.156389465e-01,8.215653552e-03,27.720245,27.855887,27.855887,1.428479999e-04,4.298239946e-04,7.737029544e-03,row,1,1.160160270e-01,27.765349
cublas,double,global,global,16384,16384,6,8,1,8,5,4.470000001e-07,1.160174470e-01,8.693940000e-04,1.168864640e-01,1.164896453e-01,1.156200333e-01,8.231482728e-03,27.652462,27.860444,27.860444,1.488319933e-04,3.912639916e-04,7.936250730e-03,row,1,1.160150330e-01,27.765587
cublas,double,global,global,16384,16384,6,8,1,8,6,3.950000003e-07,1.160376630e-01,8.506840000e-04,1.168876590e-01,1.165636400e-01,1.157127380e-01,8.252542753e-03,27.634908,27.838123,27.838123,1.468479931e-04,2.274560034e-04,7.949854751e-03,row,1,1.160358910e-01,27.760596
cublas,double,global,global,16384,16384,6,8,1,8,7,4.049999998e-07,1.174249520e-01,8.888800000e-04,1.183097580e-01,1.165187816e-01,1.156296616e-01,9.628885716e-03,27.645547,27.858124,27.858124,1.428479999e-04,1.617887974e-03,9.141621723e-03,row,1,1.174222250e-01,27.432843
cublas,double,global,global,16384,16384,6,8,1,8,8,1.686000000e-06,1.160159790e-01,8.394170000e-04,1.168544650e-01,1.161585809e-01,1.156546249e-01,8.213014878e-03,27.731274,27.852111,27.852111,1.444800049e-04,2.316800058e-04,7.931766875e-03,row,1,1.160140430e-01,27.765824
cublas,double,global,global,16384,16384,6,8,1,8,9,3.710000001e-07,1.160304660e-01,8.631800000e-04,1.168934700e-01,1.164056913e-01,1.156186523e-01,8.242983341e-03,27.672405,27.860777,27.860777,1.546880007e-04,2.334080040e-04,7.939175337e-03,row,1,1.160286090e-01,27.762338
cublas,double,global,global,16384,16384,6,8,1,8,10,5.529999996e-07,1.160272710e-01,8.420390000e-04,1.168687090e-01,1.164988191e-01,1.156562271e-01,8.304269089e-03,27.650284,27.851725,27.851725,1.511040032e-04,2.278079987e-04,7.946541084e-03,row,1,1.160255860e-01,27.763061
cublas,double,global,global,16384,16384,6,8,1,8,11,3.579999999e-07,1.160025680e-01,8.713490000e-04,1.168734630e-01,1.161546949e-01,1.156359329e-01,8.212172912e-03,27.732202,27.856613,27.856613,1.419519931e-04,2.277760059e-04,7.929580906e-03,row,1,1.160008670e-01,27.768978
cublas,double,global,global,16384,16384,6,8,1,8,12,6.629999998e-07,1.160395120e-01,8.380800000e-04,1.168768150e-01,1.164999237e-01,1.156616287e-01,8.303053895e-03,27.650022,27.850425,27.850425,1.536000073e-04,2.288639992e-04,7.938733899e-03,row,1,1.160373620e-01,27.760244
cublas,double,global,global,16384,16384,6,8,1,8,13,3.030000002e-07,1.160312280e-01,8.531000000e-04,1.168840850e-01,1.165378869e-01,1.156845779e-01,8.270880650e-03,27.641015,27.844900,27.844900,1.445759982e-04,2.337599993e-04,7.945696655e-03,row,1,1.160293720e-01,27.762156
cublas,double,global,global,16384,16384,6,8,1,8,14,3.849999999e-07,1.162622320e-01,1.024305000e-03,1.172859840e-01,1.163147145e-01,1.156367645e-01,8.455189653e-03,27.694050,27.856413,27.856413,1.442559958e-04,4.148800075e-04,8.170773655e-03,row,1,1.162600930e-01,27.707061
cublas,double,global,global,16384,16384,6,8,1,8,15,2.057000000e-06,1.160275980e-01,1.332648000e-03,1.173575780e-01,1.170101108e-01,1.156769638e-01,8.282427139e-03,27.529463,27.846733,27.846733,1.402560025e-04,4.302720129e-04,7.931963130e-03,row,1,1.160239620e-01,27.763450
cublas,double,global,global,16384,16384,6,8,1,8,16,2.256000000e-06,1.160199710e-01,8.506560000e-04,1.168705540e-01,1.164202742e-01,1.156436462e-01,8.223557285e-03,27.668939,27.854755,27.854755,1.392640024e-04,2.253759950e-04,7.932741276e-03,row,1,1.160163040e-01,27.765283
cublas,double,global,global,16384,16384,6,8,1,8,17,4.900000006e-07,1.160200570e-01,9.050540000e-04,1.169252540e-01,1.161902283e-01,1.156433563e-01,8.206229489e-03,27.723721,27.854825,27.854825,1.536639929e-04,2.282560021e-04,7.922549482e-03,row,1,1.160181680e-01,27.764837
cublas,double,global,global,16384,16384,6,8,1,8,18,5.940000003e-07,1.160508030e-01,8.707510000e-04,1.169210820e-01,1.164221046e-01,1.156510696e-01,8.234577364e-03,27.668504,27.852967,27.852967,1.553599983e-04,2.314880043e-04,7.943153365e-03,row,1,1.160478730e-01,27.757730
cublas,double,global,global,16384,16384,6,8,1,8,19,4.239999996e-07,1.160687610e-01,1.411440000e-03,1.174804090e-01,1.170362894e-01,1.156246414e-01,8.265192776e-03,27.523305,27.859334,27.859334,1.538240016e-04,2.506879866e-04,7.979976780e-03,row,1,1.160663960e-01,27.753300
cublas,double,global,global,16384,16384,6,8,1,8,20,5.789999999e-07,1.160358800e-01,9.845580000e-04,1.170197160e-01,1.165440672e-01,1.156559982e-01,8.316096422e-03,27.639549,27.851780,27.851780,1.487360001e-04,2.328000069e-04,7.943008420e-03,row,1,1.160334930e-01,27.761170
cublas,double,global,global,16384,16384,8,8,1,8,1,3.359999998e-07,1.162404150e-01,1.223118000e-03,1.174610960e-01,1.160319795e-01,1.157703705e-01,1.512493798e-02,37.015376,37.099020,37.099020,2.019200027e-04,3.096320033e-04,1.472653799e-02,row,1,1.162373400e-01,36.949979
cublas,double,global,global,16384,16384,8,8,1,8,2,5.509999998e-07,1.163064240e-01,1.211120000e-03,1.175164720e-01,1.160948425e-01,1.158303375e-01,8.590814624e-03,36.995332,37.079813,37.079813,2.076479942e-04,3.079360127e-04,8.140574638e-03,row,1,1.163040520e-01,36.928785
cublas,double,global,global,16384,16384,8,8,1,8,3,5.530000000e-07,1.163222460e-01,1.236761000e-03,1.175575860e-01,1.170271089e-01,1.157897949e-01,8.532010733e-03,36.700619,37.092796,37.092796,1.943359971e-04,5.416960120e-04,8.113354727e-03,row,1,1.163200960e-01,36.923691
cublas,double,global,global,16384,16384,8,8,1,8,4,3.880000001e-07,1.165890210e-01,1.265726000e-03,1.178540730e-01,1.170248044e-01,1.158767014e-01,8.819183838e-03,36.701341,37.064977,37.064977,2.061759979e-04,5.592960119e-04,8.129935872e-03,row,1,1.165872220e-01,36.839091
cublas,double,global,global,16384,16384,8,8,1,8,5,3.230000001e-07,1.163148000e-01,1.219920000e-03,1.175338100e-01,1.160806444e-01,1.158190384e-01,8.608480760e-03,36.999857,37.083431,37.083431,1.999039948e-04,3.116799891e-04,8.135360756e-03,row,1,1.163126930e-01,36.926041
cublas,double,global,global,16384,16384,8,8,1,8,6,5.700000001e-07,1.163225340e-01,1.207103000e-03,1.175291430e-01,1.168997697e-01,1.157997437e-01,8.520027434e-03,36.740597,37.089610,37.089610,1.965119988e-04,3.084479868e-04,8.112603446e-03,row,1,1.163205260e-01,36.923555
cublas,double,global,global,16384,16384,8,8,1,8,7,3.390000001e-07,1.163315630e-01,1.214939000e-03,1.175443440e-01,1.170280807e-01,1.158128357e-01,8.620778088e-03,36.700314,37.085417,37.085417,2.033279985e-04,5.672000051e-04,7.864906077e-03,row,1,1.163291130e-01,36.920829
cublas,double,global,global,16384,16384,8,8,1,8,8,3.710000001e-07,1.163071540e-01,1.217337000e-03,1.175235930e-01,1.169586085e-01,1.158535385e-01,8.565159424e-03,36.722113,37.072388,37.072388,1.948799938e-04,3.096959889e-04,8.113351418e-03,row,1,1.163050810e-01,36.928458
cublas,double,global,global,16384,16384,8,8,1,8,9,6.199999998e-07,1.163189820e-01,1.227586000e-03,1.175457820e-01,1.169262005e-01,1.158119965e-01,8.625311140e-03,36.732292,37.085686,37.085686,2.047040015e-04,3.148800135e-04,8.110495139e-03,row,1,1.163165360e-01,36.924821
cublas,double,global,global,16384,16384,8,8,1,8,10,3.449999997e-07,1.163091000e-01,1.208324000e-03,1.175158180e-01,1.160463951e-01,1.157866211e-01,8.634939613e-03,37.010777,37.093813,37.093813,1.998720020e-04,3.087039888e-04,8.149787622e-03,row,1,1.163067880e-01,36.927916
cublas,double,global,global,16384,16384,8,8,1,8,11,4.420000002e-07,1.163103410e-01,1.200950000e-03,1.175090230e-01,1.161482343e-01,1.158807983e-01,8.538364651e-03,36.978326,37.063667,37.063667,1.923200041e-04,3.114559948e-04,8.140092658e-03,row,1,1.163081570e-01,36.927481
cublas,double,global,global,16384,16384,8,8,1,8,12,3.079999997e-07,1.163025230e-01,1.190693000e-03,1.174928170e-01,1.165261839e-01,1.157988129e-01,8.503518460e-03,36.858388,37.089908,37.089908,1.950719953e-04,3.058559895e-04,8.099294474e-03,row,1,1.163007500e-01,36.929833
cublas,double,global,global,16384,16384,8,8,1,8,13,3.739999999e-07,1.163049610e-01,1.212542000e-03,1.175175260e-01,1.166252441e-01,1.158918381e-01,8.525238416e-03,36.827081,37.060136,37.060136,2.021760046e-04,3.126080036e-04,8.098582416e-03,row,1,1.163033140e-01,36.929019
cublas,double,global,global,16384,16384,8,8,1,8,14,3.369999995e-07,1.163172750e-01,1.498825000e-03,1.178064460e-01,1.165532853e-01,1.158110733e-01,8.511497141e-03,36.849818,37.085981,37.085981,1.915840060e-04,5.814399719e-04,8.104905130e-03,row,1,1.163147900e-01,36.925375
cublas,double,global,global,16384,16384,8,8,1,8,15,5.040000000e-07,1.162299450e-01,1.546983000e-03,1.177772800e-01,1.162367725e-01,1.157378845e-01,8.521892185e-03,36.950160,37.109433,37.109433,1.648640037e-04,5.657280087e-04,8.144996176e-03,row,1,1.162280960e-01,36.952918
cublas,double,global,global,16384,16384,8,8,1,8,16,2.078000000e-06,1.163167980e-01,1.211563000e-03,1.175275460e-01,1.170556194e-01,1.158437424e-01,8.572650008e-03,36.691680,37.075523,37.075523,1.846400052e-04,3.227519989e-04,8.110154010e-03,row,1,1.163134500e-01,36.925801
cublas,double,global,global,16384,16384,8,8,1,8,17,3.499999996e-07,1.163057790e-01,1.229269000e-03,1.175353980e-01,1.166145281e-01,1.158779831e-01,8.543607346e-03,36.830465,37.064567,37.064567,1.908800006e-04,3.087039888e-04,8.107191361e-03,row,1,1.163043230e-01,36.928699
cublas,double,global,global,16384,16384,8,8,1,8,18,3.949999998e-07,1.163268720e-01,1.254791000e-03,1.175820580e-01,1.165866917e-01,1.158102417e-01,8.522060414e-03,36.839259,37.086248,37.086248,2.058240026e-04,3.155199885e-04,8.105132413e-03,row,1,1.163252470e-01,36.922056
cublas,double,global,global,16384,16384,8,8,1,8,19,4.030000005e-07,1.163447410e-01,1.795520000e-03,1.181402680e-01,1.176534213e-01,1.158575363e-01,8.594052803e-03,36.505248,37.071108,37.071108,2.019519955e-04,3.317120075e-04,8.157764804e-03,row,1,1.163429730e-01,36.916431
cublas,double,global,global,16384,16384,8,8,1,8,20,3.629999998e-07,1.163163150e-01,1.328495000e-03,1.176451310e-01,1.168045050e-01,1.158932800e-01,8.553991825e-03,36.770562,37.059675,37.059675,2.007679939e-04,3.060800135e-04,8.124807821e-03,row,1,1.163150220e-01,36.925302
cublas,double,global,global,16384,16384,20,8,1,8,1,7.769999999e-07,1.169749000e-01,6.219412000e-03,1.231901100e-01,1.186633553e-01,1.158268814e-01,9.032836514e-03,90.486387,92.702299,92.702299,4.698559940e-04,6.863359809e-04,8.116100537e-03,row,1,1.169711800e-01,91.795417
cublas,double,global,global,16384,16384,20,8,1,8,2,5.410000004e-07,1.168774090e-01,6.302782000e-03,1.231765380e-01,1.204440069e-01,1.158628769e-01,9.171663188e-03,89.148630,92.673499,92.673499,4.712960124e-04,7.709119916e-04,8.147311204e-03,row,1,1.168741660e-01,91.871614
cublas,double,global,global,16384,16384,20,8,1,8,3,4.750000002e-07,1.168405280e-01,6.038890000e-03,1.228773250e-01,1.210833353e-01,1.156185303e-01,9.107512711e-03,88.677919,92.869354,92.869354,4.678399861e-04,7.852799892e-04,8.217944695e-03,row,1,1.168385340e-01,91.899632
cublas,double,global,global,16384,16384,20,8,1,8,4,4.319999998e-07,1.168709680e-01,5.774414000e-03,1.226362230e-01,1.205060499e-01,1.159593582e-01,9.057089551e-03,89.102732,92.596392,92.596392,4.248960018e-04,7.721599936e-04,8.192257567e-03,row,1,1.168676200e-01,91.876760
cublas,double,global,global,16384,16384,20,8,1,8,5,2.909999997e-07,1.175002020e-01,7.439202000e-03,1.249382030e-01,1.212932038e-01,1.165460815e-01,9.295063501e-03,88.524484,92.130238,92.130238,4.670079947e-04,6.907200217e-04,8.352023488e-03,row,1,1.174978550e-01,91.383951
cublas,double,global,global,16384,16384,20,8,1,8,6,4.150000001e-07,1.168702160e-01,6.056344000e-03,1.229252820e-01,1.195705577e-01,1.159372177e-01,9.079686337e-03,89.799851,92.614076,92.614076,4.753600061e-04,1.339231968e-03,7.466406369e-03,row,1,1.168677580e-01,91.876651
cublas,double,global,global,16384,16384,20,8,1,8,7,4.530000002e-07,1.168949550e-01,5.783234000e-03,1.226747780e-01,1.198070484e-01,1.157354584e-01,9.047236457e-03,89.622592,92.775528,92.775528,4.765120149e-04,2.125888109e-03,8.149348482e-03,row,1,1.168919060e-01,91.857671
cublas,double,global,global,16384,16384,20,8,1,8,8,4.300000001e-07,1.168633820e-01,6.050356000e-03,1.229133200e-01,1.201886435e-01,1.158449631e-01,9.175010815e-03,89.338043,92.687830,92.687830,4.666239917e-04,7.986239791e-04,8.137570783e-03,row,1,1.168615450e-01,91.881536
cublas,double,global,global,16384,16384,20,8,1,8,9,4.319999998e-07,1.168758290e-01,5.892977000e-03,1.227645570e-01,1.204556666e-01,1.159219208e-01,9.109552496e-03,89.140001,92.626297,92.626297,4.507839978e-04,6.864320040e-04,8.163216465e-03,row,1,1.168722710e-01,91.873103
cublas,double,global,global,16384,16384,20,8,1,8,10,3.159999999e-07,1.168871840e-01,6.030006000e-03,1.229137290e-01,1.206270478e-01,1.157258911e-01,9.050796769e-03,89.013355,92.783198,92.783198,4.712319970e-04,6.869120002e-04,8.173484749e-03,row,1,1.168842950e-01,91.863652
cublas,double,global,global,16384,16384,20,8,1,8,11,2.232000000e-06,1.168863650e-01,5.902236000e-03,1.227809010e-01,1.193311263e-01,1.159497299e-01,9.081588871e-03,89.980029,92.604082,92.604082,4.684160054e-04,1.332576036e-03,8.168052859e-03,row,1,1.168775120e-01,91.868984
cublas,double,global,global,16384,16384,20,8,1,8,12,2.127999999e-06,1.168932920e-01,5.932134000e-03,1.228223160e-01,1.198876882e-01,1.157375336e-01,9.082157726e-03,89.562310,92.773864,92.773864,4.610880017e-04,7.047359943e-04,8.170221711e-03,row,1,1.168902480e-01,91.858974
cublas,double,global,global,16384,16384,20,8,1,8,13,5.229999998e-07,1.169016260e-01,5.891388000e-03,1.227885690e-01,1.200395366e-01,1.158543701e-01,9.202465238e-03,89.449014,92.680304,92.680304,4.742079973e-04,1.332352042e-03,8.136801244e-03,row,1,1.168981890e-01,91.852734
cublas,double,global,global,16384,16384,20,8,1,8,14,5.549999997e-07,1.170149110e-01,5.911734000e-03,1.229269050e-01,1.195723262e-01,1.159495392e-01,9.222823159e-03,89.798523,92.604234,92.604234,4.691199958e-04,1.326176047e-03,8.142087177e-03,row,1,1.170134370e-01,91.762267
cublas,double,global,global,16384,16384,20,8,1,8,15,4.220000003e-07,1.168502120e-01,6.313188000e-03,1.231613420e-01,1.198363866e-01,1.159532776e-01,9.053550502e-03,89.600651,92.601248,92.601248,4.339199960e-04,6.756799817e-04,8.142670503e-03,row,1,1.168467940e-01,91.893135
cublas,double,global,global,16384,16384,20,8,1,8,16,3.990000002e-07,1.167643660e-01,6.400822000e-03,1.231616190e-01,1.208830519e-01,1.156156769e-01,9.046132342e-03,88.824844,92.871646,92.871646,4.678719938e-04,7.155839801e-04,8.151092352e-03,row,1,1.167613080e-01,91.960414
cublas,double,global,global,16384,16384,20,8,1,8,17,3.059999996e-07,1.168856820e-01,6.463879000e-03,1.233464420e-01,1.210395152e-01,1.157021103e-01,9.065818130e-03,88.710024,92.802268,92.802268,4.786880016e-04,6.927679777e-04,8.154042153e-03,row,1,1.168827030e-01,91.864904
cublas,double,global,global,16384,16384,20,8,1,8,18,3.690000003e-07,1.168545780e-01,5.939470000e-03,1.227905900e-01,1.200536521e-01,1.158369598e-01,9.173054203e-03,89.438497,92.694234,92.694234,4.711999893e-04,6.895999908e-04,8.134494230e-03,row,1,1.168517160e-01,91.889265
cublas,double,global,global,16384,16384,20,8,1,8,19,3.180000006e-07,1.168829570e-01,6.329635000e-03,1.232120930e-01,1.197612528e-01,1.159663696e-01,9.069197706e-03,89.656863,92.590794,92.590794,4.711680114e-04,6.779839993e-04,8.139149717e-03,row,1,1.168801670e-01,91.866897
cublas,double,global,global,16384,16384,20,8,1,8,20,3.909999995e-07,1.167972840e-01,5.775613000e-03,1.225694130e-01,1.202798797e-01,1.156343002e-01,9.059995457e-03,89.270277,92.856689,92.856689,4.738880098e-04,6.951040030e-04,8.143323480e-03,row,1,1.167936030e-01,91.934986
cublas,double,global,global,16384,16384,32,8,1,8,1,7.540000002e-07,1.176386720e-01,8.833397000e-03,1.264675340e-01,1.202643975e-01,1.158708496e-01,9.535477213e-03,142.850832,148.267396,148.267396,7.469440103e-04,1.036383986e-03,8.103861234e-03,row,1,1.176351160e-01,146.043714
cublas,double,global,global,16384,16384,32,8,1,8,2,5.249999999e-07,1.174398200e-01,8.721990000e-03,1.261584270e-01,1.221936718e-01,1.156927643e-01,9.521195122e-03,140.595408,148.495624,148.495624,7.428159714e-04,1.046048045e-03,8.102443078e-03,row,1,1.174369290e-01,146.290177
cublas,double,global,global,16384,16384,32,8,1,8,3,5.779999999e-07,1.175861130e-01,8.464740000e-03,1.260385750e-01,1.221207900e-01,1.158794556e-01,9.868081334e-03,140.679316,148.256385,148.256385,7.330880165e-04,1.043712020e-03,8.177009407e-03,row,1,1.175822800e-01,146.109339
cublas,double,global,global,16384,16384,32,8,1,8,4,3.710000001e-07,1.174213880e-01,8.478184000e-03,1.258945980e-01,1.219786777e-01,1.157197418e-01,9.478424172e-03,140.843215,148.461005,148.461005,7.017920017e-04,1.029343963e-03,8.153240154e-03,row,1,1.174173830e-01,146.314530
cublas,double,global,global,16384,16384,32,8,1,8,5,3.970000000e-07,1.173363940e-01,8.659467000e-03,1.259941330e-01,1.209112851e-01,1.158352661e-01,9.662793265e-03,142.086565,148.312943,148.312943,7.429760098e-04,1.005280018e-03,8.133609222e-03,row,1,1.173339060e-01,146.418625
cublas,double,global,global,16384,16384,32,8,1,8,6,4.250000001e-07,1.176003260e-01,8.631757000e-03,1.262296290e-01,1.235717603e-01,1.158754883e-01,9.886205928e-03,139.027470,148.261461,148.261461,7.462080121e-04,1.035200000e-03,8.178717927e-03,row,1,1.175968430e-01,146.091245
cublas,double,global,global,16384,16384,32,8,1,8,7,6.239999997e-07,1.173899840e-01,8.772135000e-03,1.261620930e-01,1.237073389e-01,1.158542099e-01,9.696298175e-03,138.875101,148.288691,148.288691,7.287999988e-04,1.037600040e-03,8.179722183e-03,row,1,1.173884860e-01,146.350547
cublas,double,global,global,16384,16384,32,8,1,8,8,4.240000000e-07,1.173519600e-01,8.533887000e-03,1.258837120e-01,1.209074945e-01,1.159632645e-01,9.553656281e-03,142.091020,148.149237,148.149237,7.263039947e-04,1.039263964e-03,8.126776309e-03,row,1,1.173489720e-01,146.399827
cublas,double,global,global,16384,16384,32,8,1,8,9,5.760000001e-07,1.174613370e-01,8.532669000e-03,1.259906800e-01,1.197920224e-01,1.157003860e-01,9.529746688e-03,143.414134,148.485841,148.485841,7.416319847e-04,1.016479969e-03,8.121586717e-03,row,1,1.174576870e-01,146.264324
cublas,double,global,global,16384,16384,32,8,1,8,10,4.549999999e-07,1.173825620e-01,8.811972000e-03,1.261896120e-01,1.199851803e-01,1.156181412e-01,9.547232133e-03,143.183259,148.591467,148.591467,7.428159714e-04,1.044672012e-03,8.120704186e-03,row,1,1.173786290e-01,146.362837
cublas,double,global,global,16384,16384,32,8,1,8,11,4.080000000e-07,1.174043960e-01,8.535902000e-03,1.259367720e-01,1.223866790e-01,1.158755188e-01,9.694517386e-03,140.373685,148.261422,148.261422,7.156800032e-04,1.025151968e-03,8.142965388e-03,row,1,1.174011190e-01,146.334799
cublas,double,global,global,16384,16384,32,8,1,8,12,4.029999996e-07,1.173338020e-01,8.551109000e-03,1.258827500e-01,1.241647949e-01,1.156134109e-01,9.536189428e-03,138.363448,148.597546,148.597546,6.905599833e-04,1.027744055e-03,8.128797463e-03,row,1,1.173307760e-01,146.422531
cublas,double,global,global,16384,16384,32,8,1,8,13,4.940000000e-07,1.173851500e-01,8.685607000e-03,1.260665510e-01,1.197838512e-01,1.158133087e-01,9.533041302e-03,143.423917,148.341062,148.341062,7.297279835e-04,1.023072004e-03,8.132913295e-03,row,1,1.173807410e-01,146.360204
cublas,double,global,global,16384,16384,32,8,1,8,14,3.900000003e-07,1.175330930e-01,8.549917000e-03,1.260818270e-01,1.213486006e-01,1.159452515e-01,9.748875527e-03,141.574514,148.172253,148.172253,7.436800003e-04,1.094400048e-03,8.112747459e-03,row,1,1.175299710e-01,146.174368
cublas,double,global,global,16384,16384,32,8,1,8,15,2.376999999e-06,1.174434070e-01,8.555059000e-03,1.259954650e-01,1.198134070e-01,1.157498245e-01,9.514507082e-03,143.388537,148.422421,148.422421,7.250880003e-04,1.023519993e-03,8.124811080e-03,row,1,1.174395730e-01,146.286884
cublas,double,global,global,16384,16384,32,8,1,8,16,3.670000002e-07,1.173850710e-01,8.513166000e-03,1.258953590e-01,1.229612218e-01,1.158991699e-01,9.643501481e-03,139.717782,148.231167,148.231167,7.571520209e-04,1.029536009e-03,8.142989477e-03,row,1,1.173814810e-01,146.359281
cublas,double,global,global,16384,16384,32,8,1,8,17,6.470000002e-07,1.173453730e-01,8.939739000e-03,1.262813670e-01,1.233859989e-01,1.158958054e-01,9.607198562e-03,139.236780,148.235470,148.235470,7.251840234e-04,1.020128012e-03,8.105214621e-03,row,1,1.173414210e-01,146.409248
cublas,double,global,global,16384,16384,32,8,1,8,18,3.929999997e-07,1.174917720e-01,8.919832000e-03,1.264080000e-01,1.226078007e-01,1.157583694e-01,9.554620282e-03,140.120523,148.411465,148.411465,7.634879947e-04,1.023743987e-03,8.154108302e-03,row,1,1.174886730e-01,146.225749
cublas,double,global,global,16384,16384,32,8,1,8,19,4.110000003e-07,1.174513770e-01,8.643491000e-03,1.260888640e-01,1.198960916e-01,1.156958389e-01,9.527832745e-03,143.289651,148.491677,148.491677,7.423040271e-04,1.031455994e-03,8.103672741e-03,row,1,1.174453220e-01,146.279723
cublas,double,global,global,16384,16384,32,8,1,8,20,3.760000000e-07,1.174832110e-01,9.113498000e-03,1.265908400e-01,1.226043123e-01,1.157079697e-01,9.544697026e-03,140.124510,148.476110,148.476110,7.384639978e-04,1.026944041e-03,8.160761008e-03,row,1,1.174785940e-01,146.238294
cublas,double,global,global,16384,16384,3,8,2,4,1,2.008500000e-05,1.161074100e-01,1.184360000e-04,1.162395060e-01,1.160478272e-01,1.159124832e-01,8.398801069e-03,13.878870,13.895076,13.895076,1.339199990e-04,5.836800113e-05,8.218321070e-03,row,1,1.161006130e-01,13.872560
cublas,double,global,global,16384,16384,3,8,2,4,2,4.417200000e-05,1.161340990e-01,2.241760000e-04,1.163676860e-01,1.161884721e-01,1.159315491e-01,8.406886701e-03,13.862070,13.892791,13.892791,1.296319962e-04,5.894400179e-05,8.240870696e-03,row,1,1.161157660e-01,13.870750
cublas,double,global,global,16384,16384,3,8,2,4,3,2.400600000e-05,1.161195760e-01,1.293450000e-04,1.162604350e-01,1.160407425e-01,1.159019165e-01,8.337429738e-03,13.879718,13.896343,13.896343,1.207680032e-04,6.825599819e-05,8.227861738e-03,row,1,1.161102880e-01,13.871404
cublas,double,global,global,16384,16384,3,8,2,4,4,3.532600000e-05,1.161087640e-01,1.542460000e-04,1.162677280e-01,1.160502636e-01,1.159008636e-01,8.333573449e-03,13.878579,13.896469,13.896469,1.210879982e-04,1.084799990e-04,8.239973448e-03,row,1,1.160872870e-01,13.874153
cublas,double,global,global,16384,16384,3,8,2,4,5,3.676900000e-05,1.161214750e-01,1.335290000e-04,1.162762790e-01,1.160694422e-01,1.158994522e-01,8.337335418e-03,13.876286,13.896638,13.896638,1.223680004e-04,6.140799820e-05,8.239703420e-03,row,1,1.161061100e-01,13.871903
cublas,double,global,global,16384,16384,3,8,2,4,6,2.047600000e-05,1.161130420e-01,1.298450000e-04,1.162568890e-01,1.160375818e-01,1.159051208e-01,8.326397558e-03,13.880096,13.895958,13.895958,1.229439974e-04,5.673599988e-05,8.233149560e-03,row,1,1.161056420e-01,13.871959
cublas,double,global,global,16384,16384,3,8,2,4,7,1.959200000e-05,1.161140790e-01,1.317910000e-04,1.162565670e-01,1.160383229e-01,1.159051819e-01,8.334011556e-03,13.880007,13.895951,13.895951,1.215680018e-04,1.266880035e-04,8.169275553e-03,row,1,1.161058250e-01,13.871937
cublas,double,global,global,16384,16384,3,8,2,4,8,2.020600000e-05,1.160936960e-01,1.362270000e-04,1.162431040e-01,1.160300305e-01,1.158932495e-01,8.411887481e-03,13.880999,13.897382,13.897382,1.196800023e-04,5.753599852e-05,8.316175482e-03,row,1,1.160866000e-01,13.874235
cublas,double,global,global,16384,16384,3,8,2,4,9,2.070900000e-05,1.160976710e-01,1.136570000e-04,1.162246220e-01,1.160261510e-01,1.159070740e-01,8.397881554e-03,13.881463,13.895724,13.895724,1.320639998e-04,5.561599880e-05,8.221817555e-03,row,1,1.160894630e-01,13.873893
cublas,double,global,global,16384,16384,3,8,2,4,10,2.801700000e-05,1.161072880e-01,1.153680000e-04,1.162350390e-01,1.160551196e-01,1.159120636e-01,8.407044269e-03,13.877998,13.895126,13.895126,1.319359988e-04,5.600000173e-05,8.230628267e-03,row,1,1.160910660e-01,13.873701
cublas,double,global,global,16384,16384,3,8,2,4,11,3.594600000e-05,1.161125880e-01,1.429750000e-04,1.162708320e-01,1.160724604e-01,1.158935394e-01,8.332770720e-03,13.875925,13.897347,13.897347,1.214080006e-04,5.657599866e-05,8.237602722e-03,row,1,1.160913780e-01,13.873664
cublas,double,global,global,16384,16384,3,8,2,4,12,2.036100000e-05,1.161122560e-01,1.145030000e-04,1.162384190e-01,1.160553428e-01,1.159204788e-01,8.410792566e-03,13.877971,13.894117,13.894117,1.345279962e-04,5.510399863e-05,8.236424564e-03,row,1,1.161030630e-01,13.872267
cublas,double,global,global,16384,16384,3,8,2,4,13,3.759400000e-05,1.161374850e-01,1.366960000e-04,1.162890750e-01,1.160814125e-01,1.159081955e-01,8.354743399e-03,13.874855,13.895590,13.895590,1.240639985e-04,5.782400072e-05,8.257399400e-03,row,1,1.161140570e-01,13.870954
cublas,double,global,global,16384,16384,3,8,2,4,14,2.043300000e-05,1.162136250e-01,1.858700000e-04,1.164129540e-01,1.160891473e-01,1.159024963e-01,8.432478210e-03,13.873930,13.896273,13.896273,1.324799955e-04,1.361279935e-04,8.337278208e-03,row,1,1.162060290e-01,13.859976
cublas,double,global,global,16384,16384,3,8,2,4,15,2.008100000e-05,1.161093590e-01,2.305680000e-04,1.163520990e-01,1.160607637e-01,1.159170227e-01,8.403939501e-03,13.877323,13.894532,13.894532,1.297920048e-04,1.454399973e-04,8.221955502e-03,row,1,1.161010020e-01,13.872514
cublas,double,global,global,16384,16384,3,8,2,4,16,8.023700000e-05,1.161419260e-01,1.371370000e-04,1.163230300e-01,1.161432129e-01,1.159418869e-01,8.364482937e-03,13.867472,13.891552,13.891552,1.218239963e-04,6.611199677e-05,8.265218937e-03,row,1,1.161046840e-01,13.872074
cublas,double,global,global,16384,16384,3,8,2,4,17,2.298800000e-05,1.161118330e-01,1.207710000e-04,1.162467120e-01,1.160324852e-01,1.159034882e-01,8.334429583e-03,13.880705,13.896154,13.896154,1.329919994e-04,5.574399978e-05,8.230333584e-03,row,1,1.161025130e-01,13.872333
cublas,double,global,global,16384,16384,3,8,2,4,18,2.156800000e-05,1.161006630e-01,1.127540000e-04,1.162243880e-01,1.160455845e-01,1.159112625e-01,8.405749545e-03,13.879138,13.895222,13.895222,1.322879940e-04,6.070400029e-05,8.224213541e-03,row,1,1.160893120e-01,13.873911
cublas,double,global,global,16384,16384,3,8,2,4,19,1.597900000e-05,1.160966810e-01,1.134960000e-04,1.162233090e-01,1.160159623e-01,1.158874893e-01,8.338821545e-03,13.882682,13.898073,13.898073,1.237120032e-04,5.833600089e-05,8.228325545e-03,row,1,1.160930690e-01,13.873462
cublas,double,global,global,16384,16384,3,8,2,4,20,1.589100000e-05,1.161041300e-01,2.162360000e-04,1.163340710e-01,1.161292630e-01,1.158989410e-01,8.333802942e-03,13.869138,13.896699,13.896699,1.474560052e-04,7.331199944e-05,8.232074942e-03,row,1,1.161022210e-01,13.872368
cublas,double,global,global,16384,16384,6,8,2,4,1,4.474800000e-05,1.162170250e-01,3.289090000e-04,1.165726230e-01,1.161621811e-01,1.160048981e-01,8.455788458e-03,27.730415,27.768013,27.768013,2.217600048e-04,1.012160033e-04,8.254988457e-03,row,1,1.161982660e-01,27.721803
cublas,double,global,global,16384,16384,6,8,2,4,2,4.214900000e-05,1.162050640e-01,3.314230000e-04,1.165633020e-01,1.159488484e-01,1.158500824e-01,8.422291626e-03,27.781436,27.805120,27.805120,2.180799991e-04,1.111999974e-04,8.252275628e-03,row,1,1.161903660e-01,27.723688
cublas,double,global,global,16384,16384,6,8,2,4,3,6.077600000e-05,1.163664190e-01,3.404450000e-04,1.167319270e-01,1.160485769e-01,1.158816299e-01,8.568076647e-03,27.757561,27.797551,27.797551,2.206400037e-04,2.034880072e-04,8.294572651e-03,row,1,1.163291790e-01,27.690606
cublas,double,global,global,16384,16384,6,8,2,4,4,4.969300000e-05,1.163058460e-01,4.168120000e-04,1.167463960e-01,1.160835257e-01,1.159087067e-01,8.527159477e-03,27.749204,27.791057,27.791057,2.170560062e-04,2.052479982e-04,8.353111477e-03,row,1,1.162829400e-01,27.701617
cublas,double,global,global,16384,16384,6,8,2,4,5,1.047470000e-04,1.162686480e-01,3.241090000e-04,1.166252320e-01,1.159968953e-01,1.158552933e-01,8.484312983e-03,27.769928,27.803870,27.803870,2.191359997e-04,1.064639986e-04,8.308792981e-03,row,1,1.161977840e-01,27.721918
cublas,double,global,global,16384,16384,6,8,2,4,6,4.200200000e-05,1.162181970e-01,3.344990000e-04,1.165795930e-01,1.160453576e-01,1.158846436e-01,8.428881772e-03,27.758331,27.796828,27.796828,2.257280052e-04,1.048320010e-04,8.249297768e-03,row,1,1.162023640e-01,27.720826
cublas,double,global,global,16384,16384,6,8,2,4,7,4.358800000e-05,1.162120080e-01,3.287660000e-04,1.165641660e-01,1.159506287e-01,1.158536987e-01,8.452936650e-03,27.781009,27.804252,27.804252,2.172160000e-04,2.278400064e-04,8.130312645e-03,row,1,1.161933920e-01,27.722966
cublas,double,global,global,16384,16384,6,8,2,4,8,4.249900000e-05,1.162027630e-01,3.479160000e-04,1.165766610e-01,1.160344916e-01,1.158735046e-01,8.420711560e-03,27.760931,27.799500,27.799500,2.100799978e-04,1.062719971e-04,8.252999564e-03,row,1,1.161853240e-01,27.724891
cublas,double,global,global,16384,16384,6,8,2,4,9,4.113400000e-05,1.162089410e-01,3.263390000e-04,1.165601380e-01,1.161671958e-01,1.160024948e-01,8.446563644e-03,27.729218,27.768588,27.768588,2.197120041e-04,1.049600020e-04,8.253731643e-03,row,1,1.161917400e-01,27.723360
cublas,double,global,global,16384,16384,6,8,2,4,10,4.181400000e-05,1.162129140e-01,3.659470000e-04,1.166023470e-01,1.159570390e-01,1.158595200e-01,8.429525022e-03,27.779473,27.802855,27.802855,2.170879990e-04,9.891200066e-05,8.267381024e-03,row,1,1.161945880e-01,27.722681
cublas,double,global,global,16384,16384,6,8,2,4,11,4.016500000e-05,1.162155940e-01,3.577140000e-04,1.165976340e-01,1.161638938e-01,1.160024338e-01,8.453022158e-03,27.730006,27.768602,27.768602,2.184319943e-04,1.043839976e-04,8.257214157e-03,row,1,1.161983220e-01,27.721790
cublas,double,global,global,16384,16384,6,8,2,4,12,4.467800000e-05,1.162095090e-01,3.280730000e-04,1.165605360e-01,1.159429120e-01,1.158426590e-01,8.429110607e-03,27.782858,27.806902,27.806902,2.308479995e-04,1.052159965e-04,8.257814607e-03,row,1,1.161885040e-01,27.724132
cublas,double,global,global,16384,16384,6,8,2,4,13,4.122200000e-05,1.162184270e-01,3.459490000e-04,1.165867770e-01,1.160225055e-01,1.158581085e-01,8.449681365e-03,27.763799,27.803194,27.803194,2.315839976e-04,1.839040071e-04,8.257777364e-03,row,1,1.161990680e-01,27.721612
cublas,double,global,global,16384,16384,6,8,2,4,14,6.480700000e-05,1.163901440e-01,3.395270000e-04,1.167530180e-01,1.161600001e-01,1.159899521e-01,8.649268076e-03,27.730936,27.771591,27.771591,2.213120013e-04,2.200639993e-04,8.428852074e-03,row,1,1.163507100e-01,27.685482
cublas,double,global,global,16384,16384,6,8,2,4,15,3.956600000e-05,1.163642500e-01,4.768110000e-04,1.168603110e-01,1.161165830e-01,1.159411850e-01,8.575897034e-03,27.741304,27.783272,27.783272,1.951040030e-04,2.359039932e-04,8.408409040e-03,row,1,1.163497360e-01,27.685714
cublas,double,global,global,16384,16384,6,8,2,4,16,1.071750000e-04,1.162678200e-01,3.376770000e-04,1.166301030e-01,1.161609770e-01,1.158651810e-01,8.475261773e-03,27.730702,27.801497,27.801497,2.220800072e-04,1.068160012e-04,8.301821772e-03,row,1,1.161851040e-01,27.724944
cublas,double,global,global,16384,16384,6,8,2,4,17,4.277100000e-05,1.162316650e-01,3.452070000e-04,1.166021100e-01,1.161841473e-01,1.160215683e-01,8.458418472e-03,27.725172,27.764023,27.764023,2.209600061e-04,1.021120027e-04,8.256818472e-03,row,1,1.162130930e-01,27.718266
cublas,double,global,global,16384,16384,6,8,2,4,18,4.267200000e-05,1.162208780e-01,3.242110000e-04,1.165726020e-01,1.161611265e-01,1.160000305e-01,8.471981783e-03,27.730667,27.769178,27.769178,2.298240066e-04,1.010560021e-04,8.265933779e-03,row,1,1.162047480e-01,27.720257
cublas,double,global,global,16384,16384,6,8,2,4,19,4.062800000e-05,1.161151380e-01,4.133560000e-04,1.165519680e-01,1.161222163e-01,1.157582703e-01,8.428569972e-03,27.739959,27.827174,27.827174,2.187200040e-04,1.261119992e-04,8.245177969e-03,row,1,1.160968140e-01,27.746028
cublas,double,global,global,16384,16384,6,8,2,4,20,5.763900000e-05,1.162151390e-01,3.503620000e-04,1.165963370e-01,1.161523138e-01,1.158533478e-01,8.429025313e-03,27.732771,27.804337,27.804337,2.168000042e-04,1.020480022e-04,8.256609311e-03,row,1,1.161889410e-01,27.724028
cublas,double,global,global,16384,16384,8,8,2,4,1,6.496600000e-05,1.169495720e-01,4.064700000e-04,1.173968570e-01,1.163755470e-01,1.159045410e-01,9.141595113e-03,36.906098,37.056074,37.056074,2.897279859e-04,7.544320226e-04,8.880859109e-03,row,1,1.169258450e-01,36.732403
cublas,double,global,global,16384,16384,8,8,2,4,2,6.546000000e-05,1.164191390e-01,3.857340000e-04,1.168603750e-01,1.161480585e-01,1.159973145e-01,8.666381148e-03,36.978382,37.026437,37.026437,2.955519855e-04,1.231583953e-03,8.269741160e-03,row,1,1.164095600e-01,36.895314
cublas,double,global,global,16384,16384,8,8,2,4,3,6.814000000e-05,1.162513100e-01,4.243110000e-04,1.167215440e-01,1.163697044e-01,1.159088974e-01,1.512150258e-02,36.907951,37.054682,37.054682,2.905600071e-04,2.704319954e-04,1.486876658e-02,row,1,1.162293780e-01,36.952510
cublas,double,global,global,16384,16384,8,8,2,4,4,6.037800000e-05,1.164376530e-01,4.450290000e-04,1.169208560e-01,1.160878220e-01,1.159168320e-01,8.642677719e-03,36.997570,37.052145,37.052145,2.695359886e-04,2.736319900e-04,8.396789717e-03,row,1,1.164199360e-01,36.892026
cublas,double,global,global,16384,16384,8,8,2,4,5,1.463350000e-04,1.164029230e-01,3.863600000e-04,1.168369240e-01,1.163582370e-01,1.158771210e-01,8.549444042e-03,36.911588,37.064843,37.064843,2.966400087e-04,1.663360000e-04,8.293828033e-03,row,1,1.163037250e-01,36.928889
cublas,double,global,global,16384,16384,8,8,2,4,6,6.362700000e-05,1.163169240e-01,3.744760000e-04,1.167344070e-01,1.162563617e-01,1.158787537e-01,8.512584146e-03,36.943934,37.064321,37.064321,2.888639867e-04,1.437440068e-04,8.263272140e-03,row,1,1.162954740e-01,36.931509
cublas,double,global,global,16384,16384,8,8,2,4,7,6.140000000e-05,1.163114690e-01,3.886940000e-04,1.167400570e-01,1.160231414e-01,1.158583374e-01,8.514571112e-03,37.018195,37.070852,37.070852,2.870720029e-04,2.871040106e-04,8.122123104e-03,row,1,1.162908160e-01,36.932988
cublas,double,global,global,16384,16384,8,8,2,4,8,5.919700000e-05,1.162860220e-01,3.878550000e-04,1.167156210e-01,1.162479913e-01,1.158563843e-01,8.493853183e-03,36.946594,37.071477,37.071477,2.846719921e-04,1.468479931e-04,8.250845188e-03,row,1,1.162675270e-01,36.940386
cublas,double,global,global,16384,16384,8,8,2,4,9,6.154700000e-05,1.163075690e-01,3.696140000e-04,1.167186310e-01,1.162232762e-01,1.158469772e-01,8.527791473e-03,36.954450,37.074487,37.074487,2.838079929e-04,1.448960006e-04,8.256879467e-03,row,1,1.162866360e-01,36.934315
cublas,double,global,global,16384,16384,8,8,2,4,10,5.971100000e-05,1.162966260e-01,3.729140000e-04,1.167084500e-01,1.160087049e-01,1.158542709e-01,8.498982942e-03,37.022802,37.072153,37.072153,2.924480140e-04,1.436479986e-04,8.261222950e-03,row,1,1.162755380e-01,36.937841
cublas,double,global,global,16384,16384,8,8,2,4,11,6.030000000e-05,1.163024950e-01,3.734630000e-04,1.167132110e-01,1.160039726e-01,1.158517456e-01,8.512349126e-03,37.024312,37.072961,37.072961,2.965759933e-04,1.440320015e-04,8.273437125e-03,row,1,1.162789280e-01,36.936764
cublas,double,global,global,16384,16384,8,8,2,4,12,5.935700000e-05,1.163209020e-01,3.997910000e-04,1.167579370e-01,1.160338833e-01,1.158821793e-01,8.510467170e-03,37.014768,37.063225,37.063225,2.917119861e-04,1.427199990e-04,8.271811178e-03,row,1,1.162984610e-01,36.930560
cublas,double,global,global,16384,16384,8,8,2,4,13,6.067400000e-05,1.163006590e-01,3.874440000e-04,1.167240540e-01,1.160169926e-01,1.158502426e-01,8.503834285e-03,37.020157,37.073442,37.073442,2.847999930e-04,2.614080012e-04,8.265146285e-03,row,1,1.162764830e-01,36.937540
cublas,double,global,global,16384,16384,8,8,2,4,14,8.868400000e-05,1.163375170e-01,5.186960000e-04,1.168923650e-01,1.160237036e-01,1.158656616e-01,8.492253885e-03,37.018016,37.068509,37.068509,2.825280130e-04,5.361599922e-04,8.251421877e-03,row,1,1.162865140e-01,36.934354
cublas,double,global,global,16384,16384,8,8,2,4,15,5.845500000e-05,1.164943270e-01,6.891640000e-04,1.172310760e-01,1.166014833e-01,1.158545303e-01,8.704845565e-03,36.834585,37.072070,37.072070,2.887359858e-04,2.901119888e-04,8.423981565e-03,row,1,1.164864700e-01,36.870954
cublas,double,global,global,16384,16384,8,8,2,4,16,1.506970000e-04,1.163945810e-01,4.039230000e-04,1.168461560e-01,1.161192339e-01,1.159538269e-01,8.691013492e-03,36.987561,37.040324,37.040324,2.810240090e-04,1.511040032e-04,8.344165496e-03,row,1,1.162917570e-01,36.932689
cublas,double,global,global,16384,16384,8,8,2,4,17,6.556200000e-05,1.163270090e-01,3.755390000e-04,1.167430220e-01,1.160366524e-01,1.158759384e-01,8.512128629e-03,37.013885,37.065221,37.065221,2.868160009e-04,1.466560066e-04,8.271200620e-03,row,1,1.163011320e-01,36.929712
cublas,double,global,global,16384,16384,8,8,2,4,18,5.868100000e-05,1.164252710e-01,3.690280000e-04,1.168297100e-01,1.161807347e-01,1.160315857e-01,8.642854127e-03,36.967982,37.015501,37.015501,2.954559922e-04,1.426240057e-04,8.277702141e-03,row,1,1.164021390e-01,36.897666
cublas,double,global,global,16384,16384,8,8,2,4,19,5.606500000e-05,1.163111010e-01,3.899100000e-04,1.167369580e-01,1.160399937e-01,1.158870697e-01,8.506169359e-03,37.012819,37.061661,37.061661,2.868480086e-04,1.431040019e-04,8.261977363e-03,row,1,1.162906340e-01,36.933046
cublas,double,global,global,16384,16384,8,8,2,4,20,6.155200000e-05,1.163265870e-01,5.708890000e-04,1.169336150e-01,1.160466286e-01,1.158790436e-01,8.519522414e-03,37.010703,37.064228,37.064228,2.954240143e-04,1.715839952e-04,8.273506411e-03,row,1,1.163001690e-01,36.930018
cublas,double,global,global,16384,16384,20,8,2,4,1,1.958980000e-04,1.170320070e-01,1.341845000e-03,1.185055930e-01,1.166978366e-01,1.160037766e-01,9.303172122e-03,92.010431,92.560937,92.560937,7.614399791e-04,3.758080006e-04,8.294852118e-03,row,1,1.169661830e-01,91.799339
cublas,double,global,global,16384,16384,20,8,2,4,2,2.064730000e-04,1.170368100e-01,1.351052000e-03,1.185303430e-01,1.173292958e-01,1.158166428e-01,9.015984492e-03,91.515236,92.710495,92.710495,7.640320063e-04,3.959360123e-04,8.282480465e-03,row,1,1.169711470e-01,91.795443
cublas,double,global,global,16384,16384,20,8,2,4,3,1.942890000e-04,1.173066330e-01,1.938074000e-03,1.193918800e-01,1.166969963e-01,1.159987183e-01,9.593641218e-03,92.011094,92.564973,92.564973,7.464640141e-04,6.540480256e-04,8.309705194e-03,row,1,1.172581290e-01,91.570779
cublas,double,global,global,16384,16384,20,8,2,4,4,3.942960000e-04,1.172915160e-01,1.378118000e-03,1.188057650e-01,1.171829898e-01,1.160503998e-01,9.536288988e-03,91.629496,92.523751,92.523751,6.876479983e-04,6.614400148e-04,8.513312977e-03,row,1,1.170395800e-01,91.741770
cublas,double,global,global,16384,16384,20,8,2,4,5,2.576960000e-04,1.172073020e-01,1.341988000e-03,1.187449290e-01,1.175118477e-01,1.160012817e-01,8.965206091e-03,91.373070,92.562928,92.562928,7.483199835e-04,3.750079870e-04,8.253430102e-03,row,1,1.171454690e-01,91.658844
cublas,double,global,global,16384,16384,20,8,2,4,6,2.013020000e-04,1.170233460e-01,1.388215000e-03,1.185567300e-01,1.164237616e-01,1.159982376e-01,9.270080947e-03,92.227034,92.565357,92.565357,7.483519912e-04,3.797760010e-04,8.261664920e-03,row,1,1.169668540e-01,91.798812
cublas,double,global,global,16384,16384,20,8,2,4,7,2.134830000e-04,1.172335330e-01,1.338791000e-03,1.187289450e-01,1.175594147e-01,1.160177917e-01,9.030634842e-03,91.336098,92.549755,92.549755,7.590079904e-04,6.637120247e-04,8.323050848e-03,row,1,1.171748550e-01,91.635857
cublas,double,global,global,16384,16384,20,8,2,4,8,1.958210000e-04,1.168289030e-01,1.389206000e-03,1.183619430e-01,1.168520899e-01,1.156931229e-01,9.023695458e-03,91.888971,92.809477,92.809477,7.317119837e-04,3.792639971e-04,8.327279468e-03,row,1,1.167764270e-01,91.948508
cublas,double,global,global,16384,16384,20,8,2,4,9,2.000620000e-04,1.167192960e-01,1.413508000e-03,1.182760980e-01,1.170692417e-01,1.155203857e-01,9.023251024e-03,91.718526,92.948255,92.948255,7.476800084e-04,3.705280125e-04,8.324595031e-03,row,1,1.166611560e-01,92.039361
cublas,double,global,global,16384,16384,20,8,2,4,10,2.152580000e-04,1.168627850e-01,1.358097000e-03,1.183579010e-01,1.167948227e-01,1.156380157e-01,9.021956048e-03,91.934026,92.853705,92.853705,7.438399792e-04,3.765119910e-04,8.309956066e-03,row,1,1.167843600e-01,91.942262
cublas,double,global,global,16384,16384,20,8,2,4,11,2.005490000e-04,1.168146210e-01,1.340998000e-03,1.183028700e-01,1.167646350e-01,1.156123810e-01,9.014876598e-03,91.957794,92.874294,92.874294,7.518720031e-04,3.681280017e-04,8.310716593e-03,row,1,1.167615940e-01,91.960189
cublas,double,global,global,16384,16384,20,8,2,4,12,2.021330000e-04,1.168454250e-01,1.354378000e-03,1.183437170e-01,1.163417866e-01,1.156424026e-01,9.009057347e-03,92.292018,92.850183,92.850183,7.639999986e-04,3.918719888e-04,8.297313367e-03,row,1,1.167855640e-01,91.941314
cublas,double,global,global,16384,16384,20,8,2,4,13,2.013600000e-04,1.168445630e-01,1.336164000e-03,1.183154640e-01,1.162939535e-01,1.156284485e-01,9.018591973e-03,92.329979,92.861388,92.861388,7.577599883e-04,3.766399920e-04,8.308671984e-03,row,1,1.167757850e-01,91.949014
cublas,double,global,global,16384,16384,20,8,2,4,14,2.037300000e-04,1.169514290e-01,1.348594000e-03,1.184355290e-01,1.168770020e-01,1.157307510e-01,9.040164683e-03,91.869385,92.779301,92.779301,7.572799921e-04,6.725119948e-04,8.338596676e-03,row,1,1.168835740e-01,91.864219
cublas,double,global,global,16384,16384,20,8,2,4,15,2.111780000e-04,1.169411530e-01,1.394846000e-03,1.184738660e-01,1.164653830e-01,1.160206070e-01,9.153089803e-03,92.194075,92.547510,92.547510,7.156800032e-04,6.720960140e-04,8.324353825e-03,row,1,1.168734540e-01,91.872173
cublas,double,global,global,16384,16384,20,8,2,4,16,2.029220000e-04,1.168412830e-01,1.354411000e-03,1.183437360e-01,1.172378983e-01,1.160541153e-01,9.095334208e-03,91.586581,92.520788,92.520788,7.654079795e-04,3.745599985e-04,8.318886197e-03,row,1,1.167866570e-01,91.940454
cublas,double,global,global,16384,16384,20,8,2,4,17,2.083410000e-04,1.171182780e-01,1.364980000e-03,1.186275040e-01,1.174625255e-01,1.159067535e-01,9.009470479e-03,91.411437,92.638418,92.638418,7.583680153e-04,3.766080141e-04,8.307166474e-03,row,1,1.170525230e-01,91.731626
cublas,double,global,global,16384,16384,20,8,2,4,18,2.014600000e-04,1.172221430e-01,1.355909000e-03,1.187273900e-01,1.175211409e-01,1.160073929e-01,9.011198593e-03,91.365844,92.558051,92.558051,7.654719949e-04,3.820480108e-04,8.291134579e-03,row,1,1.171685290e-01,91.640804
cublas,double,global,global,16384,16384,20,8,2,4,19,1.934190000e-04,1.172164570e-01,1.599684000e-03,1.189631560e-01,1.171489698e-01,1.160174408e-01,9.024061104e-03,91.656105,92.550035,92.550035,7.528319955e-04,3.975360096e-04,8.312381109e-03,row,1,1.171701890e-01,91.639506
cublas,double,global,global,16384,16384,20,8,2,4,20,2.194500000e-04,1.168584280e-01,1.406623000e-03,1.183996450e-01,1.167902924e-01,1.156385574e-01,9.027669671e-03,91.937592,92.853270,92.853270,7.405120134e-04,3.742400110e-04,8.335317674e-03,row,1,1.167746330e-01,91.949921
cublas,double,global,global,16384,16384,32,8,2,4,1,4.020940000e-04,1.176388550e-01,2.237291000e-03,1.201819640e-01,1.182349770e-01,1.156965790e-01,9.548370573e-03,145.302766,148.490728,148.490728,1.261952043e-03,5.457919836e-04,8.379794571e-03,row,1,1.175397650e-01,146.162188
cublas,double,global,global,16384,16384,32,8,2,4,2,3.720160000e-04,1.173957380e-01,2.258767000e-03,1.199715140e-01,1.173152406e-01,1.160476456e-01,9.699533580e-03,146.441921,148.041514,148.041514,1.281695962e-03,5.640640259e-04,8.339981614e-03,row,1,1.173380430e-01,146.413463
cublas,double,global,global,16384,16384,32,8,2,4,3,3.764130000e-04,1.179612690e-01,2.574286000e-03,1.208203450e-01,1.189387709e-01,1.159882889e-01,9.550871684e-03,144.442969,148.117274,148.117274,1.270527959e-03,5.745599866e-04,8.389271690e-03,row,1,1.178695660e-01,145.753223
cublas,double,global,global,16384,16384,32,8,2,4,4,6.876920000e-04,1.175822510e-01,2.325177000e-03,1.201761730e-01,1.182833114e-01,1.154175644e-01,9.760489579e-03,145.243390,148.849694,148.849694,1.147359967e-03,5.590080023e-04,8.677769537e-03,row,1,1.171619850e-01,146.633477
cublas,double,global,global,16384,16384,32,8,2,4,5,4.955010000e-04,1.175206430e-01,2.260259000e-03,1.200832730e-01,1.182168348e-01,1.161429138e-01,9.816348275e-03,145.325065,147.920081,147.920081,1.257408023e-03,5.664319992e-04,8.564988276e-03,row,1,1.173312240e-01,146.421972
cublas,double,global,global,16384,16384,32,8,2,4,6,3.884630000e-04,1.176060090e-01,2.236510000e-03,1.201410390e-01,1.176964833e-01,1.158114853e-01,9.466450008e-03,145.967566,148.343397,148.343397,1.226336002e-03,5.611839890e-04,8.334033998e-03,row,1,1.175150740e-01,146.192898
cublas,double,global,global,16384,16384,32,8,2,4,7,3.796230000e-04,1.177219920e-01,2.312541000e-03,1.203391790e-01,1.184001826e-01,1.157847366e-01,9.536195638e-03,145.100023,148.377668,148.377668,1.275647998e-03,5.501440167e-04,8.360995652e-03,row,1,1.176444150e-01,146.032170
cublas,double,global,global,16384,16384,32,8,2,4,8,3.830390000e-04,1.173531990e-01,2.291963000e-03,1.199491370e-01,1.180300223e-01,1.154137573e-01,9.555149073e-03,145.555079,148.854604,148.854604,1.281728029e-03,5.580480099e-04,8.369869108e-03,row,1,1.172723930e-01,146.495426
cublas,double,global,global,16384,16384,32,8,2,4,9,3.826200000e-04,1.178981870e-01,2.267286000e-03,1.204820360e-01,1.185330303e-01,1.159845123e-01,9.506837908e-03,144.937400,148.122097,148.122097,1.260895967e-03,5.724800229e-04,8.348181907e-03,row,1,1.178304400e-01,145.801621
cublas,double,global,global,16384,16384,32,8,2,4,10,3.762430000e-04,1.176573840e-01,2.283774000e-03,1.202280730e-01,1.182901420e-01,1.156967010e-01,9.570321223e-03,145.235003,148.490571,148.490571,1.268704057e-03,5.727679729e-04,8.416369220e-03,row,1,1.175656450e-01,146.130013
cublas,double,global,global,16384,16384,32,8,2,4,11,3.800830000e-04,1.177292800e-01,2.231305000e-03,1.202746320e-01,1.183894007e-01,1.158102417e-01,9.525434323e-03,145.113237,148.344990,148.344990,1.261536002e-03,5.534399748e-04,8.364090331e-03,row,1,1.176608450e-01,146.011778
cublas,double,global,global,16384,16384,32,8,2,4,12,3.805870000e-04,1.177312400e-01,2.231380000e-03,1.202611800e-01,1.183284788e-01,1.157815018e-01,9.535341521e-03,145.187949,148.381813,148.381813,1.266240001e-03,1.036767960e-03,8.370861490e-03,row,1,1.176466570e-01,146.029387
cublas,double,global,global,16384,16384,32,8,2,4,13,3.917030000e-04,1.176035380e-01,2.234040000e-03,1.201571240e-01,1.176146664e-01,1.157059174e-01,9.514405329e-03,146.069106,148.478743,148.478743,1.260895967e-03,6.001600027e-04,8.348101277e-03,row,1,1.175317890e-01,146.172107
cublas,double,global,global,16384,16384,32,8,2,4,14,3.755170000e-04,1.175304720e-01,2.727983000e-03,1.205646040e-01,1.181783464e-01,1.156167984e-01,9.520634509e-03,145.372394,148.593193,148.593193,1.248576045e-03,5.749760270e-04,8.371354557e-03,row,1,1.174586820e-01,146.263085
cublas,double,global,global,16384,16384,32,8,2,4,15,4.128760000e-04,1.178871400e-01,2.196905000e-03,1.203792340e-01,1.185308805e-01,1.159853745e-01,9.487364136e-03,144.940028,148.120996,148.120996,1.196159959e-03,5.765439868e-04,8.391812109e-03,row,1,1.177658050e-01,145.881644
cublas,double,global,global,16384,16384,32,8,2,4,16,3.749550000e-04,1.173323070e-01,2.272228000e-03,1.199192160e-01,1.180239341e-01,1.154240341e-01,9.490601736e-03,145.562587,148.841351,148.841351,1.252287984e-03,5.548480153e-04,8.331561703e-03,row,1,1.172691800e-01,146.499440
cublas,double,global,global,16384,16384,32,8,2,4,17,4.067460000e-04,1.179325270e-01,2.251951000e-03,1.204828400e-01,1.185886806e-01,1.159828796e-01,9.564886727e-03,144.869385,148.124182,148.124182,1.245887995e-03,5.636159778e-04,8.417206742e-03,row,1,1.178221300e-01,145.811905
cublas,double,global,global,16384,16384,32,8,2,4,18,3.828820000e-04,1.173510870e-01,2.591137000e-03,1.202280830e-01,1.180095617e-01,1.160443497e-01,9.604300672e-03,145.580315,148.045719,148.045719,1.275840044e-03,5.663679838e-04,8.335116679e-03,row,1,1.172524240e-01,146.520375
cublas,double,global,global,16384,16384,32,8,2,4,19,3.840620000e-04,1.176686130e-01,2.166362000e-03,1.201444560e-01,1.184236681e-01,1.158776321e-01,9.467804119e-03,145.071247,148.258718,148.258718,1.225343943e-03,5.641919971e-04,8.340860113e-03,row,1,1.175924680e-01,146.096680
cublas,double,global,global,16384,16384,32,8,2,4,20,3.866100000e-04,1.174383260e-01,2.436631000e-03,1.201682000e-01,1.175935605e-01,1.155970535e-01,9.514091953e-03,146.095323,148.618573,148.618573,1.211743951e-03,5.741440058e-04,8.400139972e-03,row,1,1.173539600e-01,146.393604
cublas,double,global,global,16384,16384,3,8,4,2,1,8.501500000e-05,1.031492640e-01,3.423500000e-05,1.032414060e-01,1.029514204e-01,1.028542404e-01,1.243790688e-02,15.644395,15.659177,15.659177,2.139839977e-04,3.683200106e-05,1.232949088e-02,row,1,1.031235400e-01,15.618284
cublas,double,global,global,16384,16384,3,8,4,2,2,8.192000000e-05,1.031762870e-01,3.332700000e-05,1.032568570e-01,1.029716237e-01,1.028683167e-01,1.243560175e-02,15.641326,15.657034,15.657034,2.266239971e-04,5.593600124e-05,1.230558575e-02,row,1,1.031397830e-01,15.615824
cublas,double,global,global,16384,16384,3,8,4,2,3,7.880500000e-05,1.031386420e-01,4.113600000e-05,1.032424110e-01,1.030863415e-01,1.029790115e-01,1.247570641e-02,15.623920,15.640204,15.640204,2.178879976e-04,4.287999868e-05,1.231714641e-02,row,1,1.031216870e-01,15.618565
cublas,double,global,global,16384,16384,3,8,4,2,4,1.246610000e-04,1.032013100e-01,3.673700000e-05,1.032903690e-01,1.030248852e-01,1.028634872e-01,1.253654560e-02,15.633240,15.657769,15.657769,2.043839991e-04,5.119999871e-05,1.237395360e-02,row,1,1.031292300e-01,15.617422
cublas,double,global,global,16384,16384,3,8,4,2,5,1.038700000e-04,1.031720380e-01,3.812400000e-05,1.032729110e-01,1.029627036e-01,1.028548126e-01,1.242408129e-02,15.642681,15.659090,15.659090,2.139199972e-04,4.191999882e-05,1.231451329e-02,row,1,1.031306530e-01,15.617207
cublas,double,global,global,16384,16384,3,8,4,2,6,1.059500000e-04,1.031772750e-01,3.465600000e-05,1.032692530e-01,1.029716430e-01,1.028595200e-01,1.249175063e-02,15.641323,15.658373,15.658373,2.270399928e-04,5.529600009e-05,1.234218263e-02,row,1,1.031337350e-01,15.616740
cublas,double,global,global,16384,16384,3,8,4,2,7,7.508500000e-05,1.032696370e-01,3.426400000e-05,1.033375440e-01,1.030756579e-01,1.029924469e-01,1.257765040e-02,15.625539,15.638164,15.638164,2.180480063e-04,4.025600106e-05,1.233880240e-02,row,1,1.032259550e-01,15.602788
cublas,double,global,global,16384,16384,3,8,4,2,8,7.453100000e-05,1.031750980e-01,3.592100000e-05,1.032479140e-01,1.030835709e-01,1.029935989e-01,1.247938038e-02,15.624340,15.637989,15.637989,2.156160027e-04,7.980799675e-05,1.233208438e-02,row,1,1.031378150e-01,15.616122
cublas,double,global,global,16384,16384,3,8,4,2,9,7.201200000e-05,1.031300400e-01,3.253500000e-05,1.032209940e-01,1.030782300e-01,1.029793930e-01,1.247485426e-02,15.625149,15.640146,15.640146,2.212480009e-04,4.707200080e-05,1.232589426e-02,row,1,1.031196770e-01,15.618869
cublas,double,global,global,16384,16384,3,8,4,2,10,7.054200000e-05,1.031424650e-01,3.585800000e-05,1.032320920e-01,1.029386967e-01,1.028499527e-01,1.244182718e-02,15.646329,15.659830,15.659830,2.146240026e-04,4.237760007e-04,1.233331518e-02,row,1,1.031243290e-01,15.618165
cublas,double,global,global,16384,16384,3,8,4,2,11,7.946800000e-05,1.031916390e-01,3.456500000e-05,1.032617820e-01,1.029806928e-01,1.028695068e-01,1.245519150e-02,15.639949,15.656853,15.656853,2.275519967e-04,3.807999939e-05,1.234763951e-02,row,1,1.031471330e-01,15.614712
cublas,double,global,global,16384,16384,3,8,4,2,12,8.239700000e-05,1.031758930e-01,3.662300000e-05,1.032606380e-01,1.029807122e-01,1.028675842e-01,1.245278650e-02,15.639946,15.657146,15.657146,2.276159972e-04,3.667199984e-05,1.234453051e-02,row,1,1.031409900e-01,15.615642
cublas,double,global,global,16384,16384,3,8,4,2,13,7.620100000e-05,1.031394720e-01,3.286300000e-05,1.032253440e-01,1.029564764e-01,1.028486404e-01,1.243009382e-02,15.643627,15.660029,15.660029,2.256319970e-04,3.836800158e-05,1.232049382e-02,row,1,1.031150930e-01,15.619563
cublas,double,global,global,16384,16384,3,8,4,2,14,7.725700000e-05,1.031451460e-01,3.268200000e-05,1.032317460e-01,1.029485771e-01,1.028487701e-01,1.243994033e-02,15.644828,15.660010,15.660010,2.167679965e-04,3.638400137e-05,1.232870833e-02,row,1,1.031217240e-01,15.618559
cublas,double,global,global,16384,16384,3,8,4,2,15,7.308400000e-05,1.031650690e-01,3.946500000e-05,1.032639400e-01,1.029667894e-01,1.028542404e-01,1.245156064e-02,15.642060,15.659177,15.659177,2.269120067e-04,4.220800102e-05,1.234349664e-02,row,1,1.031511780e-01,15.614099
cublas,double,global,global,16384,16384,3,8,4,2,16,1.100600000e-04,1.032045200e-01,5.311200000e-05,1.033183590e-01,1.030402826e-01,1.029037476e-01,1.243601269e-02,15.630904,15.651643,15.651643,2.231040001e-04,9.043200314e-05,1.233207669e-02,row,1,1.031543240e-01,15.613623
cublas,double,global,global,16384,16384,3,8,4,2,17,9.049200000e-05,1.031904850e-01,4.100100000e-05,1.032610670e-01,1.031350488e-01,1.030148468e-01,1.246480588e-02,15.616541,15.634763,15.634763,2.233919948e-04,8.886399865e-05,1.233398989e-02,row,1,1.031300610e-01,15.617296
cublas,double,global,global,16384,16384,3,8,4,2,18,9.176200000e-05,1.031775770e-01,3.338400000e-05,1.032450550e-01,1.029684951e-01,1.028570251e-01,1.241827020e-02,15.641801,15.658753,15.658753,2.114560008e-04,4.464000091e-05,1.230847820e-02,row,1,1.031222130e-01,15.618485
cublas,double,global,global,16384,16384,3,8,4,2,19,7.868100000e-05,1.033454280e-01,3.561100000e-05,1.034466660e-01,1.031540426e-01,1.030502396e-01,1.248731948e-02,15.613666,15.629393,15.629393,2.104640007e-04,4.601600021e-05,1.237067948e-02,row,1,1.033314100e-01,15.586865
cublas,double,global,global,16384,16384,3,8,4,2,20,8.575600000e-05,1.031656680e-01,3.607200000e-05,1.032641020e-01,1.029822778e-01,1.028616028e-01,1.244052190e-02,15.639708,15.658056,15.658056,2.300159931e-04,4.089599848e-05,1.232493790e-02,row,1,1.031417200e-01,15.615531
cublas,double,global,global,16384,16384,6,8,4,2,1,1.787180000e-04,1.032703590e-01,6.868300000e-05,1.034658750e-01,1.029626604e-01,1.027351074e-01,1.257915874e-02,31.285375,31.354671,31.354671,4.131839871e-04,5.715199932e-05,1.237506274e-02,row,1,1.032178040e-01,31.208041
cublas,double,global,global,16384,16384,6,8,4,2,2,1.270170000e-04,1.032957990e-01,6.809500000e-05,1.034099590e-01,1.029148024e-01,1.027392654e-01,1.252461159e-02,31.299924,31.353402,31.353402,4.006719887e-04,5.667199939e-05,1.232477158e-02,row,1,1.032206450e-01,31.207182
cublas,double,global,global,16384,16384,6,8,4,2,3,1.739760000e-04,1.032490960e-01,6.757900000e-05,1.034365220e-01,1.029403296e-01,1.027236786e-01,1.255744561e-02,31.292162,31.358159,31.358159,4.031359851e-04,5.961599946e-05,1.235274161e-02,row,1,1.032015310e-01,31.212962
cublas,double,global,global,16384,16384,6,8,4,2,4,1.576530000e-04,1.032678810e-01,9.814500000e-05,1.034906460e-01,1.029682185e-01,1.027509155e-01,1.255042133e-02,31.283687,31.349847,31.349847,4.024960101e-04,1.132159978e-04,1.235019732e-02,row,1,1.032337190e-01,31.203230
cublas,double,global,global,16384,16384,6,8,4,2,5,2.095440000e-04,1.033200340e-01,9.667000000e-05,1.035391690e-01,1.030264804e-01,1.027478714e-01,1.254103591e-02,31.265995,31.350776,31.350776,3.987520039e-04,3.179199994e-04,1.207853991e-02,row,1,1.032325020e-01,31.203598
cublas,double,global,global,16384,16384,6,8,4,2,6,1.851160000e-04,1.033515080e-01,7.237600000e-05,1.034817220e-01,1.029887632e-01,1.027395172e-01,1.252821615e-02,31.277446,31.353325,31.353325,4.018560052e-04,6.150399894e-05,1.232178415e-02,row,1,1.032232110e-01,31.206406
cublas,double,global,global,16384,16384,6,8,4,2,7,1.902920000e-04,1.033111840e-01,7.066500000e-05,1.035055230e-01,1.030426982e-01,1.027915802e-01,1.258668271e-02,31.261075,31.337445,31.337445,3.965120018e-04,6.604799628e-05,1.238732271e-02,row,1,1.032434110e-01,31.200301
cublas,double,global,global,16384,16384,6,8,4,2,8,1.603540000e-04,1.032450910e-01,8.276700000e-05,1.034508270e-01,1.029689456e-01,1.027263336e-01,1.255153766e-02,31.283466,31.357349,31.357349,4.003199935e-04,1.231039986e-04,1.228360166e-02,row,1,1.032103110e-01,31.210307
cublas,double,global,global,16384,16384,6,8,4,2,9,1.371640000e-04,1.032389230e-01,6.933400000e-05,1.034179590e-01,1.029209646e-01,1.027356186e-01,1.253741887e-02,31.298050,31.354515,31.354515,4.104320109e-04,6.569600105e-05,1.234660287e-02,row,1,1.032106810e-01,31.210195
cublas,double,global,global,16384,16384,6,8,4,2,10,1.749870000e-04,1.033001370e-01,7.268700000e-05,1.034670210e-01,1.029826265e-01,1.027486115e-01,1.256852763e-02,31.279310,31.350550,31.350550,3.985919952e-04,5.609599873e-05,1.236615962e-02,row,1,1.032220800e-01,31.206748
cublas,double,global,global,16384,16384,6,8,4,2,11,1.545060000e-04,1.032891720e-01,6.828800000e-05,1.034653930e-01,1.029782484e-01,1.027624664e-01,1.257406885e-02,31.280640,31.346323,31.346323,4.003199935e-04,5.510399863e-05,1.237259685e-02,row,1,1.032417750e-01,31.200795
cublas,double,global,global,16384,16384,6,8,4,2,12,1.608830000e-04,1.032304690e-01,6.782100000e-05,1.034347420e-01,1.029183678e-01,1.027260818e-01,1.254515864e-02,31.298839,31.357426,31.357426,4.023680091e-04,5.824000016e-05,1.234122263e-02,row,1,1.032054830e-01,31.211767
cublas,double,global,global,16384,16384,6,8,4,2,13,1.458590000e-04,1.032250110e-01,7.067100000e-05,1.034214690e-01,1.029404034e-01,1.027287064e-01,1.253135064e-02,31.292140,31.356625,31.356625,3.972800076e-04,5.315199867e-05,1.233685464e-02,row,1,1.032040600e-01,31.212197
cublas,double,global,global,16384,16384,6,8,4,2,14,1.859160000e-04,1.032938130e-01,6.820000000e-05,1.034892400e-01,1.029901200e-01,1.027472000e-01,1.258817793e-02,31.277034,31.350981,31.350981,4.109440148e-04,5.766399950e-05,1.238510593e-02,row,1,1.032345760e-01,31.202971
cublas,double,global,global,16384,16384,6,8,4,2,15,1.746500000e-04,1.034531490e-01,6.788100000e-05,1.036495140e-01,1.032114380e-01,1.030041580e-01,1.279795186e-02,31.209966,31.272771,31.272771,4.001600146e-04,5.622399971e-05,1.237817585e-02,row,1,1.034066590e-01,31.151045
cublas,double,global,global,16384,16384,6,8,4,2,16,1.679440000e-04,1.032544440e-01,6.784000000e-05,1.034486920e-01,1.029434076e-01,1.027356186e-01,1.256306058e-02,31.291226,31.354515,31.354515,4.046080112e-04,5.488000065e-05,1.236642057e-02,row,1,1.032121530e-01,31.209750
cublas,double,global,global,16384,16384,6,8,4,2,17,1.661630000e-04,1.033185790e-01,7.147800000e-05,1.035098120e-01,1.029644447e-01,1.027342377e-01,1.262930135e-02,31.284833,31.354936,31.354936,3.963840008e-04,8.886399865e-05,1.239746135e-02,row,1,1.032711770e-01,31.191912
cublas,double,global,global,16384,16384,6,8,4,2,18,1.357450000e-04,1.033787690e-01,8.564300000e-05,1.035358260e-01,1.031612673e-01,1.029875183e-01,1.270780169e-02,31.225144,31.277824,31.277824,3.749760091e-04,9.328000247e-05,1.236594569e-02,row,1,1.033166120e-01,31.178195
cublas,double,global,global,16384,16384,6,8,4,2,19,1.568150000e-04,1.031592200e-01,6.729000000e-05,1.033666810e-01,1.029084792e-01,1.026911392e-01,1.252645966e-02,31.301847,31.368096,31.368096,4.065920115e-04,5.951999873e-05,1.232245966e-02,row,1,1.031423740e-01,31.230864
cublas,double,global,global,16384,16384,6,8,4,2,20,1.461360000e-04,1.032349280e-01,6.947100000e-05,1.034246060e-01,1.029362049e-01,1.027302399e-01,1.253742051e-02,31.293416,31.356156,31.356156,3.989120126e-04,6.172800064e-05,1.234250852e-02,row,1,1.032076610e-01,31.211108
cublas,double,global,global,16384,16384,8,8,4,2,1,1.871990000e-04,1.033275230e-01,9.336000000e-05,1.035733320e-01,1.028995519e-01,1.026620789e-01,1.260670729e-02,41.739417,41.835967,41.835967,5.377280116e-04,7.241600007e-05,1.233931530e-02,row,1,1.032952040e-01,41.579542
cublas,double,global,global,16384,16384,8,8,4,2,2,1.734000000e-04,1.033155760e-01,8.846100000e-05,1.035498230e-01,1.029192907e-01,1.026589127e-01,1.259709331e-02,41.731412,41.837257,41.837257,5.336639881e-04,7.648000121e-05,1.233133332e-02,row,1,1.032863440e-01,41.583109
cublas,double,global,global,16384,16384,8,8,4,2,3,1.850330000e-04,1.033270670e-01,1.030930000e-04,1.035841820e-01,1.029532795e-01,1.026651535e-01,1.261492041e-02,41.717635,41.834714,41.834714,5.380480289e-04,7.977599651e-05,1.234916040e-02,row,1,1.032953580e-01,41.579480
cublas,double,global,global,16384,16384,8,8,4,2,4,2.036850000e-04,1.033261220e-01,1.313610000e-04,1.036287310e-01,1.029506167e-01,1.026611557e-01,1.262527339e-02,41.718714,41.836343,41.836343,5.369600058e-04,1.478080004e-04,1.236092138e-02,row,1,1.032924490e-01,41.580651
cublas,double,global,global,16384,16384,8,8,4,2,5,3.764540000e-04,1.034879720e-01,1.410640000e-04,1.037935690e-01,1.031168748e-01,1.026541138e-01,1.270872199e-02,41.651449,41.839213,41.839213,5.296959877e-04,1.436160058e-04,1.244222598e-02,row,1,1.032750080e-01,41.587673
cublas,double,global,global,16384,16384,8,8,4,2,6,2.960140000e-04,1.034303400e-01,9.868600000e-05,1.036936430e-01,1.030600149e-01,1.026763229e-01,1.262465759e-02,41.674429,41.830163,41.830163,5.303999782e-04,8.144000173e-05,1.236084959e-02,row,1,1.032980080e-01,41.578414
cublas,double,global,global,16384,16384,8,8,4,2,7,2.226990000e-04,1.033436090e-01,9.253700000e-05,1.036094070e-01,1.029660205e-01,1.026655655e-01,1.263783748e-02,41.712472,41.834546,41.834546,5.341759920e-04,7.552000135e-05,1.237354948e-02,row,1,1.032931990e-01,41.580349
cublas,double,global,global,16384,16384,8,8,4,2,8,1.699790000e-04,1.033472520e-01,1.006700000e-04,1.035506830e-01,1.029337561e-01,1.026633301e-01,1.261602381e-02,41.725547,41.835457,41.835457,5.254399776e-04,1.568319947e-04,1.226399182e-02,row,1,1.032795560e-01,41.585842
cublas,double,global,global,16384,16384,8,8,4,2,9,2.030560000e-04,1.033239600e-01,9.348600000e-05,1.035768150e-01,1.029389672e-01,1.026492462e-01,1.263735118e-02,41.723435,41.841197,41.841197,5.279999971e-04,7.587199658e-05,1.238314319e-02,row,1,1.032790460e-01,41.586047
cublas,double,global,global,16384,16384,8,8,4,2,10,1.894760000e-04,1.033615390e-01,9.011200000e-05,1.035512890e-01,1.029255016e-01,1.026469116e-01,1.258818701e-02,41.728894,41.842148,41.842148,5.377280116e-04,7.795199752e-05,1.232722702e-02,row,1,1.032695770e-01,41.589860
cublas,double,global,global,16384,16384,8,8,4,2,11,1.867190000e-04,1.033328960e-01,9.883600000e-05,1.035691850e-01,1.029323310e-01,1.026546860e-01,1.262238878e-02,41.726125,41.838979,41.838979,5.418879986e-04,6.982400268e-05,1.234875678e-02,row,1,1.032825640e-01,41.584631
cublas,double,global,global,16384,16384,8,8,4,2,12,1.851800000e-04,1.033067440e-01,8.834800000e-05,1.035581820e-01,1.029329213e-01,1.026593933e-01,1.261131011e-02,41.725886,41.837061,41.837061,5.345919728e-04,7.516799867e-05,1.234839811e-02,row,1,1.032832540e-01,41.584353
cublas,double,global,global,16384,16384,8,8,4,2,13,2.109380000e-04,1.033355870e-01,9.350700000e-05,1.035876270e-01,1.029546463e-01,1.026571503e-01,1.263100728e-02,41.717081,41.837975,41.837975,5.340800285e-04,7.388799638e-05,1.237398327e-02,row,1,1.032817550e-01,41.584957
cublas,double,global,global,16384,16384,8,8,4,2,14,1.957340000e-04,1.032981550e-01,9.466700000e-05,1.035683070e-01,1.029311383e-01,1.026609573e-01,1.259565149e-02,41.726608,41.836424,41.836424,5.284799933e-04,7.497599721e-05,1.233945949e-02,row,1,1.032762820e-01,41.587160
cublas,double,global,global,16384,16384,8,8,4,2,15,1.945780000e-04,1.033160420e-01,1.270640000e-04,1.036150290e-01,1.029350596e-01,1.026659546e-01,1.262753655e-02,41.725019,41.834387,41.834387,5.377920270e-04,1.312959939e-04,1.235457655e-02,row,1,1.032915200e-01,41.581025
cublas,double,global,global,16384,16384,8,8,4,2,16,2.724560000e-04,1.033960800e-01,1.334720000e-04,1.036880410e-01,1.030214452e-01,1.026631012e-01,1.261563966e-02,41.690032,41.835550,41.835550,5.280640125e-04,7.280000299e-05,1.235439167e-02,row,1,1.032810550e-01,41.585238
cublas,double,global,global,16384,16384,8,8,4,2,17,2.065590000e-04,1.033117800e-01,1.030060000e-04,1.035782190e-01,1.030086660e-01,1.027131500e-01,1.261296773e-02,41.695204,41.815165,41.815165,4.617919922e-04,1.050560027e-04,1.236487172e-02,row,1,1.032673090e-01,41.590774
cublas,double,global,global,16384,16384,8,8,4,2,18,2.235480000e-04,1.033578130e-01,1.412680000e-04,1.036700020e-01,1.030438630e-01,1.027348480e-01,1.262696428e-02,41.680962,41.806333,41.806333,5.271999836e-04,1.668480039e-04,1.236200427e-02,row,1,1.033062120e-01,41.575112
cublas,double,global,global,16384,16384,8,8,4,2,19,2.780290000e-04,1.034729960e-01,9.241300000e-05,1.036827860e-01,1.030892658e-01,1.027200928e-01,1.260703222e-02,41.662604,41.812339,41.812339,5.460159779e-04,7.852800190e-05,1.232600822e-02,row,1,1.033122310e-01,41.572689
cublas,double,global,global,16384,16384,8,8,4,2,20,2.180490000e-04,1.033589470e-01,1.071840000e-04,1.036242340e-01,1.029887086e-01,1.026648636e-01,1.267158433e-02,41.703283,41.834832,41.834832,5.374079943e-04,8.236800134e-05,1.240118433e-02,row,1,1.032977440e-01,41.578520
cublas,double,global,global,16384,16384,20,8,4,2,1,9.373180000e-04,1.046075860e-01,3.152650000e-04,1.051525730e-01,1.032485391e-01,1.023423691e-01,1.316836452e-02,103.995837,104.916647,104.916647,1.327872038e-03,2.083519995e-04,1.235386850e-02,row,1,1.038993670e-01,103.344405
cublas,double,global,global,16384,16384,20,8,4,2,2,9.834520000e-04,1.049692130e-01,3.122860000e-04,1.055653940e-01,1.037311693e-01,1.027017593e-01,1.316585376e-02,103.511975,104.549506,104.549506,1.343647957e-03,2.029760033e-04,1.234652578e-02,row,1,1.042684740e-01,102.978569
cublas,double,global,global,16384,16384,20,8,4,2,3,9.420380000e-04,1.050757060e-01,3.258100000e-04,1.056614260e-01,1.034962284e-01,1.028407364e-01,1.344563346e-02,103.746952,104.408220,104.408220,1.329728007e-03,2.088640034e-04,1.254041745e-02,row,1,1.043933390e-01,102.855396
cublas,double,global,global,16384,16384,20,8,4,2,4,9.115440000e-04,1.046359830e-01,3.933420000e-04,1.052877270e-01,1.033554203e-01,1.024177933e-01,1.316872844e-02,103.888294,104.839383,104.839383,1.342336059e-03,3.502399921e-04,1.235602441e-02,row,1,1.039811270e-01,103.263145
cublas,double,global,global,16384,16384,20,8,4,2,5,1.211032000e-03,1.049923530e-01,3.942160000e-04,1.058493040e-01,1.041587805e-01,1.026547165e-01,1.378785758e-02,103.087020,104.597418,104.597418,1.350592017e-03,2.171840072e-04,1.287451357e-02,row,1,1.042428420e-01,103.003890
cublas,double,global,global,16384,16384,20,8,4,2,6,1.539937000e-03,1.052719950e-01,3.097490000e-04,1.058532800e-01,1.038451976e-01,1.024416656e-01,1.317820298e-02,103.398313,104.814952,104.814952,1.337311983e-03,2.074880004e-04,1.235903501e-02,row,1,1.040027050e-01,103.241721
cublas,double,global,global,16384,16384,20,8,4,2,7,9.468140000e-04,1.048656370e-01,3.280660000e-04,1.054502380e-01,1.036136248e-01,1.026324768e-01,1.316054946e-02,103.629405,104.620083,104.620083,1.318271995e-03,2.070399970e-04,1.236016548e-02,row,1,1.041749020e-01,103.071066
cublas,double,global,global,16384,16384,20,8,4,2,8,9.325500000e-04,1.045739210e-01,3.377160000e-04,1.051614510e-01,1.033068470e-01,1.023430710e-01,1.316093226e-02,103.937140,104.915928,104.915928,1.326400042e-03,3.645119965e-04,1.235725225e-02,row,1,1.038917610e-01,103.351971
cublas,double,global,global,16384,16384,20,8,4,2,9,9.587110000e-04,1.048612460e-01,3.175130000e-04,1.054400950e-01,1.040050767e-01,1.027446747e-01,1.376022299e-02,103.239367,104.505837,104.505837,1.302399993e-03,2.187519968e-04,1.297148700e-02,row,1,1.041627480e-01,103.083093
cublas,double,global,global,16384,16384,20,8,4,2,10,9.579700000e-04,1.049425360e-01,3.337960000e-04,1.055460720e-01,1.036774528e-01,1.026960678e-01,1.315984122e-02,103.565606,104.555301,104.555301,1.330207944e-03,2.169599980e-04,1.234873721e-02,row,1,1.042541100e-01,102.992757
cublas,double,global,global,16384,16384,20,8,4,2,11,1.078239000e-03,1.046909710e-01,3.194230000e-04,1.052994320e-01,1.034069126e-01,1.023337936e-01,1.316818345e-02,103.836561,104.925439,104.925439,1.341951966e-03,2.133439928e-04,1.233455147e-02,row,1,1.039022190e-01,103.341568
cublas,double,global,global,16384,16384,20,8,4,2,12,9.727080000e-04,1.045905450e-01,3.257650000e-04,1.051960650e-01,1.033351527e-01,1.023345947e-01,1.317176820e-02,103.908670,104.924618,104.924618,1.340191960e-03,2.272959948e-04,1.235541620e-02,row,1,1.038973740e-01,103.346387
cublas,double,global,global,16384,16384,20,8,4,2,13,9.641010000e-04,1.045763040e-01,3.136820000e-04,1.051604850e-01,1.032919093e-01,1.023264313e-01,1.315667454e-02,103.952171,104.932989,104.932989,1.325600028e-03,2.130559981e-04,1.234089852e-02,row,1,1.038826140e-01,103.361071
cublas,double,global,global,16384,16384,20,8,4,2,14,9.381620000e-04,1.045814330e-01,3.204300000e-04,1.051538540e-01,1.033171114e-01,1.023283234e-01,1.317141937e-02,103.926814,104.931048,104.931048,1.346688032e-03,2.066559941e-04,1.234393135e-02,row,1,1.038944120e-01,103.349334
cublas,double,global,global,16384,16384,20,8,4,2,15,9.439490000e-04,1.053379390e-01,3.780540000e-04,1.059646740e-01,1.038752778e-01,1.029354858e-01,1.331364573e-02,103.368371,104.312115,104.312115,1.326912045e-03,3.779520094e-04,1.234846170e-02,row,1,1.046466970e-01,102.606375
cublas,double,global,global,16384,16384,20,8,4,2,16,9.652240000e-04,1.050037430e-01,3.349370000e-04,1.055842360e-01,1.036919777e-01,1.027132187e-01,1.317565892e-02,103.551099,104.537842,104.537842,1.349439979e-03,2.318399996e-04,1.235578690e-02,row,1,1.042833180e-01,102.963911
cublas,double,global,global,16384,16384,20,8,4,2,17,1.222802000e-03,1.049284210e-01,3.771270000e-04,1.055555330e-01,1.040434725e-01,1.025407715e-01,1.361068213e-02,103.201268,104.713648,104.713648,1.290912032e-03,3.728959858e-04,1.282565809e-02,row,1,1.039540570e-01,103.290036
cublas,double,global,global,16384,16384,20,8,4,2,18,9.857590000e-04,1.052364750e-01,3.134290000e-04,1.058744330e-01,1.042074911e-01,1.030210571e-01,1.317710733e-02,103.038833,104.225471,104.225471,1.327968001e-03,2.275840044e-04,1.237137936e-02,row,1,1.045745630e-01,102.677151
cublas,double,global,global,16384,16384,20,8,4,2,19,9.577630000e-04,1.052868620e-01,3.329340000e-04,1.058765390e-01,1.042915805e-01,1.030288925e-01,1.387070664e-02,102.955753,104.217545,104.217545,1.321727991e-03,2.116480023e-04,1.298488268e-02,row,1,1.045845710e-01,102.667326
cublas,double,global,global,16384,16384,20,8,4,2,20,9.447770000e-04,1.044863970e-01,3.349120000e-04,1.050777880e-01,1.034963461e-01,1.028491821e-01,1.538392769e-02,103.746834,104.399646,104.399646,1.337407947e-03,2.074880004e-04,1.456578369e-02,row,1,1.037971370e-01,103.446189
cublas,double,global,global,16384,16384,32,8,4,2,1,1.387303000e-03,1.057951690e-01,5.485510000e-04,1.068126420e-01,1.037076973e-01,1.027156143e-01,1.387103946e-02,165.656645,167.256646,167.256646,1.907552004e-03,3.407999873e-04,1.235852746e-02,row,1,1.048767090e-01,163.810148
cublas,double,global,global,16384,16384,32,8,4,2,2,1.447148000e-03,1.060308980e-01,5.514240000e-04,1.070628350e-01,1.040242640e-01,1.027497940e-01,1.406683455e-02,165.152518,167.201009,167.201009,1.969023943e-03,3.286719918e-04,1.241240255e-02,row,1,1.050575470e-01,163.528177
cublas,double,global,global,16384,16384,32,8,4,2,3,1.376617000e-03,1.062489700e-01,5.545350000e-04,1.072660350e-01,1.042794967e-01,1.030481567e-01,1.404258292e-02,164.748294,166.716899,166.716899,1.950368047e-03,3.186239898e-04,1.243051892e-02,row,1,1.053393650e-01,163.090685
cublas,double,global,global,16384,16384,32,8,4,2,4,1.378321000e-03,1.061638450e-01,6.788530000e-04,1.073141910e-01,1.041346224e-01,1.027295074e-01,1.425352624e-02,164.977495,167.234027,167.234027,1.935552001e-03,5.546240211e-04,1.264018219e-02,row,1,1.052635280e-01,163.208183
cublas,double,global,global,16384,16384,32,8,4,2,5,1.440222000e-03,1.062546600e-01,6.625740000e-04,1.074194130e-01,1.042573561e-01,1.030311661e-01,1.407846946e-02,164.783281,166.744392,166.744392,1.941056013e-03,5.728319883e-04,1.220800550e-02,row,1,1.053167560e-01,163.125697
cublas,double,global,global,16384,16384,32,8,4,2,6,1.390934000e-03,1.056908960e-01,5.778360000e-04,1.067364850e-01,1.039601876e-01,1.024828186e-01,1.447371074e-02,165.254311,167.636580,167.636580,1.945824027e-03,5.429440141e-04,1.284574270e-02,row,1,1.047674780e-01,163.980937
cublas,double,global,global,16384,16384,32,8,4,2,7,1.490751000e-03,1.063244470e-01,5.766500000e-04,1.073855110e-01,1.043137804e-01,1.030156784e-01,1.413715398e-02,164.694148,166.769461,166.769461,1.952927947e-03,3.779200017e-04,1.249948996e-02,row,1,1.053210160e-01,163.119099
cublas,double,global,global,16384,16384,32,8,4,2,8,1.390283000e-03,1.056069680e-01,5.715190000e-04,1.066428380e-01,1.036259736e-01,1.023884506e-01,1.404231256e-02,165.787288,167.791085,167.791085,1.947167993e-03,3.419840038e-04,1.241076054e-02,row,1,1.046844950e-01,164.110924
cublas,double,global,global,16384,16384,32,8,4,2,9,1.390894000e-03,1.062554720e-01,5.600210000e-04,1.072795830e-01,1.042778345e-01,1.030378265e-01,1.405742329e-02,164.750920,166.733614,166.733614,1.947775960e-03,3.343360126e-04,1.242302328e-02,row,1,1.053308240e-01,163.103909
cublas,double,global,global,16384,16384,32,8,4,2,10,1.379225000e-03,1.061538650e-01,5.559700000e-04,1.071737640e-01,1.044112148e-01,1.029414368e-01,1.449111189e-02,164.540459,166.889736,166.889736,1.951392055e-03,3.328639865e-04,1.284986397e-02,row,1,1.052386420e-01,163.246778
cublas,double,global,global,16384,16384,32,8,4,2,11,1.420355000e-03,1.059994630e-01,5.529480000e-04,1.070257250e-01,1.037718345e-01,1.027554245e-01,1.401613831e-02,165.554259,167.191847,167.191847,1.946431994e-03,3.412159979e-04,1.238596236e-02,row,1,1.050543130e-01,163.533211
cublas,double,global,global,16384,16384,32,8,4,2,12,1.406532000e-03,1.057662390e-01,5.541470000e-04,1.067970730e-01,1.038039638e-01,1.025485458e-01,1.408985658e-02,165.503017,167.529135,167.529135,1.946848035e-03,3.393599987e-04,1.245052857e-02,row,1,1.048404900e-01,163.866739
cublas,double,global,global,16384,16384,32,8,4,2,13,1.373141000e-03,1.056823580e-01,6.050720000e-04,1.067473800e-01,1.037536619e-01,1.024740829e-01,1.408217204e-02,165.583256,167.650870,167.650870,1.952352047e-03,3.415040076e-04,1.243638000e-02,row,1,1.047733310e-01,163.971776
cublas,double,global,global,16384,16384,32,8,4,2,14,1.380162000e-03,1.062516850e-01,8.721940000e-04,1.075904790e-01,1.038902495e-01,1.030775375e-01,1.517289497e-02,165.365559,166.669379,166.669379,1.964095950e-03,5.435519814e-04,1.289183902e-02,row,1,1.053473100e-01,163.078385
cublas,double,global,global,16384,16384,32,8,4,2,15,1.368978000e-03,1.056216490e-01,5.697220000e-04,1.066644920e-01,1.038209244e-01,1.025811844e-01,1.393748371e-02,165.475980,167.475832,167.475832,1.894719958e-03,5.447999835e-04,1.245837976e-02,row,1,1.047299850e-01,164.039641
cublas,double,global,global,16384,16384,32,8,4,2,16,1.390651000e-03,1.056270960e-01,5.846740000e-04,1.066813280e-01,1.036109064e-01,1.023486404e-01,1.411334666e-02,165.811397,167.856350,167.856350,1.966016054e-03,3.689279854e-04,1.246112266e-02,row,1,1.047135180e-01,164.065438
cublas,double,global,global,16384,16384,32,8,4,2,17,1.402788000e-03,1.064567180e-01,5.557310000e-04,1.074880880e-01,1.040148888e-01,1.027650528e-01,1.454738044e-02,165.167404,167.176182,167.176182,1.940960050e-03,7.915520072e-04,1.292987641e-02,row,1,1.055312120e-01,162.794200
cublas,double,global,global,16384,16384,32,8,4,2,18,1.436710000e-03,1.062925300e-01,5.548930000e-04,1.073409400e-01,1.043242280e-01,1.030517120e-01,1.406843817e-02,164.677655,166.711148,166.711148,1.958016038e-03,3.368319869e-04,1.243055015e-02,row,1,1.053526480e-01,163.070122
cublas,double,global,global,16384,16384,32,8,4,2,19,1.391968000e-03,1.061682090e-01,5.681370000e-04,1.072084180e-01,1.045536832e-01,1.030552292e-01,1.511342011e-02,164.316250,166.705458,166.705458,1.944255948e-03,3.242560029e-04,1.284874816e-02,row,1,1.052490110e-01,163.230695
cublas,double,global,global,16384,16384,32,8,4,2,20,1.383040000e-03,1.059848560e-01,6.505080000e-04,1.070968550e-01,1.041605584e-01,1.027711334e-01,1.405472007e-02,164.936416,167.166291,167.166291,1.946720004e-03,3.392640054e-04,1.242150408e-02,row,1,1.050655720e-01,163.515687
cublas,double,global,global,16384,16384,3,8,8,1,1,2.094990000e-04,1.228064200e-01,1.186000000e-05,1.229814790e-01,1.225321070e-01,1.223131180e-01,1.431687162e-02,13.144414,13.167948,13.167948,3.984000087e-04,3.299200162e-05,1.413907962e-02,row,1,1.227600320e-01,13.120009
cublas,double,global,global,16384,16384,3,8,8,1,2,2.069280000e-04,1.228036260e-01,1.208100000e-05,1.229754160e-01,1.225145496e-01,1.223093796e-01,1.432016842e-02,13.146298,13.168350,13.168350,4.046080112e-04,2.892800048e-05,1.414221641e-02,row,1,1.227571660e-01,13.120315
cublas,double,global,global,16384,16384,3,8,8,1,3,2.091700000e-04,1.227932820e-01,1.241800000e-05,1.229994290e-01,1.225420698e-01,1.223235168e-01,1.434534243e-02,13.143345,13.166828,13.166828,4.037440121e-04,3.433600068e-05,1.416211043e-02,row,1,1.227766680e-01,13.118231
cublas,double,global,global,16384,16384,3,8,8,1,4,2.723490000e-04,1.228605800e-01,1.251500000e-05,1.230603170e-01,1.225352354e-01,1.223201904e-01,1.432534029e-02,13.144078,13.167186,13.167186,3.967039883e-04,3.606399894e-05,1.415244429e-02,row,1,1.227731720e-01,13.118605
cublas,double,global,global,16384,16384,3,8,8,1,5,2.174100000e-04,1.228020600e-01,1.168700000e-05,1.230037650e-01,1.225511683e-01,1.223249283e-01,1.432195753e-02,13.142369,13.166676,13.166676,4.032000005e-04,3.132800013e-05,1.414714153e-02,row,1,1.227747340e-01,13.118438
cublas,double,global,global,16384,16384,3,8,8,1,6,2.048950000e-04,1.228158150e-01,1.548000000e-05,1.229884430e-01,1.225309763e-01,1.223181763e-01,1.433141664e-02,13.144535,13.167403,13.167403,3.971840143e-04,6.444799900e-05,1.416354464e-02,row,1,1.227670360e-01,13.119261
cublas,double,global,global,16384,16384,3,8,8,1,7,2.676220000e-04,1.228378460e-01,1.136000000e-05,1.230345280e-01,1.225208637e-01,1.223132477e-01,1.438798735e-02,13.145620,13.167934,13.167934,4.091520011e-04,2.873600088e-05,1.421845135e-02,row,1,1.227551290e-01,13.120533
cublas,double,global,global,16384,16384,3,8,8,1,8,2.044960000e-04,1.228106790e-01,1.137800000e-05,1.229931090e-01,1.225429698e-01,1.223290558e-01,1.432718582e-02,13.143249,13.166232,13.166232,3.969280124e-04,3.196800128e-05,1.415118581e-02,row,1,1.227767090e-01,13.118227
cublas,double,global,global,16384,16384,3,8,8,1,9,2.032940000e-04,1.228160460e-01,1.172500000e-05,1.229902400e-01,1.227668964e-01,1.225538254e-01,1.440829212e-02,13.119276,13.142085,13.142085,3.995839953e-04,2.601600066e-05,1.416378013e-02,row,1,1.227743860e-01,13.118475
cublas,double,global,global,16384,16384,3,8,8,1,10,2.116710000e-04,1.230064020e-01,1.107000000e-05,1.231733810e-01,1.227534302e-01,1.225765152e-01,1.460585879e-02,13.120715,13.139652,13.139652,4.007999897e-04,3.263999894e-05,1.420835480e-02,row,1,1.229499720e-01,13.099741
cublas,double,global,global,16384,16384,3,8,8,1,11,2.041740000e-04,1.228122480e-01,1.157000000e-05,1.229897470e-01,1.225298774e-01,1.223164444e-01,1.432687549e-02,13.144653,13.167590,13.167590,4.040960073e-04,3.718400002e-05,1.414396348e-02,row,1,1.227743130e-01,13.118483
cublas,double,global,global,16384,16384,3,8,8,1,12,2.077320000e-04,1.228127840e-01,9.703000000e-06,1.230097790e-01,1.225383696e-01,1.223228836e-01,1.433854352e-02,13.143742,13.166896,13.166896,3.971199989e-04,3.340800107e-05,1.416212752e-02,row,1,1.227910080e-01,13.116699
cublas,double,global,global,16384,16384,3,8,8,1,13,2.684350000e-04,1.228738750e-01,3.435900000e-05,1.230924440e-01,1.225408437e-01,1.223334427e-01,1.441979633e-02,13.143477,13.165760,13.165760,3.997760117e-04,2.960000001e-05,1.424693232e-02,row,1,1.227885220e-01,13.116965
cublas,double,global,global,16384,16384,3,8,8,1,14,2.747710000e-04,1.228515180e-01,1.865500000e-05,1.230410400e-01,1.225658463e-01,1.223466873e-01,1.430862635e-02,13.140796,13.164335,13.164335,3.555839956e-04,7.737600058e-05,1.409841835e-02,row,1,1.227481830e-01,13.121276
cublas,double,global,global,16384,16384,3,8,8,1,15,2.983040000e-04,1.228819770e-01,1.144900000e-05,1.230792000e-01,1.227593972e-01,1.225465622e-01,1.449750338e-02,13.120077,13.142863,13.142863,4.178560078e-04,2.691200003e-05,1.425244737e-02,row,1,1.227688560e-01,13.119066
cublas,double,global,global,16384,16384,3,8,8,1,16,2.111410000e-04,1.228085310e-01,1.141400000e-05,1.229880000e-01,1.227973165e-01,1.225820465e-01,1.436674063e-02,13.116026,13.139059,13.139059,4.019199908e-04,2.774400078e-05,1.415755663e-02,row,1,1.227654110e-01,13.119434
cublas,double,global,global,16384,16384,3,8,8,1,17,2.067620000e-04,1.227753330e-01,1.141300000e-05,1.229740740e-01,1.227704380e-01,1.225726700e-01,1.436232179e-02,13.118897,13.140064,13.140064,3.995839953e-04,2.867200039e-05,1.414990579e-02,row,1,1.227550510e-01,13.120541
cublas,double,global,global,16384,16384,3,8,8,1,18,2.051750000e-04,1.227935670e-01,1.168500000e-05,1.229714100e-01,1.227784468e-01,1.225725098e-01,1.439071971e-02,13.118041,13.140081,13.140081,3.985599875e-04,3.286400065e-05,1.418636771e-02,row,1,1.227535880e-01,13.120698
cublas,double,global,global,16384,16384,3,8,8,1,19,2.128920000e-04,1.227721520e-01,1.131400000e-05,1.229812950e-01,1.225402703e-01,1.223163223e-01,1.432517629e-02,13.143538,13.167603,13.167603,4.063999951e-04,2.972799912e-05,1.415864829e-02,row,1,1.227565730e-01,13.120379
cublas,double,global,global,16384,16384,3,8,8,1,20,2.098040000e-04,1.228385240e-01,1.566700000e-05,1.230159940e-01,1.228167073e-01,1.225990753e-01,1.436562676e-02,13.113955,13.137234,13.137234,4.074879885e-04,7.376000285e-05,1.410252275e-02,row,1,1.227890540e-01,13.116908
cublas,double,global,global,16384,16384,6,8,8,1,1,4.241150000e-04,1.229522360e-01,2.448700000e-05,1.233848230e-01,1.225236580e-01,1.220820770e-01,1.450713637e-02,26.290641,26.385736,26.385736,7.898560166e-04,5.155200139e-05,1.414508837e-02,row,1,1.229353730e-01,26.202592
cublas,double,global,global,16384,16384,6,8,8,1,2,4.247470000e-04,1.233222160e-01,2.610000000e-05,1.237433060e-01,1.230098758e-01,1.225844498e-01,1.492333886e-02,26.186722,26.277603,26.277603,7.901120186e-04,4.806400090e-05,1.415357884e-02,row,1,1.232939040e-01,26.126397
cublas,double,global,global,16384,16384,6,8,8,1,3,4.407270000e-04,1.231678950e-01,2.533800000e-05,1.235990160e-01,1.227239980e-01,1.222700500e-01,1.450473395e-02,26.247723,26.345172,26.345172,8.075199723e-04,5.324799940e-05,1.415474994e-02,row,1,1.231322920e-01,26.160688
cublas,double,global,global,16384,16384,6,8,8,1,4,5.425180000e-04,1.230759400e-01,2.708400000e-05,1.235045610e-01,1.225012087e-01,1.220694427e-01,1.464039982e-02,26.295459,26.388467,26.388467,8.055999875e-04,4.969599843e-05,1.428059181e-02,row,1,1.229333730e-01,26.203019
cublas,double,global,global,16384,16384,6,8,8,1,5,5.637480000e-04,1.231744150e-01,2.528300000e-05,1.236158470e-01,1.230364412e-01,1.225982742e-01,1.478222575e-02,26.181068,26.274640,26.274640,7.889919877e-04,5.193600059e-05,1.428849776e-02,row,1,1.230266240e-01,26.183157
cublas,double,global,global,16384,16384,6,8,8,1,6,4.271730000e-04,1.230538560e-01,4.071500000e-05,1.234867000e-01,1.230032449e-01,1.225921249e-01,1.464422591e-02,26.188134,26.275958,26.275958,8.000320196e-04,9.366399795e-05,1.416323391e-02,row,1,1.230178420e-01,26.185027
cublas,double,global,global,16384,16384,6,8,8,1,7,5.447230000e-04,1.230829540e-01,2.522500000e-05,1.234841390e-01,1.224985636e-01,1.220648346e-01,1.449071285e-02,26.296026,26.389463,26.389463,7.835839987e-04,4.406400025e-05,1.414917686e-02,row,1,1.229139670e-01,26.207156
cublas,double,global,global,16384,16384,6,8,8,1,8,4.559280000e-04,1.229292930e-01,2.436800000e-05,1.233936030e-01,1.225412528e-01,1.220623398e-01,1.449467223e-02,26.286866,26.390003,26.390003,7.898240089e-04,4.809600115e-05,1.413681622e-02,row,1,1.229122390e-01,26.207524
cublas,double,global,global,16384,16384,6,8,8,1,9,4.522750000e-04,1.229363660e-01,3.505800000e-05,1.234052080e-01,1.225479823e-01,1.220627213e-01,1.450235422e-02,26.285422,26.389920,26.389920,7.904639840e-04,6.118400022e-05,1.414421022e-02,row,1,1.229163960e-01,26.206638
cublas,double,global,global,16384,16384,6,8,8,1,10,4.244460000e-04,1.229907150e-01,2.411300000e-05,1.233721790e-01,1.225091167e-01,1.220656357e-01,1.450412851e-02,26.293761,26.389290,26.389290,7.942399979e-04,3.750399873e-05,1.415808051e-02,row,1,1.229221240e-01,26.205417
cublas,double,global,global,16384,16384,6,8,8,1,11,4.210870000e-04,1.229480060e-01,2.508400000e-05,1.233786450e-01,1.225060579e-01,1.220632019e-01,1.452143271e-02,26.294418,26.389816,26.389816,8.097280264e-04,4.022400081e-05,1.415135270e-02,row,1,1.229320950e-01,26.203291
cublas,double,global,global,16384,16384,6,8,8,1,12,4.212200000e-04,1.229845650e-01,2.313100000e-05,1.233809960e-01,1.224988844e-01,1.220688934e-01,1.452099179e-02,26.295958,26.388586,26.388586,7.947199941e-04,4.339199886e-05,1.418102378e-02,row,1,1.229355810e-01,26.202548
cublas,double,global,global,16384,16384,6,8,8,1,13,5.522320000e-04,1.231716030e-01,2.553600000e-05,1.236011140e-01,1.230171791e-01,1.225899811e-01,1.478667716e-02,26.185168,26.276417,26.276417,7.904639840e-04,3.977600113e-05,1.430216515e-02,row,1,1.230223390e-01,26.184069
cublas,double,global,global,16384,16384,6,8,8,1,14,5.636370000e-04,1.234648230e-01,4.583800000e-05,1.239219910e-01,1.231857421e-01,1.226015701e-01,1.492544348e-02,26.149337,26.273933,26.273933,7.861440182e-04,9.564799815e-05,1.417113949e-02,row,1,1.233106700e-01,26.122845
cublas,double,global,global,16384,16384,6,8,8,1,15,5.537000000e-04,1.230801520e-01,2.500800000e-05,1.235029100e-01,1.226473857e-01,1.220717087e-01,1.461556305e-02,26.264119,26.387977,26.387977,8.041599989e-04,4.486399889e-05,1.426759504e-02,row,1,1.229242760e-01,26.204958
cublas,double,global,global,16384,16384,6,8,8,1,16,4.257110000e-04,1.234331150e-01,2.420600000e-05,1.238612590e-01,1.229972361e-01,1.225510101e-01,1.450403329e-02,26.189413,26.284773,26.284773,7.937279940e-04,4.259200022e-05,1.416038528e-02,row,1,1.234098540e-01,26.101850
cublas,double,global,global,16384,16384,6,8,8,1,17,4.206110000e-04,1.230426230e-01,2.431100000e-05,1.234664020e-01,1.230081782e-01,1.225877762e-01,1.465375307e-02,26.187084,26.276890,26.276890,7.913600206e-04,4.470400140e-05,1.416143306e-02,row,1,1.230199930e-01,26.184569
cublas,double,global,global,16384,16384,6,8,8,1,18,4.248290000e-04,1.229343820e-01,2.358700000e-05,1.233688380e-01,1.225058437e-01,1.220630417e-01,1.450961547e-02,26.294464,26.389851,26.389851,7.895039916e-04,4.588799924e-05,1.416209548e-02,row,1,1.229194680e-01,26.205983
cublas,double,global,global,16384,16384,6,8,8,1,19,4.774090000e-04,1.229305560e-01,2.393400000e-05,1.233931900e-01,1.226187223e-01,1.221361313e-01,1.448950101e-02,26.270258,26.374059,26.374059,7.784000039e-04,3.945599869e-05,1.416687700e-02,row,1,1.228913650e-01,26.211976
cublas,double,global,global,16384,16384,6,8,8,1,20,4.189990000e-04,1.230674540e-01,4.075100000e-05,1.234976770e-01,1.230344322e-01,1.225982742e-01,1.464809112e-02,26.181496,26.274640,26.274640,8.021119833e-04,9.055999666e-05,1.414197912e-02,row,1,1.230376290e-01,26.180816
cublas,double,global,global,16384,16384,8,8,8,1,1,5.601200000e-04,1.230587840e-01,3.956800000e-05,1.236267340e-01,1.224978561e-01,1.218982391e-01,1.461277881e-02,35.061571,35.234039,35.234039,1.046527982e-03,5.548800156e-05,1.415898680e-02,row,1,1.230237200e-01,34.911701
cublas,double,global,global,16384,16384,8,8,8,1,2,5.796980000e-04,1.230468290e-01,3.867800000e-05,1.236244640e-01,1.224797191e-01,1.218776321e-01,1.460668724e-02,35.066763,35.239996,35.239996,1.054080009e-03,5.651199818e-05,1.415235124e-02,row,1,1.230095720e-01,34.915716
cublas,double,global,global,16384,16384,8,8,8,1,3,5.998250000e-04,1.237455570e-01,3.965500000e-05,1.243460630e-01,1.232082936e-01,1.225775986e-01,1.461528978e-02,34.859401,35.038762,35.038762,1.047520041e-03,5.580800027e-05,1.415592979e-02,row,1,1.237062700e-01,34.719075
cublas,double,global,global,16384,16384,8,8,8,1,4,7.245970000e-04,1.232311730e-01,4.088800000e-05,1.237833280e-01,1.224848464e-01,1.218917084e-01,1.460722322e-02,35.065295,35.235927,35.235927,1.050976038e-03,6.207999960e-05,1.413832723e-02,row,1,1.230164010e-01,34.913778
cublas,double,global,global,16384,16384,8,8,8,1,5,6.128260000e-04,1.230613860e-01,3.835600000e-05,1.236688490e-01,1.225169992e-01,1.218799362e-01,1.461892661e-02,35.056093,35.239330,35.239330,1.057216048e-03,5.903999880e-05,1.414756661e-02,row,1,1.230172070e-01,34.913549
cublas,double,global,global,16384,16384,8,8,8,1,6,6.008440000e-04,1.237366680e-01,5.863200000e-05,1.243549620e-01,1.232117701e-01,1.225730591e-01,1.460346230e-02,34.858417,35.040060,35.040060,1.044095993e-03,1.091199964e-04,1.413379831e-02,row,1,1.236929440e-01,34.722816
cublas,double,global,global,16384,16384,8,8,8,1,7,7.910240000e-04,1.232133650e-01,3.676700000e-05,1.238496280e-01,1.225649225e-01,1.218974075e-01,1.461289462e-02,35.042386,35.234279,35.234279,1.058048010e-03,5.519999936e-05,1.415827062e-02,row,1,1.230239550e-01,34.911634
cublas,double,global,global,16384,16384,8,8,8,1,8,5.786990000e-04,1.230673710e-01,3.803200000e-05,1.236272580e-01,1.225101594e-01,1.218938904e-01,1.460069053e-02,35.058050,35.235296,35.235296,1.038624048e-03,6.435199827e-05,1.414667454e-02,row,1,1.230097180e-01,34.915675
cublas,double,global,global,16384,16384,8,8,8,1,9,5.660400000e-04,1.230533050e-01,3.988800000e-05,1.236245620e-01,1.224982944e-01,1.218928604e-01,1.461101016e-02,35.061446,35.235594,35.235594,1.044896007e-03,5.420799926e-05,1.415894615e-02,row,1,1.230173880e-01,34.913498
cublas,double,global,global,16384,16384,8,8,8,1,10,6.154170000e-04,1.231609600e-01,4.028200000e-05,1.236760070e-01,1.225384659e-01,1.218830109e-01,1.461357616e-02,35.049952,35.238441,35.238441,1.055711985e-03,5.609599873e-05,1.415207215e-02,row,1,1.230175150e-01,34.913462
cublas,double,global,global,16384,16384,8,8,8,1,11,6.017820000e-04,1.237228210e-01,3.849900000e-05,1.243241910e-01,1.231887064e-01,1.225527344e-01,1.461249479e-02,34.864944,35.045871,35.045871,1.053408027e-03,5.462399870e-05,1.414811080e-02,row,1,1.236835950e-01,34.725440
cublas,double,global,global,16384,16384,8,8,8,1,12,5.897490000e-04,1.230939570e-01,3.759900000e-05,1.236836700e-01,1.225282116e-01,1.219008636e-01,1.464553647e-02,35.052885,35.233280,35.233280,1.065088034e-03,5.967999995e-05,1.416700847e-02,row,1,1.230557760e-01,34.902606
cublas,double,global,global,16384,16384,8,8,8,1,13,7.263910000e-04,1.239067440e-01,5.283900000e-05,1.244925480e-01,1.231562194e-01,1.225684814e-01,1.462741951e-02,34.874140,35.041368,35.041368,1.045663953e-03,1.301759928e-04,1.417509951e-02,row,1,1.237181040e-01,34.715754
cublas,double,global,global,16384,16384,8,8,8,1,14,7.483840000e-04,1.232292100e-01,6.769100000e-05,1.238433930e-01,1.226934660e-01,1.219097290e-01,1.460445150e-02,35.005673,35.230718,35.230718,1.049407959e-03,9.712000191e-05,1.409357149e-02,row,1,1.230269030e-01,34.910797
cublas,double,global,global,16384,16384,8,8,8,1,15,5.719030000e-04,1.231532760e-01,3.731700000e-05,1.237188700e-01,1.225758119e-01,1.219852829e-01,1.462562530e-02,35.039273,35.208897,35.208897,1.056928039e-03,5.916799977e-05,1.415359330e-02,row,1,1.231087000e-01,34.887602
cublas,double,global,global,16384,16384,8,8,8,1,16,5.673440000e-04,1.230719560e-01,3.864700000e-05,1.236354940e-01,1.225079887e-01,1.219110107e-01,1.462128783e-02,35.058671,35.230348,35.230348,1.055776000e-03,5.315199867e-05,1.414599182e-02,row,1,1.230293990e-01,34.910089
cublas,double,global,global,16384,16384,8,8,8,1,17,5.618160000e-04,1.237292800e-01,3.719000000e-05,1.243114820e-01,1.231765990e-01,1.225779190e-01,1.461912306e-02,34.868371,35.038670,35.038670,1.056159973e-03,5.324799940e-05,1.414881905e-02,row,1,1.237120000e-01,34.717467
cublas,double,global,global,16384,16384,8,8,8,1,18,5.842740000e-04,1.237322790e-01,4.015800000e-05,1.243288000e-01,1.231988949e-01,1.225744629e-01,1.461629260e-02,34.862060,35.039658,35.039658,1.053472042e-03,5.648000166e-05,1.413754060e-02,row,1,1.237034250e-01,34.719874
cublas,double,global,global,16384,16384,8,8,8,1,19,5.699790000e-04,1.230371670e-01,3.570800000e-05,1.236080200e-01,1.225860670e-01,1.219839020e-01,1.460267630e-02,35.036341,35.209296,35.209296,1.040992022e-03,5.407999828e-05,1.415160429e-02,row,1,1.230004610e-01,34.918302
cublas,double,global,global,16384,16384,8,8,8,1,20,5.530400000e-04,1.237641900e-01,5.577300000e-05,1.243203000e-01,1.231671075e-01,1.225783005e-01,1.462664071e-02,34.871058,35.038561,35.038561,1.069568038e-03,1.097920015e-04,1.416382470e-02,row,1,1.237096070e-01,34.718139
cublas,double,global,global,16384,16384,20,8,8,1,1,1.779328000e-03,1.250174390e-01,1.228210000e-04,1.268699450e-01,1.243164531e-01,1.224322891e-01,1.591732436e-02,86.371659,87.700870,87.700870,2.389280081e-03,1.290239990e-04,1.419246032e-02,row,1,1.249683450e-01,85.921105
cublas,double,global,global,16384,16384,20,8,8,1,2,1.838776000e-03,1.242903710e-01,1.219470000e-04,1.261994580e-01,1.235817173e-01,1.216687393e-01,1.586161107e-02,86.885168,88.251249,88.251249,2.424384117e-03,1.189119965e-04,1.418769113e-02,row,1,1.242398520e-01,86.424912
cublas,double,global,global,16384,16384,20,8,8,1,3,1.867701000e-03,1.242485200e-01,1.801580000e-04,1.262471530e-01,1.235894607e-01,1.216454697e-01,1.582731944e-02,86.879724,88.268131,88.268131,2.404511929e-03,1.942719966e-04,1.419589549e-02,row,1,1.241973950e-01,86.454456
cublas,double,global,global,16384,16384,20,8,8,1,4,1.898431000e-03,1.247704000e-01,2.509460000e-04,1.268656020e-01,1.241180716e-01,1.221536026e-01,1.585923114e-02,86.509709,87.900954,87.900954,2.412287951e-03,1.244800016e-04,1.421513511e-02,row,1,1.247152590e-01,86.095465
cublas,double,global,global,16384,16384,20,8,8,1,5,1.779398000e-03,1.246172620e-01,1.271180000e-04,1.261911280e-01,1.236159226e-01,1.217768936e-01,1.621774113e-02,86.861126,88.172870,88.172870,2.360608101e-03,1.306239963e-04,1.450942115e-02,row,1,1.242847730e-01,86.393675
cublas,double,global,global,16384,16384,20,8,8,1,6,1.800248000e-03,1.252723250e-01,1.233710000e-04,1.268816430e-01,1.242632863e-01,1.224246063e-01,1.581245589e-02,86.408613,87.706373,87.706373,2.398144007e-03,1.164159998e-04,1.419648791e-02,row,1,1.249534420e-01,85.931352
cublas,double,global,global,16384,16384,20,8,8,1,7,1.642513000e-03,1.248233580e-01,1.310700000e-04,1.259398730e-01,1.227583878e-01,1.216470108e-01,1.580437280e-02,87.467899,88.267013,88.267013,2.370559931e-03,1.185600013e-04,1.418766877e-02,row,1,1.241650920e-01,86.476948
cublas,double,global,global,16384,16384,20,8,8,1,8,1.845543000e-03,1.246803270e-01,1.229000000e-04,1.266081420e-01,1.240340960e-01,1.220929260e-01,1.595130021e-02,86.568279,87.944638,87.944638,2.417344093e-03,1.224960014e-04,1.420781226e-02,row,1,1.246376220e-01,86.149094
cublas,double,global,global,16384,16384,20,8,8,1,9,1.855658000e-03,1.242487900e-01,1.224740000e-04,1.261709200e-01,1.235978697e-01,1.216645737e-01,1.581604412e-02,86.873813,88.254271,88.254271,2.390880108e-03,1.136640012e-04,1.419806013e-02,row,1,1.241918290e-01,86.458331
cublas,double,global,global,16384,16384,20,8,8,1,10,1.706990000e-03,1.251703340e-01,1.250900000e-04,1.267622980e-01,1.242004654e-01,1.223871384e-01,1.580769541e-02,86.452319,87.733224,87.733224,2.387487888e-03,1.142399982e-04,1.418231936e-02,row,1,1.249267670e-01,85.949701
cublas,double,global,global,16384,16384,20,8,8,1,11,1.742321000e-03,1.242194820e-01,1.262460000e-04,1.260501270e-01,1.235135654e-01,1.216602554e-01,1.581171179e-02,86.933109,88.257403,88.257403,2.389760017e-03,1.336960047e-04,1.418671985e-02,row,1,1.241819190e-01,86.465230
cublas,double,global,global,16384,16384,20,8,8,1,12,2.091062000e-03,1.250403820e-01,1.794850000e-04,1.265443650e-01,1.239267022e-01,1.217472992e-01,1.665455589e-02,86.643298,88.194303,88.194303,2.393599987e-03,1.974080056e-04,1.494239584e-02,row,1,1.242739720e-01,86.401183
cublas,double,global,global,16384,16384,20,8,8,1,13,1.621589000e-03,1.250323250e-01,2.013990000e-04,1.259819350e-01,1.233591375e-01,1.216435165e-01,1.579735143e-02,87.041937,88.269548,88.269548,2.364128113e-03,1.878719926e-04,1.417677542e-02,row,1,1.241578460e-01,86.481995
cublas,double,global,global,16384,16384,20,8,8,1,14,2.151660000e-03,1.247822970e-01,1.291760000e-04,1.266718470e-01,1.241456031e-01,1.218723831e-01,1.634541575e-02,86.490524,88.103785,88.103785,2.342911959e-03,1.255040020e-04,1.455120775e-02,row,1,1.243891610e-01,86.321173
cublas,double,global,global,16384,16384,20,8,8,1,15,1.776638000e-03,1.247026300e-01,1.275600000e-04,1.262838960e-01,1.238559007e-01,1.219806747e-01,1.582889630e-02,86.692828,88.025568,88.025568,2.386944056e-03,1.242239997e-04,1.421667235e-02,row,1,1.243780250e-01,86.328901
cublas,double,global,global,16384,16384,20,8,8,1,16,1.847283000e-03,1.244457030e-01,1.196070000e-04,1.263621420e-01,1.237670957e-01,1.218541107e-01,1.603072981e-02,86.755031,88.116996,88.116996,2.401504040e-03,1.221439987e-04,1.420749786e-02,row,1,1.243930380e-01,86.318482
cublas,double,global,global,16384,16384,20,8,8,1,17,1.856248000e-03,1.242600250e-01,1.246200000e-04,1.262025930e-01,1.236503290e-01,1.216898880e-01,1.582536820e-02,86.836956,88.235912,88.235912,2.386784077e-03,1.219839975e-04,1.418210425e-02,row,1,1.242191740e-01,86.439298
cublas,double,global,global,16384,16384,20,8,8,1,18,1.768072000e-03,1.245759850e-01,1.929300000e-04,1.262289430e-01,1.235577053e-01,1.217156143e-01,1.583435367e-02,86.902053,88.217262,88.217262,2.399904013e-03,1.967359930e-04,1.411025771e-02,row,1,1.242651650e-01,86.407307
cublas,double,global,global,16384,16384,20,8,8,1,19,1.890978000e-03,1.248603070e-01,1.237410000e-04,1.268346220e-01,1.242593814e-01,1.222770844e-01,1.594616058e-02,86.411329,87.812187,87.812187,2.410304070e-03,1.148160025e-04,1.421716854e-02,row,1,1.248169160e-01,86.025345
cublas,double,global,global,16384,16384,20,8,8,1,20,1.840502000e-03,1.247981090e-01,1.458990000e-04,1.267353570e-01,1.241508631e-01,1.221936951e-01,1.593176723e-02,86.486859,87.872113,87.872113,2.417759895e-03,1.199679971e-04,1.417944724e-02,row,1,1.247463220e-01,86.074027
cublas,double,global,global,16384,16384,32,8,8,1,1,1.516374000e-03,1.254115160e-01,2.113710000e-04,1.271361900e-01,1.234231658e-01,1.217073898e-01,1.703400914e-02,139.194851,141.157157,141.157157,3.495775938e-03,1.723839939e-04,1.419909711e-02,row,1,1.254049750e-01,136.995117
cublas,double,global,global,16384,16384,32,8,8,1,2,1.474383000e-03,1.254148450e-01,2.072850000e-04,1.270890330e-01,1.233568452e-01,1.217132492e-01,1.704570485e-02,139.269687,141.150362,141.150362,3.492255926e-03,1.732800007e-04,1.420733688e-02,row,1,1.254037980e-01,136.996402
cublas,double,global,global,16384,16384,32,8,8,1,3,1.483119000e-03,1.254207850e-01,3.058450000e-04,1.272047700e-01,1.233548553e-01,1.217069473e-01,1.703258002e-02,139.271933,141.157671,141.157671,3.496191978e-03,2.982400060e-04,1.420909211e-02,row,1,1.254148810e-01,136.984296
cublas,double,global,global,16384,16384,32,8,8,1,4,1.482694000e-03,1.254026500e-01,2.042840000e-04,1.270806150e-01,1.233834221e-01,1.217083511e-01,1.702451843e-02,139.239688,141.156042,141.156042,3.469919920e-03,1.937279999e-04,1.419802253e-02,row,1,1.253925230e-01,137.008721
cublas,double,global,global,16384,16384,32,8,8,1,5,1.490576000e-03,1.259981360e-01,2.103450000e-04,1.276938800e-01,1.239710345e-01,1.222839355e-01,1.705822950e-02,138.579703,140.491628,140.491628,3.498431921e-03,1.773120016e-04,1.419253359e-02,row,1,1.259912190e-01,136.357671
cublas,double,global,global,16384,16384,32,8,8,1,6,1.507365000e-03,1.254288390e-01,2.061850000e-04,1.271397550e-01,1.234091950e-01,1.217007370e-01,1.706026389e-02,139.210609,141.164874,141.164874,3.516896009e-03,1.994879991e-04,1.419645579e-02,row,1,1.254233060e-01,136.975094
cublas,double,global,global,16384,16384,32,8,8,1,7,1.503733000e-03,1.260281240e-01,2.058560000e-04,1.277214390e-01,1.239417859e-01,1.222601929e-01,1.709332628e-02,138.612406,140.518911,140.518911,3.544608116e-03,1.765439957e-04,1.418686226e-02,row,1,1.260101680e-01,136.337166
cublas,double,global,global,16384,16384,32,8,8,1,8,1.476027000e-03,1.259577290e-01,2.098820000e-04,1.276410780e-01,1.239564893e-01,1.222814713e-01,1.702140022e-02,138.595965,140.494459,140.494459,3.472959995e-03,1.785919964e-04,1.417618416e-02,row,1,1.259521570e-01,136.399960
cublas,double,global,global,16384,16384,32,8,8,1,9,1.491251000e-03,1.253835020e-01,2.097930000e-04,1.270803690e-01,1.233975634e-01,1.217104034e-01,1.701593140e-02,139.223731,141.153662,141.153662,3.470655918e-03,1.717440039e-04,1.420425130e-02,row,1,1.253773140e-01,137.025341
cublas,double,global,global,16384,16384,32,8,8,1,10,1.508144000e-03,1.254251700e-01,3.147740000e-04,1.272308420e-01,1.235281019e-01,1.218310089e-01,1.702485740e-02,139.076606,141.013929,141.013929,3.470207930e-03,3.289920092e-04,1.421333731e-02,row,1,1.254011840e-01,136.999258
cublas,double,global,global,16384,16384,32,8,8,1,11,1.518020000e-03,1.254155790e-01,4.261690000e-04,1.273569700e-01,1.234443546e-01,1.217248306e-01,1.703287847e-02,139.170959,141.136932,141.136932,3.478944063e-03,1.829439998e-04,1.419793444e-02,row,1,1.254103050e-01,136.989294
cublas,double,global,global,16384,16384,32,8,8,1,12,1.518139000e-03,1.255344770e-01,2.915800000e-04,1.273413890e-01,1.235302936e-01,1.217210236e-01,1.715815668e-02,139.074139,141.141347,141.141347,3.461632013e-03,2.912960052e-04,1.434666872e-02,row,1,1.255278300e-01,136.861039
cublas,double,global,global,16384,16384,32,8,8,1,13,1.515154000e-03,1.253866730e-01,2.121430000e-04,1.271120670e-01,1.233923786e-01,1.216880646e-01,1.702290217e-02,139.229581,141.179575,141.179575,3.485023975e-03,1.963199973e-04,1.417320607e-02,row,1,1.253808840e-01,137.021439
cublas,double,global,global,16384,16384,32,8,8,1,14,1.507935000e-03,1.258925060e-01,2.094160000e-04,1.276056700e-01,1.239019297e-01,1.221967697e-01,1.703872887e-02,138.656994,140.591844,140.591844,3.489120007e-03,1.795199960e-04,1.419780079e-02,row,1,1.258864860e-01,136.471116
cublas,double,global,global,16384,16384,32,8,8,1,15,1.522618000e-03,1.254024900e-01,2.057250000e-04,1.271287010e-01,1.234381063e-01,1.217182693e-01,1.702984571e-02,139.178003,141.144540,141.144540,3.474112034e-03,1.724800020e-04,1.421611776e-02,row,1,1.253972410e-01,137.003566
cublas,double,global,global,16384,16384,32,8,8,1,16,1.491909000e-03,1.254222640e-01,2.067150000e-04,1.271190150e-01,1.234144521e-01,1.217180481e-01,1.703639936e-02,139.204679,141.144797,141.144797,3.482719898e-03,1.783680022e-04,1.420574340e-02,row,1,1.254171190e-01,136.981852
cublas,double,global,global,16384,16384,32,8,8,1,17,1.513861000e-03,1.254343410e-01,3.347780000e-04,1.272812880e-01,1.234258106e-01,1.217259216e-01,1.705661903e-02,139.191868,141.135667,141.135667,3.489887953e-03,2.977919877e-04,1.408900316e-02,row,1,1.254279650e-01,136.970007
cublas,double,global,global,16384,16384,32,8,8,1,18,1.495878000e-03,1.259149500e-01,2.040530000e-04,1.276120600e-01,1.238948713e-01,1.221980133e-01,1.705764481e-02,138.664894,140.590413,140.590413,3.511904001e-03,1.747200042e-04,1.419530870e-02,row,1,1.259082000e-01,136.447580
cublas,double,global,global,16384,16384,32,8,8,1,19,1.491335000e-03,1.259721590e-01,2.121420000e-04,1.276724500e-01,1.239823674e-01,1.222793274e-01,1.702907843e-02,138.567036,140.496922,140.496922,3.487040043e-03,1.784320027e-04,1.418591040e-02,row,1,1.259663800e-01,136.384559
cublas,double,global,global,16384,16384,32,8,8,1,20,1.476024000e-03,1.259952730e-01,2.162120000e-04,1.276839610e-01,1.239921094e-01,1.222998734e-01,1.702913301e-02,138.556149,140.473319,140.473319,3.478496075e-03,1.779199988e-04,1.418548492e-02,row,1,1.259887910e-01,136.360299
