kernel,scalar,a_mode,x_mode,M,N,k,P,pr,pc,rep,t_bcast_s,t_local_s,t_reduce_s,t_total_s,t_official_s,t_kernel_s,t_transfer_runtime_overhead_s,gflops,gflops_compute,gflops_kernel,t_h2d_X_s,t_d2h_Y_s,t_launch_overhead_s,x_layout,group_timing,t_local_group_s,gflops_local_group
cuda_warp(blk128)(xcol),double,global,global,8192,8192,3,8,1,8,1,2.379999999e-07,2.341341000e-03,2.111190000e-04,2.552068000e-03,3.945230022e-04,1.855359972e-04,2.158812996e-03,1020.607624,2170.215970,2170.215970,2.081279993e-03,5.852799863e-05,2.002001002e-03,column,1,2.339792000e-03,172.089307
cuda_warp(blk128)(xcol),double,global,global,8192,8192,3,8,1,8,2,1.940000001e-07,2.329437000e-03,1.811230000e-04,2.510184000e-03,3.652849927e-04,1.843840033e-04,2.146089998e-03,1102.298731,2183.775039,2183.775039,2.086047888e-03,5.603199825e-05,1.983560008e-03,column,1,2.327100000e-03,173.027882
cuda_warp(blk128)(xcol),double,global,global,8192,8192,3,8,1,8,3,2.389999998e-07,2.340940000e-03,1.979200000e-04,2.538530000e-03,3.809009988e-04,1.896640062e-04,2.157629001e-03,1057.107189,2122.981540,2122.981540,2.083424091e-03,5.967999995e-05,2.093375004e-03,column,1,2.339473000e-03,172.112772
cuda_warp(blk128)(xcol),double,global,global,8192,8192,3,8,1,8,4,2.510000001e-07,2.340971000e-03,1.833830000e-04,2.524161000e-03,3.664020065e-04,1.864960045e-04,2.157758994e-03,1098.938261,2159.044561,2159.044561,2.079360008e-03,5.779200047e-05,2.001434008e-03,column,1,2.339795000e-03,172.089086
cuda_warp(blk128)(xcol),double,global,global,8192,8192,3,8,1,8,5,1.990000000e-07,2.336807000e-03,1.903550000e-04,2.527361000e-03,3.754179995e-04,1.848639995e-04,2.154051997e-03,1072.546294,2178.104905,2178.104905,2.087104082e-03,5.939200148e-05,1.987194998e-03,column,1,2.335436000e-03,172.410284
cuda_warp(blk128)(xcol),double,global,global,8192,8192,3,8,1,8,6,1.779999999e-07,2.328640000e-03,1.810830000e-04,2.509008000e-03,3.642529930e-04,1.852159947e-04,2.145696000e-03,1105.421758,2173.965508,2173.965508,2.084320068e-03,6.166400015e-05,1.981106001e-03,column,1,2.326827000e-03,173.048183
cuda_warp(blk128)(xcol),double,global,global,8192,8192,3,8,1,8,7,1.680000001e-07,2.347381000e-03,1.853660000e-04,2.532257000e-03,1.747453029e-03,1.705376029e-03,2.164308999e-03,230.422894,236.108153,236.108153,2.094336033e-03,6.646399945e-05,1.985503999e-03,column,1,2.345765000e-03,171.651118
cuda_warp(blk128)(xcol),double,global,global,8192,8192,3,8,1,8,8,2.119999998e-07,2.337924000e-03,1.899460000e-04,2.527910000e-03,3.737210046e-04,1.852799952e-04,2.154188995e-03,1077.416519,2173.214564,2173.214564,2.087840080e-03,5.689600110e-05,1.990425002e-03,column,1,2.336352000e-03,172.342688
cuda_warp(blk128)(xcol),double,global,global,8192,8192,3,8,1,8,9,1.720000000e-07,2.339268000e-03,1.957830000e-04,2.534728000e-03,3.796670056e-04,1.846079975e-04,2.155507006e-03,1060.542997,2181.125354,2181.125354,2.091487885e-03,6.070400029e-05,2.003797006e-03,column,1,2.337300000e-03,172.272787
cuda_warp(blk128)(xcol),double,global,global,8192,8192,3,8,1,8,10,2.160000001e-07,2.332797000e-03,1.772500000e-04,2.510189000e-03,3.612320066e-04,1.857919991e-04,2.148956993e-03,1114.666410,2167.225639,2167.225639,2.085439920e-03,5.830400065e-05,1.989876001e-03,column,1,2.331357000e-03,172.711937
cuda_warp(blk128)(xcol),double,global,global,8192,8192,3,8,1,8,11,1.900000002e-07,2.333505000e-03,1.839840000e-04,2.517060000e-03,3.683039941e-04,1.855680048e-04,2.150052001e-03,1093.263148,2169.841640,2169.841640,2.076064110e-03,5.955199897e-05,1.998606996e-03,column,1,2.332123000e-03,172.655209
cuda_warp(blk128)(xcol),double,global,global,8192,8192,3,8,1,8,12,1.809999999e-07,2.327916000e-03,1.776490000e-04,2.505745000e-03,3.608059926e-04,1.847040057e-04,2.144939007e-03,1115.982529,2179.991617,2179.991617,2.083647966e-03,5.507199839e-05,1.990932994e-03,column,1,2.326545000e-03,173.069158
cuda_warp(blk128)(xcol),double,global,global,8192,8192,3,8,1,8,13,1.670000001e-07,2.335883000e-03,1.991080000e-04,2.534836000e-03,3.835710028e-04,1.843840033e-04,2.152328001e-03,1049.748759,2183.775039,2183.775039,2.087327957e-03,6.249599904e-05,1.991419000e-03,column,1,2.334527000e-03,172.477416
cuda_warp(blk128)(xcol),double,global,global,8192,8192,3,8,1,8,14,1.880000000e-07,2.333187000e-03,1.830420000e-04,2.515811000e-03,3.674980028e-04,1.846079975e-04,2.149607993e-03,1095.660877,2181.125354,2181.125354,2.075680017e-03,5.503999814e-05,1.989776999e-03,column,1,2.331968000e-03,172.666685
cuda_warp(blk128)(xcol),double,global,global,8192,8192,3,8,1,8,15,1.759999999e-07,2.333547000e-03,1.820420000e-04,2.515121000e-03,3.663689941e-04,1.853760034e-04,2.149922996e-03,1099.037283,2172.089033,2172.089033,2.085344076e-03,6.003199890e-05,1.988271001e-03,column,1,2.331649000e-03,172.690308
cuda_warp(blk128)(xcol),double,global,global,8192,8192,3,8,1,8,16,1.639999998e-07,2.333691000e-03,1.828200000e-04,2.516288000e-03,1.728332975e-03,1.687551975e-03,2.150467999e-03,232.971997,238.601945,238.601945,2.078079939e-03,5.433600023e-05,1.984156989e-03,column,1,2.332234000e-03,172.646992
cuda_warp(blk128)(xcol),double,global,global,8192,8192,3,8,1,8,17,2.299999999e-07,2.328681000e-03,1.778510000e-04,2.506323000e-03,3.624010028e-04,1.843200028e-04,2.144764994e-03,1111.070833,2184.533300,2184.533300,2.084160089e-03,5.759999901e-05,1.981906001e-03,column,1,2.326586000e-03,173.066108
cuda_warp(blk128)(xcol),double,global,global,8192,8192,3,8,1,8,18,2.120000002e-07,2.330565000e-03,1.916030000e-04,2.521988000e-03,3.761060028e-04,1.844480038e-04,2.146630003e-03,1070.584306,2183.017304,2183.017304,2.084095955e-03,6.262400001e-05,1.989218995e-03,column,1,2.329328000e-03,172.862381
cuda_warp(blk128)(xcol),double,global,global,8192,8192,3,8,1,8,19,2.060000002e-07,2.331784000e-03,1.780790000e-04,2.508987000e-03,3.607089964e-04,1.848960072e-04,2.148278004e-03,1116.282621,2177.727849,2177.727849,2.075776100e-03,5.625599995e-05,1.985691991e-03,column,1,2.330216000e-03,172.796506
cuda_warp(blk128)(xcol),double,global,global,8192,8192,3,8,1,8,20,1.770000000e-07,2.346246000e-03,1.948080000e-04,2.541071000e-03,3.874970056e-04,1.925120056e-04,2.162657007e-03,1039.113021,2091.574408,2091.574408,2.099040031e-03,5.651199818e-05,2.001503008e-03,column,1,2.344786000e-03,171.722786
cuda_warp(blk128)(xcol),double,global,global,8192,8192,6,8,1,8,1,2.630000000e-07,3.676535000e-03,3.984190000e-04,4.074376000e-03,7.421059924e-04,3.441280127e-04,3.333771013e-03,1085.163543,2340.136049,2340.136049,3.220704079e-03,1.124159992e-04,3.132018998e-03,column,1,3.675053000e-03,219.127824
cuda_warp(blk128)(xcol),double,global,global,8192,8192,6,8,1,8,2,2.300000002e-07,3.672973000e-03,3.916410000e-04,4.064062000e-03,7.358539973e-04,3.441599905e-04,3.330157005e-03,1094.383357,2339.918614,2339.918614,3.221312046e-03,9.504000098e-05,3.128850009e-03,column,1,3.670099000e-03,219.423609
cuda_warp(blk128)(xcol),double,global,global,8192,8192,6,8,1,8,3,2.440000000e-07,3.680291000e-03,3.914880000e-04,4.071561000e-03,7.357959973e-04,3.440639973e-04,3.337379012e-03,1094.469623,2340.571447,2340.571447,3.219680071e-03,1.010240018e-04,3.119960995e-03,column,1,3.678353000e-03,218.931236
cuda_warp(blk128)(xcol),double,global,global,8192,8192,6,8,1,8,4,1.900000002e-07,3.682624000e-03,3.955790000e-04,4.077901000e-03,7.384569942e-04,3.440639973e-04,3.339444006e-03,1090.525751,2340.571447,2340.571447,3.224287987e-03,9.868799895e-05,3.142107002e-03,column,1,3.680845000e-03,218.783015
cuda_warp(blk128)(xcol),double,global,global,8192,8192,6,8,1,8,5,3.330000000e-07,3.672810000e-03,3.816280000e-04,4.054252000e-03,7.257050097e-04,3.440639973e-04,3.329739000e-03,1109.688313,2340.571447,2340.571447,3.218719959e-03,9.273599833e-05,3.131416005e-03,column,1,3.670499000e-03,219.399697
cuda_warp(blk128)(xcol),double,global,global,8192,8192,6,8,1,8,6,2.750000001e-07,3.666721000e-03,4.011210000e-04,4.067670000e-03,7.434120115e-04,3.432640135e-04,3.324417009e-03,1083.257138,2346.026196,2346.026196,3.209439993e-03,9.888000041e-05,3.126122987e-03,column,1,3.664741000e-03,219.744415
cuda_warp(blk128)(xcol),double,global,global,8192,8192,6,8,1,8,7,2.539999999e-07,3.664617000e-03,3.944170000e-04,4.058953000e-03,7.366870115e-04,3.439680040e-04,3.322265989e-03,1093.145875,2341.224645,2341.224645,3.213759899e-03,9.059199691e-05,3.120973987e-03,column,1,3.662825000e-03,219.859362
cuda_warp(blk128)(xcol),double,global,global,8192,8192,6,8,1,8,8,2.000000001e-07,3.671012000e-03,3.920210000e-04,4.063144000e-03,7.348839942e-04,3.432320058e-04,3.328995989e-03,1095.827878,2346.244972,2346.244972,3.214943886e-03,9.068799764e-05,3.116634996e-03,column,1,3.669089000e-03,219.484010
cuda_warp(blk128)(xcol),double,global,global,8192,8192,6,8,1,8,9,1.940000001e-07,3.660443000e-03,3.981310000e-04,4.058436000e-03,7.403390115e-04,3.433920145e-04,3.318096989e-03,1087.753523,2345.151704,2345.151704,3.210880041e-03,9.612800181e-05,3.119018988e-03,column,1,3.659096000e-03,220.083422
cuda_warp(blk128)(xcol),double,global,global,8192,8192,6,8,1,8,10,2.230000000e-07,3.675024000e-03,4.108850000e-04,4.085927000e-03,7.538310096e-04,3.443520069e-04,3.332208005e-03,1068.285010,2338.613837,2338.613837,3.216160059e-03,9.676799923e-05,3.135502994e-03,column,1,3.673192000e-03,219.238844
cuda_warp(blk128)(xcol),double,global,global,8192,8192,6,8,1,8,11,2.920000002e-07,3.665612000e-03,3.987940000e-04,4.064325000e-03,7.411980048e-04,3.432959914e-04,3.323226009e-03,1086.492898,2345.807665,2345.807665,3.213536024e-03,9.609600157e-05,3.126632991e-03,column,1,3.664141000e-03,219.780398
cuda_warp(blk128)(xcol),double,global,global,8192,8192,6,8,1,8,12,2.320000001e-07,3.666425000e-03,3.902410000e-04,4.056824000e-03,7.334869895e-04,3.439039886e-04,3.324408989e-03,1097.915000,2341.660448,2341.660448,3.216032028e-03,9.254399687e-05,3.123546011e-03,column,1,3.664087000e-03,219.783637
cuda_warp(blk128)(xcol),double,global,global,8192,8192,6,8,1,8,13,1.849999998e-07,3.662644000e-03,3.964580000e-04,4.058559000e-03,7.389179913e-04,3.435840011e-04,3.320429003e-03,1089.845392,2343.841289,2343.841289,3.213952065e-03,9.542399645e-05,3.117659005e-03,column,1,3.660826000e-03,219.979417
cuda_warp(blk128)(xcol),double,global,global,8192,8192,6,8,1,8,14,2.179999998e-07,3.667222000e-03,3.848750000e-04,4.052118000e-03,7.270830115e-04,3.440639973e-04,3.325034989e-03,1107.585180,2340.571447,2340.571447,3.214112043e-03,9.238400310e-05,3.120241001e-03,column,1,3.665158000e-03,219.719414
cuda_warp(blk128)(xcol),double,global,global,8192,8192,6,8,1,8,15,2.160000001e-07,3.666289000e-03,3.931590000e-04,4.059633000e-03,7.363839895e-04,3.436799943e-04,3.323785986e-03,1093.595705,2343.186631,2343.186631,3.214463949e-03,9.187199920e-05,3.128746009e-03,column,1,3.664808000e-03,219.740398
cuda_warp(blk128)(xcol),double,global,global,8192,8192,6,8,1,8,16,2.050000001e-07,3.661127000e-03,3.817540000e-04,4.043063000e-03,7.240480048e-04,3.435840011e-04,3.319014995e-03,1112.227867,2343.841289,2343.841289,3.213536024e-03,9.110400081e-05,3.116666993e-03,column,1,3.658363000e-03,220.127518
cuda_warp(blk128)(xcol),double,global,global,8192,8192,6,8,1,8,17,2.130000001e-07,3.663819000e-03,4.010380000e-04,4.064728000e-03,7.432670115e-04,3.439039886e-04,3.321460989e-03,1083.468465,2341.660448,2341.660448,3.215456009e-03,9.094399959e-05,3.116051001e-03,column,1,3.662120000e-03,219.901688
cuda_warp(blk128)(xcol),double,global,global,8192,8192,6,8,1,8,18,1.999999999e-07,3.668759000e-03,4.018020000e-04,4.070355000e-03,7.445219856e-04,3.429119885e-04,3.326742989e-03,1081.642159,2348.434569,2348.434569,3.214848042e-03,1.096640006e-04,3.126909988e-03,column,1,3.666595000e-03,219.633302
cuda_warp(blk128)(xcol),double,global,global,8192,8192,6,8,1,8,19,2.059999999e-07,3.670540000e-03,3.939360000e-04,4.064599000e-03,7.368940096e-04,3.434560001e-04,3.328108008e-03,1092.838804,2344.714804,2344.714804,3.214175940e-03,9.548799694e-05,3.114088009e-03,column,1,3.668818000e-03,219.500223
cuda_warp(blk128)(xcol),double,global,global,8192,8192,6,8,1,8,20,2.299999999e-07,3.669633000e-03,4.720340000e-04,4.139236000e-03,8.147130000e-04,3.436799943e-04,3.325953006e-03,988.454054,2343.186631,2343.186631,3.216799974e-03,9.644799680e-05,3.111893007e-03,column,1,3.667402000e-03,219.584973
cuda_warp(blk128)(xcol),double,global,global,8192,8192,8,8,1,8,1,3.099999999e-07,4.640724000e-03,5.534060000e-04,5.192531000e-03,1.011325998e-03,4.577279985e-04,4.183860001e-03,1061.716821,2345.807614,2345.807614,4.039455891e-03,1.299519986e-04,3.933238011e-03,column,1,4.637859000e-03,231.516703
cuda_warp(blk128)(xcol),double,global,global,8192,8192,8,8,1,8,2,2.289999999e-07,4.639849000e-03,5.530500000e-04,5.192730000e-03,1.009937991e-03,4.580479860e-04,4.183113002e-03,1063.175991,2344.168857,2344.168857,4.028351784e-03,1.296319962e-04,3.926568025e-03,column,1,4.638179000e-03,231.500730
cuda_warp(blk128)(xcol),double,global,global,8192,8192,8,8,1,8,3,2.260000000e-07,4.630501000e-03,5.546050000e-04,5.183918000e-03,1.011480991e-03,4.584960043e-04,4.173368010e-03,1061.554131,2341.878258,2341.878258,4.039040089e-03,1.379200071e-04,3.926187991e-03,column,1,4.628183000e-03,232.000728
cuda_warp(blk128)(xcol),double,global,global,8192,8192,8,8,1,8,4,3.950000000e-07,4.626234000e-03,5.556240000e-04,5.181302000e-03,1.012947015e-03,4.570559859e-04,4.169530009e-03,1060.017758,2349.256671,2349.256671,4.037343979e-03,1.281919926e-04,3.918119021e-03,column,1,4.623719000e-03,232.224714
cuda_warp(blk128)(xcol),double,global,global,8192,8192,8,8,1,8,5,5.880000000e-07,4.637171000e-03,5.564010000e-04,5.193472000e-03,1.014877007e-03,4.581440091e-04,4.179552000e-03,1058.001922,2343.677539,2343.677539,4.043231964e-03,1.274559945e-04,3.934218001e-03,column,1,4.634904000e-03,231.664307
cuda_warp(blk128)(xcol),double,global,global,8192,8192,8,8,1,8,6,2.520000000e-07,4.629419000e-03,5.439050000e-04,5.173174000e-03,4.571350108e-03,4.465248108e-03,4.172522993e-03,234.885056,240.466330,240.466330,3.487263918e-03,1.285759956e-04,3.917602986e-03,column,1,4.627373000e-03,232.041338
cuda_warp(blk128)(xcol),double,global,global,8192,8192,8,8,1,8,7,2.429999999e-07,4.636453000e-03,5.702370000e-04,5.205862000e-03,1.027151991e-03,4.567680061e-04,4.179845003e-03,1045.358266,2350.737814,2350.737814,4.027264118e-03,1.257279962e-04,3.942141010e-03,column,1,4.635110000e-03,231.654011
cuda_warp(blk128)(xcol),double,global,global,8192,8192,8,8,1,8,8,2.430000001e-07,4.634086000e-03,5.583820000e-04,5.189384000e-03,1.015584993e-03,4.572800100e-04,4.177382009e-03,1057.264367,2348.105757,2348.105757,4.041152000e-03,1.345279962e-04,3.929135992e-03,column,1,4.631708000e-03,231.824162
cuda_warp(blk128)(xcol),double,global,global,8192,8192,8,8,1,8,9,1.193000000e-06,4.629827000e-03,5.592640000e-04,5.188810000e-03,1.016256014e-03,4.579200149e-04,4.172963001e-03,1056.566268,2344.823963,2344.823963,4.035456181e-03,2.428800017e-04,3.935194013e-03,column,1,4.627577000e-03,232.031109
cuda_warp(blk128)(xcol),double,global,global,8192,8192,8,8,1,8,10,2.200000000e-07,4.633472000e-03,5.506730000e-04,5.183598000e-03,1.007359004e-03,4.585280120e-04,4.178047989e-03,1065.897877,2341.714783,2341.714783,4.037504196e-03,1.303679943e-04,3.919487992e-03,column,1,4.631414000e-03,231.838878
cuda_warp(blk128)(xcol),double,global,global,8192,8192,8,8,1,8,11,2.550000002e-07,4.628531000e-03,5.567800000e-04,5.185329000e-03,1.013056008e-03,4.566079974e-04,4.172339013e-03,1059.903713,2351.561580,2351.561580,4.035039902e-03,1.296000034e-04,3.921860995e-03,column,1,4.626678000e-03,232.076195
cuda_warp(blk128)(xcol),double,global,global,8192,8192,8,8,1,8,12,2.710000002e-07,4.622507000e-03,5.769730000e-04,5.199422000e-03,1.033388994e-03,4.567039907e-04,4.166674997e-03,1039.049022,2351.067312,2351.067312,4.035488129e-03,1.265279949e-04,3.915491008e-03,column,1,4.620279000e-03,232.397616
cuda_warp(blk128)(xcol),double,global,global,8192,8192,8,8,1,8,13,4.720000000e-07,4.623429000e-03,5.511830000e-04,5.174094000e-03,1.008358991e-03,4.567039907e-04,4.167365014e-03,1064.840829,2351.067312,2351.067312,4.035647869e-03,1.328639984e-04,3.924609995e-03,column,1,4.621178000e-03,232.352405
cuda_warp(blk128)(xcol),double,global,global,8192,8192,8,8,1,8,14,2.589999999e-07,4.622043000e-03,5.570190000e-04,5.178784000e-03,1.013006006e-03,4.567039907e-04,4.166394995e-03,1059.956030,2351.067312,2351.067312,4.025472164e-03,1.263999939e-04,3.920589014e-03,column,1,4.620334000e-03,232.394849
cuda_warp(blk128)(xcol),double,global,global,8192,8192,8,8,1,8,15,2.609999998e-07,4.625378000e-03,5.533950000e-04,5.177975000e-03,1.009182990e-03,4.566720128e-04,4.169666009e-03,1063.971386,2351.231943,2351.231943,4.030687809e-03,1.294080019e-04,3.927619989e-03,column,1,4.623004000e-03,232.260631
cuda_warp(blk128)(xcol),double,global,global,8192,8192,8,8,1,8,16,2.640000001e-07,4.619069000e-03,5.600500000e-04,5.179160000e-03,1.017003998e-03,4.567359984e-04,4.163517007e-03,1055.789186,2350.902552,2350.902552,4.031455994e-03,1.273600012e-04,3.911953007e-03,column,1,4.617010000e-03,232.562161
cuda_warp(blk128)(xcol),double,global,global,8192,8192,8,8,1,8,17,2.449999998e-07,4.627218000e-03,5.500520000e-04,5.176191000e-03,1.006889991e-03,4.567039907e-04,4.171410991e-03,1066.394377,2351.067312,2351.067312,4.035520077e-03,1.278399974e-04,3.919604012e-03,column,1,4.624855000e-03,232.167673
cuda_warp(blk128)(xcol),double,global,global,8192,8192,8,8,1,8,18,2.500000000e-07,4.618948000e-03,5.520940000e-04,5.170812000e-03,1.008675003e-03,4.567039907e-04,4.162942992e-03,1064.507220,2351.067312,2351.067312,4.029312134e-03,1.334719956e-04,3.918764008e-03,column,1,4.616610000e-03,232.582311
cuda_warp(blk128)(xcol),double,global,global,8192,8192,8,8,1,8,19,5.690000000e-07,4.631974000e-03,5.515420000e-04,5.183333000e-03,1.008439991e-03,4.567039907e-04,4.176988008e-03,1064.755299,2351.067312,2351.067312,4.019360065e-03,1.301440001e-04,3.938416993e-03,column,1,4.630286000e-03,231.895357
cuda_warp(blk128)(xcol),double,global,global,8192,8192,8,8,1,8,20,2.530000001e-07,4.616786000e-03,6.227480000e-04,5.239018000e-03,1.079260988e-03,4.566400051e-04,4.160977986e-03,994.886164,2351.396750,2351.396750,4.031392097e-03,1.329600066e-04,3.914592993e-03,column,1,4.613896000e-03,232.719122
cuda_warp(blk128)(xcol),double,global,global,8192,8192,20,8,1,8,1,3.989999999e-07,1.026329200e-02,1.578300000e-03,1.184130100e-02,1.121698765e-02,9.638367653e-03,9.034131994e-03,239.311537,278.507176,278.507176,2.307520062e-04,3.778879941e-04,8.578995992e-03,column,1,1.026179500e-02,261.587233
cuda_warp(blk128)(xcol),double,global,global,8192,8192,20,8,1,8,2,3.740000001e-07,1.022911700e-02,1.647209000e-03,1.187371000e-02,1.075447063e-02,9.770655632e-03,9.015243971e-03,249.603598,274.736380,274.736380,2.340479940e-04,3.738560081e-04,8.534347989e-03,column,1,1.022641200e-02,262.492315
cuda_warp(blk128)(xcol),double,global,global,8192,8192,20,8,1,8,3,1.146000000e-06,1.025197700e-02,1.584661000e-03,1.183678200e-02,1.115702966e-02,9.711263657e-03,9.119935983e-03,240.597600,276.416608,276.416608,2.062399983e-04,6.586239934e-04,8.666879990e-03,column,1,1.024899400e-02,261.913956
cuda_warp(blk128)(xcol),double,global,global,8192,8192,20,8,1,8,4,4.320000000e-07,1.027702600e-02,1.602058000e-03,1.187805500e-02,1.123410638e-02,9.631744385e-03,9.068649025e-03,238.946870,278.698692,278.698692,2.602559924e-04,3.729920089e-04,8.563273028e-03,column,1,1.027573800e-02,261.232289
cuda_warp(blk128)(xcol),double,global,global,8192,8192,20,8,1,8,5,6.170000000e-07,1.025567500e-02,1.634719000e-03,1.188999400e-02,1.133815092e-02,9.703167915e-03,9.113175983e-03,236.754174,276.647234,276.647234,2.364480048e-04,3.616960049e-04,8.572119976e-03,column,1,1.025394700e-02,261.787442
cuda_warp(blk128)(xcol),double,global,global,8192,8192,20,8,1,8,6,5.230000000e-07,1.024706600e-02,1.655098000e-03,1.190203000e-02,1.114236635e-02,9.627648354e-03,9.062831962e-03,240.914225,278.817263,278.817263,2.375040054e-04,3.771519959e-04,8.552143970e-03,column,1,1.024451500e-02,262.028467
cuda_warp(blk128)(xcol),double,global,global,8192,8192,20,8,1,8,7,4.460000000e-07,1.169288200e-02,1.649089000e-03,1.333941700e-02,1.117973994e-02,9.669055939e-03,1.045879403e-02,240.108855,277.623232,277.623232,2.386240065e-04,1.812639952e-03,9.984650022e-03,column,1,1.169087200e-02,229.611150
cuda_warp(blk128)(xcol),double,global,global,8192,8192,20,8,1,8,8,3.689999999e-07,1.032298700e-02,1.652073000e-03,1.197417000e-02,1.014007533e-02,9.683487892e-03,9.008804973e-03,264.727280,277.209471,277.209471,2.595199943e-04,3.668160141e-04,8.546468977e-03,column,1,1.032177000e-02,260.067271
cuda_warp(blk128)(xcol),double,global,global,8192,8192,20,8,1,8,9,3.079999999e-07,1.019592500e-02,1.635254000e-03,1.183078900e-02,1.070544602e-02,9.741024017e-03,8.990572942e-03,250.746635,275.572112,275.572112,2.338239998e-04,3.706560135e-04,8.507084934e-03,column,1,1.019389000e-02,263.329755
cuda_warp(blk128)(xcol),double,global,global,8192,8192,20,8,1,8,10,4.110000000e-07,1.023919200e-02,1.600978000e-03,1.183968500e-02,1.130671299e-02,9.705471992e-03,9.074982016e-03,237.412461,276.581558,276.581558,2.411199957e-04,3.754239976e-04,8.537510021e-03,column,1,1.023814600e-02,262.191471
cuda_warp(blk128)(xcol),double,global,global,8192,8192,20,8,1,8,11,4.880000000e-07,1.030806600e-02,1.684076000e-03,1.199053800e-02,1.009180982e-02,9.725407600e-03,9.057892974e-03,265.993376,276.014607,276.014607,2.464960068e-04,3.689279854e-04,8.561188992e-03,column,1,1.030623100e-02,260.459382
cuda_warp(blk128)(xcol),double,global,global,8192,8192,20,8,1,8,12,4.769999999e-07,1.022430900e-02,1.659059000e-03,1.188196400e-02,1.005091487e-02,9.741312027e-03,9.016818994e-03,267.075644,275.563964,275.563964,2.330240011e-04,3.718400002e-04,8.554514998e-03,column,1,1.022263900e-02,262.589196
cuda_warp(blk128)(xcol),double,global,global,8192,8192,20,8,1,8,13,2.929999998e-07,1.017878800e-02,1.644955000e-03,1.182244700e-02,1.070419155e-02,9.711327553e-03,8.998436027e-03,250.776020,276.414789,276.414789,2.375999987e-04,1.071295977e-03,7.784548053e-03,column,1,1.017731900e-02,263.758516
cuda_warp(blk128)(xcol),double,global,global,8192,8192,20,8,1,8,14,1.462000000e-06,1.058594500e-02,2.803392000e-03,1.338957000e-02,1.240044838e-02,9.596768379e-03,9.373555958e-03,216.472379,279.714426,279.714426,2.328319997e-04,6.949440241e-04,8.904563949e-03,column,1,1.058382000e-02,253.628138
cuda_warp(blk128)(xcol),double,global,global,8192,8192,20,8,1,8,15,1.964000000e-06,1.021691000e-02,1.636199000e-03,1.185190400e-02,1.126001874e-02,9.621855736e-03,8.978437022e-03,238.396989,278.985118,278.985118,2.090239972e-04,6.731520295e-04,8.530245030e-03,column,1,1.021306200e-02,262.835432
cuda_warp(blk128)(xcol),double,global,global,8192,8192,20,8,1,8,16,3.930000001e-07,1.021691300e-02,1.589644000e-03,1.180631400e-02,1.127989258e-02,9.689855576e-03,9.051088944e-03,237.976961,277.027303,277.027303,2.443200052e-04,3.615359962e-04,8.526640952e-03,column,1,1.021571900e-02,262.767071
cuda_warp(blk128)(xcol),double,global,global,8192,8192,20,8,1,8,17,2.301000000e-06,1.050243500e-02,1.831448000e-03,1.233274300e-02,1.022505860e-02,9.702239990e-03,9.017029954e-03,262.527059,276.673692,276.673692,2.073599994e-04,6.270400286e-04,8.543141944e-03,column,1,1.019203900e-02,263.377579
cuda_warp(blk128)(xcol),double,global,global,8192,8192,20,8,1,8,18,1.977000000e-06,1.019947800e-02,3.297278000e-03,1.349592000e-02,1.169391702e-02,9.707232475e-03,9.011738019e-03,229.551360,276.531397,276.531397,2.045760006e-04,6.502720118e-04,8.526714014e-03,column,1,1.019576100e-02,263.281432
cuda_warp(blk128)(xcol),double,global,global,8192,8192,20,8,1,8,19,2.267000000e-06,1.021056400e-02,1.833880000e-03,1.204119900e-02,1.134014931e-02,9.714719772e-03,7.895876033e-03,236.712453,276.318270,276.318270,2.162880003e-04,6.708160043e-04,7.107044031e-03,column,1,1.020630300e-02,263.009491
cuda_warp(blk128)(xcol),double,global,global,8192,8192,20,8,1,8,20,1.376000000e-06,1.016843400e-02,1.772727000e-03,1.194144000e-02,1.071143867e-02,9.660991669e-03,9.026927005e-03,250.606351,277.854971,277.854971,2.382079959e-04,3.709439933e-04,8.484686996e-03,column,1,1.016616100e-02,264.048008
cuda_warp(blk128)(xcol),double,global,global,8192,8192,32,8,1,8,1,4.060000001e-07,1.588641700e-02,4.478327000e-03,2.036220200e-02,1.561768781e-02,1.508623981e-02,1.406206698e-02,275.006604,284.694354,284.694354,3.618560135e-04,5.565440059e-04,1.327589095e-02,column,1,1.588272600e-02,270.417515
cuda_warp(blk128)(xcol),double,global,global,8192,8192,32,8,1,8,2,5.640000000e-07,1.583084200e-02,4.472543000e-03,2.030116300e-02,1.542263535e-02,1.489337635e-02,1.392726503e-02,278.484656,288.381036,288.381036,3.775680065e-04,5.432000160e-04,1.319878502e-02,column,1,1.582751900e-02,271.360742
cuda_warp(blk128)(xcol),double,global,global,8192,8192,32,8,1,8,3,2.077000000e-06,1.578689000e-02,4.865519000e-03,2.065258400e-02,1.779593422e-02,1.501603222e-02,1.396960903e-02,241.345424,286.025445,286.025445,3.357439935e-04,5.689280033e-04,1.318756102e-02,column,1,1.576719100e-02,272.399015
cuda_warp(blk128)(xcol),double,global,global,8192,8192,32,8,1,8,4,3.560000001e-07,1.591056200e-02,4.560570000e-03,2.046929600e-02,1.574538771e-02,1.505862427e-02,1.405459804e-02,272.776217,285.216446,285.216446,3.632319868e-04,5.619199872e-04,1.318112607e-02,column,1,1.590781300e-02,269.991060
cuda_warp(blk128)(xcol),double,global,global,8192,8192,32,8,1,8,5,4.960000000e-07,1.594247300e-02,7.195378000e-03,2.313766800e-02,1.931119914e-02,1.503577614e-02,1.411202203e-02,222.408110,285.649856,285.649856,3.792000115e-04,5.491520166e-04,1.321727000e-02,column,1,1.594056000e-02,269.436412
cuda_warp(blk128)(xcol),double,global,global,8192,8192,32,8,1,8,6,1.882000000e-06,1.635059500e-02,5.136476000e-03,2.148007300e-02,1.960833006e-02,1.503347206e-02,1.436959403e-02,219.037893,285.693636,285.693636,2.919999957e-04,1.116415977e-03,1.367551404e-02,column,1,1.634067000e-02,262.839118
cuda_warp(blk128)(xcol),double,global,global,8192,8192,32,8,1,8,7,3.570000000e-07,1.584626000e-02,4.873101000e-03,2.071814400e-02,1.790190610e-02,1.488236809e-02,1.395174104e-02,239.916759,288.594347,288.594347,3.690559864e-04,5.608320236e-04,1.324172504e-02,column,1,1.584420900e-02,271.074895
cuda_warp(blk128)(xcol),double,global,global,8192,8192,32,8,1,8,8,4.039999999e-07,1.576271100e-02,4.575261000e-03,2.032889300e-02,1.768727693e-02,1.485568047e-02,1.396056695e-02,242.828069,289.112795,289.112795,3.433920145e-04,5.769919753e-04,1.319023093e-02,column,1,1.576038500e-02,272.516648
cuda_warp(blk128)(xcol),double,global,global,8192,8192,32,8,1,8,9,3.400000002e-07,1.579434600e-02,4.500398000e-03,2.029234800e-02,1.556445863e-02,1.502697563e-02,1.396181303e-02,275.947105,285.817147,285.817147,3.226880133e-04,5.530560017e-04,1.319445303e-02,column,1,1.579145100e-02,271.980535
cuda_warp(blk128)(xcol),double,global,global,8192,8192,32,8,1,8,10,3.580000001e-07,1.587802400e-02,4.488190000e-03,2.036574700e-02,1.766044846e-02,1.502524757e-02,1.404091406e-02,243.196955,285.850018,285.850018,3.765439987e-04,5.585280061e-04,1.315941006e-02,column,1,1.587576400e-02,270.536101
cuda_warp(blk128)(xcol),double,global,global,8192,8192,32,8,1,8,11,2.700000001e-07,1.588634500e-02,5.291019000e-03,2.117558600e-02,1.548069527e-02,1.494780827e-02,1.390327398e-02,277.440207,287.330906,287.330906,3.820480108e-04,5.595200062e-04,1.319604200e-02,column,1,1.588336900e-02,270.406568
cuda_warp(blk128)(xcol),double,global,global,8192,8192,32,8,1,8,12,3.609999999e-07,1.590774100e-02,4.480162000e-03,2.038529700e-02,1.860998396e-02,1.500825596e-02,1.408645800e-02,230.788340,286.173644,286.173644,3.627519906e-04,5.532799959e-04,1.320402602e-02,column,1,1.590365400e-02,270.061666
cuda_warp(blk128)(xcol),double,global,global,8192,8192,32,8,1,8,13,3.709999998e-07,1.579273600e-02,5.255778000e-03,2.104705000e-02,2.010742379e-02,1.485139179e-02,1.390607995e-02,213.601073,289.196282,289.196282,3.797119856e-04,5.584959984e-04,1.319935996e-02,column,1,1.579034000e-02,271.999672
cuda_warp(blk128)(xcol),double,global,global,8192,8192,32,8,1,8,14,3.760000000e-07,1.591254900e-02,4.521571000e-03,2.043205800e-02,1.548434338e-02,1.495449638e-02,1.391669702e-02,277.374842,287.202403,287.202403,3.904640079e-04,5.661759973e-04,1.320604105e-02,column,1,1.590975500e-02,269.958104
cuda_warp(blk128)(xcol),double,global,global,8192,8192,32,8,1,8,15,5.219999999e-07,1.577221700e-02,4.566687000e-03,2.033900400e-02,1.756232547e-02,1.504880047e-02,1.391490997e-02,244.555728,285.402634,285.402634,3.818880022e-04,5.593919754e-04,1.315724594e-02,column,1,1.577094000e-02,272.334261
cuda_warp(blk128)(xcol),double,global,global,8192,8192,32,8,1,8,16,2.710000000e-07,1.578778500e-02,4.476158000e-03,2.026188600e-02,1.560266878e-02,1.486156845e-02,1.392304904e-02,275.271324,288.998251,288.998251,3.662399948e-04,5.552319884e-04,1.318874503e-02,column,1,1.578471200e-02,272.096653
cuda_warp(blk128)(xcol),double,global,global,8192,8192,32,8,1,8,17,3.920000000e-07,1.580405600e-02,5.264503000e-03,2.106731100e-02,1.637873868e-02,1.501516819e-02,1.398056800e-02,262.228208,286.041904,286.041904,3.639680147e-04,5.707520247e-04,1.319573597e-02,column,1,1.580110000e-02,271.814449
cuda_warp(blk128)(xcol),double,global,global,8192,8192,32,8,1,8,18,5.559999998e-07,1.590610200e-02,4.490016000e-03,2.039420900e-02,1.672209692e-02,1.498915195e-02,1.411403098e-02,256.843823,286.538378,286.538378,3.796159923e-04,5.494400263e-04,1.319102298e-02,column,1,1.590303400e-02,270.072195
cuda_warp(blk128)(xcol),double,global,global,8192,8192,32,8,1,8,19,3.120000001e-07,1.589882300e-02,4.490014000e-03,2.038635900e-02,1.565262970e-02,1.503836823e-02,1.404756596e-02,274.392698,285.600620,285.600620,3.735679984e-04,5.624319911e-04,1.316356596e-02,column,1,1.589523800e-02,270.204655
cuda_warp(blk128)(xcol),double,global,global,8192,8192,32,8,1,8,20,4.130000000e-07,1.579687300e-02,4.871543000e-03,2.066665300e-02,1.971003867e-02,1.483823967e-02,1.394224897e-02,217.907604,289.452616,289.452616,3.922559917e-04,5.584639907e-04,1.320007296e-02,column,1,1.579473000e-02,271.924072
cuda_warp(blk128)(xcol),double,global,global,8192,8192,3,8,2,4,1,7.503000000e-06,2.349840000e-03,4.839500000e-05,2.403646000e-03,8.717490012e-04,8.445760012e-04,2.166583998e-03,461.891191,476.751865,476.751865,2.097183943e-03,4.118400067e-05,2.010071991e-03,column,1,2.347294000e-03,171.539306
cuda_warp(blk128)(xcol),double,global,global,8192,8192,3,8,2,4,2,7.726000000e-06,2.336616000e-03,6.754000000e-05,2.409377000e-03,2.576200051e-04,1.847999990e-04,2.153318997e-03,1562.973278,2178.859233,2178.859233,2.098848104e-03,4.198399931e-05,1.993317000e-03,column,1,2.334240000e-03,172.498622
cuda_warp(blk128)(xcol),double,global,global,8192,8192,3,8,2,4,3,6.520000000e-06,2.345418000e-03,6.734100000e-05,2.418345000e-03,2.652849973e-04,1.914239973e-04,2.162116998e-03,1517.813627,2103.462417,2103.462417,2.109184027e-03,3.625600040e-05,2.016089002e-03,column,1,2.343664000e-03,171.804996
cuda_warp(blk128)(xcol),double,global,global,8192,8192,3,8,2,4,4,6.811000000e-06,2.333054000e-03,6.531300000e-05,2.403068000e-03,2.555349984e-04,1.841599941e-04,2.150558004e-03,1575.726169,2186.431347,2186.431347,2.100575924e-03,4.345599934e-05,1.990208006e-03,column,1,2.330687000e-03,172.761587
cuda_warp(blk128)(xcol),double,global,global,8192,8192,3,8,2,4,5,6.704000000e-06,2.336772000e-03,6.591500000e-05,2.407698000e-03,2.548910021e-04,1.861760020e-04,2.154108996e-03,1579.707329,2162.755563,2162.755563,2.100255966e-03,3.440000117e-05,2.005097000e-03,column,1,2.334739000e-03,172.461754
cuda_warp(blk128)(xcol),double,global,global,8192,8192,3,8,2,4,6,6.360000000e-06,2.336283000e-03,6.403300000e-05,2.405238000e-03,2.538459941e-04,1.868479997e-04,2.152647003e-03,1586.210511,2154.977226,2154.977226,2.098304033e-03,4.537599906e-05,1.997511996e-03,column,1,2.334156000e-03,172.504830
cuda_warp(blk128)(xcol),double,global,global,8192,8192,3,8,2,4,7,6.251000000e-06,2.342270000e-03,6.538800000e-05,2.411784000e-03,2.598630027e-04,1.882240027e-04,2.158939994e-03,1549.482534,2139.223363,2139.223363,2.114975929e-03,3.641600162e-05,2.013466996e-03,column,1,2.340072000e-03,172.068716
cuda_warp(blk128)(xcol),double,global,global,8192,8192,3,8,2,4,8,7.376000000e-06,2.339998000e-03,6.526900000e-05,2.410353000e-03,2.560689960e-04,1.843200028e-04,2.157061002e-03,1572.440203,2184.533300,2184.533300,2.113631964e-03,4.131200165e-05,1.998055006e-03,column,1,2.337298000e-03,172.272934
cuda_warp(blk128)(xcol),double,global,global,8192,8192,3,8,2,4,9,6.442000000e-06,2.336913000e-03,6.549800000e-05,2.406826000e-03,2.290442093e-03,2.268608093e-03,2.154315003e-03,175.797146,177.489089,177.489089,1.833600044e-03,4.416000098e-05,2.000873996e-03,column,1,2.334639000e-03,172.469141
cuda_warp(blk128)(xcol),double,global,global,8192,8192,3,8,2,4,10,2.008900000e-05,2.343567000e-03,6.516300000e-05,2.413526000e-03,2.695720028e-04,1.845120043e-04,2.160202995e-03,1493.675826,2182.260095,2182.260095,2.092607975e-03,5.747200176e-05,2.016501998e-03,column,1,2.327267000e-03,173.015466
cuda_warp(blk128)(xcol),double,global,global,8192,8192,3,8,2,4,11,6.537000000e-06,2.332258000e-03,6.397100000e-05,2.401167000e-03,2.534860008e-04,1.843200028e-04,2.148945995e-03,1588.463200,2184.533300,2184.533300,2.104576111e-03,3.939199820e-05,1.993929991e-03,column,1,2.330261000e-03,172.793170
cuda_warp(blk128)(xcol),double,global,global,8192,8192,3,8,2,4,12,6.986000000e-06,2.345470000e-03,6.685900000e-05,2.417555000e-03,2.580320028e-04,1.863680035e-04,2.162086999e-03,1560.477691,2160.527432,2160.527432,2.110624075e-03,3.542400151e-05,2.009931998e-03,column,1,2.343267000e-03,171.834103
cuda_warp(blk128)(xcol),double,global,global,8192,8192,3,8,2,4,13,7.027000000e-06,2.329526000e-03,6.479000000e-05,2.399030000e-03,2.536580021e-04,1.863680035e-04,2.146704004e-03,1587.386089,2160.527432,2160.527432,2.101216078e-03,3.788800165e-05,1.992107997e-03,column,1,2.327126000e-03,173.025949
cuda_warp(blk128)(xcol),double,global,global,8192,8192,3,8,2,4,14,6.072000000e-06,2.345220000e-03,6.533800000e-05,2.414851000e-03,2.567090035e-04,1.863680035e-04,2.161222003e-03,1568.519914,2160.527432,2160.527432,2.111040115e-03,3.596799821e-05,2.014192000e-03,column,1,2.343328000e-03,171.829630
cuda_warp(blk128)(xcol),double,global,global,8192,8192,3,8,2,4,15,1.800000000e-05,2.343711000e-03,6.506700000e-05,2.413329000e-03,2.658510060e-04,1.845760047e-04,2.160578995e-03,1514.582134,2181.503411,2181.503411,2.089407921e-03,4.406400025e-05,2.013563005e-03,column,1,2.329663000e-03,172.837524
cuda_warp(blk128)(xcol),double,global,global,8192,8192,3,8,2,4,16,6.447000000e-06,2.339150000e-03,6.634200000e-05,2.410583000e-03,2.556239930e-04,1.844799966e-04,2.155464997e-03,1575.177585,2182.638722,2182.638722,2.111327887e-03,4.047999904e-05,1.999496998e-03,column,1,2.337287000e-03,172.273745
cuda_warp(blk128)(xcol),double,global,global,8192,8192,3,8,2,4,17,7.097000000e-06,2.337771000e-03,6.703800000e-05,2.409506000e-03,2.577860008e-04,1.843200028e-04,2.154781003e-03,1561.966836,2184.533300,2184.533300,2.108095884e-03,3.302399814e-05,2.008335002e-03,column,1,2.335207000e-03,172.427191
cuda_warp(blk128)(xcol),double,global,global,8192,8192,3,8,2,4,18,6.512000000e-06,2.335522000e-03,6.540600000e-05,2.405687000e-03,2.541900021e-04,1.844799966e-04,2.152876998e-03,1584.063813,2182.638722,2182.638722,2.094016075e-03,3.776000068e-05,2.001694001e-03,column,1,2.333348000e-03,172.564566
cuda_warp(blk128)(xcol),double,global,global,8192,8192,3,8,2,4,19,6.408000000e-06,2.331891000e-03,6.622100000e-05,2.403409000e-03,2.565969927e-04,1.846079975e-04,2.149193003e-03,1569.204611,2181.125354,2181.125354,2.102848053e-03,4.160000011e-05,1.991817001e-03,column,1,2.330074000e-03,172.807037
cuda_warp(blk128)(xcol),double,global,global,8192,8192,3,8,2,4,20,6.378000000e-06,2.328604000e-03,1.163230000e-04,2.449781000e-03,3.049399978e-04,1.843200028e-04,2.146331998e-03,1320.434141,2184.533300,2184.533300,2.102623940e-03,4.038399830e-05,2.000078997e-03,column,1,2.326821000e-03,173.048629
cuda_warp(blk128)(xcol),double,global,global,8192,8192,6,8,2,4,1,3.369900000e-05,3.476222000e-03,1.391190000e-04,3.621829000e-03,3.440785939e-03,3.267967939e-03,3.130484010e-03,234.047215,246.424195,246.424195,1.326400042e-04,5.724800006e-05,2.955380007e-03,column,1,3.448217000e-03,233.542833
cuda_warp(blk128)(xcol),double,global,global,8192,8192,6,8,2,4,2,1.992900000e-05,3.449207000e-03,1.135870000e-04,3.574650000e-03,3.378986026e-03,3.246016026e-03,3.027865008e-03,238.327818,248.090694,248.090694,1.225280017e-04,5.359999835e-05,2.942233007e-03,column,1,3.440534000e-03,234.064354
cuda_warp(blk128)(xcol),double,global,global,8192,8192,6,8,2,4,3,3.037500000e-05,3.460488000e-03,1.401160000e-04,3.616211000e-03,3.414779925e-03,3.244607925e-03,3.042089009e-03,235.829654,248.198361,248.198361,1.240319982e-04,5.676800013e-05,2.951017008e-03,column,1,3.444991000e-03,233.761530
cuda_warp(blk128)(xcol),double,global,global,8192,8192,6,8,2,4,4,1.923700000e-05,3.450953000e-03,1.307180000e-04,3.590610000e-03,3.317891965e-03,3.274271965e-03,3.032749006e-03,242.716272,245.949749,245.949749,1.330879927e-04,5.606399849e-05,2.946157006e-03,column,1,3.439662000e-03,234.123692
cuda_warp(blk128)(xcol),double,global,global,8192,8192,6,8,2,4,5,1.953000000e-05,3.450303000e-03,1.134250000e-04,3.571093000e-03,3.383629932e-03,3.341311932e-03,3.058200989e-03,238.000722,241.015022,241.015022,1.231999993e-04,5.481600016e-05,2.947288990e-03,column,1,3.437943000e-03,234.240756
cuda_warp(blk128)(xcol),double,global,global,8192,8192,6,8,2,4,6,4.475900000e-05,3.477177000e-03,1.319680000e-04,3.620770000e-03,3.399412052e-03,3.243648052e-03,3.058277007e-03,236.895780,248.271808,248.271808,1.239999980e-04,5.443200096e-05,2.972773004e-03,column,1,3.443080000e-03,233.891274
cuda_warp(blk128)(xcol),double,global,global,8192,8192,6,8,2,4,7,1.941900000e-05,3.450446000e-03,1.321010000e-04,3.590843000e-03,3.393890916e-03,3.244319916e-03,3.031330997e-03,237.281158,248.220394,248.220394,1.227200031e-04,5.539200082e-05,2.946018996e-03,column,1,3.438354000e-03,234.212756
cuda_warp(blk128)(xcol),double,global,global,8192,8192,6,8,2,4,8,1.924500000e-05,3.449013000e-03,1.305110000e-04,3.588352000e-03,3.366980963e-03,3.254431963e-03,3.032184989e-03,239.177583,247.449133,247.449133,1.349759996e-04,5.414399877e-05,2.940920987e-03,column,1,3.437590000e-03,234.264810
cuda_warp(blk128)(xcol),double,global,global,8192,8192,6,8,2,4,9,1.936600000e-05,3.454402000e-03,1.130140000e-04,3.576006000e-03,3.371932021e-03,3.239552021e-03,3.036820989e-03,238.826395,248.585719,248.585719,1.236480027e-04,5.587200075e-05,2.951156989e-03,column,1,3.442768000e-03,233.912470
cuda_warp(blk128)(xcol),double,global,global,8192,8192,6,8,2,4,10,4.334500000e-05,3.472280000e-03,1.328980000e-04,3.616173000e-03,3.412895059e-03,3.236736059e-03,3.054643002e-03,235.959897,248.801989,248.801989,1.249279976e-04,5.772799999e-05,2.969491005e-03,column,1,3.439303000e-03,234.148131
cuda_warp(blk128)(xcol),double,global,global,8192,8192,6,8,2,4,11,1.921100000e-05,3.447655000e-03,1.308750000e-04,3.586893000e-03,3.310257891e-03,3.266527891e-03,3.030586014e-03,243.276021,246.532831,246.532831,1.323200017e-04,5.606399849e-05,2.944122015e-03,column,1,3.435723000e-03,234.392111
cuda_warp(blk128)(xcol),double,global,global,8192,8192,6,8,2,4,12,1.918000000e-05,3.440196000e-03,1.303760000e-04,3.578536000e-03,3.378910894e-03,3.335455894e-03,3.048857987e-03,238.333118,241.438170,241.438170,1.216960028e-04,5.299200118e-05,2.938873988e-03,column,1,3.427792000e-03,234.934432
cuda_warp(blk128)(xcol),double,global,global,8192,8192,6,8,2,4,13,1.887100000e-05,3.445396000e-03,1.327850000e-04,3.586600000e-03,3.377607027e-03,3.241312027e-03,3.028072003e-03,238.425122,248.450739,248.450739,1.217600033e-04,5.302400142e-05,2.941384002e-03,column,1,3.434230000e-03,234.494011
cuda_warp(blk128)(xcol),double,global,global,8192,8192,6,8,2,4,14,1.973900000e-05,3.450701000e-03,1.347580000e-04,3.593266000e-03,3.374861060e-03,3.240704060e-03,3.031818003e-03,238.619118,248.497349,248.497349,1.243200004e-04,5.872000009e-05,2.940746002e-03,column,1,3.437709000e-03,234.256701
cuda_warp(blk128)(xcol),double,global,global,8192,8192,6,8,2,4,15,1.963800000e-05,3.447589000e-03,1.114670000e-04,3.566884000e-03,3.367576090e-03,3.236864090e-03,3.029176988e-03,239.135315,248.792147,248.792147,1.231359988e-04,5.513599887e-05,2.944056988e-03,column,1,3.435387000e-03,234.415036
cuda_warp(blk128)(xcol),double,global,global,8192,8192,6,8,2,4,16,3.388200000e-05,3.460104000e-03,1.118480000e-04,3.584281000e-03,3.384107894e-03,3.240511894e-03,3.042885003e-03,237.967108,248.512085,248.512085,1.230719984e-04,5.638400093e-05,2.956933004e-03,column,1,3.437848000e-03,234.247229
cuda_warp(blk128)(xcol),double,global,global,8192,8192,6,8,2,4,17,4.433200000e-05,3.464481000e-03,1.119660000e-04,3.587914000e-03,3.394648886e-03,3.239487886e-03,3.047852993e-03,237.228177,248.590640,248.590640,1.209919974e-04,5.305600166e-05,2.961260993e-03,column,1,3.430558000e-03,234.745009
cuda_warp(blk128)(xcol),double,global,global,8192,8192,6,8,2,4,18,3.205800000e-05,3.453135000e-03,1.344390000e-04,3.601355000e-03,3.420833119e-03,3.254336119e-03,3.120105002e-03,235.412351,247.456421,247.456421,1.352320015e-04,5.606399849e-05,2.941769004e-03,column,1,3.434270000e-03,234.491280
cuda_warp(blk128)(xcol),double,global,global,8192,8192,6,8,2,4,19,1.973000000e-05,3.446534000e-03,1.356830000e-04,3.589936000e-03,3.397147108e-03,3.242144108e-03,3.029095000e-03,237.053723,248.386975,248.386975,1.212159991e-04,5.801599845e-05,2.945927000e-03,column,1,3.434170000e-03,234.498108
cuda_warp(blk128)(xcol),double,global,global,8192,8192,6,8,2,4,20,1.926400000e-05,3.452517000e-03,1.377100000e-04,3.598672000e-03,3.377085117e-03,3.242432117e-03,3.035744006e-03,238.461969,248.364912,248.364912,1.231679991e-04,5.459199846e-05,2.949088005e-03,column,1,3.441206000e-03,234.018646
cuda_warp(blk128)(xcol),double,global,global,8192,8192,8,8,2,4,1,2.561200000e-05,4.427376000e-03,2.163650000e-04,4.655254000e-03,4.290314876e-03,4.194079876e-03,3.906098980e-03,250.271100,256.013680,256.013680,1.534720063e-04,6.998399645e-05,3.703186978e-03,column,1,4.412489000e-03,243.341530
cuda_warp(blk128)(xcol),double,global,global,8192,8192,8,8,2,4,2,2.522400000e-05,4.327339000e-03,2.099110000e-04,4.549809000e-03,4.255473924e-03,4.079999924e-03,3.806560994e-03,252.320151,263.172021,263.172021,1.666879952e-04,6.831999868e-05,3.691232991e-03,column,1,4.314371000e-03,248.875635
cuda_warp(blk128)(xcol),double,global,global,8192,8192,8,8,2,4,3,2.554100000e-05,4.332240000e-03,2.120090000e-04,4.553913000e-03,4.261968949e-03,4.082335949e-03,3.821724997e-03,251.935628,263.021426,263.021426,1.636800021e-04,6.431999803e-05,3.695997001e-03,column,1,4.316025000e-03,248.780261
cuda_warp(blk128)(xcol),double,global,global,8192,8192,8,8,2,4,4,2.703900000e-05,4.428617000e-03,1.976080000e-04,4.635598000e-03,4.352955868e-03,4.189087868e-03,3.842579980e-03,246.669587,256.318764,256.318764,1.545599997e-04,6.947200000e-05,3.705651984e-03,column,1,4.410691000e-03,243.440727
cuda_warp(blk128)(xcol),double,global,global,8192,8192,8,8,2,4,5,2.552800000e-05,4.416594000e-03,2.022150000e-04,4.628880000e-03,4.320305232e-03,4.155648232e-03,3.816355992e-03,248.533788,258.381308,258.381308,1.758719981e-04,7.152000070e-05,3.692131992e-03,column,1,4.400475000e-03,244.005891
cuda_warp(blk128)(xcol),double,global,global,8192,8192,8,8,2,4,6,2.621200000e-05,4.323231000e-03,2.059570000e-04,4.539229000e-03,4.239707068e-03,4.076384068e-03,3.811705997e-03,253.258493,263.405461,263.405461,1.655679941e-04,6.371200085e-05,3.691034002e-03,column,1,4.306528000e-03,249.328885
cuda_warp(blk128)(xcol),double,global,global,8192,8192,8,8,2,4,7,2.560000000e-05,4.322698000e-03,1.958540000e-04,4.527480000e-03,4.239743762e-03,4.078335762e-03,3.810945982e-03,253.256301,263.279408,263.279408,1.630080044e-04,6.851200014e-05,3.681953983e-03,column,1,4.305407000e-03,249.393803
cuda_warp(blk128)(xcol),double,global,global,8192,8192,8,8,2,4,8,2.492200000e-05,4.320718000e-03,1.973290000e-04,4.527768000e-03,4.235794790e-03,4.071263790e-03,3.800184971e-03,253.492409,263.736736,263.736736,1.688960046e-04,6.864000112e-05,3.690424974e-03,column,1,4.304879000e-03,249.424391
cuda_warp(blk128)(xcol),double,global,global,8192,8192,8,8,2,4,9,2.514800000e-05,4.320913000e-03,2.058760000e-04,4.536712000e-03,4.240303898e-03,4.077663898e-03,3.809486001e-03,253.222847,263.322787,263.322787,1.641599983e-04,6.371200085e-05,3.691310003e-03,column,1,4.304819000e-03,249.427868
cuda_warp(blk128)(xcol),double,global,global,8192,8192,8,8,2,4,10,2.547300000e-05,4.418977000e-03,2.122050000e-04,4.641649000e-03,4.264027066e-03,4.168096066e-03,3.819898986e-03,251.814026,257.609663,257.609663,1.655679941e-04,6.892800331e-05,3.700538986e-03,column,1,4.402819000e-03,243.875986
cuda_warp(blk128)(xcol),double,global,global,8192,8192,8,8,2,4,11,2.560100000e-05,4.413338000e-03,2.062170000e-04,4.629202000e-03,4.326756994e-03,4.167551994e-03,3.813673028e-03,248.163191,257.643294,257.643294,1.629759967e-04,6.489600241e-05,3.698441026e-03,column,1,4.396249000e-03,244.240448
cuda_warp(blk128)(xcol),double,global,global,8192,8192,8,8,2,4,12,2.560300000e-05,4.331919000e-03,1.954030000e-04,4.532432000e-03,4.236002237e-03,4.075104237e-03,3.817150993e-03,253.479995,263.488186,263.488186,1.666879952e-04,6.803199649e-05,3.696606992e-03,column,1,4.310777000e-03,249.083129
cuda_warp(blk128)(xcol),double,global,global,8192,8192,8,8,2,4,13,2.559700000e-05,4.411707000e-03,2.054400000e-04,4.626729000e-03,4.257791009e-03,4.161664009e-03,3.812606011e-03,252.182839,258.007812,258.007812,1.643519998e-04,6.828799844e-05,3.694430013e-03,column,1,4.394958000e-03,244.312192
cuda_warp(blk128)(xcol),double,global,global,8192,8192,8,8,2,4,14,2.586800000e-05,4.416691000e-03,2.051910000e-04,4.630994000e-03,4.341483800e-03,4.166495800e-03,3.817315026e-03,247.321394,257.708606,257.708606,1.649599969e-04,7.046400011e-05,3.691491026e-03,column,1,4.399404000e-03,244.065292
cuda_warp(blk128)(xcol),double,global,global,8192,8192,8,8,2,4,15,2.548600000e-05,4.320825000e-03,1.933130000e-04,4.524104000e-03,4.235823096e-03,4.077248096e-03,3.810724974e-03,253.490715,263.349641,263.349641,1.626240015e-04,6.969600171e-05,3.690436975e-03,column,1,4.305001000e-03,249.417323
cuda_warp(blk128)(xcol),double,global,global,8192,8192,8,8,2,4,16,2.554600000e-05,4.326365000e-03,1.965650000e-04,4.531382000e-03,4.236322977e-03,4.075263977e-03,3.814022026e-03,253.460803,263.477858,263.477858,1.671359986e-04,6.406400353e-05,3.693222022e-03,column,1,4.309292000e-03,249.168964
cuda_warp(blk128)(xcol),double,global,global,8192,8192,8,8,2,4,17,2.568800000e-05,4.444350000e-03,2.232880000e-04,4.667586000e-03,4.260824016e-03,4.076416016e-03,3.924728978e-03,252.003326,263.403396,263.403396,1.624320000e-04,1.459199935e-04,3.800696976e-03,column,1,4.426974000e-03,242.545320
cuda_warp(blk128)(xcol),double,global,global,8192,8192,8,8,2,4,18,2.465700000e-05,4.415639000e-03,2.008110000e-04,4.626780000e-03,4.339326100e-03,4.170720100e-03,3.847660020e-03,247.444373,257.447587,257.447587,1.624960005e-04,6.739199907e-05,3.692172021e-03,column,1,4.400438000e-03,244.007943
cuda_warp(blk128)(xcol),double,global,global,8192,8192,8,8,2,4,19,2.572500000e-05,4.325545000e-03,1.952040000e-04,4.531623000e-03,4.237901016e-03,4.076416016e-03,3.816525986e-03,253.366424,263.403396,263.403396,1.637119949e-04,6.508799642e-05,3.692013984e-03,column,1,4.310067000e-03,249.124161
cuda_warp(blk128)(xcol),double,global,global,8192,8192,8,8,2,4,20,2.501700000e-05,4.324589000e-03,2.151390000e-04,4.548742000e-03,4.259309081e-03,4.075200081e-03,3.813860984e-03,252.092958,263.481989,263.481989,1.670719981e-04,6.595200300e-05,3.696420980e-03,column,1,4.308032000e-03,249.241840
cuda_warp(blk128)(xcol),double,global,global,8192,8192,20,8,2,4,1,8.120900000e-05,9.618178000e-03,4.740190000e-04,1.014840200e-02,9.295240416e-03,9.094688416e-03,8.465597946e-03,288.788072,295.156298,295.156298,3.578880131e-04,1.842239946e-04,8.146365944e-03,column,1,9.591845000e-03,279.858000
cuda_warp(blk128)(xcol),double,global,global,8192,8192,20,8,2,4,2,7.894100000e-05,9.601603000e-03,4.713040000e-04,1.013518800e-02,9.574948093e-03,9.024928093e-03,8.449284028e-03,280.351866,297.437778,297.437778,3.566400111e-04,1.861439943e-04,8.122564029e-03,column,1,9.584446000e-03,280.074045
cuda_warp(blk128)(xcol),double,global,global,8192,8192,20,8,2,4,3,7.533800000e-05,9.606247000e-03,4.760070000e-04,1.013042700e-02,9.568103291e-03,9.024512291e-03,8.448874042e-03,280.552423,297.451483,297.451483,3.552959859e-04,1.756480038e-04,8.134538055e-03,column,1,9.578442000e-03,280.249602
cuda_warp(blk128)(xcol),double,global,global,8192,8192,20,8,2,4,4,7.456400000e-05,9.613766000e-03,4.905320000e-04,1.015201900e-02,9.610721144e-03,9.058112144e-03,8.455351990e-03,279.308339,296.348126,296.348126,3.650240004e-04,1.821440011e-04,8.148503985e-03,column,1,9.585648000e-03,280.038925
cuda_warp(blk128)(xcol),double,global,global,8192,8192,20,8,2,4,5,8.339900000e-05,9.610191000e-03,5.045190000e-04,1.017056900e-02,9.627885217e-03,9.053952217e-03,8.459903050e-03,278.810403,296.484286,296.484286,3.585920036e-04,1.820160002e-04,8.137791056e-03,column,1,9.581276000e-03,280.166708
cuda_warp(blk128)(xcol),double,global,global,8192,8192,20,8,2,4,6,7.740900000e-05,9.609505000e-03,4.877980000e-04,1.014912200e-02,9.623739381e-03,9.058848381e-03,8.453993948e-03,278.930513,296.324041,296.324041,3.545919955e-04,1.852480024e-04,8.135465936e-03,column,1,9.583496000e-03,280.101808
cuda_warp(blk128)(xcol),double,global,global,8192,8192,20,8,2,4,7,7.586700000e-05,9.600019000e-03,4.835290000e-04,1.013366600e-02,9.567629117e-03,9.019328117e-03,8.447770010e-03,280.566327,297.622453,297.622453,3.574720025e-04,1.772480011e-04,8.128826002e-03,column,1,9.573545000e-03,280.392954
cuda_warp(blk128)(xcol),double,global,global,8192,8192,20,8,2,4,8,7.340100000e-05,9.596242000e-03,4.935800000e-04,1.013621300e-02,9.606404943e-03,9.039423943e-03,8.437052942e-03,279.433834,296.960799,296.960799,3.528000116e-04,1.820160002e-04,8.127452946e-03,column,1,9.568770000e-03,280.532875
cuda_warp(blk128)(xcol),double,global,global,8192,8192,20,8,2,4,9,8.945500000e-05,9.593322000e-03,4.864510000e-04,1.012207500e-02,9.591513675e-03,9.021951675e-03,8.432436041e-03,279.867667,297.535905,297.535905,3.574399948e-04,1.800319999e-04,8.120052046e-03,column,1,9.554727000e-03,280.945187
cuda_warp(blk128)(xcol),double,global,global,8192,8192,20,8,2,4,10,7.269900000e-05,9.542789000e-03,4.759430000e-04,1.006708500e-02,9.560656464e-03,9.083488464e-03,8.400199953e-03,280.770946,295.520226,295.520226,3.102079928e-04,3.129920065e-04,8.102407957e-03,column,1,9.517403000e-03,282.046958
cuda_warp(blk128)(xcol),double,global,global,8192,8192,20,8,2,4,11,7.229400000e-05,9.565693000e-03,4.745670000e-04,1.009071600e-02,9.250841531e-03,9.058783531e-03,8.414704031e-03,290.174094,296.326162,296.326162,3.545280099e-04,1.825280041e-04,8.100816032e-03,column,1,9.542984000e-03,281.290900
cuda_warp(blk128)(xcol),double,global,global,8192,8192,20,8,2,4,12,7.373300000e-05,9.569682000e-03,4.742190000e-04,1.009374500e-02,9.257397410e-03,9.059712410e-03,8.417689009e-03,289.968599,296.295781,296.295781,3.520959914e-04,1.801919937e-04,8.107801019e-03,column,1,9.544719000e-03,281.239768
cuda_warp(blk128)(xcol),double,global,global,8192,8192,20,8,2,4,13,7.874800000e-05,9.574371000e-03,4.824000000e-04,1.010818400e-02,9.554097561e-03,8.993215561e-03,8.423340010e-03,280.963696,298.486625,298.486625,3.554880023e-04,1.799039990e-04,8.103308009e-03,column,1,9.546040000e-03,281.200850
cuda_warp(blk128)(xcol),double,global,global,8192,8192,20,8,2,4,14,7.386800000e-05,9.568893000e-03,6.411650000e-04,1.025686300e-02,9.241039135e-03,9.057824135e-03,8.414618058e-03,290.481895,296.357549,296.357549,3.535040021e-04,3.442560136e-04,8.103482065e-03,column,1,9.541951000e-03,281.321352
cuda_warp(blk128)(xcol),double,global,global,8192,8192,20,8,2,4,15,1.989920000e-04,9.705665000e-03,4.741210000e-04,1.022631800e-02,9.607484287e-03,9.059200287e-03,8.551580023e-03,279.402441,296.312530,296.312530,3.615359962e-04,1.788479984e-04,8.238908019e-03,column,1,9.553659000e-03,280.976593
cuda_warp(blk128)(xcol),double,global,global,8192,8192,20,8,2,4,16,7.391900000e-05,9.566687000e-03,4.731570000e-04,1.008972100e-02,9.569449226e-03,9.025728226e-03,8.416683046e-03,280.512963,297.411410,297.411410,3.552320004e-04,1.823679954e-04,8.094667046e-03,column,1,9.541659000e-03,281.329962
cuda_warp(blk128)(xcol),double,global,global,8192,8192,20,8,2,4,17,7.284900000e-05,9.776606000e-03,6.486370000e-04,1.046501600e-02,9.434630449e-03,9.060864449e-03,8.622031946e-03,284.521431,296.258108,296.258108,3.549439907e-04,3.443840146e-04,8.310927946e-03,column,1,9.750459000e-03,275.305456
cuda_warp(blk128)(xcol),double,global,global,8192,8192,20,8,2,4,18,1.374680000e-04,9.605668000e-03,4.802810000e-04,1.013807800e-02,9.629889078e-03,9.084608078e-03,8.453637023e-03,278.752386,295.483805,295.483805,3.388800025e-04,1.811520010e-04,8.156485018e-03,column,1,9.519780000e-03,281.976533
cuda_warp(blk128)(xcol),double,global,global,8192,8192,20,8,2,4,19,7.277000000e-05,9.563502000e-03,1.618889000e-03,1.123587100e-02,1.071414823e-02,9.022784233e-03,8.411726960e-03,250.542974,297.508451,297.508451,3.532480001e-04,1.778240055e-04,8.097678967e-03,column,1,9.544103000e-03,281.257920
cuda_warp(blk128)(xcol),double,global,global,8192,8192,20,8,2,4,20,6.662500000e-05,9.553259000e-03,8.917070000e-04,1.049378000e-02,9.499512533e-03,8.925919533e-03,8.437902012e-03,282.578138,300.737033,300.737033,3.327359855e-04,3.685759902e-04,8.096014016e-03,column,1,9.534911000e-03,281.529063
cuda_warp(blk128)(xcol),double,global,global,8192,8192,32,8,2,4,1,1.508140000e-04,1.501569000e-02,1.149063000e-03,1.628298600e-02,1.534132764e-02,1.406195164e-02,1.316265002e-02,279.960600,305.431807,305.431807,5.848320127e-04,3.167040050e-04,1.251452202e-02,column,1,1.498252900e-02,286.665041
cuda_warp(blk128)(xcol),double,global,global,8192,8192,32,8,2,4,2,1.541290000e-04,1.513212600e-02,1.133456000e-03,1.638045900e-02,1.544950444e-02,1.416198444e-02,1.318597205e-02,278.000328,303.274397,303.274397,6.025279760e-04,3.207679987e-04,1.251819606e-02,column,1,1.509225500e-02,284.580886
cuda_warp(blk128)(xcol),double,global,global,8192,8192,32,8,2,4,3,1.504910000e-04,1.483180700e-02,1.130846000e-03,1.607551500e-02,1.472294504e-02,1.411520004e-02,1.311665005e-02,291.719305,304.279591,304.279591,6.032639742e-04,3.192000091e-04,1.248631404e-02,column,1,1.479334100e-02,290.331122
cuda_warp(blk128)(xcol),double,global,global,8192,8192,32,8,2,4,4,1.767450000e-04,1.486141100e-02,1.148096000e-03,1.612158400e-02,1.507243369e-02,1.411423969e-02,1.308874295e-02,284.955130,304.300295,304.300295,6.002240181e-04,3.137600124e-04,1.250957493e-02,column,1,1.479578400e-02,290.283184
cuda_warp(blk128)(xcol),double,global,global,8192,8192,32,8,2,4,5,1.658450000e-04,1.487735600e-02,1.153373000e-03,1.612977700e-02,1.507389292e-02,1.412409592e-02,1.308118905e-02,284.927545,304.087945,304.087945,5.993919969e-04,3.205760121e-04,1.250269304e-02,column,1,1.481032700e-02,289.998141
cuda_warp(blk128)(xcol),double,global,global,8192,8192,32,8,2,4,6,1.622030000e-04,1.513532600e-02,1.147184000e-03,1.638298000e-02,1.549489921e-02,1.419916821e-02,1.314157800e-02,277.185882,302.480204,302.480204,5.926719904e-04,3.220799863e-04,1.252868200e-02,column,1,1.507319200e-02,284.940794
cuda_warp(blk128)(xcol),double,global,global,8192,8192,32,8,2,4,7,1.496160000e-04,1.482656000e-02,1.142097000e-03,1.608105600e-02,1.506579870e-02,1.411129570e-02,1.304857597e-02,285.080624,304.363780,304.363780,5.900800228e-04,3.145599961e-04,1.248595199e-02,column,1,1.478977300e-02,290.401164
cuda_warp(blk128)(xcol),double,global,global,8192,8192,32,8,2,4,8,1.584560000e-04,1.495450900e-02,1.136399000e-03,1.618614900e-02,1.458618106e-02,1.401142406e-02,1.307826996e-02,294.454544,306.533246,306.533246,5.985280275e-04,3.119359910e-04,1.248761394e-02,column,1,1.489003500e-02,288.445749
cuda_warp(blk128)(xcol),double,global,global,8192,8192,32,8,2,4,9,1.633730000e-04,1.556443300e-02,1.498390000e-03,1.716052600e-02,1.595629922e-02,1.429468822e-02,1.354732804e-02,269.170641,300.458970,300.458970,6.087999940e-04,5.920640230e-04,1.292976005e-02,column,1,1.550548000e-02,276.996733
cuda_warp(blk128)(xcol),double,global,global,8192,8192,32,8,2,4,10,3.817150000e-04,1.497865500e-02,1.146072000e-03,1.625573900e-02,1.546898212e-02,1.396230412e-02,1.326817801e-02,277.650285,307.611642,307.611642,4.934720099e-04,5.604159832e-04,1.274363401e-02,column,1,1.472695400e-02,291.639893
cuda_warp(blk128)(xcol),double,global,global,8192,8192,32,8,2,4,11,1.504970000e-04,1.481809200e-02,1.163701000e-03,1.609295100e-02,1.510515337e-02,1.410912037e-02,1.305150295e-02,284.337881,304.410706,304.410706,5.879359841e-04,6.535040140e-04,1.214683092e-02,column,1,1.477917200e-02,290.609467
cuda_warp(blk128)(xcol),double,global,global,8192,8192,32,8,2,4,12,2.560310000e-04,1.505383600e-02,1.587658000e-03,1.672944500e-02,1.529279023e-02,1.411449623e-02,1.331262898e-02,280.849160,304.294764,304.294764,5.929600000e-04,5.718719959e-04,1.260203698e-02,column,1,1.488479300e-02,288.547331
cuda_warp(blk128)(xcol),double,global,global,8192,8192,32,8,2,4,13,1.752950000e-04,1.503453200e-02,1.148343000e-03,1.630019900e-02,1.547651283e-02,1.416265583e-02,1.312512403e-02,277.515183,303.260020,303.260020,5.738559961e-04,5.861759782e-04,1.225235604e-02,column,1,1.497574100e-02,286.794977
cuda_warp(blk128)(xcol),double,global,global,8192,8192,32,8,2,4,14,2.453550000e-04,1.508965800e-02,1.146265000e-03,1.635742900e-02,1.536921217e-02,1.407456017e-02,1.312335406e-02,279.452665,305.158189,305.158189,5.848320127e-04,3.117760122e-04,1.256188204e-02,column,1,1.496684200e-02,286.965500
cuda_warp(blk128)(xcol),double,global,global,8192,8192,32,8,2,4,15,1.663650000e-04,1.483376100e-02,1.147583000e-03,1.609125100e-02,1.537702020e-02,1.406307220e-02,1.311123997e-02,279.310766,305.407470,305.407470,5.980160236e-04,3.145920038e-04,1.249523997e-02,column,1,1.477679600e-02,290.656195
cuda_warp(blk128)(xcol),double,global,global,8192,8192,32,8,2,4,16,1.627440000e-04,1.495124200e-02,1.152621000e-03,1.621319400e-02,1.453150694e-02,1.396652794e-02,1.313488502e-02,295.562416,307.518613,307.518613,5.986239910e-04,3.191680014e-04,1.249418101e-02,column,1,1.489657000e-02,288.319210
cuda_warp(blk128)(xcol),double,global,global,8192,8192,32,8,2,4,17,1.614770000e-04,1.482877700e-02,1.137472000e-03,1.606933400e-02,1.536589312e-02,1.406694412e-02,1.309613401e-02,279.513027,305.323406,305.323406,5.877439976e-04,3.224639893e-04,1.248554200e-02,column,1,1.476985900e-02,290.792708
cuda_warp(blk128)(xcol),double,global,global,8192,8192,32,8,2,4,18,1.673710000e-04,1.512738500e-02,1.141098000e-03,1.637949800e-02,1.545359084e-02,1.415030384e-02,1.318144504e-02,277.926816,303.524740,303.524740,5.941759944e-04,3.339200020e-04,1.251965306e-02,column,1,1.507022200e-02,284.996949
cuda_warp(blk128)(xcol),double,global,global,8192,8192,32,8,2,4,19,1.501750000e-04,1.492933700e-02,1.137923000e-03,1.617969300e-02,1.454560981e-02,1.397219181e-02,1.312596297e-02,295.275850,307.393955,307.393955,5.922560096e-04,3.276480138e-04,1.248788297e-02,column,1,1.489040900e-02,288.438504
cuda_warp(blk128)(xcol),double,global,global,8192,8192,32,8,2,4,20,1.609240000e-04,1.483723700e-02,1.214236000e-03,1.615767800e-02,1.544372986e-02,1.406857586e-02,1.310083098e-02,278.104275,305.287994,305.287994,5.898560286e-04,3.221119940e-04,1.247187099e-02,column,1,1.478197200e-02,290.554420
cuda_warp(blk128)(xcol),double,global,global,8192,8192,3,8,4,2,1,4.155900000e-05,2.462991000e-03,1.679800000e-05,2.511218000e-03,2.331065047e-03,2.283040047e-03,2.119191007e-03,172.733569,176.367114,176.367114,1.337919980e-04,2.672000043e-05,2.022167004e-03,column,1,2.452025000e-03,164.212512
cuda_warp(blk128)(xcol),double,global,global,8192,8192,3,8,4,2,2,5.232700000e-05,2.482192000e-03,1.676700000e-05,2.537734000e-03,2.342955065e-03,2.296256065e-03,2.107024004e-03,171.856981,175.352039,175.352039,1.340160072e-04,2.969600074e-05,2.028944004e-03,column,1,2.464530000e-03,163.379299
cuda_warp(blk128)(xcol),double,global,global,8192,8192,3,8,4,2,3,4.056200000e-05,2.477584000e-03,1.664500000e-05,2.526083000e-03,2.349461014e-03,2.304224014e-03,2.122327987e-03,171.381088,174.745676,174.745676,1.341439933e-04,2.889600024e-05,2.024471988e-03,column,1,2.468456000e-03,163.119450
cuda_warp(blk128)(xcol),double,global,global,8192,8192,3,8,4,2,4,5.067800000e-05,2.381414000e-03,1.558200000e-05,2.439246000e-03,2.326406996e-03,2.261759996e-03,2.105989996e-03,173.079424,178.026486,178.026486,1.341760010e-04,4.672000185e-05,2.021253996e-03,column,1,2.372400000e-03,169.723986
cuda_warp(blk128)(xcol),double,global,global,8192,8192,3,8,4,2,5,4.465900000e-05,2.491118000e-03,1.647500000e-05,2.536569000e-03,2.353608982e-03,2.304831982e-03,2.139420999e-03,171.079048,174.699582,174.699582,1.345919967e-04,2.905599959e-05,2.036125000e-03,column,1,2.475028000e-03,162.686315
cuda_warp(blk128)(xcol),double,global,global,8192,8192,3,8,4,2,6,4.180000000e-05,2.381901000e-03,1.921600000e-05,2.430371000e-03,2.303830945e-03,2.249151945e-03,2.106381003e-03,174.775491,179.024447,179.024447,1.344960034e-04,1.238495946e-03,2.031533003e-03,column,1,2.368983000e-03,169.968794
cuda_warp(blk128)(xcol),double,global,global,8192,8192,3,8,4,2,7,4.409700000e-05,2.369764000e-03,1.584300000e-05,2.423399000e-03,2.242148930e-03,2.193311930e-03,2.086275996e-03,179.583603,183.582271,183.582271,1.221759990e-04,2.822400071e-05,2.026115994e-03,column,1,2.362676000e-03,170.422514
cuda_warp(blk128)(xcol),double,global,global,8192,8192,3,8,4,2,8,4.022800000e-05,2.366626000e-03,1.642200000e-05,2.413127000e-03,2.235481112e-03,2.190848112e-03,2.086773998e-03,180.119251,183.788726,183.788726,1.343359947e-04,2.470399998e-05,2.015349998e-03,column,1,2.355213000e-03,170.962535
cuda_warp(blk128)(xcol),double,global,global,8192,8192,3,8,4,2,9,5.638300000e-05,2.500765000e-03,1.535500000e-05,2.549878000e-03,2.353393984e-03,2.308063984e-03,2.160092002e-03,171.094677,174.454949,174.454949,1.363839954e-04,2.611199953e-05,2.061308003e-03,column,1,2.477447000e-03,162.527466
cuda_warp(blk128)(xcol),double,global,global,8192,8192,3,8,4,2,10,5.036300000e-05,2.414839000e-03,1.726000000e-05,2.464819000e-03,2.324742957e-03,2.273247957e-03,2.139831007e-03,173.203314,177.126821,177.126821,1.361600012e-04,3.235200047e-05,2.059991006e-03,column,1,2.396583000e-03,168.011366
cuda_warp(blk128)(xcol),double,global,global,8192,8192,3,8,4,2,11,4.400600000e-05,2.390399000e-03,1.528000000e-05,2.433349000e-03,2.276024084e-03,2.218496084e-03,2.106474014e-03,176.910775,181.498262,181.498262,1.259839982e-04,3.171199933e-05,2.027594015e-03,column,1,2.373363000e-03,169.655120
cuda_warp(blk128)(xcol),double,global,global,8192,8192,3,8,4,2,12,4.806500000e-05,2.496524000e-03,1.576800000e-05,2.536960000e-03,2.344468999e-03,2.306143999e-03,2.137429987e-03,171.746005,174.600192,174.600192,1.352320015e-04,2.819200046e-05,2.038485988e-03,column,1,2.472668000e-03,162.841588
cuda_warp(blk128)(xcol),double,global,global,8192,8192,3,8,4,2,13,5.060100000e-05,2.450938000e-03,1.648900000e-05,2.505385000e-03,2.321438917e-03,2.272831917e-03,2.072553995e-03,173.449829,177.159244,177.159244,1.352320015e-04,2.448000014e-05,1.999273996e-03,column,1,2.437617000e-03,165.183121
cuda_warp(blk128)(xcol),double,global,global,8192,8192,3,8,4,2,14,4.937200000e-05,2.381867000e-03,1.584500000e-05,2.432275000e-03,2.345709990e-03,2.297183990e-03,2.097588996e-03,171.655143,175.281208,175.281208,1.241279989e-04,3.142400086e-05,2.015796995e-03,column,1,2.366439000e-03,170.151516
cuda_warp(blk128)(xcol),double,global,global,8192,8192,3,8,4,2,15,5.230900000e-05,2.365894000e-03,1.619400000e-05,2.424612000e-03,2.236198119e-03,2.183936119e-03,2.084172990e-03,180.061498,184.370404,184.370404,1.378879994e-04,3.513599932e-05,2.006668990e-03,column,1,2.355248000e-03,170.959994
cuda_warp(blk128)(xcol),double,global,global,8192,8192,3,8,4,2,16,3.853700000e-05,2.491702000e-03,1.580500000e-05,2.540436000e-03,2.359862991e-03,2.317759991e-03,2.127381990e-03,170.625662,173.725142,173.725142,1.345600039e-04,2.672000043e-05,2.056885988e-03,column,1,2.484874000e-03,162.041691
cuda_warp(blk128)(xcol),double,global,global,8192,8192,3,8,4,2,17,5.220900000e-05,2.458951000e-03,1.582000000e-05,2.505445000e-03,2.319518911e-03,2.271071911e-03,2.107820994e-03,173.593404,177.296537,177.296537,1.347520053e-04,2.470399998e-05,2.008844995e-03,column,1,2.436729000e-03,165.243318
cuda_warp(blk128)(xcol),double,global,global,8192,8192,3,8,4,2,18,4.700200000e-05,2.389483000e-03,1.566900000e-05,2.430692000e-03,2.317285934e-03,2.257535934e-03,2.115178997e-03,173.760682,178.359590,178.359590,1.365119964e-04,3.427200019e-05,2.043850996e-03,column,1,2.367472000e-03,170.077274
cuda_warp(blk128)(xcol),double,global,global,8192,8192,3,8,4,2,19,5.378300000e-05,2.484085000e-03,1.579300000e-05,2.538356000e-03,2.331514939e-03,2.280607939e-03,2.115199992e-03,172.700238,176.555197,176.555197,1.505600065e-04,3.001599945e-05,2.006847992e-03,column,1,2.468162000e-03,163.138880
cuda_warp(blk128)(xcol),double,global,global,8192,8192,3,8,4,2,20,3.772200000e-05,2.359595000e-03,1.622000000e-05,2.408289000e-03,2.236220941e-03,2.188895941e-03,2.110833995e-03,180.059661,183.952639,183.952639,1.356479973e-04,2.761599980e-05,2.010097993e-03,column,1,2.353627000e-03,171.077738
cuda_warp(blk128)(xcol),double,global,global,8192,8192,6,8,4,2,1,6.163800000e-05,3.390165000e-03,3.009300000e-05,3.448295000e-03,3.175220078e-03,3.084608078e-03,2.958752993e-03,253.622221,261.072508,261.072508,2.178560048e-04,4.150399938e-05,2.845760993e-03,column,1,3.356503000e-03,239.924221
cuda_warp(blk128)(xcol),double,global,global,8192,8192,6,8,4,2,2,6.333300000e-05,3.380661000e-03,3.015400000e-05,3.450973000e-03,3.158861887e-03,3.082079887e-03,2.966241007e-03,254.935606,261.286663,261.286663,2.179840058e-04,4.230400175e-05,2.851201003e-03,column,1,3.356833000e-03,239.900635
cuda_warp(blk128)(xcol),double,global,global,8192,8192,6,8,4,2,3,6.898500000e-05,3.464839000e-03,2.991900000e-05,3.550621000e-03,3.274326100e-03,3.187328100e-03,2.996518988e-03,245.945683,252.658761,252.658761,2.238399982e-04,3.759999946e-05,2.867526985e-03,column,1,3.451715000e-03,233.306159
cuda_warp(blk128)(xcol),double,global,global,8192,8192,6,8,4,2,4,7.613700000e-05,3.371160000e-03,3.039600000e-05,3.467501000e-03,3.305686005e-03,3.200320005e-03,2.988056003e-03,243.612481,251.633076,251.633076,2.130880058e-04,3.795199841e-05,2.862488001e-03,column,1,3.360470000e-03,239.640993
cuda_warp(blk128)(xcol),double,global,global,8192,8192,6,8,4,2,5,8.228400000e-05,3.373013000e-03,2.943600000e-05,3.466651000e-03,3.189135906e-03,3.078687906e-03,2.971247994e-03,252.515538,261.574538,261.574538,2.192319930e-04,3.807999939e-05,2.864911997e-03,column,1,3.354026000e-03,240.101409
cuda_warp(blk128)(xcol),double,global,global,8192,8192,6,8,4,2,6,7.288100000e-05,3.361018000e-03,6.089500000e-05,3.485082000e-03,3.212768977e-03,3.079231977e-03,2.958468001e-03,250.658038,261.528321,261.528321,2.179200053e-04,4.060800001e-05,2.848867997e-03,column,1,3.350538000e-03,240.351361
cuda_warp(blk128)(xcol),double,global,global,8192,8192,6,8,4,2,7,8.569200000e-05,3.365791000e-03,2.864700000e-05,3.467692000e-03,3.192174058e-03,3.080064058e-03,2.965352005e-03,252.275206,261.457669,261.457669,2.179200053e-04,3.776000068e-05,2.862824005e-03,column,1,3.352550000e-03,240.207116
cuda_warp(blk128)(xcol),double,global,global,8192,8192,6,8,4,2,8,6.538100000e-05,3.358535000e-03,3.106900000e-05,3.448705000e-03,3.168981098e-03,3.076512098e-03,2.960077988e-03,254.121543,261.759532,261.759532,2.171200067e-04,3.977600113e-05,2.848589984e-03,column,1,3.351486000e-03,240.283375
cuda_warp(blk128)(xcol),double,global,global,8192,8192,6,8,4,2,9,8.349900000e-05,3.374081000e-03,2.979400000e-05,3.471511000e-03,3.190685116e-03,3.081792116e-03,2.975564992e-03,252.392931,261.311061,261.311061,2.220800072e-04,3.779200092e-05,2.872556994e-03,column,1,3.357607000e-03,239.845333
cuda_warp(blk128)(xcol),double,global,global,8192,8192,6,8,4,2,10,6.924600000e-05,3.360890000e-03,2.949800000e-05,3.448862000e-03,3.185396062e-03,3.099168062e-03,2.952647990e-03,252.812006,259.845982,259.845982,2.159679979e-04,3.680000082e-05,2.843975986e-03,column,1,3.349400000e-03,240.433023
cuda_warp(blk128)(xcol),double,global,global,8192,8192,6,8,4,2,11,7.189900000e-05,3.374595000e-03,2.924800000e-05,3.456495000e-03,3.311653036e-03,3.237632036e-03,2.980186999e-03,243.173533,248.733136,248.733136,2.168000042e-04,3.564799950e-05,2.855034999e-03,column,1,3.354602000e-03,240.060182
cuda_warp(blk128)(xcol),double,global,global,8192,8192,6,8,4,2,12,6.809000000e-05,3.358715000e-03,3.020900000e-05,3.448614000e-03,3.325733042e-03,3.239392042e-03,2.967168004e-03,242.144020,248.597995,248.597995,2.114560008e-04,3.395200148e-05,2.844992002e-03,column,1,3.349442000e-03,240.430008
cuda_warp(blk128)(xcol),double,global,global,8192,8192,6,8,4,2,13,8.313600000e-05,3.382505000e-03,2.906300000e-05,3.466354000e-03,3.313054938e-03,3.239455938e-03,2.998112989e-03,243.070635,248.593092,248.593092,2.147199959e-04,4.137599841e-05,2.874016987e-03,column,1,3.353029000e-03,240.172801
cuda_warp(blk128)(xcol),double,global,global,8192,8192,6,8,4,2,14,7.344300000e-05,3.358345000e-03,3.087600000e-05,3.453066000e-03,3.323535921e-03,3.238143921e-03,2.972917004e-03,242.304096,248.693816,248.693816,2.124159932e-04,3.612799942e-05,2.852405002e-03,column,1,3.348123000e-03,240.524726
cuda_warp(blk128)(xcol),double,global,global,8192,8192,6,8,4,2,15,7.400000000e-05,3.365346000e-03,4.089400000e-05,3.461623000e-03,3.186501908e-03,3.073983908e-03,2.964722012e-03,252.724270,261.974816,261.974816,2.187519968e-04,4.076800123e-05,2.858322014e-03,column,1,3.345815000e-03,240.690644
cuda_warp(blk128)(xcol),double,global,global,8192,8192,6,8,4,2,16,6.933600000e-05,3.395146000e-03,2.983200000e-05,3.444745000e-03,3.161223915e-03,3.075007915e-03,2.949387987e-03,254.745121,261.887576,261.887576,2.152319998e-04,3.599999845e-05,2.848779984e-03,column,1,3.344909000e-03,240.755838
cuda_warp(blk128)(xcol),double,global,global,8192,8192,6,8,4,2,17,8.083400000e-05,3.369809000e-03,3.023900000e-05,3.464794000e-03,3.181754106e-03,3.073568106e-03,2.970863000e-03,253.101384,262.010257,262.010257,2.217919976e-04,5.596800148e-05,2.864879002e-03,column,1,3.353102000e-03,240.167573
cuda_warp(blk128)(xcol),double,global,global,8192,8192,6,8,4,2,18,5.855000000e-05,3.391735000e-03,2.958400000e-05,3.438758000e-03,3.163275095e-03,3.077984095e-03,2.952960986e-03,254.579935,261.634350,261.634350,2.154559940e-04,3.916800022e-05,2.851360983e-03,column,1,3.349854000e-03,240.400438
cuda_warp(blk128)(xcol),double,global,global,8192,8192,6,8,4,2,19,8.067900000e-05,3.360226000e-03,2.992400000e-05,3.456346000e-03,3.183410927e-03,3.074559927e-03,2.961338991e-03,252.969656,261.925735,261.925735,2.170560062e-04,3.747199848e-05,2.858074992e-03,column,1,3.345249000e-03,240.731368
cuda_warp(blk128)(xcol),double,global,global,8192,8192,6,8,4,2,20,9.217900000e-05,3.382305000e-03,3.036900000e-05,3.472317000e-03,3.196355883e-03,3.075615883e-03,2.984511009e-03,251.945152,261.835807,261.835807,2.178239971e-04,4.191999882e-05,2.870111009e-03,column,1,3.349214000e-03,240.446376
cuda_warp(blk128)(xcol),double,global,global,8192,8192,8,8,4,2,1,1.005090000e-04,4.227849000e-03,5.148000000e-05,4.348061000e-03,3.970495894e-03,3.864703894e-03,3.718208010e-03,270.430156,277.832883,277.832883,2.707200050e-04,4.499199986e-05,3.581856011e-03,column,1,4.195776000e-03,255.910188
cuda_warp(blk128)(xcol),double,global,global,8192,8192,8,8,4,2,2,9.750300000e-05,4.211791000e-03,4.900000000e-05,4.341215000e-03,4.152668190e-03,4.048384190e-03,3.738363007e-03,258.566727,265.227255,265.227255,2.750720084e-04,4.371200129e-05,3.572667008e-03,column,1,4.191219000e-03,256.188432
cuda_warp(blk128)(xcol),double,global,global,8192,8192,8,8,4,2,3,9.540000000e-05,4.220012000e-03,4.032600000e-05,4.332976000e-03,3.957983012e-03,3.858752012e-03,3.721898002e-03,271.285102,278.261422,278.261422,2.750720084e-04,4.748800024e-05,3.578057999e-03,column,1,4.196824000e-03,255.846284
cuda_warp(blk128)(xcol),double,global,global,8192,8192,8,8,4,2,4,9.613000000e-05,4.222435000e-03,5.956100000e-05,4.355570000e-03,3.984814949e-03,3.863199949e-03,3.719541014e-03,269.458391,277.941043,277.941043,2.861120105e-04,4.438399896e-05,3.580501017e-03,column,1,4.199551000e-03,255.680149
cuda_warp(blk128)(xcol),double,global,global,8192,8192,8,8,4,2,5,1.020910000e-04,4.222159000e-03,5.089100000e-05,4.347020000e-03,3.999502026e-03,3.857568026e-03,3.719908003e-03,268.468879,278.346828,278.346828,2.780799866e-04,4.835199937e-05,3.573252000e-03,column,1,4.193058000e-03,256.076072
cuda_warp(blk128)(xcol),double,global,global,8192,8192,8,8,4,2,6,8.750200000e-05,4.207476000e-03,5.210200000e-05,4.332337000e-03,3.963345955e-03,3.860991955e-03,3.706154004e-03,270.918016,278.099990,278.099990,2.742719948e-04,5.353600159e-05,3.556970004e-03,column,1,4.192408000e-03,256.115775
cuda_warp(blk128)(xcol),double,global,global,8192,8192,8,8,4,2,7,9.637800000e-05,4.217940000e-03,4.830000000e-05,4.339394000e-03,3.967917893e-03,3.860735893e-03,3.712937999e-03,270.605858,278.118435,278.118435,2.865599990e-04,4.479999840e-05,3.581065997e-03,column,1,4.194478000e-03,255.989380
cuda_warp(blk128)(xcol),double,global,global,8192,8192,8,8,4,2,8,9.832200000e-05,4.218526000e-03,4.132800000e-05,4.336039000e-03,4.001217990e-03,3.863615990e-03,3.718391001e-03,268.353743,277.911114,277.911114,2.712000012e-04,4.022400081e-05,3.591287006e-03,column,1,4.195799000e-03,255.908785
cuda_warp(blk128)(xcol),double,global,global,8192,8192,8,8,4,2,9,9.786700000e-05,4.250393000e-03,4.960000000e-05,4.333318000e-03,3.952780993e-03,3.862143993e-03,3.730070987e-03,271.642124,278.017036,278.017036,2.751039863e-04,4.975999892e-05,3.597398983e-03,column,1,4.195305000e-03,255.938918
cuda_warp(blk128)(xcol),double,global,global,8192,8192,8,8,4,2,10,1.060990000e-04,4.231278000e-03,4.009100000e-05,4.349495000e-03,4.000762928e-03,3.863359928e-03,3.733524006e-03,268.384267,277.929534,277.929534,2.768320143e-04,5.135999992e-05,3.601492011e-03,column,1,4.202603000e-03,255.494469
cuda_warp(blk128)(xcol),double,global,global,8192,8192,8,8,4,2,11,1.044460000e-04,4.236805000e-03,4.797400000e-05,4.351193000e-03,4.013217028e-03,3.860800028e-03,3.739502992e-03,267.551397,278.113815,278.113815,2.743360102e-04,4.787199944e-05,3.597006994e-03,column,1,4.198278000e-03,255.757676
cuda_warp(blk128)(xcol),double,global,global,8192,8192,8,8,4,2,12,9.309800000e-05,4.223917000e-03,4.073400000e-05,4.341570000e-03,4.006755888e-03,3.904095888e-03,3.711354016e-03,267.982840,275.029573,275.029573,2.795200050e-04,4.057599977e-05,3.582778017e-03,column,1,4.207750000e-03,255.181944
cuda_warp(blk128)(xcol),double,global,global,8192,8192,8,8,4,2,13,9.720300000e-05,4.217421000e-03,5.371100000e-05,4.347823000e-03,4.010530041e-03,3.859616041e-03,3.720781003e-03,267.730652,278.199130,278.199130,2.771840096e-04,4.572800174e-05,3.578157001e-03,column,1,4.196696000e-03,255.854087
cuda_warp(blk128)(xcol),double,global,global,8192,8192,8,8,4,2,14,1.124440000e-04,4.218391000e-03,4.733400000e-05,4.350537000e-03,4.011838989e-03,3.859647989e-03,3.725367008e-03,267.643299,278.196827,278.196827,2.730880082e-04,4.774399847e-05,3.583543009e-03,column,1,4.191517000e-03,256.170218
cuda_warp(blk128)(xcol),double,global,global,8192,8192,8,8,4,2,15,9.781800000e-05,4.223772000e-03,4.945500000e-05,4.343965000e-03,3.964340947e-03,3.863935947e-03,3.723389014e-03,270.850020,277.888101,277.888101,2.697600126e-04,4.822399840e-05,3.581661019e-03,column,1,4.196451000e-03,255.869025
cuda_warp(blk128)(xcol),double,global,global,8192,8192,8,8,4,2,16,9.614100000e-05,4.214714000e-03,4.023700000e-05,4.329625000e-03,3.964843974e-03,3.861567974e-03,3.713808002e-03,270.815657,278.058507,278.058507,2.735680044e-04,4.351999983e-05,3.584816000e-03,column,1,4.192718000e-03,256.096838
cuda_warp(blk128)(xcol),double,global,global,8192,8192,8,8,4,2,17,7.479000000e-05,4.233355000e-03,4.150700000e-05,4.315308000e-03,3.947484986e-03,3.869055986e-03,3.706112005e-03,272.006563,277.520364,277.520364,2.718400061e-04,5.446400121e-05,3.556960006e-03,column,1,4.198098000e-03,255.768642
cuda_warp(blk128)(xcol),double,global,global,8192,8192,8,8,4,2,18,9.735900000e-05,4.216866000e-03,4.850200000e-05,4.340915000e-03,3.966780116e-03,3.862656116e-03,3.719548990e-03,270.683474,277.980175,277.980175,2.733759880e-04,5.382400006e-05,3.575228990e-03,column,1,4.195181000e-03,255.946483
cuda_warp(blk128)(xcol),double,global,global,8192,8192,8,8,4,2,19,1.010730000e-04,4.221170000e-03,4.035100000e-05,4.337696000e-03,3.964419020e-03,3.859776020e-03,3.721984995e-03,270.844686,278.187599,278.187599,2.768320143e-04,4.617600143e-05,3.584192996e-03,column,1,4.195398000e-03,255.933245
cuda_warp(blk128)(xcol),double,global,global,8192,8192,8,8,4,2,20,1.002030000e-04,4.217386000e-03,4.791400000e-05,4.336789000e-03,4.147090228e-03,4.049536228e-03,3.742581992e-03,258.914508,265.151801,265.151801,2.751039863e-04,3.939199820e-05,3.587029989e-03,column,1,4.188563000e-03,256.350883
cuda_warp(blk128)(xcol),double,global,global,8192,8192,20,8,4,2,1,2.399630000e-04,9.434099000e-03,1.369190000e-04,9.754058000e-03,9.241314233e-03,8.968992233e-03,8.314243001e-03,290.473248,299.292773,299.292773,6.566079855e-04,8.812800050e-05,7.866915000e-03,column,1,9.377380000e-03,286.258482
cuda_warp(blk128)(xcol),double,global,global,8192,8192,20,8,4,2,2,2.052850000e-04,9.556156000e-03,1.230190000e-04,9.798498000e-03,9.108485016e-03,8.820096016e-03,8.445404033e-03,294.709225,304.345276,304.345276,6.766719818e-04,9.769599885e-05,7.876092019e-03,column,1,9.481041000e-03,283.128673
cuda_warp(blk128)(xcol),double,global,global,8192,8192,20,8,4,2,3,2.623390000e-04,9.348771000e-03,1.209360000e-04,9.670613000e-03,8.895395226e-03,8.525728226e-03,8.239260959e-03,301.769004,314.853405,314.853405,6.476799846e-04,9.036800265e-05,7.915484968e-03,column,1,9.286929000e-03,289.046525
cuda_warp(blk128)(xcol),double,global,global,8192,8192,20,8,4,2,4,2.740480000e-04,9.359251000e-03,1.192800000e-04,9.663853000e-03,8.892451784e-03,8.515711784e-03,8.257312037e-03,301.868891,315.223745,315.223745,6.529600024e-04,9.158399701e-05,7.931136034e-03,column,1,9.269438000e-03,289.591943
cuda_warp(blk128)(xcol),double,global,global,8192,8192,20,8,4,2,5,2.804020000e-04,9.400941000e-03,1.249670000e-04,9.671968000e-03,8.914981243e-03,8.510432243e-03,8.282903978e-03,301.106024,315.419298,315.419298,6.629760265e-04,8.991999924e-05,7.960919970e-03,column,1,9.266256000e-03,289.691388
cuda_warp(blk128)(xcol),double,global,global,8192,8192,20,8,4,2,6,2.611340000e-04,9.336153000e-03,1.147250000e-04,9.651356000e-03,8.883753446e-03,8.516480446e-03,8.221279949e-03,302.164460,315.195294,315.195294,6.690239906e-04,8.748800308e-05,7.881343938e-03,column,1,9.273846000e-03,289.454295
cuda_warp(blk128)(xcol),double,global,global,8192,8192,20,8,4,2,7,2.212300000e-04,9.326321000e-03,1.205130000e-04,9.623823000e-03,8.837814893e-03,8.509471893e-03,8.211138001e-03,303.735097,315.454895,315.454895,6.629760265e-04,9.763199836e-05,7.877314007e-03,column,1,9.273153000e-03,289.475927
cuda_warp(blk128)(xcol),double,global,global,8192,8192,20,8,4,2,8,2.292170000e-04,9.376142000e-03,1.318670000e-04,9.639736000e-03,8.885509226e-03,8.525728226e-03,8.218534941e-03,302.104752,314.853405,314.853405,6.489920020e-04,9.302400053e-05,7.895686941e-03,column,1,9.286872000e-03,289.048300
cuda_warp(blk128)(xcol),double,global,global,8192,8192,20,8,4,2,9,2.379260000e-04,9.327482000e-03,1.166260000e-04,9.611051000e-03,8.904777743e-03,8.565119743e-03,8.175370037e-03,301.451045,313.405374,313.405374,6.099839807e-04,1.575360000e-04,7.860202037e-03,column,1,9.255418000e-03,290.030613
cuda_warp(blk128)(xcol),double,global,global,8192,8192,20,8,4,2,10,2.617950000e-04,9.363821000e-03,1.280820000e-04,9.672025000e-03,8.774815118e-03,8.506688118e-03,8.265588990e-03,305.915797,315.558126,315.558126,6.759039760e-04,8.863999695e-05,7.921749002e-03,column,1,9.281203000e-03,289.224852
cuda_warp(blk128)(xcol),double,global,global,8192,8192,20,8,4,2,11,2.339060000e-04,9.406430000e-03,1.168660000e-04,9.716160000e-03,9.241166744e-03,8.944895744e-03,8.310275976e-03,290.477884,300.099033,300.099033,6.788799763e-04,9.292799979e-05,7.845763978e-03,column,1,9.364101000e-03,286.664418
cuda_warp(blk128)(xcol),double,global,global,8192,8192,20,8,4,2,12,2.594920000e-04,9.329977000e-03,1.168170000e-04,9.633158000e-03,8.863307019e-03,8.500576019e-03,8.221802042e-03,302.861511,315.785019,315.785019,6.540160179e-04,9.763199836e-05,7.884970041e-03,column,1,9.255735000e-03,290.020680
cuda_warp(blk128)(xcol),double,global,global,8192,8192,20,8,4,2,13,3.000650000e-04,9.305760000e-03,1.172920000e-04,9.656974000e-03,8.897563964e-03,8.489439964e-03,8.200962972e-03,301.695450,316.199251,316.199251,6.476799846e-04,8.710400015e-05,7.878690969e-03,column,1,9.237504000e-03,290.593061
cuda_warp(blk128)(xcol),double,global,global,8192,8192,20,8,4,2,14,2.665270000e-04,9.328074000e-03,1.166530000e-04,9.634627000e-03,8.865745843e-03,8.492159843e-03,8.223827989e-03,302.778199,316.097979,316.097979,6.529920101e-04,9.635200351e-05,7.904083991e-03,column,1,9.247823000e-03,290.268808
cuda_warp(blk128)(xcol),double,global,global,8192,8192,20,8,4,2,15,2.837710000e-04,9.323722000e-03,1.159780000e-04,9.664365000e-03,8.883324268e-03,8.504832268e-03,8.210166992e-03,302.179058,315.626984,315.626984,6.490560174e-04,8.924800158e-05,7.891926990e-03,column,1,9.263164000e-03,289.788085
cuda_warp(blk128)(xcol),double,global,global,8192,8192,20,8,4,2,16,3.070670000e-04,9.354796000e-03,1.205640000e-04,9.677679000e-03,8.916668911e-03,8.494175911e-03,8.254760959e-03,301.049034,316.022954,316.022954,6.545280218e-04,1.933120042e-04,7.925640963e-03,column,1,9.249356000e-03,290.220699
cuda_warp(blk128)(xcol),double,global,global,8192,8192,20,8,4,2,17,3.606900000e-04,9.392348000e-03,2.873470000e-04,9.888102000e-03,8.848936911e-03,8.494175911e-03,8.158450039e-03,303.353339,316.022954,316.022954,6.488000154e-04,1.855040044e-04,7.838834042e-03,column,1,9.250635000e-03,290.180572
cuda_warp(blk128)(xcol),double,global,global,8192,8192,20,8,4,2,18,4.626570000e-04,9.858949000e-03,1.371010000e-04,1.010958000e-02,9.346501542e-03,8.777471542e-03,8.413039020e-03,287.204207,305.823214,305.823214,6.287040114e-04,1.603199989e-04,8.102735011e-03,column,1,9.511544000e-03,282.220695
cuda_warp(blk128)(xcol),double,global,global,8192,8192,20,8,4,2,19,3.595020000e-04,9.387522000e-03,1.199700000e-04,9.714452000e-03,8.846209399e-03,8.489760399e-03,8.150372984e-03,303.446871,316.187317,316.187317,6.411839724e-04,1.516160071e-04,7.843652988e-03,column,1,9.234118000e-03,290.699616
cuda_warp(blk128)(xcol),double,global,global,8192,8192,20,8,4,2,20,2.611970000e-04,9.427253000e-03,1.877610000e-04,9.806921000e-03,8.676708810e-03,8.228511810e-03,8.322789034e-03,309.374743,326.226008,326.226008,9.226880074e-04,1.538880020e-04,8.006437024e-03,column,1,9.356165000e-03,286.907570
cuda_warp(blk128)(xcol),double,global,global,8192,8192,32,8,4,2,1,7.286490000e-04,1.506286400e-02,2.498290000e-04,1.547217500e-02,1.363550171e-02,1.317183971e-02,1.273346496e-02,314.984178,326.071938,326.071938,1.133056045e-03,1.706880033e-04,1.207388095e-02,column,1,1.449479000e-02,296.311109
cuda_warp(blk128)(xcol),double,global,global,8192,8192,32,8,4,2,2,7.657770000e-04,1.501357200e-02,2.280110000e-04,1.540564900e-02,1.412246474e-02,1.313155174e-02,1.274495798e-02,304.123067,327.072335,327.072335,1.102720022e-03,1.606079936e-04,1.203388600e-02,column,1,1.440976300e-02,298.059538
cuda_warp(blk128)(xcol),double,global,global,8192,8192,32,8,4,2,3,7.339680000e-04,1.525725600e-02,2.335280000e-04,1.565760100e-02,1.436149221e-02,1.340492821e-02,1.274134806e-02,299.061353,320.402111,320.402111,1.104032040e-03,1.643839926e-04,1.203242005e-02,column,1,1.468973000e-02,292.378913
cuda_warp(blk128)(xcol),double,global,global,8192,8192,32,8,4,2,4,7.271310000e-04,1.488122000e-02,4.745230000e-04,1.551693000e-02,1.450792354e-02,1.357494354e-02,1.283561005e-02,296.042868,316.389330,316.389330,1.111071944e-03,3.083199859e-04,1.221442606e-02,column,1,1.431232500e-02,300.088720
cuda_warp(blk128)(xcol),double,global,global,8192,8192,32,8,4,2,5,1.015181000e-03,1.519679000e-02,2.331060000e-04,1.559534400e-02,1.433824618e-02,1.310041618e-02,1.268891105e-02,299.546210,327.849683,327.849683,1.066591978e-03,1.637119949e-04,1.203447908e-02,column,1,1.434586200e-02,299.387189
cuda_warp(blk128)(xcol),double,global,global,8192,8192,32,8,4,2,6,7.427600000e-04,1.507884300e-02,2.633540000e-04,1.550380000e-02,1.368974026e-02,1.321648026e-02,1.265099104e-02,313.736215,324.970583,324.970583,1.102399945e-03,1.677120030e-04,1.202167903e-02,column,1,1.449750600e-02,296.255597
cuda_warp(blk128)(xcol),double,global,global,8192,8192,32,8,4,2,7,7.255040000e-04,1.490115400e-02,2.376520000e-04,1.529749000e-02,1.348345957e-02,1.302524757e-02,1.267604996e-02,318.536001,329.741701,329.741701,1.114367962e-03,1.720319986e-04,1.204478595e-02,column,1,1.433272500e-02,299.661599
cuda_warp(blk128)(xcol),double,global,global,8192,8192,32,8,4,2,8,7.163200000e-04,1.514461700e-02,2.531880000e-04,1.555603700e-02,1.374424176e-02,1.330614376e-02,1.264174200e-02,312.492124,322.780768,322.780768,1.098912001e-03,1.612800062e-04,1.202337400e-02,column,1,1.458577900e-02,294.462661
cuda_warp(blk128)(xcol),double,global,global,8192,8192,32,8,4,2,9,7.175820000e-04,1.554121000e-02,3.346780000e-04,1.606238700e-02,1.460449018e-02,1.355280018e-02,1.352412495e-02,294.085397,316.906266,316.906266,1.111232042e-03,8.289920092e-04,1.288454094e-02,column,1,1.500897200e-02,286.159991
cuda_warp(blk128)(xcol),double,global,global,8192,8192,32,8,4,2,10,1.094989000e-03,1.549898700e-02,3.541420000e-04,1.602013700e-02,1.374810453e-02,1.328659153e-02,1.262895997e-02,312.404324,323.255764,323.255764,1.098943949e-03,3.187519908e-04,1.201187197e-02,column,1,1.456852700e-02,294.811363
cuda_warp(blk128)(xcol),double,global,global,8192,8192,32,8,4,2,11,7.356400000e-04,1.527197900e-02,3.222030000e-04,1.577257700e-02,1.443240336e-02,1.337456036e-02,1.286633097e-02,297.591966,321.129606,321.129606,1.069983959e-03,2.967680097e-04,1.218860296e-02,column,1,1.471256300e-02,291.925159
cuda_warp(blk128)(xcol),double,global,global,8192,8192,32,8,4,2,12,9.461310000e-04,1.517672900e-02,2.692790000e-04,1.559198200e-02,1.407362507e-02,1.308755207e-02,1.326099696e-02,305.178465,328.171936,328.171936,1.109760046e-03,2.718079984e-04,1.262403696e-02,column,1,1.439391300e-02,298.387749
cuda_warp(blk128)(xcol),double,global,global,8192,8192,32,8,4,2,13,1.002843000e-03,1.544086800e-02,2.447210000e-04,1.589994700e-02,1.429803668e-02,1.338291168e-02,1.297907706e-02,300.388605,320.929212,320.929212,1.021695971e-03,2.721279860e-04,1.236717305e-02,column,1,1.465271800e-02,293.117447
cuda_warp(blk128)(xcol),double,global,global,8192,8192,32,8,4,2,14,7.144490000e-04,1.491142300e-02,2.398580000e-04,1.531755400e-02,1.373493912e-02,1.308576012e-02,1.300640103e-02,312.703774,328.216875,328.216875,1.105792046e-03,1.653759927e-04,1.237996905e-02,column,1,1.436169600e-02,299.057110
cuda_warp(blk128)(xcol),double,global,global,8192,8192,32,8,4,2,15,7.370040000e-04,1.503447400e-02,2.316210000e-04,1.543260100e-02,1.387278638e-02,1.318553638e-02,1.300302895e-02,309.596585,325.733225,325.733225,1.105056047e-03,1.594240069e-04,1.238382893e-02,column,1,1.446242100e-02,296.974296
cuda_warp(blk128)(xcol),double,global,global,8192,8192,32,8,4,2,16,7.081350000e-04,1.501170500e-02,2.295120000e-04,1.540389800e-02,1.410889765e-02,1.317628765e-02,1.271505003e-02,304.415512,325.961865,325.961865,1.113376021e-03,1.643200070e-04,1.201229802e-02,column,1,1.446438200e-02,296.934034
cuda_warp(blk128)(xcol),double,global,global,8192,8192,32,8,4,2,17,7.359410000e-04,1.504674700e-02,2.367800000e-04,1.544523400e-02,1.416167568e-02,1.318979168e-02,1.271527504e-02,303.281009,325.628137,325.628137,1.103904009e-03,1.736319959e-04,1.200881104e-02,column,1,1.447013300e-02,296.816021
cuda_warp(blk128)(xcol),double,global,global,8192,8192,32,8,4,2,18,7.471940000e-04,1.525400200e-02,2.284720000e-04,1.565196300e-02,1.435351468e-02,1.338614368e-02,1.272977395e-02,299.227568,320.851725,320.851725,1.113376021e-03,1.652480066e-04,1.200257394e-02,column,1,1.467519400e-02,292.668519
cuda_warp(blk128)(xcol),double,global,global,8192,8192,32,8,4,2,19,7.192460000e-04,1.531839800e-02,2.543660000e-04,1.573079900e-02,1.412911513e-02,1.347552013e-02,1.300173104e-02,303.979921,318.723675,318.723675,1.110399961e-03,1.721280068e-04,1.238256302e-02,column,1,1.475645900e-02,291.056770
cuda_warp(blk128)(xcol),double,global,global,8192,8192,32,8,4,2,20,7.478910000e-04,1.505534600e-02,2.396460000e-04,1.545793000e-02,1.415633704e-02,1.319104004e-02,1.271502602e-02,303.395383,325.597321,325.597321,1.100352049e-03,1.643519998e-04,1.200465804e-02,column,1,1.446670500e-02,296.886354
cuda_warp(blk128)(xcol),double,global,global,8192,8192,3,8,8,1,1,9.409100000e-05,2.372326000e-03,5.722000000e-06,2.447484000e-03,2.148946888e-03,2.069439888e-03,2.074566001e-03,187.372329,194.571094,194.571094,2.393919975e-04,2.275200002e-05,1.978406004e-03,column,1,2.346869000e-03,171.570371
cuda_warp(blk128)(xcol),double,global,global,8192,8192,3,8,8,1,2,8.724700000e-05,2.395495000e-03,5.882000000e-06,2.447456000e-03,2.151254945e-03,2.079839945e-03,2.117958995e-03,187.171300,193.598159,193.598159,2.303040028e-04,2.319999970e-05,2.020774997e-03,column,1,2.353929000e-03,171.055790
cuda_warp(blk128)(xcol),double,global,global,8192,8192,3,8,8,1,3,9.341600000e-05,2.374554000e-03,5.655000000e-06,2.451028000e-03,2.153296911e-03,2.072511911e-03,2.081716005e-03,186.993806,194.282687,194.282687,2.360640019e-04,2.220799960e-05,1.987220001e-03,column,1,2.351496000e-03,171.232774
cuda_warp(blk128)(xcol),double,global,global,8192,8192,3,8,8,1,4,8.873600000e-05,2.360886000e-03,5.538000000e-06,2.438180000e-03,2.165253984e-03,2.072319984e-03,2.083126001e-03,185.961179,194.300681,194.300681,2.331520021e-04,2.428800054e-05,1.988406004e-03,column,1,2.342934000e-03,171.858526
cuda_warp(blk128)(xcol),double,global,global,8192,8192,3,8,8,1,5,9.041600000e-05,2.387179000e-03,5.992000000e-06,2.461238000e-03,2.331242948e-03,2.235775948e-03,2.089338003e-03,172.720387,180.095499,180.095499,2.352640033e-04,2.489599958e-05,1.993434001e-03,column,1,2.364273000e-03,170.307399
cuda_warp(blk128)(xcol),double,global,global,8192,8192,3,8,8,1,6,9.275600000e-05,2.384133000e-03,5.937000000e-06,2.447476000e-03,2.171525964e-03,2.080415964e-03,2.079784991e-03,185.424071,193.544556,193.544556,2.303359956e-04,2.249599993e-05,1.983112988e-03,column,1,2.348112000e-03,171.479548
cuda_warp(blk128)(xcol),double,global,global,8192,8192,3,8,8,1,7,9.320000000e-05,2.381344000e-03,5.614000000e-06,2.449507000e-03,2.338911962e-03,2.246495962e-03,2.094949007e-03,172.154057,179.236104,179.236104,2.299199998e-04,2.444799989e-05,1.982565006e-03,column,1,2.350131000e-03,171.332230
cuda_warp(blk128)(xcol),double,global,global,8192,8192,3,8,8,1,8,1.148820000e-04,2.400867000e-03,5.768000000e-06,2.479548000e-03,2.205197053e-03,2.086240053e-03,2.121426002e-03,182.592836,193.004244,193.004244,2.336959988e-04,2.329600044e-05,1.981233998e-03,column,1,2.357981000e-03,170.761844
cuda_warp(blk128)(xcol),double,global,global,8192,8192,3,8,8,1,9,9.327500000e-05,2.368977000e-03,5.935000000e-06,2.440968000e-03,2.335105066e-03,2.242464066e-03,2.104926007e-03,172.434718,179.558366,179.558366,2.292480022e-04,2.384000085e-05,1.965598006e-03,column,1,2.341088000e-03,171.994040
cuda_warp(blk128)(xcol),double,global,global,8192,8192,3,8,8,1,10,9.518900000e-05,2.419249000e-03,5.862000000e-06,2.470763000e-03,2.134611005e-03,2.080832005e-03,2.110694002e-03,188.630707,193.505859,193.505859,2.477120012e-04,2.515199967e-05,1.993318000e-03,column,1,2.369540000e-03,169.928840
cuda_warp(blk128)(xcol),double,global,global,8192,8192,3,8,8,1,11,9.013800000e-05,2.369728000e-03,5.699000000e-06,2.443225000e-03,2.317348039e-03,2.244832039e-03,2.091903991e-03,173.756025,179.368958,179.368958,2.264959961e-04,2.777599916e-05,1.970015991e-03,column,1,2.346854000e-03,171.571467
cuda_warp(blk128)(xcol),double,global,global,8192,8192,3,8,8,1,12,8.840700000e-05,2.373807000e-03,5.824000000e-06,2.444334000e-03,2.315635106e-03,2.246848106e-03,2.109433008e-03,173.884557,179.208013,179.208013,2.262080014e-04,2.028799988e-05,1.995993008e-03,column,1,2.349672000e-03,171.365699
cuda_warp(blk128)(xcol),double,global,global,8192,8192,3,8,8,1,13,9.442800000e-05,2.369965000e-03,5.490000000e-06,2.445527000e-03,2.165877009e-03,2.066720009e-03,2.069135993e-03,185.907687,194.827157,194.827157,2.391359955e-04,2.435199916e-05,1.971631996e-03,column,1,2.345030000e-03,171.704918
cuda_warp(blk128)(xcol),double,global,global,8192,8192,3,8,8,1,14,9.252200000e-05,2.369491000e-03,5.898000000e-06,2.445253000e-03,2.316753073e-03,2.218944073e-03,2.077479994e-03,173.800647,181.461619,181.461619,2.266239971e-04,2.489599958e-05,1.985159995e-03,column,1,2.346118000e-03,171.625291
cuda_warp(blk128)(xcol),double,global,global,8192,8192,3,8,8,1,15,9.111800000e-05,2.371067000e-03,5.899000000e-06,2.442107000e-03,2.172111931e-03,2.077055931e-03,2.089267015e-03,185.374049,193.857651,193.857651,2.295040041e-04,2.480000071e-05,1.971091015e-03,column,1,2.344383000e-03,171.752305
cuda_warp(blk128)(xcol),double,global,global,8192,8192,3,8,8,1,16,9.080300000e-05,2.376471000e-03,6.244000000e-06,2.445440000e-03,2.195047945e-03,2.100415945e-03,2.070856995e-03,183.437079,191.701641,191.701641,2.328319997e-04,2.310400084e-05,1.974536996e-03,column,1,2.347641000e-03,171.513951
cuda_warp(blk128)(xcol),double,global,global,8192,8192,3,8,8,1,17,1.067630000e-04,2.376491000e-03,5.836000000e-06,2.466498000e-03,2.338875016e-03,2.229120016e-03,2.134314997e-03,172.156777,180.633246,180.633246,2.241919935e-04,2.108800039e-05,1.976682992e-03,column,1,2.352959000e-03,171.126307
cuda_warp(blk128)(xcol),double,global,global,8192,8192,3,8,8,1,18,9.026300000e-05,2.369880000e-03,5.682000000e-06,2.446638000e-03,2.174561893e-03,2.079871893e-03,2.089899988e-03,185.165198,193.595185,193.595185,2.319680005e-04,2.463999949e-05,1.996843985e-03,column,1,2.349742000e-03,171.360594
cuda_warp(blk128)(xcol),double,global,global,8192,8192,3,8,8,1,19,9.017100000e-05,2.363357000e-03,5.975000000e-06,2.435168000e-03,2.263400994e-03,2.167551994e-03,2.110470999e-03,177.897414,185.764026,185.764026,2.364480048e-04,2.415999956e-05,1.975111000e-03,column,1,2.338357000e-03,172.194915
cuda_warp(blk128)(xcol),double,global,global,8192,8192,3,8,8,1,20,8.599000000e-05,2.378801000e-03,5.859000000e-06,2.447393000e-03,2.175961074e-03,2.086080074e-03,2.101118005e-03,185.046134,193.019045,193.019045,2.265920043e-04,2.022399940e-05,1.987166007e-03,column,1,2.354812000e-03,170.991648
cuda_warp(blk128)(xcol),double,global,global,8192,8192,6,8,8,1,1,1.759710000e-04,3.669260000e-03,1.196500000e-05,3.785762000e-03,3.591015059e-03,3.406048059e-03,3.219974012e-03,224.255915,236.434235,236.434235,4.048640132e-04,2.892800048e-05,3.009190010e-03,column,1,3.596888000e-03,223.889754
cuda_warp(blk128)(xcol),double,global,global,8192,8192,6,8,8,1,2,1.604310000e-04,3.659906000e-03,1.221000000e-05,3.757855000e-03,3.500792979e-03,3.405215979e-03,3.210908999e-03,230.035416,236.492009,236.492009,4.045760036e-04,2.947200090e-05,3.000380992e-03,column,1,3.585134000e-03,224.623785
cuda_warp(blk128)(xcol),double,global,global,8192,8192,6,8,8,1,3,1.768020000e-04,3.678562000e-03,1.153900000e-05,3.801800000e-03,3.596680928e-03,3.413183928e-03,3.230915993e-03,223.902644,235.939927,235.939927,4.022719860e-04,3.968000039e-05,3.021155988e-03,column,1,3.613074000e-03,222.886763
cuda_warp(blk128)(xcol),double,global,global,8192,8192,6,8,8,1,4,1.719430000e-04,3.668945000e-03,1.216200000e-05,3.778737000e-03,3.594018937e-03,3.413471937e-03,3.213419013e-03,224.068482,235.920020,235.920020,4.019840062e-04,2.473600022e-05,3.010251020e-03,column,1,3.594604000e-03,224.032012
cuda_warp(blk128)(xcol),double,global,global,8192,8192,6,8,8,1,5,1.742180000e-04,3.658686000e-03,1.220900000e-05,3.769820000e-03,3.239408087e-03,3.130752087e-03,3.236362013e-03,248.596764,257.224573,257.224573,4.074560106e-04,3.148800135e-05,3.055914018e-03,column,1,3.582531000e-03,224.786992
cuda_warp(blk128)(xcol),double,global,global,8192,8192,6,8,8,1,6,1.736320000e-04,3.653509000e-03,1.167300000e-05,3.774038000e-03,3.248805104e-03,3.132064104e-03,3.182159006e-03,247.877710,257.116822,257.116822,4.047040045e-04,3.167999908e-05,3.005679012e-03,column,1,3.587854000e-03,224.453494
cuda_warp(blk128)(xcol),double,global,global,8192,8192,6,8,8,1,7,1.815500000e-04,3.633703000e-03,1.154900000e-05,3.780374000e-03,3.322480010e-03,3.132416010e-03,3.178408993e-03,242.381103,257.087936,257.087936,4.093120098e-04,2.761599980e-05,3.004360988e-03,column,1,3.586846000e-03,224.516572
cuda_warp(blk128)(xcol),double,global,global,8192,8192,6,8,8,1,8,1.860550000e-04,3.674544000e-03,1.198900000e-05,3.792790000e-03,3.605976060e-03,3.413984060e-03,3.214282005e-03,223.325489,235.884630,235.884630,3.960640132e-04,3.129599988e-05,3.005354001e-03,column,1,3.594752000e-03,224.022789
cuda_warp(blk128)(xcol),double,global,global,8192,8192,6,8,8,1,9,1.780180000e-04,3.658333000e-03,1.150400000e-05,3.775250000e-03,3.585817903e-03,3.402175903e-03,3.216544013e-03,224.580944,236.703331,236.703331,4.067200124e-04,2.703999914e-05,3.007968021e-03,column,1,3.585166000e-03,224.621780
cuda_warp(blk128)(xcol),double,global,global,8192,8192,6,8,8,1,10,1.727800000e-04,3.644044000e-03,1.171900000e-05,3.762274000e-03,3.247039949e-03,3.123487949e-03,3.238252002e-03,248.012461,257.822787,257.822787,4.058879912e-04,3.177599981e-05,3.061836004e-03,column,1,3.577444000e-03,225.106631
cuda_warp(blk128)(xcol),double,global,global,8192,8192,6,8,8,1,11,1.710970000e-04,3.659968000e-03,1.162900000e-05,3.774939000e-03,3.524024025e-03,3.411360025e-03,3.246301007e-03,228.518978,236.066074,236.066074,4.038720131e-04,2.678400092e-05,3.043549011e-03,column,1,3.591649000e-03,224.216333
cuda_warp(blk128)(xcol),double,global,global,8192,8192,6,8,8,1,12,1.642820000e-04,3.651803000e-03,1.198500000e-05,3.766107000e-03,3.309939095e-03,3.135744095e-03,3.185255990e-03,243.299452,256.815079,256.815079,4.020160139e-04,3.270399943e-05,3.007815983e-03,column,1,3.589142000e-03,224.372947
cuda_warp(blk128)(xcol),double,global,global,8192,8192,6,8,8,1,13,1.743430000e-04,3.679084000e-03,1.139400000e-05,3.785207000e-03,3.604262119e-03,3.419680119e-03,3.223747013e-03,223.431688,235.491724,235.491724,3.975999951e-04,2.831999958e-05,3.012995017e-03,column,1,3.598804000e-03,223.770555
cuda_warp(blk128)(xcol),double,global,global,8192,8192,6,8,8,1,14,1.763990000e-04,3.663898000e-03,1.123600000e-05,3.770707000e-03,3.307880961e-03,3.127007961e-03,3.176276991e-03,243.450831,257.532561,257.532561,4.051199853e-04,3.328000009e-05,2.999028990e-03,column,1,3.582201000e-03,224.807700
cuda_warp(blk128)(xcol),double,global,global,8192,8192,6,8,8,1,15,1.676040000e-04,3.650423000e-03,1.141800000e-05,3.766866000e-03,3.240343013e-03,3.126976013e-03,3.181977997e-03,248.525037,257.535192,257.535192,4.109440148e-04,3.567999974e-05,2.994681990e-03,column,1,3.586808000e-03,224.518951
cuda_warp(blk128)(xcol),double,global,global,8192,8192,6,8,8,1,16,1.772490000e-04,3.674435000e-03,1.168500000e-05,3.775728000e-03,3.314567087e-03,3.130752087e-03,3.181309011e-03,242.959743,257.224573,257.224573,4.079999924e-04,2.563199960e-05,3.012541006e-03,column,1,3.586452000e-03,224.541237
cuda_warp(blk128)(xcol),double,global,global,8192,8192,6,8,8,1,17,1.789740000e-04,3.659679000e-03,1.264100000e-05,3.774567000e-03,3.308879909e-03,3.127039909e-03,3.175461008e-03,243.377333,257.529930,257.529930,4.083200097e-04,3.299200162e-05,2.995237010e-03,column,1,3.582716000e-03,224.775385
cuda_warp(blk128)(xcol),double,global,global,8192,8192,6,8,8,1,18,1.699550000e-04,3.651583000e-03,1.227600000e-05,3.764139000e-03,3.246878982e-03,3.126847982e-03,3.175333991e-03,248.024756,257.545737,257.545737,4.087040126e-04,3.110400029e-05,2.996901994e-03,column,1,3.581422000e-03,224.856598
cuda_warp(blk128)(xcol),double,global,global,8192,8192,6,8,8,1,19,1.758810000e-04,3.667551000e-03,1.209000000e-05,3.776328000e-03,3.313089111e-03,3.129120111e-03,3.187232014e-03,243.068128,257.358727,257.358727,4.066880047e-04,3.167999908e-05,3.020160009e-03,column,1,3.587903000e-03,224.450429
cuda_warp(blk128)(xcol),double,global,global,8192,8192,6,8,8,1,20,1.748930000e-04,3.665182000e-03,1.141300000e-05,3.771954000e-03,3.314307058e-03,3.129888058e-03,3.181479987e-03,242.978805,257.295582,257.295582,4.050880075e-04,3.078399971e-05,3.004647993e-03,column,1,3.585086000e-03,224.626792
cuda_warp(blk128)(xcol),double,global,global,8192,8192,8,8,8,1,1,2.515670000e-04,4.592915000e-03,1.485900000e-05,4.774712000e-03,4.536934888e-03,4.271967888e-03,4.056537986e-03,236.666792,251.345949,251.345949,5.329920053e-04,3.100799955e-05,3.779257989e-03,column,1,4.507692000e-03,238.202127
cuda_warp(blk128)(xcol),double,global,global,8192,8192,8,8,8,1,2,2.391490000e-04,4.577044000e-03,1.499300000e-05,4.755216000e-03,4.217681924e-03,3.976383924e-03,4.071059992e-03,254.581034,270.029717,270.029717,5.323519707e-04,3.055999987e-05,3.857907997e-03,column,1,4.501632000e-03,238.522790
cuda_warp(blk128)(xcol),double,global,global,8192,8192,8,8,8,1,3,2.485360000e-04,4.778703000e-03,1.490200000e-05,4.970053000e-03,4.475133962e-03,4.221951962e-03,4.147356977e-03,239.935124,254.323553,254.323553,5.420160294e-04,2.844800055e-05,3.778492962e-03,column,1,4.704967000e-03,228.214528
cuda_warp(blk128)(xcol),double,global,global,8192,8192,8,8,8,1,4,2.503820000e-04,4.597085000e-03,1.488100000e-05,4.772234000e-03,4.225785911e-03,3.977567911e-03,4.004130974e-03,254.092812,269.949338,269.949338,5.289279819e-04,4.460800067e-05,3.777922969e-03,column,1,4.506666000e-03,238.256357
cuda_warp(blk128)(xcol),double,global,global,8192,8192,8,8,8,1,5,2.473600000e-04,4.578978000e-03,1.457200000e-05,4.770569000e-03,4.185147932e-03,3.923615932e-03,4.010659990e-03,256.560065,273.661297,273.661297,5.364800096e-04,3.129599988e-05,3.781795991e-03,column,1,4.507217000e-03,238.227231
cuda_warp(blk128)(xcol),double,global,global,8192,8192,8,8,8,1,6,2.414270000e-04,4.579338000e-03,1.490500000e-05,4.760909000e-03,4.164864112e-03,3.967744112e-03,3.999514017e-03,257.809570,270.617710,270.617710,5.358719826e-04,2.841600031e-05,3.773530021e-03,column,1,4.504370000e-03,238.377803
cuda_warp(blk128)(xcol),double,global,global,8192,8192,8,8,8,1,7,2.492560000e-04,4.682216000e-03,1.496100000e-05,4.871718000e-03,4.532100103e-03,4.268896103e-03,4.194244014e-03,236.919265,251.526811,251.526811,5.402240157e-04,3.382400051e-05,3.817252023e-03,column,1,4.606663000e-03,233.084518
cuda_warp(blk128)(xcol),double,global,global,8192,8192,8,8,8,1,8,2.510040000e-04,4.585543000e-03,1.474100000e-05,4.776339000e-03,4.196476016e-03,3.931648016e-03,4.073895001e-03,255.867499,273.102226,273.102226,5.404160023e-04,2.838400006e-05,3.849318997e-03,column,1,4.510193000e-03,238.070039
cuda_warp(blk128)(xcol),double,global,global,8192,8192,8,8,8,1,9,2.648270000e-04,4.555968000e-03,1.461000000e-05,4.786467000e-03,4.202057079e-03,3.923232079e-03,4.004775984e-03,255.527663,273.688072,273.688072,5.345600247e-04,2.892800048e-05,3.778279990e-03,column,1,4.506227000e-03,238.279568
cuda_warp(blk128)(xcol),double,global,global,8192,8192,8,8,8,1,10,2.540980000e-04,4.785627000e-03,1.531400000e-05,4.965061000e-03,4.537780976e-03,4.269855976e-03,4.325658999e-03,236.622664,251.470267,251.470267,5.296639800e-04,3.055999987e-05,3.865947006e-03,column,1,4.695503000e-03,228.674505
cuda_warp(blk128)(xcol),double,global,global,8192,8192,8,8,8,1,11,2.495460000e-04,4.585184000e-03,1.442900000e-05,4.780260000e-03,4.193666060e-03,3.930592060e-03,4.014440005e-03,256.038943,273.175595,273.175595,5.335040092e-04,3.993599862e-05,3.775432003e-03,column,1,4.515615000e-03,237.784183
cuda_warp(blk128)(xcol),double,global,global,8192,8192,8,8,8,1,12,2.546590000e-04,4.583567000e-03,1.500200000e-05,4.768998000e-03,4.191197059e-03,3.922656059e-03,4.000006997e-03,256.189773,273.728262,273.728262,5.318719745e-04,2.992000058e-05,3.778279000e-03,column,1,4.498264000e-03,238.701380
cuda_warp(blk128)(xcol),double,global,global,8192,8192,8,8,8,1,13,2.477510000e-04,4.593286000e-03,1.466800000e-05,4.765464000e-03,4.231067938e-03,3.975199938e-03,3.997825992e-03,253.775605,270.110143,270.110143,5.309439898e-04,2.992000058e-05,3.774081985e-03,column,1,4.502139000e-03,238.495929
cuda_warp(blk128)(xcol),double,global,global,8192,8192,8,8,8,1,14,2.594770000e-04,4.809989000e-03,1.468100000e-05,4.972075000e-03,4.381420132e-03,4.121024132e-03,4.155012990e-03,245.067077,260.552181,260.552181,5.400639772e-04,2.601600066e-05,3.886276998e-03,column,1,4.697186000e-03,228.592571
cuda_warp(blk128)(xcol),double,global,global,8192,8192,8,8,8,1,15,2.532850000e-04,4.698481000e-03,1.565000000e-05,4.869584000e-03,4.288932002e-03,4.023808002e-03,4.015506982e-03,250.351795,266.847181,266.847181,5.373119712e-04,2.870400064e-05,3.793298983e-03,column,1,4.600171000e-03,233.413459
cuda_warp(blk128)(xcol),double,global,global,8192,8192,8,8,8,1,16,2.501850000e-04,4.615953000e-03,1.488800000e-05,4.776453000e-03,4.190401071e-03,3.926176071e-03,4.008703996e-03,256.238438,273.482851,273.482851,5.351999998e-04,3.414399922e-05,3.785151992e-03,column,1,4.510281000e-03,238.065394
cuda_warp(blk128)(xcol),double,global,global,8192,8192,8,8,8,1,17,2.502910000e-04,4.595906000e-03,4.408600000e-05,4.808651000e-03,4.228961115e-03,3.974944115e-03,4.000590980e-03,253.902033,270.127527,270.127527,5.321599841e-04,3.148800135e-05,3.778126983e-03,column,1,4.513040000e-03,237.919855
cuda_warp(blk128)(xcol),double,global,global,8192,8192,8,8,8,1,18,3.716630000e-04,4.654348000e-03,1.487700000e-05,4.873997000e-03,4.438395111e-03,4.220096111e-03,4.069625024e-03,241.921189,254.435396,254.435396,4.751040041e-04,3.187200055e-05,3.868633017e-03,column,1,4.486491000e-03,239.327756
cuda_warp(blk128)(xcol),double,global,global,8192,8192,8,8,8,1,19,2.596370000e-04,4.669863000e-03,1.440600000e-05,4.875874000e-03,4.433982206e-03,4.165952206e-03,4.089897012e-03,242.161961,257.742233,257.742233,5.351039767e-04,3.200000152e-05,3.768361010e-03,column,1,4.601022000e-03,233.370287
cuda_warp(blk128)(xcol),double,global,global,8192,8192,8,8,8,1,20,2.533360000e-04,4.556769000e-03,1.462600000e-05,4.767739000e-03,4.381038197e-03,4.119808197e-03,4.037594998e-03,245.088442,260.629081,260.629081,5.268480182e-04,3.011200018e-05,3.770458998e-03,column,1,4.498169000e-03,238.706421
cuda_warp(blk128)(xcol),double,global,global,8192,8192,20,8,8,1,1,7.044950000e-04,1.099720800e-02,4.189700000e-05,1.143934700e-02,1.008241784e-02,9.365471840e-03,9.159198037e-03,266.241154,286.622458,286.622458,1.271775961e-03,7.164800167e-05,8.555710035e-03,column,1,1.069122400e-02,251.080191
cuda_warp(blk128)(xcol),double,global,global,8192,8192,20,8,8,1,2,7.152340000e-04,1.044402200e-02,4.222300000e-05,1.113533700e-02,9.795135169e-03,9.039872169e-03,9.259506011e-03,274.049772,296.946075,296.946075,1.279904008e-03,5.683200061e-05,8.532497981e-03,column,1,1.037671700e-02,258.690158
cuda_warp(blk128)(xcol),double,global,global,8192,8192,20,8,8,1,3,6.681600000e-04,1.056374000e-02,4.224000000e-05,1.100938300e-02,9.691628527e-03,8.985887527e-03,9.130644954e-03,276.976625,298.730042,298.730042,1.264448047e-03,7.468800247e-05,8.533876940e-03,column,1,1.029785700e-02,260.671182
cuda_warp(blk128)(xcol),double,global,global,8192,8192,20,8,8,1,4,6.900320000e-04,1.063291700e-02,4.433500000e-05,1.108843700e-02,9.758342028e-03,9.026144028e-03,9.228668962e-03,275.083057,297.397710,297.397710,1.269088030e-03,5.750399828e-05,8.510556971e-03,column,1,1.035305700e-02,259.281347
cuda_warp(blk128)(xcol),double,global,global,8192,8192,20,8,8,1,5,6.835540000e-04,1.114893000e-02,4.346600000e-05,1.159770900e-02,1.028414388e-02,9.562975883e-03,9.104542003e-03,261.018767,280.702847,280.702847,1.261983991e-03,5.782400072e-05,8.504638017e-03,column,1,1.086982300e-02,246.954763
cuda_warp(blk128)(xcol),double,global,global,8192,8192,20,8,8,1,6,1.310091000e-03,1.103265000e-02,7.949900000e-05,1.171932800e-02,1.046281727e-02,9.134752274e-03,9.790808998e-03,256.561353,293.861780,293.861780,1.184800029e-03,1.011520028e-04,9.103065010e-03,column,1,1.032290900e-02,260.038576
cuda_warp(blk128)(xcol),double,global,global,8192,8192,20,8,8,1,7,6.831110000e-04,1.067528300e-02,4.214300000e-05,1.111887100e-02,9.785252025e-03,9.076704025e-03,9.123798944e-03,274.326563,295.741114,295.741114,1.269440055e-03,5.916799977e-05,8.530038964e-03,column,1,1.039350600e-02,258.272287
cuda_warp(blk128)(xcol),double,global,global,8192,8192,20,8,8,1,8,6.921020000e-04,1.063433300e-02,4.340000000e-05,1.108853200e-02,9.736121352e-03,9.004192352e-03,9.223889971e-03,275.710877,298.122747,298.122747,1.278751969e-03,8.299840093e-04,8.505041948e-03,column,1,1.035214100e-02,259.304289
cuda_warp(blk128)(xcol),double,global,global,8192,8192,20,8,8,1,9,7.206810000e-04,1.066799900e-02,4.383200000e-05,1.114473000e-02,9.818690099e-03,9.059904099e-03,9.132217963e-03,273.392330,296.289512,296.289512,1.275359988e-03,6.393600255e-05,8.518649963e-03,column,1,1.037943500e-02,258.622416
cuda_warp(blk128)(xcol),double,global,global,8192,8192,20,8,8,1,10,7.021650000e-04,1.059294900e-02,4.205100000e-05,1.109038000e-02,9.756045944e-03,9.014143944e-03,9.222459044e-03,275.147798,297.793620,297.793620,1.267007947e-03,5.903999880e-05,8.508187022e-03,column,1,1.034551000e-02,259.470491
cuda_warp(blk128)(xcol),double,global,global,8192,8192,20,8,8,1,11,6.991450000e-04,1.054802100e-02,7.782700000e-05,1.105441900e-02,9.685827589e-03,8.965567589e-03,9.109418994e-03,277.142509,299.407096,299.407096,1.270751953e-03,3.576000035e-04,8.501450977e-03,column,1,1.027526200e-02,261.244391
cuda_warp(blk128)(xcol),double,global,global,8192,8192,20,8,8,1,12,1.009193000e-03,1.070703300e-02,4.262200000e-05,1.139563300e-02,1.006716582e-02,9.016863823e-03,9.520882050e-03,266.644516,297.703793,297.703793,1.266975999e-03,6.095999852e-05,8.813586070e-03,column,1,1.034294000e-02,259.534964
cuda_warp(blk128)(xcol),double,global,global,8192,8192,20,8,8,1,13,6.812620000e-04,1.087137200e-02,1.232540000e-04,1.149963000e-02,1.007885468e-02,9.360575676e-03,9.120561015e-03,266.335278,286.772379,286.772379,1.276607990e-03,1.285759956e-04,8.506481003e-03,column,1,1.069329300e-02,251.031610
cuda_warp(blk128)(xcol),double,global,global,8192,8192,20,8,8,1,14,1.047248000e-03,1.071098200e-02,1.195430000e-04,1.153547800e-02,1.012087347e-02,9.036160469e-03,9.436748001e-03,265.229535,297.068049,297.068049,1.265472054e-03,6.067200005e-05,8.850827995e-03,column,1,1.036278900e-02,259.037848
cuda_warp(blk128)(xcol),double,global,global,8192,8192,20,8,8,1,15,1.051354000e-03,1.085551300e-02,7.688700000e-05,1.150386200e-02,9.770052702e-03,8.965791702e-03,9.524112946e-03,274.753335,299.399612,299.399612,1.252447963e-03,1.330240071e-04,8.939216930e-03,column,1,1.037428000e-02,258.750926
cuda_warp(blk128)(xcol),double,global,global,8192,8192,20,8,8,1,16,9.722370000e-04,1.091890800e-02,4.151800000e-05,1.137112600e-02,1.004350053e-02,9.033503532e-03,9.503870046e-03,267.272805,297.155423,297.155423,1.260543942e-03,5.779200047e-05,8.793790026e-03,column,1,1.035216000e-02,259.303813
cuda_warp(blk128)(xcol),double,global,global,8192,8192,20,8,8,1,17,6.871360000e-04,1.056508100e-02,1.136330000e-04,1.109042600e-02,9.674410722e-03,8.953727722e-03,9.118280992e-03,277.469568,299.803014,299.803014,1.275712013e-03,6.073600054e-05,8.519337010e-03,column,1,1.028800400e-02,260.920832
cuda_warp(blk128)(xcol),double,global,global,8192,8192,20,8,8,1,18,1.005190000e-03,1.137243400e-02,4.202600000e-05,1.187553800e-02,1.025530966e-02,9.531071663e-03,9.412199993e-03,261.752658,281.642469,281.642469,1.249920011e-03,5.875200033e-05,8.828328002e-03,column,1,1.082695000e-02,247.932664
cuda_warp(blk128)(xcol),double,global,global,8192,8192,20,8,8,1,19,6.931070000e-04,1.065188900e-02,4.198800000e-05,1.108687300e-02,9.752525354e-03,9.020064354e-03,9.235940000e-03,275.247124,297.598161,297.598161,1.267871976e-03,6.041600183e-05,8.520740000e-03,column,1,1.035026200e-02,259.351363
cuda_warp(blk128)(xcol),double,global,global,8192,8192,20,8,8,1,20,6.972430000e-04,1.098918700e-02,1.164280000e-04,1.150280600e-02,1.008275337e-02,9.362208366e-03,9.130479023e-03,266.232294,286.722369,286.722369,1.281888008e-03,5.996799842e-05,8.513327025e-03,column,1,1.068743700e-02,251.169159
cuda_warp(blk128)(xcol),double,global,global,8192,8192,32,8,8,1,1,1.350954000e-03,1.655029700e-02,9.497700000e-05,1.795741300e-02,1.591030147e-02,1.447913647e-02,1.449293391e-02,269.948832,296.631454,296.631454,1.921695948e-03,9.667199850e-05,1.303920595e-02,column,1,1.651015400e-02,260.140959
cuda_warp(blk128)(xcol),double,global,global,8192,8192,32,8,8,1,2,1.341389000e-03,1.653968400e-02,9.003700000e-05,1.794292300e-02,1.586422224e-02,1.446281624e-02,1.447715691e-02,270.732925,296.966180,296.966180,1.935487986e-03,9.366399795e-05,1.301142894e-02,column,1,1.651059400e-02,260.134026
cuda_warp(blk128)(xcol),double,global,global,8192,8192,32,8,8,1,3,1.306629000e-03,1.652421600e-02,9.232700000e-05,1.790077900e-02,1.586458615e-02,1.447904015e-02,1.445969005e-02,270.726715,296.633427,296.633427,1.904096007e-03,9.206400067e-05,1.302301801e-02,column,1,1.650097400e-02,260.285683
cuda_warp(blk128)(xcol),double,global,global,8192,8192,32,8,8,1,4,1.391152000e-03,1.655786700e-02,1.912180000e-04,1.810853600e-02,1.595728857e-02,1.449027157e-02,1.448152312e-02,269.153953,296.403506,296.403506,1.918400049e-03,1.772480011e-04,1.301659506e-02,column,1,1.652442200e-02,259.916341
cuda_warp(blk128)(xcol),double,global,global,8192,8192,32,8,8,1,5,1.720693000e-03,1.674783700e-02,9.478800000e-05,1.790020300e-02,1.549073081e-02,1.418089581e-02,1.474253002e-02,277.260470,302.869957,302.869957,1.893887997e-03,9.868799895e-05,1.349587398e-02,column,1,1.608770100e-02,266.972098
cuda_warp(blk128)(xcol),double,global,global,8192,8192,32,8,8,1,6,1.311693000e-03,1.656373700e-02,9.685800000e-05,1.790364500e-02,1.582145653e-02,1.445737553e-02,1.448348391e-02,271.464722,297.077937,297.077937,1.917727947e-03,9.628800303e-05,1.303186789e-02,column,1,1.649518500e-02,260.377031
cuda_warp(blk128)(xcol),double,global,global,8192,8192,32,8,8,1,7,1.333983000e-03,1.652864000e-02,1.900530000e-04,1.802059500e-02,1.585327363e-02,1.445731163e-02,1.448100999e-02,270.919899,297.079250,297.079250,1.917152047e-03,9.219200164e-05,1.303237004e-02,column,1,1.649417800e-02,260.392927
cuda_warp(blk128)(xcol),double,global,global,8192,8192,32,8,8,1,8,1.764458000e-03,1.706028200e-02,9.466400000e-05,1.834054100e-02,1.580443913e-02,1.446288013e-02,1.444406505e-02,271.757021,296.964868,296.964868,1.898208022e-03,1.071679965e-04,1.303929702e-02,column,1,1.647935700e-02,260.627116
cuda_warp(blk128)(xcol),double,global,global,8192,8192,32,8,8,1,9,1.305340000e-03,1.665406700e-02,1.876370000e-04,1.811263100e-02,1.591081209e-02,1.446467209e-02,1.459118409e-02,269.940168,296.928079,296.928079,1.914559960e-03,1.795839965e-04,1.314222413e-02,column,1,1.661808000e-02,258.451476
cuda_warp(blk128)(xcol),double,global,global,8192,8192,32,8,8,1,10,1.254758000e-03,1.646703100e-02,1.917360000e-04,1.772525200e-02,1.571455972e-02,1.437465572e-02,1.435089299e-02,273.311335,298.787489,298.787489,1.821951985e-03,9.148799628e-05,1.302906904e-02,column,1,1.627247200e-02,263.940678
cuda_warp(blk128)(xcol),double,global,global,8192,8192,32,8,8,1,11,1.298442000e-03,1.635247400e-02,1.385150000e-04,1.768010700e-02,1.553142542e-02,1.411379242e-02,1.449192000e-02,276.534006,304.309938,304.309938,1.893247962e-03,1.740159988e-04,1.315192003e-02,column,1,1.623814800e-02,264.498593
cuda_warp(blk128)(xcol),double,global,global,8192,8192,32,8,8,1,12,1.744685000e-03,1.689559800e-02,9.698200000e-05,1.808612800e-02,1.607362667e-02,1.475916767e-02,1.429104897e-02,267.205864,291.003354,291.003354,1.913408041e-03,9.526400268e-05,1.300679300e-02,column,1,1.624452800e-02,264.394712
cuda_warp(blk128)(xcol),double,global,global,8192,8192,32,8,8,1,13,1.278664000e-03,1.654598600e-02,1.469050000e-04,1.782526400e-02,1.571356625e-02,1.437139225e-02,1.446226503e-02,273.328615,298.855339,298.855339,1.913727999e-03,1.747200042e-04,1.300469699e-02,column,1,1.639755400e-02,261.927315
cuda_warp(blk128)(xcol),double,global,global,8192,8192,32,8,8,1,14,1.266734000e-03,1.669241800e-02,9.356600000e-05,1.783767400e-02,1.578875746e-02,1.446297646e-02,1.445580896e-02,272.026935,296.962891,296.962891,1.901535988e-03,9.289599955e-05,1.301849694e-02,column,1,1.647650300e-02,260.672261
cuda_warp(blk128)(xcol),double,global,global,8192,8192,32,8,8,1,15,1.323968000e-03,1.653545000e-02,9.147900000e-05,1.792093800e-02,1.586544138e-02,1.446713638e-02,1.448280907e-02,270.712122,296.877501,296.877501,1.927487969e-03,9.251199663e-05,1.302364106e-02,column,1,1.650451200e-02,260.229887
cuda_warp(blk128)(xcol),double,global,global,8192,8192,32,8,8,1,16,1.327445000e-03,1.651101300e-02,9.182400000e-05,1.790542800e-02,1.584790168e-02,1.445551968e-02,1.446721395e-02,271.011733,297.116077,297.116077,1.911296010e-03,9.769599885e-05,1.301790191e-02,column,1,1.648630100e-02,260.517341
cuda_warp(blk128)(xcol),double,global,global,8192,8192,32,8,8,1,17,1.354248000e-03,1.651739400e-02,9.314700000e-05,1.793488900e-02,1.589847870e-02,1.445932770e-02,1.447050511e-02,270.149577,297.037828,297.037828,1.911424041e-03,9.206400067e-05,1.302394507e-02,column,1,1.648774600e-02,260.494509
cuda_warp(blk128)(xcol),double,global,global,8192,8192,32,8,8,1,18,1.349950000e-03,1.657494500e-02,9.336700000e-05,1.799244600e-02,1.592184513e-02,1.448816013e-02,1.450557998e-02,269.753113,296.446702,296.446702,1.952448010e-03,9.334400296e-05,1.301306797e-02,column,1,1.654925300e-02,259.526354
cuda_warp(blk128)(xcol),double,global,global,8192,8192,32,8,8,1,19,1.353364000e-03,1.653425800e-02,9.092800000e-05,1.795052800e-02,1.588892056e-02,1.446147156e-02,1.448248988e-02,270.312088,296.993793,296.993793,1.927072048e-03,9.257599711e-05,1.302271384e-02,column,1,1.650550900e-02,260.214168
cuda_warp(blk128)(xcol),double,global,global,8192,8192,32,8,8,1,20,1.287465000e-03,1.656492500e-02,9.381600000e-05,1.778137100e-02,1.575433741e-02,1.437305641e-02,1.420694895e-02,272.621259,298.820736,298.820736,1.910655975e-03,9.759999812e-05,1.301901298e-02,column,1,1.639854100e-02,261.911550
