kernel,scalar,a_mode,x_mode,M,N,k,P,pr,pc,rep,t_bcast_s,t_local_s,t_reduce_s,t_total_s,t_official_s,t_kernel_s,t_transfer_runtime_overhead_s,gflops,gflops_compute,gflops_kernel,t_h2d_X_s,t_d2h_Y_s,t_launch_overhead_s,x_layout,group_timing,t_local_group_s,gflops_local_group
cuda_warp_smem,double,global,global,8192,8192,3,8,1,8,1,2.579999998e-07,2.397918000e-03,2.073273000e-03,2.559873000e-03,2.267158993e-03,1.942400038e-04,2.205853998e-03,177.602535,2072.967340,2072.967340,2.144736052e-03,6.076800078e-05,2.289695918e-05,row,0,-1.000000000e+00,-1.000000
cuda_warp_smem,double,global,global,8192,8192,3,8,1,8,2,2.650000002e-07,2.404990000e-03,1.782564000e-03,2.608144000e-03,1.977169006e-03,1.947519928e-04,2.211582003e-03,203.651374,2067.517658,2067.517658,2.141855955e-03,5.542400107e-05,2.311605235e-05,row,0,-1.000000000e+00,-1.000000
cuda_warp_smem,double,global,global,8192,8192,3,8,1,8,3,2.660000000e-07,2.401679000e-03,1.774035000e-03,2.615903000e-03,1.966659006e-03,1.945919991e-04,2.209166994e-03,204.739705,2069.217573,2069.217573,1.852128029e-03,5.888000131e-05,2.142862994e-03,row,0,-1.000000000e+00,-1.000000
cuda_warp_smem,double,global,global,8192,8192,3,8,1,8,4,3.469999998e-07,2.411816000e-03,2.078659000e-03,2.543341000e-03,2.272682002e-03,1.948159933e-04,2.217255994e-03,177.170930,2066.838442,2066.838442,2.151520014e-03,6.051199883e-05,2.369195268e-05,row,0,-1.000000000e+00,-1.000000
cuda_warp_smem,double,global,global,8192,8192,3,8,1,8,5,2.020000001e-07,2.399643000e-03,2.156023000e-03,2.542294000e-03,2.350442004e-03,1.958719939e-04,2.208314996e-03,171.309559,2055.695539,2055.695539,2.151007891e-03,6.159999967e-05,9.814520059e-04,row,0,-1.000000000e+00,-1.000000
cuda_warp_smem,double,global,global,8192,8192,3,8,1,8,6,2.170000000e-07,2.402598000e-03,1.771063000e-03,2.558526000e-03,1.964461997e-03,1.945919991e-04,2.209893993e-03,204.968681,2069.217573,2069.217573,2.145983934e-03,5.561599880e-05,1.849914006e-03,row,0,-1.000000000e+00,-1.000000
cuda_warp_smem,double,global,global,8192,8192,3,8,1,8,7,2.640000001e-07,2.417994000e-03,1.942818000e-03,2.625177000e-03,2.135743000e-03,2.007039934e-04,2.225481994e-03,188.530729,2006.204147,2006.204147,2.146559954e-03,6.441599876e-05,3.151400767e-05,row,0,-1.000000000e+00,-1.000000
cuda_warp_smem,double,global,global,8192,8192,3,8,1,8,8,2.660000000e-07,2.410886000e-03,2.083194000e-03,2.558671000e-03,2.276491004e-03,1.945600063e-04,2.216325994e-03,176.874489,2069.557828,2069.557828,2.150048018e-03,6.099199876e-05,2.368499447e-05,row,0,-1.000000000e+00,-1.000000
cuda_warp_smem,double,global,global,8192,8192,3,8,1,8,9,2.449999998e-07,2.414677000e-03,1.967480000e-03,2.632518000e-03,2.160387000e-03,1.944320053e-04,2.222100994e-03,186.380118,2070.920286,2070.920286,2.139199972e-03,5.958399922e-05,2.331702258e-05,row,0,-1.000000000e+00,-1.000000
cuda_warp_smem,double,global,global,8192,8192,3,8,1,8,10,2.290000001e-07,2.412476000e-03,1.953626000e-03,2.615291000e-03,2.146783001e-03,1.945600063e-04,2.219547999e-03,187.561194,2069.557828,2069.557828,2.149312019e-03,5.683200061e-05,3.083903227e-05,row,0,-1.000000000e+00,-1.000000
cuda_warp_smem,double,global,global,8192,8192,3,8,1,8,11,2.459999999e-07,2.402761000e-03,1.951512000e-03,2.617169000e-03,2.145390007e-03,1.945600063e-04,2.210824999e-03,187.682977,2069.557828,2069.557828,2.130592108e-03,6.211199984e-05,2.448889127e-05,row,0,-1.000000000e+00,-1.000000
cuda_warp_smem,double,global,global,8192,8192,3,8,1,8,12,2.500000000e-07,2.414377000e-03,2.081488000e-03,2.560035000e-03,2.274519002e-03,1.958400011e-04,2.219849001e-03,177.027839,2056.031361,2056.031361,2.154911995e-03,5.865599960e-05,2.234398142e-05,row,0,-1.000000000e+00,-1.000000
cuda_warp_smem,double,global,global,8192,8192,3,8,1,8,13,2.749999999e-07,2.411426000e-03,1.784823000e-03,2.610285000e-03,1.980105004e-03,1.952320039e-04,2.216513999e-03,203.349410,2062.434314,2062.434314,2.144799948e-03,5.603199825e-05,2.274905217e-05,row,0,-1.000000000e+00,-1.000000
cuda_warp_smem,double,global,global,8192,8192,3,8,1,8,14,2.480000001e-07,2.403918000e-03,1.547886000e-03,2.533826000e-03,1.741531998e-03,1.945279986e-04,2.211405994e-03,231.206308,2069.898354,2069.898354,2.143359900e-03,6.131200120e-05,2.280300125e-05,row,0,-1.000000000e+00,-1.000000
cuda_warp_smem,double,global,global,8192,8192,3,8,1,8,15,2.820000000e-07,2.406058000e-03,2.073205000e-03,2.550692000e-03,2.267805006e-03,1.961600035e-04,2.209897996e-03,177.551942,2052.677288,2052.677288,2.144256115e-03,6.108799949e-05,1.851908994e-03,row,0,-1.000000000e+00,-1.000000
cuda_warp_smem,double,global,global,8192,8192,3,8,1,8,16,2.940000001e-07,2.403226000e-03,2.071413000e-03,2.535829000e-03,2.263844997e-03,1.943359971e-04,2.208890003e-03,177.862524,2071.943387,2071.943387,2.147327900e-03,5.910399929e-05,2.321895261e-05,row,0,-1.000000000e+00,-1.000000
cuda_warp_smem,double,global,global,8192,8192,3,8,1,8,17,2.899999998e-07,2.403408000e-03,1.777779000e-03,2.604656000e-03,1.972385006e-03,1.947519928e-04,2.208656007e-03,204.145328,2067.517658,2067.517658,2.137952089e-03,5.862399936e-05,2.224199508e-05,row,0,-1.000000000e+00,-1.000000
cuda_warp_smem,double,global,global,8192,8192,3,8,1,8,18,2.430000001e-07,2.404927000e-03,1.778253000e-03,2.603943000e-03,1.971227001e-03,1.947200000e-04,2.210366994e-03,204.265254,2067.857354,2067.857354,1.851359963e-03,5.855999887e-05,2.141246995e-03,row,0,-1.000000000e+00,-1.000000
cuda_warp_smem,double,global,global,8192,8192,3,8,1,8,19,2.419999998e-07,2.408252000e-03,2.080918000e-03,2.536109000e-03,2.273469006e-03,1.945600063e-04,2.214203998e-03,177.109599,2069.557828,2069.557828,2.150943995e-03,5.763199925e-05,2.357405546e-05,row,0,-1.000000000e+00,-1.000000
cuda_warp_smem,double,global,global,8192,8192,3,8,1,8,20,2.410000000e-07,2.439673000e-03,1.785399000e-03,2.645619000e-03,1.978924998e-03,2.280959934e-04,2.211577007e-03,203.470664,1765.279512,1765.279512,2.141887903e-03,5.571199954e-05,2.297100709e-05,row,0,-1.000000000e+00,-1.000000
cuda_warp_smem,double,global,global,8192,8192,6,8,1,8,1,1.800000000e-07,3.766457000e-03,2.820236000e-03,4.133753000e-03,3.176156005e-03,3.561919928e-04,3.411737004e-03,253.547485,2260.877236,2260.877236,3.302848101e-03,9.628800303e-05,2.219893190e-05,row,0,-1.000000000e+00,-1.000000
cuda_warp_smem,double,global,global,8192,8192,6,8,1,8,2,2.049999999e-07,3.763691000e-03,3.100986000e-03,4.127163000e-03,3.455907004e-03,3.560000062e-04,3.408042989e-03,233.023159,2262.096500,2262.096500,3.300863981e-03,9.632000327e-05,2.239197992e-05,row,0,-1.000000000e+00,-1.000000
cuda_warp_smem,double,global,global,8192,8192,6,8,1,8,3,2.210000001e-07,3.760065000e-03,2.818637000e-03,4.130711000e-03,3.173813007e-03,3.559679985e-04,3.405089002e-03,253.734661,2262.299902,2262.299902,3.302560091e-03,9.203200042e-05,2.975704182e-05,row,0,-1.000000000e+00,-1.000000
cuda_warp_smem,double,global,global,8192,8192,6,8,1,8,4,2.440000002e-07,3.762712000e-03,3.089556000e-03,4.125565000e-03,3.445241002e-03,3.563520014e-04,3.408376006e-03,233.744567,2259.862060,2259.862060,3.296063900e-03,9.500800073e-05,2.300010442e-05,row,0,-1.000000000e+00,-1.000000
cuda_warp_smem,double,global,global,8192,8192,6,8,1,8,5,2.090000000e-07,3.754968000e-03,3.415336000e-03,4.060444000e-03,3.770823994e-03,3.556480110e-04,3.400183988e-03,213.562439,2264.335363,2264.335363,3.296576023e-03,9.590400010e-05,2.913907136e-05,row,0,-1.000000000e+00,-1.000000
cuda_warp_smem,double,global,global,8192,8192,6,8,1,8,6,2.200000000e-07,3.761267000e-03,2.803085000e-03,4.117698000e-03,3.158586995e-03,3.559040129e-04,3.405427002e-03,254.957793,2262.706625,2262.706625,3.296159983e-03,9.087999910e-05,2.066907388e-05,row,0,-1.000000000e+00,-1.000000
cuda_warp_smem,double,global,global,8192,8192,6,8,1,8,7,1.759999999e-07,3.756356000e-03,2.809356000e-03,4.106613000e-03,3.164321013e-03,3.556160033e-04,3.401955991e-03,254.495787,2264.539167,2264.539167,3.297696114e-03,9.459199756e-05,2.125187873e-05,row,0,-1.000000000e+00,-1.000000
cuda_warp_smem,double,global,global,8192,8192,6,8,1,8,8,1.980000000e-07,3.770210000e-03,2.789302000e-03,4.135542000e-03,3.144284991e-03,3.558399975e-04,3.415713998e-03,256.117486,2263.113685,2263.113685,3.302175999e-03,9.721600264e-05,2.208199563e-05,row,0,-1.000000000e+00,-1.000000
cuda_warp_smem,double,global,global,8192,8192,6,8,1,8,9,2.079999999e-07,3.759783000e-03,3.079015000e-03,4.106604000e-03,3.433591001e-03,3.560000062e-04,3.405158997e-03,234.537651,2262.096500,2262.096500,3.295392036e-03,9.443199635e-05,2.338099189e-05,row,0,-1.000000000e+00,-1.000000
cuda_warp_smem,double,global,global,8192,8192,6,8,1,8,10,2.079999999e-07,3.766916000e-03,2.807275000e-03,4.116326000e-03,3.162684986e-03,3.558079898e-04,3.412387990e-03,254.627436,2263.317269,2263.317269,3.304672003e-03,9.545599669e-05,2.197593666e-05,row,0,-1.000000000e+00,-1.000000
cuda_warp_smem,double,global,global,8192,8192,6,8,1,8,11,2.070000000e-07,3.755345000e-03,2.796247000e-03,4.100019000e-03,3.151853988e-03,3.561600149e-04,3.400625004e-03,255.502435,2261.080229,2261.080229,3.297791958e-03,8.694399893e-05,2.014504936e-05,row,0,-1.000000000e+00,-1.000000
cuda_warp_smem,double,global,global,8192,8192,6,8,1,8,12,1.869999999e-07,3.756310000e-03,2.800494000e-03,4.106934000e-03,3.156002995e-03,3.560639918e-04,3.401685997e-03,255.166541,2261.689996,2261.689996,3.299583912e-03,9.228800237e-05,2.175008404e-05,row,0,-1.000000000e+00,-1.000000
cuda_warp_smem,double,global,global,8192,8192,6,8,1,8,13,1.949999999e-07,3.749978000e-03,2.798463000e-03,4.102099000e-03,3.153415013e-03,3.556480110e-04,3.394585991e-03,255.375954,2264.335363,2264.335363,3.298111916e-03,8.931200206e-05,2.062089245e-05,row,0,-1.000000000e+00,-1.000000
cuda_warp_smem,double,global,global,8192,8192,6,8,1,8,14,1.850000002e-07,3.758229000e-03,2.794552000e-03,4.109296000e-03,3.148896986e-03,3.561600149e-04,3.403637005e-03,255.742367,2261.080229,2261.080229,3.295936108e-03,9.222400188e-05,2.072392367e-05,row,0,-1.000000000e+00,-1.000000
cuda_warp_smem,double,global,global,8192,8192,6,8,1,8,15,1.930000000e-07,3.760392000e-03,3.084370000e-03,4.110009000e-03,3.439603014e-03,3.561919928e-04,3.405448009e-03,234.127707,2260.877236,2260.877236,3.298464060e-03,8.681599796e-05,2.288599541e-05,row,0,-1.000000000e+00,-1.000000
cuda_warp_smem,double,global,global,8192,8192,6,8,1,8,16,2.050000001e-07,3.755057000e-03,3.071427000e-03,4.101325000e-03,3.426430997e-03,3.550400138e-04,3.400016986e-03,235.027750,2268.212981,2268.212981,3.298367977e-03,9.004800022e-05,2.494202306e-05,row,0,-1.000000000e+00,-1.000000
cuda_warp_smem,double,global,global,8192,8192,6,8,1,8,17,1.820000000e-07,3.755828000e-03,2.802765000e-03,4.101092000e-03,3.157104986e-03,3.558399975e-04,3.401203997e-03,255.077475,2263.113685,2263.113685,3.296096087e-03,8.895999938e-05,2.389191031e-05,row,0,-1.000000000e+00,-1.000000
cuda_warp_smem,double,global,global,8192,8192,6,8,1,8,18,2.000000001e-07,3.754956000e-03,3.072949000e-03,4.101681000e-03,3.428444986e-03,3.562240005e-04,3.400236004e-03,234.889687,2260.674090,2260.674090,3.298239946e-03,9.411200136e-05,2.171599280e-05,row,0,-1.000000000e+00,-1.000000
cuda_warp_smem,double,global,global,8192,8192,6,8,1,8,19,1.660000002e-07,3.764149000e-03,2.805471000e-03,4.112500000e-03,3.160069988e-03,3.558399975e-04,3.409845014e-03,254.838143,2263.113685,2263.113685,3.298784018e-03,9.087999910e-05,2.636789840e-05,row,0,-1.000000000e+00,-1.000000
cuda_warp_smem,double,global,global,8192,8192,6,8,1,8,20,2.000000001e-07,3.752403000e-03,3.092792000e-03,4.113150000e-03,3.447071992e-03,3.544319868e-04,3.397971013e-03,233.620409,2272.104093,2272.104093,3.292063951e-03,8.822400123e-05,2.316600055e-05,row,0,-1.000000000e+00,-1.000000
cuda_warp_smem,double,global,global,8192,8192,8,8,1,8,1,3.010000000e-07,4.739842000e-03,2.953576000e-03,5.244137000e-03,3.424688010e-03,4.712319970e-04,4.269185992e-03,313.529822,2278.584287,2278.584287,4.130015850e-03,1.301759928e-04,2.406000436e-05,row,0,-1.000000000e+00,-1.000000
cuda_warp_smem,double,global,global,8192,8192,8,8,1,8,2,2.470000000e-07,4.740740000e-03,4.126963000e-03,5.165021000e-03,4.598277997e-03,4.712319970e-04,4.269892006e-03,233.509550,2278.584287,2278.584287,4.137184143e-03,1.312959939e-04,2.394797734e-05,row,0,-1.000000000e+00,-1.000000
cuda_warp_smem,double,global,global,8192,8192,8,8,1,8,3,1.850000000e-07,4.751799000e-03,2.959314000e-03,5.224984000e-03,3.430280009e-03,4.724479914e-04,4.281878991e-03,313.018710,2272.719630,2272.719630,4.134399891e-03,1.299200058e-04,2.264405466e-05,row,0,-1.000000000e+00,-1.000000
cuda_warp_smem,double,global,global,8192,8192,8,8,1,8,4,2.390000000e-07,4.734804000e-03,2.950576000e-03,5.233246000e-03,3.421915997e-03,4.720639884e-04,4.263572003e-03,313.783806,2274.568385,2274.568385,4.128223896e-03,1.211839989e-04,2.187791235e-05,row,0,-1.000000000e+00,-1.000000
cuda_warp_smem,double,global,global,8192,8192,8,8,1,8,5,2.059999999e-07,4.738967000e-03,3.155170000e-03,5.131108000e-03,3.625040007e-03,4.710719883e-04,4.269782989e-03,296.201372,2279.358252,2279.358252,4.125951767e-03,1.300159991e-04,1.847695248e-05,row,0,-1.000000000e+00,-1.000000
cuda_warp_smem,double,global,global,8192,8192,8,8,1,8,6,2.190000001e-07,4.741831000e-03,3.132336000e-03,5.116655000e-03,4.662952771e-03,4.570687771e-03,3.695415991e-03,230.270791,234.919093,234.919093,3.562272072e-03,1.295679957e-04,2.164793755e-05,row,0,-1.000000000e+00,-1.000000
cuda_warp_smem,double,global,global,8192,8192,8,8,1,8,7,2.079999999e-07,4.735913000e-03,3.136847000e-03,5.115272000e-03,4.663591205e-03,4.571008205e-03,3.699315008e-03,230.239268,234.902624,234.902624,3.561919928e-03,1.354240030e-04,2.107508127e-05,row,0,-1.000000000e+00,-1.000000
cuda_warp_smem,double,global,global,8192,8192,8,8,1,8,8,2.560000001e-07,4.732893000e-03,3.134792000e-03,5.109367000e-03,4.662855950e-03,4.569695950e-03,3.693679994e-03,230.275573,234.970080,234.970080,3.561151981e-03,1.268800050e-04,1.979201146e-05,row,0,-1.000000000e+00,-1.000000
cuda_warp_smem,double,global,global,8192,8192,8,8,1,8,9,1.839999999e-07,4.721300000e-03,4.086447000e-03,5.174618000e-03,4.556403009e-03,3.995647907e-03,4.250867987e-03,235.655587,268.727838,268.727838,4.127808094e-03,1.242559999e-04,2.172401957e-05,row,0,-1.000000000e+00,-1.000000
cuda_warp_smem,double,global,global,8192,8192,8,8,1,8,10,1.839999999e-07,4.732753000e-03,2.956723000e-03,5.290542000e-03,3.427202013e-03,4.705600142e-04,4.262352994e-03,313.299835,2281.838217,2281.838217,4.122240067e-03,1.393599957e-04,2.238492552e-05,row,0,-1.000000000e+00,-1.000000
cuda_warp_smem,double,global,global,8192,8192,8,8,1,8,11,2.310000000e-07,4.740845000e-03,2.968779000e-03,5.186687000e-03,3.439481007e-03,4.706879854e-04,4.270572995e-03,312.181350,2281.217828,2281.217828,4.123775959e-03,1.279039979e-04,2.272706068e-05,row,0,-1.000000000e+00,-1.000000
cuda_warp_smem,double,global,global,8192,8192,8,8,1,8,12,3.900000001e-07,4.733851000e-03,4.103358000e-03,5.174429000e-03,4.573966999e-03,4.706879854e-04,4.264507010e-03,234.750671,2281.217828,2281.217828,4.127488136e-03,1.320959926e-04,2.516299531e-05,row,0,-1.000000000e+00,-1.000000
cuda_warp_smem,double,global,global,8192,8192,8,8,1,8,13,1.880000000e-07,4.739683000e-03,2.955931000e-03,5.230152000e-03,3.425677000e-03,4.705280066e-04,4.269890992e-03,313.439307,2281.993439,2281.993439,4.123551846e-03,1.250559986e-04,2.278714404e-05,row,0,-1.000000000e+00,-1.000000
cuda_warp_smem,double,global,global,8192,8192,8,8,1,8,14,1.770000000e-07,4.731110000e-03,4.104693000e-03,5.118603000e-03,4.575327992e-03,4.710400105e-04,4.260390007e-03,234.680842,2279.512993,2279.512993,4.124000072e-03,1.279679984e-04,2.529293160e-05,row,0,-1.000000000e+00,-1.000000
cuda_warp_smem,double,global,global,8192,8192,8,8,1,8,15,2.279999998e-07,4.739687000e-03,4.115733000e-03,5.179375000e-03,4.586234991e-03,4.704639912e-04,4.269703005e-03,234.122723,2282.303947,2282.303947,4.128704071e-03,1.330879927e-04,2.283602773e-05,row,0,-1.000000000e+00,-1.000000
cuda_warp_smem,double,global,global,8192,8192,8,8,1,8,16,2.429999999e-07,4.748887000e-03,2.965951000e-03,5.193587000e-03,3.437034995e-03,4.710400105e-04,4.278807012e-03,312.403518,2279.512993,2279.512993,4.122335911e-03,1.338559985e-04,2.261510245e-05,row,0,-1.000000000e+00,-1.000000
cuda_warp_smem,double,global,global,8192,8192,8,8,1,8,17,1.759999999e-07,4.740952000e-03,2.962585000e-03,5.184547000e-03,3.433680010e-03,4.710400105e-04,4.270456001e-03,312.708762,2279.512993,2279.512993,4.124927998e-03,1.290560067e-04,2.045303404e-05,row,0,-1.000000000e+00,-1.000000
cuda_warp_smem,double,global,global,8192,8192,8,8,1,8,18,1.760000001e-07,4.730667000e-03,2.958470000e-03,5.227157000e-03,3.429093007e-03,4.707199931e-04,4.260234987e-03,313.127064,2281.062712,2281.062712,4.120800018e-03,1.264320016e-04,2.164195371e-05,row,0,-1.000000000e+00,-1.000000
cuda_warp_smem,double,global,global,8192,8192,8,8,1,8,19,1.890000001e-07,4.739111000e-03,4.122511000e-03,5.156877000e-03,4.592498987e-03,4.710400105e-04,4.268934989e-03,233.803388,2279.512993,2279.512993,4.134496212e-03,1.456319988e-04,2.262212248e-05,row,0,-1.000000000e+00,-1.000000
cuda_warp_smem,double,global,global,8192,8192,8,8,1,8,20,1.980000000e-07,4.740184000e-03,2.962621000e-03,5.258721000e-03,3.432262992e-03,4.723199904e-04,4.267864010e-03,312.837864,2273.335548,2273.335548,4.124256134e-03,1.280000061e-04,2.146987500e-05,row,0,-1.000000000e+00,-1.000000
cuda_warp_smem,double,global,global,8192,8192,20,8,1,8,1,6.379999999e-07,1.056727500e-02,9.160550000e-03,1.178651500e-02,1.115038699e-02,1.006617641e-02,6.361280117e-04,240.740932,266.670725,266.670725,2.379840016e-04,3.786559999e-04,2.333518282e-05,row,0,-1.000000000e+00,-1.000000
cuda_warp_smem,double,global,global,8192,8192,20,8,1,8,2,4.150000001e-07,1.056697600e-02,9.188561000e-03,1.176808000e-02,1.121659401e-02,1.002249622e-02,6.190920739e-04,239.319936,267.832933,267.832933,2.404479980e-04,3.941119909e-04,2.697576993e-05,row,0,-1.000000000e+00,-1.000000
cuda_warp_smem,double,global,global,8192,8192,20,8,1,8,3,4.219999998e-07,1.056898900e-02,9.172116000e-03,1.175573300e-02,1.119237710e-02,1.000448036e-02,6.193378676e-04,239.837752,268.315241,268.315241,2.353280038e-04,3.887679875e-04,2.617264418e-05,row,0,-1.000000000e+00,-1.000000
cuda_warp_smem,double,global,global,8192,8192,20,8,1,8,4,3.340000001e-07,1.055857900e-02,9.137181000e-03,1.205367000e-02,1.145451192e-02,1.000332832e-02,5.991580817e-04,234.349100,268.346142,268.346142,2.329279929e-04,3.845439851e-04,2.342982816e-05,row,0,-1.000000000e+00,-1.000000
cuda_warp_smem,double,global,global,8192,8192,20,8,1,8,5,4.940000000e-07,1.062295800e-02,9.216812000e-03,1.229152300e-02,1.169003698e-02,1.002147198e-02,6.289076041e-04,229.627551,267.860307,267.860307,2.329279929e-04,3.855359852e-04,1.260829396e-04,row,0,-1.000000000e+00,-1.000000
cuda_warp_smem,double,global,global,8192,8192,20,8,1,8,6,4.990000000e-07,1.056889700e-02,9.150019000e-03,1.176122600e-02,1.117513488e-02,9.981599808e-03,6.321399009e-04,240.207800,268.930293,268.930293,2.347840071e-04,3.877120018e-04,2.346711195e-05,row,0,-1.000000000e+00,-1.000000
cuda_warp_smem,double,global,global,8192,8192,20,8,1,8,7,7.380000000e-07,1.101696500e-02,7.964246000e-03,1.228255300e-02,1.165922542e-02,1.007779217e-02,9.391728323e-04,230.234382,266.363358,266.363358,2.298559994e-04,6.997439861e-04,2.514789246e-05,row,0,-1.000000000e+00,-1.000000
cuda_warp_smem,double,global,global,8192,8192,20,8,1,8,8,4.050000000e-07,1.074708100e-02,7.229694000e-03,1.196251600e-02,1.137893206e-02,1.015503979e-02,6.248860087e-04,235.905667,264.337178,264.337178,2.256959975e-04,3.914879858e-04,1.300892044e-04,row,0,-1.000000000e+00,-1.000000
cuda_warp_smem,double,global,global,8192,8192,20,8,1,8,9,3.500000001e-07,1.059935900e-02,9.147244000e-03,1.215195300e-02,1.155697804e-02,1.000438404e-02,6.357099890e-04,232.271321,268.317824,268.317824,2.275519967e-04,3.864000142e-04,2.313497094e-05,row,0,-1.000000000e+00,-1.000000
cuda_warp_smem,double,global,global,8192,8192,20,8,1,8,10,4.299999998e-07,1.059908500e-02,9.177451000e-03,1.210627800e-02,1.147681384e-02,1.001891232e-02,6.294641640e-04,233.893709,267.928741,267.928741,2.289279997e-04,3.823679984e-04,1.104640185e-04,row,0,-1.000000000e+00,-1.000000
cuda_warp_smem,double,global,global,8192,8192,20,8,1,8,11,4.530000000e-07,1.060329100e-02,7.891545000e-03,1.184639400e-02,1.124793104e-02,1.007340813e-02,6.502455729e-04,238.653184,266.479282,266.479282,2.377279997e-04,3.913280070e-04,2.957358540e-05,row,0,-1.000000000e+00,-1.000000
cuda_warp_smem,double,global,global,8192,8192,20,8,1,8,12,7.369999999e-07,1.057598600e-02,9.168687000e-03,1.179244300e-02,1.120222004e-02,9.976479530e-03,5.995064697e-04,239.627016,269.068317,269.068317,2.268480062e-04,3.953599930e-04,2.635494585e-05,row,0,-1.000000000e+00,-1.000000
cuda_warp_smem,double,global,global,8192,8192,20,8,1,8,13,5.060000001e-07,1.061073800e-02,9.165120000e-03,1.217565300e-02,1.154987460e-02,9.984959602e-03,6.257783976e-04,232.414174,268.839802,268.839802,2.234240025e-04,3.920319974e-04,2.947922628e-05,row,0,-1.000000000e+00,-1.000000
cuda_warp_smem,double,global,global,8192,8192,20,8,1,8,14,4.179999999e-07,1.057276700e-02,9.151634000e-03,1.177251600e-02,1.118096694e-02,9.978912354e-03,8.635529517e-04,240.082506,269.002719,269.002719,2.318080068e-04,7.140799761e-04,2.904699246e-05,row,0,-1.000000000e+00,-1.000000
cuda_warp_smem,double,global,global,8192,8192,20,8,1,8,15,1.796000000e-06,1.056039400e-02,9.158669000e-03,1.237497000e-02,1.146199487e-02,9.980383873e-03,9.473338482e-04,234.196105,268.963057,268.963057,2.288960069e-04,7.268159986e-04,3.443785578e-05,row,0,-1.000000000e+00,-1.000000
cuda_warp_smem,double,global,global,8192,8192,20,8,1,8,16,2.169000000e-06,1.054883800e-02,9.140850000e-03,1.206015300e-02,1.148000800e-02,1.000224018e-02,9.038858192e-04,233.828631,268.375335,268.375335,1.910399944e-04,6.717439890e-04,6.423782571e-05,row,0,-1.000000000e+00,-1.000000
cuda_warp_smem,double,global,global,8192,8192,20,8,1,8,17,6.950000000e-07,1.056042300e-02,9.145498000e-03,1.176813100e-02,1.117844600e-02,9.966464043e-03,6.268508847e-04,240.136649,269.338709,269.338709,2.325440049e-04,3.838720024e-04,3.190688449e-05,row,0,-1.000000000e+00,-1.000000
cuda_warp_smem,double,global,global,8192,8192,20,8,1,8,18,3.200000001e-07,1.068068100e-02,7.954319000e-03,1.191813400e-02,1.129475636e-02,1.006902409e-02,6.233776385e-04,237.663786,266.595306,266.595306,2.275200039e-04,3.866240084e-04,3.026500474e-05,row,0,-1.000000000e+00,-1.000000
cuda_warp_smem,double,global,global,8192,8192,20,8,1,8,19,3.080000000e-06,1.032808800e-02,9.823887000e-03,1.242250400e-02,1.183307184e-02,9.433055878e-03,8.950321223e-04,226.851877,284.568924,284.568924,1.726399958e-04,7.221120000e-04,6.226414400e-05,row,0,-1.000000000e+00,-1.000000
cuda_warp_smem,double,global,global,8192,8192,20,8,1,8,20,7.405000000e-06,1.060812600e-02,9.174085000e-03,1.227437700e-02,1.169105130e-02,1.002480030e-02,8.823620611e-04,229.607628,267.771375,267.771375,1.988800019e-04,6.464959979e-04,6.789805823e-05,row,0,-1.000000000e+00,-1.000000
cuda_warp_smem,double,global,global,8192,8192,32,8,1,8,1,5.210000000e-07,1.677639600e-02,1.293484600e-02,1.975121500e-02,1.884928114e-02,1.591996765e-02,9.187508915e-04,227.858413,269.784926,269.784926,3.658240139e-04,5.743359923e-04,2.372584564e-05,row,0,-1.000000000e+00,-1.000000
cuda_warp_smem,double,global,global,8192,8192,32,8,1,8,2,6.360000000e-07,1.687598900e-02,1.441010300e-02,2.149103300e-02,2.053123605e-02,1.591619205e-02,9.597969453e-04,209.191852,269.848924,269.848924,3.662079871e-04,5.694400072e-04,2.414895097e-05,row,0,-1.000000000e+00,-1.000000
cuda_warp_smem,double,global,global,8192,8192,32,8,1,8,3,3.850000001e-07,1.666955300e-02,1.214083600e-02,1.979066400e-02,1.894834021e-02,1.582905579e-02,9.323588158e-04,226.667204,271.334396,271.334396,3.744319975e-04,5.615680218e-04,2.433980808e-05,row,0,-1.000000000e+00,-1.000000
cuda_warp_smem,double,global,global,8192,8192,32,8,1,8,4,4.980000001e-07,1.666810600e-02,1.218776400e-02,1.983797200e-02,1.898039685e-02,1.582259178e-02,9.392480758e-04,226.284378,271.445245,271.445245,3.782399893e-04,5.691199899e-04,2.275917596e-05,row,0,-1.000000000e+00,-1.000000
cuda_warp_smem,double,global,global,8192,8192,32,8,1,8,5,3.578000000e-06,1.664693400e-02,1.209500300e-02,1.967773800e-02,1.875542730e-02,1.589478397e-02,9.223107003e-04,228.998637,270.212373,270.212373,3.410559893e-04,5.687999725e-04,7.587772344e-05,row,0,-1.000000000e+00,-1.000000
cuda_warp_smem,double,global,global,8192,8192,32,8,1,8,6,4.650000001e-07,1.676421400e-02,1.602946200e-02,1.977150700e-02,1.892565906e-02,1.586521626e-02,9.523028554e-04,226.938850,270.715963,270.715963,3.849920034e-04,5.799679756e-04,2.466396367e-05,row,0,-1.000000000e+00,-1.000000
cuda_warp_smem,double,global,global,8192,8192,32,8,1,8,7,7.539999998e-07,1.674841300e-02,1.285773500e-02,1.968595500e-02,1.873640490e-02,1.585203171e-02,9.495500992e-04,229.231132,270.941124,270.941124,3.719680011e-04,5.748800039e-04,2.441703328e-05,row,0,-1.000000000e+00,-1.000000
cuda_warp_smem,double,global,global,8192,8192,32,8,1,8,8,2.567000000e-06,1.673554300e-02,1.221196500e-02,1.991182600e-02,1.902566696e-02,1.584912014e-02,9.174570364e-04,225.745952,270.990898,270.990898,3.352000117e-04,5.613440275e-04,9.009706199e-05,row,0,-1.000000000e+00,-1.000000
cuda_warp_smem,double,global,global,8192,8192,32,8,1,8,9,5.290000002e-07,1.665768900e-02,1.250584100e-02,2.014919300e-02,1.929573428e-02,1.580748844e-02,9.341821429e-04,222.586362,271.704598,271.704598,3.756160140e-04,5.654720068e-04,2.341293538e-05,row,0,-1.000000000e+00,-1.000000
cuda_warp_smem,double,global,global,8192,8192,32,8,1,8,10,1.883000000e-06,1.664269900e-02,1.263864000e-02,2.027566000e-02,1.890597269e-02,1.580671978e-02,1.369687306e-03,227.175156,271.717811,271.717811,3.639039993e-04,1.094815969e-03,2.808733534e-05,row,0,-1.000000000e+00,-1.000000
cuda_warp_smem,double,global,global,8192,8192,32,8,1,8,11,3.221000000e-06,1.659878900e-02,1.413904500e-02,1.961765300e-02,1.870229321e-02,1.569798374e-02,9.153597872e-04,229.649233,273.599933,273.599933,3.072640002e-04,5.941759944e-04,6.317322799e-05,row,0,-1.000000000e+00,-1.000000
cuda_warp_smem,double,global,global,8192,8192,32,8,1,8,12,6.429999999e-07,1.668871500e-02,1.437339900e-02,2.151117100e-02,2.054600775e-02,1.572355175e-02,9.651632498e-04,209.041452,273.155033,273.155033,3.781439960e-04,5.656639934e-04,2.433126077e-05,row,0,-1.000000000e+00,-1.000000
cuda_warp_smem,double,global,global,8192,8192,32,8,1,8,13,1.387000000e-06,1.663666100e-02,1.169834400e-02,1.983870300e-02,1.892306133e-02,1.591641617e-02,1.445265104e-03,226.970004,269.845124,269.845124,3.283199966e-04,1.065215945e-03,9.486516271e-05,row,0,-1.000000000e+00,-1.000000
cuda_warp_smem,double,global,global,8192,8192,32,8,1,8,14,4.849999999e-07,1.665181700e-02,1.597882100e-02,1.962895700e-02,1.866362629e-02,1.586140823e-02,9.653307098e-04,230.125016,270.780957,270.780957,3.838399947e-04,5.594559908e-04,2.735624194e-05,row,0,-1.000000000e+00,-1.000000
cuda_warp_smem,double,global,global,8192,8192,32,8,1,8,15,3.740000001e-07,1.669090000e-02,1.436898100e-02,2.122768400e-02,2.026702387e-02,1.573023987e-02,9.606601318e-04,211.918993,273.038894,273.038894,3.718720078e-04,5.646079779e-04,2.418014612e-05,row,0,-1.000000000e+00,-1.000000
cuda_warp_smem,double,global,global,8192,8192,32,8,1,8,16,4.430000000e-07,1.665732600e-02,1.212255200e-02,1.976189400e-02,1.879855601e-02,1.591203213e-02,9.633379894e-04,228.473256,269.919471,269.919471,3.817920089e-04,5.579839945e-04,2.356198608e-05,row,0,-1.000000000e+00,-1.000000
cuda_warp_smem,double,global,global,8192,8192,32,8,1,8,17,4.100000000e-07,1.659293500e-02,1.439382200e-02,2.106990700e-02,2.013732375e-02,1.566035175e-02,9.325832468e-04,213.283917,274.257396,274.257396,3.807039857e-04,5.808960199e-04,2.341999438e-05,row,0,-1.000000000e+00,-1.000000
cuda_warp_smem,double,global,global,8192,8192,32,8,1,8,18,3.570000000e-07,1.667238500e-02,1.212851000e-02,1.975724700e-02,1.880275771e-02,1.591788769e-02,9.544892867e-04,228.422201,269.820178,269.820178,3.733119965e-04,5.586559772e-04,2.252131303e-05,row,0,-1.000000000e+00,-1.000000
cuda_warp_smem,double,global,global,8192,8192,32,8,1,8,19,7.460000000e-07,1.665626400e-02,1.539660200e-02,2.013492000e-02,1.929677203e-02,1.572595215e-02,9.439880543e-04,222.574392,273.113339,273.113339,3.739199936e-04,5.792639852e-04,2.384400181e-05,row,0,-1.000000000e+00,-1.000000
cuda_warp_smem,double,global,global,8192,8192,32,8,1,8,20,9.139999999e-07,1.668607500e-02,1.258345400e-02,2.022184400e-02,1.927978358e-02,1.574476814e-02,9.420604162e-04,222.770514,272.786951,272.786951,3.909760118e-04,5.641919971e-04,2.570841239e-05,row,0,-1.000000000e+00,-1.000000
cuda_warp_smem,double,global,global,8192,8192,3,8,2,4,1,1.353600000e-05,2.380051000e-03,1.770067000e-03,2.442569000e-03,1.966299002e-03,1.929599941e-04,2.189458994e-03,204.777190,2086.718472,2086.718472,2.143584013e-03,3.987200186e-05,1.688298206e-05,row,0,-1.000000000e+00,-1.000000
cuda_warp_smem,double,global,global,8192,8192,3,8,2,4,2,7.303000000e-06,2.375238000e-03,1.211712000e-03,2.408485000e-03,1.406759007e-03,1.914879978e-04,2.183750002e-03,286.227550,2102.759383,2102.759383,2.145344019e-03,4.121600091e-05,2.519397691e-05,row,0,-1.000000000e+00,-1.000000
cuda_warp_smem,double,global,global,8192,8192,3,8,2,4,3,1.402300000e-05,2.393111000e-03,1.765967000e-03,2.459925000e-03,1.968885005e-03,1.908160001e-04,2.204279000e-03,204.508228,2110.164681,2110.164681,2.146752119e-03,3.689600155e-05,2.245488220e-05,row,0,-1.000000000e+00,-1.000000
cuda_warp_smem,double,global,global,8192,8192,3,8,2,4,4,8.136000000e-06,2.391350000e-03,1.205927000e-03,2.426736000e-03,1.404591005e-03,1.943359971e-04,2.202933996e-03,286.669345,2071.943387,2071.943387,2.157439947e-03,3.913599998e-05,2.612096709e-05,row,0,-1.000000000e+00,-1.000000
cuda_warp_smem,double,global,global,8192,8192,3,8,2,4,5,1.329200000e-05,2.377121000e-03,1.216895000e-03,2.411829000e-03,2.331139099e-03,2.307552099e-03,1.906513995e-03,172.728081,174.493648,174.493648,1.862496018e-03,3.907199949e-05,1.899800543e-05,row,0,-1.000000000e+00,-1.000000
cuda_warp_smem,double,global,global,8192,8192,3,8,2,4,6,1.331100000e-05,2.389972000e-03,1.215247000e-03,2.421637000e-03,2.347210939e-03,2.317791939e-03,1.914553001e-03,171.545376,173.722748,173.722748,1.866111994e-03,3.593600169e-05,1.721298281e-05,row,0,-1.000000000e+00,-1.000000
cuda_warp_smem,double,global,global,8192,8192,3,8,2,4,7,1.245700000e-05,2.378896000e-03,1.208288000e-03,2.415965000e-03,2.335803979e-03,2.314239979e-03,1.903932004e-03,172.383123,173.989382,173.989382,1.857311964e-03,4.140799865e-05,1.636595197e-05,row,0,-1.000000000e+00,-1.000000
cuda_warp_smem,double,global,global,8192,8192,3,8,2,4,8,9.680000000e-06,2.386956000e-03,1.206129000e-03,2.421740000e-03,1.405736999e-03,1.925120056e-04,2.196491995e-03,286.435645,2091.574408,2091.574408,2.144799948e-03,4.294399917e-05,1.975604635e-05,row,0,-1.000000000e+00,-1.000000
cuda_warp_smem,double,global,global,8192,8192,3,8,2,4,9,1.298700000e-05,2.369622000e-03,1.761026000e-03,2.424524000e-03,1.965146006e-03,1.924799979e-04,2.179157995e-03,204.897337,2091.922218,2091.922218,2.133536100e-03,3.628800064e-05,1.549097992e-05,row,0,-1.000000000e+00,-1.000000
cuda_warp_smem,double,global,global,8192,8192,3,8,2,4,10,1.906800000e-05,2.381135000e-03,1.756151000e-03,2.450518000e-03,1.953184004e-03,1.915519983e-04,2.190287007e-03,206.152202,2102.056818,2102.056818,2.146719933e-03,4.153599963e-05,1.667901769e-05,row,0,-1.000000000e+00,-1.000000
cuda_warp_smem,double,global,global,8192,8192,3,8,2,4,11,7.314000000e-06,2.384900000e-03,1.761427000e-03,2.432429000e-03,1.957124995e-03,1.916159987e-04,2.195171993e-03,205.737081,2101.354723,2101.354723,2.138720036e-03,3.401599824e-05,2.429195871e-05,row,0,-1.000000000e+00,-1.000000
cuda_warp_smem,double,global,global,8192,8192,3,8,2,4,12,7.231000000e-06,2.386458000e-03,1.753658000e-03,2.446616000e-03,1.948957993e-03,1.909440011e-04,2.195513999e-03,206.599211,2108.750114,2108.750114,2.154495955e-03,4.553600028e-05,2.250100498e-05,row,0,-1.000000000e+00,-1.000000
cuda_warp_smem,double,global,global,8192,8192,3,8,2,4,13,7.178000000e-06,2.383202000e-03,1.209254000e-03,2.416434000e-03,1.405904005e-03,1.914879978e-04,2.194113998e-03,286.401620,2102.759383,2102.759383,2.150752068e-03,3.977600113e-05,2.494098630e-05,row,0,-1.000000000e+00,-1.000000
cuda_warp_smem,double,global,global,8192,8192,3,8,2,4,14,1.922200000e-05,2.372451000e-03,1.202229000e-03,2.424510000e-03,1.411116005e-03,1.905599982e-04,2.181986995e-03,285.343786,2112.999517,2112.999517,2.138943911e-03,3.916800022e-05,1.495894975e-05,row,0,-1.000000000e+00,-1.000000
cuda_warp_smem,double,global,global,8192,8192,3,8,2,4,15,1.436200000e-05,2.385985000e-03,1.755104000e-03,2.445418000e-03,1.952990001e-03,1.923519969e-04,2.196001006e-03,206.172681,2093.314291,2093.314291,2.141344070e-03,3.651199862e-05,1.968093397e-05,row,0,-1.000000000e+00,-1.000000
cuda_warp_smem,double,global,global,8192,8192,3,8,2,4,16,7.835000000e-06,2.387134000e-03,1.212564000e-03,2.421375000e-03,1.410094999e-03,1.906879991e-04,2.196669995e-03,285.550395,2111.581147,2111.581147,2.150815964e-03,3.606399894e-05,2.562501804e-05,row,0,-1.000000000e+00,-1.000000
cuda_warp_smem,double,global,global,8192,8192,3,8,2,4,17,1.458000000e-05,2.380725000e-03,1.206388000e-03,2.415557000e-03,2.328654915e-03,2.306783915e-03,1.903119999e-03,172.912346,174.551756,174.551756,1.856256008e-03,3.641600162e-05,1.764799007e-05,row,0,-1.000000000e+00,-1.000000
cuda_warp_smem,double,global,global,8192,8192,3,8,2,4,18,1.380200000e-05,2.374115000e-03,1.213390000e-03,2.415548000e-03,1.416469000e-03,1.914879978e-04,2.184962998e-03,284.265440,2102.759383,2102.759383,2.145695925e-03,3.804799914e-05,2.320599357e-05,row,0,-1.000000000e+00,-1.000000
cuda_warp_smem,double,global,global,8192,8192,3,8,2,4,19,9.099000000e-06,2.381534000e-03,1.207173000e-03,2.416926000e-03,2.337339906e-03,2.314431906e-03,1.908550999e-03,172.269845,173.974954,173.974954,1.854367971e-03,3.888000175e-05,2.620994878e-05,row,0,-1.000000000e+00,-1.000000
cuda_warp_smem,double,global,global,8192,8192,3,8,2,4,20,1.632700000e-05,2.452616000e-03,1.258411000e-03,2.517829000e-03,1.464160996e-03,2.286400050e-04,2.223975995e-03,275.006086,1761.079318,1761.079318,2.179744005e-03,3.888000175e-05,1.670600640e-05,row,0,-1.000000000e+00,-1.000000
cuda_warp_smem,double,global,global,8192,8192,6,8,2,4,1,1.832700000e-05,3.501475000e-03,1.788413000e-03,3.581379000e-03,3.418739949e-03,3.375839949e-03,1.900429163e-04,235.556486,238.549925,238.549925,1.252160072e-04,6.319999695e-05,1.586690883e-05,row,0,-1.000000000e+00,-1.000000
cuda_warp_smem,double,global,global,8192,8192,6,8,2,4,2,1.586300000e-05,3.506389000e-03,1.809068000e-03,3.587925000e-03,3.436348108e-03,3.309600115e-03,1.967888852e-04,234.349473,243.324372,243.324372,1.353919953e-04,6.035200134e-05,1.701689189e-05,row,0,-1.000000000e+00,-1.000000
cuda_warp_smem,double,global,global,8192,8192,6,8,2,4,3,2.638200000e-05,3.506502000e-03,1.817344000e-03,3.586107000e-03,3.399587105e-03,3.349407911e-03,1.865198947e-04,236.883581,240.432455,240.432455,1.165760010e-04,5.987200141e-05,1.515992494e-05,row,0,-1.000000000e+00,-1.000000
cuda_warp_smem,double,global,global,8192,8192,6,8,2,4,4,2.237900000e-05,3.495362000e-03,2.165625000e-03,3.613400000e-03,3.452885927e-03,3.334847927e-03,1.920740083e-04,233.227041,241.482186,241.482186,1.236480027e-04,5.872000009e-05,1.582610792e-05,row,0,-1.000000000e+00,-1.000000
cuda_warp_smem,double,global,global,8192,8192,6,8,2,4,5,3.278800000e-05,3.505844000e-03,2.152659000e-03,3.637656000e-03,3.496966013e-03,3.302560091e-03,2.032839090e-04,230.287159,243.843063,243.843063,1.352960020e-04,5.756799877e-05,1.640198271e-05,row,0,-1.000000000e+00,-1.000000
cuda_warp_smem,double,global,global,8192,8192,6,8,2,4,6,2.500300000e-05,3.599817000e-03,1.817364000e-03,3.680574000e-03,3.540722092e-03,3.396608114e-03,2.032088858e-04,227.441281,237.091340,237.091340,1.349440068e-04,6.198399886e-05,1.586104490e-05,row,0,-1.000000000e+00,-1.000000
cuda_warp_smem,double,global,global,8192,8192,6,8,2,4,7,1.985600000e-05,3.498276000e-03,3.003810000e-03,3.610760000e-03,3.457508109e-03,3.345024109e-03,1.930860180e-04,232.915251,240.747553,240.747553,1.206400022e-04,5.955199897e-05,1.836601754e-05,row,0,-1.000000000e+00,-1.000000
cuda_warp_smem,double,global,global,8192,8192,6,8,2,4,8,3.022400000e-05,3.488172000e-03,2.164163000e-03,3.612963000e-03,3.454795987e-03,3.305792093e-03,1.823799067e-04,233.098096,243.604663,243.604663,1.140799969e-04,5.900799856e-05,1.630598946e-05,row,0,-1.000000000e+00,-1.000000
cuda_warp_smem,double,global,global,8192,8192,6,8,2,4,9,1.962800000e-05,3.492594000e-03,2.144440000e-03,3.605580000e-03,3.428889902e-03,3.315903902e-03,2.014040013e-04,234.859208,242.861793,242.861793,1.240959987e-04,5.990400165e-05,2.271600412e-05,row,0,-1.000000000e+00,-1.000000
cuda_warp_smem,double,global,global,8192,8192,6,8,2,4,10,2.412700000e-05,3.489372000e-03,3.009458000e-03,3.605296000e-03,3.440633941e-03,3.316512108e-03,1.863469948e-04,234.057555,242.817256,242.817256,1.162879989e-04,5.920000002e-05,1.751903302e-05,row,0,-1.000000000e+00,-1.000000
cuda_warp_smem,double,global,global,8192,8192,6,8,2,4,11,3.059000000e-05,3.497013000e-03,1.819575000e-03,3.583139000e-03,3.400249008e-03,3.352288008e-03,1.831939062e-04,236.837469,240.225889,240.225889,1.110719964e-04,5.987200141e-05,1.607291218e-05,row,0,-1.000000000e+00,-1.000000
cuda_warp_smem,double,global,global,8192,8192,6,8,2,4,12,2.218800000e-05,3.500011000e-03,1.801611000e-03,3.578802000e-03,3.435362967e-03,3.307296038e-03,1.927149623e-04,234.416676,243.493887,243.493887,1.353279948e-04,5.750399828e-05,1.549694172e-05,row,0,-1.000000000e+00,-1.000000
cuda_warp_smem,double,global,global,8192,8192,6,8,2,4,13,2.016000000e-05,3.495799000e-03,2.998823000e-03,3.607377000e-03,3.440179043e-03,3.316512108e-03,1.923140216e-04,234.088505,242.817256,242.817256,1.229759976e-04,6.076800078e-05,1.939411142e-05,row,0,-1.000000000e+00,-1.000000
cuda_warp_smem,double,global,global,8192,8192,6,8,2,4,14,2.970500000e-05,3.494756000e-03,3.083051000e-03,3.639055000e-03,3.525699986e-03,3.317696095e-03,1.913789471e-04,228.410350,242.730601,242.730601,1.282880008e-04,5.632000044e-05,1.648390840e-05,row,0,-1.000000000e+00,-1.000000
cuda_warp_smem,double,global,global,8192,8192,6,8,2,4,15,2.581700000e-05,3.498735000e-03,1.804985000e-03,3.582171000e-03,3.441967029e-03,3.305151939e-03,1.935830606e-04,233.966904,243.651845,243.651845,1.290239990e-04,5.865599960e-05,1.510704120e-05,row,0,-1.000000000e+00,-1.000000
cuda_warp_smem,double,global,global,8192,8192,6,8,2,4,16,1.629800000e-05,3.500455000e-03,3.011484000e-03,3.608588000e-03,3.446475048e-03,3.316735983e-03,1.922779773e-04,233.660873,242.800866,242.800866,1.230399981e-04,5.696000159e-05,1.718295041e-05,row,0,-1.000000000e+00,-1.000000
cuda_warp_smem,double,global,global,8192,8192,6,8,2,4,17,3.124000000e-05,3.501413000e-03,2.152484000e-03,3.632988000e-03,3.491949050e-03,3.301631927e-03,1.997810725e-04,230.618018,243.911613,243.911613,1.348160058e-04,5.900799856e-05,1.886507020e-05,row,0,-1.000000000e+00,-1.000000
cuda_warp_smem,double,global,global,8192,8192,6,8,2,4,18,2.599200000e-05,3.596033000e-03,1.809418000e-03,3.676947000e-03,3.537045952e-03,3.392800093e-03,2.032329073e-04,227.677666,237.357447,237.357447,1.342400014e-04,5.888000131e-05,1.477992199e-05,row,0,-1.000000000e+00,-1.000000
cuda_warp_smem,double,global,global,8192,8192,6,8,2,4,19,2.783200000e-05,3.485751000e-03,3.005498000e-03,3.606328000e-03,3.460672997e-03,3.340095997e-03,1.927640279e-04,232.702243,241.102761,241.102761,1.255040020e-04,5.852799863e-05,1.414002746e-05,row,0,-1.000000000e+00,-1.000000
cuda_warp_smem,double,global,global,8192,8192,6,8,2,4,20,2.935100000e-05,3.498218000e-03,1.809629000e-03,3.613376000e-03,3.457924079e-03,3.378272057e-03,1.944429452e-04,232.887232,238.378187,238.378187,1.239039972e-04,5.888000131e-05,1.598008889e-05,row,0,-1.000000000e+00,-1.000000
cuda_warp_smem,double,global,global,8192,8192,8,8,2,4,1,1.947200000e-05,4.489225000e-03,1.823297000e-03,4.733446000e-03,4.518384961e-03,4.253727913e-03,2.487979740e-04,237.638411,252.423720,252.423720,1.563840061e-04,7.539200038e-05,2.116809299e-05,row,0,-1.000000000e+00,-1.000000
cuda_warp_smem,double,global,global,8192,8192,8,8,2,4,2,2.670300000e-05,4.379718000e-03,3.880593000e-03,4.607323000e-03,4.408436909e-03,4.180831909e-03,2.380610737e-04,243.565201,256.824921,256.824921,1.451199949e-04,7.756800205e-05,1.831708425e-05,row,0,-1.000000000e+00,-1.000000
cuda_warp_smem,double,global,global,8192,8192,8,8,2,4,3,2.627700000e-05,4.370443000e-03,3.895153000e-03,4.609455000e-03,4.414243934e-03,4.175231934e-03,2.352669799e-04,243.244787,257.169384,257.169384,1.510400027e-04,6.956800073e-05,1.705897983e-05,row,0,-1.000000000e+00,-1.000000
cuda_warp_smem,double,global,global,8192,8192,8,8,2,4,4,2.569300000e-05,4.383137000e-03,3.281726000e-03,4.485989000e-03,4.267973051e-03,4.131167889e-03,2.519691114e-04,251.581210,259.912415,259.912415,1.615040004e-04,7.548800111e-05,1.872110853e-05,row,0,-1.000000000e+00,-1.000000
cuda_warp_smem,double,global,global,8192,8192,8,8,2,4,5,2.511700000e-05,4.374492000e-03,2.709987000e-03,4.570815000e-03,4.398783052e-03,4.178463936e-03,2.486830047e-04,244.099746,256.970466,256.970466,1.580799967e-04,7.443200052e-05,1.150510079e-04,row,0,-1.000000000e+00,-1.000000
cuda_warp_smem,double,global,global,8192,8192,8,8,2,4,6,1.972300000e-05,8.039071000e-03,7.375223000e-03,8.285259000e-03,8.100713955e-03,4.234687805e-03,5.376801972e-03,132.549036,253.558674,253.558674,1.668480039e-04,5.218976021e-03,1.817794585e-05,row,0,-1.000000000e+00,-1.000000
cuda_warp_smem,double,global,global,8192,8192,8,8,2,4,7,2.710900000e-05,4.284843000e-03,3.883583000e-03,4.515766000e-03,4.340128004e-03,4.098559856e-03,2.357570466e-04,247.398653,261.980272,261.980272,1.447679996e-04,7.148800045e-05,1.950104651e-05,row,0,-1.000000000e+00,-1.000000
cuda_warp_smem,double,global,global,8192,8192,8,8,2,4,8,2.541400000e-05,4.474683000e-03,3.287879000e-03,4.579593000e-03,4.353581881e-03,4.232768059e-03,2.419149412e-04,246.634117,253.673674,253.673674,1.639360040e-04,7.206399739e-05,1.717200133e-05,row,0,-1.000000000e+00,-1.000000
cuda_warp_smem,double,global,global,8192,8192,8,8,2,4,9,2.471300000e-05,4.375389000e-03,3.880286000e-03,4.607059000e-03,4.406709768e-03,4.175039768e-03,2.349918913e-04,243.660663,257.181221,257.181221,1.549119949e-04,7.135999948e-05,1.820806183e-05,row,0,-1.000000000e+00,-1.000000
cuda_warp_smem,double,global,global,8192,8192,8,8,2,4,10,2.698100000e-05,4.477749000e-03,3.291253000e-03,4.577199000e-03,4.371756996e-03,4.248735905e-03,2.309079595e-04,245.608762,252.720303,252.720303,1.465599984e-04,7.747200131e-05,1.705196282e-05,row,0,-1.000000000e+00,-1.000000
cuda_warp_smem,double,global,global,8192,8192,8,8,2,4,11,2.490200000e-05,4.373464000e-03,2.708239000e-03,4.558266000e-03,4.374711988e-03,4.148575783e-03,2.320300191e-04,245.442860,258.821793,258.821793,1.469759941e-04,7.606399804e-05,1.760411651e-05,row,0,-1.000000000e+00,-1.000000
cuda_warp_smem,double,global,global,8192,8192,8,8,2,4,12,1.954500000e-05,4.380938000e-03,3.887637000e-03,4.614785000e-03,4.404279091e-03,4.170432091e-03,2.461559684e-04,243.795137,257.465366,257.465366,1.570239961e-04,7.791999727e-05,1.978990340e-05,row,0,-1.000000000e+00,-1.000000
cuda_warp_smem,double,global,global,8192,8192,8,8,2,4,13,2.559300000e-05,4.372184000e-03,3.901314000e-03,4.613813000e-03,4.407132979e-03,4.165503979e-03,2.407331016e-04,243.637265,257.769967,257.769967,1.521919966e-04,7.702399790e-05,1.813293265e-05,row,0,-1.000000000e+00,-1.000000
cuda_warp_smem,double,global,global,8192,8192,8,8,2,4,14,2.525700000e-05,4.387364000e-03,3.260800000e-03,4.497964000e-03,4.305466931e-03,4.164639950e-03,2.465590410e-04,249.390331,257.823446,257.823446,1.556479931e-04,8.406399935e-05,1.823904594e-05,row,0,-1.000000000e+00,-1.000000
cuda_warp_smem,double,global,global,8192,8192,8,8,2,4,15,2.445600000e-05,4.384144000e-03,3.275611000e-03,4.490347000e-03,4.291094096e-03,4.170976162e-03,2.380379520e-04,250.225653,257.431782,257.431782,1.502079964e-04,7.388799638e-05,1.644391248e-05,row,0,-1.000000000e+00,-1.000000
cuda_warp_smem,double,global,global,8192,8192,8,8,2,4,16,2.533900000e-05,4.380678000e-03,3.275650000e-03,4.484334000e-03,4.252119911e-03,4.136415958e-03,2.442620416e-04,252.519178,259.582652,259.582652,1.677439958e-04,7.756800205e-05,1.866804594e-05,row,0,-1.000000000e+00,-1.000000
cuda_warp_smem,double,global,global,8192,8192,8,8,2,4,17,2.474400000e-05,4.380243000e-03,2.703282000e-03,4.565657000e-03,4.334893000e-03,4.221280098e-03,2.463111161e-04,247.697423,254.364032,254.364032,1.645119935e-04,7.180800289e-05,1.817910549e-05,row,0,-1.000000000e+00,-1.000000
cuda_warp_smem,double,global,global,8192,8192,8,8,2,4,18,2.475200000e-05,4.474817000e-03,2.717438000e-03,4.663438000e-03,4.469793030e-03,4.246304035e-03,2.328609614e-04,240.221822,252.865036,252.865036,1.511999965e-04,7.952000201e-05,1.797190780e-05,row,0,-1.000000000e+00,-1.000000
cuda_warp_smem,double,global,global,8192,8192,8,8,2,4,19,1.895200000e-05,4.473304000e-03,3.269953000e-03,4.602315000e-03,4.378249986e-03,4.239456177e-03,2.502119782e-04,245.244522,253.273481,253.273481,1.656000018e-04,7.791999727e-05,1.742597719e-05,row,0,-1.000000000e+00,-1.000000
cuda_warp_smem,double,global,global,8192,8192,8,8,2,4,20,2.002600000e-05,4.383464000e-03,3.889558000e-03,4.631829000e-03,4.467629030e-03,4.219264030e-03,2.463671038e-04,240.338179,254.485573,254.485573,1.593600065e-04,8.761599660e-05,2.264494956e-05,row,0,-1.000000000e+00,-1.000000
cuda_warp_smem,double,global,global,8192,8192,20,8,2,4,1,7.942800000e-05,9.740399000e-03,8.392183000e-03,1.026067700e-02,9.761178089e-03,9.259424210e-03,5.284528363e-04,275.003133,289.905128,289.905128,3.255360126e-04,1.945919991e-04,2.086883068e-05,row,0,-1.000000000e+00,-1.000000
cuda_warp_smem,double,global,global,8192,8192,20,8,2,4,2,6.290300000e-05,9.767880000e-03,8.396860000e-03,1.027791200e-02,9.865756060e-03,9.199007988e-03,5.688720120e-04,272.088073,291.809135,291.809135,3.756160140e-04,1.979839951e-04,1.895200444e-05,row,0,-1.000000000e+00,-1.000000
cuda_warp_smem,double,global,global,8192,8192,20,8,2,4,3,6.420800000e-05,9.783488000e-03,8.410118000e-03,1.029772800e-02,9.844660013e-03,9.196479797e-03,5.870082026e-04,272.671129,291.889355,291.889355,3.896960020e-04,1.939200014e-04,1.964619762e-05,row,0,-1.000000000e+00,-1.000000
cuda_warp_smem,double,global,global,8192,8192,20,8,2,4,4,6.417500000e-05,9.761034000e-03,8.395811000e-03,1.026325400e-02,9.855923890e-03,9.184320450e-03,5.767135502e-04,272.359506,292.275795,292.275795,3.803839982e-04,1.956800073e-04,2.054610760e-05,row,0,-1.000000000e+00,-1.000000
cuda_warp_smem,double,global,global,8192,8192,20,8,2,4,5,7.249800000e-05,9.793785000e-03,8.510325000e-03,1.028517200e-02,9.744480034e-03,9.198080063e-03,5.957049371e-04,275.474376,291.838573,291.838573,3.720000088e-04,2.058240026e-04,2.255293146e-05,row,0,-1.000000000e+00,-1.000000
cuda_warp_smem,double,global,global,8192,8192,20,8,2,4,6,7.392700000e-05,9.779167000e-03,7.544165000e-03,1.030800200e-02,9.848522939e-03,9.333791733e-03,5.758878114e-04,272.564178,287.595292,287.595292,3.676159978e-04,1.917439997e-04,1.928295317e-05,row,0,-1.000000000e+00,-1.000000
cuda_warp_smem,double,global,global,8192,8192,20,8,2,4,7,6.258700000e-05,9.775505000e-03,7.520185000e-03,1.027574700e-02,9.741715892e-03,9.261471748e-03,5.835330951e-04,275.552540,289.841035,289.841035,3.726080060e-04,1.970240027e-04,1.825510011e-05,row,0,-1.000000000e+00,-1.000000
cuda_warp_smem,double,global,global,8192,8192,20,8,2,4,8,6.302800000e-05,9.748442000e-03,7.525932000e-03,1.026976100e-02,9.745823928e-03,9.245344162e-03,5.780499283e-04,275.436390,290.346634,290.346634,3.603520095e-04,1.997759938e-04,2.255406353e-05,row,0,-1.000000000e+00,-1.000000
cuda_warp_smem,double,global,global,8192,8192,20,8,2,4,9,7.099700000e-05,9.783358000e-03,8.520972000e-03,1.029989300e-02,9.724088965e-03,9.183263779e-03,6.000942213e-04,276.052036,292.309426,292.309426,3.854080141e-04,1.986880004e-04,1.895360392e-05,row,0,-1.000000000e+00,-1.000000
cuda_warp_smem,double,global,global,8192,8192,20,8,2,4,10,7.130600000e-05,9.758929000e-03,8.412256000e-03,1.029147200e-02,9.891769103e-03,9.176768303e-03,5.821606971e-04,271.372545,292.516327,292.516327,3.646399975e-04,1.954559982e-04,2.241669665e-05,row,0,-1.000000000e+00,-1.000000
cuda_warp_smem,double,global,global,8192,8192,20,8,2,4,11,6.452000000e-05,9.775531000e-03,4.839583000e-03,1.029034100e-02,9.768746983e-03,9.181952477e-03,5.935785235e-04,274.790059,292.351171,292.351171,3.671680093e-04,2.063360065e-04,2.135446327e-05,row,0,-1.000000000e+00,-1.000000
cuda_warp_smem,double,global,global,8192,8192,20,8,2,4,12,7.625400000e-05,9.726563000e-03,8.385025000e-03,1.025192300e-02,9.875857909e-03,9.213824272e-03,7.039215535e-04,271.809759,291.339891,291.339891,3.092800081e-04,3.440000117e-04,6.027355496e-05,row,0,-1.000000000e+00,-1.000000
cuda_warp_smem,double,global,global,8192,8192,20,8,2,4,13,6.160900000e-05,9.761816000e-03,8.484045000e-03,1.023758700e-02,9.849210789e-03,9.373439789e-03,5.837474420e-04,272.545143,286.378813,286.378813,3.636159897e-04,2.021439970e-04,1.826420929e-05,row,0,-1.000000000e+00,-1.000000
cuda_warp_smem,double,global,global,8192,8192,20,8,2,4,14,7.348400000e-05,9.747886000e-03,7.532542000e-03,1.029031300e-02,9.758980951e-03,9.247327805e-03,5.687990132e-04,275.065048,290.284352,290.284352,3.698239923e-04,2.006720006e-04,1.731101604e-05,row,0,-1.000000000e+00,-1.000000
cuda_warp_smem,double,global,global,8192,8192,20,8,2,4,15,6.469800000e-05,9.756179000e-03,7.505143000e-03,1.025876600e-02,9.724496933e-03,9.248607635e-03,5.663271152e-04,276.040455,290.244182,290.244182,3.611199856e-04,1.976319999e-04,2.023216758e-05,row,0,-1.000000000e+00,-1.000000
cuda_warp_smem,double,global,global,8192,8192,20,8,2,4,16,6.314900000e-05,9.750534000e-03,4.827275000e-03,1.025263300e-02,9.780462855e-03,9.209728241e-03,5.408057590e-04,274.460892,291.469465,291.469465,3.697920144e-04,2.000000030e-04,1.889118784e-05,row,0,-1.000000000e+00,-1.000000
cuda_warp_smem,double,global,global,8192,8192,20,8,2,4,17,6.306220000e-04,9.719707000e-03,8.382370000e-03,1.040170000e-02,9.845977445e-03,9.244288445e-03,6.405448846e-04,272.634644,290.379792,290.379792,2.921279967e-04,3.648000062e-04,5.996889687e-05,row,0,-1.000000000e+00,-1.000000
cuda_warp_smem,double,global,global,8192,8192,20,8,2,4,18,1.354180000e-04,9.619724000e-03,8.376841000e-03,1.019293900e-02,9.818973968e-03,9.165280342e-03,5.196773246e-04,273.384426,292.882974,292.882974,3.166399896e-04,1.933760047e-04,2.200710268e-05,row,0,-1.000000000e+00,-1.000000
cuda_warp_smem,double,global,global,8192,8192,20,8,2,4,19,6.362900000e-05,9.741645000e-03,8.377901000e-03,1.024687800e-02,9.842152027e-03,9.180064201e-03,6.734108336e-04,272.740611,292.411306,292.411306,3.651840091e-04,4.207679927e-04,2.086684175e-05,row,0,-1.000000000e+00,-1.000000
cuda_warp_smem,double,global,global,8192,8192,20,8,2,4,20,1.676050000e-04,9.725704000e-03,8.408258000e-03,1.034743400e-02,9.929790073e-03,9.235967636e-03,4.897363639e-04,270.333465,290.641400,290.641400,2.980799973e-04,1.997440010e-04,2.913192618e-05,row,0,-1.000000000e+00,-1.000000
cuda_warp_smem,double,global,global,8192,8192,32,8,2,4,1,1.378980000e-04,1.569505200e-02,1.399627200e-02,1.704679200e-02,1.613120697e-02,1.474790382e-02,9.471481761e-04,266.252073,291.225611,291.225611,5.981760025e-04,3.268159926e-04,2.794817300e-05,row,0,-1.000000000e+00,-1.000000
cuda_warp_smem,double,global,global,8192,8192,32,8,2,4,2,1.614150000e-04,1.575938200e-02,1.395420500e-02,1.708030300e-02,1.620005110e-02,1.485196781e-02,9.074141884e-04,265.120602,289.185066,289.185066,5.646399856e-04,3.157440126e-04,2.840619329e-05,row,0,-1.000000000e+00,-1.000000
cuda_warp_smem,double,global,global,8192,8192,32,8,2,4,3,1.646240000e-04,1.547370600e-02,9.559476000e-03,1.650480500e-02,1.575593708e-02,1.464835167e-02,8.857260992e-04,272.593580,293.204819,293.204819,5.450559855e-04,3.206720054e-04,2.879810824e-05,row,0,-1.000000000e+00,-1.000000
cuda_warp_smem,double,global,global,8192,8192,32,8,2,4,4,1.813300000e-04,1.563256700e-02,1.163852000e-02,1.626094300e-02,1.555416016e-02,1.454492760e-02,1.087639403e-03,276.129810,295.289699,295.289699,4.797120094e-04,5.440000296e-04,6.392736396e-05,row,0,-1.000000000e+00,-1.000000
cuda_warp_smem,double,global,global,8192,8192,32,8,2,4,5,1.473500000e-04,1.572667700e-02,1.396007500e-02,1.708883700e-02,1.618097618e-02,1.481881618e-02,9.078608150e-04,265.433139,289.832011,289.832011,5.623360276e-04,3.261759877e-04,3.109279223e-05,row,0,-1.000000000e+00,-1.000000
cuda_warp_smem,double,global,global,8192,8192,32,8,2,4,6,1.514120000e-04,1.548518700e-02,9.558244000e-03,1.650341500e-02,1.578546032e-02,1.469433594e-02,9.112529997e-04,272.083754,292.287267,292.287267,5.893120170e-04,3.228160143e-04,2.982668784e-05,row,0,-1.000000000e+00,-1.000000
cuda_warp_smem,double,global,global,8192,8192,32,8,2,4,7,1.832610000e-04,1.534781900e-02,1.170154000e-02,1.592178300e-02,1.510941558e-02,1.466006374e-02,8.321298910e-04,284.257672,292.970574,292.970574,5.083199739e-04,3.181760013e-04,3.339142677e-05,row,0,-1.000000000e+00,-1.000000
cuda_warp_smem,double,global,global,8192,8192,32,8,2,4,8,1.905990000e-04,1.536992000e-02,1.389032500e-02,1.670033300e-02,1.587719740e-02,1.454678440e-02,1.119986997e-03,270.511677,295.252007,295.252007,5.189759731e-04,5.813120008e-04,3.091160910e-05,row,0,-1.000000000e+00,-1.000000
cuda_warp_smem,double,global,global,8192,8192,32,8,2,4,9,3.001730000e-04,1.542169500e-02,1.398033500e-02,1.676499000e-02,1.605542269e-02,1.471212769e-02,8.249588807e-04,267.508827,291.933797,291.933797,5.070080161e-04,3.299520016e-04,2.203095700e-05,row,0,-1.000000000e+00,-1.000000
cuda_warp_smem,double,global,global,8192,8192,32,8,2,4,10,1.591250000e-04,1.569632700e-02,1.392526200e-02,1.703130700e-02,1.619350814e-02,1.485852814e-02,8.747168070e-04,265.227723,289.057386,289.057386,4.847039878e-04,3.243199885e-04,9.266879019e-05,row,0,-1.000000000e+00,-1.000000
cuda_warp_smem,double,global,global,8192,8192,32,8,2,4,11,1.704410000e-04,1.583526600e-02,9.563248000e-03,1.688450400e-02,1.617524181e-02,1.478099155e-02,1.054274446e-03,265.527239,290.573693,290.573693,5.468479991e-04,5.907840133e-04,2.736197340e-05,row,0,-1.000000000e+00,-1.000000
cuda_warp_smem,double,global,global,8192,8192,32,8,2,4,12,2.413650000e-04,1.527576100e-02,1.006242200e-02,1.667019700e-02,1.577301156e-02,1.463273621e-02,8.971854352e-04,272.298494,293.517715,293.517715,5.684480071e-04,5.955200195e-04,2.544142831e-05,row,0,-1.000000000e+00,-1.000000
cuda_warp_smem,double,global,global,8192,8192,32,8,2,4,13,3.440070000e-04,1.516668200e-02,1.397919000e-02,1.671629800e-02,1.615595164e-02,1.460633564e-02,1.031384116e-03,265.844278,294.048241,294.048241,4.343680143e-04,5.385919809e-04,5.842412070e-05,row,0,-1.000000000e+00,-1.000000
cuda_warp_smem,double,global,global,8192,8192,32,8,2,4,14,1.417380000e-04,1.545104600e-02,1.170755200e-02,1.604917900e-02,1.522577545e-02,1.457577610e-02,9.003880970e-04,282.085291,294.664741,294.664741,5.738559961e-04,3.274559975e-04,2.634010234e-05,row,0,-1.000000000e+00,-1.000000
cuda_warp_smem,double,global,global,8192,8192,32,8,2,4,15,1.857420000e-04,1.554900300e-02,6.702484000e-03,1.678786100e-02,1.593097827e-02,1.486703968e-02,8.728449968e-04,269.598466,288.891897,288.891897,5.411199927e-04,3.221440017e-04,3.067473866e-05,row,0,-1.000000000e+00,-1.000000
cuda_warp_smem,double,global,global,8192,8192,32,8,2,4,16,1.960580000e-04,1.539196800e-02,1.164553100e-02,1.600130400e-02,1.528534363e-02,1.457244778e-02,8.195202232e-04,280.985982,294.732042,294.732042,4.847359955e-04,3.281919956e-04,3.155410946e-05,row,0,-1.000000000e+00,-1.000000
cuda_warp_smem,double,global,global,8192,8192,32,8,2,4,17,1.718690000e-04,1.553242000e-02,9.536833000e-03,1.653508200e-02,1.571449026e-02,1.461097622e-02,9.214437808e-04,273.312543,293.954848,293.954848,5.949119925e-04,3.198719919e-04,2.923174800e-05,row,0,-1.000000000e+00,-1.000000
cuda_warp_smem,double,global,global,8192,8192,32,8,2,4,18,1.799710000e-04,1.564327700e-02,1.392601500e-02,1.699320700e-02,1.617098637e-02,1.482105637e-02,8.338729887e-04,265.597113,289.788203,289.788203,5.106559992e-04,3.150720000e-04,3.015665274e-05,row,0,-1.000000000e+00,-1.000000
cuda_warp_smem,double,global,global,8192,8192,32,8,2,4,19,1.440850000e-04,1.543438500e-02,1.166578500e-02,1.604194000e-02,1.519551116e-02,1.452912045e-02,9.052645547e-04,282.647109,295.610964,295.610964,5.769600272e-04,3.212159872e-04,2.684593030e-05,row,0,-1.000000000e+00,-1.000000
cuda_warp_smem,double,global,global,8192,8192,32,8,2,4,20,1.644530000e-04,1.539211100e-02,1.398057400e-02,1.683344300e-02,1.598258032e-02,1.454124832e-02,8.508626785e-04,268.728028,295.364414,295.364414,5.103039742e-04,3.181119859e-04,2.785467762e-05,row,0,-1.000000000e+00,-1.000000
cuda_warp_smem,double,global,global,8192,8192,3,8,4,2,1,4.101900000e-05,2.386814000e-03,1.756349000e-03,2.440379000e-03,2.350907010e-03,2.231071949e-03,1.557420510e-04,171.275675,180.475212,180.475212,1.170239970e-04,2.988800034e-05,1.907900202e-05,row,0,-1.000000000e+00,-1.000000
cuda_warp_smem,double,global,global,8192,8192,3,8,4,2,2,4.088700000e-05,2.402916000e-03,2.060839000e-03,2.459609000e-03,2.381565011e-03,2.279040098e-03,1.592029428e-04,169.070835,176.676656,176.676656,1.240959987e-04,2.812799998e-05,1.579199553e-05,row,0,-1.000000000e+00,-1.000000
cuda_warp_smem,double,global,global,8192,8192,3,8,4,2,3,3.911600000e-05,2.396902000e-03,2.040131000e-03,2.447136000e-03,2.365521013e-03,2.270879984e-03,1.634110126e-04,170.217547,177.311521,177.311521,1.263359934e-04,2.886399999e-05,1.851501940e-05,row,0,-1.000000000e+00,-1.000000
cuda_warp_smem,double,global,global,8192,8192,3,8,4,2,4,4.185000000e-05,2.410776000e-03,2.044604000e-03,2.460245000e-03,2.373789078e-03,2.324320078e-03,1.618190306e-04,169.624668,173.234826,173.234826,1.307519972e-04,2.927999943e-05,1.724405906e-05,row,0,-1.000000000e+00,-1.000000
cuda_warp_smem,double,global,global,8192,8192,3,8,4,2,5,2.632700000e-05,2.394052000e-03,1.759886000e-03,2.426137000e-03,2.278677045e-03,2.246592045e-03,1.505170024e-04,176.704805,179.228438,179.228438,1.166080013e-04,2.687999979e-05,1.286500628e-05,row,0,-1.000000000e+00,-1.000000
cuda_warp_smem,double,global,global,8192,8192,3,8,4,2,6,5.094300000e-05,2.390673000e-03,2.035413000e-03,2.451619000e-03,2.325649989e-03,2.264703989e-03,1.591660073e-04,173.135762,177.795061,177.795061,1.214400008e-04,3.222399950e-05,7.998300182e-05,row,0,-1.000000000e+00,-1.000000
cuda_warp_smem,double,global,global,8192,8192,3,8,4,2,7,3.494900000e-05,2.395318000e-03,2.034563000e-03,2.442998000e-03,2.297344068e-03,2.249664068e-03,1.698020072e-04,175.268994,178.983693,178.983693,1.330559999e-04,3.113600053e-05,1.909694487e-05,row,0,-1.000000000e+00,-1.000000
cuda_warp_smem,double,global,global,8192,8192,3,8,4,2,8,4.040900000e-05,2.400448000e-03,2.044980000e-03,2.450396000e-03,2.370523953e-03,2.320575953e-03,1.649610439e-04,169.858306,173.514331,173.514331,1.240639985e-04,3.680000082e-05,2.492699782e-05,row,0,-1.000000000e+00,-1.000000
cuda_warp_smem,double,global,global,8192,8192,3,8,4,2,9,3.694200000e-05,2.407509000e-03,1.760239000e-03,2.457251000e-03,2.356718080e-03,2.306976080e-03,1.702880377e-04,170.853352,174.537217,174.537217,1.334400028e-04,3.715199977e-05,1.753596120e-05,row,0,-1.000000000e+00,-1.000000
cuda_warp_smem,double,global,global,8192,8192,3,8,4,2,10,4.992600000e-05,2.385607000e-03,2.037618000e-03,2.437798000e-03,2.340126972e-03,2.287935972e-03,1.487350575e-04,172.064674,175.989708,175.989708,1.136960015e-04,3.599999845e-05,1.473896960e-05,row,0,-1.000000000e+00,-1.000000
cuda_warp_smem,double,global,global,8192,8192,3,8,4,2,11,4.337500000e-05,2.389193000e-03,2.034971000e-03,2.439627000e-03,2.341459998e-03,2.236639977e-03,1.525530235e-04,171.966715,180.025926,180.025926,1.210559979e-04,3.174399957e-05,1.316197737e-05,row,0,-1.000000000e+00,-1.000000
cuda_warp_smem,double,global,global,8192,8192,3,8,4,2,12,4.104200000e-05,2.406803000e-03,2.050041000e-03,2.455386000e-03,2.372743099e-03,2.324160099e-03,1.667570345e-04,169.699444,173.246750,173.246750,1.315200031e-04,2.812799998e-05,1.492695516e-05,row,0,-1.000000000e+00,-1.000000
cuda_warp_smem,double,global,global,8192,8192,3,8,4,2,13,4.002200000e-05,2.402302000e-03,2.048396000e-03,2.452624000e-03,2.369764989e-03,2.291424036e-03,1.606850399e-04,169.912707,175.721812,175.721812,1.209919974e-04,2.889600024e-05,1.787098663e-05,row,0,-1.000000000e+00,-1.000000
cuda_warp_smem,double,global,global,8192,8192,3,8,4,2,14,3.844800000e-05,2.398777000e-03,1.763667000e-03,2.450851000e-03,2.349129960e-03,2.297055960e-03,1.677899586e-04,171.405240,175.290977,175.290977,1.322879940e-04,2.604800090e-05,1.463395101e-05,row,0,-1.000000000e+00,-1.000000
cuda_warp_smem,double,global,global,8192,8192,3,8,4,2,15,3.709000000e-05,2.396310000e-03,2.038073000e-03,2.443204000e-03,2.363375000e-03,2.255903959e-03,1.650619805e-04,170.372109,178.488620,178.488620,1.263359934e-04,3.200000152e-05,1.688500673e-05,row,0,-1.000000000e+00,-1.000000
cuda_warp_smem,double,global,global,8192,8192,3,8,4,2,16,4.157800000e-05,2.407389000e-03,2.048119000e-03,2.459082000e-03,2.373019002e-03,2.293279886e-03,1.657210086e-04,169.679713,175.579608,175.579608,1.250880063e-04,2.899199910e-05,1.769700134e-05,row,0,-1.000000000e+00,-1.000000
cuda_warp_smem,double,global,global,8192,8192,3,8,4,2,17,4.036200000e-05,2.404291000e-03,2.045786000e-03,2.458923000e-03,2.348520092e-03,2.293888092e-03,1.591590529e-04,171.449751,175.533055,175.533055,1.251520067e-04,3.545600176e-05,5.177600546e-05,row,0,-1.000000000e+00,-1.000000
cuda_warp_smem,double,global,global,8192,8192,3,8,4,2,18,4.184300000e-05,2.390728000e-03,2.037383000e-03,2.446036000e-03,2.321835891e-03,2.266527891e-03,1.719500412e-04,173.420174,177.651987,177.651987,1.244480014e-04,6.787200272e-05,7.919599013e-05,row,0,-1.000000000e+00,-1.000000
cuda_warp_smem,double,global,global,8192,8192,3,8,4,2,19,3.985000000e-05,2.402821000e-03,2.040883000e-03,2.449516000e-03,2.361841002e-03,2.230272055e-03,1.725489453e-04,170.482765,180.539940,180.539940,1.379839927e-04,2.636799961e-05,2.315002106e-05,row,0,-1.000000000e+00,-1.000000
cuda_warp_smem,double,global,global,8192,8192,3,8,4,2,20,3.977500000e-05,2.537562000e-03,2.181570000e-03,2.652771000e-03,2.531433003e-03,2.416224003e-03,1.707879875e-04,159.061363,166.645635,166.645635,1.349440068e-04,2.611199953e-05,1.401902377e-05,row,0,-1.000000000e+00,-1.000000
cuda_warp_smem,double,global,global,8192,8192,6,8,4,2,1,7.423000000e-05,3.664010000e-03,3.130834000e-03,3.760693000e-03,3.631672997e-03,3.468031883e-03,2.593448855e-04,221.745286,232.208467,232.208467,2.151360065e-04,3.900799900e-05,1.346703562e-05,row,0,-1.000000000e+00,-1.000000
cuda_warp_smem,double,global,global,8192,8192,6,8,4,2,2,7.100900000e-05,3.659833000e-03,3.129279000e-03,3.751673000e-03,3.622133014e-03,3.467904091e-03,2.598419552e-04,222.329319,232.217024,232.217024,2.138559967e-04,3.859199956e-05,1.334295145e-05,row,0,-1.000000000e+00,-1.000000
cuda_warp_smem,double,global,global,8192,8192,6,8,4,2,3,6.517900000e-05,3.659725000e-03,3.126586000e-03,3.749751000e-03,3.619527993e-03,3.467616081e-03,2.663099612e-04,222.489333,232.236311,232.236311,2.235520035e-04,4.147199914e-05,1.479692276e-05,row,0,-1.000000000e+00,-1.000000
cuda_warp_smem,double,global,global,8192,8192,6,8,4,2,4,7.069600000e-05,3.665742000e-03,3.125223000e-03,3.756562000e-03,3.624253015e-03,3.469311953e-03,2.758131128e-04,222.199268,232.122789,232.122789,2.214079946e-04,4.012800008e-05,1.427711811e-05,row,0,-1.000000000e+00,-1.000000
cuda_warp_smem,double,global,global,8192,8192,6,8,4,2,5,5.761200000e-05,3.653895000e-03,1.354172000e-03,3.735101000e-03,3.495051093e-03,3.413791895e-03,2.401031051e-04,230.413332,235.897908,235.897908,1.938560009e-04,3.881600127e-05,1.795995721e-05,row,0,-1.000000000e+00,-1.000000
cuda_warp_smem,double,global,global,8192,8192,6,8,4,2,6,7.201600000e-05,3.670443000e-03,2.697231000e-03,3.766173000e-03,3.604990046e-03,3.434144020e-03,2.615870000e-04,223.386572,234.499882,234.499882,2.134719938e-04,3.711999953e-05,1.610897438e-05,row,0,-1.000000000e+00,-1.000000
cuda_warp_smem,double,global,global,8192,8192,6,8,4,2,7,7.061700000e-05,3.663645000e-03,2.684481000e-03,3.759301000e-03,3.617050943e-03,3.420864105e-03,2.733729923e-04,222.641699,235.410219,235.410219,2.169599980e-04,4.348799959e-05,1.653795751e-05,row,0,-1.000000000e+00,-1.000000
cuda_warp_smem,double,global,global,8192,8192,6,8,4,2,8,7.166600000e-05,3.663864000e-03,2.690100000e-03,3.761124000e-03,3.612730053e-03,3.416448116e-03,2.708789849e-04,222.907983,235.714502,235.714502,2.240000069e-04,3.663999960e-05,1.503897772e-05,row,0,-1.000000000e+00,-1.000000
cuda_warp_smem,double,global,global,8192,8192,6,8,4,2,9,7.651100000e-05,3.673273000e-03,3.139021000e-03,3.772629000e-03,3.640931003e-03,3.468255997e-03,2.629969185e-04,221.181442,232.193462,232.193462,2.181439996e-04,3.561599925e-05,1.384491939e-05,row,0,-1.000000000e+00,-1.000000
cuda_warp_smem,double,global,global,8192,8192,6,8,4,2,10,7.049900000e-05,3.676517000e-03,2.694847000e-03,3.772507000e-03,3.612393040e-03,3.425120115e-03,2.674909861e-04,222.928779,235.117701,235.117701,2.213120013e-04,4.412800074e-05,1.611795409e-05,row,0,-1.000000000e+00,-1.000000
cuda_warp_smem,double,global,global,8192,8192,6,8,4,2,11,7.281100000e-05,3.649979000e-03,3.131938000e-03,3.744443000e-03,3.618254013e-03,3.476128101e-03,2.372869384e-04,222.567671,231.667633,231.667633,1.875520051e-04,3.964800015e-05,1.475893153e-05,row,0,-1.000000000e+00,-1.000000
cuda_warp_smem,double,global,global,8192,8192,6,8,4,2,12,7.727800000e-05,3.654659000e-03,3.135826000e-03,3.755006000e-03,3.633037006e-03,3.469216108e-03,2.526220972e-04,221.662033,232.129202,232.129202,2.077759951e-04,4.115200043e-05,1.539489325e-05,row,0,-1.000000000e+00,-1.000000
cuda_warp_smem,double,global,global,8192,8192,6,8,4,2,13,6.964400000e-05,3.664023000e-03,3.132910000e-03,3.753841000e-03,3.626126993e-03,3.469183922e-03,2.634329764e-04,222.084436,232.131356,232.131356,2.145919949e-04,3.920000046e-05,1.419505514e-05,row,0,-1.000000000e+00,-1.000000
cuda_warp_smem,double,global,global,8192,8192,6,8,4,2,14,6.578200000e-05,3.662483000e-03,2.689752000e-03,3.731405000e-03,3.587578015e-03,3.518656015e-03,2.362889270e-04,224.470761,228.867603,228.867603,1.889600009e-04,3.920000046e-05,1.529089824e-05,row,0,-1.000000000e+00,-1.000000
cuda_warp_smem,double,global,global,8192,8192,6,8,4,2,15,6.931800000e-05,3.659166000e-03,2.702015000e-03,3.750829000e-03,3.599016030e-03,3.424959898e-03,2.692499918e-04,223.757372,235.128700,235.128700,2.139199972e-04,4.339199886e-05,1.364995108e-05,row,0,-1.000000000e+00,-1.000000
cuda_warp_smem,double,global,global,8192,8192,6,8,4,2,16,7.374700000e-05,3.674502000e-03,3.132640000e-03,3.762906000e-03,3.631002990e-03,3.466239929e-03,2.651359745e-04,221.786204,232.328513,232.328513,2.205760032e-04,3.929600120e-05,1.693406680e-05,row,0,-1.000000000e+00,-1.000000
cuda_warp_smem,double,global,global,8192,8192,6,8,4,2,17,6.878600000e-05,3.656399000e-03,3.130720000e-03,3.748928000e-03,3.624392009e-03,3.465568066e-03,2.579169355e-04,222.190747,232.373554,232.373554,2.107200027e-04,3.926400095e-05,1.598400491e-05,row,0,-1.000000000e+00,-1.000000
cuda_warp_smem,double,global,global,8192,8192,6,8,4,2,18,7.034100000e-05,3.673357000e-03,3.137847000e-03,3.766364000e-03,3.637925986e-03,3.467616081e-03,2.664959645e-04,221.364143,232.236311,232.236311,2.170239985e-04,4.137599841e-05,1.486092190e-05,row,0,-1.000000000e+00,-1.000000
cuda_warp_smem,double,global,global,8192,8192,6,8,4,2,19,7.350900000e-05,3.653484000e-03,3.129472000e-03,3.750939000e-03,3.623835986e-03,3.463999987e-03,2.650979074e-04,222.224839,232.478745,232.478745,2.146240026e-04,4.044799879e-05,1.530800957e-05,row,0,-1.000000000e+00,-1.000000
cuda_warp_smem,double,global,global,8192,8192,6,8,4,2,20,7.263500000e-05,3.669220000e-03,3.140311000e-03,3.836689000e-03,3.642889014e-03,3.470688105e-03,2.694950150e-04,221.062559,232.030751,232.030751,2.192319930e-04,3.769600019e-05,1.845794861e-05,row,0,-1.000000000e+00,-1.000000
cuda_warp_smem,double,global,global,8192,8192,8,8,4,2,1,9.260400000e-05,4.614078000e-03,3.934342000e-03,4.732652000e-03,4.572784023e-03,4.344287872e-03,3.278350242e-04,234.811401,247.161757,247.161757,2.674559951e-04,4.857600108e-05,1.361601371e-05,row,0,-1.000000000e+00,-1.000000
cuda_warp_smem,double,global,global,8192,8192,8,8,4,2,2,8.174100000e-05,4.624121000e-03,3.933716000e-03,4.735651000e-03,4.561416005e-03,4.447455883e-03,3.326179172e-04,235.396601,241.428325,241.428325,2.797760069e-04,5.091200024e-05,1.575391100e-05,row,0,-1.000000000e+00,-1.000000
cuda_warp_smem,double,global,global,8192,8192,8,8,4,2,3,9.545700000e-05,4.598467000e-03,3.935360000e-03,4.726976000e-03,4.567878017e-03,4.363071918e-03,3.327869606e-04,235.063594,246.097668,246.097668,2.704960108e-04,4.678399861e-05,1.550695120e-05,row,0,-1.000000000e+00,-1.000000
cuda_warp_smem,double,global,global,8192,8192,8,8,4,2,4,8.856400000e-05,4.626084000e-03,3.386763000e-03,4.743362000e-03,4.484958073e-03,4.367680073e-03,4.033981026e-04,239.409557,245.838021,245.838021,2.761920094e-04,1.051840037e-04,2.202208941e-05,row,0,-1.000000000e+00,-1.000000
cuda_warp_smem,double,global,global,8192,8192,8,8,4,2,5,8.667900000e-05,4.616504000e-03,3.378643000e-03,4.722142000e-03,4.513615074e-03,4.333312035e-03,3.398660482e-04,237.889542,247.787793,247.787793,2.800639868e-04,4.950400069e-05,1.717597010e-05,row,0,-1.000000000e+00,-1.000000
cuda_warp_smem,double,global,global,8192,8192,8,8,4,2,6,8.862200000e-05,4.607876000e-03,3.938231000e-03,4.723773000e-03,4.574480987e-03,4.338367939e-03,3.166030031e-04,234.724295,247.499022,247.499022,2.628479898e-04,4.639999941e-05,1.339500086e-05,row,0,-1.000000000e+00,-1.000000
cuda_warp_smem,double,global,global,8192,8192,8,8,4,2,7,7.482800000e-05,4.623103000e-03,3.378502000e-03,4.728231000e-03,4.529579055e-03,4.277152061e-03,3.459509385e-04,237.051128,251.041302,251.041302,2.890880108e-04,5.116799846e-05,1.842111125e-05,row,0,-1.000000000e+00,-1.000000
cuda_warp_smem,double,global,global,8192,8192,8,8,4,2,8,7.584800000e-05,4.616383000e-03,3.933343000e-03,4.719302000e-03,4.552339023e-03,4.332896233e-03,3.351970324e-04,235.865962,247.811571,247.811571,2.808640003e-04,4.902400076e-05,1.436676337e-05,row,0,-1.000000000e+00,-1.000000
cuda_warp_smem,double,global,global,8192,8192,8,8,4,2,9,9.668300000e-05,4.577730000e-03,3.924690000e-03,4.706640000e-03,4.544729007e-03,4.327839851e-03,3.175929791e-04,236.260913,248.101099,248.101099,2.599680126e-04,4.800000042e-05,1.520214228e-05,row,0,-1.000000000e+00,-1.000000
cuda_warp_smem,double,global,global,8192,8192,8,8,4,2,10,8.445700000e-05,4.721209000e-03,1.151544000e-03,4.830439000e-03,4.500290819e-03,4.402815819e-03,3.487530190e-04,238.593875,243.876162,243.876162,2.936959863e-04,5.110400170e-05,1.363498727e-05,row,0,-1.000000000e+00,-1.000000
cuda_warp_smem,double,global,global,8192,8192,8,8,4,2,11,9.248700000e-05,4.595340000e-03,3.380498000e-03,4.719365000e-03,4.514987017e-03,4.293407917e-03,3.019320830e-04,237.817256,250.090801,250.090801,2.510719895e-04,5.078399926e-05,1.520808874e-05,row,0,-1.000000000e+00,-1.000000
cuda_warp_smem,double,global,global,8192,8192,8,8,4,2,12,7.891400000e-05,4.616909000e-03,1.151900000e-03,4.729080000e-03,4.474659905e-03,4.335264206e-03,3.454289440e-04,239.960544,247.676214,247.676214,2.897599936e-04,4.444799945e-05,1.585609610e-05,row,0,-1.000000000e+00,-1.000000
cuda_warp_smem,double,global,global,8192,8192,8,8,4,2,13,8.620600000e-05,4.612817000e-03,3.937732000e-03,4.733578000e-03,4.564387025e-03,4.336927891e-03,3.253870458e-04,235.243378,247.581203,247.581203,2.711359859e-04,5.046400055e-05,1.387310713e-05,row,0,-1.000000000e+00,-1.000000
cuda_warp_smem,double,global,global,8192,8192,8,8,4,2,14,8.378500000e-05,4.590536000e-03,3.928144000e-03,4.711092000e-03,4.557388023e-03,4.330880165e-03,3.219739557e-04,235.604653,247.926930,247.926930,2.660160065e-04,4.643199965e-05,1.330997453e-05,row,0,-1.000000000e+00,-1.000000
cuda_warp_smem,double,global,global,8192,8192,8,8,4,2,15,8.979700000e-05,4.621228000e-03,3.381719000e-03,4.738404000e-03,4.547643999e-03,4.268576145e-03,3.526518548e-04,236.109472,251.545665,251.545665,2.967039943e-04,4.927999899e-05,2.185788512e-05,row,0,-1.000000000e+00,-1.000000
cuda_warp_smem,double,global,global,8192,8192,8,8,4,2,16,8.570000000e-05,4.616316000e-03,1.147272000e-03,4.734166000e-03,4.481822084e-03,4.337024212e-03,3.418809514e-04,239.577075,247.575704,247.575704,2.811839879e-04,4.816000164e-05,1.458778046e-05,row,0,-1.000000000e+00,-1.000000
cuda_warp_smem,double,global,global,8192,8192,8,8,4,2,17,8.758100000e-05,4.605341000e-03,3.379322000e-03,4.722338000e-03,4.542272947e-03,4.279071808e-03,3.262691921e-04,236.388662,250.928676,250.928676,2.717120051e-04,4.643199965e-05,1.476389504e-05,row,0,-1.000000000e+00,-1.000000
cuda_warp_smem,double,global,global,8192,8192,8,8,4,2,18,7.587200000e-05,4.628662000e-03,3.942867000e-03,4.730797000e-03,4.563606976e-03,4.440256119e-03,3.409769043e-04,235.283588,241.819795,241.819795,2.910400033e-04,5.248000100e-05,1.715593094e-05,row,0,-1.000000000e+00,-1.000000
cuda_warp_smem,double,global,global,8192,8192,8,8,4,2,19,8.293400000e-05,4.596458000e-03,3.386282000e-03,4.701273000e-03,4.484879011e-03,4.380064011e-03,2.988221036e-04,239.413777,245.142953,245.142953,2.444799989e-04,4.969599843e-05,1.900897860e-05,row,0,-1.000000000e+00,-1.000000
cuda_warp_smem,double,global,global,8192,8192,8,8,4,2,20,9.050000000e-05,4.602851000e-03,3.939953000e-03,4.786164000e-03,4.559124023e-03,4.343391895e-03,3.144390308e-04,235.514941,247.212743,247.212743,2.586559951e-04,5.152000114e-05,1.364598689e-05,row,0,-1.000000000e+00,-1.000000
cuda_warp_smem,double,global,global,8192,8192,20,8,4,2,1,2.847090000e-04,1.026466100e-02,7.511090000e-03,1.059898900e-02,1.011192417e-02,9.589119911e-03,7.209781813e-04,265.464269,279.937532,279.937532,5.780479908e-04,1.130879968e-04,2.984219363e-05,row,0,-1.000000000e+00,-1.000000
cuda_warp_smem,double,global,global,8192,8192,20,8,4,2,2,2.842120000e-04,1.025875300e-02,7.484927000e-03,1.062141200e-02,1.004806789e-02,9.514944077e-03,7.682371050e-04,267.151316,282.119846,282.119846,6.431040168e-04,1.086400002e-04,1.836090177e-05,row,0,-1.000000000e+00,-1.000000
cuda_warp_smem,double,global,global,8192,8192,20,8,4,2,3,2.775460000e-04,1.021893400e-02,8.743697000e-03,1.061742000e-02,1.018285699e-02,9.527615547e-03,7.618650249e-04,263.615070,281.744635,281.744635,6.464959979e-04,1.097920015e-04,1.970242755e-05,row,0,-1.000000000e+00,-1.000000
cuda_warp_smem,double,global,global,8192,8192,20,8,4,2,4,2.922650000e-04,1.017336500e-02,8.737422000e-03,1.059677800e-02,1.017377102e-02,9.524224281e-03,7.031879648e-04,263.850499,281.844955,281.844955,5.924479961e-04,1.078080013e-04,2.149270784e-05,row,0,-1.000000000e+00,-1.000000
cuda_warp_smem,double,global,global,8192,8192,20,8,4,2,5,2.690720000e-04,1.023532600e-02,2.591682000e-03,1.058032200e-02,1.005346710e-02,9.634559631e-03,7.440648389e-04,267.007842,278.617255,278.617255,6.342719793e-04,1.152639985e-04,1.935888102e-05,row,0,-1.000000000e+00,-1.000000
cuda_warp_smem,double,global,global,8192,8192,20,8,4,2,6,3.056020000e-04,1.035429900e-02,2.607306000e-03,1.078877800e-02,1.023938133e-02,9.644831657e-03,7.094673426e-04,262.159839,278.320520,278.320520,5.805439949e-04,1.089280024e-04,1.999534527e-05,row,0,-1.000000000e+00,-1.000000
cuda_warp_smem,double,global,global,8192,8192,20,8,4,2,7,2.837700000e-04,1.034638500e-02,8.795310000e-03,1.068459000e-02,1.026394404e-02,9.781696320e-03,7.471990890e-04,261.532462,274.426283,274.426283,6.250240207e-04,1.047680005e-04,1.885394366e-05,row,0,-1.000000000e+00,-1.000000
cuda_warp_smem,double,global,global,8192,8192,20,8,4,2,8,2.872760000e-04,1.041158400e-02,8.738510000e-03,1.077047000e-02,1.035254899e-02,9.699359894e-03,7.122241062e-04,259.294070,276.755847,276.755847,5.837439895e-04,1.158080027e-04,2.273901392e-05,row,0,-1.000000000e+00,-1.000000
cuda_warp_smem,double,global,global,8192,8192,20,8,4,2,9,2.962600000e-04,1.028497100e-02,7.505908000e-03,1.068350000e-02,1.004358619e-02,9.522784233e-03,7.967550152e-04,267.270526,281.887576,281.887576,6.632959843e-04,1.191999987e-04,2.713407041e-05,row,0,-1.000000000e+00,-1.000000
cuda_warp_smem,double,global,global,8192,8192,20,8,4,2,10,3.422170000e-04,1.025552000e-02,7.491226000e-03,1.066699700e-02,1.011051314e-02,9.499967575e-03,7.721739649e-04,265.501318,282.564602,282.564602,6.429759860e-04,1.134079993e-04,2.128386744e-05,row,0,-1.000000000e+00,-1.000000
cuda_warp_smem,double,global,global,8192,8192,20,8,4,2,11,2.860540000e-04,1.027414700e-02,7.487050000e-03,1.066539300e-02,9.987092871e-03,9.445919991e-03,8.282270095e-04,268.782377,284.181378,284.181378,6.997759938e-04,1.140479967e-04,2.063612038e-05,row,0,-1.000000000e+00,-1.000000
cuda_warp_smem,double,global,global,8192,8192,20,8,4,2,12,2.819820000e-04,1.045996500e-02,8.786823000e-03,1.087031200e-02,1.028207005e-02,9.807583809e-03,8.490178268e-04,261.071413,273.701924,273.701924,7.220799923e-04,1.110400036e-04,2.168196949e-05,row,0,-1.000000000e+00,-1.000000
cuda_warp_smem,double,global,global,8192,8192,20,8,4,2,13,2.672440000e-04,1.023463100e-02,7.491890000e-03,1.060115400e-02,1.001001524e-02,9.498592377e-03,7.628770338e-04,268.166880,282.605512,282.605512,6.485120058e-04,1.068480015e-04,1.820502599e-05,row,0,-1.000000000e+00,-1.000000
cuda_warp_smem,double,global,global,8192,8192,20,8,4,2,14,2.565010000e-04,1.009033300e-02,8.757779000e-03,1.047439900e-02,1.011603194e-02,9.613984108e-03,7.344931267e-04,265.356473,279.213542,279.213542,4.942719936e-04,1.775040030e-04,6.834911330e-05,row,0,-1.000000000e+00,-1.000000
cuda_warp_smem,double,global,global,8192,8192,20,8,4,2,15,2.423160000e-04,1.016741100e-02,2.590388000e-03,1.053146100e-02,1.004315385e-02,9.679103851e-03,7.137399192e-04,267.282031,277.335030,277.335030,6.009600163e-04,1.062399969e-04,1.562386741e-05,row,0,-1.000000000e+00,-1.000000
cuda_warp_smem,double,global,global,8192,8192,20,8,4,2,16,2.579050000e-04,1.059908800e-02,7.477296000e-03,1.097616400e-02,1.053219999e-02,9.878144264e-03,8.087309607e-04,254.871210,271.746847,271.746847,6.938560009e-04,1.099840030e-04,2.099095137e-05,row,0,-1.000000000e+00,-1.000000
cuda_warp_smem,double,global,global,8192,8192,20,8,4,2,17,2.925680000e-04,1.006560300e-02,8.786289000e-03,1.041321100e-02,1.008141497e-02,9.704704285e-03,6.818088435e-04,266.267639,276.603437,276.603437,4.047360122e-04,1.922239959e-04,9.297685252e-05,row,0,-1.000000000e+00,-1.000000
cuda_warp_smem,double,global,global,8192,8192,20,8,4,2,18,2.942270000e-04,1.015900700e-02,8.731719000e-03,1.055789900e-02,1.015735402e-02,9.571488380e-03,7.502160457e-04,264.276952,280.453202,280.453202,5.058559775e-04,1.771519929e-04,6.720807520e-05,row,0,-1.000000000e+00,-1.000000
cuda_warp_smem,double,global,global,8192,8192,20,8,4,2,19,2.620830000e-04,1.025381000e-02,7.474273000e-03,1.061528300e-02,9.999884952e-03,9.501376152e-03,7.921219731e-04,268.438544,282.522712,282.522712,6.698880196e-04,1.111359969e-04,2.163193188e-05,row,0,-1.000000000e+00,-1.000000
cuda_warp_smem,double,global,global,8192,8192,20,8,4,2,20,2.803150000e-04,1.028867100e-02,7.530451000e-03,1.063927000e-02,1.007741622e-02,9.532320023e-03,1.006012893e-03,266.373295,281.605585,281.605585,6.187199950e-04,6.700800061e-04,2.140999306e-05,row,0,-1.000000000e+00,-1.000000
cuda_warp_smem,double,global,global,8192,8192,32,8,4,2,1,8.693570000e-04,1.610331000e-02,1.386545000e-02,1.663222700e-02,1.603222403e-02,1.545759964e-02,6.828318623e-04,267.895913,277.854738,277.854738,4.947519898e-04,2.008959949e-04,3.591836601e-05,row,0,-1.000000000e+00,-1.000000
cuda_warp_smem,double,global,global,8192,8192,32,8,4,2,2,7.827570000e-04,1.607822000e-02,1.385861900e-02,1.658906200e-02,1.600083797e-02,1.543811226e-02,7.719022335e-04,268.421398,278.205471,278.205471,5.840960145e-04,2.022719979e-04,2.995929682e-05,row,0,-1.000000000e+00,-1.000000
cuda_warp_smem,double,global,global,8192,8192,32,8,4,2,3,8.738660000e-04,1.610108400e-02,1.384938100e-02,1.663399500e-02,1.603426205e-02,1.546067238e-02,7.942729522e-04,267.861862,277.799515,277.799515,6.009280086e-04,3.183360100e-04,2.886056667e-05,row,0,-1.000000000e+00,-1.000000
cuda_warp_smem,double,global,global,8192,8192,32,8,4,2,4,1.007531000e-03,1.610773300e-02,1.388595000e-02,1.664209200e-02,1.604652496e-02,1.545049572e-02,6.572372801e-04,267.657160,277.982492,277.982492,4.303039908e-04,2.194239944e-04,2.575217192e-05,row,0,-1.000000000e+00,-1.000000
cuda_warp_smem,double,global,global,8192,8192,32,8,4,2,5,1.080843000e-03,1.626250900e-02,1.445946200e-02,1.722466000e-02,1.662050197e-02,1.518591976e-02,1.076589238e-03,258.413814,282.825628,282.825628,4.260160029e-04,6.203839779e-04,8.193489204e-05,row,0,-1.000000000e+00,-1.000000
cuda_warp_smem,double,global,global,8192,8192,32,8,4,2,6,1.033680000e-03,1.625237900e-02,1.385615800e-02,1.677702400e-02,1.619047301e-02,1.511184025e-02,1.140538752e-03,265.277444,284.212063,284.212063,9.198719859e-04,1.883520037e-04,3.231476229e-05,row,0,-1.000000000e+00,-1.000000
cuda_warp_smem,double,global,global,8192,8192,32,8,4,2,7,8.263160000e-04,1.607504700e-02,1.384970100e-02,1.659532700e-02,1.601137897e-02,1.542524815e-02,7.668417858e-04,268.244684,278.437485,278.437485,5.799040198e-04,3.055999875e-04,3.000393166e-05,row,0,-1.000000000e+00,-1.000000
cuda_warp_smem,double,global,global,8192,8192,32,8,4,2,8,9.280320000e-04,1.618541200e-02,1.402564100e-02,1.674559500e-02,1.616844500e-02,1.543084812e-02,7.748362112e-04,265.638860,278.336438,278.336438,5.243520141e-04,3.184640110e-04,7.842019082e-05,row,0,-1.000000000e+00,-1.000000
cuda_warp_smem,double,global,global,8192,8192,32,8,4,2,9,1.032103000e-03,1.610426700e-02,1.384620300e-02,1.662496900e-02,1.601796402e-02,1.543887997e-02,7.484101084e-04,268.134408,278.191637,278.191637,4.461440146e-04,2.967360020e-04,7.164210350e-05,row,0,-1.000000000e+00,-1.000000
cuda_warp_smem,double,global,global,8192,8192,32,8,4,2,10,8.583920000e-04,1.607376800e-02,1.384573300e-02,1.660365300e-02,1.601349599e-02,1.545139217e-02,7.855211096e-04,268.209222,277.966364,277.966364,6.064000130e-04,1.932480037e-04,2.606817513e-05,row,0,-1.000000000e+00,-1.000000
cuda_warp_smem,double,global,global,8192,8192,32,8,4,2,11,8.263800000e-04,1.608074400e-02,1.384925400e-02,1.659854700e-02,1.601632304e-02,1.543385601e-02,8.117503832e-04,268.161880,278.282193,278.282193,6.093760133e-04,1.930239946e-04,3.631933386e-05,row,0,-1.000000000e+00,-1.000000
cuda_warp_smem,double,global,global,8192,8192,32,8,4,2,12,8.152650000e-04,1.606691300e-02,1.383698200e-02,1.659397900e-02,1.599299695e-02,1.543372822e-02,7.705102048e-04,268.552999,278.284497,278.284497,5.841919780e-04,1.878399998e-04,3.267801527e-05,row,0,-1.000000000e+00,-1.000000
cuda_warp_smem,double,global,global,8192,8192,32,8,4,2,13,7.974330000e-04,1.606761700e-02,1.385175900e-02,1.657837300e-02,1.599823502e-02,1.543177605e-02,8.159567892e-04,268.465071,278.319701,278.319701,6.271359921e-04,1.953279972e-04,3.858013705e-05,row,0,-1.000000000e+00,-1.000000
cuda_warp_smem,double,global,global,8192,8192,32,8,4,2,14,8.243080000e-04,1.608197600e-02,1.385495900e-02,1.660869000e-02,1.600902505e-02,1.542854404e-02,7.970011426e-04,268.284126,278.378004,278.378004,5.982720256e-04,1.901119947e-04,3.231194966e-05,row,0,-1.000000000e+00,-1.000000
cuda_warp_smem,double,global,global,8192,8192,32,8,4,2,15,8.560720000e-04,1.606854400e-02,1.385321400e-02,1.659725100e-02,1.601261697e-02,1.543660831e-02,7.753177951e-04,268.223945,278.232576,278.232576,5.891839862e-04,1.914560050e-04,3.087005288e-05,row,0,-1.000000000e+00,-1.000000
cuda_warp_smem,double,global,global,8192,8192,32,8,4,2,16,8.374950000e-04,1.607306500e-02,1.383907500e-02,1.659360800e-02,1.600244102e-02,1.543743992e-02,8.196086609e-04,268.394509,278.217588,278.217588,6.300479770e-04,1.869760007e-04,2.580109459e-05,row,0,-1.000000000e+00,-1.000000
cuda_warp_smem,double,global,global,8192,8192,32,8,4,2,17,8.300480000e-04,1.608331800e-02,1.384383000e-02,1.660412600e-02,1.600919695e-02,1.542895985e-02,7.944237778e-04,268.281245,278.370502,278.370502,5.886080265e-04,1.906879991e-04,4.213574923e-05,row,0,-1.000000000e+00,-1.000000
cuda_warp_smem,double,global,global,8192,8192,32,8,4,2,18,8.247370000e-04,1.606482800e-02,1.382666900e-02,1.657349400e-02,1.598478698e-02,1.543462372e-02,8.228544121e-04,268.690931,278.268351,278.268351,6.227520108e-04,1.880320013e-04,2.909439555e-05,row,0,-1.000000000e+00,-1.000000
cuda_warp_smem,double,global,global,8192,8192,32,8,4,2,19,8.221510000e-04,1.607911900e-02,1.383695200e-02,1.658192900e-02,1.599640903e-02,1.543183994e-02,8.141728328e-04,268.495716,278.318549,278.318549,6.001600027e-04,1.959999949e-04,4.418882594e-05,row,0,-1.000000000e+00,-1.000000
cuda_warp_smem,double,global,global,8192,8192,32,8,4,2,20,7.988010000e-04,1.611110600e-02,1.391494000e-02,1.674464400e-02,1.608035444e-02,1.544681644e-02,7.591140400e-04,267.094069,278.048704,278.048704,5.753600001e-04,2.150720060e-04,2.828758185e-05,row,0,-1.000000000e+00,-1.000000
cuda_warp_smem,double,global,global,8192,8192,3,8,8,1,1,1.030820000e-04,2.400839000e-03,3.293000000e-06,2.505003000e-03,2.296867962e-03,2.192703962e-03,2.588900176e-04,175.305325,183.633172,183.633172,2.277760059e-04,2.339199930e-05,1.649196418e-05,row,0,-1.000000000e+00,-1.000000
cuda_warp_smem,double,global,global,8192,8192,3,8,8,1,2,1.011580000e-04,2.391713000e-03,3.353000000e-06,2.486536000e-03,2.375527021e-03,2.280704021e-03,2.438490116e-04,169.500570,176.547759,176.547759,2.137919962e-04,2.572800033e-05,1.349998266e-05,row,0,-1.000000000e+00,-1.000000
cuda_warp_smem,double,global,global,8192,8192,3,8,8,1,3,1.085860000e-04,2.402404000e-03,3.389000000e-06,2.507403000e-03,2.368647033e-03,2.263648033e-03,2.519920232e-04,169.992902,177.878000,177.878000,2.191680074e-04,2.448000014e-05,1.365601511e-05,row,0,-1.000000000e+00,-1.000000
cuda_warp_smem,double,global,global,8192,8192,3,8,8,1,4,1.035570000e-04,2.387141000e-03,3.379000000e-06,2.493504000e-03,2.262650909e-03,2.156287909e-03,2.308530914e-04,177.956388,186.734426,186.734426,2.027840018e-04,2.803199925e-05,1.662101010e-05,row,0,-1.000000000e+00,-1.000000
cuda_warp_smem,double,global,global,8192,8192,3,8,8,1,5,1.048550000e-04,2.313435000e-03,3.015000000e-06,2.395165000e-03,2.194913975e-03,2.113183975e-03,2.300440248e-04,183.448276,190.543364,190.543364,2.029120028e-04,2.185600065e-05,1.560800022e-05,row,0,-1.000000000e+00,-1.000000
cuda_warp_smem,double,global,global,8192,8192,3,8,8,1,6,1.021100000e-04,2.394009000e-03,2.935000000e-06,2.494524000e-03,2.264067046e-03,2.163552046e-03,2.642869948e-04,177.845080,186.107464,186.107464,2.292159945e-04,2.332800068e-05,1.258898630e-05,row,0,-1.000000000e+00,-1.000000
cuda_warp_smem,double,global,global,8192,8192,3,8,8,1,7,1.028230000e-04,2.376470000e-03,3.242000000e-06,2.473381000e-03,2.372366952e-03,2.275455952e-03,2.449190393e-04,169.726350,176.954946,176.954946,2.090560049e-04,2.678400092e-05,1.704306533e-05,row,0,-1.000000000e+00,-1.000000
cuda_warp_smem,double,global,global,8192,8192,3,8,8,1,8,1.034400000e-04,2.296611000e-03,3.016000000e-06,2.402422000e-03,2.180563092e-03,2.074752092e-03,2.497710002e-04,184.655599,194.072914,194.072914,2.168640047e-04,2.252800018e-05,1.686297061e-05,row,0,-1.000000000e+00,-1.000000
cuda_warp_smem,double,global,global,8192,8192,3,8,8,1,9,9.724400000e-05,2.392383000e-03,3.104000000e-06,2.492145000e-03,2.238898076e-03,2.139136076e-03,2.532469240e-04,179.844357,188.231683,188.231683,2.267840058e-04,2.319999970e-05,1.411801841e-05,row,0,-1.000000000e+00,-1.000000
cuda_warp_smem,double,global,global,8192,8192,3,8,8,1,10,1.147910000e-04,2.372883000e-03,3.003000000e-06,2.490652000e-03,2.292009112e-03,2.174240112e-03,2.314690146e-04,175.676956,185.192602,185.192602,2.017599940e-04,2.841600031e-05,1.365305396e-05,row,0,-1.000000000e+00,-1.000000
cuda_warp_smem,double,global,global,8192,8192,3,8,8,1,11,1.063350000e-04,2.392753000e-03,3.544000000e-06,2.497108000e-03,2.300482892e-03,2.196127892e-03,2.476579517e-04,175.029854,183.346874,183.346874,2.075199932e-04,2.508799918e-05,1.754595782e-05,row,0,-1.000000000e+00,-1.000000
cuda_warp_smem,double,global,global,8192,8192,3,8,8,1,12,1.210920000e-04,2.293003000e-03,3.757000000e-06,2.417852000e-03,2.195696988e-03,2.070847988e-03,2.543260231e-04,183.382856,194.438793,194.438793,2.209600061e-04,2.179200016e-05,1.611801794e-05,row,0,-1.000000000e+00,-1.000000
cuda_warp_smem,double,global,global,8192,8192,3,8,8,1,13,1.007030000e-04,2.400012000e-03,3.561000000e-06,2.497191000e-03,2.376026933e-03,2.278847933e-03,2.412229859e-04,169.464907,176.691555,176.691555,2.141759992e-04,2.364799939e-05,1.742303200e-05,row,0,-1.000000000e+00,-1.000000
cuda_warp_smem,double,global,global,8192,8192,3,8,8,1,14,1.024990000e-04,2.394187000e-03,3.309000000e-06,2.498221000e-03,2.262018018e-03,2.157984018e-03,2.732850081e-04,178.006179,186.587658,186.587658,2.395839989e-04,2.403200045e-05,1.449498484e-05,row,0,-1.000000000e+00,-1.000000
cuda_warp_smem,double,global,global,8192,8192,3,8,8,1,15,1.007020000e-04,2.391229000e-03,3.273000000e-06,2.493575000e-03,2.270249900e-03,2.167903900e-03,2.588180108e-04,177.360732,185.733871,185.733871,2.262720019e-04,2.598400041e-05,1.380394986e-05,row,0,-1.000000000e+00,-1.000000
cuda_warp_smem,double,global,global,8192,8192,3,8,8,1,16,1.013500000e-04,2.393774000e-03,3.144000000e-06,2.497186000e-03,2.278292028e-03,2.174880028e-03,2.510820093e-04,176.734668,185.138113,185.138113,2.191359997e-04,2.313599922e-05,1.271797810e-05,row,0,-1.000000000e+00,-1.000000
cuda_warp_smem,double,global,global,8192,8192,3,8,8,1,17,9.952900000e-05,2.388275000e-03,3.303000000e-06,2.489723000e-03,2.276328028e-03,2.174880028e-03,2.424969983e-04,176.887153,185.138113,185.138113,2.131199986e-04,2.822400071e-05,1.357205119e-05,row,0,-1.000000000e+00,-1.000000
cuda_warp_smem,double,global,global,8192,8192,3,8,8,1,18,1.000430000e-04,2.403649000e-03,2.946000000e-06,2.496970000e-03,2.252840911e-03,2.159519911e-03,2.719059917e-04,178.731300,186.454953,186.454953,2.387199998e-04,2.511999942e-05,1.186199818e-05,row,0,-1.000000000e+00,-1.000000
cuda_warp_smem,double,global,global,8192,8192,3,8,8,1,19,9.993200000e-05,2.381376000e-03,3.171000000e-06,2.482376000e-03,2.289287973e-03,2.188287973e-03,2.415060271e-04,175.885773,184.003746,184.003746,2.127999961e-04,2.278400026e-05,1.421505480e-05,row,0,-1.000000000e+00,-1.000000
cuda_warp_smem,double,global,global,8192,8192,3,8,8,1,20,1.023470000e-04,2.561022000e-03,3.427000000e-06,2.661788000e-03,2.458430108e-03,2.357664108e-03,2.491769829e-04,163.784678,170.784796,170.784796,2.170879990e-04,2.415999956e-05,1.386203303e-05,row,0,-1.000000000e+00,-1.000000
cuda_warp_smem,double,global,global,8192,8192,6,8,8,1,1,2.028470000e-04,3.699497000e-03,5.726000000e-06,3.894534000e-03,3.697020881e-03,3.501983881e-03,4.211811100e-04,217.825756,229.957189,229.957189,3.864639997e-04,3.161599860e-05,1.353091598e-05,row,0,-1.000000000e+00,-1.000000
cuda_warp_smem,double,global,global,8192,8192,6,8,8,1,2,2.011630000e-04,3.705148000e-03,5.592000000e-06,3.896183000e-03,3.692826954e-03,3.501791954e-03,4.250199217e-04,218.073140,229.969792,229.969792,3.954879940e-04,2.595200017e-05,1.423598200e-05,row,0,-1.000000000e+00,-1.000000
cuda_warp_smem,double,global,global,8192,8192,6,8,8,1,3,1.958450000e-04,3.703852000e-03,5.563000000e-06,3.894228000e-03,3.684584097e-03,3.494208097e-03,4.320729956e-04,218.560995,230.468920,230.468920,4.000639915e-04,2.896000072e-05,1.479793537e-05,row,0,-1.000000000e+00,-1.000000
cuda_warp_smem,double,global,global,8192,8192,6,8,8,1,4,1.995650000e-04,3.701836000e-03,5.601000000e-06,3.895898000e-03,3.697165971e-03,3.503103971e-03,4.335349369e-04,217.817208,229.883662,229.883662,3.987199962e-04,2.611199953e-05,1.372399750e-05,row,0,-1.000000000e+00,-1.000000
cuda_warp_smem,double,global,global,8192,8192,6,8,8,1,5,1.932460000e-04,3.667442000e-03,5.748000000e-06,3.862135000e-03,3.619460971e-03,3.424767971e-03,4.060210462e-04,222.493453,235.141877,235.141877,3.710399866e-04,2.540799975e-05,1.221898542e-05,row,0,-1.000000000e+00,-1.000000
cuda_warp_smem,double,global,global,8192,8192,6,8,8,1,6,1.923340000e-04,3.803713000e-03,5.789000000e-06,3.989636000e-03,3.559746881e-03,3.373823881e-03,4.298891189e-04,226.225739,238.692474,238.692474,3.994559944e-04,2.809599973e-05,1.456188637e-05,row,0,-1.000000000e+00,-1.000000
cuda_warp_smem,double,global,global,8192,8192,6,8,8,1,7,1.929420000e-04,3.697503000e-03,5.653000000e-06,3.888045000e-03,3.622606056e-03,3.432064056e-03,4.092710074e-04,222.300288,234.641998,234.641998,3.763200045e-04,3.174399957e-05,1.469090774e-05,row,0,-1.000000000e+00,-1.000000
cuda_warp_smem,double,global,global,8192,8192,6,8,8,1,8,1.961870000e-04,3.804780000e-03,6.086000000e-06,3.992108000e-03,3.593952079e-03,3.406624079e-03,4.331089958e-04,224.072650,236.394257,236.394257,4.003199935e-04,3.196800128e-05,1.416299831e-05,row,0,-1.000000000e+00,-1.000000
cuda_warp_smem,double,global,global,8192,8192,6,8,8,1,9,1.946140000e-04,3.694975000e-03,5.540000000e-06,3.887590000e-03,3.689286915e-03,3.496671915e-03,4.266221068e-04,218.282391,230.306528,230.306528,3.948479891e-04,2.480000071e-05,1.328391855e-05,row,0,-1.000000000e+00,-1.000000
cuda_warp_smem,double,global,global,8192,8192,6,8,8,1,10,2.013770000e-04,3.675368000e-03,5.817000000e-06,3.866587000e-03,3.656018881e-03,3.464799881e-03,3.891730446e-04,220.268657,232.425074,232.425074,3.587839901e-04,2.496000007e-05,1.518801044e-05,row,0,-1.000000000e+00,-1.000000
cuda_warp_smem,double,global,global,8192,8192,6,8,8,1,11,1.919020000e-04,3.699342000e-03,5.619000000e-06,3.887308000e-03,3.677277934e-03,3.489311934e-03,4.413000538e-04,218.995241,230.792312,230.792312,4.099839926e-04,3.017600067e-05,1.459295025e-05,row,0,-1.000000000e+00,-1.000000
cuda_warp_smem,double,global,global,8192,8192,6,8,8,1,12,1.941020000e-04,3.704768000e-03,6.954000000e-06,3.890666000e-03,3.682634050e-03,3.496736050e-03,4.279129106e-04,218.676729,230.302304,230.302304,3.983359933e-04,2.800000086e-05,1.489103299e-05,row,0,-1.000000000e+00,-1.000000
cuda_warp_smem,double,global,global,8192,8192,6,8,8,1,13,1.991070000e-04,3.694552000e-03,5.597000000e-06,3.886532000e-03,3.656204100e-03,3.464224100e-03,4.169839348e-04,220.257498,232.463705,232.463705,3.811840117e-04,2.828799933e-05,1.367696309e-05,row,0,-1.000000000e+00,-1.000000
cuda_warp_smem,double,global,global,8192,8192,6,8,8,1,14,1.967940000e-04,3.693816000e-03,5.652000000e-06,3.887691000e-03,3.505810902e-03,3.311935902e-03,4.291340153e-04,229.706162,243.152764,243.152764,3.991680145e-04,3.084800020e-05,1.356008403e-05,row,0,-1.000000000e+00,-1.000000
cuda_warp_smem,double,global,global,8192,8192,6,8,8,1,15,1.976420000e-04,3.697416000e-03,6.135000000e-06,3.897302000e-03,3.478830016e-03,3.278944016e-03,4.184719845e-04,231.487703,245.599304,245.599304,3.853119910e-04,2.681599930e-05,1.483897727e-05,row,0,-1.000000000e+00,-1.000000
cuda_warp_smem,double,global,global,8192,8192,6,8,8,1,16,1.926360000e-04,3.812757000e-03,6.196000000e-06,4.010011000e-03,3.724357901e-03,3.527103901e-03,4.393099973e-04,216.226901,228.319434,228.319434,4.007999897e-04,2.729599923e-05,1.572600735e-05,row,0,-1.000000000e+00,-1.000000
cuda_warp_smem,double,global,global,8192,8192,6,8,8,1,17,2.027720000e-04,3.699046000e-03,6.794000000e-06,3.897651000e-03,3.511852919e-03,3.313247919e-03,4.265140289e-04,229.310961,243.056477,243.056477,3.916159868e-04,2.745600045e-05,1.420805559e-05,row,0,-1.000000000e+00,-1.000000
cuda_warp_smem,double,global,global,8192,8192,6,8,8,1,18,2.024820000e-04,3.679773000e-03,5.446000000e-06,3.878766000e-03,3.473712954e-03,3.274719954e-03,4.050530465e-04,231.828703,245.916103,245.916103,3.750720024e-04,2.672000043e-05,1.434000944e-05,row,0,-1.000000000e+00,-1.000000
cuda_warp_smem,double,global,global,8192,8192,6,8,8,1,19,1.912310000e-04,3.732192000e-03,5.630000000e-06,3.910372000e-03,3.735715887e-03,3.557535887e-03,4.204850910e-04,215.569490,226.366337,226.366337,3.897280097e-04,2.812799998e-05,1.355299007e-05,row,0,-1.000000000e+00,-1.000000
cuda_warp_smem,double,global,global,8192,8192,6,8,8,1,20,1.894190000e-04,3.736753000e-03,5.626000000e-06,3.927466000e-03,3.689977002e-03,3.499264002e-03,4.425308909e-04,218.241568,230.135928,230.135928,4.051199853e-04,2.995200083e-05,1.483300147e-05,row,0,-1.000000000e+00,-1.000000
cuda_warp_smem,double,global,global,8192,8192,8,8,8,1,1,2.715140000e-04,4.643068000e-03,7.587000000e-06,4.920791000e-03,4.375674889e-03,4.097951889e-03,5.451161110e-04,245.388849,262.019139,262.019139,5.106880069e-04,3.017600067e-05,1.384404405e-05,row,0,-1.000000000e+00,-1.000000
cuda_warp_smem,double,global,global,8192,8192,8,8,8,1,2,2.709170000e-04,4.670405000e-03,8.290000000e-06,4.935938000e-03,4.406589061e-03,4.141056061e-03,5.778729921e-04,243.667338,259.291787,259.291787,5.349439979e-04,3.219199926e-05,1.348810159e-05,row,0,-1.000000000e+00,-1.000000
cuda_warp_smem,double,global,global,8192,8192,8,8,8,1,3,2.794550000e-04,4.659543000e-03,1.345400000e-05,4.932246000e-03,4.416798898e-03,4.144095898e-03,5.572729899e-04,243.104078,259.101587,259.101587,5.224000216e-04,2.899199910e-05,1.486697408e-05,row,0,-1.000000000e+00,-1.000000
cuda_warp_smem,double,global,global,8192,8192,8,8,8,1,4,2.741740000e-04,4.652207000e-03,7.745000000e-06,4.931731000e-03,4.428804071e-03,4.149280071e-03,5.575600029e-04,242.445095,258.777862,258.777862,5.206400156e-04,2.745600045e-05,1.287893560e-05,row,0,-1.000000000e+00,-1.000000
cuda_warp_smem,double,global,global,8192,8192,8,8,8,1,5,2.659520000e-04,4.604344000e-03,8.032000000e-06,4.863256000e-03,4.325151834e-03,4.066239834e-03,5.381041662e-04,248.255290,264.062590,264.062590,4.997119904e-04,3.449599817e-05,1.524597593e-05,row,0,-1.000000000e+00,-1.000000
cuda_warp_smem,double,global,global,8192,8192,8,8,8,1,6,2.641540000e-04,4.661256000e-03,7.644000000e-06,4.924601000e-03,4.418864962e-03,4.155519962e-03,5.597040216e-04,242.990413,258.389283,258.389283,5.180799961e-04,3.040000051e-05,1.482690457e-05,row,0,-1.000000000e+00,-1.000000
cuda_warp_smem,double,global,global,8192,8192,8,8,8,1,7,2.622220000e-04,4.661134000e-03,7.821000000e-06,4.925098000e-03,4.378492179e-03,4.114528179e-03,5.466058208e-04,245.230956,260.963536,260.963536,5.144000053e-04,3.161599860e-05,1.639303471e-05,row,0,-1.000000000e+00,-1.000000
cuda_warp_smem,double,global,global,8192,8192,8,8,8,1,8,2.682410000e-04,4.670723000e-03,7.625000000e-06,4.943791000e-03,4.633579780e-03,4.360511780e-03,5.585329508e-04,231.730514,246.242156,246.242156,5.187199712e-04,3.097599931e-05,1.552497904e-05,row,0,-1.000000000e+00,-1.000000
cuda_warp_smem,double,global,global,8192,8192,8,8,8,1,9,2.661680000e-04,4.658514000e-03,8.149000000e-06,4.931341000e-03,4.388154835e-03,4.115327835e-03,5.431861649e-04,244.690961,260.912828,260.912828,5.038400292e-04,2.988800034e-05,1.397013617e-05,row,0,-1.000000000e+00,-1.000000
cuda_warp_smem,double,global,global,8192,8192,8,8,8,1,10,2.736060000e-04,4.655528000e-03,1.883500000e-05,4.895782000e-03,4.632574156e-03,4.392320156e-03,5.183660537e-04,231.780817,244.458916,244.458916,4.838080108e-04,3.254399821e-05,1.367887552e-05,row,0,-1.000000000e+00,-1.000000
cuda_warp_smem,double,global,global,8192,8192,8,8,8,1,11,2.753080000e-04,4.764295000e-03,8.144000000e-06,5.021181000e-03,4.702645773e-03,4.445759773e-03,5.376820970e-04,228.327175,241.520433,241.520433,5.048959851e-04,2.655999921e-05,1.736697393e-05,row,0,-1.000000000e+00,-1.000000
cuda_warp_smem,double,global,global,8192,8192,8,8,8,1,12,2.896640000e-04,4.649248000e-03,7.827000000e-06,4.944973000e-03,4.454029214e-03,4.158304214e-03,5.535169882e-04,241.072021,258.216275,258.216275,5.119360089e-04,3.014400043e-05,1.454096391e-05,row,0,-1.000000000e+00,-1.000000
cuda_warp_smem,double,global,global,8192,8192,8,8,8,1,13,2.747790000e-04,4.751092000e-03,7.583000000e-06,5.015736000e-03,4.701475951e-03,4.436831951e-03,5.602029296e-04,228.383987,242.006422,242.006422,5.211520195e-04,3.203200176e-05,1.479511265e-05,row,0,-1.000000000e+00,-1.000000
cuda_warp_smem,double,global,global,8192,8192,8,8,8,1,14,2.784590000e-04,4.646407000e-03,7.600000000e-06,4.932252000e-03,4.396788794e-03,4.110943794e-03,5.354632057e-04,244.210462,261.191074,261.191074,4.978879988e-04,3.193600103e-05,1.340303840e-05,row,0,-1.000000000e+00,-1.000000
cuda_warp_smem,double,global,global,8192,8192,8,8,8,1,15,2.607060000e-04,4.580323000e-03,7.331000000e-06,4.842394000e-03,4.395542966e-03,4.133471966e-03,5.412599888e-04,244.279679,259.767535,259.767535,5.053759813e-04,2.796800062e-05,1.463889205e-05,row,0,-1.000000000e+00,-1.000000
cuda_warp_smem,double,global,global,8192,8192,8,8,8,1,16,2.601150000e-04,4.655741000e-03,7.563000000e-06,4.922194000e-03,4.377876969e-03,4.111423969e-03,5.443170307e-04,245.265418,261.160569,261.160569,5.079039931e-04,2.857599966e-05,1.501902945e-05,row,0,-1.000000000e+00,-1.000000
cuda_warp_smem,double,global,global,8192,8192,8,8,8,1,17,2.646740000e-04,4.648431000e-03,7.658000000e-06,4.919388000e-03,4.383693225e-03,4.112736225e-03,5.356947749e-04,244.940001,261.077240,261.077240,4.970239997e-04,3.071999922e-05,1.495877530e-05,row,0,-1.000000000e+00,-1.000000
cuda_warp_smem,double,global,global,8192,8192,8,8,8,1,18,2.659310000e-04,4.676484000e-03,8.134000000e-06,4.950440000e-03,4.382980048e-03,4.109024048e-03,5.674599521e-04,244.979857,261.313103,261.313103,5.127040148e-04,5.759999901e-05,1.513993746e-05,row,0,-1.000000000e+00,-1.000000
cuda_warp_smem,double,global,global,8192,8192,8,8,8,1,19,3.240820000e-04,4.657701000e-03,1.247400000e-05,4.969711000e-03,4.716329763e-03,4.404319763e-03,5.355310948e-04,227.664705,243.792886,243.792886,4.946239889e-04,3.200000152e-05,1.518510453e-05,row,0,-1.000000000e+00,-1.000000
cuda_warp_smem,double,global,global,8192,8192,8,8,8,1,20,2.667560000e-04,4.678810000e-03,1.245400000e-05,4.950625000e-03,4.433894811e-03,4.162079811e-03,5.621280277e-04,242.166734,257.982036,257.982036,5.199040174e-04,3.417599946e-05,1.630401433e-05,row,0,-1.000000000e+00,-1.000000
cuda_warp_smem,double,global,global,8192,8192,20,8,8,1,1,7.268850000e-04,1.090819400e-02,2.883000000e-05,1.164662500e-02,1.030201533e-02,9.563584328e-03,1.344609672e-03,260.565964,280.684989,280.684989,1.276128054e-03,6.227200106e-05,1.572295848e-05,row,0,-1.000000000e+00,-1.000000
cuda_warp_smem,double,global,global,8192,8192,20,8,8,1,2,7.371610000e-04,1.051452900e-02,2.799900000e-05,1.127111600e-02,9.948266955e-03,9.191679955e-03,1.355814987e-03,269.831376,292.041778,292.041778,1.287775993e-03,6.060799956e-05,1.498299236e-05,row,0,-1.000000000e+00,-1.000000
cuda_warp_smem,double,global,global,8192,8192,20,8,8,1,3,7.282060000e-04,1.051109700e-02,2.748400000e-05,1.124021400e-02,9.899228656e-03,9.170111656e-03,1.340985344e-03,271.168053,292.728667,292.728667,1.276448011e-03,6.316799670e-05,1.799987966e-05,row,0,-1.000000000e+00,-1.000000
cuda_warp_smem,double,global,global,8192,8192,20,8,8,1,4,7.136360000e-04,1.051116000e-02,2.766900000e-05,1.121160200e-02,9.864089652e-03,9.163647652e-03,1.347512348e-03,272.134039,292.935157,292.935157,1.276224017e-03,6.070400029e-05,1.614805840e-05,row,0,-1.000000000e+00,-1.000000
cuda_warp_smem,double,global,global,8192,8192,20,8,8,1,5,7.121060000e-04,1.028269600e-02,2.805600000e-05,1.100175700e-02,1.000069342e-02,9.281632423e-03,1.260096070e-03,268.416843,289.211470,289.211470,1.195647955e-03,5.711999908e-05,1.922294367e-05,row,0,-1.000000000e+00,-1.000000
cuda_warp_smem,double,global,global,8192,8192,20,8,8,1,6,7.215470000e-04,1.050175400e-02,2.798000000e-05,1.122397000e-02,9.888008465e-03,9.165792465e-03,1.335961535e-03,271.475755,292.866609,292.866609,1.266944051e-03,7.091200352e-05,1.537607702e-05,row,0,-1.000000000e+00,-1.000000
cuda_warp_smem,double,global,global,8192,8192,20,8,8,1,7,1.552247000e-03,1.046245200e-02,6.822900000e-05,1.120667300e-02,1.022370937e-02,9.479488373e-03,1.029112883e-03,262.561705,283.175046,283.175046,9.643840194e-04,8.937600255e-05,7.025506330e-05,row,0,-1.000000000e+00,-1.000000
cuda_warp_smem,double,global,global,8192,8192,20,8,8,1,8,7.265600000e-04,1.050651600e-02,2.783300000e-05,1.123127200e-02,9.878483531e-03,9.153727531e-03,1.352788469e-03,271.737514,293.252618,293.252618,1.282112002e-03,5.673599988e-05,1.616286429e-05,row,0,-1.000000000e+00,-1.000000
cuda_warp_smem,double,global,global,8192,8192,20,8,8,1,9,7.263930000e-04,1.049857400e-02,2.840600000e-05,1.122801300e-02,9.876510838e-03,9.147071838e-03,1.351502162e-03,271.791790,293.465997,293.465997,1.284000039e-03,6.086400151e-05,1.731784652e-05,row,0,-1.000000000e+00,-1.000000
cuda_warp_smem,double,global,global,8192,8192,20,8,8,1,10,7.285520000e-04,1.048967200e-02,2.787300000e-05,1.117183600e-02,1.042955570e-02,9.747391701e-03,1.244446238e-03,257.379570,275.392089,275.392089,1.181632042e-03,5.868799984e-05,1.600013177e-05,row,0,-1.000000000e+00,-1.000000
cuda_warp_smem,double,global,global,8192,8192,20,8,8,1,11,7.516690000e-04,1.052217700e-02,2.890400000e-05,1.126679400e-02,9.907784953e-03,9.163167953e-03,1.359009047e-03,270.933874,292.950492,292.950492,1.290016055e-03,6.758400053e-05,1.686402988e-05,row,0,-1.000000000e+00,-1.000000
cuda_warp_smem,double,global,global,8192,8192,20,8,8,1,12,7.427730000e-04,1.050106200e-02,4.366300000e-05,1.124258700e-02,9.888277357e-03,9.146752357e-03,1.354309643e-03,271.468372,293.476248,293.476248,1.282207966e-03,5.939200148e-05,1.554600395e-05,row,0,-1.000000000e+00,-1.000000
cuda_warp_smem,double,global,global,8192,8192,20,8,8,1,13,7.379080000e-04,1.050934500e-02,2.901700000e-05,1.122928900e-02,9.885512352e-03,9.165568352e-03,1.343776648e-03,271.544303,292.873770,292.873770,1.273183942e-03,6.329599768e-05,1.497580223e-05,row,0,-1.000000000e+00,-1.000000
cuda_warp_smem,double,global,global,8192,8192,20,8,8,1,14,7.266490000e-04,1.078158100e-02,2.799600000e-05,1.150061900e-02,1.015046214e-02,9.431424141e-03,1.350156859e-03,264.456389,284.618157,284.618157,1.282495975e-03,6.022400036e-05,1.917696759e-05,row,0,-1.000000000e+00,-1.000000
cuda_warp_smem,double,global,global,8192,8192,20,8,8,1,15,7.293570000e-04,1.048005000e-02,3.065000000e-05,1.121090200e-02,1.048688399e-02,9.756031990e-03,1.342599170e-03,255.972562,275.148192,275.148192,1.276383996e-03,5.932800099e-05,1.572215803e-05,row,0,-1.000000000e+00,-1.000000
cuda_warp_smem,double,global,global,8192,8192,20,8,8,1,16,1.024534000e-03,1.087470400e-02,6.344700000e-05,1.151887100e-02,1.039056688e-02,9.746399879e-03,1.149466925e-03,258.345343,275.420113,275.420113,1.082656026e-03,9.548799694e-05,7.090988462e-05,row,0,-1.000000000e+00,-1.000000
cuda_warp_smem,double,global,global,8192,8192,20,8,8,1,17,7.238850000e-04,1.050283300e-02,3.021100000e-05,1.123538900e-02,9.986475601e-03,9.253919601e-03,1.353991025e-03,268.798990,290.077575,290.077575,1.279839993e-03,6.364800036e-05,1.699748927e-05,row,0,-1.000000000e+00,-1.000000
cuda_warp_smem,double,global,global,8192,8192,20,8,8,1,18,7.320290000e-04,1.048113700e-02,3.127600000e-05,1.121730000e-02,9.911938528e-03,9.175775528e-03,1.338158837e-03,270.820340,292.547976,292.547976,1.275392056e-03,5.888000131e-05,1.806106095e-05,row,0,-1.000000000e+00,-1.000000
cuda_warp_smem,double,global,global,8192,8192,20,8,8,1,19,7.464530000e-04,1.088337900e-02,7.109800000e-05,1.163137200e-02,1.027359343e-02,9.525600433e-03,1.357778567e-03,261.286820,281.804237,281.804237,1.287520051e-03,1.206400022e-04,1.740007100e-05,row,0,-1.000000000e+00,-1.000000
cuda_warp_smem,double,global,global,8192,8192,20,8,8,1,20,1.020542000e-03,1.070389700e-02,7.749400000e-05,1.148453500e-02,1.050534179e-02,9.724703789e-03,1.161546847e-03,255.522820,276.034584,276.034584,1.095584035e-03,1.265919954e-04,1.986971218e-05,row,0,-1.000000000e+00,-1.000000
cuda_warp_smem,double,global,global,8192,8192,32,8,8,1,1,4.868280000e-04,1.730807000e-02,5.434200000e-05,1.782293900e-02,1.578347709e-02,1.526860809e-02,2.039461907e-03,272.117941,281.293964,281.293964,1.933248043e-03,9.273599833e-05,1.915001799e-05,row,0,-1.000000000e+00,-1.000000
cuda_warp_smem,double,global,global,8192,8192,32,8,8,1,2,4.663320000e-04,1.726840400e-02,5.262600000e-05,1.777484700e-02,1.572641084e-02,1.521996784e-02,2.048436158e-03,273.105373,282.192928,282.192928,1.940191984e-03,9.161599725e-05,2.192933417e-05,row,0,-1.000000000e+00,-1.000000
cuda_warp_smem,double,global,global,8192,8192,32,8,8,1,3,4.588770000e-04,1.751950900e-02,5.277900000e-05,1.802911500e-02,1.600310957e-02,1.549350357e-02,2.026005429e-03,268.383296,277.210850,277.210850,1.921823978e-03,9.196799994e-05,2.302301088e-05,row,0,-1.000000000e+00,-1.000000
cuda_warp_smem,double,global,global,8192,8192,32,8,8,1,4,4.481900000e-04,1.752702500e-02,5.430800000e-05,1.802474700e-02,1.599378619e-02,1.549606419e-02,2.030960814e-03,268.539747,277.165043,277.165043,1.918975949e-03,9.888000041e-05,2.654383296e-05,row,0,-1.000000000e+00,-1.000000
cuda_warp_smem,double,global,global,8192,8192,32,8,8,1,5,4.793010000e-04,1.754055100e-02,7.213300000e-05,1.806005100e-02,1.600372432e-02,1.548422432e-02,2.056326681e-03,268.372987,277.376975,277.376975,1.950816035e-03,9.536000341e-05,2.474677099e-05,row,0,-1.000000000e+00,-1.000000
cuda_warp_smem,double,global,global,8192,8192,32,8,8,1,6,4.560000000e-04,1.764987300e-02,1.171660000e-04,1.821560300e-02,1.616025820e-02,1.559452820e-02,2.055344802e-03,265.773433,275.415020,275.415020,1.819679976e-03,1.484480053e-04,8.721682093e-05,row,0,-1.000000000e+00,-1.000000
cuda_warp_smem,double,global,global,8192,8192,32,8,8,1,7,1.139929000e-03,1.635880500e-02,1.193900000e-04,1.754847600e-02,1.654448744e-02,1.535481644e-02,1.558026928e-03,259.601110,279.714662,279.714662,1.448672056e-03,1.480959952e-04,1.053760544e-04,row,0,-1.000000000e+00,-1.000000
cuda_warp_smem,double,global,global,8192,8192,32,8,8,1,8,4.413540000e-04,1.718971100e-02,1.301060000e-04,1.774613100e-02,1.562502828e-02,1.506860828e-02,2.121102716e-03,274.877409,285.027470,285.027470,1.928832054e-03,1.822399944e-04,2.404285722e-05,row,0,-1.000000000e+00,-1.000000
cuda_warp_smem,double,global,global,8192,8192,32,8,8,1,9,4.722820000e-04,1.770607100e-02,5.942900000e-05,1.823127900e-02,1.619736815e-02,1.567216015e-02,2.033910851e-03,265.164517,274.050753,274.050753,1.923359990e-03,1.015679985e-04,2.423248604e-05,row,0,-1.000000000e+00,-1.000000
cuda_warp_smem,double,global,global,8192,8192,32,8,8,1,10,5.178090000e-04,1.730806000e-02,5.587500000e-05,1.786634600e-02,1.579966192e-02,1.524137592e-02,2.066684077e-03,271.839190,281.796559,281.796559,1.959103942e-03,9.369599819e-05,2.382092487e-05,row,0,-1.000000000e+00,-1.000000
cuda_warp_smem,double,global,global,8192,8192,32,8,8,1,11,4.535990000e-04,1.757115900e-02,1.218080000e-04,1.812851800e-02,1.604043128e-02,1.548307228e-02,2.088086719e-03,267.758841,277.397613,277.397613,1.852031946e-03,1.788479984e-04,8.018277069e-05,row,0,-1.000000000e+00,-1.000000
cuda_warp_smem,double,global,global,8192,8192,32,8,8,1,12,1.085956000e-03,1.723678400e-02,7.319320000e-04,1.770882000e-02,1.598822844e-02,1.551619244e-02,1.720591564e-03,268.633095,276.805493,276.805493,1.606879950e-03,1.510400027e-04,8.444526502e-05,row,0,-1.000000000e+00,-1.000000
cuda_warp_smem,double,global,global,8192,8192,32,8,8,1,13,4.756010000e-04,1.772322100e-02,1.011560000e-04,1.829997800e-02,1.623365264e-02,1.565689564e-02,2.066325362e-03,264.571837,274.317936,274.317936,1.870560050e-03,1.197440028e-04,7.602130966e-05,row,0,-1.000000000e+00,-1.000000
cuda_warp_smem,double,global,global,8192,8192,32,8,8,1,14,4.449170000e-04,1.767124000e-02,5.313300000e-05,1.816075100e-02,1.611562298e-02,1.562611198e-02,2.045128016e-03,266.509542,274.858346,274.858346,1.936095953e-03,9.824000299e-05,2.482694748e-05,row,0,-1.000000000e+00,-1.000000
cuda_warp_smem,double,global,global,8192,8192,32,8,8,1,15,4.444230000e-04,1.754925200e-02,5.491800000e-05,1.804797700e-02,1.601850134e-02,1.551977634e-02,2.029475656e-03,268.125413,276.741572,276.741572,1.913151979e-03,1.058240011e-04,2.617967531e-05,row,0,-1.000000000e+00,-1.000000
cuda_warp_smem,double,global,global,8192,8192,32,8,8,1,16,4.587390000e-04,1.741458300e-02,5.517000000e-05,1.792540500e-02,1.588835782e-02,1.537753582e-02,2.037047180e-03,270.321662,279.301401,279.301401,1.925248027e-03,9.254399687e-05,2.549515163e-05,row,0,-1.000000000e+00,-1.000000
cuda_warp_smem,double,global,global,8192,8192,32,8,8,1,17,4.600230000e-04,1.753049800e-02,5.493000000e-05,1.804302200e-02,1.597994839e-02,1.546742439e-02,2.063073607e-03,268.772288,277.678247,277.678247,1.946879983e-03,9.241600335e-05,2.952588966e-05,row,0,-1.000000000e+00,-1.000000
cuda_warp_smem,double,global,global,8192,8192,32,8,8,1,18,4.464600000e-04,1.754751900e-02,5.348800000e-05,1.804431900e-02,1.597948795e-02,1.548268795e-02,2.064831050e-03,268.780033,277.404499,277.404499,1.952767968e-03,9.942399710e-05,2.671195118e-05,row,0,-1.000000000e+00,-1.000000
cuda_warp_smem,double,global,global,8192,8192,32,8,8,1,19,4.467730000e-04,1.742477900e-02,5.368000000e-05,1.792242600e-02,1.587831945e-02,1.538067245e-02,2.044106545e-03,270.492561,279.244442,279.244442,1.935840011e-03,9.600000083e-05,2.416106711e-05,row,0,-1.000000000e+00,-1.000000
cuda_warp_smem,double,global,global,8192,8192,32,8,8,1,20,4.529480000e-04,1.742580000e-02,5.412500000e-05,1.793019000e-02,1.586480641e-02,1.536041641e-02,2.065383588e-03,270.722956,279.612686,279.612686,1.955199957e-03,1.084159985e-04,2.701563077e-05,row,0,-1.000000000e+00,-1.000000
