kernel,scalar,a_mode,x_mode,M,N,k,P,pr,pc,rep,t_bcast_s,t_local_s,t_reduce_s,t_total_s,t_official_s,t_kernel_s,t_transfer_runtime_overhead_s,gflops,gflops_compute,gflops_kernel,t_h2d_X_s,t_d2h_Y_s,t_launch_overhead_s,x_layout,group_timing,t_local_group_s,gflops_local_group
cublas,double,global,global,8192,8192,3,8,1,8,1,2.770000000e-07,2.911990900e-02,9.844895000e-03,2.928047800e-02,2.899580739e-02,1.915084839e-02,1.577923746e-02,13.886600,21.025344,21.025344,1.570294380e-02,1.023648024e-03,2.408197351e-05,row,0,-1.000000000e+00,-1.000000
cublas,double,global,global,8192,8192,3,8,1,8,2,1.122000000e-06,2.914044300e-02,9.858322000e-03,2.931982700e-02,2.901365605e-02,1.915519905e-02,1.580418697e-02,13.878057,21.020569,21.020569,1.572473621e-02,9.638399631e-05,3.805253406e-05,row,0,-1.000000000e+00,-1.000000
cublas,double,global,global,8192,8192,3,8,1,8,3,1.408000000e-06,2.913218500e-02,9.831180000e-03,2.928166400e-02,2.898792810e-02,1.915663910e-02,1.580021669e-02,13.890375,21.018989,21.018989,1.573161602e-02,6.726399809e-05,6.108691563e-05,row,0,-1.000000000e+00,-1.000000
cublas,double,global,global,8192,8192,3,8,1,8,4,2.480000001e-07,2.913724700e-02,9.850772000e-03,2.930036300e-02,2.899630815e-02,1.914543915e-02,1.579209510e-02,13.886360,21.031285,21.031285,1.571168041e-02,5.865599960e-05,2.579068776e-05,row,0,-1.000000000e+00,-1.000000
cublas,double,global,global,8192,8192,3,8,1,8,5,1.919999999e-07,2.911066600e-02,7.088255000e-03,2.925301100e-02,2.624539596e-02,1.915699196e-02,1.577268191e-02,15.341860,21.018602,21.018602,1.571347237e-02,6.556800008e-05,1.534450273e-05,row,0,-1.000000000e+00,-1.000000
cublas,double,global,global,8192,8192,3,8,1,8,6,2.070000000e-07,2.914952500e-02,9.852554000e-03,2.932789700e-02,2.901095064e-02,1.915833664e-02,1.580283673e-02,13.879352,21.017126,21.017126,1.571852779e-02,6.128000095e-05,2.619693636e-05,row,0,-1.000000000e+00,-1.000000
cublas,double,global,global,8192,8192,3,8,1,8,7,2.379999999e-07,2.912994300e-02,9.845426000e-03,2.929029700e-02,2.899849725e-02,1.915299225e-02,1.579336654e-02,13.885312,21.022991,21.022991,1.571123219e-02,5.459199846e-05,2.754235439e-05,row,0,-1.000000000e+00,-1.000000
cublas,double,global,global,8192,8192,3,8,1,8,8,3.190000000e-07,2.912213000e-02,9.830063000e-03,2.927501800e-02,2.897945407e-02,1.914931107e-02,1.578555354e-02,13.894436,21.027032,21.027032,1.570886421e-02,6.291200221e-05,2.718532548e-05,row,0,-1.000000000e+00,-1.000000
cublas,double,global,global,8192,8192,3,8,1,8,9,2.180000001e-07,2.912354400e-02,9.836277000e-03,2.927926600e-02,2.898474809e-02,1.914838409e-02,1.578492000e-02,13.891899,21.028050,21.028050,1.571116829e-02,5.574399978e-05,2.511170870e-05,row,0,-1.000000000e+00,-1.000000
cublas,double,global,global,8192,8192,3,8,1,8,10,1.880000000e-07,2.913654700e-02,9.843531000e-03,2.930312900e-02,2.899853447e-02,1.915494347e-02,1.579453078e-02,13.885294,21.020850,21.020850,1.571609592e-02,6.224000081e-05,2.569885630e-05,row,0,-1.000000000e+00,-1.000000
cublas,double,global,global,8192,8192,3,8,1,8,11,1.950000001e-07,2.912858300e-02,9.838197000e-03,2.928380900e-02,2.899218670e-02,1.915388870e-02,1.579175095e-02,13.888334,21.022007,21.022007,1.571759987e-02,5.779200047e-05,2.458308354e-05,row,0,-1.000000000e+00,-1.000000
cublas,double,global,global,8192,8192,3,8,1,8,12,2.680000000e-07,2.912475400e-02,9.828517000e-03,2.927395800e-02,2.898006135e-02,1.915148735e-02,1.578616242e-02,13.894145,21.024643,21.024643,1.571478367e-02,6.121600047e-05,2.398675635e-05,row,0,-1.000000000e+00,-1.000000
cublas,double,global,global,8192,8192,3,8,1,8,13,1.990000000e-07,2.912262400e-02,9.835646000e-03,2.928789200e-02,2.898448790e-02,1.914879990e-02,1.579222353e-02,13.892023,21.027594,21.027594,1.571401596e-02,5.577600002e-05,2.393557264e-05,row,0,-1.000000000e+00,-1.000000
cublas,double,global,global,8192,8192,3,8,1,8,14,1.779999999e-07,2.912767600e-02,9.849912000e-03,2.928814000e-02,2.899834067e-02,1.914835167e-02,1.578924369e-02,13.885387,21.028086,21.028086,1.571081638e-02,5.939200148e-05,2.469930530e-05,row,0,-1.000000000e+00,-1.000000
cublas,double,global,global,8192,8192,3,8,1,8,15,2.010000000e-07,2.912558400e-02,9.835802000e-03,2.927973900e-02,2.898865518e-02,1.915276718e-02,1.578689610e-02,13.890026,21.023238,21.023238,1.571459198e-02,5.753599852e-05,2.571212242e-05,row,0,-1.000000000e+00,-1.000000
cublas,double,global,global,8192,8192,3,8,1,8,16,1.850000000e-07,2.911902200e-02,9.828954000e-03,2.926984200e-02,2.897629791e-02,1.914729691e-02,1.578587018e-02,13.895950,21.029244,21.029244,1.571004772e-02,6.070400029e-05,2.689446078e-05,row,0,-1.000000000e+00,-1.000000
cublas,double,global,global,8192,8192,3,8,1,8,17,2.040000000e-07,2.911745500e-02,9.829762000e-03,2.924304700e-02,2.898198916e-02,1.915219116e-02,1.578497457e-02,13.893221,21.023870,21.023870,1.572521591e-02,5.481600016e-05,2.585236790e-05,row,0,-1.000000000e+00,-1.000000
cublas,double,global,global,8192,8192,3,8,1,8,18,1.720000000e-07,2.917001100e-02,9.941658000e-03,2.938531400e-02,2.908844640e-02,1.914675140e-02,1.583833070e-02,13.842375,21.029843,21.029843,1.570681572e-02,1.042464018e-03,2.911498513e-05,row,0,-1.000000000e+00,-1.000000
cublas,double,global,global,8192,8192,3,8,1,8,19,2.210000001e-07,2.917323900e-02,8.502183000e-03,2.934045300e-02,2.759774064e-02,1.915395164e-02,1.583247114e-02,14.590078,21.021938,21.021938,1.572508812e-02,9.430400282e-05,2.479785932e-05,row,0,-1.000000000e+00,-1.000000
cublas,double,global,global,8192,8192,3,8,1,8,20,1.279999999e-07,2.914128800e-02,9.867538000e-03,2.930363800e-02,2.901663406e-02,1.914902306e-02,1.579284020e-02,13.876633,21.027349,21.027349,1.571072006e-02,1.085439995e-04,2.653613950e-05,row,0,-1.000000000e+00,-1.000000
cublas,double,global,global,8192,8192,6,8,1,8,1,2.720000001e-07,2.924276000e-02,1.023833300e-02,2.973105700e-02,2.937703434e-02,1.913855934e-02,1.588813621e-02,27.412786,42.077690,42.077690,1.571807957e-02,1.475519985e-04,2.365488985e-05,row,0,-1.000000000e+00,-1.000000
cublas,double,global,global,8192,8192,6,8,1,8,2,1.869000000e-06,2.917739800e-02,8.609295000e-03,2.953656700e-02,2.760236509e-02,1.913545609e-02,1.583013371e-02,29.175267,42.084514,42.084514,1.571440029e-02,1.374080032e-04,2.113156718e-05,row,0,-1.000000000e+00,-1.000000
cublas,double,global,global,8192,8192,6,8,1,8,3,2.750000001e-07,2.917899800e-02,7.221309000e-03,2.945559600e-02,2.538603089e-02,1.913660812e-02,1.583566952e-02,31.722421,42.081980,42.081980,1.571321583e-02,1.077760011e-04,2.318969277e-05,row,0,-1.000000000e+00,-1.000000
cublas,double,global,global,8192,8192,6,8,1,8,4,1.740000002e-07,2.918486300e-02,7.200507000e-03,2.944828800e-02,2.911070045e-02,2.904678345e-02,1.361804760e-02,27.663586,27.724459,27.724459,1.349334431e-02,1.031040028e-04,2.217529757e-05,row,0,-1.000000000e+00,-1.000000
cublas,double,global,global,8192,8192,6,8,1,8,5,2.580000000e-07,2.916802800e-02,7.197603000e-03,2.945256500e-02,2.633635934e-02,1.913855934e-02,1.582485974e-02,30.577741,42.077690,42.077690,1.571903992e-02,9.993600100e-05,1.721738993e-05,row,0,-1.000000000e+00,-1.000000
cublas,double,global,global,8192,8192,6,8,1,8,6,2.859999999e-07,2.916895400e-02,7.222894000e-03,2.944720000e-02,2.537401516e-02,1.913446426e-02,1.582716189e-02,31.737443,42.086695,42.086695,1.570537567e-02,4.720320106e-04,2.297022206e-05,row,0,-1.000000000e+00,-1.000000
cublas,double,global,global,8192,8192,6,8,1,8,7,1.970000001e-07,2.917682900e-02,7.190231000e-03,2.943545000e-02,2.910674653e-02,2.904291153e-02,1.360673144e-02,27.667344,27.728156,27.728156,1.349628830e-02,1.030720025e-04,2.353642498e-05,row,0,-1.000000000e+00,-1.000000
cublas,double,global,global,8192,8192,6,8,1,8,8,1.610000000e-07,2.916120200e-02,7.189559000e-03,2.941813800e-02,2.909984222e-02,2.903808022e-02,1.360855370e-02,27.673908,27.732769,27.732769,1.348812771e-02,1.000640020e-04,2.036199119e-05,row,0,-1.000000000e+00,-1.000000
cublas,double,global,global,8192,8192,6,8,1,8,9,1.380000001e-07,2.917451700e-02,7.240582000e-03,2.947734700e-02,2.910400738e-02,2.903859138e-02,1.361864311e-02,27.669948,27.732281,27.732281,1.348675156e-02,1.095679998e-04,2.232355100e-05,row,0,-1.000000000e+00,-1.000000
cublas,double,global,global,8192,8192,6,8,1,8,10,2.440000000e-07,2.917778300e-02,7.196793000e-03,2.944918100e-02,2.910615732e-02,2.904303932e-02,1.361781066e-02,27.667904,27.728034,27.728034,1.349574375e-02,1.080000028e-04,1.985120175e-05,row,0,-1.000000000e+00,-1.000000
cublas,double,global,global,8192,8192,6,8,1,8,11,1.519999999e-07,2.916971100e-02,7.194982000e-03,2.943157600e-02,2.910409572e-02,2.904220772e-02,1.360848888e-02,27.669864,27.728827,27.728827,1.349910355e-02,9.929600358e-05,2.078994584e-05,row,0,-1.000000000e+00,-1.000000
cublas,double,global,global,8192,8192,6,8,1,8,12,1.730000001e-07,2.915915100e-02,8.601895000e-03,2.950359300e-02,2.761073610e-02,1.913753510e-02,1.581860725e-02,29.166422,42.079942,42.079942,1.571302414e-02,1.000000015e-04,2.228046902e-05,row,0,-1.000000000e+00,-1.000000
cublas,double,global,global,8192,8192,6,8,1,8,13,1.610000000e-07,2.915373900e-02,7.203501000e-03,2.941380500e-02,2.537929612e-02,1.913036728e-02,1.581524279e-02,31.730839,42.095709,42.095709,1.570636845e-02,9.942399710e-05,2.693184054e-05,row,0,-1.000000000e+00,-1.000000
cublas,double,global,global,8192,8192,6,8,1,8,14,1.939999998e-07,2.916703600e-02,7.202538000e-03,2.942498600e-02,2.537727741e-02,1.913651276e-02,1.582418818e-02,31.733363,42.082190,42.082190,1.572620773e-02,9.971199930e-05,2.116258369e-05,row,0,-1.000000000e+00,-1.000000
cublas,double,global,global,8192,8192,6,8,1,8,15,1.460000001e-07,2.916288100e-02,7.191533000e-03,2.942012400e-02,2.909879244e-02,2.903852844e-02,1.360363634e-02,27.674907,27.732341,27.732341,1.349215984e-02,9.571199864e-05,2.018036772e-05,row,0,-1.000000000e+00,-1.000000
cublas,double,global,global,8192,8192,6,8,1,8,16,2.079999999e-07,2.915910100e-02,7.196466000e-03,2.942160600e-02,2.909865120e-02,2.903311920e-02,1.360342387e-02,27.675041,27.737508,27.737508,1.349110413e-02,9.574399889e-05,2.022373865e-05,row,0,-1.000000000e+00,-1.000000
cublas,double,global,global,8192,8192,6,8,1,8,17,2.139999999e-07,2.917393900e-02,8.610665000e-03,2.951235900e-02,2.763622838e-02,1.913971138e-02,1.582510687e-02,29.139518,42.075157,42.075157,1.571900845e-02,1.000640020e-04,2.311061185e-05,row,0,-1.000000000e+00,-1.000000
cublas,double,global,global,8192,8192,6,8,1,8,18,1.830000000e-07,2.927823000e-02,7.342829000e-03,2.958141600e-02,2.537196607e-02,1.913667107e-02,1.593323832e-02,31.740006,42.081842,42.081842,1.571318436e-02,1.982720047e-04,3.499448476e-05,row,0,-1.000000000e+00,-1.000000
cublas,double,global,global,8192,8192,6,8,1,8,19,2.660000000e-07,2.916633900e-02,7.179028000e-03,2.948945000e-02,2.539362057e-02,1.913110352e-02,1.582361897e-02,31.712940,42.094089,42.094089,1.571836758e-02,1.908479929e-04,2.184342233e-05,row,0,-1.000000000e+00,-1.000000
cublas,double,global,global,8192,8192,6,8,1,8,20,2.230000000e-07,2.919926200e-02,7.233697000e-03,2.946771700e-02,2.913375171e-02,2.905455971e-02,1.361413101e-02,27.641698,27.717039,27.717039,1.349302387e-02,1.839359999e-04,2.223652635e-05,row,0,-1.000000000e+00,-1.000000
cublas,double,global,global,8192,8192,8,8,1,8,1,6.160000001e-07,2.928277300e-02,9.973411000e-03,3.012302300e-02,2.910732639e-02,1.913382339e-02,1.592910860e-02,36.889057,56.117473,56.117473,1.571699238e-02,1.888319999e-04,2.328422367e-05,row,0,-1.000000000e+00,-1.000000
cublas,double,global,global,8192,8192,8,8,1,8,2,1.242000000e-06,2.923658700e-02,8.508834000e-03,2.971786600e-02,2.682425575e-02,1.914240074e-02,1.588362737e-02,40.028765,56.092328,56.092328,1.572912025e-02,1.487679929e-04,2.242931667e-05,row,0,-1.000000000e+00,-1.000000
cublas,double,global,global,8192,8192,8,8,1,8,3,3.559999999e-07,2.923203100e-02,9.912687000e-03,2.969762100e-02,2.904887805e-02,1.913609505e-02,1.588316740e-02,36.963280,56.110812,56.110812,1.572307205e-02,1.593279988e-04,2.188734446e-05,row,0,-1.000000000e+00,-1.000000
cublas,double,global,global,8192,8192,8,8,1,8,4,1.283000000e-06,2.922460200e-02,8.943021000e-03,2.975184300e-02,2.725435567e-02,1.913455963e-02,1.586524226e-02,39.397072,56.115314,56.115314,1.572118378e-02,1.477759928e-04,1.995392473e-05,row,0,-1.000000000e+00,-1.000000
cublas,double,global,global,8192,8192,8,8,1,8,5,2.699999999e-07,2.922479400e-02,8.512780000e-03,2.962974500e-02,2.765123039e-02,1.913820839e-02,1.587388191e-02,38.831611,56.104616,56.104616,1.572124767e-02,1.442880034e-04,1.674688204e-05,row,0,-1.000000000e+00,-1.000000
cublas,double,global,global,8192,8192,8,8,1,8,6,2.420000000e-07,2.922494100e-02,9.912357000e-03,2.962438500e-02,2.904974057e-02,2.764540863e-02,1.588020490e-02,36.962183,38.839788,38.839788,1.572860813e-02,1.518719941e-04,2.170877124e-05,row,0,-1.000000000e+00,-1.000000
cublas,double,global,global,8192,8192,8,8,1,8,7,3.010000000e-07,2.922952700e-02,8.507011000e-03,2.972333100e-02,2.681015061e-02,1.913036728e-02,1.587634325e-02,40.049824,56.127612,56.127612,1.573068810e-02,1.509760022e-04,2.308186782e-05,row,0,-1.000000000e+00,-1.000000
cublas,double,global,global,8192,8192,8,8,1,8,8,3.469999998e-07,2.922777700e-02,9.934696000e-03,2.969342400e-02,2.906735499e-02,1.913257599e-02,1.587414503e-02,36.939784,56.121132,56.121132,1.571759987e-02,1.371199936e-04,2.243315749e-05,row,0,-1.000000000e+00,-1.000000
cublas,double,global,global,8192,8192,8,8,1,8,9,2.830000001e-07,2.922262900e-02,9.931123000e-03,2.968762500e-02,2.906595442e-02,1.913468742e-02,1.587376540e-02,36.941564,56.114939,56.114939,1.572086430e-02,1.383360028e-04,2.142439968e-05,row,0,-1.000000000e+00,-1.000000
cublas,double,global,global,8192,8192,8,8,1,8,10,2.500000000e-07,2.922523500e-02,8.939623000e-03,2.975441600e-02,2.725120189e-02,1.913465691e-02,1.587022687e-02,39.401632,56.115029,56.115029,1.572092819e-02,3.848640025e-04,2.286402662e-05,row,0,-1.000000000e+00,-1.000000
cublas,double,global,global,8192,8192,8,8,1,8,11,3.380000000e-07,2.923011800e-02,8.508281000e-03,2.971039100e-02,2.681801298e-02,1.913593674e-02,1.588160630e-02,40.038083,56.111276,56.111276,1.572595215e-02,1.440960020e-04,2.492768662e-05,row,0,-1.000000000e+00,-1.000000
cublas,double,global,global,8192,8192,8,8,1,8,12,3.120000001e-07,2.921277000e-02,8.897426000e-03,2.970608600e-02,2.720298626e-02,1.913036728e-02,1.585965015e-02,39.471469,56.127612,56.127612,1.571612835e-02,1.468479931e-04,2.236379678e-05,row,0,-1.000000000e+00,-1.000000
cublas,double,global,global,8192,8192,8,8,1,8,13,2.820000000e-07,2.921466500e-02,9.918556000e-03,2.962244100e-02,2.905515176e-02,1.913651276e-02,1.586429745e-02,36.955299,56.109587,56.109587,1.572307205e-02,1.425600052e-04,2.197709485e-05,row,0,-1.000000000e+00,-1.000000
cublas,double,global,global,8192,8192,8,8,1,8,14,3.679999998e-07,2.922471200e-02,9.919282000e-03,2.967419400e-02,2.905648378e-02,1.913708878e-02,1.587540017e-02,36.953605,56.107898,56.107898,1.572028828e-02,1.360000074e-04,2.298172589e-05,row,0,-1.000000000e+00,-1.000000
cublas,double,global,global,8192,8192,8,8,1,8,15,3.060000000e-07,2.923300500e-02,9.924790000e-03,2.968316400e-02,2.905817980e-02,1.913327980e-02,1.587799687e-02,36.951448,56.119068,56.119068,1.572291183e-02,1.357759982e-04,2.267419192e-05,row,0,-1.000000000e+00,-1.000000
cublas,double,global,global,8192,8192,8,8,1,8,16,2.720000001e-07,2.922323900e-02,9.919801000e-03,2.966535300e-02,2.905296222e-02,1.913302422e-02,1.586995893e-02,36.958084,56.119817,56.119817,1.572038364e-02,1.330879927e-04,2.228008880e-05,row,0,-1.000000000e+00,-1.000000
cublas,double,global,global,8192,8192,8,8,1,8,17,1.759999999e-07,2.920447700e-02,8.918583000e-03,2.972342800e-02,2.722361088e-02,1.913036728e-02,1.585324542e-02,39.441565,56.127612,56.127612,1.571657562e-02,1.400640011e-04,2.082632900e-05,row,0,-1.000000000e+00,-1.000000
cublas,double,global,global,8192,8192,8,8,1,8,18,3.280000000e-07,2.922736900e-02,9.909082000e-03,2.968162400e-02,2.904551711e-02,1.913632011e-02,1.587735336e-02,36.967557,56.110152,56.110152,1.571958447e-02,2.410880029e-04,2.215289025e-05,row,0,-1.000000000e+00,-1.000000
cublas,double,global,global,8192,8192,8,8,1,8,19,2.620000001e-07,2.936660200e-02,8.935209000e-03,2.988620200e-02,2.725060696e-02,1.913983917e-02,1.601751428e-02,39.402492,56.099835,56.099835,1.574662399e-02,2.604480088e-04,3.400346557e-05,row,0,-1.000000000e+00,-1.000000
cublas,double,global,global,8192,8192,8,8,1,8,20,3.600000000e-07,2.924455600e-02,8.530329000e-03,2.971741100e-02,2.684167767e-02,1.913900757e-02,1.589159637e-02,40.002784,56.102273,56.102273,1.572361565e-02,1.446080059e-04,2.337271488e-05,row,0,-1.000000000e+00,-1.000000
cublas,double,global,global,8192,8192,20,8,1,8,1,1.810000000e-06,2.978299800e-02,1.243630800e-02,3.199737000e-02,3.123190379e-02,2.884268761e-02,9.403103932e-04,85.949117,93.068808,93.068808,2.115519941e-04,7.036479712e-04,2.511042795e-05,row,0,-1.000000000e+00,-1.000000
cublas,double,global,global,8192,8192,20,8,1,8,2,2.371000000e-06,2.953714500e-02,1.018810400e-02,3.075901500e-02,3.015233994e-02,2.896428871e-02,8.403020701e-04,89.026409,92.678076,92.678076,2.027200013e-04,7.055040002e-04,2.453104882e-05,row,0,-1.000000000e+00,-1.000000
cublas,double,global,global,8192,8192,20,8,1,8,3,1.344000000e-06,2.956189900e-02,1.042846800e-02,3.097441500e-02,3.046748726e-02,2.900815964e-02,8.906051622e-04,88.105545,92.537913,92.537913,2.006399930e-04,6.574079990e-04,6.234916612e-05,row,0,-1.000000000e+00,-1.000000
cublas,double,global,global,8192,8192,20,8,1,8,4,7.610000001e-07,2.957392700e-02,8.728339000e-03,3.072689600e-02,3.008119540e-02,2.906902313e-02,6.457005962e-04,89.236964,92.344161,92.344161,2.390400022e-04,3.849920034e-04,2.507506883e-05,row,0,-1.000000000e+00,-1.000000
cublas,double,global,global,8192,8192,20,8,1,8,5,5.910000000e-07,2.957592700e-02,1.041904000e-02,3.097951700e-02,3.045552359e-02,2.897683144e-02,5.999277944e-04,88.140155,92.637960,92.637960,2.252479941e-04,3.881919980e-04,1.872720829e-05,row,0,-1.000000000e+00,-1.000000
cublas,double,global,global,8192,8192,20,8,1,8,6,5.300000001e-07,2.954667400e-02,1.013040600e-02,3.077747800e-02,3.022549048e-02,2.897510338e-02,6.050749259e-04,88.810951,92.643485,92.643485,2.391680032e-04,3.748480082e-04,2.501151370e-05,row,0,-1.000000000e+00,-1.000000
cublas,double,global,global,8192,8192,20,8,1,8,7,1.093300000e-05,2.954411100e-02,1.011418000e-02,3.069573800e-02,3.005481095e-02,2.903727913e-02,6.409270498e-04,89.315303,92.445113,92.445113,2.423039973e-04,3.766399920e-04,3.001906858e-05,row,0,-1.000000000e+00,-1.000000
cublas,double,global,global,8192,8192,20,8,1,8,8,5.000000001e-07,2.954599700e-02,1.012076100e-02,3.067866100e-02,3.009578582e-02,2.895548820e-02,6.266597070e-04,89.193702,92.706244,92.706244,2.343039960e-04,3.727360070e-04,1.133627999e-04,row,0,-1.000000000e+00,-1.000000
cublas,double,global,global,8192,8192,20,8,1,8,9,4.469999997e-07,2.953315700e-02,1.015067500e-02,3.070189000e-02,3.012020808e-02,2.894479942e-02,6.207034698e-04,89.121382,92.740479,92.740479,2.335039973e-04,3.677439988e-04,2.372991945e-05,row,0,-1.000000000e+00,-1.000000
cublas,double,global,global,8192,8192,20,8,1,8,10,7.390000001e-07,2.954801300e-02,1.012425100e-02,3.072582900e-02,3.018176015e-02,2.898108864e-02,6.046940660e-04,88.939629,92.624352,92.624352,2.302400023e-04,3.759680092e-04,2.223005652e-05,row,0,-1.000000000e+00,-1.000000
cublas,double,global,global,8192,8192,20,8,1,8,11,4.329999999e-07,2.957459600e-02,1.014825400e-02,3.071420000e-02,3.015574251e-02,2.900204849e-02,5.880033569e-04,89.016364,92.557412,92.557412,2.288320065e-04,3.867839873e-04,2.412150323e-05,row,0,-1.000000000e+00,-1.000000
cublas,double,global,global,8192,8192,20,8,1,8,12,8.620000003e-07,2.953525200e-02,1.013870100e-02,3.068890400e-02,3.009820079e-02,2.894751930e-02,6.315224313e-04,89.186546,92.731765,92.731765,2.343679965e-04,3.925760090e-04,2.407921039e-05,row,0,-1.000000000e+00,-1.000000
cublas,double,global,global,8192,8192,20,8,1,8,13,7.440000001e-07,2.955865200e-02,1.019471400e-02,3.074976500e-02,3.020274499e-02,2.899375916e-02,6.142326510e-04,88.877834,92.583875,92.583875,2.294400036e-04,3.993279934e-04,2.526000860e-05,row,0,-1.000000000e+00,-1.000000
cublas,double,global,global,8192,8192,20,8,1,8,14,5.489999999e-07,2.957298100e-02,1.014997500e-02,3.107066700e-02,3.047176513e-02,2.897407913e-02,6.270748860e-04,88.093176,92.646760,92.646760,2.339839935e-04,3.828159869e-04,2.456587558e-05,row,0,-1.000000000e+00,-1.000000
cublas,double,global,global,8192,8192,20,8,1,8,15,4.769999999e-07,2.956137200e-02,1.016392900e-02,3.105607200e-02,3.051255660e-02,2.901785660e-02,6.117617616e-04,87.975406,92.506990,92.506990,2.317759991e-04,3.784640133e-04,1.240497509e-04,row,0,-1.000000000e+00,-1.000000
cublas,double,global,global,8192,8192,20,8,1,8,16,6.189999999e-07,2.953935100e-02,1.013428600e-02,3.070081500e-02,3.015990918e-02,2.897504044e-02,5.998373223e-04,89.004066,92.643686,92.643686,2.285120040e-04,3.727999926e-04,1.233151320e-04,row,0,-1.000000000e+00,-1.000000
cublas,double,global,global,8192,8192,20,8,1,8,17,5.589999998e-07,2.958010800e-02,1.017093800e-02,3.108078000e-02,3.043776001e-02,2.893708801e-02,6.430199873e-04,88.191594,92.765193,92.765193,2.306559980e-04,3.906559944e-04,2.547744034e-05,row,0,-1.000000000e+00,-1.000000
cublas,double,global,global,8192,8192,20,8,1,8,18,3.170000000e-07,2.955932700e-02,8.742002000e-03,3.104822400e-02,3.053792482e-02,2.893049622e-02,6.288307842e-04,87.902324,92.786330,92.786330,2.323839962e-04,3.750079870e-04,2.313479147e-05,row,0,-1.000000000e+00,-1.000000
cublas,double,global,global,8192,8192,20,8,1,8,19,5.070000002e-07,2.953906000e-02,1.012837900e-02,3.070375200e-02,3.016000820e-02,2.898169518e-02,5.862944717e-04,89.003774,92.622414,92.622414,2.242880017e-04,3.734079897e-04,2.632481199e-05,row,0,-1.000000000e+00,-1.000000
cublas,double,global,global,8192,8192,20,8,1,8,20,4.159999998e-07,2.958289700e-02,1.016836700e-02,3.090260900e-02,3.036081822e-02,2.901097679e-02,6.288372190e-04,88.415093,92.528927,92.528927,2.264959961e-04,3.864639997e-04,1.471412094e-04,row,0,-1.000000000e+00,-1.000000
cublas,double,global,global,8192,8192,32,8,1,8,1,4.410000001e-07,2.983683100e-02,8.834100000e-03,3.452614600e-02,3.359049908e-02,2.890118408e-02,9.356469180e-04,127.862563,148.608697,148.608697,3.509759903e-04,5.708799958e-04,2.691092744e-05,row,0,-1.000000000e+00,-1.000000
cublas,double,global,global,8192,8192,32,8,1,8,2,3.893000000e-06,2.977964300e-02,1.024362200e-02,3.266627700e-02,3.183932338e-02,2.900870323e-02,1.212874582e-03,134.895056,148.057887,148.057887,2.664639950e-04,1.001376033e-03,6.433055400e-05,row,0,-1.000000000e+00,-1.000000
cublas,double,global,global,8192,8192,32,8,1,8,3,2.508000000e-06,2.923419400e-02,1.129074000e-02,3.269354200e-02,3.194367365e-02,2.849164772e-02,9.243294943e-04,134.454394,150.744785,150.744785,3.107840121e-04,5.931519866e-04,6.868470645e-05,row,0,-1.000000000e+00,-1.000000
cublas,double,global,global,8192,8192,32,8,1,8,4,1.640000000e-06,2.982825800e-02,8.819196000e-03,3.430005300e-02,3.336094753e-02,2.888915253e-02,9.391054731e-04,128.742365,148.670588,148.670588,3.599359989e-04,5.551999807e-04,2.396949349e-05,row,0,-1.000000000e+00,-1.000000
cublas,double,global,global,8192,8192,32,8,1,8,5,4.279999999e-07,2.995572000e-02,1.045646900e-02,3.337774300e-02,3.258764972e-02,2.899641609e-02,9.593039081e-04,131.797394,148.120626,148.120626,3.768959939e-04,5.568320155e-04,2.557589862e-05,row,0,-1.000000000e+00,-1.000000
cublas,double,global,global,8192,8192,32,8,1,8,6,5.789999999e-07,2.991708600e-02,8.806784000e-03,3.329614500e-02,3.242468572e-02,2.902156830e-02,9.293141259e-04,132.459797,147.992254,147.992254,3.693760037e-04,5.519679785e-04,2.553925617e-05,row,0,-1.000000000e+00,-1.000000
cublas,double,global,global,8192,8192,32,8,1,8,7,3.890000002e-07,2.983214000e-02,1.024499600e-02,3.271950900e-02,3.182143746e-02,2.909516716e-02,9.319988499e-04,134.970876,147.617894,147.617894,3.785600066e-04,5.598719716e-04,2.709736837e-05,row,0,-1.000000000e+00,-1.000000
cublas,double,global,global,8192,8192,32,8,1,8,8,3.420000001e-07,2.984643800e-02,1.035535600e-02,3.317467100e-02,3.238677956e-02,2.889996719e-02,9.464708064e-04,132.614831,148.614954,148.614954,3.657599986e-04,5.596479774e-04,2.459544771e-05,row,0,-1.000000000e+00,-1.000000
cublas,double,global,global,8192,8192,32,8,1,8,9,4.660000001e-07,2.982344400e-02,1.022424100e-02,3.272482700e-02,3.183390132e-02,2.909395218e-02,9.339314735e-04,134.918031,147.624058,147.624058,3.804480135e-04,5.468159914e-04,2.548842937e-05,row,0,-1.000000000e+00,-1.000000
cublas,double,global,global,8192,8192,32,8,1,8,10,4.560000002e-07,2.981026300e-02,1.021779500e-02,3.268890700e-02,3.176865848e-02,2.897801590e-02,9.259371366e-04,135.195111,148.214678,148.214678,3.642880023e-04,5.642240047e-04,2.450452082e-05,row,0,-1.000000000e+00,-1.000000
cublas,double,global,global,8192,8192,32,8,1,8,11,4.149999999e-07,2.984793100e-02,8.857557000e-03,3.425312600e-02,3.330785156e-02,2.890265656e-02,9.452744448e-04,128.947593,148.601126,148.601126,3.620480001e-04,5.584959984e-04,2.473044634e-05,row,0,-1.000000000e+00,-1.000000
cublas,double,global,global,8192,8192,32,8,1,8,12,3.730000000e-07,2.984440300e-02,1.030539000e-02,3.311626200e-02,3.220225235e-02,2.895548820e-02,9.140096473e-04,133.374748,148.329991,148.329991,3.678719997e-04,5.518720150e-04,2.440966841e-05,row,0,-1.000000000e+00,-1.000000
cublas,double,global,global,8192,8192,32,8,1,8,13,3.650000000e-07,2.986217600e-02,9.541671000e-03,3.331559300e-02,3.241904379e-02,2.890652847e-02,9.556475271e-04,132.482849,148.581221,148.581221,3.783679903e-04,5.626239777e-04,2.685321917e-05,row,0,-1.000000000e+00,-1.000000
cublas,double,global,global,8192,8192,32,8,1,8,14,4.760000001e-07,2.990592600e-02,8.741283000e-03,3.329516900e-02,3.240315932e-02,2.898940849e-02,9.165175070e-04,132.547794,148.156431,148.156431,3.678080142e-04,5.603200197e-04,2.397770352e-05,row,0,-1.000000000e+00,-1.000000
cublas,double,global,global,8192,8192,32,8,1,8,15,5.980000000e-07,2.983875700e-02,9.133960000e-03,3.290001500e-02,3.197856179e-02,2.901478386e-02,9.274488761e-04,134.307707,148.026858,148.026858,3.655680120e-04,5.606399775e-04,2.623290558e-05,row,0,-1.000000000e+00,-1.000000
cublas,double,global,global,8192,8192,32,8,1,8,16,5.070000000e-07,2.997053100e-02,1.030289600e-02,3.590707300e-02,3.482991740e-02,2.889337540e-02,1.077155603e-03,123.312589,148.648859,148.648859,3.626559973e-04,6.915199757e-04,2.297963033e-05,row,0,-1.000000000e+00,-1.000000
cublas,double,global,global,8192,8192,32,8,1,8,17,5.120000000e-07,2.982436100e-02,8.830484000e-03,3.325104700e-02,3.230247354e-02,2.897952080e-02,9.485734584e-04,132.960942,148.206981,148.206981,3.745599985e-04,5.637120008e-04,2.923709053e-05,row,0,-1.000000000e+00,-1.000000
cublas,double,global,global,8192,8192,32,8,1,8,18,3.880000001e-07,2.990345300e-02,1.022977300e-02,3.327669300e-02,3.243383680e-02,2.899014473e-02,9.133082704e-04,132.422424,148.152668,148.152668,3.661119938e-04,5.727360249e-04,2.664487486e-05,row,0,-1.000000000e+00,-1.000000
cublas,double,global,global,8192,8192,32,8,1,8,19,4.410000001e-07,2.972088100e-02,1.474530900e-02,3.309410600e-02,3.230999473e-02,2.886521530e-02,9.081707731e-04,132.929991,148.793877,148.793877,3.229120076e-04,5.624319911e-04,2.417073993e-05,row,0,-1.000000000e+00,-1.000000
cublas,double,global,global,8192,8192,32,8,1,8,20,7.329999998e-07,2.981657000e-02,8.796971000e-03,3.283971300e-02,3.194611364e-02,2.907292747e-02,2.143082290e-03,134.444125,147.730816,147.730816,3.568640053e-04,1.764575958e-03,2.704767427e-05,row,0,-1.000000000e+00,-1.000000
cublas,double,global,global,8192,8192,3,8,2,4,1,1.356400000e-05,2.606823300e-02,5.274121000e-03,2.614472400e-02,2.394670766e-02,1.866537666e-02,1.569482468e-02,16.814553,21.572197,21.572197,1.558502388e-02,9.148799628e-05,5.456880282e-05,row,0,-1.000000000e+00,-1.000000
cublas,double,global,global,8192,8192,3,8,2,4,2,1.509200000e-05,2.603750600e-02,6.301363000e-03,2.610089600e-02,2.497175032e-02,1.866326332e-02,1.566003408e-02,16.124348,21.574640,21.574640,1.561872005e-02,8.662399650e-05,3.064391861e-05,row,0,-1.000000000e+00,-1.000000
cublas,double,global,global,8192,8192,3,8,2,4,3,2.688400000e-05,2.603648000e-02,7.247819000e-03,2.611867500e-02,2.592751260e-02,1.867161560e-02,1.565897565e-02,15.529958,21.564989,21.564989,1.561660767e-02,7.264000177e-05,1.569042810e-05,row,0,-1.000000000e+00,-1.000000
cublas,double,global,global,8192,8192,3,8,2,4,4,2.705900000e-05,2.602531000e-02,6.210984000e-03,2.612960100e-02,2.487872352e-02,1.866105652e-02,1.564985414e-02,16.184640,21.577191,21.577191,1.560460758e-02,8.950400352e-05,1.528354436e-05,row,0,-1.000000000e+00,-1.000000
cublas,double,global,global,8192,8192,3,8,2,4,5,2.884500000e-05,2.602272700e-02,5.110872000e-03,2.608064500e-02,2.378282393e-02,1.866259193e-02,1.564656733e-02,16.930419,21.575416,21.575416,1.560655975e-02,9.513600171e-05,1.747906140e-05,row,0,-1.000000000e+00,-1.000000
cublas,double,global,global,8192,8192,3,8,2,4,6,1.560600000e-05,2.604326000e-02,6.218379000e-03,2.609900700e-02,2.488309534e-02,1.865737534e-02,1.566825237e-02,16.181796,21.581448,21.581448,1.562137604e-02,4.092799872e-05,1.476175968e-05,row,0,-1.000000000e+00,-1.000000
cublas,double,global,global,8192,8192,3,8,2,4,7,1.330300000e-05,2.602700900e-02,7.238335000e-03,2.608989500e-02,2.590673234e-02,1.866204834e-02,1.565507316e-02,15.542415,21.576044,21.576044,1.561375999e-02,4.924799874e-05,1.475316186e-05,row,0,-1.000000000e+00,-1.000000
cublas,double,global,global,8192,8192,3,8,2,4,8,8.508000000e-06,2.604763400e-02,6.207490000e-03,2.608008500e-02,2.487428095e-02,1.866137695e-02,1.567249762e-02,16.187531,21.576821,21.576821,1.562860775e-02,4.521600157e-05,2.079204094e-05,row,0,-1.000000000e+00,-1.000000
cublas,double,global,global,8192,8192,3,8,2,4,9,1.649000000e-05,2.604410300e-02,6.202256000e-03,2.608017300e-02,2.486925025e-02,1.866124725e-02,1.566419921e-02,16.190805,21.576971,21.576971,1.561705589e-02,3.974400088e-05,1.651937306e-05,row,0,-1.000000000e+00,-1.000000
cublas,double,global,global,8192,8192,3,8,2,4,10,1.800800000e-05,2.604197400e-02,6.190714000e-03,2.608127900e-02,2.485853891e-02,1.866172791e-02,1.566475766e-02,16.197782,21.576415,21.576415,1.562143993e-02,4.713600129e-05,1.471700907e-05,row,0,-1.000000000e+00,-1.000000
cublas,double,global,global,8192,8192,3,8,2,4,11,1.648400000e-05,2.604469500e-02,6.214448000e-03,2.611383100e-02,2.488717418e-02,2.288640022e-02,1.567330275e-02,16.179144,17.593557,17.593557,1.562751961e-02,3.699199855e-05,1.659914183e-05,row,0,-1.000000000e+00,-1.000000
cublas,double,global,global,8192,8192,3,8,2,4,12,7.794000000e-06,2.604616400e-02,7.240460000e-03,2.609521600e-02,2.591067454e-02,1.866342354e-02,1.567534777e-02,15.540050,21.574455,21.574455,1.562489605e-02,4.166400060e-05,2.056371939e-05,row,0,-1.000000000e+00,-1.000000
cublas,double,global,global,8192,8192,3,8,2,4,13,1.787200000e-05,2.604173400e-02,7.235098000e-03,2.610841500e-02,2.590659634e-02,1.866383934e-02,1.566138198e-02,15.542497,21.573974,21.573974,1.561779213e-02,4.118400067e-05,1.523785040e-05,row,0,-1.000000000e+00,-1.000000
cublas,double,global,global,8192,8192,3,8,2,4,14,6.952000000e-06,2.603928200e-02,4.187903000e-03,2.610701200e-02,2.283361348e-02,1.865523148e-02,1.566369835e-02,17.634230,21.583929,21.583929,1.561603165e-02,3.859199956e-05,1.709129992e-05,row,0,-1.000000000e+00,-1.000000
cublas,double,global,global,8192,8192,3,8,2,4,15,7.220000000e-06,2.604386100e-02,6.207514000e-03,2.607623300e-02,2.487224989e-02,1.865936089e-02,1.567042121e-02,16.188852,21.579152,21.579152,1.562479973e-02,3.641600162e-05,2.617886347e-05,row,0,-1.000000000e+00,-1.000000
cublas,double,global,global,8192,8192,3,8,2,4,16,1.677100000e-05,2.603537500e-02,7.238547000e-03,2.610132700e-02,2.590675697e-02,1.865727997e-02,1.566023862e-02,15.542400,21.581559,21.581559,1.561695957e-02,3.670400009e-05,2.328622237e-05,row,0,-1.000000000e+00,-1.000000
cublas,double,global,global,8192,8192,3,8,2,4,17,7.875000000e-06,2.604529700e-02,6.205601000e-03,2.607829700e-02,2.487304571e-02,1.866214371e-02,1.566801676e-02,16.188335,21.575934,21.575934,1.561910439e-02,4.012800008e-05,2.741576546e-05,row,0,-1.000000000e+00,-1.000000
cublas,double,global,global,8192,8192,3,8,2,4,18,1.768600000e-05,2.604149600e-02,5.177306000e-03,2.608342400e-02,2.384767442e-02,1.866435242e-02,1.566098376e-02,16.884379,21.573381,21.573381,1.562313557e-02,4.083200172e-05,1.348033414e-05,row,0,-1.000000000e+00,-1.000000
cublas,double,global,global,8192,8192,3,8,2,4,19,1.430500000e-05,2.605183300e-02,5.176951000e-03,2.609387100e-02,2.384645139e-02,1.866348839e-02,1.567455276e-02,16.885245,21.574380,21.574380,1.562537575e-02,7.802240252e-04,2.302903540e-05,row,0,-1.000000000e+00,-1.000000
cublas,double,global,global,8192,8192,3,8,2,4,20,2.108000000e-05,2.605626200e-02,6.229193000e-03,2.612627000e-02,2.489286542e-02,1.866435242e-02,1.566992567e-02,16.175445,21.573381,21.573381,1.561814404e-02,3.923200071e-05,1.653777157e-05,row,0,-1.000000000e+00,-1.000000
cublas,double,global,global,8192,8192,6,8,2,4,1,1.958200000e-05,2.604136600e-02,7.219517000e-03,2.616160200e-02,2.600492271e-02,2.588995171e-02,1.968476743e-04,30.967459,31.104978,31.104978,1.253439933e-04,5.766399950e-05,1.729568175e-05,row,0,-1.000000000e+00,-1.000000
cublas,double,global,global,8192,8192,6,8,2,4,2,2.035400000e-05,2.608440500e-02,6.220261000e-03,2.627542700e-02,2.609114731e-02,2.585462379e-02,2.297812054e-04,30.865119,31.147480,31.147480,1.337600052e-04,9.398400038e-05,2.230707017e-05,row,0,-1.000000000e+00,-1.000000
cublas,double,global,global,8192,8192,6,8,2,4,3,4.011400000e-05,2.603182300e-02,7.213216000e-03,2.618744100e-02,2.606222945e-02,2.591391945e-02,2.020391193e-04,30.899366,31.076209,31.076209,1.271360070e-04,9.116800129e-05,1.794214335e-05,row,0,-1.000000000e+00,-1.000000
cublas,double,global,global,8192,8192,6,8,2,4,4,1.483660000e-04,2.601230400e-02,7.243780000e-03,2.615917900e-02,2.601692352e-02,2.587004852e-02,1.950385732e-04,30.953174,31.128908,31.128908,7.622399926e-05,8.678399771e-05,5.331057439e-05,row,0,-1.000000000e+00,-1.000000
cublas,double,global,global,8192,8192,6,8,2,4,5,1.996200000e-05,2.604425500e-02,6.185224000e-03,2.618214900e-02,2.605260093e-02,2.587449646e-02,1.989197734e-04,30.910786,31.123557,31.123557,1.275839955e-04,5.648000166e-05,2.171793328e-05,row,0,-1.000000000e+00,-1.000000
cublas,double,global,global,8192,8192,6,8,2,4,6,2.659400000e-05,2.603476400e-02,6.192485000e-03,2.615304800e-02,2.599841366e-02,2.591545677e-02,1.911516138e-04,30.975212,31.074365,31.074365,1.231999993e-04,5.532800034e-05,1.361561420e-05,row,0,-1.000000000e+00,-1.000000
cublas,double,global,global,8192,8192,6,8,2,4,7,2.644200000e-05,2.603802400e-02,6.189281000e-03,2.616678100e-02,2.601508667e-02,2.586217690e-02,1.980373602e-04,30.955360,31.138383,31.138383,1.335680038e-04,5.465599895e-05,1.776710070e-05,row,0,-1.000000000e+00,-1.000000
cublas,double,global,global,8192,8192,6,8,2,4,8,2.581900000e-05,2.603995300e-02,6.176270000e-03,2.616590800e-02,2.602900279e-02,2.587968063e-02,1.968876484e-04,30.938810,31.117322,31.117322,1.222399995e-04,6.393600255e-05,1.615165058e-05,row,0,-1.000000000e+00,-1.000000
cublas,double,global,global,8192,8192,6,8,2,4,9,3.005000000e-05,2.603582600e-02,6.195626000e-03,2.616571300e-02,2.598985519e-02,2.585996819e-02,1.912155138e-04,30.985412,31.141042,31.141042,1.323840022e-04,5.427199975e-05,1.846616314e-05,row,0,-1.000000000e+00,-1.000000
cublas,double,global,global,8192,8192,6,8,2,4,10,1.881400000e-05,2.604735800e-02,6.185529000e-03,2.616155300e-02,2.600565246e-02,2.593814468e-02,1.951755171e-04,30.966590,31.047185,31.047185,1.234880015e-04,5.500800163e-05,1.936751578e-05,row,0,-1.000000000e+00,-1.000000
cublas,double,global,global,8192,8192,6,8,2,4,11,2.648400000e-05,2.603382100e-02,6.189139000e-03,2.614799000e-02,2.600672428e-02,2.587676811e-02,1.846769482e-04,30.965313,31.120825,31.120825,1.122239977e-04,6.742399931e-05,1.581295138e-05,row,0,-1.000000000e+00,-1.000000
cublas,double,global,global,8192,8192,6,8,2,4,12,2.547600000e-05,2.604711100e-02,7.223716000e-03,2.618091800e-02,2.604952614e-02,2.586470413e-02,1.914426569e-04,30.914434,31.135340,31.135340,1.216320023e-04,5.728000030e-05,1.379185841e-05,row,0,-1.000000000e+00,-1.000000
cublas,double,global,global,8192,8192,6,8,2,4,13,2.271700000e-05,2.604536400e-02,7.221177000e-03,2.615543600e-02,2.604431234e-02,2.593424034e-02,1.865797834e-04,30.920623,31.051859,31.051859,1.244800016e-04,6.060799956e-05,1.966233370e-05,row,0,-1.000000000e+00,-1.000000
cublas,double,global,global,8192,8192,6,8,2,4,14,2.839300000e-05,2.603654300e-02,7.233114000e-03,2.616120800e-02,2.600081574e-02,2.585264015e-02,1.839028480e-04,30.972350,31.149870,31.149870,1.149440035e-04,6.006399915e-05,1.909965629e-05,row,0,-1.000000000e+00,-1.000000
cublas,double,global,global,8192,8192,6,8,2,4,15,3.409200000e-05,2.604029700e-02,7.225778000e-03,2.616346900e-02,2.601608469e-02,2.590201569e-02,1.912891714e-04,30.954172,31.090490,31.090490,1.288640052e-04,5.497600138e-05,1.588130955e-05,row,0,-1.000000000e+00,-1.000000
cublas,double,global,global,8192,8192,6,8,2,4,16,1.494700000e-05,2.604847600e-02,6.182520000e-03,2.616636600e-02,2.604162131e-02,2.586380768e-02,1.932881686e-04,30.923818,31.136420,31.136420,1.215360016e-04,5.811199918e-05,2.138416719e-05,row,0,-1.000000000e+00,-1.000000
cublas,double,global,global,8192,8192,6,8,2,4,17,2.601400000e-05,2.603888000e-02,7.216087000e-03,2.615688300e-02,2.598840384e-02,2.587612724e-02,1.892724336e-04,30.987142,31.121596,31.121596,1.182079986e-04,5.977600068e-05,1.856075424e-05,row,0,-1.000000000e+00,-1.000000
cublas,double,global,global,8192,8192,6,8,2,4,18,1.632700000e-05,2.603960800e-02,6.181238000e-03,2.615349900e-02,2.598537769e-02,2.593350410e-02,1.970826903e-04,30.990751,31.052740,31.052740,1.249599978e-04,5.779200047e-05,1.906669081e-05,row,0,-1.000000000e+00,-1.000000
cublas,double,global,global,8192,8192,6,8,2,4,19,2.639400000e-05,2.603448700e-02,7.217617000e-03,2.616266700e-02,2.599510990e-02,2.587510490e-02,1.805230951e-04,30.979148,31.122825,31.122825,1.144639999e-04,5.641600117e-05,1.755809624e-05,row,0,-1.000000000e+00,-1.000000
cublas,double,global,global,8192,8192,6,8,2,4,20,1.598100000e-05,2.605746200e-02,7.255577000e-03,2.628070900e-02,2.612766978e-02,2.586063957e-02,1.968224279e-04,30.821974,31.140234,31.140234,1.277759969e-04,7.257600129e-05,2.036722222e-05,row,0,-1.000000000e+00,-1.000000
cublas,double,global,global,8192,8192,8,8,2,4,1,5.600000000e-05,2.611607300e-02,6.279280000e-03,2.622366000e-02,2.600467062e-02,2.593612862e-02,2.456497141e-04,41.290345,41.399464,41.399464,1.179199964e-04,1.031680033e-04,5.355371916e-05,row,0,-1.000000000e+00,-1.000000
cublas,double,global,global,8192,8192,8,8,2,4,2,7.695200000e-05,2.602816400e-02,7.273440000e-03,2.628088200e-02,2.611766248e-02,2.582505608e-02,2.299141451e-04,41.111712,41.577521,41.577521,1.413760036e-04,1.047680005e-04,1.813814190e-05,row,0,-1.000000000e+00,-1.000000
cublas,double,global,global,8192,8192,8,8,2,4,3,6.377600000e-05,2.603034100e-02,5.274434000e-03,2.619403900e-02,2.595914437e-02,2.585459137e-02,2.618530497e-04,41.362759,41.530025,41.530025,1.150079966e-04,1.323200017e-04,1.866162632e-05,row,0,-1.000000000e+00,-1.000000
cublas,double,global,global,8192,8192,8,8,2,4,4,9.226000000e-05,2.606426400e-02,5.145894000e-03,2.626523200e-02,2.611156411e-02,2.588035202e-02,2.166218220e-04,41.121314,41.488687,41.488687,1.187520027e-04,1.057600006e-04,1.828017618e-05,row,0,-1.000000000e+00,-1.000000
cublas,double,global,global,8192,8192,8,8,2,4,5,2.273500000e-05,2.608367000e-02,7.269520000e-03,2.632192900e-02,2.609720619e-02,2.584124756e-02,2.424224414e-04,41.143938,41.551470,41.551470,1.600639969e-04,7.219199836e-05,1.421023057e-05,row,0,-1.000000000e+00,-1.000000
cublas,double,global,global,8192,8192,8,8,2,4,6,2.565500000e-05,2.607083700e-02,7.279506000e-03,2.630288400e-02,2.609891351e-02,2.583625603e-02,2.345809728e-04,41.141246,41.559498,41.559498,1.532160044e-04,7.385600358e-05,1.634011285e-05,row,0,-1.000000000e+00,-1.000000
cublas,double,global,global,8192,8192,8,8,2,4,7,2.544800000e-05,2.666210500e-02,5.186899000e-03,2.677852400e-02,2.659714242e-02,2.594063950e-02,7.214655042e-04,40.370571,41.392265,41.392265,1.489920020e-04,5.641279817e-04,1.766772555e-05,row,0,-1.000000000e+00,-1.000000
cublas,double,global,global,8192,8192,8,8,2,4,8,2.984000000e-05,2.607579400e-02,5.176057000e-03,2.627290600e-02,2.609492087e-02,2.584947205e-02,2.383896990e-04,41.147541,41.538250,41.538250,1.485439986e-04,7.119999826e-05,1.960195956e-05,row,0,-1.000000000e+00,-1.000000
cublas,double,global,global,8192,8192,8,8,2,4,9,1.976300000e-05,2.605053500e-02,7.301169000e-03,2.623090900e-02,2.606770676e-02,2.585459137e-02,2.353430918e-04,41.190498,41.530025,41.530025,1.529600024e-04,6.601600349e-05,2.077305214e-05,row,0,-1.000000000e+00,-1.000000
cublas,double,global,global,8192,8192,8,8,2,4,10,2.564800000e-05,2.615257300e-02,5.186135000e-03,2.624340300e-02,2.606293855e-02,2.593449593e-02,2.340320559e-04,41.198034,41.402070,41.402070,1.483840048e-04,7.145600021e-05,1.646444836e-05,row,0,-1.000000000e+00,-1.000000
cublas,double,global,global,8192,8192,8,8,2,4,11,3.623000000e-05,2.604733400e-02,7.292784000e-03,2.631787100e-02,2.615341626e-02,2.588287926e-02,2.208896191e-04,41.055509,41.484636,41.484636,1.446399987e-04,6.806399673e-05,1.594273699e-05,row,0,-1.000000000e+00,-1.000000
cublas,double,global,global,8192,8192,8,8,2,4,12,2.779400000e-05,2.606668800e-02,5.175709000e-03,2.624928800e-02,2.606260397e-02,2.593388748e-02,2.249504431e-04,41.198563,41.403042,41.403042,1.387200058e-04,7.187200338e-05,1.570244422e-05,row,0,-1.000000000e+00,-1.000000
cublas,double,global,global,8192,8192,8,8,2,4,13,2.224200000e-05,2.607710700e-02,5.180218000e-03,2.624603700e-02,2.607754885e-02,2.587283134e-02,2.347833672e-04,41.174952,41.500747,41.500747,1.638080031e-04,7.088000327e-05,1.790766308e-05,row,0,-1.000000000e+00,-1.000000
cublas,double,global,global,8192,8192,8,8,2,4,14,1.993800000e-05,2.607074000e-02,7.344956000e-03,2.629990800e-02,2.610424812e-02,2.583686447e-02,2.338755286e-04,41.132839,41.558519,41.558519,1.590400040e-04,7.228799909e-05,1.815893113e-05,row,0,-1.000000000e+00,-1.000000
cublas,double,global,global,8192,8192,8,8,2,4,15,2.014900000e-05,2.607494400e-02,5.171749000e-03,2.625174200e-02,2.607861559e-02,2.590748787e-02,2.313530916e-04,41.173268,41.445231,41.445231,1.517439932e-04,6.518399715e-05,1.844990881e-05,row,0,-1.000000000e+00,-1.000000
cublas,double,global,global,8192,8192,8,8,2,4,16,2.048600000e-05,2.606641600e-02,5.173038000e-03,2.624881300e-02,2.605920528e-02,2.588768005e-02,2.305691880e-04,41.203936,41.476943,41.476943,1.535039991e-04,6.319999695e-05,1.955742793e-05,row,0,-1.000000000e+00,-1.000000
cublas,double,global,global,8192,8192,8,8,2,4,17,2.062100000e-05,2.608138700e-02,5.183291000e-03,2.628196300e-02,2.609718582e-02,2.585619164e-02,2.314783374e-04,41.143970,41.527455,41.527455,1.514559984e-04,7.379200310e-05,1.498517649e-05,row,0,-1.000000000e+00,-1.000000
cublas,double,global,global,8192,8192,8,8,2,4,18,2.331500000e-05,2.609634600e-02,7.324178000e-03,2.628353600e-02,2.608209585e-02,2.587903976e-02,2.530170731e-04,41.167774,41.490791,41.490791,1.637119949e-04,6.812799722e-05,3.055307045e-05,row,0,-1.000000000e+00,-1.000000
cublas,double,global,global,8192,8192,8,8,2,4,19,2.609400000e-05,2.614926600e-02,5.193613000e-03,2.635008200e-02,2.617084337e-02,2.593286324e-02,2.352785924e-04,41.028171,41.404677,41.404677,1.482560039e-04,7.376000285e-05,1.918689175e-05,row,0,-1.000000000e+00,-1.000000
cublas,double,global,global,8192,8192,8,8,2,4,20,2.558700000e-05,2.608309900e-02,5.189606000e-03,2.628773000e-02,2.611928989e-02,2.587171173e-02,3.287489443e-04,41.109151,41.502543,41.502543,1.542399973e-04,1.538240016e-04,2.068494552e-05,row,0,-1.000000000e+00,-1.000000
cublas,double,global,global,8192,8192,20,8,2,4,1,8.018000000e-05,2.628049400e-02,5.462899000e-03,2.665776900e-02,2.617276429e-02,2.580979156e-02,5.551161450e-04,102.562898,104.005279,104.005279,3.237760067e-04,2.229759991e-04,7.521213413e-05,row,0,-1.000000000e+00,-1.000000
cublas,double,global,global,8192,8192,20,8,2,4,2,7.723300000e-05,2.617437500e-02,7.325263000e-03,2.668205400e-02,2.614742280e-02,2.563974380e-02,5.346311951e-04,102.662300,104.695062,104.695062,3.306559920e-04,2.260159999e-04,2.320477758e-05,row,0,-1.000000000e+00,-1.000000
cublas,double,global,global,8192,8192,20,8,2,4,3,6.590800000e-05,2.628774900e-02,7.310334000e-03,2.674157000e-02,2.636441213e-02,2.591059113e-02,5.505971770e-04,101.817349,103.600668,103.600668,3.481920063e-04,2.188480049e-04,1.635851835e-05,row,0,-1.000000000e+00,-1.000000
cublas,double,global,global,8192,8192,20,8,2,4,4,6.956600000e-05,2.629433300e-02,7.337993000e-03,2.678812000e-02,2.633932094e-02,2.580969620e-02,5.382016899e-04,101.914342,104.005663,104.005663,3.476479948e-04,2.183039933e-04,2.011519528e-05,row,0,-1.000000000e+00,-1.000000
cublas,double,global,global,8192,8192,20,8,2,4,5,8.453800000e-05,2.640771600e-02,5.250171000e-03,2.676230500e-02,2.634638590e-02,2.593923187e-02,5.543086306e-04,101.887013,103.486278,103.486278,3.528960049e-04,1.954240054e-04,1.905871530e-05,row,0,-1.000000000e+00,-1.000000
cublas,double,global,global,8192,8192,20,8,2,4,6,6.437400000e-05,2.619106900e-02,7.313025000e-03,2.665793400e-02,2.610684922e-02,2.563289642e-02,5.581725767e-04,102.821851,104.723029,104.723029,3.581439853e-04,1.950079948e-04,1.561259531e-05,row,0,-1.000000000e+00,-1.000000
cublas,double,global,global,8192,8192,20,8,2,4,7,6.751800000e-05,2.631243200e-02,6.277942000e-03,2.666103100e-02,2.612770651e-02,2.594092751e-02,5.560035176e-04,102.739770,103.479514,103.479514,3.583680093e-04,1.888319999e-04,1.651551492e-05,row,0,-1.000000000e+00,-1.000000
cublas,double,global,global,8192,8192,20,8,2,4,8,8.736100000e-05,2.628415300e-02,7.342150000e-03,2.677416400e-02,2.637484338e-02,2.588483238e-02,5.365958696e-04,101.777081,103.703764,103.703764,3.406719863e-04,2.067839950e-04,2.177604649e-05,row,0,-1.000000000e+00,-1.000000
cublas,double,global,global,8192,8192,20,8,2,4,9,6.245500000e-05,2.631092800e-02,5.253880000e-03,2.664285200e-02,2.618089879e-02,2.580681610e-02,5.612706085e-04,102.531032,104.017270,104.017270,3.636479974e-04,1.871359944e-04,1.867131750e-05,row,0,-1.000000000e+00,-1.000000
cublas,double,global,global,8192,8192,20,8,2,4,10,6.325500000e-05,2.620052300e-02,1.087009500e-02,2.665519000e-02,2.622660342e-02,2.577193642e-02,5.449481384e-04,102.352353,104.158047,104.158047,3.560639918e-04,1.848639995e-04,1.771768161e-05,row,0,-1.000000000e+00,-1.000000
cublas,double,global,global,8192,8192,20,8,2,4,11,8.218400000e-05,2.629101500e-02,5.260231000e-03,2.662368900e-02,2.619766795e-02,2.580454445e-02,5.199646378e-04,102.465401,104.026427,104.026427,3.256640136e-04,1.855680048e-04,1.945261902e-05,row,0,-1.000000000e+00,-1.000000
cublas,double,global,global,8192,8192,20,8,2,4,12,6.318300000e-05,2.618951100e-02,1.324863700e-02,2.669934900e-02,2.626643765e-02,2.572863960e-02,5.586585886e-04,102.197131,104.333327,104.333327,3.714559972e-04,1.905280054e-04,1.886649745e-05,row,0,-1.000000000e+00,-1.000000
cublas,double,global,global,8192,8192,20,8,2,4,13,8.485700000e-05,2.639167400e-02,5.257050000e-03,2.675634700e-02,2.634954044e-02,2.592137527e-02,5.436311710e-04,101.874815,103.557567,103.557567,3.522239923e-04,1.977279931e-04,2.290255134e-05,row,0,-1.000000000e+00,-1.000000
cublas,double,global,global,8192,8192,20,8,2,4,14,6.523100000e-05,2.639072100e-02,7.551824000e-03,2.690529800e-02,2.646847137e-02,2.586588860e-02,5.613189115e-04,101.417060,103.779716,103.779716,3.568960130e-04,1.960639954e-04,1.764967149e-05,row,0,-1.000000000e+00,-1.000000
cublas,double,global,global,8192,8192,20,8,2,4,15,7.706100000e-05,2.617248700e-02,1.548856600e-02,2.663992600e-02,2.621099025e-02,2.574355125e-02,5.417422195e-04,102.413321,104.272893,104.272893,3.306879997e-04,1.901440024e-04,2.091021732e-05,row,0,-1.000000000e+00,-1.000000
cublas,double,global,global,8192,8192,20,8,2,4,16,6.556400000e-05,2.628627700e-02,5.268867000e-03,2.663590000e-02,2.618700663e-02,2.579824066e-02,5.487942170e-04,102.507117,104.051846,104.051846,3.466880023e-04,1.896640062e-04,1.823727116e-05,row,0,-1.000000000e+00,-1.000000
cublas,double,global,global,8192,8192,20,8,2,4,17,6.629300000e-05,2.629258900e-02,5.255314000e-03,2.664061600e-02,2.610744459e-02,2.593087959e-02,5.545711650e-04,102.819506,103.519611,103.519611,3.543359935e-04,1.854719967e-04,1.783516844e-05,row,0,-1.000000000e+00,-1.000000
cublas,double,global,global,8192,8192,20,8,2,4,18,7.307600000e-05,2.629247600e-02,5.255993000e-03,2.664240600e-02,2.619748271e-02,2.579727936e-02,5.505203672e-04,102.466126,104.055723,104.055723,3.443840146e-04,1.875839978e-04,2.712626728e-05,row,0,-1.000000000e+00,-1.000000
cublas,double,global,global,8192,8192,20,8,2,4,19,7.320500000e-05,2.618098500e-02,7.328510000e-03,2.665493800e-02,2.613872249e-02,2.565075111e-02,5.302338861e-04,102.696471,104.650135,104.650135,3.307519853e-04,1.876479983e-04,2.069046884e-05,row,0,-1.000000000e+00,-1.000000
cublas,double,global,global,8192,8192,20,8,2,4,20,6.479600000e-05,2.628687500e-02,7.337740000e-03,2.682842300e-02,2.640720977e-02,2.582643127e-02,6.888427480e-04,101.652336,103.938269,103.938269,3.389759958e-04,3.255679905e-04,2.429876173e-05,row,0,-1.000000000e+00,-1.000000
cublas,double,global,global,8192,8192,32,8,2,4,1,1.329894000e-03,2.647314000e-02,5.205523000e-03,2.767790900e-02,2.707939745e-02,2.571657562e-02,8.202501340e-04,158.606457,167.011633,167.011633,4.281280041e-04,5.656960011e-04,5.887966605e-05,row,0,-1.000000000e+00,-1.000000
cublas,double,global,global,8192,8192,32,8,2,4,2,2.393140000e-04,2.647122900e-02,5.513740000e-03,2.712741900e-02,2.645974583e-02,2.560476875e-02,8.664602469e-04,162.320807,167.740913,167.740913,4.947519898e-04,3.571839929e-04,3.013714620e-05,row,0,-1.000000000e+00,-1.000000
cublas,double,global,global,8192,8192,32,8,2,4,3,1.751800000e-04,2.650464600e-02,5.602463000e-03,2.714012900e-02,2.643896613e-02,2.590768051e-02,8.456669360e-04,162.448383,165.779692,165.779692,4.704639912e-04,3.102400005e-04,6.630693972e-05,row,0,-1.000000000e+00,-1.000000
cublas,double,global,global,8192,8192,32,8,2,4,4,1.958500000e-04,2.672457900e-02,5.604949000e-03,2.838330700e-02,2.754382146e-02,2.591014481e-02,8.394855381e-04,155.932150,165.763925,165.763925,4.847359955e-04,3.367680013e-04,3.468553432e-05,row,0,-1.000000000e+00,-1.000000
cublas,double,global,global,8192,8192,32,8,2,4,5,2.134590000e-04,2.652468300e-02,6.057667000e-03,2.755667700e-02,2.688043806e-02,2.585302353e-02,8.190489175e-04,159.780406,166.130174,166.130174,4.910080135e-04,3.266240060e-04,2.868695891e-05,row,0,-1.000000000e+00,-1.000000
cublas,double,global,global,8192,8192,32,8,2,4,6,1.278110000e-04,2.663968400e-02,5.245452000e-03,2.724873400e-02,2.636149244e-02,2.592416000e-02,8.872415609e-04,162.925802,165.674309,165.674309,5.702080131e-04,3.189440072e-04,2.436153958e-05,row,0,-1.000000000e+00,-1.000000
cublas,double,global,global,8192,8192,32,8,2,4,7,2.279450000e-04,2.663215300e-02,5.598153000e-03,2.722709200e-02,2.664957877e-02,2.578380775e-02,9.046320513e-04,161.164547,166.576145,166.576145,5.652160048e-04,3.264960051e-04,2.922967425e-05,row,0,-1.000000000e+00,-1.000000
cublas,double,global,global,8192,8192,32,8,2,4,8,2.245610000e-04,2.644297400e-02,1.247027200e-02,2.764528000e-02,2.702078863e-02,2.556355286e-02,8.794211436e-04,158.950479,168.011361,168.011361,5.437440276e-04,3.326080143e-04,3.723269234e-05,row,0,-1.000000000e+00,-1.000000
cublas,double,global,global,8192,8192,32,8,2,4,9,2.209560000e-04,2.643908600e-02,6.672151000e-03,2.744751700e-02,2.684532040e-02,2.585814476e-02,7.961085739e-04,159.989422,166.097272,166.097272,4.726719856e-04,3.216960132e-04,5.036595588e-05,row,0,-1.000000000e+00,-1.000000
cublas,double,global,global,8192,8192,32,8,2,4,10,1.325930000e-04,2.655617200e-02,5.601523000e-03,2.715767200e-02,2.631777700e-02,2.593481636e-02,8.805507734e-04,163.196432,165.606235,165.606235,5.626879930e-04,3.208320141e-04,2.403879314e-05,row,0,-1.000000000e+00,-1.000000
cublas,double,global,global,8192,8192,32,8,2,4,11,2.089890000e-04,2.652928200e-02,5.239853000e-03,2.777422300e-02,2.707325835e-02,2.593231964e-02,8.100717659e-04,158.642423,165.622179,165.622179,4.896959960e-04,3.178560138e-04,3.986085030e-05,row,0,-1.000000000e+00,-1.000000
cublas,double,global,global,8192,8192,32,8,2,4,12,1.569372000e-03,2.652167700e-02,7.009038000e-03,2.924829100e-02,2.839938164e-02,2.567276764e-02,8.489093608e-04,151.234536,167.296622,167.296622,5.137919784e-04,3.131200075e-04,2.983310343e-05,row,0,-1.000000000e+00,-1.000000
cublas,double,global,global,8192,8192,32,8,2,4,13,1.321150000e-04,2.655354500e-02,6.039687000e-03,2.756807200e-02,2.684835457e-02,2.562751961e-02,9.260253925e-04,159.971341,167.592001,167.592001,6.007040143e-04,3.219839931e-04,2.182944206e-05,row,0,-1.000000000e+00,-1.000000
cublas,double,global,global,8192,8192,32,8,2,4,14,1.469430000e-04,2.656093900e-02,5.258053000e-03,2.782193100e-02,2.708478609e-02,2.599216080e-02,9.268431158e-04,158.574902,165.240871,165.240871,5.809919834e-04,3.328959942e-04,2.386491940e-05,row,0,-1.000000000e+00,-1.000000
cublas,double,global,global,8192,8192,32,8,2,4,15,2.198630000e-04,2.653384200e-02,5.589406000e-03,2.713767000e-02,2.647115587e-02,2.565011215e-02,8.837298479e-04,162.250841,167.444387,167.444387,5.546560287e-04,3.233279884e-04,2.766611876e-05,row,0,-1.000000000e+00,-1.000000
cublas,double,global,global,8192,8192,32,8,2,4,16,2.107970000e-04,2.651855500e-02,5.196602000e-03,2.773960300e-02,2.694425298e-02,2.570067215e-02,8.178828503e-04,159.401981,167.114979,167.114979,4.891200066e-04,3.157120049e-04,2.821752821e-05,row,0,-1.000000000e+00,-1.000000
cublas,double,global,global,8192,8192,32,8,2,4,17,2.289620000e-04,2.652960700e-02,5.590250000e-03,2.713072200e-02,2.642775022e-02,2.594646454e-02,7.843577806e-04,162.517326,165.531889,165.531889,4.600960016e-04,3.144960105e-04,2.895577643e-05,row,0,-1.000000000e+00,-1.000000
cublas,double,global,global,8192,8192,32,8,2,4,18,2.181380000e-04,2.642289900e-02,1.245931000e-02,2.764125300e-02,2.697635473e-02,2.584480095e-02,8.267046793e-04,159.212293,166.183029,166.183029,5.011199713e-04,3.152000010e-04,3.225826440e-05,row,0,-1.000000000e+00,-1.000000
cublas,double,global,global,8192,8192,32,8,2,4,19,2.149990000e-04,2.639088500e-02,5.483150000e-03,2.702644000e-02,2.641336646e-02,2.560272026e-02,7.881647394e-04,162.605827,167.754334,167.754334,4.677119851e-04,3.212800026e-04,3.074659065e-05,row,0,-1.000000000e+00,-1.000000
cublas,double,global,global,8192,8192,32,8,2,4,20,1.672370000e-04,2.665316700e-02,5.381400000e-03,2.728116100e-02,2.644324404e-02,2.589510345e-02,8.786343323e-04,162.422103,165.860210,165.860210,5.245440006e-04,5.290240049e-04,2.791324236e-05,row,0,-1.000000000e+00,-1.000000
cublas,double,global,global,8192,8192,3,8,4,2,1,6.082500000e-05,3.040185200e-02,1.116794600e-02,3.045995900e-02,3.037564240e-02,3.031753540e-02,1.702491825e-04,13.255792,13.281198,13.281198,8.636800200e-05,6.659200042e-05,4.905721281e-05,row,0,-1.000000000e+00,-1.000000
cublas,double,global,global,8192,8192,3,8,4,2,2,5.647500000e-05,3.050815200e-02,1.123793700e-02,3.059580600e-02,3.052318672e-02,3.037219238e-02,1.647852085e-04,13.191715,13.257297,13.257297,7.676800340e-05,6.764800102e-05,5.736120449e-05,row,0,-1.000000000e+00,-1.000000
cublas,double,global,global,8192,8192,3,8,4,2,3,6.051500000e-05,3.046782000e-02,9.641488000e-03,3.053944800e-02,3.041072630e-02,3.030502319e-02,1.652063763e-04,13.240499,13.286681,13.286681,8.774399757e-05,6.742399931e-05,6.215680400e-05,row,0,-1.000000000e+00,-1.000000
cublas,double,global,global,8192,8192,3,8,4,2,4,6.580200000e-05,3.044282200e-02,3.197238000e-03,3.052156900e-02,3.042201852e-02,3.034476852e-02,1.428647998e-04,13.235584,13.269278,13.269278,1.017279997e-04,2.995200083e-05,1.738659717e-05,row,0,-1.000000000e+00,-1.000000
cublas,double,global,global,8192,8192,3,8,4,2,5,3.619200000e-05,3.048134700e-02,3.207331000e-03,3.052723100e-02,3.043548552e-02,3.038153648e-02,1.473121472e-04,13.229728,13.253220,13.253220,1.140159965e-04,2.960000001e-05,2.054681325e-05,row,0,-1.000000000e+00,-1.000000
cublas,double,global,global,8192,8192,3,8,4,2,6,4.302500000e-05,3.046740100e-02,9.563759000e-03,3.052239800e-02,3.041935782e-02,3.031779289e-02,1.496081075e-04,13.236742,13.281085,13.281085,1.189439967e-04,2.931199968e-05,1.296552198e-05,row,0,-1.000000000e+00,-1.000000
cublas,double,global,global,8192,8192,3,8,4,2,7,4.385800000e-05,3.048902300e-02,1.116272700e-02,3.054266700e-02,3.046617719e-02,3.035631943e-02,1.582576313e-04,13.216400,13.264229,13.264229,1.190719977e-04,2.966400050e-05,1.464074608e-05,row,0,-1.000000000e+00,-1.000000
cublas,double,global,global,8192,8192,3,8,4,2,8,4.417100000e-05,3.047972000e-02,1.116190000e-02,3.053897000e-02,3.043934644e-02,3.038009644e-02,1.478097610e-04,13.228050,13.253848,13.253848,1.146240011e-04,2.684799954e-05,5.215187608e-05,row,0,-1.000000000e+00,-1.000000
cublas,double,global,global,8192,8192,3,8,4,2,9,3.734300000e-05,3.049203500e-02,9.561247000e-03,3.053852200e-02,3.045730319e-02,3.041081619e-02,1.643881855e-04,13.220251,13.240460,13.240460,1.275839955e-04,3.078399971e-05,1.868499717e-05,row,0,-1.000000000e+00,-1.000000
cublas,double,global,global,8192,8192,3,8,4,2,10,5.099600000e-05,3.047678900e-02,1.115239500e-02,3.052428200e-02,3.043811609e-02,3.039062309e-02,1.582296597e-04,13.228584,13.249257,13.249257,1.181119978e-04,2.870400064e-05,1.619398800e-05,row,0,-1.000000000e+00,-1.000000
cublas,double,global,global,8192,8192,3,8,4,2,11,4.214200000e-05,3.046258300e-02,9.571119000e-03,3.051554700e-02,3.041257933e-02,3.035961533e-02,1.437403746e-04,13.239692,13.262789,13.262789,1.072639972e-04,2.432000078e-05,1.533542778e-05,row,0,-1.000000000e+00,-1.000000
cublas,double,global,global,8192,8192,3,8,4,2,12,3.738500000e-05,3.047813400e-02,9.567298000e-03,3.052849100e-02,3.041189303e-02,3.036153603e-02,1.646700802e-04,13.239991,13.261950,13.261950,1.244800016e-04,2.636799961e-05,1.951807949e-05,row,0,-1.000000000e+00,-1.000000
cublas,double,global,global,8192,8192,3,8,4,2,13,4.157700000e-05,3.048696700e-02,1.115379600e-02,3.053813000e-02,3.041746740e-02,3.036630440e-02,1.724476395e-04,13.237564,13.259868,13.259868,1.284800023e-04,3.113600053e-05,1.551963669e-05,row,0,-1.000000000e+00,-1.000000
cublas,double,global,global,8192,8192,3,8,4,2,14,3.905900000e-05,3.047346700e-02,1.114856300e-02,3.052592000e-02,3.044444189e-02,3.035168076e-02,1.598504415e-04,13.225836,13.266257,13.266257,1.140479967e-04,3.145600110e-05,9.265044206e-05,row,0,-1.000000000e+00,-1.000000
cublas,double,global,global,8192,8192,3,8,4,2,15,4.005200000e-05,3.048491300e-02,9.569504000e-03,3.053322200e-02,3.041413275e-02,3.036582375e-02,1.489140989e-04,13.239016,13.260078,13.260078,1.198719963e-04,2.931199968e-05,1.387559180e-05,row,0,-1.000000000e+00,-1.000000
cublas,double,global,global,8192,8192,3,8,4,2,16,4.061000000e-05,3.048807700e-02,1.115391800e-02,3.054005400e-02,3.043434509e-02,3.038236809e-02,1.587933356e-04,13.230223,13.252857,13.252857,1.229439974e-04,2.585599944e-05,1.696137710e-05,row,0,-1.000000000e+00,-1.000000
cublas,double,global,global,8192,8192,3,8,4,2,17,3.949300000e-05,3.047915100e-02,1.115499200e-02,3.052960100e-02,3.045306481e-02,3.037257576e-02,1.617467173e-04,13.222091,13.257130,13.257130,1.216640025e-04,3.235200047e-05,1.779830898e-05,row,0,-1.000000000e+00,-1.000000
cublas,double,global,global,8192,8192,3,8,4,2,18,4.032100000e-05,3.047737900e-02,1.115036000e-02,3.052833000e-02,3.042823028e-02,3.037727928e-02,1.661226342e-04,13.232882,13.255077,13.255077,1.184320003e-04,3.248000145e-05,1.521063243e-05,row,0,-1.000000000e+00,-1.000000
cublas,double,global,global,8192,8192,3,8,4,2,19,4.038300000e-05,3.047865900e-02,9.546662000e-03,3.053282500e-02,3.042848696e-02,3.034988785e-02,1.639005919e-04,13.232770,13.267040,13.267040,1.226880029e-04,4.032000154e-05,1.887576068e-05,row,0,-1.000000000e+00,-1.000000
cublas,double,global,global,8192,8192,3,8,4,2,20,4.357500000e-05,3.047723600e-02,1.120058900e-02,3.063181100e-02,3.050913585e-02,3.035456085e-02,1.498544520e-04,13.197791,13.264998,13.264998,1.045439988e-04,3.107200004e-05,5.152365895e-05,row,0,-1.000000000e+00,-1.000000
cublas,double,global,global,8192,8192,6,8,4,2,1,7.157900000e-05,3.052384200e-02,1.117349300e-02,3.062575400e-02,3.050098933e-02,3.028656006e-02,2.688074302e-04,26.402631,26.589562,26.589562,2.101439983e-04,1.008320004e-04,2.004542928e-05,row,0,-1.000000000e+00,-1.000000
cublas,double,global,global,8192,8192,6,8,4,2,2,8.070400000e-05,3.050753900e-02,1.109062200e-02,3.061729000e-02,3.043349482e-02,3.032374382e-02,2.741273552e-04,26.461186,26.556957,26.556957,2.002239972e-04,1.054719985e-04,1.943935306e-05,row,0,-1.000000000e+00,-1.000000
cublas,double,global,global,8192,8192,6,8,4,2,3,7.533400000e-05,3.053064700e-02,9.574934000e-03,3.061057600e-02,3.046493501e-02,3.030438423e-02,2.441508881e-04,26.433878,26.573923,26.573923,2.018879950e-04,4.016000032e-05,1.637103137e-05,row,0,-1.000000000e+00,-1.000000
cublas,double,global,global,8192,8192,6,8,4,2,4,7.893000000e-05,3.051294700e-02,1.118109700e-02,3.062075500e-02,3.050209659e-02,3.029916763e-02,2.493817428e-04,26.401673,26.578498,26.578498,2.008319944e-04,4.089599848e-05,1.413508792e-05,row,0,-1.000000000e+00,-1.000000
cublas,double,global,global,8192,8192,6,8,4,2,5,7.017200000e-05,3.053013400e-02,9.564819000e-03,3.062651200e-02,3.043268613e-02,3.035206413e-02,2.689733611e-04,26.461889,26.532178,26.532178,2.196480036e-04,4.121600091e-05,1.818935698e-05,row,0,-1.000000000e+00,-1.000000
cublas,double,global,global,8192,8192,6,8,4,2,6,6.828400000e-05,3.051554900e-02,1.116218100e-02,3.061085900e-02,3.045159891e-02,3.035628891e-02,2.667324337e-04,26.445454,26.528485,26.528485,2.168959975e-04,3.609599918e-05,1.959156718e-05,row,0,-1.000000000e+00,-1.000000
cublas,double,global,global,8192,8192,6,8,4,2,7,7.536800000e-05,3.050738300e-02,1.116268000e-02,3.061183300e-02,3.048483169e-02,3.026342392e-02,2.439590803e-04,26.416625,26.609890,26.609890,1.993280053e-04,3.795199841e-05,1.336509007e-05,row,0,-1.000000000e+00,-1.000000
cublas,double,global,global,8192,8192,6,8,4,2,8,6.934500000e-05,3.051894000e-02,1.116402000e-02,3.060466800e-02,3.047773130e-02,3.029455948e-02,2.572467817e-04,26.422779,26.582541,26.582541,2.156479955e-04,4.182400182e-05,1.395932053e-05,row,0,-1.000000000e+00,-1.000000
cublas,double,global,global,8192,8192,6,8,4,2,9,7.150700000e-05,3.051469400e-02,1.117251400e-02,3.061251700e-02,3.049091583e-02,3.030425644e-02,2.579721404e-04,26.411354,26.574035,26.574035,2.085119933e-04,4.886399955e-05,1.381214760e-05,row,0,-1.000000000e+00,-1.000000
cublas,double,global,global,8192,8192,6,8,4,2,10,7.258500000e-05,3.051511100e-02,1.117262700e-02,3.060898500e-02,3.048678059e-02,3.030262375e-02,2.441799462e-04,26.414936,26.575467,26.575467,2.019519955e-04,3.705599904e-05,1.464395112e-05,row,0,-1.000000000e+00,-1.000000
cublas,double,global,global,8192,8192,6,8,4,2,11,7.389200000e-05,3.050165400e-02,1.116124700e-02,3.061505500e-02,3.047759364e-02,3.032537651e-02,2.433074485e-04,26.422899,26.555527,26.555527,1.958079934e-04,3.881600127e-05,1.465301296e-05,row,0,-1.000000000e+00,-1.000000
cublas,double,global,global,8192,8192,6,8,4,2,12,6.154100000e-05,3.051979900e-02,1.116852500e-02,3.060203500e-02,3.044576576e-02,3.025868797e-02,2.611110270e-04,26.450521,26.614054,26.614054,2.170560062e-04,3.417599946e-05,1.413682740e-05,row,0,-1.000000000e+00,-1.000000
cublas,double,global,global,8192,8192,6,8,4,2,13,1.038090000e-04,3.048464200e-02,3.213940000e-03,3.061566100e-02,3.047262136e-02,3.032921600e-02,2.312630204e-04,26.427210,26.552166,26.552166,1.913280040e-04,3.785600141e-05,1.411970869e-05,row,0,-1.000000000e+00,-1.000000
cublas,double,global,global,8192,8192,6,8,4,2,14,6.910900000e-05,3.051148400e-02,3.210290000e-03,3.060851400e-02,3.038582760e-02,3.025478363e-02,2.567003696e-04,26.502697,26.617489,26.617489,2.121600062e-04,3.747199848e-05,1.639992662e-05,row,0,-1.000000000e+00,-1.000000
cublas,double,global,global,8192,8192,6,8,4,2,15,6.510200000e-05,3.052401100e-02,3.213055000e-03,3.061041000e-02,3.043717266e-02,3.033155251e-02,2.541242896e-04,26.457989,26.550120,26.550120,2.093760073e-04,3.376000002e-05,1.702912805e-05,row,0,-1.000000000e+00,-1.000000
cublas,double,global,global,8192,8192,6,8,4,2,16,6.808700000e-05,3.051267900e-02,9.565986000e-03,3.060403100e-02,3.038036587e-02,3.025500870e-02,2.576703025e-04,26.507461,26.617291,26.617291,2.153279930e-04,3.807999939e-05,1.543030942e-05,row,0,-1.000000000e+00,-1.000000
cublas,double,global,global,8192,8192,6,8,4,2,17,7.835400000e-05,3.049986400e-02,1.116460200e-02,3.060863000e-02,3.047953383e-02,3.029891205e-02,1.088127803e-03,26.421217,26.578722,26.578722,1.955199987e-04,9.227200150e-04,2.074803847e-05,row,0,-1.000000000e+00,-1.000000
cublas,double,global,global,8192,8192,6,8,4,2,18,7.687700000e-05,3.054175200e-02,1.120078000e-02,3.065750400e-02,3.053158982e-02,3.039475250e-02,2.616621825e-04,26.376169,26.494914,26.494914,2.136960030e-04,4.262400046e-05,1.965096332e-05,row,0,-1.000000000e+00,-1.000000
cublas,double,global,global,8192,8192,6,8,4,2,19,1.023520000e-04,3.051849200e-02,3.229623000e-03,3.061326200e-02,3.047806294e-02,3.039068794e-02,2.177737769e-04,26.422492,26.498458,26.498458,1.554879993e-04,4.076800123e-05,2.151777631e-05,row,0,-1.000000000e+00,-1.000000
cublas,double,global,global,8192,8192,6,8,4,2,20,9.917800000e-05,3.051012800e-02,3.217896000e-03,3.064166700e-02,3.046916140e-02,3.036630440e-02,2.235118262e-04,26.430211,26.519736,26.519736,1.738560051e-04,3.836800158e-05,1.739160455e-05,row,0,-1.000000000e+00,-1.000000
cublas,double,global,global,8192,8192,8,8,4,2,1,7.994900000e-05,3.041467900e-02,1.111376400e-02,3.051936800e-02,3.035073697e-02,3.024604797e-02,3.408291377e-04,35.377784,35.500235,35.500235,2.077440023e-04,1.172479987e-04,6.506418682e-05,row,0,-1.000000000e+00,-1.000000
cublas,double,global,global,8192,8192,8,8,4,2,2,1.011010000e-04,3.054463600e-02,9.565165000e-03,3.066270700e-02,3.045064130e-02,3.033347130e-02,3.146130841e-04,35.261715,35.397921,35.397921,2.352319956e-04,5.020799860e-05,4.174908510e-05,row,0,-1.000000000e+00,-1.000000
cublas,double,global,global,8192,8192,8,8,4,2,3,8.855300000e-05,3.065855600e-02,1.130313200e-02,3.081810000e-02,3.064257794e-02,3.031849670e-02,3.582123845e-04,35.040845,35.415404,35.415404,2.978880107e-04,1.062719971e-04,1.935529769e-05,row,0,-1.000000000e+00,-1.000000
cublas,double,global,global,8192,8192,8,8,4,2,4,9.987100000e-05,3.057299900e-02,1.118779700e-02,3.070987800e-02,3.056041781e-02,3.026223946e-02,3.107595438e-04,35.135051,35.481241,35.481241,2.591359913e-04,4.924799874e-05,1.441609400e-05,row,0,-1.000000000e+00,-1.000000
cublas,double,global,global,8192,8192,8,8,4,2,5,9.083500000e-05,3.059628900e-02,9.594020000e-03,3.071919200e-02,3.053173555e-02,3.040883255e-02,3.300850667e-04,35.168057,35.310196,35.310196,2.728640139e-04,4.844800010e-05,1.643952398e-05,row,0,-1.000000000e+00,-1.000000
cublas,double,global,global,8192,8192,8,8,4,2,6,9.394200000e-05,3.057625700e-02,1.117138200e-02,3.069435700e-02,3.053632270e-02,3.030086327e-02,3.219649266e-04,35.162774,35.436014,35.436014,2.664960027e-04,4.467200115e-05,1.892492509e-05,row,0,-1.000000000e+00,-1.000000
cublas,double,global,global,8192,8192,8,8,4,2,7,8.693900000e-05,3.055075300e-02,1.117269000e-02,3.067541100e-02,3.052563125e-02,3.027680016e-02,3.228405736e-04,35.175090,35.464178,35.464178,2.516160011e-04,5.452800170e-05,1.786751902e-05,row,0,-1.000000000e+00,-1.000000
cublas,double,global,global,8192,8192,8,8,4,2,8,8.180100000e-05,3.070812600e-02,3.219033000e-03,3.081251900e-02,3.051482559e-02,3.036966324e-02,3.384627615e-04,35.187546,35.355737,35.355737,2.857599854e-04,4.598399997e-05,1.557581387e-05,row,0,-1.000000000e+00,-1.000000
cublas,double,global,global,8192,8192,8,8,4,2,9,8.763800000e-05,3.045228100e-02,1.117292400e-02,3.057582700e-02,3.042441074e-02,3.018563271e-02,3.329057521e-04,35.292116,35.571288,35.571288,2.693119943e-04,5.030399933e-05,1.973629920e-05,row,0,-1.000000000e+00,-1.000000
cublas,double,global,global,8192,8192,8,8,4,2,10,9.728400000e-05,3.053535000e-02,1.117676900e-02,3.066673000e-02,3.051026106e-02,3.027248001e-02,3.226516259e-04,35.192810,35.469239,35.469239,2.626560032e-04,4.956800118e-05,1.490091106e-05,row,0,-1.000000000e+00,-1.000000
cublas,double,global,global,8192,8192,8,8,4,2,11,9.847600000e-05,3.049714300e-02,1.115863800e-02,3.062049000e-02,3.047246261e-02,3.032163239e-02,2.869329434e-04,35.236464,35.411742,35.411742,2.345599979e-04,5.043200031e-05,1.492882098e-05,row,0,-1.000000000e+00,-1.000000
cublas,double,global,global,8192,8192,8,8,4,2,12,9.282600000e-05,3.064363900e-02,3.224148000e-03,3.076650000e-02,3.052735635e-02,3.037558365e-02,3.161416644e-04,35.173102,35.348846,35.348846,2.670400143e-04,4.131200165e-05,1.440765100e-05,row,0,-1.000000000e+00,-1.000000
cublas,double,global,global,8192,8192,8,8,4,2,13,9.201900000e-05,3.055047100e-02,9.583308000e-03,3.067487000e-02,3.048081570e-02,3.035641670e-02,3.376675675e-04,35.226807,35.371165,35.371165,2.817600071e-04,4.857600108e-05,1.695446592e-05,row,0,-1.000000000e+00,-1.000000
cublas,double,global,global,8192,8192,8,8,4,2,14,8.408900000e-05,3.053393400e-02,3.214708000e-03,3.063247600e-02,3.047832831e-02,3.038431931e-02,3.113917209e-04,35.229682,35.338683,35.338683,2.619200051e-04,4.940799996e-05,1.338636039e-05,row,0,-1.000000000e+00,-1.000000
cublas,double,global,global,8192,8192,8,8,4,2,15,9.341300000e-05,3.054019700e-02,1.117100400e-02,3.067168000e-02,3.048764221e-02,3.035615921e-02,3.194021233e-04,35.218920,35.371465,35.371465,2.713600099e-04,4.044799879e-05,1.428408617e-05,row,0,-1.000000000e+00,-1.000000
cublas,double,global,global,8192,8192,8,8,4,2,16,9.394000000e-05,3.054816100e-02,1.117209800e-02,3.067068400e-02,3.051396374e-02,3.021727943e-02,3.308815658e-04,35.188540,35.534034,35.534034,2.810240090e-04,4.329600185e-05,1.477839914e-05,row,0,-1.000000000e+00,-1.000000
cublas,double,global,global,8192,8192,8,8,4,2,17,8.790700000e-05,3.054929900e-02,9.579709000e-03,3.065954300e-02,3.049517339e-02,3.021942329e-02,3.298757059e-04,35.210222,35.531513,35.531513,2.846400142e-04,5.158400163e-05,1.503126455e-05,row,0,-1.000000000e+00,-1.000000
cublas,double,global,global,8192,8192,8,8,4,2,18,1.333610000e-04,3.054213300e-02,1.116827800e-02,3.065383700e-02,3.051701308e-02,3.038985634e-02,2.917900953e-04,35.185024,35.332244,35.332244,2.316479981e-04,5.235200003e-05,1.813032530e-05,row,0,-1.000000000e+00,-1.000000
cublas,double,global,global,8192,8192,8,8,4,2,19,1.387140000e-04,3.048025500e-02,9.604289000e-03,3.065370700e-02,3.048517610e-02,3.030169678e-02,2.575695483e-04,35.221769,35.435040,35.435040,1.994879991e-04,4.579199851e-05,2.272154823e-05,row,0,-1.000000000e+00,-1.000000
cublas,double,global,global,8192,8192,8,8,4,2,20,1.221260000e-04,3.053894400e-02,3.226952000e-03,3.071054300e-02,3.043527850e-02,3.026367950e-02,4.778296858e-04,35.279514,35.479553,35.479553,2.232320011e-04,3.061439991e-04,1.333253250e-05,row,0,-1.000000000e+00,-1.000000
cublas,double,global,global,8192,8192,20,8,4,2,1,2.991420000e-04,3.089174700e-02,1.125037300e-02,3.131723600e-02,3.095106783e-02,3.037987137e-02,7.113285760e-04,86.728981,88.359642,88.359642,5.454720259e-04,1.794559956e-04,6.348855301e-05,row,0,-1.000000000e+00,-1.000000
cublas,double,global,global,8192,8192,20,8,4,2,2,2.906470000e-04,3.080121400e-02,1.128996100e-02,3.123825500e-02,3.081193884e-02,3.032185555e-02,7.708836343e-04,87.120599,88.528704,88.528704,6.520640254e-04,1.253120005e-04,3.131767528e-05,row,0,-1.000000000e+00,-1.000000
cublas,double,global,global,8192,8192,20,8,4,2,3,3.314020000e-04,3.075604500e-02,9.631513000e-03,3.113430100e-02,3.049403171e-02,3.004764748e-02,7.083975238e-04,88.028851,89.336597,89.336597,5.946879983e-04,1.021440029e-04,1.697290157e-05,row,0,-1.000000000e+00,-1.000000
cublas,double,global,global,8192,8192,20,8,4,2,4,1.520506000e-03,3.059540500e-02,9.695128000e-03,3.101365200e-02,3.061358026e-02,3.017817688e-02,4.977725327e-04,87.685091,88.950190,88.950190,3.924799860e-04,1.265600026e-04,5.896165580e-05,row,0,-1.000000000e+00,-1.000000
cublas,double,global,global,8192,8192,20,8,4,2,5,2.801420000e-04,3.095181400e-02,1.122406900e-02,3.133437500e-02,3.092540903e-02,3.024214363e-02,7.712251263e-04,86.800940,88.762047,88.762047,6.591680050e-04,1.003839970e-04,1.450058704e-05,row,0,-1.000000000e+00,-1.000000
cublas,double,global,global,8192,8192,20,8,4,2,6,3.001480000e-04,3.084608700e-02,4.892584000e-03,3.120183000e-02,3.071516350e-02,3.040271950e-02,7.167815231e-04,87.395093,88.293238,88.293238,6.114240289e-04,9.478399903e-05,1.745229352e-05,row,0,-1.000000000e+00,-1.000000
cublas,double,global,global,8192,8192,20,8,4,2,7,2.793730000e-04,3.074462700e-02,1.121886600e-02,3.113467300e-02,3.072336535e-02,2.999772835e-02,7.468986522e-04,87.371762,89.485261,89.485261,6.413760185e-04,9.875199944e-05,1.569863519e-05,row,0,-1.000000000e+00,-1.000000
cublas,double,global,global,8192,8192,20,8,4,2,8,3.244670000e-04,3.077000600e-02,9.620338000e-03,3.114340000e-02,3.074160641e-02,3.041744041e-02,7.533417352e-04,87.319918,88.250508,88.250508,6.409919858e-04,9.801600128e-05,1.718174748e-05,row,0,-1.000000000e+00,-1.000000
cublas,double,global,global,8192,8192,20,8,4,2,9,2.756940000e-04,3.075448900e-02,1.122788200e-02,3.113816000e-02,3.073001285e-02,2.999708748e-02,7.574015214e-04,87.352862,89.487173,89.487173,6.558079720e-04,1.014719978e-04,1.473107820e-05,row,0,-1.000000000e+00,-1.000000
cublas,double,global,global,8192,8192,20,8,4,2,10,3.029830000e-04,3.071836300e-02,1.122574900e-02,3.114248900e-02,3.073832256e-02,2.999667168e-02,7.216913234e-04,87.329247,89.488414,89.488414,6.200320125e-04,1.020480022e-04,1.877303029e-05,row,0,-1.000000000e+00,-1.000000
cublas,double,global,global,8192,8192,20,8,4,2,11,3.050310000e-04,3.069173900e-02,1.121274300e-02,3.110310900e-02,3.071878994e-02,3.013612747e-02,6.667803835e-04,87.384775,89.074303,89.074303,5.759999752e-04,9.782399982e-05,1.596351675e-05,row,0,-1.000000000e+00,-1.000000
cublas,double,global,global,8192,8192,20,8,4,2,12,2.999390000e-04,3.090868400e-02,1.122748900e-02,3.132689800e-02,3.092374683e-02,3.018428802e-02,7.243959751e-04,86.805605,88.932181,88.932181,6.223040223e-04,9.359999746e-05,1.758068770e-05,row,0,-1.000000000e+00,-1.000000
cublas,double,global,global,8192,8192,20,8,4,2,13,3.055890000e-04,3.070759300e-02,1.121499200e-02,3.113039200e-02,3.072420881e-02,3.000268745e-02,7.049055458e-04,87.369363,89.470470,89.470470,6.076160073e-04,9.481599927e-05,1.704552752e-05,row,0,-1.000000000e+00,-1.000000
cublas,double,global,global,8192,8192,20,8,4,2,14,3.078700000e-04,3.075086800e-02,9.608629000e-03,3.111370300e-02,3.050121193e-02,3.005526352e-02,6.956044807e-04,88.008128,89.313959,89.313959,5.919679999e-04,9.750399739e-05,1.927187956e-05,row,0,-1.000000000e+00,-1.000000
cublas,double,global,global,8192,8192,20,8,4,2,15,2.790630000e-04,3.076659600e-02,1.121460400e-02,3.115588500e-02,3.072797727e-02,3.001123238e-02,7.553636239e-04,87.358648,89.444996,89.444996,6.578559875e-04,9.843199700e-05,1.710461376e-05,row,0,-1.000000000e+00,-1.000000
cublas,double,global,global,8192,8192,20,8,4,2,16,3.144300000e-04,3.089344300e-02,1.122017900e-02,3.132524600e-02,3.091690644e-02,3.018332863e-02,7.101143715e-04,86.824811,88.935008,88.935008,6.067839861e-04,9.436800331e-05,1.911049092e-05,row,0,-1.000000000e+00,-1.000000
cublas,double,global,global,8192,8192,20,8,4,2,17,3.051690000e-04,3.087793500e-02,1.121656700e-02,3.129205500e-02,3.090454109e-02,3.030463982e-02,6.919920774e-04,86.859551,88.578996,88.578996,5.755199790e-04,1.030080020e-04,2.863210009e-05,row,0,-1.000000000e+00,-1.000000
cublas,double,global,global,8192,8192,20,8,4,2,18,3.101170000e-04,3.089705100e-02,1.122298800e-02,3.131654400e-02,3.092642016e-02,3.032236862e-02,6.828758507e-04,86.798102,88.527206,88.527206,5.900160074e-04,1.750719994e-04,1.631268993e-05,row,0,-1.000000000e+00,-1.000000
cublas,double,global,global,8192,8192,20,8,4,2,19,3.812960000e-04,3.083518600e-02,1.156120900e-02,3.139933800e-02,3.095920619e-02,3.010489655e-02,7.302894546e-04,86.706182,89.166709,89.166709,5.029439926e-04,3.449920118e-04,2.498163456e-05,row,0,-1.000000000e+00,-1.000000
cublas,double,global,global,8192,8192,20,8,4,2,20,5.564520000e-04,3.103430700e-02,9.646305000e-03,3.145907600e-02,3.106246916e-02,3.043120003e-02,6.031069725e-04,86.417939,88.210605,88.210605,4.866560102e-04,1.067520007e-04,2.820422942e-05,row,0,-1.000000000e+00,-1.000000
cublas,double,global,global,8192,8192,32,8,4,2,1,7.294890000e-04,3.105409600e-02,1.133861100e-02,3.149764200e-02,3.088659932e-02,3.039929581e-02,1.779360078e-03,139.056011,141.285092,141.285092,5.830079913e-04,1.408895969e-03,3.719063344e-05,row,0,-1.000000000e+00,-1.000000
cublas,double,global,global,8192,8192,32,8,4,2,2,6.792580000e-04,3.089723600e-02,1.127677700e-02,3.130138900e-02,3.071671477e-02,3.031228828e-02,8.035262380e-04,139.825086,141.690632,141.690632,6.233919859e-04,1.991039962e-04,3.121916092e-05,row,0,-1.000000000e+00,-1.000000
cublas,double,global,global,8192,8192,32,8,4,2,3,7.072500000e-04,3.092491500e-02,1.128784700e-02,3.132286600e-02,3.074532880e-02,3.033187294e-02,7.881024075e-04,139.694954,141.599146,141.599146,6.048960090e-04,1.682880074e-04,2.535039605e-05,row,0,-1.000000000e+00,-1.000000
cublas,double,global,global,8192,8192,32,8,4,2,4,7.338500000e-04,3.086389400e-02,1.129545400e-02,3.128870800e-02,3.074161316e-02,3.031679916e-02,7.864618989e-04,139.711839,141.669550,141.669550,6.080960035e-04,1.654720008e-04,2.479420378e-05,row,0,-1.000000000e+00,-1.000000
cublas,double,global,global,8192,8192,32,8,4,2,5,7.327730000e-04,3.466232900e-02,1.505080900e-02,3.512108200e-02,3.452684014e-02,3.032943916e-02,6.138386600e-03,124.395029,141.610508,141.610508,6.020799875e-04,5.504352093e-03,3.195451946e-05,row,0,-1.000000000e+00,-1.000000
cublas,double,global,global,8192,8192,32,8,4,2,6,7.808830000e-04,3.088413300e-02,1.127283700e-02,3.128849500e-02,3.070951489e-02,3.030515289e-02,8.004607910e-04,139.857869,141.723994,141.723994,6.154879928e-04,1.709440053e-04,2.978170357e-05,row,0,-1.000000000e+00,-1.000000
cublas,double,global,global,8192,8192,32,8,4,2,7,6.957250000e-04,3.091381400e-02,1.128559800e-02,3.130999000e-02,3.073953551e-02,3.031724739e-02,7.992415676e-04,139.721282,141.667456,141.667456,6.045759916e-04,1.708800048e-04,2.902589794e-05,row,0,-1.000000000e+00,-1.000000
cublas,double,global,global,8192,8192,32,8,4,2,8,7.280790000e-04,3.093429800e-02,1.128148000e-02,3.134097000e-02,3.073143286e-02,3.032278442e-02,7.980379827e-04,139.758120,141.641587,141.641587,6.101760268e-04,1.661760062e-04,2.792595991e-05,row,0,-1.000000000e+00,-1.000000
cublas,double,global,global,8192,8192,32,8,4,2,9,7.114020000e-04,3.088685500e-02,1.128616500e-02,3.130722100e-02,3.074998986e-02,3.032304001e-02,1.634869297e-03,139.673779,141.640393,141.640393,5.975679755e-04,1.103423953e-03,2.483083012e-05,row,0,-1.000000000e+00,-1.000000
cublas,double,global,global,8192,8192,32,8,4,2,10,7.462780000e-04,3.087843300e-02,1.130312300e-02,3.131488100e-02,3.076624002e-02,3.032979202e-02,7.233290068e-04,139.600006,141.608861,141.608861,5.413119793e-04,1.654080003e-04,2.767469844e-05,row,0,-1.000000000e+00,-1.000000
cublas,double,global,global,8192,8192,32,8,4,2,11,7.428450000e-04,3.084677900e-02,1.128282500e-02,3.126488200e-02,3.072408750e-02,3.030598450e-02,7.256074406e-04,139.791533,141.720105,141.720105,5.511680245e-04,1.617279947e-04,3.154687651e-05,row,0,-1.000000000e+00,-1.000000
cublas,double,global,global,8192,8192,32,8,4,2,12,7.124050000e-04,3.090362700e-02,1.130175800e-02,3.132185600e-02,3.075777764e-02,3.031494331e-02,7.629362820e-04,139.638414,141.678223,141.678223,5.963199735e-04,1.714240015e-04,2.477419303e-05,row,0,-1.000000000e+00,-1.000000
cublas,double,global,global,8192,8192,32,8,4,2,13,6.926640000e-04,3.089648100e-02,1.127726000e-02,3.129008500e-02,3.071344348e-02,3.031983948e-02,8.122111953e-04,139.839979,141.655344,141.655344,6.141120195e-04,1.710399985e-04,2.718717822e-05,row,0,-1.000000000e+00,-1.000000
cublas,double,global,global,8192,8192,32,8,4,2,14,7.345170000e-04,3.095861000e-02,1.130467900e-02,3.136347600e-02,3.078439971e-02,3.032287979e-02,7.612479011e-04,139.517656,141.641141,141.641141,5.792000294e-04,1.674879938e-04,2.730915789e-05,row,0,-1.000000000e+00,-1.000000
cublas,double,global,global,8192,8192,32,8,4,2,15,7.103200000e-04,3.090300600e-02,1.128520300e-02,3.128835500e-02,3.072818459e-02,3.032912064e-02,7.595393546e-04,139.772894,141.611996,141.611996,5.737919807e-04,2.701759934e-04,2.814737337e-05,row,0,-1.000000000e+00,-1.000000
cublas,double,global,global,8192,8192,32,8,4,2,16,8.531490000e-04,3.090554000e-02,1.129165400e-02,3.128666100e-02,3.074079490e-02,3.032556725e-02,5.977386989e-04,139.715557,141.628589,141.628589,4.214079976e-04,1.629440039e-04,2.449068500e-05,row,0,-1.000000000e+00,-1.000000
cublas,double,global,global,8192,8192,32,8,4,2,17,7.299390000e-04,3.049866700e-02,3.375907000e-03,3.152517500e-02,3.079990600e-02,2.973116875e-02,8.092943453e-04,139.447416,144.460089,144.460089,5.841599703e-04,4.690240026e-04,3.058097408e-05,row,0,-1.000000000e+00,-1.000000
cublas,double,global,global,8192,8192,32,8,4,2,18,1.082796000e-03,3.048795700e-02,3.520685000e-03,3.132896600e-02,3.075453019e-02,2.999312019e-02,7.956586240e-04,139.653159,143.198416,143.198416,5.993919969e-04,2.921279967e-04,2.936108656e-05,row,0,-1.000000000e+00,-1.000000
cublas,double,global,global,8192,8192,32,8,4,2,19,8.070220000e-04,3.071569900e-02,1.128833400e-02,3.128157500e-02,3.071929942e-02,2.983587265e-02,8.798263499e-04,139.813322,143.953131,143.953131,7.089279890e-04,2.904320061e-04,2.752604812e-05,row,0,-1.000000000e+00,-1.000000
cublas,double,global,global,8192,8192,32,8,4,2,20,8.874270000e-04,3.019644600e-02,3.387161000e-03,3.127505300e-02,3.076359350e-02,2.961107254e-02,6.960737634e-04,139.612016,145.045989,145.045989,5.176320076e-04,1.647039950e-04,2.476546015e-05,row,0,-1.000000000e+00,-1.000000
cublas,double,global,global,8192,8192,3,8,8,1,1,1.270990000e-04,2.596561800e-02,5.366000000e-06,2.607213500e-02,2.584606854e-02,2.573955154e-02,2.291312638e-04,15.578895,15.643364,15.643364,1.982080042e-04,2.140799910e-05,1.373925910e-05,row,0,-1.000000000e+00,-1.000000
cublas,double,global,global,8192,8192,3,8,8,1,2,1.044130000e-04,2.579467600e-02,1.115400000e-05,2.590785400e-02,2.569218610e-02,2.557900810e-02,2.493328646e-04,15.672204,15.741548,15.741548,2.168319970e-04,5.987200141e-05,1.809158282e-05,row,0,-1.000000000e+00,-1.000000
cublas,double,global,global,8192,8192,3,8,8,1,3,1.159350000e-04,2.586198300e-02,9.544000000e-06,2.598059400e-02,2.580219521e-02,2.568358421e-02,2.278514105e-04,15.605385,15.677453,15.677453,1.922560036e-04,6.207999960e-05,1.566951907e-05,row,0,-1.000000000e+00,-1.000000
cublas,double,global,global,8192,8192,3,8,8,1,4,1.119160000e-04,2.573194100e-02,1.099600000e-05,2.584589600e-02,2.566704223e-02,2.555308723e-02,2.252317393e-04,15.687557,15.757516,15.757516,1.931840032e-04,5.782400072e-05,1.407185512e-05,row,0,-1.000000000e+00,-1.000000
cublas,double,global,global,8192,8192,3,8,8,1,5,1.080850000e-04,2.580755600e-02,3.141000000e-06,2.588996100e-02,2.579699698e-02,2.571459198e-02,2.242747836e-04,15.608529,15.658548,15.658548,1.920000017e-04,2.147199959e-05,1.387478149e-05,row,0,-1.000000000e+00,-1.000000
cublas,double,global,global,8192,8192,3,8,8,1,6,1.004760000e-04,2.565063200e-02,3.293000000e-06,2.574502000e-02,2.563051509e-02,2.553612709e-02,2.379576714e-04,15.709914,15.767982,15.767982,2.058240026e-04,2.191999927e-05,1.522943143e-05,row,0,-1.000000000e+00,-1.000000
cublas,double,global,global,8192,8192,3,8,8,1,7,1.019680000e-04,2.587776600e-02,3.005000000e-06,2.597946800e-02,2.573808506e-02,2.563638306e-02,2.413829434e-04,15.644256,15.706318,15.706318,2.129600048e-04,2.607999928e-05,1.559212196e-05,row,0,-1.000000000e+00,-1.000000
cublas,double,global,global,8192,8192,3,8,8,1,8,1.023110000e-04,2.573073600e-02,3.304000000e-06,2.583583600e-02,2.568279585e-02,2.557769585e-02,2.237240533e-04,15.677934,15.742356,15.742356,1.986880004e-04,2.352000028e-05,1.346504981e-05,row,0,-1.000000000e+00,-1.000000
cublas,double,global,global,8192,8192,3,8,8,1,9,1.031790000e-04,2.577325600e-02,3.209000000e-06,2.586727400e-02,2.574691488e-02,2.565289688e-02,2.251717794e-04,15.638891,15.696207,15.696207,1.979199946e-04,2.649600059e-05,1.665708440e-05,row,0,-1.000000000e+00,-1.000000
cublas,double,global,global,8192,8192,3,8,8,1,10,1.101690000e-04,2.570060100e-02,5.366000000e-06,2.580157500e-02,2.568270198e-02,2.558172798e-02,2.004733379e-04,15.677992,15.739874,15.739874,1.558080018e-04,2.764800005e-05,2.408933592e-05,row,0,-1.000000000e+00,-1.000000
cublas,double,global,global,8192,8192,3,8,8,1,11,1.013170000e-04,2.587546200e-02,3.332000000e-06,2.597334000e-02,2.580559017e-02,2.570771217e-02,2.393819518e-04,15.603332,15.662739,15.662739,2.085759938e-04,2.230400033e-05,1.578269436e-05,row,0,-1.000000000e+00,-1.000000
cublas,double,global,global,8192,8192,3,8,8,1,12,1.200380000e-04,2.574115200e-02,2.901000000e-06,2.586395900e-02,2.563051841e-02,2.550771141e-02,2.334405895e-04,15.709912,15.785547,15.785547,2.031680048e-04,2.070399933e-05,2.308498331e-05,row,0,-1.000000000e+00,-1.000000
cublas,double,global,global,8192,8192,3,8,8,1,13,1.010250000e-04,2.578612300e-02,3.371000000e-06,2.587988500e-02,2.577133044e-02,2.567756844e-02,2.234081709e-04,15.624074,15.681126,15.681126,1.951359957e-04,2.707199939e-05,1.300817534e-05,row,0,-1.000000000e+00,-1.000000
cublas,double,global,global,8192,8192,3,8,8,1,14,1.040030000e-04,2.573334200e-02,3.203000000e-06,2.583229600e-02,2.567232970e-02,2.557337570e-02,2.399822899e-04,15.684326,15.745015,15.745015,2.078080028e-04,2.300800011e-05,1.300183751e-05,row,0,-1.000000000e+00,-1.000000
cublas,double,global,global,8192,8192,3,8,8,1,15,1.035940000e-04,2.587931500e-02,3.111000000e-06,2.597470600e-02,2.586649581e-02,2.577110481e-02,2.349959290e-04,15.566592,15.624211,15.624211,1.991679966e-04,2.064000070e-05,1.576393227e-05,row,0,-1.000000000e+00,-1.000000
cublas,double,global,global,8192,8192,3,8,8,1,16,1.009960000e-04,2.574102700e-02,2.844000000e-06,2.584411200e-02,2.568068548e-02,2.557760048e-02,2.334955706e-04,15.679223,15.742414,15.742414,2.045439929e-04,2.355200052e-05,1.392252800e-05,row,0,-1.000000000e+00,-1.000000
cublas,double,global,global,8192,8192,3,8,8,1,17,1.021890000e-04,2.587171400e-02,2.864000000e-06,2.597200000e-02,2.574294233e-02,2.564265633e-02,2.290576737e-04,15.641304,15.702476,15.702476,2.045439929e-04,2.496000007e-05,1.302659066e-05,row,0,-1.000000000e+00,-1.000000
cublas,double,global,global,8192,8192,3,8,8,1,18,9.960800000e-05,2.574771500e-02,2.956000000e-06,2.584629500e-02,2.560811674e-02,2.550953674e-02,2.381782568e-04,15.723655,15.784418,15.784418,2.094399929e-04,2.304000035e-05,1.352708448e-05,row,0,-1.000000000e+00,-1.000000
cublas,double,global,global,8192,8192,3,8,8,1,19,1.029080000e-04,2.586564400e-02,3.293000000e-06,2.596729300e-02,2.582696028e-02,2.572531128e-02,2.257114166e-04,15.590421,15.652024,15.652024,1.948799938e-04,2.735999972e-05,1.377406901e-05,row,0,-1.000000000e+00,-1.000000
cublas,double,global,global,8192,8192,3,8,8,1,20,1.030820000e-04,2.577024000e-02,3.209000000e-06,2.586578700e-02,2.575327520e-02,2.565772820e-02,2.356547017e-04,15.635028,15.693252,15.693252,1.993280053e-04,3.177599981e-05,1.507869660e-05,row,0,-1.000000000e+00,-1.000000
cublas,double,global,global,8192,8192,6,8,8,1,1,2.339460000e-04,2.607006600e-02,1.116300000e-05,2.629038800e-02,2.591629063e-02,2.569596863e-02,4.336838488e-04,31.073365,31.339794,31.339794,3.931840062e-04,2.341440022e-04,1.564611599e-05,row,0,-1.000000000e+00,-1.000000
cublas,double,global,global,8192,8192,6,8,8,1,2,2.162900000e-04,2.585299000e-02,2.362300000e-05,2.609209200e-02,2.567468511e-02,2.543558311e-02,4.353224773e-04,31.365774,31.660621,31.660621,3.339200020e-04,1.266559958e-04,6.345048807e-05,row,0,-1.000000000e+00,-1.000000
cublas,double,global,global,8192,8192,6,8,8,1,3,2.272570000e-04,2.595110600e-02,2.054200000e-05,2.618120100e-02,2.581127939e-02,2.558118439e-02,4.093728541e-04,31.199785,31.480418,31.480418,3.704960048e-04,6.684800237e-05,1.370063359e-05,row,0,-1.000000000e+00,-1.000000
cublas,double,global,global,8192,8192,6,8,8,1,4,2.177030000e-04,2.581644700e-02,1.717500000e-05,2.602813800e-02,2.568545160e-02,2.547376060e-02,4.225943478e-04,31.352626,31.613172,31.613172,3.849599957e-04,3.644800186e-05,6.048836189e-05,row,0,-1.000000000e+00,-1.000000
cublas,double,global,global,8192,8192,6,8,8,1,5,2.155420000e-04,2.596339800e-02,7.056000000e-06,2.617030300e-02,2.575871240e-02,2.555180740e-02,4.382438258e-04,31.263456,31.516611,31.516611,4.027520120e-04,3.084800020e-05,1.836150234e-05,row,0,-1.000000000e+00,-1.000000
cublas,double,global,global,8192,8192,6,8,8,1,6,2.302640000e-04,2.583817200e-02,6.669000000e-06,2.605953300e-02,2.580596908e-02,2.558460808e-02,4.521135255e-04,31.206205,31.476205,31.476205,4.138880074e-04,2.547200024e-05,1.872118188e-05,row,0,-1.000000000e+00,-1.000000
cublas,double,global,global,8192,8192,6,8,8,1,7,2.316060000e-04,2.595406100e-02,7.966000000e-06,2.619101100e-02,2.596642121e-02,2.572947121e-02,4.185186094e-04,31.013375,31.298986,31.298986,3.791039884e-04,2.867200039e-05,1.407887048e-05,row,0,-1.000000000e+00,-1.000000
cublas,double,global,global,8192,8192,6,8,8,1,8,2.042420000e-04,2.582795300e-02,5.995000000e-06,2.603749300e-02,2.560637151e-02,2.539683151e-02,4.311214875e-04,31.449453,31.708931,31.708931,3.938559890e-04,3.417599946e-05,1.480149888e-05,row,0,-1.000000000e+00,-1.000000
cublas,double,global,global,8192,8192,6,8,8,1,9,2.079620000e-04,2.594917200e-02,5.873000000e-06,2.616233300e-02,2.578157760e-02,2.556841660e-02,4.259527426e-04,31.235729,31.496138,31.496138,3.862720132e-04,3.296000138e-05,1.430472986e-05,row,0,-1.000000000e+00,-1.000000
cublas,double,global,global,8192,8192,6,8,8,1,10,2.159570000e-04,2.575751100e-02,5.681000000e-06,2.597844100e-02,2.573961820e-02,2.551868820e-02,3.559704976e-04,31.286648,31.557514,31.557514,3.248640001e-04,2.703999914e-05,2.129826659e-05,row,0,-1.000000000e+00,-1.000000
cublas,double,global,global,8192,8192,6,8,8,1,11,2.029290000e-04,2.594368800e-02,5.952000000e-06,2.614903000e-02,2.574191732e-02,2.553657532e-02,4.071126826e-04,31.283853,31.535410,31.535410,3.769280016e-04,3.033600003e-05,1.426165318e-05,row,0,-1.000000000e+00,-1.000000
cublas,double,global,global,8192,8192,6,8,8,1,12,2.024820000e-04,2.582726600e-02,5.601000000e-06,2.603451400e-02,2.561201599e-02,2.540476799e-02,4.224980099e-04,31.442522,31.699025,31.699025,3.882879913e-04,3.059200011e-05,1.412379562e-05,row,0,-1.000000000e+00,-1.000000
cublas,double,global,global,8192,8192,6,8,8,1,13,1.975790000e-04,2.595968400e-02,5.685000000e-06,2.616221000e-02,2.573551741e-02,2.553299141e-02,4.266925907e-04,31.291633,31.539836,31.539836,3.924160004e-04,2.665599994e-05,1.466873542e-05,row,0,-1.000000000e+00,-1.000000
cublas,double,global,global,8192,8192,6,8,8,1,14,2.086350000e-04,2.582479800e-02,5.734000000e-06,2.603833100e-02,2.561282881e-02,2.539929581e-02,4.255021931e-04,31.441524,31.705854,31.705854,3.924160004e-04,2.825599909e-05,1.296124419e-05,row,0,-1.000000000e+00,-1.000000
cublas,double,global,global,8192,8192,6,8,8,1,15,1.977100000e-04,2.595149400e-02,5.728000000e-06,2.615423300e-02,2.572398686e-02,2.552124786e-02,4.302461362e-04,31.305659,31.554349,31.554349,3.951359987e-04,2.947200090e-05,1.311748005e-05,row,0,-1.000000000e+00,-1.000000
cublas,double,global,global,8192,8192,6,8,8,1,16,2.002560000e-04,2.582459200e-02,5.802000000e-06,2.602946700e-02,2.579671574e-02,2.559184074e-02,4.241878068e-04,31.217399,31.467309,31.467309,3.858239949e-04,3.155200183e-05,1.467124944e-05,row,0,-1.000000000e+00,-1.000000
cublas,double,global,global,8192,8192,6,8,8,1,17,2.098540000e-04,2.584412300e-02,5.555000000e-06,2.605888600e-02,2.569569142e-02,2.548092842e-02,4.137370087e-04,31.340132,31.604279,31.604279,3.763200045e-04,2.601600066e-05,1.421595001e-05,row,0,-1.000000000e+00,-1.000000
cublas,double,global,global,8192,8192,6,8,8,1,18,2.031300000e-04,2.573091000e-02,6.239000000e-06,2.593920800e-02,2.559434536e-02,2.538604736e-02,4.254283480e-04,31.464230,31.722401,31.722401,3.918719888e-04,3.001599945e-05,1.541248034e-05,row,0,-1.000000000e+00,-1.000000
cublas,double,global,global,8192,8192,6,8,8,1,19,2.070900000e-04,2.594618800e-02,5.791000000e-06,2.615835200e-02,2.573593910e-02,2.552377510e-02,4.224128993e-04,31.291120,31.551225,31.551225,3.925760090e-04,2.828799933e-05,1.694965511e-05,row,0,-1.000000000e+00,-1.000000
cublas,double,global,global,8192,8192,6,8,8,1,20,1.984480000e-04,2.583528600e-02,9.447000000e-06,2.604027200e-02,2.561388149e-02,2.540889549e-02,4.263905074e-04,31.440232,31.693875,31.693875,3.907519877e-04,2.966400050e-05,1.556724712e-05,row,0,-1.000000000e+00,-1.000000
cublas,double,global,global,8192,8192,8,8,8,1,1,2.953380000e-04,2.598711200e-02,2.154700000e-05,2.627337900e-02,2.599737044e-02,2.571110344e-02,5.507058369e-04,41.301940,41.761795,41.761795,4.399360120e-04,7.027199864e-05,6.372982433e-05,row,0,-1.000000000e+00,-1.000000
cublas,double,global,global,8192,8192,8,8,8,1,2,2.911730000e-04,2.587862000e-02,1.904200000e-05,2.617497800e-02,2.568855084e-02,2.539219284e-02,5.470714504e-04,41.798458,42.286298,42.286298,5.013440251e-04,1.011200026e-04,1.629469162e-05,row,0,-1.000000000e+00,-1.000000
cublas,double,global,global,8192,8192,8,8,8,1,3,2.969080000e-04,2.611406000e-02,2.150500000e-05,2.640628900e-02,2.607693321e-02,2.578470421e-02,6.253510726e-04,41.175924,41.642588,41.642588,5.305600166e-04,7.958400249e-05,1.520705350e-05,row,0,-1.000000000e+00,-1.000000
cublas,double,global,global,8192,8192,8,8,8,1,4,2.779760000e-04,2.587935600e-02,2.211000000e-05,2.616471700e-02,2.560347242e-02,2.531811142e-02,5.790882495e-04,41.937352,42.410028,42.410028,5.248000026e-04,8.320000023e-05,1.716824741e-05,row,0,-1.000000000e+00,-1.000000
cublas,double,global,global,8192,8192,8,8,8,1,5,3.035990000e-04,2.600700500e-02,8.582000000e-06,2.629197400e-02,2.574720922e-02,2.546224022e-02,5.447647809e-04,41.703231,42.169967,42.169967,5.044159889e-04,3.139200062e-05,1.478641550e-05,row,0,-1.000000000e+00,-1.000000
cublas,double,global,global,8192,8192,8,8,8,1,6,3.116890000e-04,2.587704500e-02,8.187000000e-06,2.619212500e-02,2.563031132e-02,2.531523132e-02,5.618136768e-04,41.893437,42.414853,42.414853,5.247679949e-04,3.433600068e-05,1.542040874e-05,row,0,-1.000000000e+00,-1.000000
cublas,double,global,global,8192,8192,8,8,8,1,7,2.897160000e-04,2.599408800e-02,8.083000000e-06,2.629024300e-02,2.574732306e-02,2.545116806e-02,5.429199397e-04,41.703047,42.188312,42.188312,5.090559721e-04,3.404799849e-05,1.632754709e-05,row,0,-1.000000000e+00,-1.000000
cublas,double,global,global,8192,8192,8,8,8,1,8,2.717000000e-04,2.587391600e-02,7.900000000e-06,2.615289000e-02,2.559603066e-02,2.531705666e-02,5.568593441e-04,41.949544,42.411795,42.411795,5.191680193e-04,3.280000016e-05,1.430342315e-05,row,0,-1.000000000e+00,-1.000000
cublas,double,global,global,8192,8192,8,8,8,1,9,2.702580000e-04,2.591383300e-02,8.486000000e-06,2.618663200e-02,2.564179085e-02,2.536899185e-02,5.448411482e-04,41.874681,42.324970,42.324970,5.099840164e-04,3.171199933e-05,1.749625205e-05,row,0,-1.000000000e+00,-1.000000
cublas,double,global,global,8192,8192,8,8,8,1,10,2.953930000e-04,2.585559700e-02,8.620000000e-06,2.613711300e-02,2.561220448e-02,2.533068848e-02,5.249085234e-04,41.923054,42.388971,42.388971,4.848319888e-04,3.167999908e-05,1.393547002e-05,row,0,-1.000000000e+00,-1.000000
cublas,double,global,global,8192,8192,8,8,8,1,11,2.734720000e-04,2.600921100e-02,7.965000000e-06,2.627916600e-02,2.572291406e-02,2.545295906e-02,5.562519393e-04,41.742620,42.185344,42.185344,5.172799826e-04,3.395200148e-05,1.265267908e-05,row,0,-1.000000000e+00,-1.000000
cublas,double,global,global,8192,8192,8,8,8,1,12,2.674390000e-04,2.587758000e-02,7.945000000e-06,2.614879300e-02,2.560449356e-02,2.533328056e-02,5.442994366e-04,41.935679,42.384634,42.384634,5.071039796e-04,3.308799863e-05,1.464751413e-05,row,0,-1.000000000e+00,-1.000000
cublas,double,global,global,8192,8192,8,8,8,1,13,2.853780000e-04,2.611419300e-02,7.993000000e-06,2.640183800e-02,2.583634915e-02,2.554870415e-02,5.654888527e-04,41.559348,42.027252,42.027252,5.275840163e-04,3.475200012e-05,1.373755133e-05,row,0,-1.000000000e+00,-1.000000
cublas,double,global,global,8192,8192,8,8,8,1,14,2.738850000e-04,2.591058600e-02,8.242000000e-06,2.617604200e-02,2.559623984e-02,2.533078384e-02,5.798021560e-04,41.949202,42.388812,42.388812,5.438719988e-04,3.043200076e-05,1.593493765e-05,row,0,-1.000000000e+00,-1.000000
cublas,double,global,global,8192,8192,8,8,8,1,15,3.090900000e-04,2.602008700e-02,7.531000000e-06,2.632461800e-02,2.608613195e-02,2.578160095e-02,5.721527401e-04,41.161404,41.647601,41.647601,5.353919864e-04,3.206399828e-05,1.397281366e-05,row,0,-1.000000000e+00,-1.000000
cublas,double,global,global,8192,8192,8,8,8,1,16,2.732550000e-04,2.587960100e-02,9.124000000e-06,2.615780100e-02,2.559164032e-02,2.531344032e-02,5.661606771e-04,41.956741,42.417854,42.417854,5.270400047e-04,3.641600162e-05,1.363380371e-05,row,0,-1.000000000e+00,-1.000000
cublas,double,global,global,8192,8192,8,8,8,1,17,2.823470000e-04,2.602428600e-02,8.982000000e-06,2.631338300e-02,2.574000948e-02,2.545091248e-02,5.733735244e-04,41.714896,42.188736,42.188736,5.301759839e-04,3.286400065e-05,1.649382573e-05,row,0,-1.000000000e+00,-1.000000
cublas,double,global,global,8192,8192,8,8,8,1,18,2.743350000e-04,2.589608200e-02,8.188000000e-06,2.617187900e-02,2.560594188e-02,2.533014488e-02,5.659371178e-04,41.933307,42.389881,42.389881,5.319679976e-04,3.017600067e-05,1.405008412e-05,row,0,-1.000000000e+00,-1.000000
cublas,double,global,global,8192,8192,8,8,8,1,19,2.801110000e-04,2.601711100e-02,7.823000000e-06,2.629088300e-02,2.605527568e-02,2.578150368e-02,5.673690786e-04,41.210150,41.647758,41.647758,5.267519951e-04,3.023999929e-05,1.431308440e-05,row,0,-1.000000000e+00,-1.000000
cublas,double,global,global,8192,8192,8,8,8,1,20,2.784830000e-04,2.601397300e-02,1.025500000e-05,2.629255800e-02,2.596671252e-02,2.568812752e-02,5.598716582e-04,41.350703,41.799147,41.799147,5.254080296e-04,3.193600103e-05,1.712537029e-05,row,0,-1.000000000e+00,-1.000000
cublas,double,global,global,8192,8192,20,8,8,1,1,7.701500000e-04,2.676035500e-02,3.028400000e-05,2.751867600e-02,2.614750595e-02,2.538918495e-02,1.371170048e-03,102.661973,105.728268,105.728268,1.296159983e-03,6.531199813e-05,1.976435044e-05,row,0,-1.000000000e+00,-1.000000
cublas,double,global,global,8192,8192,20,8,8,1,2,7.896450000e-04,2.641710700e-02,7.123500000e-05,2.721399600e-02,2.591093700e-02,2.511404800e-02,1.349573940e-03,103.599285,106.886574,106.886574,1.230208039e-03,1.319999993e-04,6.838990714e-05,row,0,-1.000000000e+00,-1.000000
cublas,double,global,global,8192,8192,20,8,8,1,3,1.045727000e-03,2.659685200e-02,6.703600000e-05,2.734159300e-02,2.641629366e-02,2.567155266e-02,9.790676162e-04,101.617380,104.565337,104.565337,9.056320190e-04,1.528320014e-04,2.211324833e-05,row,0,-1.000000000e+00,-1.000000
cublas,double,global,global,8192,8192,20,8,8,1,4,1.009541000e-03,2.617596500e-02,8.080000000e-05,2.690994600e-02,2.614482962e-02,2.541084862e-02,9.615635045e-04,102.672482,105.638131,105.638131,8.872320056e-04,1.381759942e-04,2.653864838e-05,row,0,-1.000000000e+00,-1.000000
cublas,double,global,global,8192,8192,20,8,8,1,5,1.051363000e-03,2.659265600e-02,3.151500000e-05,2.733136900e-02,2.619400856e-02,2.545529556e-02,1.137360437e-03,102.479716,105.453679,105.453679,1.065888047e-03,7.599999756e-05,2.063959583e-05,row,0,-1.000000000e+00,-1.000000
cublas,double,global,global,8192,8192,20,8,8,1,6,7.508120000e-04,2.685822300e-02,2.975300000e-05,2.758725000e-02,2.622752210e-02,2.549849510e-02,1.359727898e-03,102.348767,105.275019,105.275019,1.291007996e-03,6.499200314e-05,1.566390080e-05,row,0,-1.000000000e+00,-1.000000
cublas,double,global,global,8192,8192,20,8,8,1,7,7.373920000e-04,2.682476900e-02,3.008500000e-05,2.755584500e-02,2.619904399e-02,2.546796799e-02,1.356801013e-03,102.460020,105.401207,105.401207,1.290016055e-03,6.457599998e-05,1.909876790e-05,row,0,-1.000000000e+00,-1.000000
cublas,double,global,global,8192,8192,20,8,8,1,8,7.603360000e-04,2.662215500e-02,2.975400000e-05,2.739476400e-02,2.604854513e-02,2.527593613e-02,1.346218873e-03,103.051996,106.201984,106.201984,1.275392056e-03,6.188800186e-05,1.667240620e-05,row,0,-1.000000000e+00,-1.000000
cublas,double,global,global,8192,8192,20,8,8,1,9,7.653830000e-04,2.700825600e-02,2.860100000e-05,2.776992100e-02,2.641308941e-02,2.565142441e-02,1.356831592e-03,101.629708,104.647388,104.647388,1.286175966e-03,5.782400072e-05,1.629054383e-05,row,0,-1.000000000e+00,-1.000000
cublas,double,global,global,8192,8192,20,8,8,1,10,7.678700000e-04,2.655331300e-02,2.912900000e-05,2.728290700e-02,2.594597889e-02,2.521638489e-02,1.336928112e-03,103.459367,106.452791,106.452791,1.268000007e-03,6.163199991e-05,1.568271170e-05,row,0,-1.000000000e+00,-1.000000
cublas,double,global,global,8192,8192,20,8,8,1,11,7.494440000e-04,2.682327400e-02,3.120500000e-05,2.757415900e-02,2.620874022e-02,2.545785522e-02,1.365418775e-03,102.422113,105.443076,105.443076,1.292608023e-03,5.846399814e-05,1.588436971e-05,row,0,-1.000000000e+00,-1.000000
cublas,double,global,global,8192,8192,20,8,8,1,12,7.494600000e-04,2.652400500e-02,3.036400000e-05,2.727917300e-02,2.592748741e-02,2.517231941e-02,1.351685588e-03,103.533154,106.639143,106.639143,1.280959964e-03,6.172800064e-05,1.630429725e-05,row,0,-1.000000000e+00,-1.000000
cublas,double,global,global,8192,8192,20,8,8,1,13,7.421830000e-04,2.691034600e-02,2.906700000e-05,2.765652700e-02,2.630362080e-02,2.555743980e-02,1.352906196e-03,102.052663,105.032217,105.032217,1.285536051e-03,6.304000318e-05,1.539755920e-05,row,0,-1.000000000e+00,-1.000000
cublas,double,global,global,8192,8192,20,8,8,1,14,7.637690000e-04,2.694065800e-02,3.010600000e-05,2.770088900e-02,2.632663153e-02,2.556640053e-02,1.374257472e-03,101.963465,104.995404,104.995404,1.294720054e-03,6.272000074e-05,2.692942012e-05,row,0,-1.000000000e+00,-1.000000
cublas,double,global,global,8192,8192,20,8,8,1,15,7.454990000e-04,2.650248000e-02,3.001200000e-05,2.727686100e-02,2.594158109e-02,2.516720009e-02,1.335279911e-03,103.476906,106.660834,106.660834,1.277088046e-03,6.255999953e-05,1.794923305e-05,row,0,-1.000000000e+00,-1.000000
cublas,double,global,global,8192,8192,20,8,8,1,16,7.321520000e-04,2.644592900e-02,3.015100000e-05,2.718815600e-02,2.581499426e-02,2.507276726e-02,1.593941948e-03,103.984318,107.062556,107.062556,1.299424052e-03,6.738560200e-04,1.926574420e-05,row,0,-1.000000000e+00,-1.000000
cublas,double,global,global,8192,8192,20,8,8,1,17,7.646740000e-04,2.675474900e-02,2.988200000e-05,2.750846700e-02,2.614021359e-02,2.538649559e-02,1.368253410e-03,102.690613,105.739469,105.739469,1.301120043e-03,7.315199822e-05,2.084372700e-05,row,0,-1.000000000e+00,-1.000000
cublas,double,global,global,8192,8192,20,8,8,1,18,7.449310000e-04,2.683082200e-02,3.167400000e-05,2.758789400e-02,2.621860841e-02,2.546153641e-02,1.369285593e-03,102.383564,105.427831,105.427831,1.299968004e-03,6.105599925e-05,1.762521662e-05,row,0,-1.000000000e+00,-1.000000
cublas,double,global,global,8192,8192,20,8,8,1,19,7.693080000e-04,2.661971900e-02,3.132700000e-05,2.741794100e-02,2.609678119e-02,2.529855919e-02,1.375512302e-03,102.861519,106.107013,106.107013,1.303295970e-03,6.470400095e-05,1.796809059e-05,row,0,-1.000000000e+00,-1.000000
cublas,double,global,global,8192,8192,20,8,8,1,20,7.442190000e-04,2.675797100e-02,3.246900000e-05,2.753158700e-02,2.619825666e-02,2.542464066e-02,1.354282943e-03,102.463099,105.580826,105.580826,1.286080003e-03,6.329599768e-05,1.514189870e-05,row,0,-1.000000000e+00,-1.000000
cublas,double,global,global,8192,8192,32,8,8,1,1,2.298099000e-03,2.735223500e-02,6.007800000e-05,2.792947000e-02,2.640449979e-02,2.582726479e-02,1.524970214e-03,162.660430,166.295863,166.295863,1.385663986e-03,1.260800064e-04,5.954993246e-05,row,0,-1.000000000e+00,-1.000000
cublas,double,global,global,8192,8192,32,8,8,1,2,5.280620000e-04,2.738694000e-02,6.077200000e-05,2.797433000e-02,2.593900591e-02,2.535161591e-02,2.035324094e-03,165.579487,169.415919,169.415919,1.899520040e-03,1.279679984e-04,2.436655736e-05,row,0,-1.000000000e+00,-1.000000
cublas,double,global,global,8192,8192,32,8,8,1,3,5.180710000e-04,2.771559900e-02,5.692800000e-05,2.828037100e-02,2.626579510e-02,2.570102310e-02,2.014575898e-03,163.519409,167.112697,167.112697,1.904927969e-03,1.334400028e-04,2.709353124e-05,row,0,-1.000000000e+00,-1.000000
cublas,double,global,global,8192,8192,32,8,8,1,4,5.338590000e-04,2.741688000e-02,5.492500000e-05,2.798813700e-02,2.597650564e-02,2.540524864e-02,2.011631358e-03,165.340456,169.058267,169.058267,1.905311942e-03,1.011840031e-04,2.425694362e-05,row,0,-1.000000000e+00,-1.000000
cublas,double,global,global,8192,8192,32,8,8,1,5,5.011750000e-04,2.762359600e-02,7.897400000e-05,2.817235900e-02,2.611740276e-02,2.556863976e-02,2.054956245e-03,164.448484,167.977935,167.977935,1.916543961e-03,1.034559980e-04,3.495628618e-05,row,0,-1.000000000e+00,-1.000000
cublas,double,global,global,8192,8192,32,8,8,1,6,4.860630000e-04,2.738096600e-02,5.691600000e-05,2.791708600e-02,2.589887291e-02,2.536275291e-02,2.018213086e-03,165.836070,169.341527,169.341527,1.915328026e-03,1.010560021e-04,2.724894761e-05,row,0,-1.000000000e+00,-1.000000
cublas,double,global,global,8192,8192,32,8,8,1,7,4.844220000e-04,2.746109200e-02,6.071300000e-05,2.800337400e-02,2.597969045e-02,2.543740845e-02,2.023683553e-03,165.320188,168.844531,168.844531,1.920863986e-03,1.017600000e-04,2.714888605e-05,row,0,-1.000000000e+00,-1.000000
cublas,double,global,global,8192,8192,32,8,8,1,8,4.824060000e-04,2.759009600e-02,5.663100000e-05,2.812349500e-02,2.621602382e-02,2.568262482e-02,2.005033938e-03,163.829852,167.232412,167.232412,1.893216014e-03,9.340800345e-05,2.528755128e-05,row,0,-1.000000000e+00,-1.000000
cublas,double,global,global,8192,8192,32,8,8,1,9,4.793440000e-04,2.755505700e-02,6.564900000e-05,2.808442300e-02,2.606130265e-02,2.553193665e-02,2.023120354e-03,164.802480,168.219409,168.219409,1.913311958e-03,9.964799881e-05,3.867955820e-05,row,0,-1.000000000e+00,-1.000000
cublas,double,global,global,8192,8192,32,8,8,1,10,5.284260000e-04,2.728985500e-02,5.989400000e-05,2.784883500e-02,2.581001951e-02,2.525103951e-02,2.038815495e-03,166.406976,170.090712,170.090712,1.931103945e-03,9.865599871e-05,1.800265552e-05,row,0,-1.000000000e+00,-1.000000
cublas,double,global,global,8192,8192,32,8,8,1,11,4.804390000e-04,2.747414800e-02,5.572300000e-05,2.800460100e-02,2.597064427e-02,2.544019127e-02,2.033956731e-03,165.377772,168.826062,168.826062,1.934208035e-03,1.164480001e-04,2.626416378e-05,row,0,-1.000000000e+00,-1.000000
cublas,double,global,global,8192,8192,32,8,8,1,12,4.817940000e-04,2.727317400e-02,5.386200000e-05,2.780679300e-02,2.577841957e-02,2.524480057e-02,2.028373432e-03,166.610963,170.132748,170.132748,1.929600000e-03,1.038720012e-04,2.763943287e-05,row,0,-1.000000000e+00,-1.000000
cublas,double,global,global,8192,8192,32,8,8,1,13,4.819140000e-04,2.753971400e-02,6.063500000e-05,2.808066800e-02,2.617215479e-02,2.563120079e-02,2.008671095e-03,164.104459,167.567931,167.567931,1.880767941e-03,1.005119979e-04,2.739115519e-05,row,0,-1.000000000e+00,-1.000000
cublas,double,global,global,8192,8192,32,8,8,1,14,4.968550000e-04,2.758251300e-02,5.357300000e-05,2.812707500e-02,2.622299446e-02,2.567843246e-02,2.020849502e-03,163.786302,167.259715,167.259715,1.895871997e-03,1.037440002e-04,2.429464263e-05,row,0,-1.000000000e+00,-1.000000
cublas,double,global,global,8192,8192,32,8,8,1,15,5.081150000e-04,2.755041500e-02,6.279600000e-05,2.810978300e-02,2.608810411e-02,2.552873611e-02,2.021678885e-03,164.633171,168.240499,168.240499,1.912927985e-03,1.002880037e-04,2.682439745e-05,row,0,-1.000000000e+00,-1.000000
cublas,double,global,global,8192,8192,32,8,8,1,16,4.812930000e-04,2.746157000e-02,5.448800000e-05,2.799485400e-02,2.595174866e-02,2.541846466e-02,2.043105339e-03,165.498185,168.970367,168.970367,1.940672040e-03,1.056960002e-04,2.796142023e-05,row,0,-1.000000000e+00,-1.000000
cublas,double,global,global,8192,8192,32,8,8,1,17,4.805350000e-04,2.756196800e-02,5.542000000e-05,2.809604900e-02,2.607056095e-02,2.553647995e-02,2.025488050e-03,164.743954,168.189480,168.189480,1.916767955e-03,9.148799628e-05,2.677732454e-05,row,0,-1.000000000e+00,-1.000000
cublas,double,global,global,8192,8192,32,8,8,1,18,4.870840000e-04,2.755803400e-02,5.369500000e-05,2.809533500e-02,2.607755750e-02,2.554025650e-02,2.017777500e-03,164.699754,168.164611,168.164611,1.901311994e-03,1.033279970e-04,2.759350570e-05,row,0,-1.000000000e+00,-1.000000
cublas,double,global,global,8192,8192,32,8,8,1,19,4.840600000e-04,2.755211000e-02,5.384700000e-05,2.808640700e-02,2.606117726e-02,2.552688026e-02,2.025229736e-03,164.803272,168.252730,168.252730,1.914656043e-03,9.996800125e-05,2.675209515e-05,row,0,-1.000000000e+00,-1.000000
cublas,double,global,global,8192,8192,32,8,8,1,20,4.885380000e-04,2.766154500e-02,1.341830000e-04,2.827802100e-02,2.628646082e-02,2.566998482e-02,2.083132197e-03,163.390855,167.314758,167.314758,1.904543996e-03,1.689279974e-04,2.970416002e-05,row,0,-1.000000000e+00,-1.000000
