kernel,scalar,a_mode,x_mode,M,N,k,P,pr,pc,rep,t_bcast_s,t_local_s,t_reduce_s,t_total_s,t_official_s,t_kernel_s,t_transfer_runtime_overhead_s,gflops,gflops_compute,gflops_kernel,t_h2d_X_s,t_d2h_Y_s,t_launch_overhead_s,x_layout,group_timing,t_local_group_s,gflops_local_group
cuda_warp(blk64)(xcol),double,local,local,16384,16384,3,1,1,1,1,1.090000001e-07,5.672105000e-03,4.481100000e-05,5.717025000e-03,5.495992216e-03,5.451072216e-03,2.210327840e-04,293.052223,295.467143,295.467143,1.204480007e-04,9.094399959e-05,9.640783648e-06,column,0,-1.000000000e+00,-1.000000
cuda_warp(blk64)(xcol),double,local,local,16384,16384,3,1,1,1,2,1.009999999e-07,5.675491000e-03,4.383400000e-05,5.719426000e-03,5.499902903e-03,5.455967903e-03,2.195230969e-04,292.843849,295.202018,295.202018,1.196800023e-04,9.091199934e-05,8.931095186e-06,column,0,-1.000000000e+00,-1.000000
cuda_warp(blk64)(xcol),double,local,local,16384,16384,3,1,1,1,3,1.080000001e-07,5.663100000e-03,4.463100000e-05,5.707839000e-03,5.491523019e-03,5.446784019e-03,2.163159805e-04,293.290719,295.699762,295.699762,1.195200011e-04,8.739200234e-05,9.403977072e-06,column,0,-1.000000000e+00,-1.000000
cuda_warp(blk64)(xcol),double,local,local,16384,16384,3,1,1,1,4,1.070000000e-07,5.671031000e-03,4.413300000e-05,5.715271000e-03,5.496143820e-03,5.451903820e-03,2.191271800e-04,293.044139,295.422074,295.422074,1.200959980e-04,8.947200328e-05,9.559178632e-06,column,0,-1.000000000e+00,-1.000000
cuda_warp(blk64)(xcol),double,local,local,16384,16384,3,1,1,1,5,1.160000000e-07,5.664016000e-03,4.404900000e-05,5.708181000e-03,5.488581046e-03,5.444416046e-03,2.195999539e-04,293.447928,295.828372,295.828372,1.197120026e-04,9.001599997e-05,9.871951309e-06,column,0,-1.000000000e+00,-1.000000
cuda_warp(blk64)(xcol),double,local,local,16384,16384,3,1,1,1,6,1.189999999e-07,5.677992000e-03,4.314200000e-05,5.721253000e-03,5.494045206e-03,5.450784206e-03,2.272077936e-04,293.156076,295.482755,295.482755,1.229759976e-04,9.487999976e-05,9.351796226e-06,column,0,-1.000000000e+00,-1.000000
cuda_warp(blk64)(xcol),double,local,local,16384,16384,3,1,1,1,7,1.070000000e-07,5.662754000e-03,4.390400000e-05,5.706765000e-03,5.493067149e-03,5.449056149e-03,2.136978515e-04,293.208274,295.576462,295.576462,1.190079972e-04,8.617600054e-05,8.513853720e-06,column,0,-1.000000000e+00,-1.000000
cuda_warp(blk64)(xcol),double,local,local,16384,16384,3,1,1,1,8,1.119999999e-07,5.669020000e-03,4.337800000e-05,5.712510000e-03,5.491106100e-03,5.447616100e-03,2.214038997e-04,293.312988,295.654596,295.654596,1.191359982e-04,9.283199906e-05,9.435902436e-06,column,0,-1.000000000e+00,-1.000000
cuda_warp(blk64)(xcol),double,local,local,16384,16384,3,1,1,1,9,1.040000002e-07,5.661653000e-03,4.435500000e-05,5.706112000e-03,5.489771023e-03,5.445312023e-03,2.163409768e-04,293.384320,295.779696,295.779696,1.186240017e-04,8.777599782e-05,9.940977278e-06,column,0,-1.000000000e+00,-1.000000
cuda_warp(blk64)(xcol),double,local,local,16384,16384,3,1,1,1,10,1.080000001e-07,5.672831000e-03,4.309500000e-05,5.716034000e-03,5.495298985e-03,5.452095985e-03,2.207350146e-04,293.089191,295.411662,295.411662,1.194880009e-04,9.113600105e-05,1.011101267e-05,column,0,-1.000000000e+00,-1.000000
cuda_warp(blk64)(xcol),double,local,local,16384,16384,3,1,1,1,11,1.049999998e-07,5.664320000e-03,4.404700000e-05,5.708472000e-03,5.490552166e-03,5.446400166e-03,2.179198344e-04,293.342580,295.720602,295.720602,1.186560020e-04,8.969599754e-05,9.567834921e-06,column,0,-1.000000000e+00,-1.000000
cuda_warp(blk64)(xcol),double,local,local,16384,16384,3,1,1,1,12,1.000000001e-07,5.671752000e-03,4.275400000e-05,5.714606000e-03,5.492582012e-03,5.449728012e-03,2.220239879e-04,293.234172,295.540022,295.540022,1.194880009e-04,9.337600321e-05,9.159983840e-06,column,0,-1.000000000e+00,-1.000000
cuda_warp(blk64)(xcol),double,local,local,16384,16384,3,1,1,1,13,1.000000001e-07,5.678855000e-03,4.378100000e-05,5.722736000e-03,5.494248928e-03,5.450367928e-03,2.284870724e-04,293.145206,295.505323,295.505323,1.268479973e-04,9.132800251e-05,1.031107263e-05,column,0,-1.000000000e+00,-1.000000
cuda_warp(blk64)(xcol),double,local,local,16384,16384,3,1,1,1,14,1.129999998e-07,5.668452000e-03,4.397000000e-05,5.712535000e-03,5.490259052e-03,5.446176052e-03,2.222759479e-04,293.358241,295.732771,295.732771,1.200319976e-04,9.273599833e-05,9.507952013e-06,column,0,-1.000000000e+00,-1.000000
cuda_warp(blk64)(xcol),double,local,local,16384,16384,3,1,1,1,15,1.150000000e-07,5.620110000e-03,4.766400000e-05,5.667889000e-03,5.453987038e-03,5.406208038e-03,2.139019617e-04,295.309234,297.919119,297.919119,1.193599999e-04,8.540800214e-05,9.133959637e-06,column,0,-1.000000000e+00,-1.000000
cuda_warp(blk64)(xcol),double,local,local,16384,16384,3,1,1,1,16,1.130000000e-07,5.613388000e-03,4.330900000e-05,5.656810000e-03,5.438398139e-03,5.394976139e-03,2.184118609e-04,296.155724,298.539362,298.539362,1.194240004e-04,8.895999938e-05,1.002786117e-05,column,0,-1.000000000e+00,-1.000000
cuda_warp(blk64)(xcol),double,local,local,16384,16384,3,1,1,1,17,1.109999999e-07,5.616259000e-03,4.435600000e-05,5.660726000e-03,5.441138772e-03,5.396671772e-03,2.195872280e-04,296.006554,298.445561,298.445561,1.197120026e-04,9.011200070e-05,9.763224718e-06,column,0,-1.000000000e+00,-1.000000
cuda_warp(blk64)(xcol),double,local,local,16384,16384,3,1,1,1,18,1.009999999e-07,5.616628000e-03,4.660500000e-05,5.663334000e-03,5.444306174e-03,5.397600174e-03,2.190278261e-04,295.834342,298.394228,298.394228,1.200959980e-04,8.857599646e-05,1.035583154e-05,column,0,-1.000000000e+00,-1.000000
cuda_warp(blk64)(xcol),double,local,local,16384,16384,3,1,1,1,19,1.050000003e-07,5.610324000e-03,4.507800000e-05,5.655507000e-03,5.442398843e-03,5.397215843e-03,2.131081568e-04,295.938020,298.415476,298.415476,1.189119965e-04,8.470399678e-05,9.492163538e-06,column,0,-1.000000000e+00,-1.000000
cuda_warp(blk64)(xcol),double,local,local,16384,16384,3,1,1,1,20,1.130000000e-07,5.640962000e-03,4.414800000e-05,5.685223000e-03,5.463748953e-03,5.419487953e-03,2.214740468e-04,294.781614,297.189098,297.189098,1.199359968e-04,9.235200286e-05,9.186047125e-06,column,0,-1.000000000e+00,-1.000000
cuda_warp(blk64)(xcol),double,local,local,16384,16384,6,1,1,1,1,1.370000000e-07,9.574638000e-03,8.901400000e-05,9.663789000e-03,9.227230643e-03,9.138079643e-03,4.365583568e-04,349.099919,352.505734,352.505734,2.366400063e-04,1.896640062e-04,1.025434421e-05,column,0,-1.000000000e+00,-1.000000
cuda_warp(blk64)(xcol),double,local,local,16384,16384,6,1,1,1,2,1.590000001e-07,9.530078000e-03,9.014300000e-05,9.620380000e-03,9.207454214e-03,9.117152214e-03,4.129257859e-04,349.849741,353.314872,353.314872,2.306559980e-04,1.732160002e-04,9.053787759e-06,column,0,-1.000000000e+00,-1.000000
cuda_warp(blk64)(xcol),double,local,local,16384,16384,6,1,1,1,3,1.020000000e-07,9.511323000e-03,9.054900000e-05,9.601974000e-03,9.189851249e-03,9.099200249e-03,4.121227513e-04,350.519871,354.011933,354.011933,2.300799936e-04,1.720319986e-04,1.001075904e-05,column,0,-1.000000000e+00,-1.000000
cuda_warp(blk64)(xcol),double,local,local,16384,16384,6,1,1,1,4,1.279999999e-07,9.514392000e-03,8.909600000e-05,9.603616000e-03,9.185832162e-03,9.096608162e-03,4.177838381e-04,350.673234,354.112809,354.112809,2.352959961e-04,1.722880006e-04,1.019984142e-05,column,0,-1.000000000e+00,-1.000000
cuda_warp(blk64)(xcol),double,local,local,16384,16384,6,1,1,1,5,1.259999998e-07,9.505396000e-03,9.245900000e-05,9.597981000e-03,9.188393029e-03,9.095808029e-03,4.095879708e-04,350.575499,354.143960,354.143960,2.290239930e-04,1.706240028e-04,9.939974996e-06,column,0,-1.000000000e+00,-1.000000
cuda_warp(blk64)(xcol),double,local,local,16384,16384,6,1,1,1,6,1.279999999e-07,9.512825000e-03,8.920400000e-05,9.602157000e-03,9.187956229e-03,9.098624229e-03,4.142007706e-04,350.592166,354.034345,354.034345,2.307839990e-04,1.730879992e-04,1.032877238e-05,column,0,-1.000000000e+00,-1.000000
cuda_warp(blk64)(xcol),double,local,local,16384,16384,6,1,1,1,7,1.279999999e-07,9.515347000e-03,9.049400000e-05,9.605969000e-03,9.188670210e-03,9.098048210e-03,4.172987899e-04,350.564924,354.056760,354.056760,2.420479953e-04,1.650239974e-04,1.022679710e-05,column,0,-1.000000000e+00,-1.000000
cuda_warp(blk64)(xcol),double,local,local,16384,16384,6,1,1,1,8,1.169999999e-07,9.504315000e-03,8.921700000e-05,9.593649000e-03,9.188629616e-03,9.099295616e-03,4.050193839e-04,350.566473,354.008223,354.008223,2.316800058e-04,1.631360054e-04,1.020337266e-05,column,0,-1.000000000e+00,-1.000000
cuda_warp(blk64)(xcol),double,local,local,16384,16384,6,1,1,1,9,1.120000002e-07,9.513783000e-03,9.350400000e-05,9.607399000e-03,9.191279879e-03,9.097663879e-03,4.161191206e-04,350.465388,354.071717,354.071717,2.338880002e-04,1.712000072e-04,1.103111316e-05,column,0,-1.000000000e+00,-1.000000
cuda_warp(blk64)(xcol),double,local,local,16384,16384,6,1,1,1,10,9.999999984e-08,9.516477000e-03,9.114000000e-05,9.607717000e-03,9.192296099e-03,9.101056099e-03,4.154209011e-04,350.426644,353.939745,353.939745,2.353280038e-04,1.706559956e-04,9.436901691e-06,column,0,-1.000000000e+00,-1.000000
cuda_warp(blk64)(xcol),double,local,local,16384,16384,6,1,1,1,11,9.899999998e-08,9.514144000e-03,9.039500000e-05,9.604638000e-03,9.188861691e-03,9.098367691e-03,4.157763090e-04,350.557619,354.044328,354.044328,2.416319996e-04,1.653439999e-04,8.800309486e-06,column,0,-1.000000000e+00,-1.000000
cuda_warp(blk64)(xcol),double,local,local,16384,16384,6,1,1,1,12,1.180000000e-07,9.507903000e-03,9.002400000e-05,9.598045000e-03,9.188766229e-03,9.098624229e-03,4.092787706e-04,350.561261,354.034345,354.034345,2.317440063e-04,1.675200015e-04,1.001476276e-05,column,0,-1.000000000e+00,-1.000000
cuda_warp(blk64)(xcol),double,local,local,16384,16384,6,1,1,1,13,7.699999993e-08,9.500170000e-03,9.044900000e-05,9.590696000e-03,9.183005706e-03,9.092479706e-03,4.076902942e-04,350.781169,354.273595,354.273595,2.300799936e-04,1.678719968e-04,9.738303824e-06,column,0,-1.000000000e+00,-1.000000
cuda_warp(blk64)(xcol),double,local,local,16384,16384,6,1,1,1,14,7.599999985e-08,9.507233000e-03,8.981800000e-05,9.597127000e-03,9.181957904e-03,9.092063904e-03,4.151690962e-04,350.821198,354.289797,354.289797,2.359679937e-04,1.699839979e-04,9.217104514e-06,column,0,-1.000000000e+00,-1.000000
cuda_warp(blk64)(xcol),double,local,local,16384,16384,6,1,1,1,15,1.009999999e-07,9.493903000e-03,9.322600000e-05,9.587230000e-03,9.183823063e-03,9.090496063e-03,4.034069368e-04,350.749949,354.350901,354.350901,2.298559994e-04,1.642560065e-04,9.294930938e-06,column,0,-1.000000000e+00,-1.000000
cuda_warp(blk64)(xcol),double,local,local,16384,16384,6,1,1,1,16,9.299999992e-08,9.489323000e-03,8.898400000e-05,9.578400000e-03,9.178165440e-03,9.089088440e-03,4.002345601e-04,350.966159,354.405779,354.405779,2.302719951e-04,1.600639969e-04,9.898568080e-06,column,0,-1.000000000e+00,-1.000000
cuda_warp(blk64)(xcol),double,local,local,16384,16384,6,1,1,1,17,1.000000001e-07,9.493925000e-03,8.754300000e-05,9.581568000e-03,9.176731440e-03,9.089088440e-03,4.048365601e-04,351.021003,354.405779,354.405779,2.303040028e-04,1.648319960e-04,9.700561333e-06,column,0,-1.000000000e+00,-1.000000
cuda_warp(blk64)(xcol),double,local,local,16384,16384,6,1,1,1,18,1.329999999e-07,9.495579000e-03,8.925200000e-05,9.584964000e-03,9.181481329e-03,9.092096329e-03,4.034826713e-04,350.839408,354.288533,354.288533,2.319999933e-04,1.613440067e-04,1.013867128e-05,column,0,-1.000000000e+00,-1.000000
cuda_warp(blk64)(xcol),double,local,local,16384,16384,6,1,1,1,19,7.599999985e-08,9.497708000e-03,8.790900000e-05,9.585693000e-03,9.180881461e-03,9.092896461e-03,4.048115385e-04,350.862331,354.257357,354.257357,2.286079973e-04,1.659519970e-04,1.025154417e-05,column,0,-1.000000000e+00,-1.000000
cuda_warp(blk64)(xcol),double,local,local,16384,16384,6,1,1,1,20,9.599999995e-08,9.494829000e-03,8.923000000e-05,9.584155000e-03,9.179822063e-03,9.090496063e-03,4.043329368e-04,350.902822,354.350901,354.350901,2.296320051e-04,1.644160002e-04,1.028493142e-05,column,0,-1.000000000e+00,-1.000000
cuda_warp(blk64)(xcol),double,local,local,16384,16384,8,1,1,1,1,1.750000003e-07,1.278598400e-02,1.217610000e-04,1.290792000e-02,1.235015980e-02,1.222822380e-02,5.577601993e-04,347.766131,351.233946,351.233946,3.179199994e-04,2.288320065e-04,1.100819353e-05,column,0,-1.000000000e+00,-1.000000
cuda_warp(blk64)(xcol),double,local,local,16384,16384,8,1,1,1,2,2.270000001e-07,1.277547200e-02,1.201450000e-04,1.289584400e-02,1.235285205e-02,1.223248005e-02,5.429919509e-04,347.690337,351.111735,351.111735,3.051199913e-04,2.275519967e-04,1.031996286e-05,column,0,-1.000000000e+00,-1.000000
cuda_warp(blk64)(xcol),double,local,local,16384,16384,8,1,1,1,3,1.439999999e-07,1.278597500e-02,1.184840000e-04,1.290460300e-02,1.235488365e-02,1.223625565e-02,5.497193542e-04,347.633164,351.003397,351.003397,3.078080118e-04,2.307199985e-04,1.119134400e-05,column,0,-1.000000000e+00,-1.000000
cuda_warp(blk64)(xcol),double,local,local,16384,16384,8,1,1,1,4,1.439999999e-07,1.278135000e-02,1.198180000e-04,1.290131200e-02,1.234652164e-02,1.222655964e-02,5.547903610e-04,347.868608,351.281752,351.281752,3.084479868e-04,2.348479927e-04,1.149438152e-05,column,0,-1.000000000e+00,-1.000000
cuda_warp(blk64)(xcol),double,local,local,16384,16384,8,1,1,1,5,1.280000002e-07,1.272225000e-02,1.190860000e-04,1.284146400e-02,1.229930967e-02,1.218009567e-02,5.421543274e-04,349.203932,352.621803,352.621803,3.061760068e-04,2.263360023e-04,9.642318249e-06,column,0,-1.000000000e+00,-1.000000
cuda_warp(blk64)(xcol),double,local,local,16384,16384,8,1,1,1,6,1.030000001e-07,1.272797900e-02,1.192460000e-04,1.284732800e-02,1.228942918e-02,1.217008018e-02,5.578988151e-04,349.484686,352.911997,352.911997,3.055999875e-04,2.413759977e-04,1.092282989e-05,column,0,-1.000000000e+00,-1.000000
cuda_warp(blk64)(xcol),double,local,local,16384,16384,8,1,1,1,7,1.360000002e-07,1.271246900e-02,1.206980000e-04,1.283330300e-02,1.228883422e-02,1.216800022e-02,5.444687787e-04,349.501606,352.972322,352.972322,3.043839931e-04,2.304960042e-04,9.588781375e-06,column,0,-1.000000000e+00,-1.000000
cuda_warp(blk64)(xcol),double,local,local,16384,16384,8,1,1,1,8,1.489999999e-07,1.271550400e-02,1.222370000e-04,1.283789000e-02,1.229038622e-02,1.216800022e-02,5.475037787e-04,349.457472,352.972322,352.972322,3.075839877e-04,2.303680032e-04,9.551787786e-06,column,0,-1.000000000e+00,-1.000000
cuda_warp(blk64)(xcol),double,local,local,16384,16384,8,1,1,1,9,1.279999999e-07,1.271372000e-02,1.204050000e-04,1.283425300e-02,1.229413320e-02,1.217360020e-02,5.401198032e-04,349.350965,352.809952,352.809952,3.049280047e-04,2.244479954e-04,1.074380300e-05,column,0,-1.000000000e+00,-1.000000
cuda_warp(blk64)(xcol),double,local,local,16384,16384,8,1,1,1,10,1.330000001e-07,1.270912300e-02,1.209540000e-04,1.283021000e-02,1.229084675e-02,1.216975975e-02,5.393632496e-04,349.444378,352.921289,352.921289,3.089280128e-04,2.194239944e-04,1.101124236e-05,column,0,-1.000000000e+00,-1.000000
cuda_warp(blk64)(xcol),double,local,local,16384,16384,8,1,1,1,11,1.560000000e-07,1.271343700e-02,1.201380000e-04,1.283373100e-02,1.229539814e-02,1.217510414e-02,5.383328588e-04,349.315024,352.766370,352.766370,3.049919903e-04,2.233919948e-04,9.948873603e-06,column,0,-1.000000000e+00,-1.000000
cuda_warp(blk64)(xcol),double,local,local,16384,16384,8,1,1,1,12,2.070000000e-07,1.271009700e-02,1.194410000e-04,1.282974500e-02,1.228921606e-02,1.216956806e-02,5.405289382e-04,349.490747,352.926848,352.926848,3.055999875e-04,2.245440036e-04,1.038494706e-05,column,0,-1.000000000e+00,-1.000000
cuda_warp(blk64)(xcol),double,local,local,16384,16384,8,1,1,1,13,1.829999998e-07,1.270401900e-02,1.203580000e-04,1.282456000e-02,1.228236523e-02,1.216182423e-02,5.421947736e-04,349.685685,353.151568,353.151568,3.036800027e-04,2.271679938e-04,1.134677715e-05,column,0,-1.000000000e+00,-1.000000
cuda_warp(blk64)(xcol),double,local,local,16384,16384,8,1,1,1,14,2.209999999e-07,1.269512600e-02,1.397930000e-04,1.283514000e-02,1.229601414e-02,1.215600014e-02,5.391258627e-04,349.297524,353.320767,353.320767,3.051199913e-04,2.232960016e-04,1.070986981e-05,column,0,-1.000000000e+00,-1.000000
cuda_warp(blk64)(xcol),double,local,local,16384,16384,8,1,1,1,15,1.930000000e-07,1.269577700e-02,1.191090000e-04,1.281507900e-02,1.227536603e-02,1.215606403e-02,5.397129665e-04,349.885069,353.318910,353.318910,3.055999875e-04,2.242240012e-04,9.888977816e-06,column,0,-1.000000000e+00,-1.000000
cuda_warp(blk64)(xcol),double,local,local,16384,16384,8,1,1,1,16,1.850000000e-07,1.269926900e-02,1.190530000e-04,1.281850700e-02,1.228166972e-02,1.216243172e-02,5.368372831e-04,349.705488,353.133929,353.133929,3.111360073e-04,2.154880017e-04,1.021327407e-05,column,0,-1.000000000e+00,-1.000000
cuda_warp(blk64)(xcol),double,local,local,16384,16384,8,1,1,1,17,1.750000000e-07,1.269865200e-02,1.186830000e-04,1.281751000e-02,1.228109803e-02,1.216224003e-02,5.364119716e-04,349.721766,353.139495,353.139495,3.043519855e-04,2.215999961e-04,1.045999007e-05,column,0,-1.000000000e+00,-1.000000
cuda_warp(blk64)(xcol),double,local,local,16384,16384,8,1,1,1,18,1.750000000e-07,1.269815600e-02,1.195340000e-04,1.281786500e-02,1.228044508e-02,1.216073608e-02,5.374199160e-04,349.740361,353.183168,353.183168,3.058240116e-04,2.217279971e-04,9.867907387e-06,column,0,-1.000000000e+00,-1.000000
cuda_warp(blk64)(xcol),double,local,local,16384,16384,8,1,1,1,19,1.519999999e-07,1.269969500e-02,1.198970000e-04,1.281974400e-02,1.228068876e-02,1.216063976e-02,5.390552371e-04,349.733421,353.185966,353.185966,3.048639894e-04,2.233919948e-04,1.079925293e-05,column,0,-1.000000000e+00,-1.000000
cuda_warp(blk64)(xcol),double,local,local,16384,16384,8,1,1,1,20,1.780000001e-07,1.420061400e-02,1.223520000e-04,1.432314400e-02,1.227933027e-02,1.215680027e-02,2.043813730e-03,349.772113,353.297513,353.297513,3.065600097e-04,1.726431966e-03,1.082175437e-05,column,0,-1.000000000e+00,-1.000000
cuda_warp(blk64)(xcol),double,local,local,16384,16384,20,1,1,1,1,1.519999999e-07,3.141018000e-02,3.244960000e-04,3.173482800e-02,3.065732012e-02,3.033267212e-02,1.077507881e-03,350.239949,353.988537,353.988537,6.000639796e-04,4.646719992e-04,1.277190202e-05,column,0,-1.000000000e+00,-1.000000
cuda_warp(blk64)(xcol),double,local,local,16384,16384,20,1,1,1,2,1.890000001e-07,3.137648300e-02,3.260020000e-04,3.170267400e-02,3.060788732e-02,3.028169632e-02,1.094786680e-03,350.805599,354.584437,354.584437,6.130239964e-04,4.624640048e-04,1.929867931e-05,column,0,-1.000000000e+00,-1.000000
cuda_warp(blk64)(xcol),double,local,local,16384,16384,20,1,1,1,3,1.030000001e-07,3.134636800e-02,3.423870000e-04,3.168885800e-02,3.063698654e-02,3.029449654e-02,1.051871464e-03,350.472401,354.434616,354.434616,5.926399827e-04,4.481280148e-04,1.110346624e-05,column,0,-1.000000000e+00,-1.000000
cuda_warp(blk64)(xcol),double,local,local,16384,16384,20,1,1,1,4,8.500000015e-08,3.132956600e-02,3.192610000e-04,3.164891200e-02,3.060894637e-02,3.028960037e-02,1.039965628e-03,350.793461,354.491908,354.491908,5.910400152e-04,4.378240108e-04,1.110160162e-05,column,0,-1.000000000e+00,-1.000000
cuda_warp(blk64)(xcol),double,local,local,16384,16384,20,1,1,1,5,8.799999995e-08,3.478689000e-02,3.492670000e-04,3.513624500e-02,3.064023520e-02,3.029088020e-02,4.496009797e-03,350.435242,354.476931,354.476931,5.891199708e-04,3.896447897e-03,1.044192900e-05,column,0,-1.000000000e+00,-1.000000
cuda_warp(blk64)(xcol),double,local,local,16384,16384,20,1,1,1,6,7.199999996e-08,3.135440700e-02,3.218380000e-04,3.167631700e-02,3.060258207e-02,3.028067207e-02,1.073734927e-03,350.866414,354.596431,354.596431,5.911039710e-04,4.722880125e-04,1.034294313e-05,column,0,-1.000000000e+00,-1.000000
cuda_warp(blk64)(xcol),double,local,local,16384,16384,20,1,1,1,7,1.119999999e-07,3.136326900e-02,3.193540000e-04,3.168273500e-02,3.059860266e-02,3.027913666e-02,1.084132342e-03,350.912045,354.614412,354.614412,5.934079885e-04,4.794560075e-04,1.126834626e-05,column,0,-1.000000000e+00,-1.000000
cuda_warp(blk64)(xcol),double,local,local,16384,16384,20,1,1,1,8,9.400000001e-08,3.134884400e-02,3.403910000e-04,3.168932900e-02,3.062694969e-02,3.028646469e-02,1.062379309e-03,350.587256,354.528610,354.528610,5.985280275e-04,4.530879855e-04,1.076329579e-05,column,0,-1.000000000e+00,-1.000000
cuda_warp(blk64)(xcol),double,local,local,16384,16384,20,1,1,1,9,8.500000015e-08,3.135973900e-02,3.171170000e-04,3.167694100e-02,3.060453072e-02,3.028732872e-02,1.072410280e-03,350.844074,354.518496,354.518496,5.994880199e-04,4.616320133e-04,1.129024664e-05,column,0,-1.000000000e+00,-1.000000
cuda_warp(blk64)(xcol),double,local,local,16384,16384,20,1,1,1,10,9.400000001e-08,3.135793600e-02,3.301440000e-04,3.168817400e-02,3.061071743e-02,3.028047943e-02,1.077456569e-03,350.773165,354.598687,354.598687,6.011840105e-04,4.661439955e-04,1.012856282e-05,column,0,-1.000000000e+00,-1.000000
cuda_warp(blk64)(xcol),double,local,local,16384,16384,20,1,1,1,11,7.300000027e-08,3.135769700e-02,3.195360000e-04,3.167730600e-02,3.062440903e-02,3.030480003e-02,1.052896966e-03,350.616341,354.314110,354.314110,5.956159830e-04,4.458239973e-04,1.145698616e-05,column,0,-1.000000000e+00,-1.000000
cuda_warp(blk64)(xcol),double,local,local,16384,16384,20,1,1,1,12,8.999999990e-08,3.165327300e-02,3.258010000e-04,3.197916400e-02,3.092067478e-02,3.059478378e-02,1.058489217e-03,347.256918,350.955846,350.955846,5.969920158e-04,4.456959963e-04,1.580120492e-05,column,0,-1.000000000e+00,-1.000000
cuda_warp(blk64)(xcol),double,local,local,16384,16384,20,1,1,1,13,8.100000004e-08,3.182983700e-02,3.859280000e-04,3.221584600e-02,3.113407304e-02,3.074806404e-02,1.081772959e-03,344.876760,349.206318,349.206318,6.093760133e-04,4.610239863e-04,1.137295924e-05,column,0,-1.000000000e+00,-1.000000
cuda_warp(blk64)(xcol),double,local,local,16384,16384,20,1,1,1,14,1.139999997e-07,3.183229600e-02,3.314780000e-04,3.216388800e-02,3.108352796e-02,3.075193596e-02,1.080360041e-03,345.437566,349.162350,349.162350,5.956479907e-04,4.728960097e-04,1.181604075e-05,column,0,-1.000000000e+00,-1.000000
cuda_warp(blk64)(xcol),double,local,local,16384,16384,20,1,1,1,15,1.589999998e-07,3.183746000e-02,3.239650000e-04,3.216158400e-02,3.107398095e-02,3.074985695e-02,1.087603051e-03,345.543696,349.185957,349.185957,6.018239856e-04,4.757440090e-04,1.003505655e-05,column,0,-1.000000000e+00,-1.000000
cuda_warp(blk64)(xcol),double,local,local,16384,16384,20,1,1,1,16,1.439999999e-07,3.169918400e-02,3.228370000e-04,3.202216500e-02,3.096528447e-02,3.064230347e-02,1.056880533e-03,346.756648,350.411589,350.411589,6.048640013e-04,4.421440065e-04,9.872525439e-06,column,0,-1.000000000e+00,-1.000000
cuda_warp(blk64)(xcol),double,local,local,16384,16384,20,1,1,1,17,1.040000002e-07,3.165500800e-02,3.249520000e-04,3.198006400e-02,3.088924782e-02,3.056419182e-02,1.090816182e-03,347.610220,351.307121,351.307121,6.177600026e-04,4.631679952e-04,9.888183935e-06,column,0,-1.000000000e+00,-1.000000
cuda_warp(blk64)(xcol),double,local,local,16384,16384,20,1,1,1,18,9.200000006e-08,3.214116400e-02,9.093900000e-04,3.305064600e-02,3.149028110e-02,3.058079910e-02,1.560364897e-03,340.975624,351.116340,351.116340,6.023679972e-04,9.444159865e-04,1.358091351e-05,column,0,-1.000000000e+00,-1.000000
cuda_warp(blk64)(xcol),double,local,local,16384,16384,20,1,1,1,19,1.429999998e-07,3.161534000e-02,3.228240000e-04,3.193830700e-02,3.087419838e-02,3.055123138e-02,1.064108616e-03,347.779661,351.456153,351.456153,6.017280221e-04,4.510720074e-04,1.130858621e-05,column,0,-1.000000000e+00,-1.000000
cuda_warp(blk64)(xcol),double,local,local,16384,16384,20,1,1,1,20,1.200000002e-07,3.160521400e-02,3.250750000e-04,3.193040900e-02,3.083972327e-02,3.051452827e-02,1.090685725e-03,348.168437,351.878887,351.878887,6.179519892e-04,4.616000056e-04,1.113373066e-05,column,0,-1.000000000e+00,-1.000000
cuda_warp(blk64)(xcol),double,local,local,16384,16384,32,1,1,1,1,2.020000001e-07,5.502063000e-02,5.637870000e-04,5.558461900e-02,4.948789342e-02,4.892390442e-02,6.096725581e-03,347.152970,351.154909,351.154909,9.753280282e-04,5.108704090e-03,1.269346273e-05,column,0,-1.000000000e+00,-1.000000
cuda_warp(blk64)(xcol),double,local,local,16384,16384,32,1,1,1,2,2.079999999e-07,5.089089000e-02,5.305800000e-04,5.142167800e-02,4.953715473e-02,4.900636673e-02,1.884523270e-03,346.807750,350.564025,350.564025,1.006335974e-03,8.669120073e-04,1.127528919e-05,column,0,-1.000000000e+00,-1.000000
cuda_warp(blk64)(xcol),double,local,local,16384,16384,32,1,1,1,3,9.899999998e-08,5.072775100e-02,5.307720000e-04,5.125862200e-02,4.943899783e-02,4.890812683e-02,1.819624169e-03,347.496307,351.268190,351.268190,9.814400077e-04,8.261759877e-04,1.200817354e-05,column,0,-1.000000000e+00,-1.000000
cuda_warp(blk64)(xcol),double,local,local,16384,16384,32,1,1,1,4,1.039999999e-07,5.081691900e-02,5.201090000e-04,5.133713200e-02,4.953592574e-02,4.901571274e-02,1.801206262e-03,346.816355,350.497182,350.497182,9.751039743e-04,8.147839904e-04,1.131829724e-05,column,0,-1.000000000e+00,-1.000000
cuda_warp(blk64)(xcol),double,local,local,16384,16384,32,1,1,1,5,1.709999999e-07,5.076331100e-02,5.074030000e-04,5.127088500e-02,4.943797485e-02,4.893040085e-02,1.832910152e-03,347.503498,351.108286,351.108286,9.878079891e-04,8.329920173e-04,1.211014522e-05,column,0,-1.000000000e+00,-1.000000
cuda_warp(blk64)(xcol),double,local,local,16384,16384,32,1,1,1,6,1.020000000e-07,5.075906800e-02,6.231560000e-04,5.138232600e-02,4.952786768e-02,4.890460968e-02,1.854458320e-03,346.872781,351.293453,351.293453,9.851520061e-04,8.569279909e-04,1.237832276e-05,column,0,-1.000000000e+00,-1.000000
cuda_warp(blk64)(xcol),double,local,local,16384,16384,32,1,1,1,7,1.699999999e-07,5.081282400e-02,5.477500000e-04,5.136074400e-02,4.953240181e-02,4.898448181e-02,1.828342188e-03,346.841028,350.720648,350.720648,9.609919786e-04,8.561919928e-04,1.115821707e-05,column,0,-1.000000000e+00,-1.000000
cuda_warp(blk64)(xcol),double,local,local,16384,16384,32,1,1,1,8,2.019999998e-07,5.073069900e-02,5.350860000e-04,5.126598700e-02,4.945704856e-02,4.892176056e-02,1.808938441e-03,347.369479,351.170297,351.170297,9.650239944e-04,8.322240114e-04,1.169043505e-05,column,0,-1.000000000e+00,-1.000000
cuda_warp(blk64)(xcol),double,local,local,16384,16384,32,1,1,1,9,2.350000003e-07,5.071880000e-02,5.160430000e-04,5.123507800e-02,4.942898247e-02,4.891270447e-02,1.806095532e-03,347.566717,351.235315,351.235315,9.625599980e-04,8.326079845e-04,1.092754965e-05,column,0,-1.000000000e+00,-1.000000
cuda_warp(blk64)(xcol),double,local,local,16384,16384,32,1,1,1,10,1.990000000e-07,5.128826000e-02,1.039536000e-03,5.232799500e-02,5.004556004e-02,4.900582504e-02,2.282434957e-03,343.284582,350.567900,350.567900,9.817280173e-04,1.287840009e-03,1.286693121e-05,column,0,-1.000000000e+00,-1.000000
cuda_warp(blk64)(xcol),double,local,local,16384,16384,32,1,1,1,11,1.899999997e-07,5.082063400e-02,5.124520000e-04,5.133327600e-02,4.953171549e-02,4.901907349e-02,1.801560514e-03,346.845834,350.473152,350.473152,9.658240080e-04,8.229119778e-04,1.282452792e-05,column,0,-1.000000000e+00,-1.000000
cuda_warp(blk64)(xcol),double,local,local,16384,16384,32,1,1,1,12,2.710000002e-07,5.081499300e-02,5.184900000e-04,5.133375400e-02,4.950519212e-02,4.898643112e-02,1.828561878e-03,347.031664,350.706691,350.706691,9.720640182e-04,8.444160223e-04,1.208183762e-05,column,0,-1.000000000e+00,-1.000000
cuda_warp(blk64)(xcol),double,local,local,16384,16384,32,1,1,1,13,8.440000001e-07,5.074950600e-02,5.222560000e-04,5.127260600e-02,4.942866717e-02,4.890556717e-02,1.843938831e-03,347.568935,351.286575,351.286575,1.005375981e-03,8.276479840e-04,1.091486545e-05,column,0,-1.000000000e+00,-1.000000
cuda_warp(blk64)(xcol),double,local,local,16384,16384,32,1,1,1,14,1.739999997e-07,5.068488500e-02,5.567590000e-04,5.124181800e-02,4.944669206e-02,4.888975906e-02,1.795125936e-03,347.442235,351.400161,351.400161,9.772160053e-04,8.069440126e-04,1.096591831e-05,column,0,-1.000000000e+00,-1.000000
cuda_warp(blk64)(xcol),double,local,local,16384,16384,32,1,1,1,15,1.909999998e-07,5.073050300e-02,5.270340000e-04,5.125772800e-02,4.944972180e-02,4.892249680e-02,1.808006204e-03,347.420947,351.165012,351.165012,9.940800071e-04,8.023040295e-04,1.162216780e-05,column,0,-1.000000000e+00,-1.000000
cuda_warp(blk64)(xcol),double,local,local,16384,16384,32,1,1,1,16,1.799999998e-07,5.070003900e-02,5.042480000e-04,5.120446700e-02,4.940014181e-02,4.889571381e-02,1.804325194e-03,347.769633,351.357365,351.357365,9.751679897e-04,8.177279830e-04,1.142922112e-05,column,0,-1.000000000e+00,-1.000000
cuda_warp(blk64)(xcol),double,local,local,16384,16384,32,1,1,1,17,1.799999998e-07,5.069030600e-02,5.220590000e-04,5.121254500e-02,4.942745522e-02,4.890521622e-02,1.785089783e-03,347.577457,351.289096,351.289096,9.720000029e-04,8.027520180e-04,1.033776212e-05,column,0,-1.000000000e+00,-1.000000
cuda_warp(blk64)(xcol),double,local,local,16384,16384,32,1,1,1,18,1.679999997e-07,5.069685200e-02,5.433920000e-04,5.124041200e-02,4.944247052e-02,4.889891052e-02,1.797941478e-03,347.471900,351.334396,351.334396,9.704959989e-04,8.165760040e-04,1.086947465e-05,column,0,-1.000000000e+00,-1.000000
cuda_warp(blk64)(xcol),double,local,local,16384,16384,32,1,1,1,19,5.029999999e-07,5.077007700e-02,5.130070000e-04,5.128358700e-02,4.949415041e-02,4.898064041e-02,1.789436589e-03,347.109083,350.748154,350.748154,9.731199741e-04,8.045120239e-04,1.180459056e-05,column,0,-1.000000000e+00,-1.000000
cuda_warp(blk64)(xcol),double,local,local,16384,16384,32,1,1,1,20,1.670000001e-07,5.074339400e-02,5.063170000e-04,5.124987800e-02,4.944513985e-02,4.893865585e-02,1.804738147e-03,347.453142,351.049061,351.049061,9.712319970e-04,8.220480084e-04,1.145814127e-05,column,0,-1.000000000e+00,-1.000000
cuda_warp(blk128)(xcol),double,local,local,16384,16384,3,1,1,1,1,1.450000000e-07,5.631104000e-03,4.448300000e-05,5.675732000e-03,5.450740194e-03,5.406112194e-03,2.249918059e-04,295.485141,297.924401,297.924401,1.225920022e-04,9.228800237e-05,1.011180141e-05,column,0,-1.000000000e+00,-1.000000
cuda_warp(blk128)(xcol),double,local,local,16384,16384,3,1,1,1,2,1.709999999e-07,5.639620000e-03,4.397000000e-05,5.683761000e-03,5.456684774e-03,5.412543774e-03,2.270762263e-04,295.163236,297.570385,297.570385,1.209279969e-04,9.632000327e-05,9.828226144e-06,column,0,-1.000000000e+00,-1.000000
cuda_warp(blk128)(xcol),double,local,local,16384,16384,3,1,1,1,3,1.160000000e-07,5.632229000e-03,4.585700000e-05,5.678202000e-03,5.458164868e-03,5.412191868e-03,2.200371322e-04,295.083196,297.589734,297.589734,1.202239990e-04,9.126400203e-05,8.549131123e-06,column,0,-1.000000000e+00,-1.000000
cuda_warp(blk128)(xcol),double,local,local,16384,16384,3,1,1,1,4,1.160000000e-07,5.639869000e-03,4.437200000e-05,5.684357000e-03,5.458983945e-03,5.414495945e-03,2.253730550e-04,295.038922,297.463098,297.463098,1.203520000e-04,9.516800195e-05,9.853053075e-06,column,0,-1.000000000e+00,-1.000000
cuda_warp(blk128)(xcol),double,local,local,16384,16384,3,1,1,1,5,1.120000002e-07,5.632311000e-03,4.331600000e-05,5.675739000e-03,5.453988131e-03,5.410560131e-03,2.217508689e-04,295.309175,297.679482,297.679482,1.194880009e-04,9.238400310e-05,9.878864955e-06,column,0,-1.000000000e+00,-1.000000
cuda_warp(blk128)(xcol),double,local,local,16384,16384,3,1,1,1,6,1.390000000e-07,5.624618000e-03,4.380500000e-05,5.668562000e-03,5.447400211e-03,5.403456211e-03,2.211617889e-04,295.666313,298.070841,298.070841,1.213760003e-04,8.956799656e-05,1.021779200e-05,column,0,-1.000000000e+00,-1.000000
cuda_warp(blk128)(xcol),double,local,local,16384,16384,3,1,1,1,7,1.159999998e-07,5.625348000e-03,4.403300000e-05,5.669497000e-03,5.444981176e-03,5.400832176e-03,2.245158238e-04,295.797668,298.215661,298.215661,1.199679971e-04,9.487999976e-05,9.667826961e-06,column,0,-1.000000000e+00,-1.000000
cuda_warp(blk128)(xcol),double,local,local,16384,16384,3,1,1,1,8,1.490000001e-07,5.599824000e-03,4.357500000e-05,5.643548000e-03,5.420780122e-03,5.377056122e-03,2.227678782e-04,297.118256,299.534299,299.534299,1.198080033e-04,9.459199756e-05,8.367877304e-06,column,0,-1.000000000e+00,-1.000000
cuda_warp(blk128)(xcol),double,local,local,16384,16384,3,1,1,1,9,1.139999999e-07,5.556504000e-03,4.380200000e-05,5.600420000e-03,5.380460037e-03,5.336544037e-03,2.199599631e-04,299.344800,301.808197,301.808197,1.200959980e-04,9.164799750e-05,8.215967588e-06,column,0,-1.000000000e+00,-1.000000
cuda_warp(blk128)(xcol),double,local,local,16384,16384,3,1,1,1,10,1.160000000e-07,5.554568000e-03,4.419700000e-05,5.598881000e-03,5.375960873e-03,5.331647873e-03,2.229201271e-04,299.595323,302.085354,302.085354,1.215680018e-04,9.104000032e-05,1.031212495e-05,column,0,-1.000000000e+00,-1.000000
cuda_warp(blk128)(xcol),double,local,local,16384,16384,3,1,1,1,11,1.310000002e-07,5.546094000e-03,4.401700000e-05,5.590242000e-03,5.368435891e-03,5.324287891e-03,2.218061086e-04,300.015269,302.502939,302.502939,1.190399975e-04,9.279999882e-05,9.966112334e-06,column,0,-1.000000000e+00,-1.000000
cuda_warp(blk128)(xcol),double,local,local,16384,16384,3,1,1,1,12,1.159999998e-07,5.556662000e-03,4.330600000e-05,5.600084000e-03,5.383678214e-03,5.340256214e-03,2.164057859e-04,299.165862,301.598401,301.598401,1.195840016e-04,8.860799670e-05,8.213787555e-06,column,0,-1.000000000e+00,-1.000000
cuda_warp(blk128)(xcol),double,local,local,16384,16384,3,1,1,1,13,1.109999999e-07,5.565334000e-03,4.332200000e-05,5.608767000e-03,5.382376958e-03,5.338943958e-03,2.263900417e-04,299.238189,301.672531,301.672531,1.202239990e-04,9.676799923e-05,9.398043462e-06,column,0,-1.000000000e+00,-1.000000
cuda_warp(blk128)(xcol),double,local,local,16384,16384,3,1,1,1,14,1.280000002e-07,5.555809000e-03,4.527000000e-05,5.601207000e-03,5.379093889e-03,5.333695889e-03,2.221131115e-04,299.420826,301.969360,301.969360,1.210879982e-04,9.228800237e-05,8.737110957e-06,column,0,-1.000000000e+00,-1.000000
cuda_warp(blk128)(xcol),double,local,local,16384,16384,3,1,1,1,15,1.099999998e-07,5.579722000e-03,4.352300000e-05,5.623355000e-03,5.385008828e-03,5.341375828e-03,2.383461722e-04,299.091940,301.535183,301.535183,1.400000006e-04,9.001599997e-05,8.330171642e-06,column,0,-1.000000000e+00,-1.000000
cuda_warp(blk128)(xcol),double,local,local,16384,16384,3,1,1,1,16,1.330000001e-07,5.537516000e-03,4.329900000e-05,5.580948000e-03,5.367016080e-03,5.323584080e-03,2.139319203e-04,300.094636,302.542932,302.542932,1.192959994e-04,8.652800322e-05,8.107917634e-06,column,0,-1.000000000e+00,-1.000000
cuda_warp(blk128)(xcol),double,local,local,16384,16384,3,1,1,1,17,1.150000000e-07,5.554459000e-03,4.375000000e-05,5.598324000e-03,5.381209170e-03,5.337344170e-03,2.171148304e-04,299.303128,301.762953,301.762953,1.197760031e-04,8.777599782e-05,9.562829503e-06,column,0,-1.000000000e+00,-1.000000
cuda_warp(blk128)(xcol),double,local,local,16384,16384,3,1,1,1,18,1.370000002e-07,5.551905000e-03,4.462200000e-05,5.596664000e-03,5.374199117e-03,5.329440117e-03,2.224648831e-04,299.693536,302.210495,302.210495,1.202239990e-04,9.241600335e-05,9.824880748e-06,column,0,-1.000000000e+00,-1.000000
cuda_warp(blk128)(xcol),double,local,local,16384,16384,3,1,1,1,19,1.110000001e-07,5.551325000e-03,4.428200000e-05,5.595718000e-03,5.380905089e-03,5.336512089e-03,2.148129112e-04,299.320042,301.810004,301.810004,1.189439967e-04,8.716800064e-05,8.700913858e-06,column,0,-1.000000000e+00,-1.000000
cuda_warp(blk128)(xcol),double,local,local,16384,16384,3,1,1,1,20,1.110000001e-07,5.574283000e-03,4.451800000e-05,5.618912000e-03,5.400020979e-03,5.355391979e-03,2.188910208e-04,298.260459,300.746004,300.746004,1.221759990e-04,8.761599660e-05,9.099025197e-06,column,0,-1.000000000e+00,-1.000000
cuda_warp(blk128)(xcol),double,local,local,16384,16384,6,1,1,1,1,1.279999999e-07,1.227928300e-02,9.077800000e-05,1.237018900e-02,9.260025835e-03,9.169119835e-03,3.110163165e-03,347.863551,351.312397,351.312397,2.288639992e-04,2.871871948e-03,9.427217610e-06,column,0,-1.000000000e+00,-1.000000
cuda_warp(blk128)(xcol),double,local,local,16384,16384,6,1,1,1,2,2.100000001e-07,9.601263000e-03,9.118200000e-05,9.692655000e-03,9.256032427e-03,9.164640427e-03,4.366225734e-04,348.013633,351.484109,351.484109,2.368640006e-04,1.893759966e-04,1.038257622e-05,column,0,-1.000000000e+00,-1.000000
cuda_warp(blk128)(xcol),double,local,local,16384,16384,6,1,1,1,3,1.439999999e-07,9.586480000e-03,8.963400000e-05,9.676258000e-03,9.257938439e-03,9.168160439e-03,4.183195615e-04,347.941984,351.349160,351.349160,2.313600034e-04,1.767999977e-04,1.015956042e-05,column,0,-1.000000000e+00,-1.000000
cuda_warp(blk128)(xcol),double,local,local,16384,16384,6,1,1,1,4,1.130000000e-07,9.579962000e-03,8.848500000e-05,9.668560000e-03,9.257462250e-03,9.168864250e-03,4.110977498e-04,347.959882,351.322190,351.322190,2.292480022e-04,1.715520024e-04,1.029774522e-05,column,0,-1.000000000e+00,-1.000000
cuda_warp(blk128)(xcol),double,local,local,16384,16384,6,1,1,1,5,1.370000000e-07,9.584658000e-03,8.859500000e-05,9.673390000e-03,9.257148023e-03,9.168416023e-03,4.162419767e-04,347.971693,351.339366,351.339366,2.326720059e-04,1.743360013e-04,9.233969577e-06,column,0,-1.000000000e+00,-1.000000
cuda_warp(blk128)(xcol),double,local,local,16384,16384,6,1,1,1,6,1.130000000e-07,9.590505000e-03,8.914900000e-05,9.679767000e-03,9.258766166e-03,9.169504166e-03,4.210008344e-04,347.910879,351.297673,351.297673,2.328319997e-04,1.786559969e-04,9.512837772e-06,column,0,-1.000000000e+00,-1.000000
cuda_warp(blk128)(xcol),double,local,local,16384,16384,6,1,1,1,7,9.300000015e-08,9.587187000e-03,8.857300000e-05,9.675853000e-03,9.256121673e-03,9.167455673e-03,4.197313268e-04,348.010277,351.376171,351.376171,2.323520035e-04,1.773760021e-04,1.000332125e-05,column,0,-1.000000000e+00,-1.000000
cuda_warp(blk128)(xcol),double,local,local,16384,16384,6,1,1,1,8,1.269999998e-07,9.587699000e-03,8.945400000e-05,9.677280000e-03,9.261068808e-03,9.171487808e-03,4.162111918e-04,347.824375,351.221693,351.221693,2.366719991e-04,1.710720062e-04,8.467186450e-06,column,0,-1.000000000e+00,-1.000000
cuda_warp(blk128)(xcol),double,local,local,16384,16384,6,1,1,1,9,1.199999999e-07,9.582797000e-03,8.939100000e-05,9.672308000e-03,9.259110533e-03,9.169599533e-03,4.131974669e-04,347.897939,351.294019,351.294019,2.313279957e-04,1.731200069e-04,8.749464342e-06,column,0,-1.000000000e+00,-1.000000
cuda_warp(blk128)(xcol),double,local,local,16384,16384,6,1,1,1,10,1.450000000e-07,9.576306000e-03,8.872600000e-05,9.665177000e-03,9.251335142e-03,9.162464142e-03,4.138418582e-04,348.190334,351.567594,351.567594,2.321919948e-04,1.726399958e-04,9.009867554e-06,column,0,-1.000000000e+00,-1.000000
cuda_warp(blk128)(xcol),double,local,local,16384,16384,6,1,1,1,11,1.380000001e-07,9.580793000e-03,8.818600000e-05,9.669117000e-03,9.252676417e-03,9.164352417e-03,4.164405830e-04,348.139860,351.495155,351.495155,2.357439995e-04,1.720000058e-04,8.696577685e-06,column,0,-1.000000000e+00,-1.000000
cuda_warp(blk128)(xcol),double,local,local,16384,16384,6,1,1,1,12,1.340000000e-07,9.574079000e-03,8.916400000e-05,9.663377000e-03,9.254066219e-03,9.164768219e-03,4.093107810e-04,348.087575,351.479208,351.479208,2.299840003e-04,1.702399999e-04,9.086780790e-06,column,0,-1.000000000e+00,-1.000000
cuda_warp(blk128)(xcol),double,local,local,16384,16384,6,1,1,1,13,1.430000001e-07,9.575312000e-03,8.824100000e-05,9.663696000e-03,9.250879613e-03,9.162495613e-03,4.128163869e-04,348.207479,351.566386,351.566386,2.319359928e-04,1.714240015e-04,9.456392610e-06,column,0,-1.000000000e+00,-1.000000
cuda_warp(blk128)(xcol),double,local,local,16384,16384,6,1,1,1,14,1.390000000e-07,9.580741000e-03,8.944300000e-05,9.670323000e-03,9.253550086e-03,9.163968086e-03,4.167729138e-04,348.106991,351.509896,351.509896,2.348479927e-04,1.721599996e-04,9.764921490e-06,column,0,-1.000000000e+00,-1.000000
cuda_warp(blk128)(xcol),double,local,local,16384,16384,6,1,1,1,15,1.220000001e-07,9.572503000e-03,8.875900000e-05,9.661384000e-03,9.253009304e-03,9.164128304e-03,4.083746965e-04,348.127335,351.503751,351.503751,2.310400009e-04,1.681600064e-04,9.174689153e-06,column,0,-1.000000000e+00,-1.000000
cuda_warp(blk128)(xcol),double,local,local,16384,16384,6,1,1,1,16,1.180000000e-07,9.575384000e-03,9.003700000e-05,9.665539000e-03,9.253226632e-03,9.163071632e-03,4.123123676e-04,348.119159,351.544286,351.544286,2.321919948e-04,1.713919938e-04,8.728379067e-06,column,0,-1.000000000e+00,-1.000000
cuda_warp(blk128)(xcol),double,local,local,16384,16384,6,1,1,1,17,1.150000000e-07,9.576232000e-03,8.821100000e-05,9.664558000e-03,9.251333736e-03,9.163007736e-03,4.132242638e-04,348.190387,351.546737,351.546737,2.353920043e-04,1.680639982e-04,9.768261320e-06,column,0,-1.000000000e+00,-1.000000
cuda_warp(blk128)(xcol),double,local,local,16384,16384,6,1,1,1,18,8.799999995e-08,9.569773000e-03,8.868400000e-05,9.658545000e-03,9.252803982e-03,9.164031982e-03,4.057410176e-04,348.135060,351.507445,351.507445,2.300799936e-04,1.656319946e-04,1.002902937e-05,column,0,-1.000000000e+00,-1.000000
cuda_warp(blk128)(xcol),double,local,local,16384,16384,6,1,1,1,19,1.510000001e-07,9.573478000e-03,9.036400000e-05,9.663993000e-03,9.253843171e-03,9.163328171e-03,4.101498292e-04,348.095965,351.534444,351.534444,2.319680005e-04,1.678079963e-04,1.037383242e-05,column,0,-1.000000000e+00,-1.000000
cuda_warp(blk128)(xcol),double,local,local,16384,16384,6,1,1,1,20,1.420000002e-07,9.579621000e-03,8.905600000e-05,9.668819000e-03,9.253005869e-03,9.163807869e-03,4.158131310e-04,348.127464,351.516042,351.516042,2.358399928e-04,1.705600023e-04,9.413135954e-06,column,0,-1.000000000e+00,-1.000000
cuda_warp(blk128)(xcol),double,local,local,16384,16384,8,1,1,1,1,1.090000001e-07,1.287910900e-02,1.218070000e-04,1.300102500e-02,1.243903560e-02,1.231711960e-02,5.619894016e-04,345.281373,348.699001,348.699001,3.057599962e-04,2.462719977e-04,9.957407745e-06,column,0,-1.000000000e+00,-1.000000
cuda_warp(blk128)(xcol),double,local,local,16384,16384,8,1,1,1,2,1.300000001e-07,1.287347000e-02,1.211140000e-04,1.299471400e-02,1.243727641e-02,1.231603241e-02,5.574375903e-04,345.330212,348.729782,348.729782,3.050239980e-04,2.415039986e-04,1.090959367e-05,column,0,-1.000000000e+00,-1.000000
cuda_warp(blk128)(xcol),double,local,local,16384,16384,8,1,1,1,3,1.149999997e-07,1.281646200e-02,1.234370000e-04,1.294001400e-02,1.238233629e-02,1.225878429e-02,5.576777059e-04,346.862433,350.358338,350.358338,3.016960025e-04,2.462400049e-04,9.741698491e-06,column,0,-1.000000000e+00,-1.000000
cuda_warp(blk128)(xcol),double,local,local,16384,16384,8,1,1,1,4,1.030000001e-07,1.282088500e-02,1.202990000e-04,1.294128700e-02,1.238379445e-02,1.226339245e-02,5.574925516e-04,346.821591,350.226686,350.226686,3.057279885e-04,2.417279929e-04,1.003657020e-05,column,0,-1.000000000e+00,-1.000000
cuda_warp(blk128)(xcol),double,local,local,16384,16384,8,1,1,1,5,9.800000011e-08,1.281346100e-02,1.184220000e-04,1.293198100e-02,1.237788031e-02,1.225936031e-02,5.541006866e-04,346.987302,350.341876,350.341876,3.054719865e-04,2.386880070e-04,9.940693055e-06,column,0,-1.000000000e+00,-1.000000
cuda_warp(blk128)(xcol),double,local,local,16384,16384,8,1,1,1,6,7.799999979e-08,1.281946300e-02,1.178830000e-04,1.293742400e-02,1.237933738e-02,1.226137638e-02,5.580866191e-04,346.946461,350.284272,350.284272,3.076800108e-04,2.399040014e-04,1.050260693e-05,column,0,-1.000000000e+00,-1.000000
cuda_warp(blk128)(xcol),double,local,local,16384,16384,8,1,1,1,7,9.099999998e-08,1.281024000e-02,1.179710000e-04,1.292830200e-02,1.237806223e-02,1.226000023e-02,5.502397711e-04,346.982203,350.323590,350.323590,3.064320087e-04,2.339199930e-04,9.887769332e-06,column,0,-1.000000000e+00,-1.000000
cuda_warp(blk128)(xcol),double,local,local,16384,16384,8,1,1,1,8,9.700000003e-08,1.280738300e-02,1.183200000e-04,1.292580000e-02,1.237947295e-02,1.226105595e-02,5.463270536e-04,346.942662,350.293426,350.293426,3.055360019e-04,2.300159931e-04,1.077505861e-05,column,0,-1.000000000e+00,-1.000000
cuda_warp(blk128)(xcol),double,local,local,16384,16384,8,1,1,1,9,8.399999984e-08,1.280688300e-02,1.189530000e-04,1.292592000e-02,1.237682947e-02,1.225779247e-02,5.490905272e-04,347.016763,350.386687,350.386687,3.014400005e-04,2.369920015e-04,1.065852509e-05,column,0,-1.000000000e+00,-1.000000
cuda_warp(blk128)(xcol),double,local,local,16384,16384,8,1,1,1,10,1.239999998e-07,1.280175900e-02,1.211840000e-04,1.292306700e-02,1.237925974e-02,1.225795174e-02,5.438072635e-04,346.948637,350.382135,350.382135,3.039680123e-04,2.291200012e-04,1.071925002e-05,column,0,-1.000000000e+00,-1.000000
cuda_warp(blk128)(xcol),double,local,local,16384,16384,8,1,1,1,11,1.079999998e-07,1.279619700e-02,1.187400000e-04,1.291504500e-02,1.236883179e-02,1.224998379e-02,5.462132125e-04,347.241144,350.610039,350.610039,3.043519855e-04,2.318399996e-04,1.002122745e-05,column,0,-1.000000000e+00,-1.000000
cuda_warp(blk128)(xcol),double,local,local,16384,16384,8,1,1,1,12,9.000000012e-08,1.280052700e-02,1.199060000e-04,1.292052300e-02,1.237238019e-02,1.225238419e-02,5.481428142e-04,347.141555,350.541350,350.541350,3.060480058e-04,2.311040014e-04,1.099080699e-05,column,0,-1.000000000e+00,-1.000000
cuda_warp(blk128)(xcol),double,local,local,16384,16384,8,1,1,1,13,9.000000012e-08,1.280377000e-02,1.192060000e-04,1.292306600e-02,1.237721627e-02,1.225792027e-02,5.458497348e-04,347.005918,350.383034,350.383034,3.028799891e-04,2.330559939e-04,9.913751740e-06,column,0,-1.000000000e+00,-1.000000
cuda_warp(blk128)(xcol),double,local,local,16384,16384,8,1,1,1,14,8.999999990e-08,1.279858700e-02,1.187440000e-04,1.291742100e-02,1.237044952e-02,1.225161552e-02,5.469714757e-04,347.195733,350.563343,350.563343,3.047040105e-04,2.320320010e-04,1.023546420e-05,column,0,-1.000000000e+00,-1.000000
cuda_warp(blk128)(xcol),double,local,local,16384,16384,8,1,1,1,15,7.900000010e-08,1.279333900e-02,1.185330000e-04,1.291195100e-02,1.236894769e-02,1.225033569e-02,5.430033066e-04,347.237890,350.599968,350.599968,3.023999929e-04,2.314240038e-04,9.179309858e-06,column,0,-1.000000000e+00,-1.000000
cuda_warp(blk128)(xcol),double,local,local,16384,16384,8,1,1,1,16,7.599999985e-08,1.279151000e-02,1.222540000e-04,1.291384000e-02,1.237186556e-02,1.224953556e-02,5.419744394e-04,347.155995,350.622868,350.622868,3.041279912e-04,2.270080000e-04,1.083844818e-05,column,0,-1.000000000e+00,-1.000000
cuda_warp(blk128)(xcol),double,local,local,16384,16384,8,1,1,1,17,8.600000001e-08,1.278961800e-02,1.198840000e-04,1.290958800e-02,1.237158552e-02,1.225161552e-02,5.380024757e-04,347.163853,350.563343,350.563343,3.009279966e-04,2.267200053e-04,1.035447380e-05,column,0,-1.000000000e+00,-1.000000
cuda_warp(blk128)(xcol),double,local,local,16384,16384,8,1,1,1,18,9.900000020e-08,1.280442500e-02,1.185410000e-04,1.292306500e-02,1.237515169e-02,1.225651169e-02,5.479133118e-04,347.063810,350.423302,350.423302,3.147520125e-04,2.222079933e-04,1.095330601e-05,column,0,-1.000000000e+00,-1.000000
cuda_warp(blk128)(xcol),double,local,local,16384,16384,8,1,1,1,19,7.400000013e-08,1.279728800e-02,1.181760000e-04,1.291553800e-02,1.236983405e-02,1.225158405e-02,5.457039470e-04,347.213008,350.564244,350.564244,3.065600097e-04,2.284480035e-04,1.069593371e-05,column,0,-1.000000000e+00,-1.000000
cuda_warp(blk128)(xcol),double,local,local,16384,16384,8,1,1,1,20,1.060000001e-07,1.279531500e-02,1.205190000e-04,1.291594000e-02,1.237332867e-02,1.225270367e-02,5.426113333e-04,347.114945,350.532210,350.532210,3.101440072e-04,2.220479995e-04,1.041932661e-05,column,0,-1.000000000e+00,-1.000000
cuda_warp(blk128)(xcol),double,local,local,16384,16384,20,1,1,1,1,3.380000000e-07,3.187084600e-02,3.100510000e-04,3.218123500e-02,3.112818189e-02,3.081779289e-02,1.053053108e-03,344.942030,348.416198,348.416198,5.897279978e-04,4.533759952e-04,9.949114605e-06,column,0,-1.000000000e+00,-1.000000
cuda_warp(blk128)(xcol),double,local,local,16384,16384,20,1,1,1,2,2.040000000e-07,3.179637600e-02,3.167360000e-04,3.211331600e-02,3.105527656e-02,3.073833656e-02,1.058039437e-03,345.751815,349.316828,349.316828,5.935040116e-04,4.545600116e-04,9.975413633e-06,column,0,-1.000000000e+00,-1.000000
cuda_warp(blk128)(xcol),double,local,local,16384,16384,20,1,1,1,3,9.700000003e-08,3.182281700e-02,3.149780000e-04,3.213789200e-02,3.106390770e-02,3.074883270e-02,1.073984297e-03,345.655748,349.197589,349.197589,6.111360192e-04,4.517120123e-04,1.113626584e-05,column,0,-1.000000000e+00,-1.000000
cuda_warp(blk128)(xcol),double,local,local,16384,16384,20,1,1,1,4,1.150000000e-07,3.164079200e-02,3.085720000e-04,3.194947900e-02,3.091412714e-02,3.060544014e-02,1.035351860e-03,347.330468,350.833649,350.833649,5.846080184e-04,4.404799938e-04,1.026384801e-05,column,0,-1.000000000e+00,-1.000000
cuda_warp(blk128)(xcol),double,local,local,16384,16384,20,1,1,1,5,2.560000001e-07,3.156598300e-02,3.114440000e-04,3.187768300e-02,3.083285250e-02,3.052115250e-02,1.044830504e-03,348.246022,351.802516,351.802516,5.908480287e-04,4.435839951e-04,1.039847990e-05,column,0,-1.000000000e+00,-1.000000
cuda_warp(blk128)(xcol),double,local,local,16384,16384,20,1,1,1,6,1.590000001e-07,3.159230300e-02,3.229950000e-04,3.191545700e-02,3.085838654e-02,3.053523254e-02,1.057070456e-03,347.957863,351.640297,351.640297,5.917440057e-04,4.551680088e-04,1.015844157e-05,column,0,-1.000000000e+00,-1.000000
cuda_warp(blk128)(xcol),double,local,local,16384,16384,20,1,1,1,7,1.020000000e-07,3.159359600e-02,3.093620000e-04,3.190306000e-02,3.083036091e-02,3.052089691e-02,1.072699088e-03,348.274166,351.805462,351.805462,5.924800038e-04,4.687359929e-04,1.148309164e-05,column,0,-1.000000000e+00,-1.000000
cuda_warp(blk128)(xcol),double,local,local,16384,16384,20,1,1,1,8,1.110000001e-07,3.158374100e-02,3.075290000e-04,3.189138100e-02,3.082523911e-02,3.051759911e-02,1.066141894e-03,348.332034,351.843479,351.843479,5.962880254e-04,4.591360092e-04,1.071785957e-05,column,0,-1.000000000e+00,-1.000000
cuda_warp(blk128)(xcol),double,local,local,16384,16384,20,1,1,1,9,8.099999982e-08,3.156825300e-02,3.079100000e-04,3.187624400e-02,3.082197568e-02,3.051398468e-02,1.054268320e-03,348.368915,351.885155,351.885155,5.913599730e-04,4.518719912e-04,1.103635571e-05,column,0,-1.000000000e+00,-1.000000
cuda_warp(blk128)(xcol),double,local,local,16384,16384,20,1,1,1,10,1.089999999e-07,3.156552200e-02,3.083400000e-04,3.187397100e-02,3.082345793e-02,3.051500893e-02,1.050513074e-03,348.352163,351.873344,351.873344,5.858240128e-04,4.543679953e-04,1.032106559e-05,column,0,-1.000000000e+00,-1.000000
cuda_warp(blk128)(xcol),double,local,local,16384,16384,20,1,1,1,11,1.839999999e-07,3.156755600e-02,3.118650000e-04,3.187960500e-02,3.082664022e-02,3.051459122e-02,1.052964783e-03,348.316202,351.878161,351.878161,5.919359922e-04,4.505920112e-04,1.043677950e-05,column,0,-1.000000000e+00,-1.000000
cuda_warp(blk128)(xcol),double,local,local,16384,16384,20,1,1,1,12,8.799999973e-08,3.159870200e-02,3.483360000e-04,3.194712600e-02,3.086452012e-02,3.051609612e-02,1.082605885e-03,347.888715,351.860808,351.860808,5.939840078e-04,4.734719992e-04,1.514987788e-05,column,0,-1.000000000e+00,-1.000000
cuda_warp(blk128)(xcol),double,local,local,16384,16384,20,1,1,1,13,7.700000015e-08,3.161108700e-02,3.175490000e-04,3.192871300e-02,3.083388233e-02,3.051625633e-02,1.094830668e-03,348.234391,351.858961,351.858961,5.954880118e-04,4.887360036e-04,1.060665213e-05,column,0,-1.000000000e+00,-1.000000
cuda_warp(blk128)(xcol),double,local,local,16384,16384,20,1,1,1,14,8.900000026e-08,3.158668500e-02,3.087670000e-04,3.189554100e-02,3.082402324e-02,3.051516724e-02,1.071517764e-03,348.345774,351.871519,351.871519,5.949119925e-04,4.650880098e-04,1.151776129e-05,column,0,-1.000000000e+00,-1.000000
cuda_warp(blk128)(xcol),double,local,local,16384,16384,20,1,1,1,15,1.239999996e-07,3.158216800e-02,3.117110000e-04,3.189400300e-02,3.082645864e-02,3.051462364e-02,1.067544358e-03,348.318254,351.877787,351.877787,5.973439813e-04,4.593600035e-04,1.084037330e-05,column,0,-1.000000000e+00,-1.000000
cuda_warp(blk128)(xcol),double,local,local,16384,16384,20,1,1,1,16,7.399999991e-08,3.157554800e-02,3.071650000e-04,3.188278700e-02,3.082035965e-02,3.051312065e-02,1.062427349e-03,348.387182,351.895120,351.895120,5.951039791e-04,4.575679898e-04,9.755379818e-06,column,0,-1.000000000e+00,-1.000000
cuda_warp(blk128)(xcol),double,local,local,16384,16384,20,1,1,1,17,1.109999999e-07,3.158302100e-02,3.078630000e-04,3.189099500e-02,3.082695021e-02,3.051897621e-02,1.064044788e-03,348.312699,351.827603,351.827603,5.981119871e-04,4.550400078e-04,1.089279351e-05,column,0,-1.000000000e+00,-1.000000
cuda_warp(blk128)(xcol),double,local,local,16384,16384,20,1,1,1,18,7.600000007e-08,3.209349700e-02,8.903460000e-04,3.298391900e-02,3.140213312e-02,3.051171112e-02,1.581785879e-03,341.932766,351.911376,351.911376,6.013759971e-04,9.675199986e-04,1.288988378e-05,column,0,-1.000000000e+00,-1.000000
cuda_warp(blk128)(xcol),double,local,local,16384,16384,20,1,1,1,19,7.999999996e-08,3.159854100e-02,3.068300000e-04,3.190545100e-02,3.083267065e-02,3.052576065e-02,1.072780349e-03,348.248076,351.749408,351.749408,5.970559716e-04,4.652479887e-04,1.047638904e-05,column,0,-1.000000000e+00,-1.000000
cuda_warp(blk128)(xcol),double,local,local,16384,16384,20,1,1,1,20,2.769999998e-07,3.158927900e-02,3.089840000e-04,3.189854000e-02,3.082708517e-02,3.051782417e-02,1.071454827e-03,348.311174,351.840884,351.840884,5.976639986e-04,4.623039961e-04,1.148683234e-05,column,0,-1.000000000e+00,-1.000000
cuda_warp(blk128)(xcol),double,local,local,16384,16384,32,1,1,1,1,2.000000001e-07,5.070497400e-02,5.315530000e-04,5.123672700e-02,4.943997520e-02,4.890822220e-02,1.796751802e-03,347.489438,351.267505,351.267505,9.661120176e-04,8.177919984e-04,1.284778550e-05,column,0,-1.000000000e+00,-1.000000
cuda_warp(blk128)(xcol),double,local,local,16384,16384,32,1,1,1,2,2.520000000e-07,5.068536100e-02,5.410610000e-04,5.122667400e-02,4.942355330e-02,4.888224030e-02,1.803120705e-03,347.604898,351.454211,351.454211,9.644799829e-04,8.275520205e-04,1.108870119e-05,column,0,-1.000000000e+00,-1.000000
cuda_warp(blk128)(xcol),double,local,local,16384,16384,32,1,1,1,3,2.630000000e-07,5.055457600e-02,5.218970000e-04,5.107673600e-02,4.926907010e-02,4.874691010e-02,1.807665905e-03,348.694813,352.429911,352.429911,9.743360281e-04,8.223680258e-04,1.096185091e-05,column,0,-1.000000000e+00,-1.000000
cuda_warp(blk128)(xcol),double,local,local,16384,16384,32,1,1,1,4,3.869999998e-07,5.053840800e-02,5.217760000e-04,5.106057100e-02,4.927265891e-02,4.875049591e-02,1.787912089e-03,348.669416,352.403988,352.403988,9.627839923e-04,8.132799864e-04,1.184811068e-05,column,0,-1.000000000e+00,-1.000000
cuda_warp(blk128)(xcol),double,local,local,16384,16384,32,1,1,1,5,3.650000000e-07,5.050919900e-02,5.132260000e-04,5.102279000e-02,4.923416824e-02,4.872057724e-02,1.788621760e-03,348.942001,352.620395,352.620395,9.636160135e-04,8.137279749e-04,1.127777159e-05,column,0,-1.000000000e+00,-1.000000
cuda_warp(blk128)(xcol),double,local,local,16384,16384,32,1,1,1,6,2.500000003e-07,5.052473400e-02,5.731560000e-04,5.109814000e-02,4.929340722e-02,4.872000122e-02,1.804732779e-03,348.522656,352.624564,352.624564,9.623360038e-04,8.308479786e-04,1.154879692e-05,column,0,-1.000000000e+00,-1.000000
cuda_warp(blk128)(xcol),double,local,local,16384,16384,32,1,1,1,7,2.620000004e-07,5.051988900e-02,5.444160000e-04,5.106456700e-02,4.926490047e-02,4.872022247e-02,1.799666527e-03,348.724325,352.622963,352.622963,9.538239837e-04,8.332160115e-04,1.262653166e-05,column,0,-1.000000000e+00,-1.000000
cuda_warp(blk128)(xcol),double,local,local,16384,16384,32,1,1,1,8,6.190000001e-07,5.051425800e-02,5.445930000e-04,5.105947000e-02,4.926741812e-02,4.872220612e-02,1.792051884e-03,348.706505,352.608606,352.608606,9.585919976e-04,8.220160007e-04,1.144388591e-05,column,0,-1.000000000e+00,-1.000000
cuda_warp(blk128)(xcol),double,local,local,16384,16384,32,1,1,1,9,2.360000000e-07,5.053921300e-02,5.342650000e-04,5.107371400e-02,4.925466244e-02,4.872016144e-02,1.819051562e-03,348.796811,352.623404,352.623404,9.666240215e-04,8.408960104e-04,1.153153008e-05,column,0,-1.000000000e+00,-1.000000
cuda_warp(blk128)(xcol),double,local,local,16384,16384,32,1,1,1,10,2.279999998e-07,5.052042100e-02,5.524980000e-04,5.107314700e-02,4.926917574e-02,4.871644974e-02,1.803971262e-03,348.694065,352.650271,352.650271,9.610880017e-04,8.291199803e-04,1.376328039e-05,column,0,-1.000000000e+00,-1.000000
cuda_warp(blk128)(xcol),double,local,local,16384,16384,32,1,1,1,11,2.079999999e-07,5.051176300e-02,5.286160000e-04,5.104058700e-02,4.924306503e-02,4.871424103e-02,1.797521972e-03,348.878957,352.666260,352.666260,9.622719884e-04,8.229759932e-04,1.227399062e-05,column,0,-1.000000000e+00,-1.000000
cuda_warp(blk128)(xcol),double,local,local,16384,16384,32,1,1,1,12,5.519999999e-07,5.062850600e-02,8.011260000e-04,5.143018400e-02,4.952206069e-02,4.872038269e-02,1.908123310e-03,346.913455,352.621803,352.621803,9.634559751e-04,9.318400025e-04,1.282733198e-05,column,0,-1.000000000e+00,-1.000000
cuda_warp(blk128)(xcol),double,local,local,16384,16384,32,1,1,1,13,3.629999998e-07,5.066508000e-02,5.622990000e-04,5.122774200e-02,4.928941523e-02,4.872675323e-02,1.938326765e-03,348.550883,352.575701,352.575701,9.837440252e-04,9.418240190e-04,1.275872095e-05,column,0,-1.000000000e+00,-1.000000
cuda_warp(blk128)(xcol),double,local,local,16384,16384,32,1,1,1,14,1.889999997e-07,5.059469600e-02,5.580330000e-04,5.115291800e-02,4.927943629e-02,4.872121429e-02,1.873481706e-03,348.621463,352.615784,352.615784,1.000255942e-03,8.617600203e-04,1.146574297e-05,column,0,-1.000000000e+00,-1.000000
cuda_warp(blk128)(xcol),double,local,local,16384,16384,32,1,1,1,15,1.969999999e-07,5.052789700e-02,5.538670000e-04,5.108196100e-02,4.927105542e-02,4.871699142e-02,1.810905575e-03,348.680763,352.646349,352.646349,9.823359847e-04,8.163520098e-04,1.221758096e-05,column,0,-1.000000000e+00,-1.000000
cuda_warp(blk128)(xcol),double,local,local,16384,16384,32,1,1,1,16,1.600000004e-07,5.056113900e-02,5.475720000e-04,5.110887100e-02,4.927121985e-02,4.872348785e-02,1.837651146e-03,348.679599,352.599330,352.599330,9.901120067e-04,8.365120292e-04,1.102711016e-05,column,0,-1.000000000e+00,-1.000000
cuda_warp(blk128)(xcol),double,local,local,16384,16384,32,1,1,1,17,1.119999999e-07,5.055160100e-02,5.565070000e-04,5.110822000e-02,4.927729161e-02,4.872067261e-02,1.830928393e-03,348.636636,352.619705,352.619705,9.899520278e-04,8.301759958e-04,1.080036895e-05,column,0,-1.000000000e+00,-1.000000
cuda_warp(blk128)(xcol),double,local,local,16384,16384,32,1,1,1,18,1.199999997e-07,5.055912900e-02,5.395190000e-04,5.109876800e-02,4.926264620e-02,4.872300720e-02,1.836121798e-03,348.740283,352.602809,352.602809,9.854400158e-04,8.392959833e-04,1.138579874e-05,column,0,-1.000000000e+00,-1.000000
cuda_warp(blk128)(xcol),double,local,local,16384,16384,32,1,1,1,19,1.430000003e-07,5.053068700e-02,5.297770000e-04,5.106060700e-02,4.924691142e-02,4.871699142e-02,1.813695575e-03,348.851708,352.646349,352.646349,9.696000218e-04,8.325759768e-04,1.151957675e-05,column,0,-1.000000000e+00,-1.000000
cuda_warp(blk128)(xcol),double,local,local,16384,16384,32,1,1,1,20,1.109999999e-07,5.053370900e-02,5.309150000e-04,5.106473500e-02,4.924993622e-02,4.871891022e-02,1.814798783e-03,348.830283,352.632461,352.632461,9.896320105e-04,8.137599826e-04,1.140678967e-05,column,0,-1.000000000e+00,-1.000000
cuda_warp(blk192)(xcol),double,local,local,16384,16384,3,1,1,1,1,1.170000001e-07,5.645370000e-03,4.420600000e-05,5.689693000e-03,5.460354837e-03,5.416031837e-03,2.293381625e-04,294.964848,297.378742,297.378742,1.312000006e-04,8.879999816e-05,9.338163729e-06,column,0,-1.000000000e+00,-1.000000
cuda_warp(blk192)(xcol),double,local,local,16384,16384,3,1,1,1,2,1.300000001e-07,5.641925000e-03,4.540200000e-05,5.687457000e-03,5.466684115e-03,5.421152115e-03,2.207728851e-04,294.623341,297.097868,297.097868,1.199679971e-04,9.139200300e-05,9.412885058e-06,column,0,-1.000000000e+00,-1.000000
cuda_warp(blk192)(xcol),double,local,local,16384,16384,3,1,1,1,3,1.089999999e-07,5.648295000e-03,4.632300000e-05,5.694727000e-03,5.471839887e-03,5.425407887e-03,2.228871135e-04,294.345736,296.864820,296.864820,1.210879982e-04,9.312000126e-05,8.679114087e-06,column,0,-1.000000000e+00,-1.000000
cuda_warp(blk192)(xcol),double,local,local,16384,16384,3,1,1,1,4,1.139999999e-07,5.636168000e-03,4.423400000e-05,5.680516000e-03,5.463740109e-03,5.419392109e-03,2.167758911e-04,294.782091,297.194354,297.194354,1.191039979e-04,8.873599768e-05,8.935895460e-06,column,0,-1.000000000e+00,-1.000000
cuda_warp(blk192)(xcol),double,local,local,16384,16384,3,1,1,1,5,1.080000001e-07,5.647192000e-03,4.425700000e-05,5.691557000e-03,5.472205233e-03,5.427840233e-03,2.193517672e-04,294.326084,296.731788,296.731788,1.216960028e-04,8.809600025e-05,9.559764115e-06,column,0,-1.000000000e+00,-1.000000
cuda_warp(blk192)(xcol),double,local,local,16384,16384,3,1,1,1,6,1.090000001e-07,5.644755000e-03,4.559200000e-05,5.690456000e-03,5.471364948e-03,5.425663948e-03,2.190910519e-04,294.371286,296.850810,296.850810,1.196800023e-04,8.944000304e-05,9.971046572e-06,column,0,-1.000000000e+00,-1.000000
cuda_warp(blk192)(xcol),double,local,local,16384,16384,3,1,1,1,7,1.090000001e-07,5.639187000e-03,4.711400000e-05,5.686410000e-03,5.466615109e-03,5.419392109e-03,2.197948911e-04,294.627060,297.194354,297.194354,1.184320003e-04,9.200000018e-05,9.362890624e-06,column,0,-1.000000000e+00,-1.000000
cuda_warp(blk192)(xcol),double,local,local,16384,16384,3,1,1,1,8,1.130000000e-07,5.631610000e-03,4.456700000e-05,5.676290000e-03,5.461736084e-03,5.417056084e-03,2.145539163e-04,294.890253,297.322515,297.322515,1.192319989e-04,8.524800092e-05,1.007391648e-05,column,0,-1.000000000e+00,-1.000000
cuda_warp(blk192)(xcol),double,local,local,16384,16384,3,1,1,1,9,1.129999998e-07,5.643434000e-03,4.593400000e-05,5.689481000e-03,5.471615104e-03,5.425568104e-03,2.178658962e-04,294.357828,296.856054,296.856054,1.196160018e-04,8.822400123e-05,1.002589314e-05,column,0,-1.000000000e+00,-1.000000
cuda_warp(blk192)(xcol),double,local,local,16384,16384,3,1,1,1,10,1.089999999e-07,5.644481000e-03,4.356900000e-05,5.688159000e-03,5.467613890e-03,5.423935890e-03,2.205451098e-04,294.573240,296.945386,296.945386,1.186560020e-04,9.180799872e-05,1.008110910e-05,column,0,-1.000000000e+00,-1.000000
cuda_warp(blk192)(xcol),double,local,local,16384,16384,3,1,1,1,11,1.079999998e-07,5.653620000e-03,4.489200000e-05,5.698620000e-03,5.461031837e-03,5.416031837e-03,2.375881625e-04,294.928282,297.378742,297.378742,1.355839968e-04,9.196799994e-05,1.003616583e-05,column,0,-1.000000000e+00,-1.000000
cuda_warp(blk192)(xcol),double,local,local,16384,16384,3,1,1,1,12,1.130000000e-07,5.645579000e-03,4.592300000e-05,5.691615000e-03,5.471828217e-03,5.425792217e-03,2.197867827e-04,294.346363,296.843792,296.843792,1.201919988e-04,8.924800158e-05,1.034678239e-05,column,0,-1.000000000e+00,-1.000000
cuda_warp(blk192)(xcol),double,local,local,16384,16384,3,1,1,1,13,1.110000001e-07,5.644661000e-03,4.636600000e-05,5.691138000e-03,5.466924826e-03,5.420447826e-03,2.242131736e-04,294.610368,297.136471,297.136471,1.201599985e-04,9.475199878e-05,9.301176296e-06,column,0,-1.000000000e+00,-1.000000
cuda_warp(blk192)(xcol),double,local,local,16384,16384,3,1,1,1,14,1.439999999e-07,5.652376000e-03,4.381200000e-05,5.696332000e-03,5.464307982e-03,5.420351982e-03,2.320240179e-04,294.751456,297.141725,297.141725,1.313920021e-04,9.040000290e-05,1.023201288e-05,column,0,-1.000000000e+00,-1.000000
cuda_warp(blk192)(xcol),double,local,local,16384,16384,3,1,1,1,15,1.140000001e-07,5.640294000e-03,4.563200000e-05,5.686040000e-03,5.470354231e-03,5.424608231e-03,2.156857694e-04,294.425675,296.908582,296.908582,1.210879982e-04,8.547200263e-05,9.125768632e-06,column,0,-1.000000000e+00,-1.000000
cuda_warp(blk192)(xcol),double,local,local,16384,16384,3,1,1,1,16,1.190000001e-07,5.638789000e-03,4.532800000e-05,5.684236000e-03,5.468359121e-03,5.422912121e-03,2.158768792e-04,294.533095,297.001445,297.001445,1.200319976e-04,8.544000238e-05,1.040487924e-05,column,0,-1.000000000e+00,-1.000000
cuda_warp(blk192)(xcol),double,local,local,16384,16384,3,1,1,1,17,1.169999999e-07,5.647944000e-03,4.463900000e-05,5.692700000e-03,5.472499912e-03,5.427743912e-03,2.202000883e-04,294.310235,296.737054,296.737054,1.201279983e-04,9.158399701e-05,8.488092953e-06,column,0,-1.000000000e+00,-1.000000
cuda_warp(blk192)(xcol),double,local,local,16384,16384,3,1,1,1,18,1.169999999e-07,5.638655000e-03,4.427100000e-05,5.683043000e-03,5.466436092e-03,5.422048092e-03,2.166069081e-04,294.636708,297.048774,297.048774,1.222079992e-04,8.473599702e-05,9.662911861e-06,column,0,-1.000000000e+00,-1.000000
cuda_warp(blk192)(xcol),double,local,local,16384,16384,3,1,1,1,19,1.139999999e-07,5.633128000e-03,4.513500000e-05,5.678377000e-03,5.461153045e-03,5.415904045e-03,2.172239549e-04,294.921736,297.385759,297.385759,1.185280010e-04,8.915200084e-05,9.543953040e-06,column,0,-1.000000000e+00,-1.000000
cuda_warp(blk192)(xcol),double,local,local,16384,16384,3,1,1,1,20,1.359999999e-07,5.625639000e-03,4.380900000e-05,5.669584000e-03,5.457449124e-03,5.413504124e-03,2.121348763e-04,295.121897,297.517597,297.517597,1.191039979e-04,8.342400193e-05,9.606876434e-06,column,0,-1.000000000e+00,-1.000000
cuda_warp(blk192)(xcol),double,local,local,16384,16384,6,1,1,1,1,1.899999997e-07,9.608242000e-03,9.096400000e-05,9.699396000e-03,9.285265824e-03,9.194111824e-03,4.141301760e-04,346.917959,350.357439,350.357439,2.403199971e-04,1.625919938e-04,1.121818508e-05,column,0,-1.000000000e+00,-1.000000
cuda_warp(blk192)(xcol),double,local,local,16384,16384,6,1,1,1,2,1.770000002e-07,9.611679000e-03,9.301400000e-05,9.704870000e-03,9.293063017e-03,9.199872017e-03,4.118069831e-04,346.626884,350.138074,350.138074,2.322559953e-04,1.688320041e-04,1.071898375e-05,column,0,-1.000000000e+00,-1.000000
cuda_warp(blk192)(xcol),double,local,local,16384,16384,6,1,1,1,3,1.800000002e-07,9.606689000e-03,9.313500000e-05,9.700004000e-03,9.293026800e-03,9.199711800e-03,4.069772004e-04,346.628234,350.144172,350.144172,2.329279929e-04,1.638080031e-04,1.024120437e-05,column,0,-1.000000000e+00,-1.000000
cuda_warp(blk192)(xcol),double,local,local,16384,16384,6,1,1,1,4,1.599999999e-07,9.601700000e-03,9.216200000e-05,9.694022000e-03,9.291297563e-03,9.198975563e-03,4.027244370e-04,346.692747,350.172196,350.172196,2.324479967e-04,1.603839993e-04,9.892440867e-06,column,0,-1.000000000e+00,-1.000000
cuda_warp(blk192)(xcol),double,local,local,16384,16384,6,1,1,1,5,1.799999998e-07,9.601516000e-03,9.279500000e-05,9.694491000e-03,9.289999345e-03,9.197024345e-03,4.044916546e-04,346.741195,350.246487,350.246487,2.312639952e-04,1.635520011e-04,9.675658313e-06,column,0,-1.000000000e+00,-1.000000
cuda_warp(blk192)(xcol),double,local,local,16384,16384,6,1,1,1,6,2.120000002e-07,9.603051000e-03,9.102200000e-05,9.694285000e-03,9.291873725e-03,9.200639725e-03,4.024112753e-04,346.671249,350.108859,350.108859,2.322880030e-04,1.600639969e-04,1.005927539e-05,column,0,-1.000000000e+00,-1.000000
cuda_warp(blk192)(xcol),double,local,local,16384,16384,6,1,1,1,7,1.639999998e-07,9.600852000e-03,9.039100000e-05,9.691407000e-03,9.286427307e-03,9.195872307e-03,4.049796932e-04,346.874569,350.290366,350.290366,2.313279957e-04,1.630720049e-04,1.057969260e-05,column,0,-1.000000000e+00,-1.000000
cuda_warp(blk192)(xcol),double,local,local,16384,16384,6,1,1,1,8,1.720000000e-07,9.602424000e-03,9.183100000e-05,9.694427000e-03,9.284291399e-03,9.192288399e-03,4.101356013e-04,346.954370,350.426937,350.426937,2.387519926e-04,1.615680009e-04,9.815607761e-06,column,0,-1.000000000e+00,-1.000000
cuda_warp(blk192)(xcol),double,local,local,16384,16384,6,1,1,1,9,1.900000000e-07,9.584522000e-03,1.005790000e-04,9.685291000e-03,9.281761126e-03,9.180992126e-03,4.035298735e-04,347.048952,350.858102,350.858102,2.325759977e-04,1.609279960e-04,1.002587979e-05,column,0,-1.000000000e+00,-1.000000
cuda_warp(blk192)(xcol),double,local,local,16384,16384,6,1,1,1,10,1.590000001e-07,9.582399000e-03,8.995900000e-05,9.672517000e-03,9.271141598e-03,9.181023598e-03,4.013754023e-04,347.446476,350.856899,350.856899,2.330559939e-04,1.595840007e-04,8.735407661e-06,column,0,-1.000000000e+00,-1.000000
cuda_warp(blk192)(xcol),double,local,local,16384,16384,6,1,1,1,11,1.999999999e-07,9.585508000e-03,9.331100000e-05,9.679019000e-03,9.275655165e-03,9.182144165e-03,4.033638350e-04,347.277407,350.814082,350.814082,2.345280051e-04,1.590400040e-04,9.795825823e-06,column,0,-1.000000000e+00,-1.000000
cuda_warp(blk192)(xcol),double,local,local,16384,16384,6,1,1,1,12,1.860000001e-07,9.585168000e-03,1.012940000e-04,9.686648000e-03,9.282984250e-03,9.181504250e-03,4.036637504e-04,347.003225,350.838532,350.838532,2.319680005e-04,1.624639928e-04,9.231757062e-06,column,0,-1.000000000e+00,-1.000000
cuda_warp(blk192)(xcol),double,local,local,16384,16384,6,1,1,1,13,1.400000000e-07,9.578837000e-03,9.226500000e-05,9.671242000e-03,9.273812928e-03,9.181407928e-03,3.974290715e-04,347.346393,350.842213,350.842213,2.307839990e-04,1.564799994e-04,1.016507314e-05,column,0,-1.000000000e+00,-1.000000
cuda_warp(blk192)(xcol),double,local,local,16384,16384,6,1,1,1,14,1.600000001e-07,9.583569000e-03,9.108500000e-05,9.674814000e-03,9.270860974e-03,9.179615974e-03,4.039530256e-04,347.456992,350.910701,350.910701,2.377920002e-04,1.565439999e-04,9.617025489e-06,column,0,-1.000000000e+00,-1.000000
cuda_warp(blk192)(xcol),double,local,local,16384,16384,6,1,1,1,15,1.830000000e-07,9.579547000e-03,9.069900000e-05,9.670429000e-03,9.276610073e-03,9.185728073e-03,3.938189269e-04,347.241659,350.677208,350.677208,2.327039987e-04,1.523199975e-04,8.794930646e-06,column,0,-1.000000000e+00,-1.000000
cuda_warp(blk192)(xcol),double,local,local,16384,16384,6,1,1,1,16,1.650000001e-07,9.577665000e-03,9.019400000e-05,9.668024000e-03,9.274550704e-03,9.184191704e-03,3.934732962e-04,347.318762,350.735870,350.735870,2.306880057e-04,1.528639942e-04,9.921296277e-06,column,0,-1.000000000e+00,-1.000000
cuda_warp(blk192)(xcol),double,local,local,16384,16384,6,1,1,1,17,1.500000000e-07,9.588787000e-03,9.381600000e-05,9.682753000e-03,9.280270092e-03,9.186304092e-03,4.024829076e-04,347.104711,350.655219,350.655219,2.346560061e-04,1.571519971e-04,1.067490441e-05,column,0,-1.000000000e+00,-1.000000
cuda_warp(blk192)(xcol),double,local,local,16384,16384,6,1,1,1,18,1.709999999e-07,9.572997000e-03,9.388200000e-05,9.667050000e-03,9.269284934e-03,9.175231934e-03,3.977650664e-04,347.516070,351.078370,351.078370,2.335679978e-04,1.541440040e-04,1.005306461e-05,column,0,-1.000000000e+00,-1.000000
cuda_warp(blk192)(xcol),double,local,local,16384,16384,6,1,1,1,19,1.709999999e-07,9.538947000e-03,9.113200000e-05,9.630250000e-03,9.232390532e-03,9.141087532e-03,3.978594680e-04,348.904811,352.389741,352.389741,2.300480008e-04,1.584320068e-04,9.379460308e-06,column,0,-1.000000000e+00,-1.000000
cuda_warp(blk192)(xcol),double,local,local,16384,16384,6,1,1,1,20,1.740000000e-07,9.645667000e-03,1.059700000e-04,9.751811000e-03,9.248383571e-03,9.142239571e-03,5.034274294e-04,348.301457,352.345336,352.345336,2.519359887e-04,2.393279970e-04,1.216344375e-05,column,0,-1.000000000e+00,-1.000000
cuda_warp(blk192)(xcol),double,local,local,16384,16384,8,1,1,1,1,1.020000000e-07,1.328845000e-02,1.204230000e-04,1.340897500e-02,1.286618864e-02,1.274566364e-02,5.427863571e-04,333.818150,336.974787,336.974787,3.068160117e-04,2.261759937e-04,9.794351768e-06,column,0,-1.000000000e+00,-1.000000
cuda_warp(blk192)(xcol),double,local,local,16384,16384,8,1,1,1,2,1.210000002e-07,1.328884600e-02,1.387230000e-04,1.342769000e-02,1.288102006e-02,1.274217606e-02,5.466699441e-04,333.433787,337.067019,337.067019,3.092800081e-04,2.252800018e-04,1.210993425e-05,column,0,-1.000000000e+00,-1.000000
cuda_warp(blk192)(xcol),double,local,local,16384,16384,8,1,1,1,3,1.520000001e-07,1.328803200e-02,1.235670000e-04,1.341175100e-02,1.286915853e-02,1.274543953e-02,5.425924706e-04,333.741113,336.980713,336.980713,3.087680042e-04,2.230080068e-04,1.081645959e-05,column,0,-1.000000000e+00,-1.000000
cuda_warp(blk192)(xcol),double,local,local,16384,16384,8,1,1,1,4,1.580000002e-07,1.328697800e-02,1.216830000e-04,1.340881900e-02,1.287153678e-02,1.274969578e-02,5.372822221e-04,333.679449,336.868218,336.868218,3.112320006e-04,2.155520022e-04,1.049821933e-05,column,0,-1.000000000e+00,-1.000000
cuda_warp(blk192)(xcol),double,local,local,16384,16384,8,1,1,1,5,1.660000000e-07,1.327985800e-02,1.204130000e-04,1.340043700e-02,1.286323475e-02,1.274265575e-02,5.372022459e-04,333.894808,337.054330,337.054330,3.111360073e-04,2.158080041e-04,1.025823446e-05,column,0,-1.000000000e+00,-1.000000
cuda_warp(blk192)(xcol),double,local,local,16384,16384,8,1,1,1,6,1.599999999e-07,1.329316700e-02,1.229730000e-04,1.341630000e-02,1.287375670e-02,1.275062370e-02,5.425432970e-04,333.621910,336.843702,336.843702,3.081600070e-04,2.245759964e-04,9.807293598e-06,column,0,-1.000000000e+00,-1.000000
cuda_warp(blk192)(xcol),double,local,local,16384,16384,8,1,1,1,7,1.660000002e-07,1.431322800e-02,1.229300000e-04,1.443632400e-02,1.260911227e-02,1.248601627e-02,1.827211727e-03,340.624082,343.982196,343.982196,3.127039969e-04,1.504672050e-03,9.835679129e-06,column,0,-1.000000000e+00,-1.000000
cuda_warp(blk192)(xcol),double,local,local,16384,16384,8,1,1,1,8,1.380000001e-07,1.283235600e-02,1.306990000e-04,1.296319300e-02,1.241947702e-02,1.228864002e-02,5.437159777e-04,345.825133,349.507129,349.507129,3.125759959e-04,2.210880071e-04,1.005197471e-05,column,0,-1.000000000e+00,-1.000000
cuda_warp(blk192)(xcol),double,local,local,16384,16384,8,1,1,1,9,7.599999985e-08,1.282974500e-02,1.293510000e-04,1.295917200e-02,1.241960339e-02,1.229017639e-02,5.395686084e-04,345.821614,349.463438,349.463438,3.029760122e-04,2.263360023e-04,1.025659382e-05,column,0,-1.000000000e+00,-1.000000
cuda_warp(blk192)(xcol),double,local,local,16384,16384,8,1,1,1,10,1.740000000e-07,1.282463800e-02,1.246120000e-04,1.294942400e-02,1.241365014e-02,1.228886414e-02,5.357738643e-04,345.987461,349.500755,349.500755,3.052160144e-04,2.211519927e-04,9.405857194e-06,column,0,-1.000000000e+00,-1.000000
cuda_warp(blk192)(xcol),double,local,local,16384,16384,8,1,1,1,11,1.529999998e-07,1.281716600e-02,1.257380000e-04,1.294305700e-02,1.241184261e-02,1.228595161e-02,5.312143856e-04,346.037847,349.583608,349.583608,3.035520017e-04,2.181120068e-04,9.550377122e-06,column,0,-1.000000000e+00,-1.000000
cuda_warp(blk192)(xcol),double,local,local,16384,16384,8,1,1,1,12,1.080000001e-07,1.282594200e-02,1.239380000e-04,1.294998800e-02,1.241527811e-02,1.229123211e-02,5.347098909e-04,345.942093,349.433422,349.433422,3.067199886e-04,2.172479928e-04,1.074190959e-05,column,0,-1.000000000e+00,-1.000000
cuda_warp(blk192)(xcol),double,local,local,16384,16384,8,1,1,1,13,1.089999999e-07,1.283824000e-02,1.215100000e-04,1.295985900e-02,1.241390683e-02,1.229228783e-02,5.459521735e-04,345.980307,349.403411,349.403411,3.203839958e-04,2.150399983e-04,1.052817940e-05,column,0,-1.000000000e+00,-1.000000
cuda_warp(blk192)(xcol),double,local,local,16384,16384,8,1,1,1,14,9.599999995e-08,1.284999200e-02,1.243750000e-04,1.297446300e-02,1.241423064e-02,1.228975964e-02,5.602323641e-04,345.971283,349.475289,349.475289,3.277760148e-04,2.217279971e-04,1.072835221e-05,column,0,-1.000000000e+00,-1.000000
cuda_warp(blk192)(xcol),double,local,local,16384,16384,8,1,1,1,15,7.699999993e-08,1.280805500e-02,1.182380000e-04,1.292637000e-02,1.238132312e-02,1.226300812e-02,5.450468823e-04,346.890817,350.237662,350.237662,3.222399950e-04,2.130559981e-04,9.750889235e-06,column,0,-1.000000000e+00,-1.000000
cuda_warp(blk192)(xcol),double,local,local,16384,16384,8,1,1,1,16,9.700000003e-08,1.279335900e-02,1.231220000e-04,1.291657800e-02,1.238014744e-02,1.225692844e-02,5.364305561e-04,346.923760,350.411387,350.411387,3.106560111e-04,2.156160027e-04,1.015854231e-05,column,0,-1.000000000e+00,-1.000000
cuda_warp(blk192)(xcol),double,local,local,16384,16384,8,1,1,1,17,1.040000002e-07,1.279105300e-02,1.242820000e-04,1.291543900e-02,1.238211362e-02,1.225772762e-02,5.333253770e-04,346.868671,350.388541,350.388541,3.076800108e-04,2.154559940e-04,1.018937221e-05,column,0,-1.000000000e+00,-1.000000
cuda_warp(blk192)(xcol),double,local,local,16384,16384,8,1,1,1,18,9.999999984e-08,1.600289200e-02,1.265830000e-04,1.612957500e-02,1.238207507e-02,1.225539207e-02,3.747499925e-03,346.869751,350.455315,350.455315,3.068799973e-04,3.429248095e-03,1.137183360e-05,column,0,-1.000000000e+00,-1.000000
cuda_warp(blk192)(xcol),double,local,local,16384,16384,8,1,1,1,19,1.470000002e-07,1.282781500e-02,1.224190000e-04,1.295038100e-02,1.237655045e-02,1.225398445e-02,5.738305487e-04,347.024586,350.495573,350.495573,3.288959861e-04,2.340479940e-04,1.088656861e-05,column,0,-1.000000000e+00,-1.000000
cuda_warp(blk192)(xcol),double,local,local,16384,16384,8,1,1,1,20,1.059999999e-07,1.279768200e-02,1.181400000e-04,1.291592800e-02,1.237232582e-02,1.225407982e-02,5.436021813e-04,347.143080,350.492845,350.492845,3.104960024e-04,2.234240025e-04,9.682176311e-06,column,0,-1.000000000e+00,-1.000000
cuda_warp(blk192)(xcol),double,local,local,16384,16384,20,1,1,1,1,2.390000000e-07,3.235513100e-02,3.110140000e-04,3.266638400e-02,3.159816592e-02,3.128691292e-02,1.068218082e-03,339.811439,343.192001,343.192001,5.944319963e-04,4.625920057e-04,1.119407983e-05,column,0,-1.000000000e+00,-1.000000
cuda_warp(blk192)(xcol),double,local,local,16384,16384,20,1,1,1,2,1.350000001e-07,3.195233700e-02,3.105140000e-04,3.226298600e-02,3.118312939e-02,3.087248039e-02,1.079856608e-03,344.334210,347.799014,347.799014,5.937280059e-04,4.755840003e-04,1.054460131e-05,column,0,-1.000000000e+00,-1.000000
cuda_warp(blk192)(xcol),double,local,local,16384,16384,20,1,1,1,3,1.409999999e-07,3.176430300e-02,3.057240000e-04,3.207016800e-02,3.100720854e-02,3.070134354e-02,1.062959464e-03,346.287807,349.737731,349.737731,6.128320098e-04,4.391680062e-04,1.095944765e-05,column,0,-1.000000000e+00,-1.000000
cuda_warp(blk192)(xcol),double,local,local,16384,16384,20,1,1,1,4,1.989999998e-07,3.174271100e-02,3.079200000e-04,3.205083000e-02,3.101637477e-02,3.070825577e-02,1.034455232e-03,346.185469,349.659008,349.659008,5.911359787e-04,4.329920113e-04,1.032724217e-05,column,0,-1.000000000e+00,-1.000000
cuda_warp(blk192)(xcol),double,local,local,16384,16384,20,1,1,1,5,1.400000000e-07,3.164431600e-02,3.100100000e-04,3.195446600e-02,3.091853318e-02,3.060838318e-02,1.035932821e-03,347.280972,350.799916,350.799916,5.912320018e-04,4.326399863e-04,1.206083323e-05,column,0,-1.000000000e+00,-1.000000
cuda_warp(blk192)(xcol),double,local,local,16384,16384,20,1,1,1,6,1.570000001e-07,3.161701500e-02,3.078990000e-04,3.192507100e-02,3.086517537e-02,3.055711937e-02,1.059895630e-03,347.881329,351.388431,351.388431,5.935999751e-04,4.565440118e-04,9.751643553e-06,column,0,-1.000000000e+00,-1.000000
cuda_warp(blk192)(xcol),double,local,local,16384,16384,20,1,1,1,7,1.380000001e-07,3.160552900e-02,3.052890000e-04,3.191095600e-02,3.086120360e-02,3.055577660e-02,1.049752404e-03,347.926101,351.403873,351.403873,5.922560096e-04,4.463680089e-04,1.112838550e-05,column,0,-1.000000000e+00,-1.000000
cuda_warp(blk192)(xcol),double,local,local,16384,16384,20,1,1,1,8,7.499999999e-08,3.155703000e-02,3.103040000e-04,3.186740900e-02,3.082148358e-02,3.051110458e-02,1.045925416e-03,348.374478,351.918372,351.918372,5.922560096e-04,4.430719912e-04,1.059741548e-05,column,0,-1.000000000e+00,-1.000000
cuda_warp(blk192)(xcol),double,local,local,16384,16384,20,1,1,1,9,1.100000000e-07,3.154741400e-02,3.287960000e-04,3.187632000e-02,3.080183309e-02,3.047292709e-02,1.074486906e-03,348.596728,352.359267,352.359267,5.946559906e-04,4.680320024e-04,1.179891344e-05,column,0,-1.000000000e+00,-1.000000
cuda_warp(blk192)(xcol),double,local,local,16384,16384,20,1,1,1,10,1.329999999e-07,3.151136700e-02,3.037840000e-04,3.181528400e-02,3.077806098e-02,3.047414398e-02,1.037223018e-03,348.865975,352.345196,352.345196,5.864959955e-04,4.401279986e-04,1.059902395e-05,column,0,-1.000000000e+00,-1.000000
cuda_warp(blk192)(xcol),double,local,local,16384,16384,20,1,1,1,11,1.030000001e-07,3.149683000e-02,3.058040000e-04,3.180273700e-02,3.077048372e-02,3.046457672e-02,1.032253279e-03,348.951883,352.455849,352.455849,5.867199898e-04,4.342400134e-04,1.129327567e-05,column,0,-1.000000000e+00,-1.000000
cuda_warp(blk192)(xcol),double,local,local,16384,16384,20,1,1,1,12,9.099999998e-08,3.151791900e-02,3.056750000e-04,3.182368500e-02,3.077571763e-02,3.046995163e-02,1.047967370e-03,348.892538,352.393675,352.393675,5.898240209e-04,4.426879883e-04,1.545536122e-05,column,0,-1.000000000e+00,-1.000000
cuda_warp(blk192)(xcol),double,local,local,16384,16384,20,1,1,1,13,3.629999998e-07,3.151991200e-02,3.175010000e-04,3.183777600e-02,3.078026444e-02,3.046240044e-02,1.057511564e-03,348.841000,352.481029,352.481029,5.921279788e-04,4.552319944e-04,1.015159041e-05,column,0,-1.000000000e+00,-1.000000
cuda_warp(blk192)(xcol),double,local,local,16384,16384,20,1,1,1,14,1.410000001e-07,3.153993600e-02,3.065290000e-04,3.184660600e-02,3.077127724e-02,3.046460724e-02,1.075328761e-03,348.942885,352.455496,352.455496,5.950400233e-04,4.688000083e-04,1.148872961e-05,column,0,-1.000000000e+00,-1.000000
cuda_warp(blk192)(xcol),double,local,local,16384,16384,20,1,1,1,15,1.429999998e-07,3.153458300e-02,3.014250000e-04,3.183615100e-02,3.076528069e-02,3.046371269e-02,1.070870308e-03,349.010898,352.465845,352.465845,5.952960253e-04,4.647040069e-04,1.087027555e-05,column,0,-1.000000000e+00,-1.000000
cuda_warp(blk192)(xcol),double,local,local,16384,16384,20,1,1,1,16,9.199999962e-08,3.156755900e-02,3.075510000e-04,3.187520200e-02,3.082044322e-02,3.051280022e-02,1.054758783e-03,348.386237,351.898815,351.898815,6.011199951e-04,4.426560104e-04,1.098277782e-05,column,0,-1.000000000e+00,-1.000000
cuda_warp(blk192)(xcol),double,local,local,16384,16384,20,1,1,1,17,1.430000003e-07,3.174137600e-02,3.018530000e-04,3.204337200e-02,3.099706817e-02,3.069507217e-02,1.046303826e-03,346.401091,349.809187,349.809187,5.940799713e-04,4.410879910e-04,1.113586361e-05,column,0,-1.000000000e+00,-1.000000
cuda_warp(blk192)(xcol),double,local,local,16384,16384,20,1,1,1,18,8.800000018e-08,3.226482800e-02,8.899430000e-04,3.315485900e-02,3.158567919e-02,3.069564819e-02,1.569179807e-03,339.945777,349.802623,349.802623,5.933120251e-04,9.628800154e-04,1.298776620e-05,column,0,-1.000000000e+00,-1.000000
cuda_warp(blk192)(xcol),double,local,local,16384,16384,20,1,1,1,19,7.699999971e-08,3.178535000e-02,3.039870000e-04,3.208941400e-02,3.100425550e-02,3.070019150e-02,1.085158502e-03,346.320789,349.750855,349.750855,5.946879983e-04,4.791359901e-04,1.133451376e-05,column,0,-1.000000000e+00,-1.000000
cuda_warp(blk192)(xcol),double,local,local,16384,16384,20,1,1,1,20,1.290000000e-07,3.165273400e-02,3.045700000e-04,3.195743300e-02,3.088901907e-02,3.058432007e-02,1.068413932e-03,347.612795,351.075918,351.075918,6.021440029e-04,4.549120069e-04,1.135792187e-05,column,0,-1.000000000e+00,-1.000000
cuda_warp(blk192)(xcol),double,local,local,16384,16384,32,1,1,1,1,2.020000001e-07,5.046985400e-02,5.214400000e-04,5.099149600e-02,4.925649002e-02,4.873484802e-02,1.735005978e-03,348.783869,352.517139,352.517139,9.678080082e-04,7.556160092e-04,1.158196011e-05,column,0,-1.000000000e+00,-1.000000
cuda_warp(blk192)(xcol),double,local,local,16384,16384,32,1,1,1,2,1.699999999e-07,5.049901200e-02,5.166190000e-04,5.101580100e-02,4.926619772e-02,4.874940872e-02,1.749603278e-03,348.715143,352.411847,352.411847,9.586240053e-04,7.777280211e-04,1.325125161e-05,column,0,-1.000000000e+00,-1.000000
cuda_warp(blk192)(xcol),double,local,local,16384,16384,32,1,1,1,3,7.399999991e-08,5.052727800e-02,5.235580000e-04,5.105091000e-02,4.928004832e-02,4.875641632e-02,1.770861679e-03,348.617133,352.361196,352.361196,9.630720019e-04,7.961599827e-04,1.162969458e-05,column,0,-1.000000000e+00,-1.000000
cuda_warp(blk192)(xcol),double,local,local,16384,16384,32,1,1,1,4,1.260000000e-07,5.050313900e-02,5.168990000e-04,5.102016400e-02,4.925587464e-02,4.873884964e-02,1.764289360e-03,348.788227,352.488196,352.488196,9.751999974e-04,7.775040269e-04,1.158533579e-05,column,0,-1.000000000e+00,-1.000000
cuda_warp(blk192)(xcol),double,local,local,16384,16384,32,1,1,1,5,1.240000000e-07,5.048626000e-02,5.092910000e-04,5.099567500e-02,4.924637636e-02,4.873696136e-02,1.749298635e-03,348.855499,352.501853,352.501853,9.583039880e-04,7.781119943e-04,1.288265301e-05,column,0,-1.000000000e+00,-1.000000
cuda_warp(blk192)(xcol),double,local,local,16384,16384,32,1,1,1,6,8.999999990e-08,5.048762500e-02,5.083350000e-04,5.099605000e-02,4.925322557e-02,4.874480057e-02,1.742824432e-03,348.806986,352.445163,352.445163,9.600319862e-04,7.706239820e-04,1.216846418e-05,column,0,-1.000000000e+00,-1.000000
cuda_warp(blk192)(xcol),double,local,local,16384,16384,32,1,1,1,7,8.700000009e-08,5.052348500e-02,5.685390000e-04,5.109211100e-02,4.931483419e-02,4.874620819e-02,1.777276809e-03,348.371225,352.434986,352.434986,9.590719938e-04,8.046720028e-04,1.353281246e-05,column,0,-1.000000000e+00,-1.000000
cuda_warp(blk192)(xcol),double,local,local,16384,16384,32,1,1,1,8,8.899999981e-08,5.054226800e-02,5.105260000e-04,5.105288300e-02,4.925666297e-02,4.874604797e-02,1.796220026e-03,348.782645,352.436144,352.436144,9.643520117e-04,8.188160062e-04,1.305200850e-05,column,0,-1.000000000e+00,-1.000000
cuda_warp(blk192)(xcol),double,local,local,16384,16384,32,1,1,1,9,1.240000000e-07,5.050268600e-02,5.059640000e-04,5.100877400e-02,4.923955892e-02,4.873347092e-02,1.769215083e-03,348.903799,352.527100,352.527100,9.637119770e-04,7.924799919e-04,1.302311433e-05,column,0,-1.000000000e+00,-1.000000
cuda_warp(blk192)(xcol),double,local,local,16384,16384,32,1,1,1,10,1.450000000e-07,5.131408800e-02,1.427306000e-03,5.274153900e-02,5.016703688e-02,4.873958588e-02,2.574502124e-03,342.453337,352.482871,352.482871,9.602559805e-04,1.600415945e-03,1.383019799e-05,column,0,-1.000000000e+00,-1.000000
cuda_warp(blk192)(xcol),double,local,local,16384,16384,32,1,1,1,11,1.150000002e-07,5.049227200e-02,5.014770000e-04,5.099386400e-02,4.925525411e-02,4.875366211e-02,1.738609891e-03,348.792621,352.381102,352.381102,9.599040151e-04,7.666559815e-04,1.204989402e-05,column,0,-1.000000000e+00,-1.000000
cuda_warp(blk192)(xcol),double,local,local,16384,16384,32,1,1,1,12,8.899999981e-08,5.047295800e-02,5.096160000e-04,5.098266300e-02,4.924093669e-02,4.873123169e-02,1.741726311e-03,348.894037,352.543299,352.543299,9.596160054e-04,7.698559761e-04,1.225432902e-05,column,0,-1.000000000e+00,-1.000000
cuda_warp(blk192)(xcol),double,local,local,16384,16384,32,1,1,1,13,7.999999996e-08,5.052851800e-02,5.088600000e-04,5.103745800e-02,4.926324298e-02,4.875430298e-02,1.774215021e-03,348.736058,352.376470,352.376470,9.585279822e-04,8.022080064e-04,1.347903287e-05,column,0,-1.000000000e+00,-1.000000
cuda_warp(blk192)(xcol),double,local,local,16384,16384,32,1,1,1,14,8.999999999e-07,5.050162400e-02,4.975750000e-04,5.100009900e-02,4.924205868e-02,4.874358368e-02,1.758040321e-03,348.886087,352.453962,352.453962,9.749760032e-04,7.716799974e-04,1.138432019e-05,column,0,-1.000000000e+00,-1.000000
cuda_warp(blk192)(xcol),double,local,local,16384,16384,32,1,1,1,15,1.700000003e-07,5.047503700e-02,5.011900000e-04,5.097639700e-02,4.923355299e-02,4.873219299e-02,1.742844007e-03,348.946362,352.536345,352.536345,9.630399942e-04,7.676799893e-04,1.212402326e-05,column,0,-1.000000000e+00,-1.000000
cuda_warp(blk192)(xcol),double,local,local,16384,16384,32,1,1,1,16,9.599999995e-08,5.048994400e-02,4.987150000e-04,5.098875500e-02,4.924354672e-02,4.874473572e-02,1.745208282e-03,348.875545,352.445632,352.445632,9.612159729e-04,7.706239820e-04,1.336832737e-05,column,0,-1.000000000e+00,-1.000000
cuda_warp(blk192)(xcol),double,local,local,16384,16384,32,1,1,1,17,1.400000000e-07,5.046779400e-02,5.046860000e-04,5.097262000e-02,4.924044078e-02,4.873561478e-02,1.732179223e-03,348.897551,352.511593,352.511593,9.546239972e-04,7.650240064e-04,1.253121981e-05,column,0,-1.000000000e+00,-1.000000
cuda_warp(blk192)(xcol),double,local,local,16384,16384,32,1,1,1,18,1.400000000e-07,5.048423600e-02,5.002910000e-04,5.098466700e-02,4.923786920e-02,4.873743820e-02,1.746797798e-03,348.915773,352.498404,352.498404,9.661759734e-04,7.682560086e-04,1.236581606e-05,column,0,-1.000000000e+00,-1.000000
cuda_warp(blk192)(xcol),double,local,local,16384,16384,32,1,1,1,19,1.630000002e-07,5.051033500e-02,5.012480000e-04,5.101174600e-02,4.924298052e-02,4.874156952e-02,1.768765481e-03,348.879556,352.468526,352.468526,9.869760275e-04,7.694720030e-04,1.231745049e-05,column,0,-1.000000000e+00,-1.000000
cuda_warp(blk192)(xcol),double,local,local,16384,16384,32,1,1,1,20,1.650000003e-07,5.048804400e-02,4.992190000e-04,5.098742800e-02,4.923439224e-02,4.873500824e-02,1.753035760e-03,348.940413,352.515980,352.515980,9.702079892e-04,7.706559896e-04,1.217178139e-05,column,0,-1.000000000e+00,-1.000000
cuda_warp(xcol),double,local,local,16384,16384,3,1,1,1,1,1.070000000e-07,5.643680000e-03,4.500800000e-05,5.688795000e-03,5.464827067e-03,5.419712067e-03,2.239679333e-04,294.723459,297.176809,297.176809,1.195520014e-04,9.468799829e-05,9.727933698e-06,column,0,-1.000000000e+00,-1.000000
cuda_warp(xcol),double,local,local,16384,16384,3,1,1,1,2,1.340000000e-07,5.639248000e-03,4.428600000e-05,5.683668000e-03,5.463460203e-03,5.419040203e-03,2.202077969e-04,294.797194,297.213653,297.213653,1.188800037e-04,9.212800115e-05,9.199792061e-06,column,0,-1.000000000e+00,-1.000000
cuda_warp(xcol),double,local,local,16384,16384,3,1,1,1,3,1.270000001e-07,5.630839000e-03,4.474600000e-05,5.675712000e-03,5.453192950e-03,5.408319950e-03,2.225190499e-04,295.352237,297.802784,297.802784,1.194240004e-04,9.276799858e-05,1.032705094e-05,column,0,-1.000000000e+00,-1.000000
cuda_warp(xcol),double,local,local,16384,16384,3,1,1,1,4,1.390000002e-07,5.629829000e-03,4.418100000e-05,5.674149000e-03,5.456000222e-03,5.411680222e-03,2.181487784e-04,295.200270,297.617869,297.617869,1.187840030e-04,8.950400352e-05,9.860771958e-06,column,0,-1.000000000e+00,-1.000000
cuda_warp(xcol),double,local,local,16384,16384,3,1,1,1,5,1.310000000e-07,5.621602000e-03,4.412200000e-05,5.665855000e-03,5.450109133e-03,5.405856133e-03,2.157458675e-04,295.519355,297.938513,297.938513,1.175040007e-04,8.793599904e-05,1.030586779e-05,column,0,-1.000000000e+00,-1.000000
cuda_warp(xcol),double,local,local,16384,16384,3,1,1,1,6,1.300000001e-07,5.703452000e-03,4.352800000e-05,5.747110000e-03,5.529097777e-03,5.485439777e-03,2.180122226e-04,291.297568,293.615973,293.615973,1.199359968e-04,8.931200206e-05,8.764223732e-06,column,0,-1.000000000e+00,-1.000000
cuda_warp(xcol),double,local,local,16384,16384,3,1,1,1,7,1.340000000e-07,5.623078000e-03,4.403400000e-05,5.667246000e-03,5.450439935e-03,5.406271935e-03,2.168060655e-04,295.501419,297.915598,297.915598,1.203520000e-04,8.739200234e-05,9.062063148e-06,column,0,-1.000000000e+00,-1.000000
cuda_warp(xcol),double,local,local,16384,16384,3,1,1,1,8,1.190000001e-07,5.631459000e-03,4.431100000e-05,5.675889000e-03,5.456269962e-03,5.411839962e-03,2.196190380e-04,295.185676,297.609084,297.609084,1.191999987e-04,9.055999666e-05,9.859042653e-06,column,0,-1.000000000e+00,-1.000000
cuda_warp(xcol),double,local,local,16384,16384,3,1,1,1,9,1.119999999e-07,5.623011000e-03,4.519700000e-05,5.668320000e-03,5.452732973e-03,5.407423973e-03,2.155870269e-04,295.377152,297.852128,297.852128,1.195840016e-04,8.694399893e-05,9.059026383e-06,column,0,-1.000000000e+00,-1.000000
cuda_warp(xcol),double,local,local,16384,16384,3,1,1,1,10,1.270000001e-07,5.626516000e-03,4.552200000e-05,5.672165000e-03,5.457552858e-03,5.411903858e-03,2.146121418e-04,295.116287,297.605571,297.605571,1.197440028e-04,8.620800078e-05,8.660138217e-06,column,0,-1.000000000e+00,-1.000000
cuda_warp(xcol),double,local,local,16384,16384,3,1,1,1,11,1.230000000e-07,5.635154000e-03,4.441500000e-05,5.679692000e-03,5.460601786e-03,5.416063786e-03,2.190902144e-04,294.951509,297.376988,297.376988,1.187200025e-04,9.020800143e-05,1.016221054e-05,column,0,-1.000000000e+00,-1.000000
cuda_warp(xcol),double,local,local,16384,16384,3,1,1,1,12,1.220000001e-07,5.630586000e-03,4.513500000e-05,5.675843000e-03,5.453320889e-03,5.408063889e-03,2.225221115e-04,295.345308,297.816884,297.816884,1.195840016e-04,9.305600077e-05,9.882109080e-06,column,0,-1.000000000e+00,-1.000000
cuda_warp(xcol),double,local,local,16384,16384,3,1,1,1,13,1.170000001e-07,5.630428000e-03,4.543000000e-05,5.675975000e-03,5.454442969e-03,5.408895969e-03,2.215320306e-04,295.284550,297.771069,297.771069,1.199039966e-04,9.151999652e-05,1.010803750e-05,column,0,-1.000000000e+00,-1.000000
cuda_warp(xcol),double,local,local,16384,16384,3,1,1,1,14,1.230000000e-07,5.627282000e-03,4.387700000e-05,5.671282000e-03,5.451936096e-03,5.407936096e-03,2.193459038e-04,295.420325,297.823922,297.823922,1.196160018e-04,8.963199705e-05,1.009790492e-05,column,0,-1.000000000e+00,-1.000000
cuda_warp(xcol),double,local,local,16384,16384,3,1,1,1,15,1.370000002e-07,5.630212000e-03,4.460300000e-05,5.674952000e-03,5.455683985e-03,5.410943985e-03,2.192680150e-04,295.217381,297.658364,297.658364,1.199679971e-04,8.979199827e-05,9.508019673e-06,column,0,-1.000000000e+00,-1.000000
cuda_warp(xcol),double,local,local,16384,16384,3,1,1,1,16,1.130000000e-07,5.632615000e-03,4.470600000e-05,5.677434000e-03,5.464370849e-03,5.419551849e-03,2.130631506e-04,294.748065,297.185594,297.185594,1.194560006e-04,8.377599716e-05,9.831152847e-06,column,0,-1.000000000e+00,-1.000000
cuda_warp(xcol),double,local,local,16384,16384,3,1,1,1,17,8.900000004e-08,5.621939000e-03,4.617900000e-05,5.668207000e-03,5.450908198e-03,5.404640198e-03,2.172988022e-04,295.476034,298.005543,298.005543,1.226560026e-04,8.572799712e-05,8.914802481e-06,column,0,-1.000000000e+00,-1.000000
cuda_warp(xcol),double,local,local,16384,16384,3,1,1,1,18,1.279999999e-07,5.624882000e-03,4.702900000e-05,5.672039000e-03,5.453748892e-03,5.406591892e-03,2.182901078e-04,295.322129,297.897968,297.897968,1.192319989e-04,9.036800265e-05,8.690106184e-06,column,0,-1.000000000e+00,-1.000000
cuda_warp(xcol),double,local,local,16384,16384,3,1,1,1,19,1.390000000e-07,5.615892000e-03,4.432100000e-05,5.660352000e-03,5.448812188e-03,5.404352188e-03,2.115398119e-04,295.589696,298.021424,298.021424,1.187200025e-04,8.342400193e-05,9.395807485e-06,column,0,-1.000000000e+00,-1.000000
cuda_warp(xcol),double,local,local,16384,16384,3,1,1,1,20,1.210000000e-07,5.613569000e-03,4.664800000e-05,5.660338000e-03,5.439985133e-03,5.393216133e-03,2.203528669e-04,296.069327,298.636787,298.636787,1.227200031e-04,8.860799670e-05,9.024867052e-06,column,0,-1.000000000e+00,-1.000000
cuda_warp(xcol),double,local,local,16384,16384,6,1,1,1,1,1.450000000e-07,1.002938500e-02,9.389800000e-05,1.012342800e-02,9.700314744e-03,9.606271744e-03,4.231132562e-04,332.074325,335.325250,335.325250,2.353920043e-04,1.775040030e-04,1.021724893e-05,column,0,-1.000000000e+00,-1.000000
cuda_warp(xcol),double,local,local,16384,16384,6,1,1,1,2,1.349999998e-07,1.004851800e-02,9.137300000e-05,1.014002600e-02,9.698931782e-03,9.607423782e-03,4.410942177e-04,332.121675,335.285041,335.285041,2.373120040e-04,1.887360066e-04,1.504620706e-05,column,0,-1.000000000e+00,-1.000000
cuda_warp(xcol),double,local,local,16384,16384,6,1,1,1,3,2.120000000e-07,1.004412500e-02,9.217500000e-05,1.013651200e-02,9.698434630e-03,9.606047630e-03,4.380773697e-04,332.138700,335.333073,335.333073,2.420479953e-04,1.872320026e-04,8.797371745e-06,column,0,-1.000000000e+00,-1.000000
cuda_warp(xcol),double,local,local,16384,16384,6,1,1,1,4,1.430000001e-07,1.001743300e-02,9.137300000e-05,1.010894900e-02,9.696859819e-03,9.605343819e-03,4.120891813e-04,332.192641,335.357644,335.357644,2.315839976e-04,1.700160056e-04,1.048917809e-05,column,0,-1.000000000e+00,-1.000000
cuda_warp(xcol),double,local,local,16384,16384,6,1,1,1,5,1.450000000e-07,1.002219400e-02,8.981300000e-05,1.011215200e-02,9.695589828e-03,9.605631828e-03,4.165621717e-04,332.236154,335.347589,335.347589,2.305919975e-04,1.769600064e-04,9.010167831e-06,column,0,-1.000000000e+00,-1.000000
cuda_warp(xcol),double,local,local,16384,16384,6,1,1,1,6,1.439999999e-07,9.986532000e-03,9.124900000e-05,1.007792500e-02,9.661665446e-03,9.570272446e-03,4.162595543e-04,333.402713,336.586601,336.586601,2.322880030e-04,1.738560051e-04,1.011554628e-05,column,0,-1.000000000e+00,-1.000000
cuda_warp(xcol),double,local,local,16384,16384,6,1,1,1,7,1.320000000e-07,9.944590000e-03,9.169800000e-05,1.003642000e-02,9.619541868e-03,9.527711868e-03,4.168781317e-04,334.862670,338.090143,338.090143,2.315839976e-04,1.746560037e-04,1.063813039e-05,column,0,-1.000000000e+00,-1.000000
cuda_warp(xcol),double,local,local,16384,16384,6,1,1,1,8,1.320000000e-07,9.935384000e-03,9.399400000e-05,1.002951000e-02,9.620749726e-03,9.526623726e-03,4.087602741e-04,334.820629,338.128760,338.128760,2.313600034e-04,1.668480039e-04,1.055226689e-05,column,0,-1.000000000e+00,-1.000000
cuda_warp(xcol),double,local,local,16384,16384,6,1,1,1,9,1.420000002e-07,9.937140000e-03,9.220500000e-05,1.002948700e-02,9.620603416e-03,9.528256416e-03,4.088835837e-04,334.825721,338.070821,338.070821,2.311040014e-04,1.681279987e-04,9.651583567e-06,column,0,-1.000000000e+00,-1.000000
cuda_warp(xcol),double,local,local,16384,16384,6,1,1,1,10,1.470000002e-07,9.931851000e-03,9.242600000e-05,1.002442400e-02,9.618813349e-03,9.526240349e-03,4.056106512e-04,334.888032,338.142368,338.142368,2.305919975e-04,1.649280041e-04,1.009064953e-05,column,0,-1.000000000e+00,-1.000000
cuda_warp(xcol),double,local,local,16384,16384,6,1,1,1,11,1.180000000e-07,9.934352000e-03,9.221100000e-05,1.002668100e-02,9.620168661e-03,9.527839661e-03,4.065123394e-04,334.840852,338.085609,338.085609,2.322559953e-04,1.649599969e-04,9.296347143e-06,column,0,-1.000000000e+00,-1.000000
cuda_warp(xcol),double,local,local,16384,16384,6,1,1,1,12,1.120000002e-07,9.937299000e-03,9.336800000e-05,1.003077900e-02,9.621479878e-03,9.527999878e-03,4.092991221e-04,334.795220,338.079924,338.079924,2.305600047e-04,1.681279987e-04,1.061111865e-05,column,0,-1.000000000e+00,-1.000000
cuda_warp(xcol),double,local,local,16384,16384,6,1,1,1,13,1.320000000e-07,9.933022000e-03,9.397000000e-05,1.002712400e-02,9.621365641e-03,9.527263641e-03,4.057583586e-04,334.799195,338.106049,338.106049,2.333119959e-04,1.632000059e-04,9.246356890e-06,column,0,-1.000000000e+00,-1.000000
cuda_warp(xcol),double,local,local,16384,16384,6,1,1,1,14,1.459999999e-07,9.936310000e-03,9.026800000e-05,1.002672400e-02,9.618701888e-03,9.528287888e-03,4.080221124e-04,334.891913,338.069705,338.069705,2.318399996e-04,1.670400053e-04,9.142107544e-06,column,0,-1.000000000e+00,-1.000000
cuda_warp(xcol),double,local,local,16384,16384,6,1,1,1,15,1.580000002e-07,9.937428000e-03,9.326200000e-05,1.003084800e-02,9.620652170e-03,9.527232170e-03,4.101958299e-04,334.824024,338.107166,338.107166,2.314880043e-04,1.681600064e-04,1.054781916e-05,column,0,-1.000000000e+00,-1.000000
cuda_warp(xcol),double,local,local,16384,16384,6,1,1,1,16,1.400000000e-07,9.629658000e-03,9.230300000e-05,9.722101000e-03,9.311770927e-03,9.219327927e-03,4.103300734e-04,345.930489,349.399164,349.399164,2.324800044e-04,1.682559997e-04,9.594069250e-06,column,0,-1.000000000e+00,-1.000000
cuda_warp(xcol),double,local,local,16384,16384,6,1,1,1,17,1.340000000e-07,9.622467000e-03,9.138000000e-05,9.713981000e-03,9.311738380e-03,9.220224380e-03,4.022426195e-04,345.931698,349.365193,349.365193,2.309119999e-04,1.613440067e-04,9.986612908e-06,column,0,-1.000000000e+00,-1.000000
cuda_warp(xcol),double,local,local,16384,16384,6,1,1,1,18,1.430000001e-07,9.626853000e-03,9.104300000e-05,9.718039000e-03,9.310162021e-03,9.218976021e-03,4.078769792e-04,345.990270,349.412501,349.412501,2.312639952e-04,1.660799980e-04,1.053298600e-05,column,0,-1.000000000e+00,-1.000000
cuda_warp(xcol),double,local,local,16384,16384,6,1,1,1,19,1.230000000e-07,9.646953000e-03,9.009300000e-05,9.737169000e-03,9.308616002e-03,9.218400002e-03,4.285529985e-04,346.047734,349.434335,349.434335,2.525759935e-04,1.660480052e-04,9.928999713e-06,column,0,-1.000000000e+00,-1.000000
cuda_warp(xcol),double,local,local,16384,16384,6,1,1,1,20,1.180000000e-07,9.627850000e-03,9.086600000e-05,9.718834000e-03,9.309704436e-03,9.218720436e-03,4.091295639e-04,346.007276,349.422189,349.422189,2.303040028e-04,1.687680036e-04,1.005755756e-05,column,0,-1.000000000e+00,-1.000000
cuda_warp(xcol),double,local,local,16384,16384,8,1,1,1,1,1.489999999e-07,1.279206600e-02,1.201770000e-04,1.291239200e-02,1.237143035e-02,1.225110435e-02,5.409616451e-04,347.168207,350.577970,350.577970,3.080320060e-04,2.229440063e-04,9.985632793e-06,column,0,-1.000000000e+00,-1.000000
cuda_warp(xcol),double,local,local,16384,16384,8,1,1,1,2,2.150000000e-07,1.278872200e-02,1.241680000e-04,1.291310500e-02,1.237478259e-02,1.225039959e-02,5.383224105e-04,347.074162,350.598139,350.598139,3.094719946e-04,2.180799991e-04,1.077041673e-05,column,0,-1.000000000e+00,-1.000000
cuda_warp(xcol),double,local,local,16384,16384,8,1,1,1,3,1.450000000e-07,1.278808700e-02,1.237500000e-04,1.291198200e-02,1.237416680e-02,1.225027180e-02,5.378152028e-04,347.091434,350.601796,350.601796,3.046079874e-04,2.227199972e-04,1.048721825e-05,column,0,-1.000000000e+00,-1.000000
cuda_warp(xcol),double,local,local,16384,16384,8,1,1,1,4,1.690000002e-07,1.278901700e-02,1.226210000e-04,1.291180700e-02,1.237501397e-02,1.225222397e-02,5.367930315e-04,347.067673,350.545934,350.545934,3.072000146e-04,2.192959934e-04,1.029702346e-05,column,0,-1.000000000e+00,-1.000000
cuda_warp(xcol),double,local,local,16384,16384,8,1,1,1,5,1.530000000e-07,1.279217500e-02,1.193900000e-04,1.291171800e-02,1.237077515e-02,1.225123215e-02,5.409428528e-04,347.186595,350.574313,350.574313,3.045760095e-04,2.258879989e-04,1.047884433e-05,column,0,-1.000000000e+00,-1.000000
cuda_warp(xcol),double,local,local,16384,16384,8,1,1,1,6,1.670000001e-07,1.278213500e-02,1.218910000e-04,1.290419300e-02,1.237393006e-02,1.225187206e-02,5.302629373e-04,347.098074,350.556003,350.556003,3.064320087e-04,2.135040015e-04,1.032692708e-05,column,0,-1.000000000e+00,-1.000000
cuda_warp(xcol),double,local,local,16384,16384,8,1,1,1,7,1.999999999e-07,1.277459600e-02,1.199230000e-04,1.289471900e-02,1.236357889e-02,1.224345589e-02,5.311401132e-04,347.388676,350.796976,350.796976,3.028799891e-04,2.176959962e-04,1.056412785e-05,column,0,-1.000000000e+00,-1.000000
cuda_warp(xcol),double,local,local,16384,16384,8,1,1,1,8,1.770000000e-07,1.278952000e-02,1.236700000e-04,1.291336700e-02,1.236525535e-02,1.224140835e-02,5.481116519e-04,347.341577,350.855651,350.855651,3.055999875e-04,2.329600006e-04,9.551663776e-06,column,0,-1.000000000e+00,-1.000000
cuda_warp(xcol),double,local,local,16384,16384,8,1,1,1,9,1.610000000e-07,1.277049800e-02,1.230100000e-04,1.289366900e-02,1.236576286e-02,1.224259186e-02,5.279061421e-04,347.327322,350.821733,350.821733,3.055999875e-04,2.129600048e-04,9.346149776e-06,column,0,-1.000000000e+00,-1.000000
cuda_warp(xcol),double,local,local,16384,16384,8,1,1,1,10,1.660000000e-07,1.277066000e-02,1.231430000e-04,1.289396900e-02,1.236708532e-02,1.224377632e-02,5.268836786e-04,347.290181,350.787795,350.787795,3.058879972e-04,2.110719979e-04,9.923683558e-06,column,0,-1.000000000e+00,-1.000000
cuda_warp(xcol),double,local,local,16384,16384,8,1,1,1,11,1.480000000e-07,1.277363600e-02,1.226660000e-04,1.289645000e-02,1.236636621e-02,1.224355221e-02,5.300837921e-04,347.310376,350.794216,350.794216,3.068479896e-04,2.141440064e-04,9.091796122e-06,column,0,-1.000000000e+00,-1.000000
cuda_warp(xcol),double,local,local,16384,16384,8,1,1,1,12,1.420000000e-07,1.277718500e-02,1.232260000e-04,1.290055300e-02,1.236701558e-02,1.224364758e-02,5.335374246e-04,347.292139,350.791483,350.791483,3.100799918e-04,2.139839977e-04,9.473435102e-06,column,0,-1.000000000e+00,-1.000000
cuda_warp(xcol),double,local,local,16384,16384,8,1,1,1,13,1.490000001e-07,1.277018700e-02,1.220730000e-04,1.289240900e-02,1.236571031e-02,1.224348831e-02,5.266986882e-04,347.328798,350.796047,350.796047,3.038400114e-04,2.135040015e-04,9.354675376e-06,column,0,-1.000000000e+00,-1.000000
cuda_warp(xcol),double,local,local,16384,16384,8,1,1,1,14,1.310000002e-07,1.277109400e-02,1.211070000e-04,1.289233200e-02,1.236421419e-02,1.224297619e-02,5.281178113e-04,347.370826,350.810720,350.810720,3.081600070e-04,2.096000016e-04,1.035780277e-05,column,0,-1.000000000e+00,-1.000000
cuda_warp(xcol),double,local,local,16384,16384,8,1,1,1,15,1.530000002e-07,1.277312300e-02,1.230030000e-04,1.289627900e-02,1.236706011e-02,1.224390411e-02,5.292188862e-04,347.290889,350.784134,350.784134,3.059520125e-04,2.134079933e-04,9.858880375e-06,column,0,-1.000000000e+00,-1.000000
cuda_warp(xcol),double,local,local,16384,16384,8,1,1,1,16,1.650000001e-07,1.277686500e-02,1.229420000e-04,1.289997200e-02,1.236777882e-02,1.224467182e-02,5.321931784e-04,347.270707,350.762140,350.762140,3.109439909e-04,2.116480023e-04,9.601185193e-06,column,0,-1.000000000e+00,-1.000000
cuda_warp(xcol),double,local,local,16384,16384,8,1,1,1,17,1.540000001e-07,1.277178300e-02,1.207980000e-04,1.289273500e-02,1.236344754e-02,1.224249554e-02,5.292874632e-04,347.392366,350.824494,350.824494,3.058240116e-04,2.127359957e-04,1.072745598e-05,column,0,-1.000000000e+00,-1.000000
cuda_warp(xcol),double,local,local,16384,16384,8,1,1,1,18,2.140000002e-07,1.277546200e-02,1.202040000e-04,1.289588000e-02,1.236224215e-02,1.224182415e-02,5.336378499e-04,347.426239,350.843734,350.843734,3.091520071e-04,2.149759978e-04,9.509845006e-06,column,0,-1.000000000e+00,-1.000000
cuda_warp(xcol),double,local,local,16384,16384,8,1,1,1,19,1.520000001e-07,1.276891600e-02,1.277680000e-04,1.289683600e-02,1.237105641e-02,1.224313641e-02,5.257795941e-04,347.178701,350.806130,350.806130,3.065280020e-04,2.091519982e-04,1.009959387e-05,column,0,-1.000000000e+00,-1.000000
cuda_warp(xcol),double,local,local,16384,16384,8,1,1,1,20,1.480000000e-07,1.277262200e-02,1.224920000e-04,1.289526200e-02,1.236430393e-02,1.224166393e-02,5.309580672e-04,347.368305,350.848326,350.848326,3.085120022e-04,2.111999989e-04,1.124606611e-05,column,0,-1.000000000e+00,-1.000000
cuda_warp(xcol),double,local,local,16384,16384,20,1,1,1,1,1.109999999e-07,3.305027800e-02,3.020390000e-04,3.335242800e-02,3.226816677e-02,3.196601677e-02,1.084261231e-03,332.755756,335.901039,335.901039,5.885120034e-04,4.850879908e-04,1.066123641e-05,column,0,-1.000000000e+00,-1.000000
cuda_warp(xcol),double,local,local,16384,16384,20,1,1,1,2,1.149999997e-07,3.175369600e-02,3.109530000e-04,3.206476400e-02,3.100834888e-02,3.069728088e-02,1.056415116e-03,346.275072,349.784018,349.784018,5.887359977e-04,4.575360119e-04,1.014310660e-05,column,0,-1.000000000e+00,-1.000000
cuda_warp(xcol),double,local,local,16384,16384,20,1,1,1,3,8.200000012e-08,3.175187700e-02,3.081750000e-04,3.206013400e-02,3.100540818e-02,3.069715118e-02,1.054725816e-03,346.307914,349.785496,349.785496,5.935360193e-04,4.496000111e-04,1.158978548e-05,column,0,-1.000000000e+00,-1.000000
cuda_warp(xcol),double,local,local,16384,16384,20,1,1,1,4,1.040000002e-07,3.174775500e-02,3.076860000e-04,3.205554500e-02,3.100858994e-02,3.070079994e-02,1.046955058e-03,346.272380,349.743924,349.743924,5.910400152e-04,4.449920058e-04,1.092303694e-05,column,0,-1.000000000e+00,-1.000000
cuda_warp(xcol),double,local,local,16384,16384,20,1,1,1,5,1.119999999e-07,3.169875100e-02,3.092010000e-04,3.200806400e-02,3.095209712e-02,3.064278412e-02,1.055966881e-03,346.904386,350.406092,350.406092,5.931839943e-04,4.511359930e-04,1.164689405e-05,column,0,-1.000000000e+00,-1.000000
cuda_warp(xcol),double,local,local,16384,16384,20,1,1,1,6,1.250000001e-07,3.168734300e-02,3.045050000e-04,3.199197300e-02,3.091154261e-02,3.060691261e-02,1.080430387e-03,347.359508,350.816771,350.816771,5.938240290e-04,4.752640128e-04,1.134234530e-05,column,0,-1.000000000e+00,-1.000000
cuda_warp(xcol),double,local,local,16384,16384,20,1,1,1,7,7.999999996e-08,3.169269100e-02,3.114540000e-04,3.200422500e-02,3.092260654e-02,3.061107254e-02,1.081618460e-03,347.235225,350.769096,350.769096,5.951679945e-04,4.752640128e-04,1.118645240e-05,column,0,-1.000000000e+00,-1.000000
cuda_warp(xcol),double,local,local,16384,16384,20,1,1,1,8,7.900000010e-08,3.160747000e-02,3.016800000e-04,3.190922900e-02,3.083315014e-02,3.053139114e-02,1.076078856e-03,348.242661,351.684540,351.684540,6.007680297e-04,4.639039934e-04,1.140683314e-05,column,0,-1.000000000e+00,-1.000000
cuda_warp(xcol),double,local,local,16384,16384,20,1,1,1,9,9.299999992e-08,3.155861900e-02,3.061250000e-04,3.186483700e-02,3.080567441e-02,3.049945641e-02,1.059162594e-03,348.553260,352.052774,352.052774,5.992640257e-04,4.493759871e-04,1.052258162e-05,column,0,-1.000000000e+00,-1.000000
cuda_warp(xcol),double,local,local,16384,16384,20,1,1,1,10,8.400000007e-08,3.153695700e-02,3.165270000e-04,3.185356800e-02,3.080557127e-02,3.048896027e-02,1.047996734e-03,348.554427,352.173972,352.173972,5.867199898e-04,4.505600035e-04,1.071674059e-05,column,0,-1.000000000e+00,-1.000000
cuda_warp(xcol),double,local,local,16384,16384,20,1,1,1,11,8.199999968e-08,3.153371400e-02,3.095380000e-04,3.184333400e-02,3.078808413e-02,3.047846413e-02,1.055249873e-03,348.752400,352.295253,352.295253,5.924159884e-04,4.511039853e-04,1.172989966e-05,column,0,-1.000000000e+00,-1.000000
cuda_warp(xcol),double,local,local,16384,16384,20,1,1,1,12,8.700000009e-08,3.360967900e-02,3.327920000e-04,3.394255800e-02,3.080769437e-02,3.047481537e-02,3.134863631e-03,348.530406,352.337434,352.337434,5.963839889e-04,2.527744055e-03,1.073558770e-05,column,0,-1.000000000e+00,-1.000000
cuda_warp(xcol),double,local,local,16384,16384,20,1,1,1,13,1.139999997e-07,3.158973400e-02,3.094780000e-04,3.189932600e-02,3.078392862e-02,3.047433662e-02,1.115397376e-03,348.799478,352.342969,352.342969,6.001600027e-04,5.035200119e-04,1.171736124e-05,column,0,-1.000000000e+00,-1.000000
cuda_warp(xcol),double,local,local,16384,16384,20,1,1,1,14,8.100000004e-08,3.155481900e-02,3.057300000e-04,3.186063000e-02,3.077963455e-02,3.047382355e-02,1.080995453e-03,348.848139,352.348901,352.348901,6.025279760e-04,4.671359956e-04,1.133148097e-05,column,0,-1.000000000e+00,-1.000000
cuda_warp(xcol),double,local,local,16384,16384,20,1,1,1,15,8.100000004e-08,3.155513600e-02,3.114270000e-04,3.186664400e-02,3.078485280e-02,3.047334480e-02,1.081791197e-03,348.789007,352.354437,352.354437,6.139519811e-04,4.569920003e-04,1.084721573e-05,column,0,-1.000000000e+00,-1.000000
cuda_warp(xcol),double,local,local,16384,16384,20,1,1,1,16,8.500000037e-08,3.154221500e-02,3.053280000e-04,3.184762800e-02,3.077958941e-02,3.047417641e-02,1.068038593e-03,348.848651,352.344821,352.344821,6.110399961e-04,4.465599954e-04,1.043860158e-05,column,0,-1.000000000e+00,-1.000000
cuda_warp(xcol),double,local,local,16384,16384,20,1,1,1,17,8.799999973e-08,3.153363200e-02,3.107410000e-04,3.184446100e-02,3.078398116e-02,3.047315216e-02,1.060479839e-03,348.798883,352.356664,352.356664,5.981760025e-04,4.519680142e-04,1.033582261e-05,column,0,-1.000000000e+00,-1.000000
cuda_warp(xcol),double,local,local,16384,16384,20,1,1,1,18,8.200000012e-08,3.204452200e-02,3.190260000e-04,3.236363000e-02,3.079286860e-02,3.047376060e-02,1.570761395e-03,348.698212,352.349629,352.349629,5.935680270e-04,9.656000137e-04,1.159335439e-05,column,0,-1.000000000e+00,-1.000000
cuda_warp(xcol),double,local,local,16384,16384,20,1,1,1,19,1.739999997e-07,3.154919700e-02,3.041210000e-04,3.185349200e-02,3.077530330e-02,3.047100830e-02,1.078188699e-03,348.897235,352.381455,352.381455,6.174719930e-04,4.496319890e-04,1.108471725e-05,column,0,-1.000000000e+00,-1.000000
cuda_warp(xcol),double,local,local,16384,16384,20,1,1,1,20,7.999999951e-08,3.153753300e-02,3.054210000e-04,3.184303400e-02,3.077868559e-02,3.047318459e-02,1.064348414e-03,348.858895,352.356289,352.356289,5.977920294e-04,4.555200040e-04,1.103638101e-05,column,0,-1.000000000e+00,-1.000000
cuda_warp(xcol),double,local,local,16384,16384,32,1,1,1,1,1.970000001e-07,5.063721400e-02,5.457230000e-04,5.118313400e-02,4.939497624e-02,4.884905624e-02,1.788157756e-03,347.806002,351.692960,351.692960,9.794239998e-04,7.955520153e-04,1.318174101e-05,column,0,-1.000000000e+00,-1.000000
cuda_warp(xcol),double,local,local,16384,16384,32,1,1,1,2,2.109999999e-07,5.063661200e-02,5.177060000e-04,5.115452900e-02,4.934732374e-02,4.882940674e-02,1.807205262e-03,348.141862,351.834485,351.834485,9.930239916e-04,8.029440045e-04,1.123726560e-05,column,0,-1.000000000e+00,-1.000000
cuda_warp(xcol),double,local,local,16384,16384,32,1,1,1,3,2.520000000e-07,5.046126100e-02,5.177420000e-04,5.097925500e-02,4.916436012e-02,4.864636612e-02,1.814894881e-03,349.437461,353.158325,353.158325,1.005856037e-03,7.974079847e-04,1.163085874e-05,column,0,-1.000000000e+00,-1.000000
cuda_warp(xcol),double,local,local,16384,16384,32,1,1,1,4,2.000000001e-07,5.039309400e-02,5.189070000e-04,5.091220100e-02,4.911337961e-02,4.859427261e-02,1.798821386e-03,349.800183,353.536914,353.536914,9.969919920e-04,7.907199860e-04,1.110940852e-05,column,0,-1.000000000e+00,-1.000000
cuda_warp(xcol),double,local,local,16384,16384,32,1,1,1,5,1.140000001e-07,5.032618900e-02,5.452160000e-04,5.087151900e-02,4.909486766e-02,4.854953766e-02,1.776651341e-03,349.932081,353.862673,353.862673,9.830719829e-04,7.823680043e-04,1.121135413e-05,column,0,-1.000000000e+00,-1.000000
cuda_warp(xcol),double,local,local,16384,16384,32,1,1,1,6,1.630000002e-07,5.034131400e-02,5.911600000e-04,5.093263700e-02,4.912786780e-02,4.853654480e-02,1.804769200e-03,349.697024,353.957400,353.957400,9.669759870e-04,8.246719837e-04,1.312122952e-05,column,0,-1.000000000e+00,-1.000000
cuda_warp(xcol),double,local,local,16384,16384,32,1,1,1,7,1.869999999e-07,5.034858200e-02,5.512070000e-04,5.089997600e-02,4.909753658e-02,4.854614258e-02,1.802439422e-03,349.913058,353.887421,353.887421,9.697920084e-04,8.196799755e-04,1.296743797e-05,column,0,-1.000000000e+00,-1.000000
cuda_warp(xcol),double,local,local,16384,16384,32,1,1,1,8,1.950000001e-07,5.031659000e-02,5.182840000e-04,5.083506900e-02,4.904961456e-02,4.853113556e-02,1.785454441e-03,350.254927,353.996851,353.996851,9.773759842e-04,7.953600287e-04,1.271842798e-05,column,0,-1.000000000e+00,-1.000000
cuda_warp(xcol),double,local,local,16384,16384,32,1,1,1,9,4.830000000e-07,5.031046500e-02,5.112570000e-04,5.082220500e-02,4.904284504e-02,4.853110504e-02,1.779359958e-03,350.303274,353.997074,353.997074,9.846079946e-04,7.836800218e-04,1.107194218e-05,column,0,-1.000000000e+00,-1.000000
cuda_warp(xcol),double,local,local,16384,16384,32,1,1,1,10,1.310000002e-07,5.072141900e-02,1.485851000e-03,5.220740100e-02,5.003833491e-02,4.855235291e-02,2.169066095e-03,343.334150,353.842155,353.842155,9.587200284e-04,1.196416020e-03,1.393004593e-05,column,0,-1.000000000e+00,-1.000000
cuda_warp(xcol),double,local,local,16384,16384,32,1,1,1,11,1.820000000e-07,5.030734700e-02,5.197610000e-04,5.082729000e-02,4.906550956e-02,4.854556656e-02,1.761780441e-03,350.141461,353.891620,353.891620,9.630079865e-04,7.866560221e-04,1.211643254e-05,column,0,-1.000000000e+00,-1.000000
cuda_warp(xcol),double,local,local,16384,16384,32,1,1,1,12,1.340000000e-07,5.030324000e-02,5.154330000e-04,5.081880700e-02,4.904872053e-02,4.853315353e-02,1.770086466e-03,350.261312,353.982132,353.982132,9.574080110e-04,8.008959889e-04,1.178246616e-05,column,0,-1.000000000e+00,-1.000000
cuda_warp(xcol),double,local,local,16384,16384,32,1,1,1,13,3.110000000e-07,5.054365700e-02,5.214130000e-04,5.106538100e-02,4.905861975e-02,4.853689575e-02,2.006761248e-03,350.190635,353.954840,353.954840,1.171648026e-03,8.206400275e-04,1.447319501e-05,column,0,-1.000000000e+00,-1.000000
cuda_warp(xcol),double,local,local,16384,16384,32,1,1,1,14,1.916000000e-06,5.032321700e-02,5.096480000e-04,5.083478100e-02,4.904580472e-02,4.853424072e-02,1.788976277e-03,350.282135,353.974203,353.974203,9.860799909e-04,7.911679745e-04,1.172831201e-05,column,0,-1.000000000e+00,-1.000000
cuda_warp(xcol),double,local,local,16384,16384,32,1,1,1,15,2.100000001e-07,5.031897800e-02,5.151850000e-04,5.083437300e-02,4.905091365e-02,4.853551865e-02,1.783459354e-03,350.245651,353.964883,353.964883,9.691200256e-04,8.034240007e-04,1.091532739e-05,column,0,-1.000000000e+00,-1.000000
cuda_warp(xcol),double,local,local,16384,16384,32,1,1,1,16,1.990000000e-07,5.031402600e-02,5.248650000e-04,5.083909000e-02,4.906128837e-02,4.853622437e-02,1.777801635e-03,350.171587,353.959736,353.959736,9.871360064e-04,7.787520289e-04,1.191359947e-05,column,0,-1.000000000e+00,-1.000000
cuda_warp(xcol),double,local,local,16384,16384,32,1,1,1,17,1.650000003e-07,5.033101600e-02,5.311300000e-04,5.086231100e-02,4.907401579e-02,4.854272079e-02,1.788295205e-03,350.080769,353.912366,353.912366,9.885439873e-04,7.870720029e-04,1.267921516e-05,column,0,-1.000000000e+00,-1.000000
cuda_warp(xcol),double,local,local,16384,16384,32,1,1,1,18,1.640000002e-07,5.033325000e-02,5.210950000e-04,5.085450900e-02,4.907265060e-02,4.855139160e-02,1.781858398e-03,350.090508,353.849161,353.849161,9.834560156e-04,7.860159874e-04,1.238639545e-05,column,0,-1.000000000e+00,-1.000000
cuda_warp(xcol),double,local,local,16384,16384,32,1,1,1,19,1.009999999e-07,5.033652100e-02,5.055220000e-04,5.084214400e-02,4.905403914e-02,4.854841614e-02,1.788104862e-03,350.223335,353.870848,353.870848,9.704319835e-04,8.064320087e-04,1.124087009e-05,column,0,-1.000000000e+00,-1.000000
cuda_warp(xcol),double,local,local,16384,16384,32,1,1,1,20,1.890000001e-07,5.032657100e-02,5.081900000e-04,5.083495000e-02,4.905788233e-02,4.854950333e-02,1.777067674e-03,350.195899,353.862924,353.862924,9.698879719e-04,7.948480248e-04,1.233167686e-05,column,0,-1.000000000e+00,-1.000000
cuda_warp(blk384)(xcol),double,local,local,16384,16384,3,1,1,1,1,1.039999999e-07,5.638520000e-03,4.486600000e-05,5.683490000e-03,5.465737784e-03,5.420767784e-03,2.177522159e-04,294.674351,297.118932,297.118932,1.182079986e-04,9.001599997e-05,9.528217335e-06,column,0,-1.000000000e+00,-1.000000
cuda_warp(blk384)(xcol),double,local,local,16384,16384,3,1,1,1,2,1.000000003e-07,5.635560000e-03,4.659100000e-05,5.682251000e-03,5.464067041e-03,5.417376041e-03,2.181839586e-04,294.764454,297.304954,297.304954,1.184320003e-04,9.104000032e-05,8.711957989e-06,column,0,-1.000000000e+00,-1.000000
cuda_warp(blk384)(xcol),double,local,local,16384,16384,3,1,1,1,3,1.130000000e-07,5.620651000e-03,4.342500000e-05,5.664189000e-03,5.451921846e-03,5.408383846e-03,2.122671537e-04,295.421098,297.799265,297.799265,1.181439981e-04,8.428800106e-05,9.835154570e-06,column,0,-1.000000000e+00,-1.000000
cuda_warp(blk384)(xcol),double,local,local,16384,16384,3,1,1,1,4,1.080000001e-07,5.612432000e-03,4.381600000e-05,5.656356000e-03,5.443155911e-03,5.399231911e-03,2.132000893e-04,295.896859,298.304048,298.304048,1.178880036e-04,8.540800214e-05,9.904083569e-06,column,0,-1.000000000e+00,-1.000000
cuda_warp(blk384)(xcol),double,local,local,16384,16384,3,1,1,1,5,1.099999998e-07,5.639816000e-03,4.391200000e-05,5.683838000e-03,5.465206063e-03,5.421184063e-03,2.186319370e-04,294.703021,297.096117,297.096117,1.192959994e-04,9.024000168e-05,9.095935956e-06,column,0,-1.000000000e+00,-1.000000
cuda_warp(blk384)(xcol),double,local,local,16384,16384,3,1,1,1,6,1.110000001e-07,5.618388000e-03,4.570100000e-05,5.664200000e-03,5.448851932e-03,5.403039932e-03,2.153480677e-04,295.587540,298.093806,298.093806,1.170239970e-04,8.835200220e-05,9.972068537e-06,column,0,-1.000000000e+00,-1.000000
cuda_warp(blk384)(xcol),double,local,local,16384,16384,3,1,1,1,7,1.070000000e-07,5.627740000e-03,4.416400000e-05,5.672011000e-03,5.460943230e-03,5.416672230e-03,2.110677702e-04,294.933067,297.343584,297.343584,1.181439981e-04,8.310399950e-05,9.819772651e-06,column,0,-1.000000000e+00,-1.000000
cuda_warp(blk384)(xcol),double,local,local,16384,16384,3,1,1,1,8,1.269999998e-07,5.626145000e-03,4.439100000e-05,5.670663000e-03,5.454822070e-03,5.410304070e-03,2.158409305e-04,295.264028,297.693571,297.693571,1.182079986e-04,8.879999816e-05,8.832933743e-06,column,0,-1.000000000e+00,-1.000000
cuda_warp(blk384)(xcol),double,local,local,16384,16384,3,1,1,1,9,1.230000000e-07,5.632652000e-03,4.450200000e-05,5.677277000e-03,5.461840824e-03,5.417215824e-03,2.154361759e-04,294.884598,297.313747,297.313747,1.182079986e-04,8.787199855e-05,9.356178751e-06,column,0,-1.000000000e+00,-1.000000
cuda_warp(blk384)(xcol),double,local,local,16384,16384,3,1,1,1,10,1.259999998e-07,5.623059000e-03,4.494900000e-05,5.668134000e-03,5.454227031e-03,5.409152031e-03,2.139069691e-04,295.296240,297.756973,297.756973,1.192639992e-04,8.617600054e-05,8.466969356e-06,column,0,-1.000000000e+00,-1.000000
cuda_warp(blk384)(xcol),double,local,local,16384,16384,3,1,1,1,11,1.190000001e-07,5.630037000e-03,4.595900000e-05,5.676115000e-03,5.460029874e-03,5.413951874e-03,2.160851262e-04,294.982404,297.492991,297.492991,1.190079972e-04,8.755200356e-05,9.525125443e-06,column,0,-1.000000000e+00,-1.000000
cuda_warp(blk384)(xcol),double,local,local,16384,16384,3,1,1,1,12,1.080000001e-07,5.613713000e-03,4.644400000e-05,5.660265000e-03,5.450263796e-03,5.403711796e-03,2.100012042e-04,295.510969,298.056743,298.056743,1.174400002e-04,8.390399814e-05,8.657205880e-06,column,0,-1.000000000e+00,-1.000000
cuda_warp(blk384)(xcol),double,local,local,16384,16384,3,1,1,1,13,1.149999997e-07,5.630554000e-03,4.523600000e-05,5.675905000e-03,5.462534876e-03,5.417183876e-03,2.133701240e-04,294.847131,297.315501,297.315501,1.182079986e-04,8.591999859e-05,9.242126803e-06,column,0,-1.000000000e+00,-1.000000
cuda_warp(blk384)(xcol),double,local,local,16384,16384,3,1,1,1,14,1.279999999e-07,5.637741000e-03,4.586400000e-05,5.683733000e-03,5.465831859e-03,5.419839859e-03,2.179011410e-04,294.669280,297.169802,297.169802,1.192319989e-04,8.841600269e-05,1.025313938e-05,column,0,-1.000000000e+00,-1.000000
cuda_warp(blk384)(xcol),double,local,local,16384,16384,3,1,1,1,15,1.320000000e-07,5.643184000e-03,4.450400000e-05,5.687820000e-03,5.473756064e-03,5.429120064e-03,2.140639362e-04,294.242695,296.661838,296.661838,1.176000014e-04,8.710400015e-05,9.359934672e-06,column,0,-1.000000000e+00,-1.000000
cuda_warp(blk384)(xcol),double,local,local,16384,16384,3,1,1,1,16,1.070000002e-07,5.630470000e-03,4.527000000e-05,5.675847000e-03,5.461281045e-03,5.415904045e-03,2.145659549e-04,294.914824,297.385759,297.385759,1.179199964e-04,8.681599796e-05,9.829960556e-06,column,0,-1.000000000e+00,-1.000000
cuda_warp(blk384)(xcol),double,local,local,16384,16384,3,1,1,1,17,1.049999998e-07,5.639345000e-03,4.452800000e-05,5.683978000e-03,5.470040887e-03,5.425407887e-03,2.139371135e-04,294.442541,296.864820,296.864820,1.214720011e-04,8.243200183e-05,1.003311059e-05,column,0,-1.000000000e+00,-1.000000
cuda_warp(blk384)(xcol),double,local,local,16384,16384,3,1,1,1,18,1.080000001e-07,5.643567000e-03,4.379300000e-05,5.687468000e-03,5.472381148e-03,5.428480148e-03,2.150868517e-04,294.316622,296.696809,296.696809,1.194880009e-04,8.560000360e-05,9.998847215e-06,column,0,-1.000000000e+00,-1.000000
cuda_warp(blk384)(xcol),double,local,local,16384,16384,3,1,1,1,19,1.100000002e-07,5.626445000e-03,4.541100000e-05,5.671966000e-03,5.452144840e-03,5.406623840e-03,2.198211597e-04,295.409015,297.896207,297.896207,1.203199998e-04,8.934400231e-05,1.015715761e-05,column,0,-1.000000000e+00,-1.000000
cuda_warp(blk384)(xcol),double,local,local,16384,16384,3,1,1,1,20,1.270000001e-07,5.636210000e-03,4.409500000e-05,5.680432000e-03,5.463838222e-03,5.419616222e-03,2.165937776e-04,294.776798,297.182064,297.182064,1.220159978e-04,8.604799956e-05,8.529780290e-06,column,0,-1.000000000e+00,-1.000000
cuda_warp(blk384)(xcol),double,local,local,16384,16384,6,1,1,1,1,1.300000001e-07,9.706348000e-03,9.025500000e-05,9.796733000e-03,9.375280897e-03,9.284895897e-03,4.214521031e-04,343.587089,346.931781,346.931781,2.317440063e-04,1.796160042e-04,1.009209258e-05,column,0,-1.000000000e+00,-1.000000
cuda_warp(blk384)(xcol),double,local,local,16384,16384,6,1,1,1,2,1.680000001e-07,9.709590000e-03,9.027600000e-05,9.800034000e-03,9.378411682e-03,9.287967682e-03,4.216223181e-04,343.472390,346.817041,346.817041,2.360959947e-04,1.744959950e-04,1.103032836e-05,column,0,-1.000000000e+00,-1.000000
cuda_warp(blk384)(xcol),double,local,local,16384,16384,6,1,1,1,3,1.409999999e-07,9.681160000e-03,9.097000000e-05,9.772271000e-03,9.361638840e-03,9.270527840e-03,4.106321603e-04,344.087774,347.469478,347.469478,2.307520062e-04,1.694719940e-04,1.040816012e-05,column,0,-1.000000000e+00,-1.000000
cuda_warp(blk384)(xcol),double,local,local,16384,16384,6,1,1,1,4,1.219999999e-07,9.654973000e-03,9.443800000e-05,9.749533000e-03,9.343072268e-03,9.248512268e-03,4.064607319e-04,344.771546,348.296610,348.296610,2.286719978e-04,1.681919992e-04,9.596734951e-06,column,0,-1.000000000e+00,-1.000000
cuda_warp(blk384)(xcol),double,local,local,16384,16384,6,1,1,1,5,1.770000000e-07,9.653824000e-03,9.106900000e-05,9.745070000e-03,9.341165891e-03,9.249919891e-03,4.039041086e-04,344.841908,348.243607,348.243607,2.291200012e-04,1.655679941e-04,9.216113328e-06,column,0,-1.000000000e+00,-1.000000
cuda_warp(blk384)(xcol),double,local,local,16384,16384,6,1,1,1,6,1.500000000e-07,9.659861000e-03,8.979100000e-05,9.749802000e-03,9.339669203e-03,9.249728203e-03,4.101327972e-04,344.897169,348.250824,348.250824,2.332479954e-04,1.679359972e-04,8.948804556e-06,column,0,-1.000000000e+00,-1.000000
cuda_warp(blk384)(xcol),double,local,local,16384,16384,6,1,1,1,7,1.720000000e-07,9.658437000e-03,9.423400000e-05,9.752843000e-03,9.343365541e-03,9.248959541e-03,4.094774587e-04,344.760724,348.279767,348.279767,2.303999960e-04,1.687999964e-04,1.027746626e-05,column,0,-1.000000000e+00,-1.000000
cuda_warp(blk384)(xcol),double,local,local,16384,16384,6,1,1,1,8,1.579999998e-07,9.652484000e-03,9.267400000e-05,9.745316000e-03,9.341535957e-03,9.248703957e-03,4.037800434e-04,344.828247,348.289391,348.289391,2.295040041e-04,1.652799994e-04,8.996039900e-06,column,0,-1.000000000e+00,-1.000000
cuda_warp(blk384)(xcol),double,local,local,16384,16384,6,1,1,1,9,1.570000001e-07,9.655037000e-03,9.414600000e-05,9.749340000e-03,9.343807089e-03,9.249504089e-03,4.055329106e-04,344.744432,348.259262,348.259262,2.294079959e-04,1.669760048e-04,9.148909866e-06,column,0,-1.000000000e+00,-1.000000
cuda_warp(blk384)(xcol),double,local,local,16384,16384,6,1,1,1,10,1.729999999e-07,9.659941000e-03,9.328200000e-05,9.753396000e-03,9.342446966e-03,9.248991966e-03,4.109490338e-04,344.794622,348.278546,348.278546,2.328640074e-04,1.689919978e-04,9.093028561e-06,column,0,-1.000000000e+00,-1.000000
cuda_warp(blk384)(xcol),double,local,local,16384,16384,6,1,1,1,11,1.720000000e-07,9.657462000e-03,9.168800000e-05,9.749322000e-03,9.341940109e-03,9.250080109e-03,4.073818914e-04,344.813329,348.237576,348.237576,2.291519940e-04,1.695999950e-04,8.629902350e-06,column,0,-1.000000000e+00,-1.000000
cuda_warp(blk384)(xcol),double,local,local,16384,16384,6,1,1,1,12,1.820000000e-07,9.653863000e-03,9.137200000e-05,9.745417000e-03,9.340770080e-03,9.249216080e-03,4.046469203e-04,344.856521,348.270107,348.270107,2.285120040e-04,1.668480039e-04,9.286912406e-06,column,0,-1.000000000e+00,-1.000000
cuda_warp(blk384)(xcol),double,local,local,16384,16384,6,1,1,1,13,1.290000000e-07,9.656428000e-03,8.995400000e-05,9.746511000e-03,9.338626739e-03,9.248543739e-03,4.078842607e-04,344.935670,348.295425,348.295425,2.306559980e-04,1.686719954e-04,8.556267288e-06,column,0,-1.000000000e+00,-1.000000
cuda_warp(blk384)(xcol),double,local,local,16384,16384,6,1,1,1,14,1.500000000e-07,9.653899000e-03,9.414600000e-05,9.748195000e-03,9.340280077e-03,9.245984077e-03,4.079149225e-04,344.874612,348.391847,348.391847,2.328960001e-04,1.654399931e-04,9.578929256e-06,column,0,-1.000000000e+00,-1.000000
cuda_warp(blk384)(xcol),double,local,local,16384,16384,6,1,1,1,15,1.280000002e-07,9.644895000e-03,9.260900000e-05,9.737632000e-03,9.338593285e-03,9.245856285e-03,3.990387149e-04,344.936906,348.396663,348.396663,2.283200026e-04,1.618880033e-04,8.830709000e-06,column,0,-1.000000000e+00,-1.000000
cuda_warp(blk384)(xcol),double,local,local,16384,16384,6,1,1,1,16,1.790000002e-07,9.649938000e-03,9.123000000e-05,9.741347000e-03,9.338032993e-03,9.246623993e-03,4.033140071e-04,344.957602,348.367737,348.367737,2.300159931e-04,1.644160002e-04,8.882013715e-06,column,0,-1.000000000e+00,-1.000000
cuda_warp(blk384)(xcol),double,local,local,16384,16384,6,1,1,1,17,1.859999998e-07,9.647341000e-03,9.043600000e-05,9.737963000e-03,9.337437681e-03,9.246815681e-03,4.005253185e-04,344.979595,348.360515,348.360515,2.286400050e-04,1.632000059e-04,8.685307661e-06,column,0,-1.000000000e+00,-1.000000
cuda_warp(blk384)(xcol),double,local,local,16384,16384,6,1,1,1,18,1.519999999e-07,9.653599000e-03,8.930900000e-05,9.743060000e-03,9.338325174e-03,9.248864174e-03,4.047348261e-04,344.946809,348.283358,348.283358,2.344000041e-04,1.612800062e-04,9.054815792e-06,column,0,-1.000000000e+00,-1.000000
cuda_warp(blk384)(xcol),double,local,local,16384,16384,6,1,1,1,19,1.910000000e-07,9.650107000e-03,9.000300000e-05,9.740301000e-03,9.336114181e-03,9.245920181e-03,4.041868187e-04,345.028500,348.394255,348.394255,2.286400050e-04,1.660480052e-04,9.498808510e-06,column,0,-1.000000000e+00,-1.000000
cuda_warp(blk384)(xcol),double,local,local,16384,16384,6,1,1,1,20,1.689999998e-07,9.654784000e-03,9.257100000e-05,9.747524000e-03,9.339172304e-03,9.246432304e-03,4.083516956e-04,344.915520,348.374959,348.374959,2.301439941e-04,1.681279987e-04,1.007970282e-05,column,0,-1.000000000e+00,-1.000000
cuda_warp(blk384)(xcol),double,local,local,16384,16384,8,1,1,1,1,1.920000001e-07,1.300385100e-02,1.206010000e-04,1.312464400e-02,1.255244125e-02,1.243164825e-02,5.722027456e-04,342.161912,345.486552,345.486552,3.060480058e-04,2.548800111e-04,1.127472870e-05,column,0,-1.000000000e+00,-1.000000
cuda_warp(blk384)(xcol),double,local,local,16384,16384,8,1,1,1,2,1.460000001e-07,1.298363600e-02,1.235550000e-04,1.310733700e-02,1.256014910e-02,1.243644810e-02,5.471879028e-04,341.951936,345.353212,345.353212,3.072640002e-04,2.299519926e-04,9.971909963e-06,column,0,-1.000000000e+00,-1.000000
cuda_warp(blk384)(xcol),double,local,local,16384,16384,8,1,1,1,3,1.279999999e-07,1.298403200e-02,1.204040000e-04,1.310456400e-02,1.255515572e-02,1.243462372e-02,5.494082817e-04,342.087935,345.403881,345.403881,3.033280075e-04,2.350399941e-04,1.104028016e-05,column,0,-1.000000000e+00,-1.000000
cuda_warp(blk384)(xcol),double,local,local,16384,16384,8,1,1,1,4,1.510000001e-07,1.298342000e-02,1.194410000e-04,1.310301200e-02,1.255434446e-02,1.243475246e-02,5.486675357e-04,342.110041,345.400305,345.400305,3.054080009e-04,2.320320010e-04,1.122753374e-05,column,0,-1.000000000e+00,-1.000000
cuda_warp(blk384)(xcol),double,local,local,16384,16384,8,1,1,1,5,2.029999999e-07,1.298174900e-02,1.207960000e-04,1.310274800e-02,1.255639138e-02,1.243539238e-02,5.463566202e-04,342.054271,345.382531,345.382531,3.043200076e-04,2.317440063e-04,1.029260640e-05,column,0,-1.000000000e+00,-1.000000
cuda_warp(blk384)(xcol),double,local,local,16384,16384,8,1,1,1,6,1.559999998e-07,1.294333000e-02,1.235010000e-04,1.306698700e-02,1.251674534e-02,1.239308834e-02,5.502416592e-04,343.137707,346.561501,346.561501,3.083840013e-04,2.312320024e-04,1.062565561e-05,column,0,-1.000000000e+00,-1.000000
cuda_warp(blk384)(xcol),double,local,local,16384,16384,8,1,1,1,7,1.679999999e-07,1.293085000e-02,1.188520000e-04,1.304987000e-02,1.250714828e-02,1.238812828e-02,5.427217194e-04,343.401006,346.700260,346.700260,3.057599962e-04,2.259519994e-04,1.100972376e-05,column,0,-1.000000000e+00,-1.000000
cuda_warp(blk384)(xcol),double,local,local,16384,16384,8,1,1,1,8,1.240000000e-07,1.294209500e-02,1.219350000e-04,1.306415400e-02,1.251223482e-02,1.239017582e-02,5.519191806e-04,343.261404,346.642966,346.642966,3.117119968e-04,2.300159931e-04,1.019119069e-05,column,0,-1.000000000e+00,-1.000000
cuda_warp(blk384)(xcol),double,local,local,16384,16384,8,1,1,1,9,9.800000011e-08,1.294034200e-02,1.209100000e-04,1.306135000e-02,1.251265629e-02,1.239164829e-02,5.486937075e-04,343.249842,346.601775,346.601775,3.109759986e-04,2.277760059e-04,9.941702954e-06,column,0,-1.000000000e+00,-1.000000
cuda_warp(blk384)(xcol),double,local,local,16384,16384,8,1,1,1,10,1.350000001e-07,1.294012300e-02,1.202760000e-04,1.306053400e-02,1.250997933e-02,1.238956833e-02,5.505546711e-04,343.323293,346.659963,346.659963,3.107840121e-04,2.287999988e-04,1.097066030e-05,column,0,-1.000000000e+00,-1.000000
cuda_warp(blk384)(xcol),double,local,local,16384,16384,8,1,1,1,11,1.419999998e-07,1.293484800e-02,1.441470000e-04,1.307913700e-02,1.253408144e-02,1.238979244e-02,5.450555577e-04,342.663107,346.653692,346.653692,3.096640110e-04,2.248319983e-04,1.055954833e-05,column,0,-1.000000000e+00,-1.000000
cuda_warp(blk384)(xcol),double,local,local,16384,16384,8,1,1,1,12,9.000000012e-08,1.293304100e-02,1.231880000e-04,1.305631900e-02,1.251201377e-02,1.238873577e-02,5.443052288e-04,343.267469,346.683259,346.683259,3.113920093e-04,2.215680033e-04,1.134521627e-05,column,0,-1.000000000e+00,-1.000000
cuda_warp(blk384)(xcol),double,local,local,16384,16384,8,1,1,1,13,2.070000000e-07,1.293494100e-02,1.204440000e-04,1.305559200e-02,1.251162695e-02,1.239097595e-02,5.439650479e-04,343.278081,346.620582,346.620582,3.062399924e-04,2.274560034e-04,1.026905204e-05,column,0,-1.000000000e+00,-1.000000
cuda_warp(blk384)(xcol),double,local,local,16384,16384,8,1,1,1,14,1.960000000e-07,1.293628700e-02,1.238520000e-04,1.306033500e-02,1.250993610e-02,1.238588810e-02,5.503989003e-04,343.324479,346.762966,346.762966,3.065280020e-04,2.298880070e-04,1.398289126e-05,column,0,-1.000000000e+00,-1.000000
cuda_warp(blk384)(xcol),double,local,local,16384,16384,8,1,1,1,15,1.890000001e-07,1.292501700e-02,1.212570000e-04,1.304646300e-02,1.250608574e-02,1.238463974e-02,5.403772600e-04,343.430182,346.797920,346.797920,3.064639866e-04,2.236160040e-04,1.029726938e-05,column,0,-1.000000000e+00,-1.000000
cuda_warp(blk384)(xcol),double,local,local,16384,16384,8,1,1,1,16,1.530000000e-07,1.292838000e-02,1.235170000e-04,1.305205000e-02,1.250869407e-02,1.238502407e-02,5.433559293e-04,343.358569,346.787158,346.787158,3.071359992e-04,2.254080027e-04,1.081192732e-05,column,0,-1.000000000e+00,-1.000000
cuda_warp(blk384)(xcol),double,local,local,16384,16384,8,1,1,1,17,1.269999998e-07,1.292348500e-02,1.225260000e-04,1.304613800e-02,1.250790118e-02,1.238524818e-02,5.382368158e-04,343.380335,346.780883,346.780883,3.067199886e-04,2.210559994e-04,1.046082781e-05,column,0,-1.000000000e+00,-1.000000
cuda_warp(blk384)(xcol),double,local,local,16384,16384,8,1,1,1,18,1.279999999e-07,1.292882300e-02,1.221980000e-04,1.305114900e-02,1.250846968e-02,1.238614368e-02,5.426793156e-04,343.364728,346.755811,346.755811,3.064959943e-04,2.266560048e-04,9.527316497e-06,column,0,-1.000000000e+00,-1.000000
cuda_warp(blk384)(xcol),double,local,local,16384,16384,8,1,1,1,19,1.589999998e-07,1.292298100e-02,1.213460000e-04,1.304448600e-02,1.250547335e-02,1.238396835e-02,5.390126467e-04,343.446999,346.816721,346.816721,3.031040132e-04,2.256000042e-04,1.030862933e-05,column,0,-1.000000000e+00,-1.000000
cuda_warp(blk384)(xcol),double,local,local,16384,16384,8,1,1,1,20,1.629999999e-07,1.292994000e-02,1.216520000e-04,1.305175500e-02,1.250767067e-02,1.238585567e-02,5.440843253e-04,343.386663,346.763874,346.763874,3.064320087e-04,2.262720019e-04,1.138031465e-05,column,0,-1.000000000e+00,-1.000000
cuda_warp(blk384)(xcol),double,local,local,16384,16384,20,1,1,1,1,1.590000001e-07,3.185377100e-02,3.281180000e-04,3.218204800e-02,3.109755648e-02,3.076927948e-02,1.084491520e-03,345.281734,348.965540,348.965540,5.959680080e-04,4.774720073e-04,1.105150470e-05,column,0,-1.000000000e+00,-1.000000
cuda_warp(blk384)(xcol),double,local,local,16384,16384,20,1,1,1,2,2.920000002e-07,3.183939200e-02,3.282800000e-04,3.216796400e-02,3.109228393e-02,3.076371193e-02,1.075680071e-03,345.340286,349.028695,349.028695,5.945919752e-04,4.711039960e-04,9.984099428e-06,column,0,-1.000000000e+00,-1.000000
cuda_warp(blk384)(xcol),double,local,local,16384,16384,20,1,1,1,3,3.010000000e-07,3.183527200e-02,3.206580000e-04,3.215623100e-02,3.108089438e-02,3.075993538e-02,1.075336621e-03,345.466836,349.071547,349.071547,6.001600027e-04,4.635199904e-04,1.165662782e-05,column,0,-1.000000000e+00,-1.000000
cuda_warp(blk384)(xcol),double,local,local,16384,16384,20,1,1,1,4,2.410000000e-07,3.220548700e-02,5.876790000e-04,3.279340700e-02,3.134628754e-02,3.075836754e-02,1.447119462e-03,342.541943,349.089341,349.089341,5.987840295e-04,8.325440288e-04,1.579140330e-05,column,0,-1.000000000e+00,-1.000000
cuda_warp(blk384)(xcol),double,local,local,16384,16384,20,1,1,1,5,3.760000000e-07,3.256746200e-02,5.276710000e-04,3.309550900e-02,3.129108754e-02,3.076304054e-02,1.804421457e-03,343.146215,349.036313,349.036313,9.174079895e-04,8.708800077e-04,1.613346015e-05,column,0,-1.000000000e+00,-1.000000
cuda_warp(blk384)(xcol),double,local,local,16384,16384,20,1,1,1,6,4.849999999e-07,3.204235000e-02,3.206600000e-04,3.236349500e-02,3.108040899e-02,3.075926399e-02,1.283086008e-03,345.472231,349.079167,349.079167,6.383039951e-04,6.315519810e-04,1.323003159e-05,column,0,-1.000000000e+00,-1.000000
cuda_warp(blk384)(xcol),double,local,local,16384,16384,20,1,1,1,7,2.139999999e-07,3.193123700e-02,3.151610000e-04,3.224661200e-02,3.107105508e-02,3.075568008e-02,1.175556916e-03,345.576235,349.119844,349.119844,6.265919805e-04,5.379199982e-04,1.104493715e-05,column,0,-1.000000000e+00,-1.000000
cuda_warp(blk384)(xcol),double,local,local,16384,16384,20,1,1,1,8,1.850000000e-07,3.185414900e-02,3.108780000e-04,3.216521200e-02,3.107263107e-02,3.076156807e-02,1.092580931e-03,345.558708,349.053020,349.053020,5.966719985e-04,4.848639965e-04,1.104493554e-05,column,0,-1.000000000e+00,-1.000000
cuda_warp(blk384)(xcol),double,local,local,16384,16384,20,1,1,1,9,1.110000001e-07,3.183798600e-02,3.090890000e-04,3.214718600e-02,3.107083292e-02,3.076163292e-02,1.076353081e-03,345.578706,349.052284,349.052284,5.940160155e-04,4.717760086e-04,1.056105655e-05,column,0,-1.000000000e+00,-1.000000
cuda_warp(blk384)(xcol),double,local,local,16384,16384,20,1,1,1,10,1.270000001e-07,3.181882300e-02,3.089080000e-04,3.212785800e-02,3.106471508e-02,3.075568008e-02,1.063142916e-03,345.646764,349.119844,349.119844,5.918719769e-04,4.600319862e-04,1.123895268e-05,column,0,-1.000000000e+00,-1.000000
cuda_warp(blk384)(xcol),double,local,local,16384,16384,20,1,1,1,11,1.180000000e-07,3.184356300e-02,3.032880000e-04,3.214696900e-02,3.106302285e-02,3.075961685e-02,1.083946148e-03,345.665594,349.075162,349.075162,6.125119925e-04,4.610559940e-04,1.037816171e-05,column,0,-1.000000000e+00,-1.000000
cuda_warp(blk384)(xcol),double,local,local,16384,16384,20,1,1,1,12,1.219999999e-07,3.182744300e-02,3.056550000e-04,3.213322000e-02,3.106545679e-02,3.075967979e-02,1.067763206e-03,345.638511,349.074448,349.074448,5.913599730e-04,4.599359930e-04,1.646723978e-05,column,0,-1.000000000e+00,-1.000000
cuda_warp(blk384)(xcol),double,local,local,16384,16384,20,1,1,1,13,1.930000000e-07,3.184437400e-02,3.522000000e-04,3.219676700e-02,3.110951313e-02,3.075712013e-02,1.087253868e-03,345.149029,349.103498,349.103498,5.948799849e-04,4.808959961e-04,1.147788660e-05,column,0,-1.000000000e+00,-1.000000
cuda_warp(blk384)(xcol),double,local,local,16384,16384,20,1,1,1,14,1.970000003e-07,3.187014400e-02,3.175810000e-04,3.218792200e-02,3.107819403e-02,3.076041603e-02,1.109727969e-03,345.496853,349.066093,349.066093,5.906239748e-04,5.093119740e-04,9.792020267e-06,column,0,-1.000000000e+00,-1.000000
cuda_warp(blk384)(xcol),double,local,local,16384,16384,20,1,1,1,15,3.049999999e-07,3.185174300e-02,3.223710000e-04,3.217441900e-02,3.108232337e-02,3.075964737e-02,1.092095631e-03,345.450953,349.074816,349.074816,5.854719877e-04,4.952960014e-04,1.132764146e-05,column,0,-1.000000000e+00,-1.000000
cuda_warp(blk384)(xcol),double,local,local,16384,16384,20,1,1,1,16,1.980000000e-07,3.185194200e-02,3.053680000e-04,3.215750800e-02,3.106937330e-02,3.076380730e-02,1.088134703e-03,345.594941,349.027613,349.027613,5.865280032e-04,4.903999865e-04,1.120671353e-05,column,0,-1.000000000e+00,-1.000000
cuda_warp(blk384)(xcol),double,local,local,16384,16384,20,1,1,1,17,5.889999999e-07,3.184487800e-02,3.051000000e-04,3.215056700e-02,3.106268134e-02,3.075699234e-02,1.087885660e-03,345.669394,349.104949,349.104949,5.903679729e-04,4.873920083e-04,1.012567876e-05,column,0,-1.000000000e+00,-1.000000
cuda_warp(blk384)(xcol),double,local,local,16384,16384,20,1,1,1,18,3.130000001e-07,3.184830000e-02,3.028970000e-04,3.215151000e-02,3.106890557e-02,3.076569557e-02,1.082604428e-03,345.600144,349.006191,349.006191,5.899199843e-04,4.815039933e-04,1.118045049e-05,column,0,-1.000000000e+00,-1.000000
cuda_warp(blk384)(xcol),double,local,local,16384,16384,20,1,1,1,19,2.230000002e-07,3.236857700e-02,3.175250000e-04,3.268632500e-02,3.107665913e-02,3.075891113e-02,1.609665867e-03,345.513918,349.083171,349.083171,5.913919806e-04,1.005344033e-03,1.292985330e-05,column,0,-1.000000000e+00,-1.000000
cuda_warp(blk384)(xcol),double,local,local,16384,16384,20,1,1,1,20,2.060000002e-07,3.194391000e-02,4.025800000e-04,3.234669600e-02,3.116883443e-02,3.076604843e-02,1.177861569e-03,344.492132,349.002189,349.002189,5.918080211e-04,5.739200115e-04,1.213353601e-05,column,0,-1.000000000e+00,-1.000000
cuda_warp(blk384)(xcol),double,local,local,16384,16384,32,1,1,1,1,1.970000001e-07,5.077097200e-02,5.466050000e-04,5.131777400e-02,4.955854745e-02,4.901174545e-02,1.759226547e-03,346.658045,350.525553,350.525553,9.639040232e-04,7.820479870e-04,1.327453696e-05,column,0,-1.000000000e+00,-1.000000
cuda_warp(blk384)(xcol),double,local,local,16384,16384,32,1,1,1,2,1.930000000e-07,5.078201800e-02,5.261640000e-04,5.130837500e-02,4.954145939e-02,4.901510239e-02,1.766915614e-03,346.777616,350.501546,350.501546,9.589759707e-04,7.960320115e-04,1.190763127e-05,column,0,-1.000000000e+00,-1.000000
cuda_warp(blk384)(xcol),double,local,local,16384,16384,32,1,1,1,3,1.530000000e-07,5.076963400e-02,5.110830000e-04,5.128087000e-02,4.952506046e-02,4.901382446e-02,1.755809537e-03,346.892442,350.510685,350.510685,9.592319727e-04,7.850559950e-04,1.152156943e-05,column,0,-1.000000000e+00,-1.000000
cuda_warp(blk384)(xcol),double,local,local,16384,16384,32,1,1,1,4,1.900000000e-07,5.075571600e-02,5.163100000e-04,5.127221600e-02,4.953205252e-02,4.901555252e-02,1.740163479e-03,346.843474,350.498328,350.498328,9.587839842e-04,7.685120106e-04,1.286748449e-05,column,0,-1.000000000e+00,-1.000000
cuda_warp(blk384)(xcol),double,local,local,16384,16384,32,1,1,1,5,1.770000000e-07,5.076044200e-02,5.242660000e-04,5.128488500e-02,4.954156336e-02,4.901712036e-02,1.743321639e-03,346.776888,350.487117,350.487117,9.589759707e-04,7.684159875e-04,1.592968044e-05,column,0,-1.000000000e+00,-1.000000
cuda_warp(blk384)(xcol),double,local,local,16384,16384,32,1,1,1,6,1.790000002e-07,5.077060400e-02,5.260610000e-04,5.129684400e-02,4.953702415e-02,4.901078415e-02,1.759819851e-03,346.808664,350.532428,350.532428,9.650560021e-04,7.827519774e-04,1.201187125e-05,column,0,-1.000000000e+00,-1.000000
cuda_warp(blk384)(xcol),double,local,local,16384,16384,32,1,1,1,7,1.739999997e-07,5.076822000e-02,5.394270000e-04,5.130782100e-02,4.954974428e-02,4.901014328e-02,1.758076720e-03,346.719634,350.537012,350.537012,9.549440145e-04,7.914559841e-04,1.167672131e-05,column,0,-1.000000000e+00,-1.000000
cuda_warp(blk384)(xcol),double,local,local,16384,16384,32,1,1,1,8,1.670000001e-07,5.077341900e-02,5.141340000e-04,5.128772000e-02,4.952921265e-02,4.901491165e-02,1.758507348e-03,346.863361,350.502910,350.502910,9.534080029e-04,7.925119996e-04,1.258734593e-05,column,0,-1.000000000e+00,-1.000000
cuda_warp(blk384)(xcol),double,local,local,16384,16384,32,1,1,1,9,1.670000001e-07,5.077164200e-02,5.090990000e-04,5.128090800e-02,4.952593623e-02,4.901667023e-02,1.754971773e-03,346.886308,350.490335,350.490335,9.584320188e-04,7.844480276e-04,1.209172658e-05,column,0,-1.000000000e+00,-1.000000
cuda_warp(blk384)(xcol),double,local,local,16384,16384,32,1,1,1,10,1.949999997e-07,5.077740200e-02,5.551440000e-04,5.133274100e-02,4.956734004e-02,4.901200104e-02,1.765400962e-03,346.596553,350.523725,350.523725,9.613440037e-04,7.923840284e-04,1.167293029e-05,column,0,-1.000000000e+00,-1.000000
cuda_warp(blk384)(xcol),double,local,local,16384,16384,32,1,1,1,11,1.670000001e-07,5.160098500e-02,1.479225000e-03,5.308037700e-02,5.049753470e-02,4.901814270e-02,2.582842300e-03,340.212038,350.479807,350.479807,9.562240243e-04,1.611552000e-03,1.506627546e-05,column,0,-1.000000000e+00,-1.000000
cuda_warp(blk384)(xcol),double,local,local,16384,16384,32,1,1,1,12,1.560000000e-07,5.077833800e-02,5.276000000e-04,5.130609400e-02,4.954317882e-02,4.901542282e-02,1.762915179e-03,346.765581,350.499255,350.499255,9.588800073e-04,7.920640111e-04,1.197116059e-05,column,0,-1.000000000e+00,-1.000000
cuda_warp(blk384)(xcol),double,local,local,16384,16384,32,1,1,1,13,1.579999998e-07,5.078312700e-02,5.152180000e-04,5.129850300e-02,4.953256121e-02,4.901718521e-02,1.765941789e-03,346.839912,350.486653,350.486653,9.571200013e-04,7.963520288e-04,1.246975866e-05,column,0,-1.000000000e+00,-1.000000
cuda_warp(blk384)(xcol),double,local,local,16384,16384,32,1,1,1,14,1.580000002e-07,5.081161600e-02,5.277610000e-04,5.133953500e-02,4.954750366e-02,4.901958466e-02,1.792031344e-03,346.735313,350.469497,350.469497,9.552959800e-04,8.224639893e-04,1.427137500e-05,column,0,-1.000000000e+00,-1.000000
cuda_warp(blk384)(xcol),double,local,local,16384,16384,32,1,1,1,15,1.655000000e-06,5.078967400e-02,5.326890000e-04,5.132401800e-02,4.955191068e-02,4.901756668e-02,1.772107319e-03,346.704475,350.483925,350.483925,9.701439738e-04,7.903680205e-04,1.159532473e-05,column,0,-1.000000000e+00,-1.000000
cuda_warp(blk384)(xcol),double,local,local,16384,16384,32,1,1,1,16,2.549999998e-07,5.078832200e-02,5.075970000e-04,5.129617400e-02,4.951994841e-02,4.901209641e-02,1.776225595e-03,346.928253,350.523043,350.523043,9.600960016e-04,8.037760258e-04,1.235356757e-05,column,0,-1.000000000e+00,-1.000000
cuda_warp(blk384)(xcol),double,local,local,16384,16384,32,1,1,1,17,1.680000001e-07,5.078323900e-02,5.052280000e-04,5.128863500e-02,4.952194034e-02,4.901654434e-02,1.766694658e-03,346.914298,350.491235,350.491235,9.699519873e-04,7.848320007e-04,1.191066996e-05,column,0,-1.000000000e+00,-1.000000
cuda_warp(blk384)(xcol),double,local,local,16384,16384,32,1,1,1,18,1.620000001e-07,5.077294700e-02,5.149790000e-04,5.128808800e-02,4.952710771e-02,4.901196671e-02,1.760980295e-03,346.878103,350.523971,350.523971,9.671679735e-04,7.818560004e-04,1.195632074e-05,column,0,-1.000000000e+00,-1.000000
cuda_warp(blk384)(xcol),double,local,local,16384,16384,32,1,1,1,19,1.629999997e-07,5.083542800e-02,5.177250000e-04,5.135331600e-02,4.952860730e-02,4.901071930e-02,1.824708701e-03,346.867601,350.532892,350.532892,1.030367970e-03,7.832959890e-04,1.104474118e-05,column,0,-1.000000000e+00,-1.000000
cuda_warp(blk384)(xcol),double,local,local,16384,16384,32,1,1,1,20,1.629999997e-07,5.077440900e-02,5.014630000e-04,5.127603500e-02,4.951669787e-02,4.901507187e-02,1.759337131e-03,346.951027,350.501765,350.501765,9.726399779e-04,7.753279805e-04,1.136917265e-05,column,0,-1.000000000e+00,-1.000000
cuda_warp(blk512)(xcol),double,local,local,16384,16384,3,1,1,1,1,1.670000001e-07,7.388367000e-03,4.490500000e-05,7.433439000e-03,5.554160039e-03,5.509088039e-03,1.879278961e-03,289.983134,292.355599,292.355599,1.220159978e-04,1.746335983e-03,1.092697956e-05,column,0,-1.000000000e+00,-1.000000
cuda_warp(blk512)(xcol),double,local,local,16384,16384,3,1,1,1,2,1.050000000e-07,5.737118000e-03,4.451400000e-05,5.781737000e-03,5.553291237e-03,5.508672237e-03,2.284457626e-04,290.028502,292.377667,292.377667,1.206720024e-04,9.721600264e-05,1.055775753e-05,column,0,-1.000000000e+00,-1.000000
cuda_warp(blk512)(xcol),double,local,local,16384,16384,3,1,1,1,3,1.919999999e-07,5.729396000e-03,4.388600000e-05,5.773474000e-03,5.557037957e-03,5.512959957e-03,2.164360429e-04,289.832956,292.150269,292.150269,1.203199998e-04,8.627200127e-05,9.844041856e-06,column,0,-1.000000000e+00,-1.000000
cuda_warp(blk512)(xcol),double,local,local,16384,16384,3,1,1,1,4,1.290000000e-07,5.744500000e-03,4.392700000e-05,5.788556000e-03,5.569943966e-03,5.525887966e-03,2.186120338e-04,289.161389,291.466773,291.466773,1.189119965e-04,8.972799778e-05,9.972039580e-06,column,0,-1.000000000e+00,-1.000000
cuda_warp(blk512)(xcol),double,local,local,16384,16384,3,1,1,1,5,7.800000001e-08,5.881677000e-03,4.623200000e-05,5.927987000e-03,5.574406199e-03,5.528096199e-03,3.535808010e-04,288.929920,291.350345,291.350345,1.184960008e-04,2.250239998e-04,1.006080039e-05,column,0,-1.000000000e+00,-1.000000
cuda_warp(blk512)(xcol),double,local,local,16384,16384,3,1,1,1,6,1.720000000e-07,5.743332000e-03,4.388300000e-05,5.787387000e-03,5.565654770e-03,5.521599770e-03,2.217322304e-04,289.384233,291.693133,291.693133,1.228799969e-04,8.889599890e-05,9.956234617e-06,column,0,-1.000000000e+00,-1.000000
cuda_warp(blk512)(xcol),double,local,local,16384,16384,3,1,1,1,7,1.199999999e-07,5.750042000e-03,4.511900000e-05,5.795281000e-03,5.564054994e-03,5.518815994e-03,2.312260057e-04,289.467437,291.840267,291.840267,1.207680032e-04,1.018240005e-04,8.634002094e-06,column,0,-1.000000000e+00,-1.000000
cuda_warp(blk512)(xcol),double,local,local,16384,16384,3,1,1,1,8,1.100000000e-07,5.735531000e-03,4.371700000e-05,5.779358000e-03,5.561715069e-03,5.517888069e-03,2.176429308e-04,289.589221,291.889345,291.889345,1.185920015e-04,8.902399987e-05,1.002692948e-05,column,0,-1.000000000e+00,-1.000000
cuda_warp(blk512)(xcol),double,local,local,16384,16384,3,1,1,1,9,1.070000000e-07,5.749410000e-03,4.378900000e-05,5.793306000e-03,5.574519913e-03,5.530623913e-03,2.187860872e-04,288.924026,291.217187,291.217187,1.220479980e-04,8.697599918e-05,9.762090001e-06,column,0,-1.000000000e+00,-1.000000
cuda_warp(blk512)(xcol),double,local,local,16384,16384,3,1,1,1,10,7.999999996e-08,5.749531000e-03,4.362000000e-05,5.793231000e-03,5.571667930e-03,5.527967930e-03,2.215630702e-04,289.071918,291.357106,291.357106,1.182719991e-04,9.455999732e-05,8.731073779e-06,column,0,-1.000000000e+00,-1.000000
cuda_warp(blk512)(xcol),double,local,local,16384,16384,3,1,1,1,11,1.029999999e-07,5.736656000e-03,4.459400000e-05,5.781353000e-03,5.565048887e-03,5.520351887e-03,2.163041133e-04,289.415739,291.759071,291.759071,1.202239990e-04,8.739200234e-05,8.688111883e-06,column,0,-1.000000000e+00,-1.000000
cuda_warp(blk512)(xcol),double,local,local,16384,16384,3,1,1,1,12,1.169999999e-07,5.746029000e-03,4.382100000e-05,5.789967000e-03,5.564321835e-03,5.520383835e-03,2.256451652e-04,289.453555,291.757382,291.757382,1.198080033e-04,9.696000069e-05,8.877161161e-06,column,0,-1.000000000e+00,-1.000000
cuda_warp(blk512)(xcol),double,local,local,16384,16384,3,1,1,1,13,1.060000001e-07,5.738672000e-03,4.599000000e-05,5.784768000e-03,5.568976077e-03,5.522880077e-03,2.157919226e-04,289.211646,291.625513,291.625513,1.194880009e-04,8.604799956e-05,1.025592221e-05,column,0,-1.000000000e+00,-1.000000
cuda_warp(blk512)(xcol),double,local,local,16384,16384,3,1,1,1,14,1.209999998e-07,5.758291000e-03,4.596700000e-05,5.804379000e-03,5.567847987e-03,5.521759987e-03,2.365310131e-04,289.270242,291.684669,291.684669,1.390080005e-04,8.857599646e-05,8.947016171e-06,column,0,-1.000000000e+00,-1.000000
cuda_warp(blk512)(xcol),double,local,local,16384,16384,3,1,1,1,15,1.049999998e-07,5.740591000e-03,4.530700000e-05,5.786003000e-03,5.568771776e-03,5.523359776e-03,2.172312245e-04,289.222256,291.600186,291.600186,1.205440015e-04,8.796799928e-05,8.719223717e-06,column,0,-1.000000000e+00,-1.000000
cuda_warp(blk512)(xcol),double,local,local,16384,16384,3,1,1,1,16,1.100000000e-07,5.752141000e-03,4.472500000e-05,5.796976000e-03,5.575522809e-03,5.530687809e-03,2.214531910e-04,288.872056,291.213822,291.213822,1.208639964e-04,9.017600119e-05,1.041319337e-05,column,0,-1.000000000e+00,-1.000000
cuda_warp(blk512)(xcol),double,local,local,16384,16384,3,1,1,1,17,1.039999999e-07,5.736970000e-03,4.449700000e-05,5.781571000e-03,5.565816916e-03,5.521215916e-03,2.157540843e-04,289.375802,291.713413,291.713413,1.210239977e-04,8.460800350e-05,1.012208316e-05,column,0,-1.000000000e+00,-1.000000
cuda_warp(blk512)(xcol),double,local,local,16384,16384,3,1,1,1,18,1.200000002e-07,5.746077000e-03,4.402200000e-05,5.790219000e-03,5.570125810e-03,5.525983810e-03,2.200931896e-04,289.151949,291.461718,291.461718,1.199999973e-04,9.055999666e-05,9.533195593e-06,column,0,-1.000000000e+00,-1.000000
cuda_warp(blk512)(xcol),double,local,local,16384,16384,3,1,1,1,19,1.110000001e-07,5.730999000e-03,4.326500000e-05,5.774375000e-03,5.560624154e-03,5.517248154e-03,2.137508463e-04,289.646035,291.923200,291.923200,1.199359968e-04,8.374399692e-05,1.007085256e-05,column,0,-1.000000000e+00,-1.000000
cuda_warp(blk512)(xcol),double,local,local,16384,16384,3,1,1,1,20,1.940000001e-07,5.742861000e-03,4.476900000e-05,5.787824000e-03,5.570914862e-03,5.525951862e-03,2.169091377e-04,289.110994,291.463403,291.463403,1.201279983e-04,8.681599796e-05,9.965141414e-06,column,0,-1.000000000e+00,-1.000000
cuda_warp(blk512)(xcol),double,local,local,16384,16384,6,1,1,1,1,2.960000001e-07,1.026147700e-02,9.375900000e-05,1.035553200e-02,9.903558555e-03,9.809503555e-03,4.519734447e-04,325.259396,328.378032,328.378032,2.325119972e-04,2.090239972e-04,1.043745029e-05,column,0,-1.000000000e+00,-1.000000
cuda_warp(blk512)(xcol),double,local,local,16384,16384,6,1,1,1,2,1.150000000e-07,1.023609100e-02,9.297100000e-05,1.032917700e-02,9.902525659e-03,9.809439659e-03,4.266513409e-04,325.293322,328.380171,328.380171,2.326080054e-04,1.846400052e-04,9.403330246e-06,column,0,-1.000000000e+00,-1.000000
cuda_warp(blk512)(xcol),double,local,local,16384,16384,6,1,1,1,3,1.359999999e-07,1.023058500e-02,9.163600000e-05,1.032235700e-02,9.900795857e-03,9.809023857e-03,4.215611429e-04,325.350156,328.394091,328.394091,2.326080054e-04,1.785279959e-04,1.042514153e-05,column,0,-1.000000000e+00,-1.000000
cuda_warp(blk512)(xcol),double,local,local,16384,16384,6,1,1,1,4,1.350000001e-07,1.023036100e-02,9.231400000e-05,1.032281000e-02,9.901760867e-03,9.809311867e-03,4.210491332e-04,325.318447,328.384449,328.384449,2.335679978e-04,1.778240055e-04,9.657129942e-06,column,0,-1.000000000e+00,-1.000000
cuda_warp(blk512)(xcol),double,local,local,16384,16384,6,1,1,1,5,1.289999998e-07,1.022786100e-02,9.113900000e-05,1.031912900e-02,9.901412424e-03,9.810144424e-03,4.177165756e-04,325.329896,328.356580,328.356580,2.333119959e-04,1.744319946e-04,9.972585140e-06,column,0,-1.000000000e+00,-1.000000
cuda_warp(blk512)(xcol),double,local,local,16384,16384,6,1,1,1,6,1.359999999e-07,1.015771000e-02,9.117100000e-05,1.024901700e-02,9.828010873e-03,9.736703873e-03,4.210061273e-04,327.759657,330.833259,330.833259,2.321279943e-04,1.787199974e-04,1.015813561e-05,column,0,-1.000000000e+00,-1.000000
cuda_warp(blk512)(xcol),double,local,local,16384,16384,6,1,1,1,7,1.170000001e-07,1.014668700e-02,9.160300000e-05,1.023840700e-02,9.820712462e-03,9.728992462e-03,4.176945378e-04,328.003236,331.095484,331.095484,2.337920070e-04,1.732479930e-04,1.065453788e-05,column,0,-1.000000000e+00,-1.000000
cuda_warp(blk512)(xcol),double,local,local,16384,16384,6,1,1,1,8,1.310000002e-07,1.015495500e-02,9.119200000e-05,1.024627800e-02,9.821786982e-03,9.730463982e-03,4.244910184e-04,327.967352,331.045413,331.045413,2.374079973e-04,1.778240055e-04,9.259015636e-06,column,0,-1.000000000e+00,-1.000000
cuda_warp(blk512)(xcol),double,local,local,16384,16384,6,1,1,1,9,1.380000001e-07,1.016466400e-02,9.214900000e-05,1.025695100e-02,9.822687085e-03,9.730400085e-03,4.342639146e-04,327.937299,331.047587,331.047587,2.435519993e-04,1.820800006e-04,8.631914581e-06,column,0,-1.000000000e+00,-1.000000
cuda_warp(blk512)(xcol),double,local,local,16384,16384,6,1,1,1,10,1.430000001e-07,1.064683100e-02,9.527800000e-05,1.074225200e-02,9.824220820e-03,9.728799820e-03,9.180311801e-04,327.886102,331.102040,331.102040,2.328000069e-04,6.744959950e-04,1.073517814e-05,column,0,-1.000000000e+00,-1.000000
cuda_warp(blk512)(xcol),double,local,local,16384,16384,6,1,1,1,11,1.130000000e-07,1.014881800e-02,9.282500000e-05,1.024175600e-02,9.823434407e-03,9.730496407e-03,4.183215934e-04,327.912351,331.044310,331.044310,2.362560034e-04,1.719360054e-04,1.012958471e-05,column,0,-1.000000000e+00,-1.000000
cuda_warp(blk512)(xcol),double,local,local,16384,16384,6,1,1,1,12,1.299999999e-07,1.014140400e-02,8.883700000e-05,1.023037100e-02,9.817959462e-03,9.728992462e-03,4.124115378e-04,328.095210,331.095484,331.095484,2.307839990e-04,1.725759953e-04,9.051543550e-06,column,0,-1.000000000e+00,-1.000000
cuda_warp(blk512)(xcol),double,local,local,16384,16384,6,1,1,1,13,9.800000011e-08,1.013773400e-02,9.224400000e-05,1.023007600e-02,9.822421651e-03,9.730079651e-03,4.076543491e-04,327.946161,331.058490,331.058490,2.289600074e-04,1.685439944e-04,1.015034727e-05,column,0,-1.000000000e+00,-1.000000
cuda_warp(blk512)(xcol),double,local,local,16384,16384,6,1,1,1,14,7.399999991e-08,1.015057200e-02,9.178000000e-05,1.024242600e-02,9.822861576e-03,9.731007576e-03,4.195644240e-04,327.931474,331.026921,331.026921,2.360319942e-04,1.736959964e-04,9.836433384e-06,column,0,-1.000000000e+00,-1.000000
cuda_warp(blk512)(xcol),double,local,local,16384,16384,6,1,1,1,15,8.300000021e-08,1.004788800e-02,8.868200000e-05,1.013665300e-02,9.718141411e-03,9.629376411e-03,4.185115886e-04,331.465178,334.520672,334.520672,2.408320010e-04,1.678400040e-04,9.839583624e-06,column,0,-1.000000000e+00,-1.000000
cuda_warp(blk512)(xcol),double,local,local,16384,16384,6,1,1,1,16,7.800000001e-08,9.830124000e-03,9.423900000e-05,9.924441000e-03,9.513420622e-03,9.419103622e-03,4.110203776e-04,338.598029,341.988537,341.988537,2.305279970e-04,1.696320027e-04,1.086037784e-05,column,0,-1.000000000e+00,-1.000000
cuda_warp(blk512)(xcol),double,local,local,16384,16384,6,1,1,1,17,7.399999991e-08,9.842519000e-03,9.291000000e-05,9.935503000e-03,9.514391700e-03,9.421407700e-03,4.211113004e-04,338.563470,341.904902,341.904902,2.404479980e-04,1.719039977e-04,8.759304709e-06,column,0,-1.000000000e+00,-1.000000
cuda_warp(blk512)(xcol),double,local,local,16384,16384,6,1,1,1,18,8.499999993e-08,9.830866000e-03,1.153520000e-04,9.946303000e-03,9.535533397e-03,9.420096397e-03,4.107696026e-04,337.812825,341.952496,341.952496,2.309119999e-04,1.703999937e-04,9.457609001e-06,column,0,-1.000000000e+00,-1.000000
cuda_warp(blk512)(xcol),double,local,local,16384,16384,6,1,1,1,19,9.400000001e-08,9.822982000e-03,9.357300000e-05,9.916649000e-03,9.514051407e-03,9.420384407e-03,4.025975930e-04,338.575580,341.942041,341.942041,2.310400009e-04,1.619199961e-04,9.637595899e-06,column,0,-1.000000000e+00,-1.000000
cuda_warp(blk512)(xcol),double,local,local,16384,16384,6,1,1,1,20,1.000000001e-07,9.827653000e-03,9.043400000e-05,9.918187000e-03,9.510021953e-03,9.419487953e-03,4.081650468e-04,338.719036,341.974584,341.974584,2.357439995e-04,1.624960005e-04,9.925046804e-06,column,0,-1.000000000e+00,-1.000000
cuda_warp(blk512)(xcol),double,local,local,16384,16384,8,1,1,1,1,1.480000000e-07,1.306997000e-02,1.246480000e-04,1.319476600e-02,1.265090760e-02,1.252611160e-02,5.438583972e-04,339.498748,342.881130,342.881130,3.080640137e-04,2.261759937e-04,9.618389816e-06,column,0,-1.000000000e+00,-1.000000
cuda_warp(blk512)(xcol),double,local,local,16384,16384,8,1,1,1,2,1.520000001e-07,1.306108100e-02,1.201150000e-04,1.318134800e-02,1.264317903e-02,1.252291203e-02,5.381689745e-04,339.706279,342.968735,342.968735,3.056640029e-04,2.224960029e-04,1.000896874e-05,column,0,-1.000000000e+00,-1.000000
cuda_warp(blk512)(xcol),double,local,local,16384,16384,8,1,1,1,3,1.230000000e-07,1.305957100e-02,1.210600000e-04,1.318075400e-02,1.264390334e-02,1.252272034e-02,5.368506631e-04,339.686818,342.973985,342.973985,3.089599907e-04,2.189120054e-04,8.978666921e-06,column,0,-1.000000000e+00,-1.000000
cuda_warp(blk512)(xcol),double,local,local,16384,16384,8,1,1,1,4,2.070000000e-07,1.307240300e-02,1.242350000e-04,1.319684500e-02,1.265125837e-02,1.252681637e-02,5.455866319e-04,339.489335,342.861839,342.861839,3.122879863e-04,2.240640074e-04,9.234638217e-06,column,0,-1.000000000e+00,-1.000000
cuda_warp(blk512)(xcol),double,local,local,16384,16384,8,1,1,1,5,1.360000002e-07,1.305055200e-02,1.240160000e-04,1.317470400e-02,1.264629632e-02,1.252214432e-02,5.284076824e-04,339.622542,342.989762,342.989762,3.031359911e-04,2.148479968e-04,1.042369445e-05,column,0,-1.000000000e+00,-1.000000
cuda_warp(blk512)(xcol),double,local,local,16384,16384,8,1,1,1,6,1.380000001e-07,1.305680400e-02,1.244490000e-04,1.318139100e-02,1.264641088e-02,1.252182388e-02,5.349801169e-04,339.619465,342.998539,342.998539,3.055999875e-04,2.189760059e-04,1.040412352e-05,column,0,-1.000000000e+00,-1.000000
cuda_warp(blk512)(xcol),double,local,local,16384,16384,8,1,1,1,7,1.490000001e-07,1.305226800e-02,1.254980000e-04,1.317791500e-02,1.264654296e-02,1.252089596e-02,5.313720421e-04,339.615918,343.023959,343.023959,3.033280075e-04,2.175360024e-04,1.050803220e-05,column,0,-1.000000000e+00,-1.000000
cuda_warp(blk512)(xcol),double,local,local,16384,16384,8,1,1,1,8,1.169999999e-07,1.304903300e-02,1.241080000e-04,1.317325800e-02,1.264576087e-02,1.252153587e-02,5.274971266e-04,339.636922,343.006428,343.006428,3.057279885e-04,2.110400051e-04,1.072913302e-05,column,0,-1.000000000e+00,-1.000000
cuda_warp(blk512)(xcol),double,local,local,16384,16384,8,1,1,1,9,1.240000000e-07,1.307409500e-02,1.236640000e-04,1.319788300e-02,1.264653981e-02,1.252275181e-02,5.513431918e-04,339.616003,342.973123,342.973123,3.244160116e-04,2.164800018e-04,1.044717845e-05,column,0,-1.000000000e+00,-1.000000
cuda_warp(blk512)(xcol),double,local,local,16384,16384,8,1,1,1,10,1.509999998e-07,1.305755900e-02,1.236650000e-04,1.318137500e-02,1.264666413e-02,1.252284813e-02,5.347108707e-04,339.612664,342.970485,342.970485,3.049919903e-04,2.193920016e-04,1.032687877e-05,column,0,-1.000000000e+00,-1.000000
cuda_warp(blk512)(xcol),double,local,local,16384,16384,8,1,1,1,11,1.470000000e-07,1.306508700e-02,1.236740000e-04,1.318890800e-02,1.264327691e-02,1.251945591e-02,5.456310903e-04,339.703649,343.063415,343.063415,3.065600097e-04,2.297600061e-04,9.311074483e-06,column,0,-1.000000000e+00,-1.000000
cuda_warp(blk512)(xcol),double,local,local,16384,16384,8,1,1,1,12,1.220000001e-07,1.305395700e-02,1.209410000e-04,1.317502000e-02,1.264496685e-02,1.252390385e-02,5.300531533e-04,339.658249,342.941574,342.941574,3.066239953e-04,2.130240053e-04,1.040515266e-05,column,0,-1.000000000e+00,-1.000000
cuda_warp(blk512)(xcol),double,local,local,16384,16384,8,1,1,1,13,1.130000000e-07,1.306873900e-02,1.233800000e-04,1.319223200e-02,1.264595680e-02,1.252246380e-02,5.462752015e-04,339.631660,342.981011,342.981011,3.197120130e-04,2.164800018e-04,1.008318666e-05,column,0,-1.000000000e+00,-1.000000
cuda_warp(blk512)(xcol),double,local,local,16384,16384,8,1,1,1,14,1.560000000e-07,1.305394300e-02,1.228660000e-04,1.317696500e-02,1.264587013e-02,1.252284813e-02,5.310948707e-04,339.633987,342.970485,342.970485,3.110400140e-04,2.106560022e-04,9.398854535e-06,column,0,-1.000000000e+00,-1.000000
cuda_warp(blk512)(xcol),double,local,local,16384,16384,8,1,1,1,15,1.359999999e-07,1.307004200e-02,1.237420000e-04,1.319392000e-02,1.264480638e-02,1.252092838e-02,5.491136171e-04,339.662559,343.023070,343.023070,3.029440045e-04,2.351679951e-04,1.100161750e-05,column,0,-1.000000000e+00,-1.000000
cuda_warp(blk512)(xcol),double,local,local,16384,16384,8,1,1,1,16,1.519999999e-07,1.304824800e-02,1.251950000e-04,1.317359500e-02,1.264601884e-02,1.252067184e-02,5.275761555e-04,339.629993,343.030098,343.030098,3.086079955e-04,2.088640034e-04,1.010415659e-05,column,0,-1.000000000e+00,-1.000000
cuda_warp(blk512)(xcol),double,local,local,16384,16384,8,1,1,1,17,1.349999998e-07,1.305162800e-02,1.222050000e-04,1.317396800e-02,1.264227561e-02,1.251993561e-02,5.316923921e-04,339.730554,343.050270,343.050270,3.033280075e-04,2.189760059e-04,9.388378719e-06,column,0,-1.000000000e+00,-1.000000
cuda_warp(blk512)(xcol),double,local,local,16384,16384,8,1,1,1,18,2.680000000e-07,1.305233400e-02,1.253870000e-04,1.317798900e-02,1.264837534e-02,1.252272034e-02,5.296136631e-04,339.566718,342.973985,342.973985,3.076480031e-04,2.118719965e-04,1.009366346e-05,column,0,-1.000000000e+00,-1.000000
cuda_warp(blk512)(xcol),double,local,local,16384,16384,8,1,1,1,19,1.440000001e-07,1.306099200e-02,1.239690000e-04,1.318510500e-02,1.264376060e-02,1.251964760e-02,5.413444017e-04,339.690653,343.058162,343.058162,3.156799972e-04,2.150720060e-04,1.059239854e-05,column,0,-1.000000000e+00,-1.000000
cuda_warp(blk512)(xcol),double,local,local,16384,16384,8,1,1,1,20,1.440000001e-07,1.305542100e-02,1.228400000e-04,1.317840500e-02,1.264775188e-02,1.252476788e-02,5.306531243e-04,339.583456,342.917916,342.917916,3.101119995e-04,2.096319944e-04,1.090913045e-05,column,0,-1.000000000e+00,-1.000000
cuda_warp(blk512)(xcol),double,local,local,16384,16384,20,1,1,1,1,1.610000000e-07,3.289347900e-02,3.034570000e-04,3.319709700e-02,3.211033873e-02,3.180672073e-02,1.086758266e-03,334.391310,337.583315,337.583315,6.072000265e-04,4.678399861e-04,1.171825376e-05,column,0,-1.000000000e+00,-1.000000
cuda_warp(blk512)(xcol),double,local,local,16384,16384,20,1,1,1,2,1.909999998e-07,3.239962400e-02,3.044360000e-04,3.270425100e-02,3.161742645e-02,3.131279945e-02,1.086824546e-03,339.604435,342.908281,342.908281,6.054720283e-04,4.711360037e-04,1.021651428e-05,column,0,-1.000000000e+00,-1.000000
cuda_warp(blk512)(xcol),double,local,local,16384,16384,20,1,1,1,3,1.789999999e-07,3.235999800e-02,3.158860000e-04,3.267606300e-02,3.162364976e-02,3.130758476e-02,1.052413237e-03,339.537603,342.965397,342.965397,5.886080265e-04,4.529280066e-04,1.087720427e-05,column,0,-1.000000000e+00,-1.000000
cuda_warp(blk512)(xcol),double,local,local,16384,16384,20,1,1,1,4,1.910000003e-07,3.761069400e-02,3.208600000e-04,3.793174500e-02,3.157209051e-02,3.125103951e-02,6.359654495e-03,340.092090,343.585955,343.585955,5.826240182e-04,5.765312195e-03,1.171828198e-05,column,0,-1.000000000e+00,-1.000000
cuda_warp(blk512)(xcol),double,local,local,16384,16384,20,1,1,1,5,2.170000002e-07,3.222217100e-02,3.121320000e-04,3.253452000e-02,3.145234839e-02,3.113999939e-02,1.082171610e-03,341.386853,344.811126,344.811126,5.918080211e-04,4.788160026e-04,1.154758668e-05,column,0,-1.000000000e+00,-1.000000
cuda_warp(blk512)(xcol),double,local,local,16384,16384,20,1,1,1,6,2.180000001e-07,3.220264400e-02,3.138590000e-04,3.251672100e-02,3.146095620e-02,3.114687920e-02,1.055764804e-03,341.293449,344.734963,344.734963,5.966079831e-04,4.493440092e-04,9.812811560e-06,column,0,-1.000000000e+00,-1.000000
cuda_warp(blk512)(xcol),double,local,local,16384,16384,20,1,1,1,7,1.479999998e-07,3.217898100e-02,3.054770000e-04,3.248460600e-02,3.142514519e-02,3.111952019e-02,1.059460813e-03,341.682375,345.038040,345.038040,5.844159722e-04,4.613119960e-04,1.373284441e-05,column,0,-1.000000000e+00,-1.000000
cuda_warp(blk512)(xcol),double,local,local,16384,16384,20,1,1,1,8,1.539999999e-07,3.214111500e-02,3.099360000e-04,3.245120500e-02,3.139927381e-02,3.108918381e-02,1.051931193e-03,341.963904,345.374723,345.374723,5.960000157e-04,4.460799992e-04,9.851177683e-06,column,0,-1.000000000e+00,-1.000000
cuda_warp(blk512)(xcol),double,local,local,16384,16384,20,1,1,1,9,1.709999999e-07,3.215023200e-02,3.067590000e-04,3.245716200e-02,3.139112228e-02,3.108419228e-02,1.066039724e-03,342.052703,345.430183,345.430183,6.041920185e-04,4.510399997e-04,1.080770577e-05,column,0,-1.000000000e+00,-1.000000
cuda_warp(blk512)(xcol),double,local,local,16384,16384,20,1,1,1,10,1.799999998e-07,3.212865900e-02,3.092590000e-04,3.243809800e-02,3.139644652e-02,3.108700752e-02,1.041651477e-03,341.994698,345.398901,345.398901,5.942080021e-04,4.375360012e-04,9.907474121e-06,column,0,-1.000000000e+00,-1.000000
cuda_warp(blk512)(xcol),double,local,local,16384,16384,20,1,1,1,11,1.520000001e-07,3.213161600e-02,3.020590000e-04,3.243382700e-02,3.138854714e-02,3.108633614e-02,1.045279864e-03,342.080766,345.406361,345.406361,5.911359787e-04,4.433279932e-04,1.081589228e-05,column,0,-1.000000000e+00,-1.000000
cuda_warp(blk512)(xcol),double,local,local,16384,16384,20,1,1,1,12,1.460000001e-07,3.211400300e-02,3.053770000e-04,3.241952600e-02,3.139029130e-02,3.108476830e-02,1.029234705e-03,342.061758,345.423782,345.423782,5.822079778e-04,4.354560077e-04,1.157071922e-05,column,0,-1.000000000e+00,-1.000000
cuda_warp(blk512)(xcol),double,local,local,16384,16384,20,1,1,1,13,1.540000003e-07,3.217904300e-02,3.295320000e-04,3.250872900e-02,3.141528590e-02,3.108559990e-02,1.093443101e-03,341.789608,345.414542,345.414542,6.122239828e-04,4.698880017e-04,1.133111622e-05,column,0,-1.000000000e+00,-1.000000
cuda_warp(blk512)(xcol),double,local,local,16384,16384,20,1,1,1,14,1.970000003e-07,3.242926300e-02,3.178080000e-04,3.274726800e-02,3.166741220e-02,3.134940720e-02,1.079855804e-03,339.068383,342.507856,342.507856,6.002560258e-04,4.679999948e-04,1.159978341e-05,column,0,-1.000000000e+00,-1.000000
cuda_warp(blk512)(xcol),double,local,local,16384,16384,20,1,1,1,15,1.820000000e-07,3.213661700e-02,3.077720000e-04,3.244457100e-02,3.138948934e-02,3.108153534e-02,1.055081661e-03,342.070498,345.459712,345.459712,5.956799984e-04,4.479680061e-04,1.143365611e-05,column,0,-1.000000000e+00,-1.000000
cuda_warp(blk512)(xcol),double,local,local,16384,16384,20,1,1,1,16,1.650000003e-07,3.217507800e-02,3.069980000e-04,3.248224100e-02,3.138863540e-02,3.108147240e-02,1.093605603e-03,342.079804,345.460411,345.460411,6.156160235e-04,4.669440091e-04,1.104557054e-05,column,0,-1.000000000e+00,-1.000000
cuda_warp(blk512)(xcol),double,local,local,16384,16384,20,1,1,1,17,1.540000003e-07,3.215406100e-02,3.183030000e-04,3.247251800e-02,3.140104901e-02,3.108259201e-02,1.071468990e-03,341.944571,345.447968,345.447968,5.990719795e-04,4.612799883e-04,1.111702169e-05,column,0,-1.000000000e+00,-1.000000
cuda_warp(blk512)(xcol),double,local,local,16384,16384,20,1,1,1,18,1.369999998e-07,3.213848400e-02,3.078610000e-04,3.244648200e-02,3.138908511e-02,3.108108711e-02,1.057396888e-03,342.074903,345.464694,345.464694,5.956799984e-04,4.513280094e-04,1.038887981e-05,column,0,-1.000000000e+00,-1.000000
cuda_warp(blk512)(xcol),double,local,local,16384,16384,20,1,1,1,19,1.400000000e-07,3.266063300e-02,8.818770000e-04,3.354265000e-02,3.196342455e-02,3.108140755e-02,1.579225453e-03,335.928280,345.461132,345.461132,6.068480015e-04,9.600319862e-04,1.234546529e-05,column,0,-1.000000000e+00,-1.000000
cuda_warp(blk512)(xcol),double,local,local,16384,16384,20,1,1,1,20,2.040000000e-07,3.215456900e-02,3.086920000e-04,3.246346500e-02,3.139168065e-02,3.108278465e-02,1.071784347e-03,342.046619,345.445827,345.445827,5.968000293e-04,4.625279903e-04,1.245632767e-05,column,0,-1.000000000e+00,-1.000000
cuda_warp(blk512)(xcol),double,local,local,16384,16384,32,1,1,1,1,2.480000001e-07,5.137991600e-02,5.460030000e-04,5.192616700e-02,5.013517922e-02,4.958892822e-02,1.790987777e-03,342.670944,346.445664,346.445664,9.735040069e-04,8.052160144e-04,1.226775610e-05,column,0,-1.000000000e+00,-1.000000
cuda_warp(blk512)(xcol),double,local,local,16384,16384,32,1,1,1,2,5.329999999e-07,5.138832400e-02,5.811020000e-04,5.196995900e-02,5.017210055e-02,4.959046555e-02,1.797858454e-03,342.418775,346.434924,346.434924,9.887999892e-04,7.968639731e-04,1.219449198e-05,column,0,-1.000000000e+00,-1.000000
cuda_warp(blk512)(xcol),double,local,local,16384,16384,32,1,1,1,3,1.640000000e-07,5.137272700e-02,5.504850000e-04,5.192337600e-02,5.014213688e-02,4.959148788e-02,1.781239115e-03,342.623395,346.427783,346.427783,9.707520008e-04,7.980800271e-04,1.240708757e-05,column,0,-1.000000000e+00,-1.000000
cuda_warp(blk512)(xcol),double,local,local,16384,16384,32,1,1,1,4,4.339999999e-07,5.135541200e-02,5.796780000e-04,5.193552400e-02,5.017083313e-02,4.959072113e-02,1.764690870e-03,342.427425,346.433139,346.433139,9.722880125e-04,7.795199752e-04,1.288288194e-05,column,0,-1.000000000e+00,-1.000000
cuda_warp(blk512)(xcol),double,local,local,16384,16384,32,1,1,1,5,1.260000000e-07,5.134685500e-02,5.468810000e-04,5.189386200e-02,5.013587037e-02,4.958886337e-02,1.757991627e-03,342.666220,346.446117,346.446117,9.687680006e-04,7.760639787e-04,1.315964792e-05,column,0,-1.000000000e+00,-1.000000
cuda_warp(blk512)(xcol),double,local,local,16384,16384,32,1,1,1,6,1.219999999e-07,5.134748300e-02,5.470320000e-04,5.189463700e-02,5.013700919e-02,4.958985519e-02,1.757627806e-03,342.658437,346.439188,346.439188,9.660480022e-04,7.793920040e-04,1.218779965e-05,column,0,-1.000000000e+00,-1.000000
cuda_warp(blk512)(xcol),double,local,local,16384,16384,32,1,1,1,7,1.320000003e-07,5.137243200e-02,5.808060000e-04,5.195337000e-02,5.017242588e-02,4.959148788e-02,1.780944115e-03,342.416554,346.427783,346.427783,9.693760276e-04,8.002240062e-04,1.134408172e-05,column,0,-1.000000000e+00,-1.000000
cuda_warp(blk512)(xcol),double,local,local,16384,16384,32,1,1,1,8,1.669999996e-07,5.137717200e-02,5.507460000e-04,5.192808500e-02,5.014204993e-02,4.959113693e-02,1.786035068e-03,342.623989,346.430234,346.430234,9.783999920e-04,7.953919768e-04,1.224309880e-05,column,0,-1.000000000e+00,-1.000000
cuda_warp(blk512)(xcol),double,local,local,16384,16384,32,1,1,1,9,2.649999997e-07,5.135087700e-02,5.464370000e-04,5.189757900e-02,5.013572559e-02,4.958902359e-02,1.761853410e-03,342.667209,346.444998,346.444998,9.616640210e-04,7.892479897e-04,1.094139924e-05,column,0,-1.000000000e+00,-1.000000
cuda_warp(blk512)(xcol),double,local,local,16384,16384,32,1,1,1,10,2.449999998e-07,5.136729500e-02,5.511100000e-04,5.191865000e-02,5.014185106e-02,4.959049606e-02,1.776798937e-03,342.625348,346.434711,346.434711,9.542400241e-04,8.099520206e-04,1.260689203e-05,column,0,-1.000000000e+00,-1.000000
cuda_warp(blk512)(xcol),double,local,local,16384,16384,32,1,1,1,11,1.180000000e-07,5.221077500e-02,1.490343000e-03,5.370123600e-02,5.108162845e-02,4.959116745e-02,2.619607550e-03,336.321877,346.430021,346.430021,9.839360118e-04,1.620928049e-03,1.474348917e-05,column,0,-1.000000000e+00,-1.000000
cuda_warp(blk512)(xcol),double,local,local,16384,16384,32,1,1,1,12,1.479999998e-07,5.137005400e-02,5.387580000e-04,5.190896000e-02,5.013007345e-02,4.959116745e-02,1.778886550e-03,342.705845,346.430021,346.430021,9.702720046e-04,7.957440019e-04,1.287054358e-05,column,0,-1.000000000e+00,-1.000000
cuda_warp(blk512)(xcol),double,local,local,16384,16384,32,1,1,1,13,1.210000002e-07,5.138389900e-02,5.460530000e-04,5.193007300e-02,5.013548751e-02,4.958931351e-02,1.794585493e-03,342.668837,346.442973,346.442973,9.694399834e-04,8.118399978e-04,1.330551178e-05,column,0,-1.000000000e+00,-1.000000
cuda_warp(blk512)(xcol),double,local,local,16384,16384,32,1,1,1,14,1.369999998e-07,5.137678700e-02,5.552360000e-04,5.193216000e-02,5.014449196e-02,4.958911896e-02,1.787668042e-03,342.607304,346.444332,346.444332,9.792960286e-04,7.956799865e-04,1.269202739e-05,column,0,-1.000000000e+00,-1.000000
cuda_warp(blk512)(xcol),double,local,local,16384,16384,32,1,1,1,15,1.370000002e-07,5.138993700e-02,5.472280000e-04,5.193730200e-02,5.013977986e-02,4.959241486e-02,1.797522144e-03,342.639502,346.421307,346.421307,9.747200012e-04,8.097599745e-04,1.304216834e-05,column,0,-1.000000000e+00,-1.000000
cuda_warp(blk512)(xcol),double,local,local,16384,16384,32,1,1,1,16,1.240000000e-07,5.140047300e-02,5.523410000e-04,5.195293800e-02,5.014267115e-02,4.959020615e-02,1.810266854e-03,342.619745,346.436737,346.436737,9.737280011e-04,8.236160278e-04,1.292282481e-05,column,0,-1.000000000e+00,-1.000000
cuda_warp(blk512)(xcol),double,local,local,16384,16384,32,1,1,1,17,1.980000000e-07,5.139319300e-02,5.441430000e-04,5.193753400e-02,5.013407031e-02,4.958972931e-02,1.803463691e-03,342.678523,346.440068,346.440068,9.869120121e-04,8.043199778e-04,1.223170106e-05,column,0,-1.000000000e+00,-1.000000
cuda_warp(blk512)(xcol),double,local,local,16384,16384,32,1,1,1,18,1.190000001e-07,5.138914800e-02,5.550930000e-04,5.194436000e-02,5.014519689e-02,4.958998489e-02,1.799163106e-03,342.602487,346.438282,346.438282,9.730240107e-04,8.128319979e-04,1.330709767e-05,column,0,-1.000000000e+00,-1.000000
cuda_warp(blk512)(xcol),double,local,local,16384,16384,32,1,1,1,19,1.669999996e-07,5.141025600e-02,5.388110000e-04,5.194923400e-02,5.012755527e-02,4.958857727e-02,1.821678729e-03,342.723061,346.448116,346.448116,9.885439873e-04,8.191360235e-04,1.399871870e-05,column,0,-1.000000000e+00,-1.000000
cuda_warp(blk512)(xcol),double,local,local,16384,16384,32,1,1,1,20,1.850000002e-07,5.137339100e-02,5.364990000e-04,5.191007500e-02,5.012455555e-02,4.958787155e-02,1.785519448e-03,342.743571,346.453047,346.453047,9.773439765e-04,7.953280210e-04,1.284745094e-05,column,0,-1.000000000e+00,-1.000000
cuda_warp(blk1024)(xcol),double,local,local,16384,16384,3,1,1,1,1,8.900000004e-08,5.773299000e-03,4.468200000e-05,5.818070000e-03,5.595779224e-03,5.551008224e-03,2.222907755e-04,287.826355,290.147784,290.147784,1.203840002e-04,9.225600213e-05,9.650773143e-06,column,0,-1.000000000e+00,-1.000000
cuda_warp(blk1024)(xcol),double,local,local,16384,16384,3,1,1,1,2,1.950000001e-07,5.761152000e-03,4.508100000e-05,5.806428000e-03,5.590011909e-03,5.544735909e-03,2.164160915e-04,288.123310,290.476005,290.476005,1.182079986e-04,8.854400367e-05,9.664089252e-06,column,0,-1.000000000e+00,-1.000000
cuda_warp(blk1024)(xcol),double,local,local,16384,16384,3,1,1,1,3,1.139999999e-07,5.766807000e-03,4.400500000e-05,5.810926000e-03,5.593878865e-03,5.549759865e-03,2.170471352e-04,287.924135,290.213050,290.213050,1.184960008e-04,8.912000060e-05,9.431133825e-06,column,0,-1.000000000e+00,-1.000000
cuda_warp(blk1024)(xcol),double,local,local,16384,16384,3,1,1,1,4,1.150000002e-07,5.761147000e-03,4.377100000e-05,5.805033000e-03,5.585965926e-03,5.542079926e-03,2.190670745e-04,288.332002,290.615213,290.615213,1.191359982e-04,8.966399729e-05,1.026707898e-05,column,0,-1.000000000e+00,-1.000000
cuda_warp(blk1024)(xcol),double,local,local,16384,16384,3,1,1,1,5,1.169999999e-07,5.773816000e-03,4.631700000e-05,5.820250000e-03,5.597794130e-03,5.551360130e-03,2.224558697e-04,287.722753,290.129391,290.129391,1.224320009e-04,9.110400081e-05,8.919867948e-06,column,0,-1.000000000e+00,-1.000000
cuda_warp(blk1024)(xcol),double,local,local,16384,16384,3,1,1,1,6,1.039999999e-07,5.763764000e-03,4.482400000e-05,5.808692000e-03,5.586624072e-03,5.541696072e-03,2.220679284e-04,288.298034,290.635343,290.635343,1.200959980e-04,9.212800115e-05,9.843929173e-06,column,0,-1.000000000e+00,-1.000000
cuda_warp(blk1024)(xcol),double,local,local,16384,16384,3,1,1,1,7,1.139999999e-07,5.763861000e-03,4.508000000e-05,5.809055000e-03,5.590058178e-03,5.544864178e-03,2.189968223e-04,288.120926,290.469286,290.469286,1.199039966e-04,9.062399715e-05,8.468828557e-06,column,0,-1.000000000e+00,-1.000000
cuda_warp(blk1024)(xcol),double,local,local,16384,16384,3,1,1,1,8,1.140000001e-07,5.758971000e-03,4.424600000e-05,5.803331000e-03,5.585255939e-03,5.540895939e-03,2.180750611e-04,288.368654,290.677312,290.677312,1.193920001e-04,8.886399865e-05,9.819062336e-06,column,0,-1.000000000e+00,-1.000000
cuda_warp(blk1024)(xcol),double,local,local,16384,16384,3,1,1,1,9,7.800000001e-08,5.766769000e-03,4.819100000e-05,5.815038000e-03,5.599532809e-03,5.551263809e-03,2.155051908e-04,287.633414,290.134425,290.134425,1.187520027e-04,8.806400001e-05,8.689188069e-06,column,0,-1.000000000e+00,-1.000000
cuda_warp(blk1024)(xcol),double,local,local,16384,16384,3,1,1,1,10,9.500000009e-08,5.766599000e-03,4.553600000e-05,5.812230000e-03,5.596222946e-03,5.550591946e-03,2.160070544e-04,287.803533,290.169544,290.169544,1.190399975e-04,8.713600039e-05,9.831056499e-06,column,0,-1.000000000e+00,-1.000000
cuda_warp(blk1024)(xcol),double,local,local,16384,16384,3,1,1,1,11,8.200000012e-08,5.767532000e-03,4.519900000e-05,5.812813000e-03,5.595936842e-03,5.550655842e-03,2.168761582e-04,287.818248,290.166204,290.166204,1.188480034e-04,8.816000074e-05,9.868153984e-06,column,0,-1.000000000e+00,-1.000000
cuda_warp(blk1024)(xcol),double,local,local,16384,16384,3,1,1,1,12,1.139999999e-07,5.764709000e-03,4.434600000e-05,5.809169000e-03,5.593387784e-03,5.548927784e-03,2.157812160e-04,287.949414,290.256568,290.256568,1.194560006e-04,8.678399771e-05,9.541217693e-06,column,0,-1.000000000e+00,-1.000000
cuda_warp(blk1024)(xcol),double,local,local,16384,16384,3,1,1,1,13,8.199999990e-08,5.762128000e-03,4.416100000e-05,5.806371000e-03,5.586259029e-03,5.542016029e-03,2.201119706e-04,288.316873,290.618563,290.618563,1.192959994e-04,9.113600105e-05,9.679970184e-06,column,0,-1.000000000e+00,-1.000000
cuda_warp(blk1024)(xcol),double,local,local,16384,16384,3,1,1,1,14,1.100000000e-07,5.767396000e-03,4.376000000e-05,5.811266000e-03,5.588414220e-03,5.544544220e-03,2.228517800e-04,288.205683,290.486048,290.486048,1.190719977e-04,9.462399781e-05,9.155784520e-06,column,0,-1.000000000e+00,-1.000000
cuda_warp(blk1024)(xcol),double,local,local,16384,16384,3,1,1,1,15,7.999999996e-08,5.758774000e-03,4.622200000e-05,5.805076000e-03,5.588381926e-03,5.542079926e-03,2.166940745e-04,288.207348,290.615213,290.615213,1.192959994e-04,8.767999709e-05,9.718077969e-06,column,0,-1.000000000e+00,-1.000000
cuda_warp(blk1024)(xcol),double,local,local,16384,16384,3,1,1,1,16,1.160000000e-07,5.759020000e-03,4.466700000e-05,5.803803000e-03,5.586767081e-03,5.541984081e-03,2.170359187e-04,288.290654,290.620239,290.620239,1.193599999e-04,8.787199855e-05,9.803920288e-06,column,0,-1.000000000e+00,-1.000000
cuda_warp(blk1024)(xcol),double,local,local,16384,16384,3,1,1,1,17,8.399999984e-08,5.757034000e-03,4.467500000e-05,5.801793000e-03,5.587702954e-03,5.542943954e-03,2.140900455e-04,288.242369,290.569912,290.569912,1.188800037e-04,8.684799820e-05,8.362043640e-06,column,0,-1.000000000e+00,-1.000000
cuda_warp(blk1024)(xcol),double,local,local,16384,16384,3,1,1,1,18,7.499999999e-08,5.767505000e-03,4.397300000e-05,5.811553000e-03,5.593872238e-03,5.549824238e-03,2.176807622e-04,287.924477,290.209684,290.209684,1.185280010e-04,8.902399987e-05,1.012876130e-05,column,0,-1.000000000e+00,-1.000000
cuda_warp(blk1024)(xcol),double,local,local,16384,16384,3,1,1,1,19,7.899999988e-08,5.750738000e-03,4.406000000e-05,5.794877000e-03,5.573163124e-03,5.529024124e-03,2.217138759e-04,288.994365,291.301448,291.301448,1.192639992e-04,9.235200286e-05,1.009787383e-05,column,0,-1.000000000e+00,-1.000000
cuda_warp(blk1024)(xcol),double,local,local,16384,16384,3,1,1,1,20,7.899999988e-08,5.749438000e-03,4.649500000e-05,5.796012000e-03,5.577614192e-03,5.531040192e-03,2.183978083e-04,288.763740,291.195269,291.195269,1.192319989e-04,9.033600241e-05,8.829807020e-06,column,0,-1.000000000e+00,-1.000000
cuda_warp(blk1024)(xcol),double,local,local,16384,16384,6,1,1,1,1,1.569999999e-07,9.791987000e-03,8.915100000e-05,9.881295000e-03,9.464732385e-03,9.375424385e-03,4.165626149e-04,340.339836,343.581831,343.581831,2.344959974e-04,1.717759967e-04,1.029062082e-05,column,0,-1.000000000e+00,-1.000000
cuda_warp(blk1024)(xcol),double,local,local,16384,16384,6,1,1,1,2,1.160000000e-07,9.930414000e-03,8.914200000e-05,1.001967200e-02,9.465386197e-03,9.376128197e-03,5.542858033e-04,340.316328,343.556040,343.556040,2.358080000e-04,3.080959916e-04,1.038181170e-05,column,0,-1.000000000e+00,-1.000000
cuda_warp(blk1024)(xcol),double,local,local,16384,16384,6,1,1,1,3,1.120000002e-07,1.120940300e-02,9.478300000e-05,1.130429800e-02,9.468750591e-03,9.373855591e-03,1.835547409e-03,340.195408,343.639332,343.639332,1.645408034e-03,1.793279946e-04,1.081138027e-05,column,0,-1.000000000e+00,-1.000000
cuda_warp(blk1024)(xcol),double,local,local,16384,16384,6,1,1,1,4,8.799999995e-08,9.789374000e-03,9.595700000e-05,9.885419000e-03,9.472844583e-03,9.376799583e-03,4.125744166e-04,340.048382,343.531441,343.531441,2.311680019e-04,1.721920073e-04,9.214407372e-06,column,0,-1.000000000e+00,-1.000000
cuda_warp(blk1024)(xcol),double,local,local,16384,16384,6,1,1,1,5,1.250000001e-07,9.780931000e-03,8.950400000e-05,9.870560000e-03,9.465533083e-03,9.375904083e-03,4.050269167e-04,340.311047,343.564252,343.564252,2.303040028e-04,1.659200042e-04,8.802909737e-06,column,0,-1.000000000e+00,-1.000000
cuda_warp(blk1024)(xcol),double,local,local,16384,16384,6,1,1,1,6,7.600000007e-08,9.791548000e-03,8.759500000e-05,9.879219000e-03,9.463350970e-03,9.375679970e-03,4.158680302e-04,340.389518,343.572464,343.572464,2.357120067e-04,1.703359932e-04,9.820030353e-06,column,0,-1.000000000e+00,-1.000000
cuda_warp(blk1024)(xcol),double,local,local,16384,16384,6,1,1,1,7,7.499999999e-08,9.781784000e-03,9.170700000e-05,9.873566000e-03,9.463238146e-03,9.371456146e-03,4.103278538e-04,340.393576,343.727316,343.727316,2.316160053e-04,1.683840007e-04,1.032784780e-05,column,0,-1.000000000e+00,-1.000000
cuda_warp(blk1024)(xcol),double,local,local,16384,16384,6,1,1,1,8,8.999999990e-08,9.782455000e-03,9.188400000e-05,9.874429000e-03,9.466501931e-03,9.374527931e-03,4.079270688e-04,340.276218,343.614686,343.614686,2.320639938e-04,1.661120057e-04,9.751069264e-06,column,0,-1.000000000e+00,-1.000000
cuda_warp(blk1024)(xcol),double,local,local,16384,16384,6,1,1,1,9,7.399999991e-08,9.783724000e-03,9.060800000e-05,9.874406000e-03,9.466617555e-03,9.375935555e-03,4.077884455e-04,340.272062,343.563099,343.563099,2.311999947e-04,1.679359972e-04,8.652453565e-06,column,0,-1.000000000e+00,-1.000000
cuda_warp(blk1024)(xcol),double,local,local,16384,16384,6,1,1,1,10,8.199999990e-08,9.777391000e-03,9.264700000e-05,9.870120000e-03,9.468153385e-03,9.375424385e-03,4.019666149e-04,340.216866,343.581831,343.581831,2.302719951e-04,1.628479958e-04,8.846624104e-06,column,0,-1.000000000e+00,-1.000000
cuda_warp(blk1024)(xcol),double,local,local,16384,16384,6,1,1,1,11,9.200000006e-08,9.772539000e-03,9.046900000e-05,9.863100000e-03,9.454561320e-03,9.364000320e-03,4.085386796e-04,340.705969,344.001000,344.001000,2.311999947e-04,1.675519943e-04,9.786690558e-06,column,0,-1.000000000e+00,-1.000000
cuda_warp(blk1024)(xcol),double,local,local,16384,16384,6,1,1,1,12,8.199999990e-08,9.767091000e-03,9.520100000e-05,9.862374000e-03,9.458707301e-03,9.363424301e-03,4.036666989e-04,340.556629,344.022162,344.022162,2.314559966e-04,1.624960005e-04,9.714701692e-06,column,0,-1.000000000e+00,-1.000000
cuda_warp(blk1024)(xcol),double,local,local,16384,16384,6,1,1,1,13,8.600000001e-08,9.760590000e-03,8.964400000e-05,9.850320000e-03,9.449249958e-03,9.359519958e-03,4.010700415e-04,340.897477,344.165672,344.165672,2.291519940e-04,1.630720049e-04,8.846042600e-06,column,0,-1.000000000e+00,-1.000000
cuda_warp(blk1024)(xcol),double,local,local,16384,16384,6,1,1,1,14,7.499999999e-08,9.774486000e-03,9.325900000e-05,9.867820000e-03,9.458997528e-03,9.365663528e-03,4.088224716e-04,340.546180,343.939910,343.939910,2.357120067e-04,1.646080017e-04,8.502463160e-06,column,0,-1.000000000e+00,-1.000000
cuda_warp(blk1024)(xcol),double,local,local,16384,16384,6,1,1,1,15,8.200000012e-08,9.765673000e-03,9.234100000e-05,9.858096000e-03,9.456135311e-03,9.363712311e-03,4.019606892e-04,340.649257,344.011581,344.011581,2.311999947e-04,1.608639956e-04,9.896698974e-06,column,0,-1.000000000e+00,-1.000000
cuda_warp(blk1024)(xcol),double,local,local,16384,16384,6,1,1,1,16,8.200000012e-08,9.764564000e-03,8.950100000e-05,9.854147000e-03,9.452686867e-03,9.363103867e-03,4.014601334e-04,340.773530,344.033936,344.033936,2.303040028e-04,1.612160057e-04,9.940124978e-06,column,0,-1.000000000e+00,-1.000000
cuda_warp(blk1024)(xcol),double,local,local,16384,16384,6,1,1,1,17,1.519999999e-07,9.769297000e-03,9.038600000e-05,9.859835000e-03,9.457194303e-03,9.366656303e-03,4.026406966e-04,340.611112,343.903456,343.903456,2.312320024e-04,1.614080071e-04,1.000068707e-05,column,0,-1.000000000e+00,-1.000000
cuda_warp(blk1024)(xcol),double,local,local,16384,16384,6,1,1,1,18,8.799999995e-08,9.768116000e-03,9.042500000e-05,9.858629000e-03,9.455569038e-03,9.365056038e-03,4.030599621e-04,340.669658,343.962221,343.962221,2.315839976e-04,1.629440039e-04,8.531960550e-06,column,0,-1.000000000e+00,-1.000000
cuda_warp(blk1024)(xcol),double,local,local,16384,16384,6,1,1,1,19,1.100000000e-07,9.766707000e-03,9.563500000e-05,9.862452000e-03,9.458688649e-03,9.362943649e-03,4.037633507e-04,340.557300,344.039823,344.039823,2.301760018e-04,1.640640050e-04,9.523343903e-06,column,0,-1.000000000e+00,-1.000000
cuda_warp(blk1024)(xcol),double,local,local,16384,16384,6,1,1,1,20,8.099999982e-08,9.770266000e-03,9.270200000e-05,9.863049000e-03,9.456398990e-03,9.363615990e-03,4.066500103e-04,340.639759,344.015119,344.015119,2.291200012e-04,1.676480025e-04,9.882006613e-06,column,0,-1.000000000e+00,-1.000000
cuda_warp(blk1024)(xcol),double,local,local,16384,16384,8,1,1,1,1,1.660000000e-07,1.352114300e-02,1.183980000e-04,1.363970700e-02,1.307587563e-02,1.295731163e-02,5.638313698e-04,328.464985,331.470556,331.470556,3.057920039e-04,2.480320036e-04,1.000736224e-05,column,0,-1.000000000e+00,-1.000000
cuda_warp(blk1024)(xcol),double,local,local,16384,16384,8,1,1,1,2,1.770000000e-07,1.350873800e-02,1.185260000e-04,1.362744100e-02,1.307620727e-02,1.295750427e-02,5.512337275e-04,328.456655,331.465628,331.465628,3.062720001e-04,2.346560061e-04,1.030572137e-05,column,0,-1.000000000e+00,-1.000000
cuda_warp(blk1024)(xcol),double,local,local,16384,16384,8,1,1,1,3,1.530000000e-07,1.350586500e-02,1.216960000e-04,1.362771400e-02,1.307980055e-02,1.295795155e-02,5.479134543e-04,328.366421,331.454187,331.454187,3.075520098e-04,2.303359956e-04,1.002544891e-05,column,0,-1.000000000e+00,-1.000000
cuda_warp(blk1024)(xcol),double,local,local,16384,16384,8,1,1,1,4,1.599999999e-07,1.341113400e-02,1.229340000e-04,1.353422800e-02,1.298882238e-02,1.286572838e-02,5.454056217e-04,330.666412,333.830093,333.830093,3.066560030e-04,2.282239944e-04,1.052562433e-05,column,0,-1.000000000e+00,-1.000000
cuda_warp(blk1024)(xcol),double,local,local,16384,16384,8,1,1,1,5,1.110000001e-07,1.340288300e-02,1.210380000e-04,1.352403200e-02,1.297462076e-02,1.285347176e-02,5.494112440e-04,331.028350,334.148421,334.148421,3.030079901e-04,2.350720018e-04,1.133125208e-05,column,0,-1.000000000e+00,-1.000000
cuda_warp(blk1024)(xcol),double,local,local,16384,16384,8,1,1,1,6,1.290000000e-07,1.341080900e-02,1.190100000e-04,1.352994800e-02,1.297545938e-02,1.285632038e-02,5.544886188e-04,331.006955,334.074383,334.074383,3.057599962e-04,2.387519926e-04,9.976630076e-06,column,0,-1.000000000e+00,-1.000000
cuda_warp(blk1024)(xcol),double,local,local,16384,16384,8,1,1,1,7,1.260000000e-07,1.340550500e-02,1.231980000e-04,1.352882900e-02,1.297951564e-02,1.285619164e-02,5.493133649e-04,330.903511,334.077728,334.077728,3.072319925e-04,2.316160053e-04,1.046536708e-05,column,0,-1.000000000e+00,-1.000000
cuda_warp(blk1024)(xcol),double,local,local,16384,16384,8,1,1,1,8,1.380000001e-07,1.340339800e-02,1.217370000e-04,1.352527300e-02,1.297486706e-02,1.285299206e-02,5.504059422e-04,331.022066,334.160892,334.160892,3.104639947e-04,2.297600061e-04,1.018194139e-05,column,0,-1.000000000e+00,-1.000000
cuda_warp(blk1024)(xcol),double,local,local,16384,16384,8,1,1,1,9,1.310000000e-07,1.340119100e-02,1.196350000e-04,1.352095700e-02,1.297739768e-02,1.285763168e-02,5.435593167e-04,330.957516,334.040312,334.040312,3.051840067e-04,2.280959934e-04,1.027931656e-05,column,0,-1.000000000e+00,-1.000000
cuda_warp(blk1024)(xcol),double,local,local,16384,16384,8,1,1,1,10,1.230000000e-07,1.340724600e-02,1.230960000e-04,1.353046500e-02,1.297979497e-02,1.285657597e-02,5.506700341e-04,330.896390,334.067741,334.067741,3.075839877e-04,2.339520007e-04,9.134045668e-06,column,0,-1.000000000e+00,-1.000000
cuda_warp(blk1024)(xcol),double,local,local,16384,16384,8,1,1,1,11,1.169999999e-07,1.324232000e-02,1.228930000e-04,1.336533000e-02,1.281744226e-02,1.269443226e-02,5.478877414e-04,335.087704,338.334729,338.334729,3.056960106e-04,2.326399982e-04,9.551732607e-06,column,0,-1.000000000e+00,-1.000000
cuda_warp(blk1024)(xcol),double,local,local,16384,16384,8,1,1,1,12,1.510000001e-07,1.317480100e-02,1.199390000e-04,1.329489100e-02,1.274933767e-02,1.262924767e-02,5.455533346e-04,336.877680,340.081010,340.081010,3.083199859e-04,2.270720005e-04,1.016134822e-05,column,0,-1.000000000e+00,-1.000000
cuda_warp(blk1024)(xcol),double,local,local,16384,16384,8,1,1,1,13,1.290000000e-07,1.317890800e-02,1.199370000e-04,1.329897400e-02,1.274893029e-02,1.262886429e-02,5.500437117e-04,336.888445,340.091333,340.091333,3.105280101e-04,2.287680060e-04,1.074769557e-05,column,0,-1.000000000e+00,-1.000000
cuda_warp(blk1024)(xcol),double,local,local,16384,16384,8,1,1,1,14,1.640000000e-07,1.316997400e-02,1.204760000e-04,1.329061400e-02,1.274870416e-02,1.262806416e-02,5.419098444e-04,336.894420,340.112882,340.112882,3.073920012e-04,2.234559953e-04,1.106184795e-05,column,0,-1.000000000e+00,-1.000000
cuda_warp(blk1024)(xcol),double,local,local,16384,16384,8,1,1,1,15,1.329999999e-07,1.316654400e-02,1.203990000e-04,1.328707600e-02,1.274782845e-02,1.262729645e-02,5.392475522e-04,336.917563,340.133560,340.133560,3.048639894e-04,2.241279930e-04,1.025556991e-05,column,0,-1.000000000e+00,-1.000000
cuda_warp(blk1024)(xcol),double,local,local,16384,16384,8,1,1,1,16,1.439999999e-07,1.317007500e-02,1.221740000e-04,1.329239300e-02,1.275166199e-02,1.262934399e-02,5.407310135e-04,336.816275,340.078416,340.078416,3.080640137e-04,2.229119986e-04,9.755001140e-06,column,0,-1.000000000e+00,-1.000000
cuda_warp(blk1024)(xcol),double,local,local,16384,16384,8,1,1,1,17,1.349999998e-07,1.316197000e-02,1.197950000e-04,1.328190000e-02,1.274527428e-02,1.262534428e-02,5.366257236e-04,336.985082,340.186153,340.186153,3.054719865e-04,2.201920003e-04,1.096173677e-05,column,0,-1.000000000e+00,-1.000000
cuda_warp(blk1024)(xcol),double,local,local,16384,16384,8,1,1,1,18,1.679999999e-07,1.317090100e-02,1.191250000e-04,1.329019400e-02,1.274610880e-02,1.262681580e-02,5.440852041e-04,336.963019,340.146508,340.146508,3.075200021e-04,2.259519994e-04,1.061320255e-05,column,0,-1.000000000e+00,-1.000000
cuda_warp(blk1024)(xcol),double,local,local,16384,16384,8,1,1,1,19,1.230000000e-07,1.310568600e-02,1.196540000e-04,1.322546300e-02,1.268547276e-02,1.256569576e-02,5.399902374e-04,338.573688,341.800994,341.800994,3.063359857e-04,2.231680006e-04,1.048625113e-05,column,0,-1.000000000e+00,-1.000000
cuda_warp(blk1024)(xcol),double,local,local,16384,16384,8,1,1,1,20,1.160000000e-07,1.664129400e-02,1.248870000e-04,1.676629700e-02,1.268052306e-02,1.255552006e-02,4.085773942e-03,338.705846,342.078008,342.078008,3.118720055e-04,3.762720108e-03,1.118182883e-05,column,0,-1.000000000e+00,-1.000000
