kernel,scalar,a_mode,x_mode,M,N,k,P,pr,pc,rep,t_bcast_s,t_local_s,t_reduce_s,t_total_s,t_official_s,t_kernel_s,t_transfer_runtime_overhead_s,gflops,gflops_compute,gflops_kernel,t_h2d_X_s,t_d2h_Y_s,t_launch_overhead_s,x_layout,group_timing,t_local_group_s,gflops_local_group
cuda_warp_smem(blk64),double,local,local,16384,16384,3,1,1,1,1,1.320000000e-07,6.639774000e-03,4.438600000e-05,6.684292000e-03,6.461894041e-03,6.417376041e-03,2.223979586e-04,249.247779,250.976836,250.976836,1.190079972e-04,9.443199635e-05,8.957965027e-06,row,0,-1.000000000e+00,-1.000000
cuda_warp_smem(blk64),double,local,local,16384,16384,3,1,1,1,2,9.500000009e-08,6.629860000e-03,4.439200000e-05,6.674347000e-03,6.456839085e-03,6.412352085e-03,2.175079149e-04,249.442911,251.173472,251.173472,1.197440028e-04,8.889599890e-05,8.867913172e-06,row,0,-1.000000000e+00,-1.000000
cuda_warp_smem(blk64),double,local,local,16384,16384,3,1,1,1,3,1.050000000e-07,6.001665000e-03,4.386700000e-05,6.045637000e-03,5.831171974e-03,5.787199974e-03,2.144650259e-04,276.207380,278.306045,278.306045,1.187200025e-04,8.582399786e-05,9.921025612e-06,row,0,-1.000000000e+00,-1.000000
cuda_warp_smem(blk64),double,local,local,16384,16384,3,1,1,1,4,1.060000001e-07,6.017617000e-03,4.294100000e-05,6.060664000e-03,5.841990996e-03,5.798943996e-03,2.186730036e-04,275.695861,277.742419,277.742419,1.179839969e-04,9.142400324e-05,9.265003459e-06,row,0,-1.000000000e+00,-1.000000
cuda_warp_smem(blk64),double,local,local,16384,16384,3,1,1,1,5,9.999999984e-08,5.986368000e-03,4.402100000e-05,6.030489000e-03,5.811609003e-03,5.767488003e-03,2.188799972e-04,277.137147,279.257232,279.257232,1.184640005e-04,9.196799994e-05,8.447996765e-06,row,0,-1.000000000e+00,-1.000000
cuda_warp_smem(blk64),double,local,local,16384,16384,3,1,1,1,6,9.500000009e-08,5.925700000e-03,4.440700000e-05,5.970202000e-03,5.753494004e-03,5.708992004e-03,2.167079956e-04,279.936459,282.118583,282.118583,1.175360009e-04,9.014400095e-05,9.027993750e-06,row,0,-1.000000000e+00,-1.000000
cuda_warp_smem(blk64),double,local,local,16384,16384,3,1,1,1,7,1.110000001e-07,5.922549000e-03,4.434800000e-05,5.967008000e-03,5.746635094e-03,5.702176094e-03,2.203729059e-04,280.270577,282.455804,282.455804,1.184960008e-04,9.155199677e-05,1.032490841e-05,row,0,-1.000000000e+00,-1.000000
cuda_warp_smem(blk64),double,local,local,16384,16384,3,1,1,1,8,1.240000000e-07,5.931569000e-03,4.360900000e-05,5.975302000e-03,5.756276964e-03,5.712543964e-03,2.190250356e-04,279.801119,281.943167,281.943167,1.184000000e-04,9.174399823e-05,8.881037349e-06,row,0,-1.000000000e+00,-1.000000
cuda_warp_smem(blk64),double,local,local,16384,16384,3,1,1,1,9,1.220000001e-07,5.921779000e-03,4.373800000e-05,5.965639000e-03,5.749395889e-03,5.705535889e-03,2.162431113e-04,280.135995,282.289476,282.289476,1.181759983e-04,8.848000318e-05,9.587109820e-06,row,0,-1.000000000e+00,-1.000000
cuda_warp_smem(blk64),double,local,local,16384,16384,3,1,1,1,10,1.120000002e-07,5.918259000e-03,4.424600000e-05,5.962617000e-03,5.750213846e-03,5.705855846e-03,2.124031536e-04,280.096146,282.273646,282.273646,1.179519966e-04,8.463999629e-05,9.811160680e-06,row,0,-1.000000000e+00,-1.000000
cuda_warp_smem(blk64),double,local,local,16384,16384,3,1,1,1,11,1.190000001e-07,5.937391000e-03,4.387800000e-05,5.981388000e-03,5.766717146e-03,5.722720146e-03,2.146708538e-04,279.294561,281.441813,281.441813,1.189119965e-04,8.604799956e-05,9.710857776e-06,row,0,-1.000000000e+00,-1.000000
cuda_warp_smem(blk64),double,local,local,16384,16384,3,1,1,1,12,1.139999999e-07,5.928852000e-03,4.459800000e-05,5.973564000e-03,5.753288202e-03,5.708576202e-03,2.202757976e-04,279.946472,282.139132,282.139132,1.183039993e-04,9.318400174e-05,8.787796559e-06,row,0,-1.000000000e+00,-1.000000
cuda_warp_smem(blk64),double,local,local,16384,16384,3,1,1,1,13,1.160000000e-07,5.921876000e-03,4.378600000e-05,5.965778000e-03,5.751197895e-03,5.707295895e-03,2.145801054e-04,280.048220,282.202424,282.202424,1.194560006e-04,8.591999859e-05,9.204106165e-06,row,0,-1.000000000e+00,-1.000000
cuda_warp_smem(blk64),double,local,local,16384,16384,3,1,1,1,14,1.090000001e-07,5.950094000e-03,4.493000000e-05,5.995133000e-03,5.774734797e-03,5.729695797e-03,2.203982030e-04,278.906788,281.099171,281.099171,1.198080033e-04,9.180799872e-05,8.782201010e-06,row,0,-1.000000000e+00,-1.000000
cuda_warp_smem(blk64),double,local,local,16384,16384,3,1,1,1,15,1.230000000e-07,5.986231000e-03,4.450900000e-05,6.030863000e-03,5.806488079e-03,5.761856079e-03,2.243749209e-04,277.381562,279.530192,279.530192,1.200639978e-04,9.484799951e-05,9.462923580e-06,row,0,-1.000000000e+00,-1.000000
cuda_warp_smem(blk64),double,local,local,16384,16384,3,1,1,1,16,1.089999999e-07,5.933607000e-03,4.395000000e-05,5.977666000e-03,5.759995184e-03,5.715936184e-03,2.176708161e-04,279.620500,281.775843,281.775843,1.208959967e-04,8.700799942e-05,9.766819961e-06,row,0,-1.000000000e+00,-1.000000
cuda_warp_smem(blk64),double,local,local,16384,16384,3,1,1,1,17,1.170000001e-07,5.928088000e-03,4.432600000e-05,5.972531000e-03,5.752763141e-03,5.708320141e-03,2.197678592e-04,279.972023,282.151788,282.151788,1.196800023e-04,9.100800008e-05,9.079856754e-06,row,0,-1.000000000e+00,-1.000000
cuda_warp_smem(blk64),double,local,local,16384,16384,3,1,1,1,18,1.279999999e-07,5.919748000e-03,4.374300000e-05,5.963619000e-03,5.749919012e-03,5.706048012e-03,2.136999882e-04,280.110508,282.264140,282.264140,1.200639978e-04,8.448000252e-05,9.155987893e-06,row,0,-1.000000000e+00,-1.000000
cuda_warp_smem(blk64),double,local,local,16384,16384,3,1,1,1,19,1.110000001e-07,5.930600000e-03,4.379500000e-05,5.974506000e-03,5.756610182e-03,5.712704182e-03,2.178958183e-04,279.784923,281.935260,281.935260,1.188480034e-04,9.008000046e-05,8.967814422e-06,row,0,-1.000000000e+00,-1.000000
cuda_warp_smem(blk64),double,local,local,16384,16384,3,1,1,1,20,1.099999998e-07,5.969572000e-03,4.454400000e-05,6.014226000e-03,5.801422227e-03,5.756768227e-03,2.128037734e-04,277.623774,279.777242,279.777242,1.188480034e-04,8.495999873e-05,8.995771203e-06,row,0,-1.000000000e+00,-1.000000
cuda_warp_smem(blk64),double,local,local,16384,16384,6,1,1,1,1,2.360000000e-07,1.558068100e-02,8.960800000e-05,1.567052500e-02,1.525058008e-02,1.516073608e-02,4.199449160e-04,211.219865,212.471575,212.471575,2.304320037e-04,1.801919937e-04,9.320918566e-06,row,0,-1.000000000e+00,-1.000000
cuda_warp_smem(blk64),double,local,local,16384,16384,6,1,1,1,2,2.090000000e-07,1.558386300e-02,9.004900000e-05,1.567412100e-02,1.525601804e-02,1.516576004e-02,4.181029597e-04,211.144577,212.401189,212.401189,2.301439941e-04,1.791359931e-04,8.822972501e-06,row,0,-1.000000000e+00,-1.000000
cuda_warp_smem(blk64),double,local,local,16384,16384,6,1,1,1,3,2.040000000e-07,1.558302100e-02,9.023400000e-05,1.567345900e-02,1.525885402e-02,1.516841602e-02,4.146049767e-04,211.105334,212.363998,212.363998,2.314559966e-04,1.727360040e-04,1.041297612e-05,row,0,-1.000000000e+00,-1.000000
cuda_warp_smem(blk64),double,local,local,16384,16384,6,1,1,1,4,2.330000002e-07,1.558168500e-02,8.977500000e-05,1.567169300e-02,1.525413630e-02,1.516412830e-02,4.175566965e-04,211.170623,212.424045,212.424045,2.383680046e-04,1.702399999e-04,8.948692021e-06,row,0,-1.000000000e+00,-1.000000
cuda_warp_smem(blk64),double,local,local,16384,16384,6,1,1,1,5,1.950000001e-07,1.558371100e-02,8.916100000e-05,1.567306700e-02,1.525620418e-02,1.516684818e-02,4.168628173e-04,211.142001,212.385951,212.385951,2.336319983e-04,1.733440012e-04,9.886817847e-06,row,0,-1.000000000e+00,-1.000000
cuda_warp_smem(blk64),double,local,local,16384,16384,6,1,1,1,6,1.840000001e-07,1.557133100e-02,8.936400000e-05,1.566087900e-02,1.525582016e-02,1.516627216e-02,4.050588366e-04,211.147315,212.394017,212.394017,2.302719951e-04,1.650879979e-04,9.698843628e-06,row,0,-1.000000000e+00,-1.000000
cuda_warp_smem(blk64),double,local,local,16384,16384,6,1,1,1,7,2.049999999e-07,1.558089000e-02,8.983500000e-05,1.567093000e-02,1.525599173e-02,1.516595173e-02,4.149382712e-04,211.144941,212.398505,212.398505,2.376960069e-04,1.679040045e-04,9.338259831e-06,row,0,-1.000000000e+00,-1.000000
cuda_warp_smem(blk64),double,local,local,16384,16384,6,1,1,1,8,1.759999999e-07,1.556432800e-02,8.954500000e-05,1.565404900e-02,1.524060086e-02,1.515087986e-02,4.134481401e-04,211.358168,212.609796,212.609796,2.335039973e-04,1.697600037e-04,1.018413906e-05,row,0,-1.000000000e+00,-1.000000
cuda_warp_smem(blk64),double,local,local,16384,16384,6,1,1,1,9,2.689999998e-07,1.555781400e-02,8.943300000e-05,1.564751600e-02,1.523469387e-02,1.514499187e-02,4.128221253e-04,211.440118,212.692453,212.692453,2.313600034e-04,1.715520024e-04,9.910119523e-06,row,0,-1.000000000e+00,-1.000000
cuda_warp_smem(blk64),double,local,local,16384,16384,6,1,1,1,10,1.709999999e-07,1.555996700e-02,8.985600000e-05,1.564999400e-02,1.523655524e-02,1.514652824e-02,4.134387560e-04,211.414288,212.670879,212.670879,2.329919934e-04,1.702399999e-04,1.020676266e-05,row,0,-1.000000000e+00,-1.000000
cuda_warp_smem(blk64),double,local,local,16384,16384,6,1,1,1,11,2.410000000e-07,1.556890900e-02,9.256100000e-05,1.566171100e-02,1.525126643e-02,1.515846443e-02,4.104445682e-04,211.210360,212.503416,212.503416,2.311359942e-04,1.697600037e-04,9.548570356e-06,row,0,-1.000000000e+00,-1.000000
cuda_warp_smem(blk64),double,local,local,16384,16384,6,1,1,1,12,3.080000002e-07,1.557052700e-02,8.925900000e-05,1.566009400e-02,1.523772698e-02,1.514815998e-02,4.223670192e-04,211.398030,212.647970,212.647970,2.342720032e-04,1.769919991e-04,1.110301690e-05,row,0,-1.000000000e+00,-1.000000
cuda_warp_smem(blk64),double,local,local,16384,16384,6,1,1,1,13,1.960000000e-07,1.556000200e-02,8.902200000e-05,1.564922000e-02,1.523971353e-02,1.515049553e-02,4.095064708e-04,211.370474,212.615189,212.615189,2.312639952e-04,1.678400040e-04,1.040247169e-05,row,0,-1.000000000e+00,-1.000000
cuda_warp_smem(blk64),double,local,local,16384,16384,6,1,1,1,14,1.900000002e-07,1.556458100e-02,9.007700000e-05,1.565484800e-02,1.523941880e-02,1.514915180e-02,4.154291979e-04,211.374562,212.634048,212.634048,2.317119986e-04,1.696960032e-04,1.402119616e-05,row,0,-1.000000000e+00,-1.000000
cuda_warp_smem(blk64),double,local,local,16384,16384,6,1,1,1,15,2.099999998e-07,1.556299600e-02,8.932200000e-05,1.565252800e-02,1.524668418e-02,1.515715218e-02,4.058438241e-04,211.273837,212.521814,212.521814,2.313279957e-04,1.638399959e-04,1.067583258e-05,row,0,-1.000000000e+00,-1.000000
cuda_warp_smem(blk64),double,local,local,16384,16384,6,1,1,1,16,1.869999999e-07,1.555725900e-02,8.919600000e-05,1.564664200e-02,1.524455058e-02,1.515516758e-02,4.020914203e-04,211.303407,212.549644,212.549644,2.297600061e-04,1.625279933e-04,9.803420958e-06,row,0,-1.000000000e+00,-1.000000
cuda_warp_smem(blk64),double,local,local,16384,16384,6,1,1,1,17,2.160000001e-07,1.555961400e-02,9.275000000e-05,1.565258000e-02,1.524851791e-02,1.515555191e-02,4.040620896e-04,211.248430,212.544254,212.544254,2.310719937e-04,1.628800035e-04,1.011009244e-05,row,0,-1.000000000e+00,-1.000000
cuda_warp_smem(blk64),double,local,local,16384,16384,6,1,1,1,18,2.050000001e-07,1.555690400e-02,8.922900000e-05,1.564633800e-02,1.523545012e-02,1.514601612e-02,4.108878791e-04,211.429623,212.678070,212.678070,2.302719951e-04,1.704639941e-04,1.015188988e-05,row,0,-1.000000000e+00,-1.000000
cuda_warp_smem(blk64),double,local,local,16384,16384,6,1,1,1,19,4.310000001e-07,1.556005200e-02,8.919600000e-05,1.564967900e-02,1.524572346e-02,1.515609646e-02,4.039555416e-04,211.287151,212.536617,212.536617,2.286079973e-04,1.651519984e-04,1.019554587e-05,row,0,-1.000000000e+00,-1.000000
cuda_warp_smem(blk64),double,local,local,16384,16384,6,1,1,1,20,2.240000001e-07,1.556215300e-02,9.320100000e-05,1.565557800e-02,1.524865743e-02,1.515523243e-02,4.069205705e-04,211.246497,212.548734,212.548734,2.296320051e-04,1.683519930e-04,8.936572435e-06,row,0,-1.000000000e+00,-1.000000
cuda_warp_smem(blk64),double,local,local,16384,16384,8,1,1,1,1,1.240000000e-07,1.450990100e-02,1.192160000e-04,1.462924100e-02,1.407383638e-02,1.395449638e-02,5.554046163e-04,305.173883,307.783755,307.783755,3.063359857e-04,2.384320050e-04,1.063662562e-05,row,0,-1.000000000e+00,-1.000000
cuda_warp_smem(blk64),double,local,local,16384,16384,8,1,1,1,2,1.549999999e-07,1.448853100e-02,1.191400000e-04,1.460782600e-02,1.403206336e-02,1.391276836e-02,5.757626360e-04,306.082376,308.706879,308.706879,3.123840094e-04,2.525120080e-04,1.086661873e-05,row,0,-1.000000000e+00,-1.000000
cuda_warp_smem(blk64),double,local,local,16384,16384,8,1,1,1,3,1.080000001e-07,1.433569000e-02,1.197920000e-04,1.445559000e-02,1.390770842e-02,1.378780842e-02,5.478815817e-04,308.819193,311.504712,311.504712,3.072640002e-04,2.307520062e-04,9.865575375e-06,row,0,-1.000000000e+00,-1.000000
cuda_warp_smem(blk64),double,local,local,16384,16384,8,1,1,1,4,1.279999999e-07,1.434426800e-02,1.196350000e-04,1.446403100e-02,1.390347539e-02,1.378371239e-02,5.605556129e-04,308.913216,311.597281,311.597281,3.153600097e-04,2.342720032e-04,1.092360007e-05,row,0,-1.000000000e+00,-1.000000
cuda_warp_smem(blk64),double,local,local,16384,16384,8,1,1,1,5,1.680000001e-07,1.434938600e-02,1.192090000e-04,1.446876300e-02,1.391156946e-02,1.379219246e-02,5.571935409e-04,308.733483,311.405696,311.405696,3.067199886e-04,2.408960015e-04,9.577550851e-06,row,0,-1.000000000e+00,-1.000000
cuda_warp_smem(blk64),double,local,local,16384,16384,8,1,1,1,6,1.510000001e-07,1.435047900e-02,1.292050000e-04,1.447983500e-02,1.392478046e-02,1.379542446e-02,5.550545386e-04,308.440575,311.332740,311.332740,3.152959943e-04,2.295999974e-04,1.015854695e-05,row,0,-1.000000000e+00,-1.000000
cuda_warp_smem(blk64),double,local,local,16384,16384,8,1,1,1,7,1.130000000e-07,1.436468200e-02,1.184520000e-04,1.448324700e-02,1.393718854e-02,1.381862354e-02,5.460584572e-04,308.165975,310.810066,310.810066,3.061439991e-04,2.305600047e-04,9.354453403e-06,row,0,-1.000000000e+00,-1.000000
cuda_warp_smem(blk64),double,local,local,16384,16384,8,1,1,1,8,1.500000000e-07,1.433554400e-02,1.185000000e-04,1.445419400e-02,1.390981821e-02,1.379116821e-02,5.443757871e-04,308.772353,311.428824,311.428824,3.115200102e-04,2.222400010e-04,1.061577591e-05,row,0,-1.000000000e+00,-1.000000
cuda_warp_smem(blk64),double,local,local,16384,16384,8,1,1,1,9,1.059999999e-07,1.432712600e-02,1.194590000e-04,1.444669100e-02,1.390490912e-02,1.378534412e-02,5.417818762e-04,308.881364,311.560398,311.560398,3.028160036e-04,2.297279984e-04,9.237874223e-06,row,0,-1.000000000e+00,-1.000000
cuda_warp_smem(blk64),double,local,local,16384,16384,8,1,1,1,10,1.240000000e-07,1.423055900e-02,1.259790000e-04,1.435666200e-02,1.381621511e-02,1.369011211e-02,5.404468860e-04,310.864246,313.727693,313.727693,3.054400086e-04,2.255679965e-04,9.438880905e-06,row,0,-1.000000000e+00,-1.000000
cuda_warp_smem(blk64),double,local,local,16384,16384,8,1,1,1,11,1.400000000e-07,1.442129600e-02,1.206450000e-04,1.454208100e-02,1.396670461e-02,1.384591961e-02,5.753763909e-04,307.514723,310.197330,310.197330,3.234879971e-04,2.407040000e-04,1.118439388e-05,row,0,-1.000000000e+00,-1.000000
cuda_warp_smem(blk64),double,local,local,16384,16384,8,1,1,1,12,1.059999999e-07,1.446428500e-02,1.213530000e-04,1.458574400e-02,1.403765105e-02,1.391619205e-02,5.480929453e-04,305.960540,308.630930,308.630930,3.059200048e-04,2.320960015e-04,1.007693890e-05,row,0,-1.000000000e+00,-1.000000
cuda_warp_smem(blk64),double,local,local,16384,16384,8,1,1,1,13,1.299999999e-07,1.433770200e-02,1.196790000e-04,1.445751100e-02,1.390636906e-02,1.378656006e-02,5.511419414e-04,308.848937,311.532919,311.532919,3.087359965e-04,2.326720059e-04,9.733939030e-06,row,0,-1.000000000e+00,-1.000000
cuda_warp_smem(blk64),double,local,local,16384,16384,8,1,1,1,14,1.189999999e-07,1.433719200e-02,1.221530000e-04,1.445946400e-02,1.391430424e-02,1.379203224e-02,5.451597582e-04,308.672803,311.409314,311.409314,3.083840013e-04,2.271039933e-04,9.671763627e-06,row,0,-1.000000000e+00,-1.000000
cuda_warp_smem(blk64),double,local,local,16384,16384,8,1,1,1,15,1.360000002e-07,1.432923400e-02,1.199440000e-04,1.444931400e-02,1.391035176e-02,1.379027176e-02,5.389622410e-04,308.760509,311.449069,311.449069,3.033919930e-04,2.245759964e-04,1.099425152e-05,row,0,-1.000000000e+00,-1.000000
cuda_warp_smem(blk64),double,local,local,16384,16384,8,1,1,1,16,7.999999996e-08,1.433055600e-02,1.203850000e-04,1.445102100e-02,1.390836879e-02,1.378790379e-02,5.426522143e-04,308.804531,311.502558,311.502558,3.074559867e-04,2.245440036e-04,1.065222395e-05,row,0,-1.000000000e+00,-1.000000
cuda_warp_smem(blk64),double,local,local,16384,16384,8,1,1,1,17,1.370000002e-07,1.433033400e-02,1.203650000e-04,1.445083600e-02,1.390805388e-02,1.378755188e-02,5.427821201e-04,308.811523,311.510508,311.510508,3.091199994e-04,2.228479981e-04,1.081412257e-05,row,0,-1.000000000e+00,-1.000000
cuda_warp_smem(blk64),double,local,local,16384,16384,8,1,1,1,18,1.169999999e-07,1.433349400e-02,1.203360000e-04,1.445394700e-02,1.390358937e-02,1.378313637e-02,5.503576322e-04,308.910684,311.610303,311.610303,3.186880052e-04,2.223680019e-04,9.301625055e-06,row,0,-1.000000000e+00,-1.000000
cuda_warp_smem(blk64),double,local,local,16384,16384,8,1,1,1,19,1.190000001e-07,1.434557900e-02,1.198420000e-04,1.446554000e-02,1.392383311e-02,1.380387211e-02,5.417068915e-04,308.461561,311.142212,311.142212,3.089919984e-04,2.216320038e-04,1.108288932e-05,row,0,-1.000000000e+00,-1.000000
cuda_warp_smem(blk64),double,local,local,16384,16384,8,1,1,1,20,1.119999999e-07,1.422418800e-02,1.193990000e-04,1.434369900e-02,1.380559098e-02,1.368607998e-02,5.381080211e-04,311.103473,313.820123,313.820123,3.063359857e-04,2.218559980e-04,9.916037357e-06,row,0,-1.000000000e+00,-1.000000
cuda_warp_smem(blk64),double,local,local,16384,16384,20,1,1,1,1,1.350000001e-07,3.407658000e-02,2.979470000e-04,3.437466200e-02,3.329827273e-02,3.300019073e-02,1.076389265e-03,322.461718,325.374430,325.374430,5.998079777e-04,4.666239917e-04,9.957295733e-06,row,0,-1.000000000e+00,-1.000000
cuda_warp_smem(blk64),double,local,local,16384,16384,20,1,1,1,2,1.629999999e-07,3.455017100e-02,6.482040000e-04,3.519853800e-02,3.367460830e-02,3.302624130e-02,1.523929698e-03,318.858000,325.117780,325.117780,5.985280275e-04,9.114559889e-04,1.394568109e-05,row,0,-1.000000000e+00,-1.000000
cuda_warp_smem(blk64),double,local,local,16384,16384,20,1,1,1,3,3.710000001e-07,3.408821700e-02,5.286370000e-04,3.461722500e-02,3.329662427e-02,3.276761627e-02,1.320600728e-03,322.477683,327.683837,327.683837,6.570559740e-04,6.463680267e-04,1.717672729e-05,row,0,-1.000000000e+00,-1.000000
cuda_warp_smem(blk64),double,local,local,16384,16384,20,1,1,1,4,4.149999999e-07,3.409808000e-02,3.488720000e-04,3.444736700e-02,3.317303273e-02,3.282374573e-02,1.274334272e-03,323.679126,327.123489,327.123489,6.416959763e-04,6.194559932e-04,1.318230303e-05,row,0,-1.000000000e+00,-1.000000
cuda_warp_smem(blk64),double,local,local,16384,16384,20,1,1,1,5,2.020000001e-07,3.402908700e-02,3.080950000e-04,3.433738400e-02,3.317825016e-02,3.286995316e-02,1.159133844e-03,323.628226,326.663631,326.663631,6.215999722e-04,5.246400237e-04,1.289384853e-05,row,0,-1.000000000e+00,-1.000000
cuda_warp_smem(blk64),double,local,local,16384,16384,20,1,1,1,6,8.100000004e-08,3.391556900e-02,3.031690000e-04,3.421881900e-02,3.311883228e-02,3.281558228e-02,1.099986725e-03,324.208841,327.204867,327.204867,6.182399988e-04,4.699519873e-04,1.179473853e-05,row,0,-1.000000000e+00,-1.000000
cuda_warp_smem(blk64),double,local,local,16384,16384,20,1,1,1,7,1.420000000e-07,3.385886700e-02,2.974500000e-04,3.415645900e-02,3.308360656e-02,3.278601456e-02,1.072852443e-03,324.554042,327.499953,327.499953,5.974720120e-04,4.640640020e-04,1.131642904e-05,row,0,-1.000000000e+00,-1.000000
cuda_warp_smem(blk64),double,local,local,16384,16384,20,1,1,1,8,1.379999999e-07,3.414679500e-02,2.952790000e-04,3.444221200e-02,3.337205808e-02,3.307664108e-02,1.070153917e-03,321.748758,324.622389,324.622389,6.015999913e-04,4.573119879e-04,1.124193804e-05,row,0,-1.000000000e+00,-1.000000
cuda_warp_smem(blk64),double,local,local,16384,16384,20,1,1,1,9,9.200000006e-08,3.383599100e-02,2.957650000e-04,3.413184800e-02,3.307022529e-02,3.277436829e-02,1.061622714e-03,324.685367,327.616330,327.616330,5.948479772e-04,4.565120041e-04,1.026273257e-05,row,0,-1.000000000e+00,-1.000000
cuda_warp_smem(blk64),double,local,local,16384,16384,20,1,1,1,10,1.100000000e-07,3.377834800e-02,3.078380000e-04,3.408629600e-02,3.299857224e-02,3.269062424e-02,1.087723763e-03,325.390388,328.455589,328.455589,6.135360003e-04,4.624640048e-04,1.172375793e-05,row,0,-1.000000000e+00,-1.000000
cuda_warp_smem(blk64),double,local,local,16384,16384,20,1,1,1,11,1.359999999e-07,3.406678100e-02,2.972910000e-04,3.436420800e-02,3.327364999e-02,3.297622299e-02,1.090558008e-03,322.700342,325.610918,325.610918,6.046400070e-04,4.749760032e-04,1.094199787e-05,row,0,-1.000000000e+00,-1.000000
cuda_warp_smem(blk64),double,local,local,16384,16384,20,1,1,1,12,1.020000000e-07,3.393112900e-02,3.003180000e-04,3.423154900e-02,3.316691704e-02,3.286649704e-02,1.064631960e-03,323.738810,326.697981,326.697981,6.007040143e-04,4.527040124e-04,1.122393351e-05,row,0,-1.000000000e+00,-1.000000
cuda_warp_smem(blk64),double,local,local,16384,16384,20,1,1,1,13,9.899999975e-08,3.377171500e-02,3.106670000e-04,3.408248100e-02,3.301579072e-02,3.270502472e-02,1.066690281e-03,325.220690,328.310965,328.310965,5.937280059e-04,4.623999894e-04,1.056228551e-05,row,0,-1.000000000e+00,-1.000000
cuda_warp_smem(blk64),double,local,local,16384,16384,20,1,1,1,14,1.450000000e-07,3.388301600e-02,2.958570000e-04,3.417901800e-02,3.313232097e-02,3.283631897e-02,1.046697030e-03,324.076851,326.998232,326.998232,5.871040225e-04,4.488320053e-04,1.076100251e-05,row,0,-1.000000000e+00,-1.000000
cuda_warp_smem(blk64),double,local,local,16384,16384,20,1,1,1,15,1.009999999e-07,3.392747600e-02,2.962900000e-04,3.422386700e-02,3.315306138e-02,3.285667038e-02,1.070805620e-03,323.874110,326.795689,326.795689,6.096640229e-04,4.507200122e-04,1.042158525e-05,row,0,-1.000000000e+00,-1.000000
cuda_warp_smem(blk64),double,local,local,16384,16384,20,1,1,1,16,1.080000001e-07,3.431748400e-02,3.038290000e-04,3.462142100e-02,3.303993706e-02,3.273600006e-02,1.581483939e-03,324.983011,328.000312,328.000312,6.096640229e-04,9.600960016e-04,1.172391442e-05,row,0,-1.000000000e+00,-1.000000
cuda_warp_smem(blk64),double,local,local,16384,16384,20,1,1,1,17,1.260000002e-07,3.438009800e-02,2.979890000e-04,3.467821300e-02,3.309421180e-02,3.279609680e-02,1.584001198e-03,324.450037,327.399273,327.399273,1.108608007e-03,4.637120068e-04,1.168118400e-05,row,0,-1.000000000e+00,-1.000000
cuda_warp_smem(blk64),double,local,local,16384,16384,20,1,1,1,18,1.279999999e-07,3.395422100e-02,2.972950000e-04,3.425164400e-02,3.318523275e-02,3.288780975e-02,1.066411247e-03,323.560130,326.486267,326.486267,6.050879955e-04,4.505600035e-04,1.076324753e-05,row,0,-1.000000000e+00,-1.000000
cuda_warp_smem(blk64),double,local,local,16384,16384,20,1,1,1,19,1.230000000e-07,3.379176600e-02,2.915800000e-04,3.408346900e-02,3.302139737e-02,3.272969437e-02,1.062071634e-03,325.165471,328.063505,328.063505,5.927039981e-04,4.574719965e-04,1.189563891e-05,row,0,-1.000000000e+00,-1.000000
cuda_warp_smem(blk64),double,local,local,16384,16384,20,1,1,1,20,1.140000001e-07,3.381506300e-02,9.197470000e-04,3.473492400e-02,3.363086716e-02,3.271100616e-02,1.104056835e-03,319.272714,328.250931,328.250931,5.961279869e-04,4.955840111e-04,1.234483746e-05,row,0,-1.000000000e+00,-1.000000
cuda_warp_smem(blk64),double,local,local,16384,16384,32,1,1,1,1,3.559999999e-07,5.391932500e-02,5.465480000e-04,5.446622900e-02,5.264383164e-02,5.209692764e-02,1.822397357e-03,326.341542,329.767415,329.767415,9.743360281e-04,8.362560272e-04,1.180530186e-05,row,0,-1.000000000e+00,-1.000000
cuda_warp_smem(blk64),double,local,local,16384,16384,32,1,1,1,2,3.989999999e-07,5.401216400e-02,5.258240000e-04,5.453838700e-02,5.273889619e-02,5.221267319e-02,1.799490813e-03,325.753295,329.036384,329.036384,9.656000137e-04,8.208320141e-04,1.305878493e-05,row,0,-1.000000000e+00,-1.000000
cuda_warp_smem(blk64),double,local,local,16384,16384,32,1,1,1,3,2.029999999e-07,5.386163500e-02,5.243780000e-04,5.438621600e-02,5.257155518e-02,5.204697418e-02,1.814660818e-03,326.790203,330.083918,330.083918,9.871680140e-04,8.154879808e-04,1.200482298e-05,row,0,-1.000000000e+00,-1.000000
cuda_warp_smem(blk64),double,local,local,16384,16384,32,1,1,1,4,2.170000000e-07,5.393311300e-02,5.565090000e-04,5.448983900e-02,5.263029244e-02,5.207356644e-02,1.859546563e-03,326.425494,329.915356,329.915356,9.770240188e-04,8.696320057e-04,1.289053878e-05,row,0,-1.000000000e+00,-1.000000
cuda_warp_smem(blk64),double,local,local,16384,16384,32,1,1,1,5,3.220000000e-07,5.415219000e-02,5.253670000e-04,5.467787900e-02,5.283916175e-02,5.231347275e-02,1.838717252e-03,325.135158,328.402384,328.402384,9.773120284e-04,8.491839767e-04,1.222124714e-05,row,0,-1.000000000e+00,-1.000000
cuda_warp_smem(blk64),double,local,local,16384,16384,32,1,1,1,6,2.110000001e-07,5.409519100e-02,5.264820000e-04,5.462188400e-02,5.281738056e-02,5.229068756e-02,1.804503439e-03,325.269239,328.545483,328.545483,9.773759842e-04,8.146880269e-04,1.243942787e-05,row,0,-1.000000000e+00,-1.000000
cuda_warp_smem(blk64),double,local,local,16384,16384,32,1,1,1,7,2.379999997e-07,5.386552700e-02,5.220540000e-04,5.438781900e-02,5.258296476e-02,5.206067276e-02,1.804854240e-03,326.719295,329.997064,329.997064,9.775360227e-04,8.142399788e-04,1.307823854e-05,row,0,-1.000000000e+00,-1.000000
cuda_warp_smem(blk64),double,local,local,16384,16384,32,1,1,1,8,2.270000001e-07,5.472498500e-02,5.344370000e-04,5.525964900e-02,5.265357574e-02,5.211891174e-02,2.606073257e-03,326.281149,329.628317,329.628317,9.621120095e-04,1.629631996e-03,1.432925116e-05,row,0,-1.000000000e+00,-1.000000
cuda_warp_smem(blk64),double,local,local,16384,16384,32,1,1,1,9,1.990000000e-07,5.492572400e-02,5.370630000e-04,5.546298600e-02,5.282132725e-02,5.228406525e-02,2.641658753e-03,325.244936,328.587096,328.587096,1.802207947e-03,8.274239898e-04,1.202681687e-05,row,0,-1.000000000e+00,-1.000000
cuda_warp_smem(blk64),double,local,local,16384,16384,32,1,1,1,10,2.040000000e-07,5.389042000e-02,5.270480000e-04,5.441767200e-02,5.260766963e-02,5.208041763e-02,1.810002367e-03,326.565866,329.871955,329.871955,9.776639938e-04,8.193280101e-04,1.301036303e-05,row,0,-1.000000000e+00,-1.000000
cuda_warp_smem(blk64),double,local,local,16384,16384,32,1,1,1,11,2.760000002e-07,5.394171000e-02,1.493551000e-03,5.543553700e-02,5.360617746e-02,5.211235046e-02,1.829359536e-03,320.483011,329.669820,329.669820,9.806720018e-04,8.345919847e-04,1.409554954e-05,row,0,-1.000000000e+00,-1.000000
cuda_warp_smem(blk64),double,local,local,16384,16384,32,1,1,1,12,1.746000000e-06,5.415878000e-02,5.256760000e-04,5.468620200e-02,5.285919767e-02,5.233177567e-02,1.827004335e-03,325.011917,328.287526,328.287526,1.005792022e-03,8.081279993e-04,1.308431366e-05,row,0,-1.000000000e+00,-1.000000
cuda_warp_smem(blk64),double,local,local,16384,16384,32,1,1,1,13,3.810000000e-07,5.413862300e-02,9.291930000e-04,5.506819700e-02,5.327469348e-02,5.234511948e-02,1.793503524e-03,322.477110,328.203839,328.203839,9.877759814e-04,7.934079766e-04,1.231956563e-05,row,0,-1.000000000e+00,-1.000000
cuda_warp_smem(blk64),double,local,local,16384,16384,32,1,1,1,14,2.659999998e-07,5.390180100e-02,5.238720000e-04,5.442593900e-02,5.258932355e-02,5.206518555e-02,1.836615453e-03,326.679790,329.968462,329.968462,9.863359928e-04,8.382400274e-04,1.203943288e-05,row,0,-1.000000000e+00,-1.000000
cuda_warp_smem(blk64),double,local,local,16384,16384,32,1,1,1,15,6.230000000e-07,5.408759200e-02,5.106010000e-04,5.459881600e-02,5.280530283e-02,5.229407883e-02,1.793513173e-03,325.343635,328.524177,328.524177,9.744319916e-04,8.062080145e-04,1.287316703e-05,row,0,-1.000000000e+00,-1.000000
cuda_warp_smem(blk64),double,local,local,16384,16384,32,1,1,1,16,3.030000002e-07,5.418947500e-02,1.495698000e-03,5.568547600e-02,5.382691454e-02,5.233091354e-02,1.858561456e-03,319.168753,328.292935,328.292935,9.956799746e-04,8.485119939e-04,1.436948786e-05,row,0,-1.000000000e+00,-1.000000
cuda_warp_smem(blk64),double,local,local,16384,16384,32,1,1,1,17,1.780000000e-06,5.391558000e-02,5.214700000e-04,5.443883000e-02,5.259992160e-02,5.207667160e-02,1.838908400e-03,326.613969,329.895684,329.895684,1.007328033e-03,8.197119832e-04,1.186838301e-05,row,0,-1.000000000e+00,-1.000000
cuda_warp_smem(blk64),double,local,local,16384,16384,32,1,1,1,18,6.139999997e-07,5.408137900e-02,5.177470000e-04,5.459974000e-02,5.282619944e-02,5.230783844e-02,1.773540560e-03,325.214938,328.437758,328.437758,9.695360065e-04,7.918080091e-04,1.219654446e-05,row,0,-1.000000000e+00,-1.000000
cuda_warp_smem(blk64),double,local,local,16384,16384,32,1,1,1,19,2.399999999e-07,5.424392500e-02,5.388090000e-04,5.478297400e-02,5.300660119e-02,5.246755219e-02,1.776372815e-03,324.108107,327.437978,327.437978,9.644799829e-04,8.005120158e-04,1.138081627e-05,row,0,-1.000000000e+00,-1.000000
cuda_warp_smem(blk64),double,local,local,16384,16384,32,1,1,1,20,3.120000001e-07,5.408807100e-02,5.521380000e-04,5.464052100e-02,5.283971578e-02,5.228726578e-02,1.800805222e-03,325.131749,328.566983,328.566983,9.643520117e-04,8.242560029e-04,1.219720783e-05,row,0,-1.000000000e+00,-1.000000
cuda_warp_smem(blk128),double,local,local,16384,16384,3,1,1,1,1,1.580000000e-07,5.602440000e-03,4.751600000e-05,5.650114000e-03,5.434074223e-03,5.386400223e-03,2.160397772e-04,296.391376,299.014679,299.014679,1.191999987e-04,8.854400367e-05,8.295774879e-06,row,0,-1.000000000e+00,-1.000000
cuda_warp_smem(blk128),double,local,local,16384,16384,3,1,1,1,2,1.759999999e-07,5.592902000e-03,4.360400000e-05,5.636682000e-03,5.420772226e-03,5.376992226e-03,2.159097744e-04,297.118689,299.537858,299.537858,1.194880009e-04,8.739200234e-05,9.029771139e-06,row,0,-1.000000000e+00,-1.000000
cuda_warp_smem(blk128),double,local,local,16384,16384,3,1,1,1,3,1.379999999e-07,5.625544000e-03,4.422900000e-05,5.669911000e-03,5.452366992e-03,5.407999992e-03,2.175440076e-04,295.396979,297.820403,297.820403,1.188480034e-04,9.017600119e-05,8.520002991e-06,row,0,-1.000000000e+00,-1.000000
cuda_warp_smem(blk128),double,local,local,16384,16384,3,1,1,1,4,1.990000000e-07,5.601463000e-03,4.329100000e-05,5.644953000e-03,5.426114149e-03,5.382624149e-03,2.188388507e-04,296.826180,299.224447,299.224447,1.186240017e-04,9.059199691e-05,9.622852028e-06,row,0,-1.000000000e+00,-1.000000
cuda_warp_smem(blk128),double,local,local,16384,16384,3,1,1,1,5,1.610000000e-07,5.623590000e-03,4.401800000e-05,5.667769000e-03,5.432403125e-03,5.388224125e-03,2.353658751e-04,296.482551,298.913464,298.913464,1.390399933e-04,8.710400015e-05,9.221881654e-06,row,0,-1.000000000e+00,-1.000000
cuda_warp_smem(blk128),double,local,local,16384,16384,3,1,1,1,6,1.580000000e-07,5.613490000e-03,4.379800000e-05,5.657446000e-03,5.439731795e-03,5.395775795e-03,2.177142050e-04,296.083115,298.495119,298.495119,1.191039979e-04,8.985599875e-05,8.754208317e-06,row,0,-1.000000000e+00,-1.000000
cuda_warp_smem(blk128),double,local,local,16384,16384,3,1,1,1,7,1.460000001e-07,5.614870000e-03,4.489300000e-05,5.659909000e-03,5.437486948e-03,5.392447948e-03,2.224220515e-04,296.205352,298.679329,298.679329,1.199359968e-04,9.324800223e-05,9.238052483e-06,row,0,-1.000000000e+00,-1.000000
cuda_warp_smem(blk128),double,local,local,16384,16384,3,1,1,1,8,1.669999998e-07,5.612460000e-03,4.351500000e-05,5.656142000e-03,5.432417771e-03,5.388735771e-03,2.237242288e-04,296.481752,298.885083,298.885083,1.241919994e-04,8.947200328e-05,1.006022610e-05,row,0,-1.000000000e+00,-1.000000
cuda_warp_smem(blk128),double,local,local,16384,16384,3,1,1,1,9,1.560000000e-07,5.618748000e-03,4.441200000e-05,5.663316000e-03,5.439512191e-03,5.394944191e-03,2.238038090e-04,296.095069,298.541130,298.541130,1.202559993e-04,9.369599819e-05,9.851811562e-06,row,0,-1.000000000e+00,-1.000000
cuda_warp_smem(blk128),double,local,local,16384,16384,3,1,1,1,10,1.810000001e-07,5.608443000e-03,4.305600000e-05,5.651680000e-03,5.430692940e-03,5.387455940e-03,2.209870598e-04,296.575917,298.956085,298.956085,1.198719963e-04,9.235200286e-05,8.763060551e-06,row,0,-1.000000000e+00,-1.000000
cuda_warp_smem(blk128),double,local,local,16384,16384,3,1,1,1,11,1.519999999e-07,5.622873000e-03,4.406000000e-05,5.667085000e-03,5.448691980e-03,5.404479980e-03,2.183930195e-04,295.596217,298.014377,298.014377,1.226560026e-04,8.582399786e-05,9.913019035e-06,row,0,-1.000000000e+00,-1.000000
cuda_warp_smem(blk128),double,local,local,16384,16384,3,1,1,1,12,1.779999999e-07,5.610524000e-03,5.544500000e-05,5.666147000e-03,5.452135032e-03,5.396512032e-03,2.140119684e-04,295.409546,298.454395,298.454395,1.187520027e-04,8.598399907e-05,9.275966655e-06,row,0,-1.000000000e+00,-1.000000
cuda_warp_smem(blk128),double,local,local,16384,16384,3,1,1,1,13,1.650000001e-07,5.604306000e-03,4.533100000e-05,5.649802000e-03,5.436312212e-03,5.390816212e-03,2.134897883e-04,296.269359,298.769736,298.769736,1.194240004e-04,8.444800228e-05,9.617785638e-06,row,0,-1.000000000e+00,-1.000000
cuda_warp_smem(blk128),double,local,local,16384,16384,3,1,1,1,14,1.750000000e-07,5.608036000e-03,4.477800000e-05,5.652989000e-03,5.433401238e-03,5.388448238e-03,2.195877616e-04,296.428087,298.901031,298.901031,1.185280010e-04,9.148799628e-05,9.571764337e-06,row,0,-1.000000000e+00,-1.000000
cuda_warp_smem(blk128),double,local,local,16384,16384,3,1,1,1,15,1.670000001e-07,5.633347000e-03,4.464200000e-05,5.678156000e-03,5.449801104e-03,5.404992104e-03,2.283548964e-04,295.536058,297.986140,297.986140,1.195520014e-04,9.923200309e-05,9.570891973e-06,row,0,-1.000000000e+00,-1.000000
cuda_warp_smem(blk128),double,local,local,16384,16384,3,1,1,1,16,1.630000002e-07,5.609252000e-03,4.353800000e-05,5.652953000e-03,5.432308979e-03,5.388607979e-03,2.206440212e-04,296.487689,298.892171,298.892171,1.221119985e-04,8.912000060e-05,9.412022080e-06,row,0,-1.000000000e+00,-1.000000
cuda_warp_smem(blk128),double,local,local,16384,16384,3,1,1,1,17,2.059999997e-07,5.624442000e-03,4.349400000e-05,5.668142000e-03,5.447444221e-03,5.403744221e-03,2.206977793e-04,295.663924,298.054954,298.054954,1.201599985e-04,9.203200042e-05,8.505780308e-06,row,0,-1.000000000e+00,-1.000000
cuda_warp_smem(blk128),double,local,local,16384,16384,3,1,1,1,18,1.860000001e-07,5.605792000e-03,4.364700000e-05,5.649625000e-03,5.431960804e-03,5.388127804e-03,2.176641962e-04,296.506693,298.918807,298.918807,1.201279983e-04,8.928000182e-05,8.256196086e-06,row,0,-1.000000000e+00,-1.000000
cuda_warp_smem(blk128),double,local,local,16384,16384,3,1,1,1,19,1.770000000e-07,5.599078000e-03,4.459700000e-05,5.643852000e-03,5.428582136e-03,5.383808136e-03,2.152698640e-04,296.691235,299.158643,299.158643,1.188160032e-04,8.707199991e-05,9.381860903e-06,row,0,-1.000000000e+00,-1.000000
cuda_warp_smem(blk128),double,local,local,16384,16384,3,1,1,1,20,1.890000001e-07,5.608860000e-03,4.376300000e-05,5.652812000e-03,5.432367813e-03,5.388415813e-03,2.204441866e-04,296.484478,298.902830,298.902830,1.206080019e-04,9.036800265e-05,9.468181954e-06,row,0,-1.000000000e+00,-1.000000
cuda_warp_smem(blk128),double,local,local,16384,16384,6,1,1,1,1,1.690000000e-07,9.875090000e-03,9.001600000e-05,9.965275000e-03,9.527017428e-03,9.436832428e-03,4.382575720e-04,338.114787,341.346050,341.346050,2.328640074e-04,1.961919963e-04,9.201568332e-06,row,0,-1.000000000e+00,-1.000000
cuda_warp_smem(blk128),double,local,local,16384,16384,6,1,1,1,2,1.720000000e-07,9.852119000e-03,8.953300000e-05,9.941824000e-03,9.516360769e-03,9.426655769e-03,4.254632307e-04,338.493417,341.714554,341.714554,2.310079932e-04,1.843200028e-04,1.013523464e-05,row,0,-1.000000000e+00,-1.000000
cuda_warp_smem(blk128),double,local,local,16384,16384,6,1,1,1,3,1.049999998e-07,9.849898000e-03,8.995100000e-05,9.939954000e-03,9.512136040e-03,9.422080040e-03,4.278179600e-04,338.643756,341.880504,341.880504,2.296960056e-04,1.885119975e-04,9.609956978e-06,row,0,-1.000000000e+00,-1.000000
cuda_warp_smem(blk128),double,local,local,16384,16384,6,1,1,1,4,1.470000002e-07,9.842056000e-03,9.033000000e-05,9.932533000e-03,9.509932528e-03,9.419455528e-03,4.226004717e-04,338.722221,341.975761,341.975761,2.310719937e-04,1.810240000e-04,1.050447798e-05,row,0,-1.000000000e+00,-1.000000
cuda_warp_smem(blk128),double,local,local,16384,16384,6,1,1,1,5,1.340000000e-07,9.843408000e-03,9.025700000e-05,9.933799000e-03,9.510199388e-03,9.419808388e-03,4.235996122e-04,338.712717,341.962951,341.962951,2.285120040e-04,1.847999990e-04,1.028760923e-05,row,0,-1.000000000e+00,-1.000000
cuda_warp_smem(blk128),double,local,local,16384,16384,6,1,1,1,6,1.130000000e-07,9.844154000e-03,9.014100000e-05,9.934408000e-03,9.513070277e-03,9.422816277e-03,4.213377234e-04,338.610499,341.853792,341.853792,2.287040055e-04,1.824319959e-04,1.020172210e-05,row,0,-1.000000000e+00,-1.000000
cuda_warp_smem(blk128),double,local,local,16384,16384,6,1,1,1,7,1.439999999e-07,9.845287000e-03,8.979900000e-05,9.935230000e-03,9.512086936e-03,9.422143936e-03,4.231430638e-04,338.645504,341.878185,341.878185,2.292799950e-04,1.831679940e-04,1.069507486e-05,row,0,-1.000000000e+00,-1.000000
cuda_warp_smem(blk128),double,local,local,16384,16384,6,1,1,1,8,1.549999999e-07,9.849617000e-03,9.002900000e-05,9.939801000e-03,9.514535692e-03,9.424351692e-03,4.252653078e-04,338.558347,341.798097,341.798097,2.323199958e-04,1.829120070e-04,1.003330507e-05,row,0,-1.000000000e+00,-1.000000
cuda_warp_smem(blk128),double,local,local,16384,16384,6,1,1,1,9,1.730000001e-07,9.855293000e-03,9.052400000e-05,9.945990000e-03,9.513865182e-03,9.423168182e-03,4.321248176e-04,338.582207,341.841025,341.841025,2.296639979e-04,1.930560023e-04,9.404817479e-06,row,0,-1.000000000e+00,-1.000000
cuda_warp_smem(blk128),double,local,local,16384,16384,6,1,1,1,10,1.420000000e-07,9.840960000e-03,8.944700000e-05,9.930549000e-03,9.510837436e-03,9.421248436e-03,4.197115640e-04,338.689994,341.910681,341.910681,2.311999947e-04,1.786559969e-04,9.855572424e-06,row,0,-1.000000000e+00,-1.000000
cuda_warp_smem(blk128),double,local,local,16384,16384,6,1,1,1,11,1.290000000e-07,9.855579000e-03,1.074620000e-04,9.963170000e-03,9.533542958e-03,9.425951958e-03,4.296270423e-04,337.883354,341.740069,341.740069,2.410880029e-04,1.783040017e-04,1.023503769e-05,row,0,-1.000000000e+00,-1.000000
cuda_warp_smem(blk128),double,local,local,16384,16384,6,1,1,1,12,1.119999999e-07,9.824634000e-03,9.416600000e-05,9.918912000e-03,9.505030296e-03,9.410752296e-03,4.138817036e-04,338.896918,342.292026,342.292026,2.305919975e-04,1.738879979e-04,9.401708182e-06,row,0,-1.000000000e+00,-1.000000
cuda_warp_smem(blk128),double,local,local,16384,16384,6,1,1,1,13,1.470000000e-07,9.821767000e-03,8.924900000e-05,9.911163000e-03,9.494196415e-03,9.404800415e-03,4.169665850e-04,339.283635,342.508648,342.508648,2.275519967e-04,1.800000072e-04,9.414581100e-06,row,0,-1.000000000e+00,-1.000000
cuda_warp_smem(blk128),double,local,local,16384,16384,6,1,1,1,14,1.220000001e-07,9.834285000e-03,8.892400000e-05,9.923331000e-03,9.501973628e-03,9.412927628e-03,4.213573724e-04,339.005937,342.212922,342.212922,2.349759936e-04,1.772480011e-04,9.133377705e-06,row,0,-1.000000000e+00,-1.000000
cuda_warp_smem(blk128),double,local,local,16384,16384,6,1,1,1,15,1.230000000e-07,9.822160000e-03,8.873800000e-05,9.911021000e-03,9.492668640e-03,9.403807640e-03,4.183523599e-04,339.338240,342.544807,342.544807,2.356480062e-04,1.727039963e-04,1.000035742e-05,row,0,-1.000000000e+00,-1.000000
cuda_warp_smem(blk128),double,local,local,16384,16384,6,1,1,1,16,1.399999998e-07,9.827880000e-03,8.898800000e-05,9.917008000e-03,9.501032335e-03,9.411904335e-03,4.159756650e-04,339.039523,342.250129,342.250129,2.319040000e-04,1.750079989e-04,9.063665991e-06,row,0,-1.000000000e+00,-1.000000
cuda_warp_smem(blk128),double,local,local,16384,16384,6,1,1,1,17,1.060000001e-07,1.410646300e-02,9.408100000e-05,1.420065000e-02,9.502795437e-03,9.408608437e-03,4.697854563e-03,338.976619,342.370021,342.370021,2.311999947e-04,4.456223965e-03,1.043060404e-05,row,0,-1.000000000e+00,-1.000000
cuda_warp_smem(blk128),double,local,local,16384,16384,6,1,1,1,18,1.089999999e-07,9.865976000e-03,9.000700000e-05,9.956092000e-03,9.499364352e-03,9.409248352e-03,4.567276479e-04,339.099055,342.346737,342.346737,2.560639977e-04,1.899199933e-04,1.074365692e-05,row,0,-1.000000000e+00,-1.000000
cuda_warp_smem(blk128),double,local,local,16384,16384,6,1,1,1,19,1.029999999e-07,9.834289000e-03,8.949100000e-05,9.923883000e-03,9.494617575e-03,9.405023575e-03,4.292654252e-04,339.268585,342.500521,342.500521,2.367359996e-04,1.823679954e-04,1.016143021e-05,row,0,-1.000000000e+00,-1.000000
cuda_warp_smem(blk128),double,local,local,16384,16384,6,1,1,1,20,1.340000000e-07,9.831102000e-03,8.960700000e-05,9.920843000e-03,9.498701342e-03,9.408960342e-03,4.221416576e-04,339.122724,342.357216,342.357216,2.308800071e-04,1.820800006e-04,9.181649806e-06,row,0,-1.000000000e+00,-1.000000
cuda_warp_smem(blk128),double,local,local,16384,16384,8,1,1,1,1,2.820000000e-07,1.327685000e-02,1.197430000e-04,1.339687500e-02,1.283938535e-02,1.271936035e-02,5.574896484e-04,334.515024,337.671642,337.671642,3.065280020e-04,2.408960015e-04,1.006564496e-05,row,0,-1.000000000e+00,-1.000000
cuda_warp_smem(blk128),double,local,local,16384,16384,8,1,1,1,2,3.200000001e-07,1.327825900e-02,1.246370000e-04,1.340321600e-02,1.284441272e-02,1.271945572e-02,5.588032810e-04,334.384093,337.669110,337.669110,3.117760122e-04,2.379519939e-04,9.075274881e-06,row,0,-1.000000000e+00,-1.000000
cuda_warp_smem(blk128),double,local,local,16384,16384,8,1,1,1,3,3.079999999e-07,1.327605200e-02,1.215910000e-04,1.339795100e-02,1.284173905e-02,1.271984005e-02,5.562119503e-04,334.453712,337.658908,337.658908,3.054719865e-04,2.397439927e-04,1.099597104e-05,row,0,-1.000000000e+00,-1.000000
cuda_warp_smem(blk128),double,local,local,16384,16384,8,1,1,1,4,2.760000002e-07,1.327019600e-02,1.202720000e-04,1.339074400e-02,1.283712362e-02,1.271657562e-02,5.536203774e-04,334.573961,337.745587,337.745587,3.121919930e-04,2.303999960e-04,1.102838840e-05,row,0,-1.000000000e+00,-1.000000
cuda_warp_smem(blk128),double,local,local,16384,16384,8,1,1,1,5,2.990000001e-07,1.328434400e-02,1.190560000e-04,1.340369900e-02,1.283391456e-02,1.271455956e-02,5.697844449e-04,334.657620,337.799141,337.799141,3.133760095e-04,2.454079986e-04,1.100043692e-05,row,0,-1.000000000e+00,-1.000000
cuda_warp_smem(blk128),double,local,local,16384,16384,8,1,1,1,6,2.760000000e-07,1.326503300e-02,1.207510000e-04,1.338606000e-02,1.283577920e-02,1.271475220e-02,5.502808027e-04,334.609004,337.794023,337.794023,3.101440072e-04,2.302079946e-04,9.928800948e-06,row,0,-1.000000000e+00,-1.000000
cuda_warp_smem(blk128),double,local,local,16384,16384,8,1,1,1,7,3.000000000e-07,1.325752200e-02,1.205040000e-04,1.337832600e-02,1.283734815e-02,1.271654415e-02,5.409778487e-04,334.568109,337.746423,337.746423,3.061119914e-04,2.256319970e-04,9.233860299e-06,row,0,-1.000000000e+00,-1.000000
cuda_warp_smem(blk128),double,local,local,16384,16384,8,1,1,1,8,2.840000000e-07,1.326089900e-02,1.186480000e-04,1.337983100e-02,1.281822800e-02,1.269929600e-02,5.616030024e-04,335.067163,338.205149,338.205149,3.223359883e-04,2.283519953e-04,1.091501875e-05,row,0,-1.000000000e+00,-1.000000
cuda_warp_smem(blk128),double,local,local,16384,16384,8,1,1,1,9,3.060000000e-07,1.323314600e-02,1.190040000e-04,1.335245600e-02,1.281383763e-02,1.269452763e-02,5.386183740e-04,335.181967,338.332187,338.332187,3.042879999e-04,2.240640074e-04,1.026636669e-05,row,0,-1.000000000e+00,-1.000000
cuda_warp_smem(blk128),double,local,local,16384,16384,8,1,1,1,10,2.820000000e-07,1.324073200e-02,1.396360000e-04,1.338065000e-02,1.283742204e-02,1.269750404e-02,5.432279564e-04,334.566183,338.252879,338.252879,3.045119941e-04,2.295359969e-04,9.179965384e-06,row,0,-1.000000000e+00,-1.000000
cuda_warp_smem(blk128),double,local,local,16384,16384,8,1,1,1,11,3.000000000e-07,1.768283600e-02,1.234450000e-04,1.780658100e-02,1.282019333e-02,1.269644833e-02,4.986387674e-03,335.015798,338.281005,338.281005,3.062399924e-04,4.668896198e-03,1.125148324e-05,row,0,-1.000000000e+00,-1.000000
cuda_warp_smem(blk128),double,local,local,16384,16384,8,1,1,1,12,6.510000001e-07,1.328648600e-02,1.214480000e-04,1.340858500e-02,1.282574661e-02,1.270364761e-02,5.828383865e-04,334.870743,338.089297,338.089297,3.288640082e-04,2.437119931e-04,1.026238519e-05,row,0,-1.000000000e+00,-1.000000
cuda_warp_smem(blk128),double,local,local,16384,16384,8,1,1,1,13,2.550000000e-07,1.324810900e-02,1.201530000e-04,1.336851700e-02,1.282066435e-02,1.270025635e-02,5.478526523e-04,335.003490,338.179575,338.179575,3.093119860e-04,2.285439968e-04,9.996669563e-06,row,0,-1.000000000e+00,-1.000000
cuda_warp_smem(blk128),double,local,local,16384,16384,8,1,1,1,14,5.630000000e-07,1.323460900e-02,1.232350000e-04,1.335840700e-02,1.281848584e-02,1.269468784e-02,5.399211567e-04,335.060424,338.327917,338.327917,3.073279858e-04,2.233279943e-04,9.265176567e-06,row,0,-1.000000000e+00,-1.000000
cuda_warp_smem(blk128),double,local,local,16384,16384,8,1,1,1,15,2.560000001e-07,1.323431200e-02,1.182390000e-04,1.335280700e-02,1.281724740e-02,1.269875240e-02,5.355595967e-04,335.092798,338.219627,338.219627,3.060159981e-04,2.203519940e-04,9.191604578e-06,row,0,-1.000000000e+00,-1.000000
cuda_warp_smem(blk128),double,local,local,16384,16384,8,1,1,1,16,2.509999999e-07,1.323529000e-02,1.194620000e-04,1.335500300e-02,1.281536119e-02,1.269564819e-02,5.396418066e-04,335.142118,338.302325,338.302325,3.082560003e-04,2.215999961e-04,9.785810270e-06,row,0,-1.000000000e+00,-1.000000
cuda_warp_smem(blk128),double,local,local,16384,16384,8,1,1,1,17,2.270000001e-07,1.323826900e-02,1.248950000e-04,1.336339100e-02,1.282659428e-02,1.270147228e-02,5.367967176e-04,334.848612,338.147201,338.147201,3.065919876e-04,2.208639979e-04,9.340732044e-06,row,0,-1.000000000e+00,-1.000000
cuda_warp_smem(blk128),double,local,local,16384,16384,8,1,1,1,18,5.610000000e-07,1.325036500e-02,1.185500000e-04,1.336947600e-02,1.282227892e-02,1.270316792e-02,5.471970847e-04,334.961306,338.102064,338.102064,3.202880025e-04,2.162880003e-04,1.062108182e-05,row,0,-1.000000000e+00,-1.000000
cuda_warp_smem(blk128),double,local,local,16384,16384,8,1,1,1,19,2.299999999e-07,1.323483400e-02,1.196450000e-04,1.335470900e-02,1.281734662e-02,1.269747162e-02,5.373623813e-04,335.090204,338.253743,338.253743,3.076800108e-04,2.195200026e-04,1.016236795e-05,row,0,-1.000000000e+00,-1.000000
cuda_warp_smem(blk128),double,local,local,16384,16384,8,1,1,1,20,2.270000001e-07,1.325101200e-02,1.314330000e-04,1.338267200e-02,1.283095600e-02,1.269929600e-02,5.517160024e-04,334.734785,338.205149,338.205149,3.120320141e-04,2.292480022e-04,1.043598608e-05,row,0,-1.000000000e+00,-1.000000
cuda_warp_smem(blk128),double,local,local,16384,16384,20,1,1,1,1,2.010000000e-07,3.234933600e-02,3.010130000e-04,3.265055000e-02,3.154479768e-02,3.124358368e-02,1.105752321e-03,340.386340,343.667946,343.667946,5.943040252e-04,4.994559884e-04,1.199230722e-05,row,0,-1.000000000e+00,-1.000000
cuda_warp_smem(blk128),double,local,local,16384,16384,20,1,1,1,2,1.560000000e-07,3.235295000e-02,3.011040000e-04,3.265421000e-02,3.155319596e-02,3.125193596e-02,1.101014041e-03,340.295742,343.576099,343.576099,5.908160210e-04,4.985919893e-04,1.160603089e-05,row,0,-1.000000000e+00,-1.000000
cuda_warp_smem(blk128),double,local,local,16384,16384,20,1,1,1,3,3.370000001e-07,3.235000800e-02,2.965580000e-04,3.264690300e-02,3.151734254e-02,3.122044754e-02,1.129560460e-03,340.682855,343.922624,343.922624,5.995519757e-04,5.190079808e-04,1.100050317e-05,row,0,-1.000000000e+00,-1.000000
cuda_warp_smem(blk128),double,local,local,16384,16384,20,1,1,1,4,1.359999997e-07,3.233894000e-02,3.015820000e-04,3.264065800e-02,3.153141427e-02,3.122969627e-02,1.109243726e-03,340.530816,343.820771,343.820771,6.001279950e-04,4.989120066e-04,1.020372457e-05,row,0,-1.000000000e+00,-1.000000
cuda_warp_smem(blk128),double,local,local,16384,16384,20,1,1,1,5,2.280000000e-07,3.232210800e-02,2.970100000e-04,3.261934600e-02,3.151960624e-02,3.122236824e-02,1.099739760e-03,340.658388,343.901467,343.901467,5.909439921e-04,4.972800016e-04,1.151576587e-05,row,0,-1.000000000e+00,-1.000000
cuda_warp_smem(blk128),double,local,local,16384,16384,20,1,1,1,6,1.349999998e-07,3.229262800e-02,2.941490000e-04,3.258691200e-02,3.150919641e-02,3.121491241e-02,1.077715585e-03,340.770932,343.983609,343.983609,5.915520191e-04,4.749439955e-04,1.121957085e-05,row,0,-1.000000000e+00,-1.000000
cuda_warp_smem(blk128),double,local,local,16384,16384,20,1,1,1,7,1.420000000e-07,3.229258100e-02,2.965980000e-04,3.258932100e-02,3.151798863e-02,3.122124863e-02,1.071332373e-03,340.675871,343.913799,343.913799,5.866240263e-04,4.732159972e-04,1.149234977e-05,row,0,-1.000000000e+00,-1.000000
cuda_warp_smem(blk128),double,local,local,16384,16384,20,1,1,1,8,1.399999998e-07,3.230531100e-02,2.962640000e-04,3.260171500e-02,3.152338039e-02,3.122697639e-02,1.078334605e-03,340.617602,343.850718,343.850718,5.911359787e-04,4.758720100e-04,1.132661666e-05,row,0,-1.000000000e+00,-1.000000
cuda_warp_smem(blk128),double,local,local,16384,16384,20,1,1,1,9,1.570000001e-07,3.228404000e-02,3.000330000e-04,3.258423000e-02,3.152783778e-02,3.122764778e-02,1.056392219e-03,340.569446,343.843325,343.843325,5.878720284e-04,4.572480023e-04,1.127218799e-05,row,0,-1.000000000e+00,-1.000000
cuda_warp_smem(blk128),double,local,local,16384,16384,20,1,1,1,10,1.850000000e-07,3.231705500e-02,3.108120000e-04,3.262805200e-02,3.153323745e-02,3.122224045e-02,1.094814552e-03,340.511128,343.902875,343.902875,5.942720175e-04,4.887680113e-04,1.177452319e-05,row,0,-1.000000000e+00,-1.000000
cuda_warp_smem(blk128),double,local,local,16384,16384,20,1,1,1,11,1.830000000e-07,3.235584700e-02,2.963230000e-04,3.265235300e-02,3.153423412e-02,3.123772812e-02,1.118118881e-03,340.500365,343.732367,343.732367,6.159039736e-04,4.907200038e-04,1.149490368e-05,row,0,-1.000000000e+00,-1.000000
cuda_warp_smem(blk128),double,local,local,16384,16384,20,1,1,1,12,1.550000004e-07,3.231651800e-02,3.009540000e-04,3.261762700e-02,3.153566901e-02,3.123456001e-02,1.081957987e-03,340.484872,343.767232,343.767232,5.952320099e-04,4.760319889e-04,1.069398844e-05,row,0,-1.000000000e+00,-1.000000
cuda_warp_smem(blk128),double,local,local,16384,16384,20,1,1,1,13,1.300000001e-07,3.231119800e-02,2.968330000e-04,3.260816100e-02,3.153302791e-02,3.123606491e-02,1.075133089e-03,340.513390,343.750670,343.750670,5.937600136e-04,4.710400105e-04,1.033306508e-05,row,0,-1.000000000e+00,-1.000000
cuda_warp_smem(blk128),double,local,local,16384,16384,20,1,1,1,14,1.720000000e-07,3.228854200e-02,3.010470000e-04,3.258976100e-02,3.151609899e-02,3.121487999e-02,1.073662010e-03,340.696298,343.983967,343.983967,5.939199924e-04,4.691520035e-04,1.059001440e-05,row,0,-1.000000000e+00,-1.000000
cuda_warp_smem(blk128),double,local,local,16384,16384,20,1,1,1,15,2.270000001e-07,3.228378000e-02,2.970550000e-04,3.258106200e-02,3.151657750e-02,3.121929550e-02,1.064484498e-03,340.691125,343.935315,343.935315,5.897279978e-04,4.632320106e-04,1.152448991e-05,row,0,-1.000000000e+00,-1.000000
cuda_warp_smem(blk128),double,local,local,16384,16384,20,1,1,1,16,1.970000003e-07,3.227986900e-02,2.950720000e-04,3.257513800e-02,3.151446913e-02,3.121920013e-02,1.060668866e-03,340.713918,343.936366,343.936366,5.914559960e-04,4.588800073e-04,1.033286242e-05,row,0,-1.000000000e+00,-1.000000
cuda_warp_smem(blk128),double,local,local,16384,16384,20,1,1,1,17,2.879999998e-07,3.278048100e-02,8.660530000e-04,3.364682200e-02,3.208064497e-02,3.121430397e-02,1.566177030e-03,334.700822,343.990315,343.990315,5.867840052e-04,9.664000273e-04,1.299299722e-05,row,0,-1.000000000e+00,-1.000000
cuda_warp_smem(blk128),double,local,local,16384,16384,20,1,1,1,18,2.320000001e-07,3.282217700e-02,3.003950000e-04,3.312280400e-02,3.153966737e-02,3.123904037e-02,1.583136625e-03,340.441708,343.717928,343.717928,1.107552052e-03,4.640319943e-04,1.155257936e-05,row,0,-1.000000000e+00,-1.000000
cuda_warp_smem(blk128),double,local,local,16384,16384,20,1,1,1,19,2.179999998e-07,3.231971400e-02,3.046100000e-04,3.262454200e-02,3.154770787e-02,3.124287987e-02,1.076834132e-03,340.354941,343.675688,343.675688,5.911039710e-04,4.755840003e-04,1.014616109e-05,row,0,-1.000000000e+00,-1.000000
cuda_warp_smem(blk128),double,local,local,16384,16384,20,1,1,1,20,1.710000004e-07,3.231904600e-02,2.973170000e-04,3.261653400e-02,3.153172758e-02,3.123423958e-02,1.084806422e-03,340.527433,343.770759,343.770759,5.991359949e-04,4.750399888e-04,1.063043809e-05,row,0,-1.000000000e+00,-1.000000
cuda_warp_smem(blk128),double,local,local,16384,16384,32,1,1,1,1,2.019999998e-07,5.243472900e-02,5.300910000e-04,5.296502200e-02,5.111259509e-02,5.058230209e-02,1.852426906e-03,336.118116,339.641900,339.641900,9.736959934e-04,8.660799861e-04,1.265092698e-05,row,0,-1.000000000e+00,-1.000000
cuda_warp_smem(blk128),double,local,local,16384,16384,32,1,1,1,2,1.029999999e-07,5.241864300e-02,5.164570000e-04,5.293520300e-02,5.109614221e-02,5.057958221e-02,1.839060786e-03,336.226346,339.660164,339.660164,9.724159837e-04,8.544639945e-04,1.218080746e-05,row,0,-1.000000000e+00,-1.000000
cuda_warp_smem(blk128),double,local,local,16384,16384,32,1,1,1,3,2.429999999e-07,5.242919600e-02,1.088537000e-03,5.351797600e-02,5.168061884e-02,5.059183884e-02,1.837357163e-03,332.423829,339.577876,339.577876,9.764800072e-04,8.478720188e-04,1.300513734e-05,row,0,-1.000000000e+00,-1.000000
cuda_warp_smem(blk128),double,local,local,16384,16384,32,1,1,1,4,1.879999998e-07,5.244584800e-02,5.355810000e-04,5.298161700e-02,5.112965633e-02,5.059388733e-02,1.851960671e-03,336.005959,339.564127,339.564127,1.000512004e-03,8.365120292e-04,1.493663783e-05,row,0,-1.000000000e+00,-1.000000
cuda_warp_smem(blk128),double,local,local,16384,16384,32,1,1,1,5,2.160000001e-07,5.241151500e-02,5.683650000e-04,5.298009600e-02,5.115539588e-02,5.058681488e-02,1.824700120e-03,335.836892,339.611601,339.611601,9.539840221e-04,8.590720296e-04,1.164406790e-05,row,0,-1.000000000e+00,-1.000000
cuda_warp_smem(blk128),double,local,local,16384,16384,32,1,1,1,6,2.289999999e-07,5.243603700e-02,5.350190000e-04,5.297128500e-02,5.112721654e-02,5.059196854e-02,1.844068464e-03,336.021993,339.577006,339.577006,9.693760276e-04,8.626559973e-04,1.203643876e-05,row,0,-1.000000000e+00,-1.000000
cuda_warp_smem(blk128),double,local,local,16384,16384,32,1,1,1,7,4.009999999e-07,5.240867700e-02,5.259890000e-04,5.293506700e-02,5.112203972e-02,5.059564972e-02,1.813027281e-03,336.056020,339.552299,339.552299,9.689279795e-04,8.322560191e-04,1.184328218e-05,row,0,-1.000000000e+00,-1.000000
cuda_warp_smem(blk128),double,local,local,16384,16384,32,1,1,1,8,8.700000009e-08,5.240979700e-02,5.312730000e-04,5.294115700e-02,5.112876829e-02,5.059740829e-02,1.812388705e-03,336.011794,339.540497,339.540497,9.606400132e-04,8.400959969e-04,1.165269525e-05,row,0,-1.000000000e+00,-1.000000
cuda_warp_smem(blk128),double,local,local,16384,16384,32,1,1,1,9,2.180000003e-07,5.243817000e-02,5.570010000e-04,5.299538900e-02,5.114566657e-02,5.058844757e-02,1.849722429e-03,335.900778,339.600640,339.600640,9.730240107e-04,8.624640107e-04,1.423440783e-05,row,0,-1.000000000e+00,-1.000000
cuda_warp_smem(blk128),double,local,local,16384,16384,32,1,1,1,10,2.390000002e-07,5.246416500e-02,5.381570000e-04,5.300256100e-02,5.113945115e-02,5.060105515e-02,1.863109855e-03,335.941603,339.516027,339.516027,9.785280228e-04,8.729919791e-04,1.158985285e-05,row,0,-1.000000000e+00,-1.000000
cuda_warp_smem(blk128),double,local,local,16384,16384,32,1,1,1,11,2.100000001e-07,5.243071100e-02,5.344190000e-04,5.296534000e-02,5.112650217e-02,5.059187317e-02,1.838837831e-03,336.026688,339.577646,339.577646,9.894080162e-04,8.374080062e-04,1.202180866e-05,row,0,-1.000000000e+00,-1.000000
cuda_warp_smem(blk128),double,local,local,16384,16384,32,1,1,1,12,9.200000006e-08,5.323771100e-02,1.448129000e-03,5.468593200e-02,5.203714922e-02,5.058892822e-02,2.648782777e-03,330.146241,339.597414,339.597414,9.633280039e-04,1.670976043e-03,1.447873071e-05,row,0,-1.000000000e+00,-1.000000
cuda_warp_smem(blk128),double,local,local,16384,16384,32,1,1,1,13,9.040000002e-07,5.325636200e-02,5.341280000e-04,5.379139400e-02,5.112629482e-02,5.059126282e-02,2.665099183e-03,336.028051,339.581743,339.581743,1.831552029e-03,8.187199831e-04,1.482717086e-05,row,0,-1.000000000e+00,-1.000000
cuda_warp_smem(blk128),double,local,local,16384,16384,32,1,1,1,14,1.119999999e-07,5.276807900e-02,5.187440000e-04,5.328693500e-02,5.111437602e-02,5.059552002e-02,2.172558980e-03,336.106405,339.553169,339.553169,9.641280174e-04,1.195968032e-03,1.246293116e-05,row,0,-1.000000000e+00,-1.000000
cuda_warp_smem(blk128),double,local,local,16384,16384,32,1,1,1,15,1.130000000e-07,5.240072000e-02,5.160090000e-04,5.291684200e-02,5.110482516e-02,5.058870316e-02,1.812016844e-03,336.169219,339.598925,339.598925,9.645760059e-04,8.346560001e-04,1.278483841e-05,row,0,-1.000000000e+00,-1.000000
cuda_warp_smem(blk128),double,local,local,16384,16384,32,1,1,1,16,9.999999984e-08,5.239603800e-02,5.251890000e-04,5.292132700e-02,5.111424774e-02,5.058895874e-02,1.807079260e-03,336.107249,339.597209,339.597209,9.757120013e-04,8.185279965e-04,1.283926190e-05,row,0,-1.000000000e+00,-1.000000
cuda_warp_smem(blk128),double,local,local,16384,16384,32,1,1,1,17,9.399999978e-08,5.333756100e-02,1.474978000e-03,5.481263300e-02,5.216537580e-02,5.069030380e-02,2.647257198e-03,329.334715,338.918253,338.918253,9.688320160e-04,1.664703965e-03,1.372121633e-05,row,0,-1.000000000e+00,-1.000000
cuda_warp_smem(blk128),double,local,local,16384,16384,32,1,1,1,18,1.045000000e-06,5.401814100e-02,5.226010000e-04,5.454178700e-02,5.185343802e-02,5.132979202e-02,2.688348977e-03,331.315913,334.695866,334.695866,1.859616041e-03,8.168320060e-04,1.190093013e-05,row,0,-1.000000000e+00,-1.000000
cuda_warp_smem(blk128),double,local,local,16384,16384,32,1,1,1,19,2.090000000e-07,5.313350900e-02,5.272970000e-04,5.366101500e-02,5.188721669e-02,5.135971069e-02,1.773798307e-03,331.100226,334.500895,334.500895,9.610559940e-04,8.015999794e-04,1.114233321e-05,row,0,-1.000000000e+00,-1.000000
cuda_warp_smem(blk128),double,local,local,16384,16384,32,1,1,1,20,2.390000002e-07,5.291843200e-02,5.170990000e-04,5.343577000e-02,5.164585134e-02,5.112851334e-02,1.789918664e-03,332.647613,336.013470,336.013470,9.607999921e-04,8.176640272e-04,1.145464452e-05,row,0,-1.000000000e+00,-1.000000
cuda_warp_smem(blk192),double,local,local,16384,16384,3,1,1,1,1,1.379999999e-07,5.624393000e-03,4.385500000e-05,5.668386000e-03,5.452344898e-03,5.408351898e-03,2.160411018e-04,295.398176,297.801024,297.801024,1.188800037e-04,8.720000088e-05,9.961097234e-06,row,0,-1.000000000e+00,-1.000000
cuda_warp_smem(blk192),double,local,local,16384,16384,3,1,1,1,2,1.980000000e-07,5.637781000e-03,4.378700000e-05,5.681766000e-03,5.466736904e-03,5.422751904e-03,2.150290965e-04,294.620496,297.010220,297.010220,1.179199964e-04,8.841600269e-05,8.693097394e-06,row,0,-1.000000000e+00,-1.000000
cuda_warp_smem(blk192),double,local,local,16384,16384,3,1,1,1,3,1.489999999e-07,5.630440000e-03,4.421200000e-05,5.674801000e-03,5.458376770e-03,5.414015770e-03,2.164242300e-04,295.071741,297.489480,297.489480,1.181439981e-04,8.867199719e-05,9.608234766e-06,row,0,-1.000000000e+00,-1.000000
cuda_warp_smem(blk192),double,local,local,16384,16384,3,1,1,1,4,1.419999998e-07,5.652629000e-03,4.414100000e-05,5.696912000e-03,5.484571067e-03,5.440288067e-03,2.123409331e-04,293.662479,296.052841,296.052841,1.185600013e-04,8.361600339e-05,1.016492849e-05,row,0,-1.000000000e+00,-1.000000
cuda_warp_smem(blk192),double,local,local,16384,16384,3,1,1,1,5,3.080000002e-07,5.614979000e-03,4.375900000e-05,5.659046000e-03,5.446242903e-03,5.402175903e-03,2.128030967e-04,295.729141,298.141483,298.141483,1.172479987e-04,8.640000224e-05,9.155095724e-06,row,0,-1.000000000e+00,-1.000000
cuda_warp_smem(blk192),double,local,local,16384,16384,3,1,1,1,6,1.450000000e-07,5.622005000e-03,4.397100000e-05,5.666121000e-03,5.455540160e-03,5.411424160e-03,2.105808400e-04,295.225164,297.631952,297.631952,1.178560033e-04,8.399999887e-05,8.724837785e-06,row,0,-1.000000000e+00,-1.000000
cuda_warp_smem(blk192),double,local,local,16384,16384,3,1,1,1,7,1.549999999e-07,5.631875000e-03,4.380700000e-05,5.675837000e-03,5.458714007e-03,5.414752007e-03,2.171229935e-04,295.053512,297.449031,297.449031,1.178560033e-04,8.924800158e-05,1.001898855e-05,row,0,-1.000000000e+00,-1.000000
cuda_warp_smem(blk192),double,local,local,16384,16384,3,1,1,1,8,1.430000001e-07,5.634064000e-03,4.417800000e-05,5.678385000e-03,5.465888917e-03,5.421567917e-03,2.124960831e-04,294.666204,297.075082,297.075082,1.172159985e-04,8.617600054e-05,9.104084124e-06,row,0,-1.000000000e+00,-1.000000
cuda_warp_smem(blk192),double,local,local,16384,16384,3,1,1,1,9,1.470000000e-07,5.644681000e-03,4.425800000e-05,5.689086000e-03,5.476308839e-03,5.431903839e-03,2.127771609e-04,294.105534,296.509803,296.509803,1.176320016e-04,8.620800078e-05,8.937158471e-06,row,0,-1.000000000e+00,-1.000000
cuda_warp_smem(blk192),double,local,local,16384,16384,3,1,1,1,10,1.450000000e-07,5.637985000e-03,4.395200000e-05,5.682082000e-03,5.467009121e-03,5.422912121e-03,2.150728792e-04,294.605826,297.001445,297.001445,1.174079999e-04,8.803199977e-05,9.632879481e-06,row,0,-1.000000000e+00,-1.000000
cuda_warp_smem(blk192),double,local,local,16384,16384,3,1,1,1,11,1.459999999e-07,5.627912000e-03,4.364000000e-05,5.671698000e-03,5.455145787e-03,5.411359787e-03,2.165522130e-04,295.246506,297.635493,297.635493,1.176960021e-04,8.902399987e-05,9.832211017e-06,row,0,-1.000000000e+00,-1.000000
cuda_warp_smem(blk192),double,local,local,16384,16384,3,1,1,1,12,1.390000000e-07,5.621429000e-03,4.401100000e-05,5.665579000e-03,5.450326090e-03,5.406176090e-03,2.152529098e-04,295.507592,297.920880,297.920880,1.184320003e-04,8.771199733e-05,9.108912150e-06,row,0,-1.000000000e+00,-1.000000
cuda_warp_smem(blk192),double,local,local,16384,16384,3,1,1,1,13,1.510000001e-07,5.641282000e-03,4.399400000e-05,5.685427000e-03,5.468849075e-03,5.424704075e-03,2.165779251e-04,294.506708,296.903336,296.903336,1.182719991e-04,8.828800172e-05,1.001792436e-05,row,0,-1.000000000e+00,-1.000000
cuda_warp_smem(blk192),double,local,local,16384,16384,3,1,1,1,14,4.929999999e-07,5.636494000e-03,4.372700000e-05,5.680714000e-03,5.462748080e-03,5.418528080e-03,2.179659200e-04,294.835623,297.241744,297.241744,1.197760031e-04,8.851200342e-05,9.677913529e-06,row,0,-1.000000000e+00,-1.000000
cuda_warp_smem(blk192),double,local,local,16384,16384,3,1,1,1,15,1.709999999e-07,5.627809000e-03,4.455900000e-05,5.672539000e-03,5.459865860e-03,5.415135860e-03,2.126731396e-04,294.991265,297.427946,297.427946,1.195840016e-04,8.336000144e-05,9.729136511e-06,row,0,-1.000000000e+00,-1.000000
cuda_warp_smem(blk192),double,local,local,16384,16384,3,1,1,1,16,1.439999999e-07,5.641246000e-03,4.352200000e-05,5.684912000e-03,5.462450142e-03,5.418784142e-03,2.224618585e-04,294.851705,297.227698,297.227698,1.223040000e-04,8.982399851e-05,1.033385999e-05,row,0,-1.000000000e+00,-1.000000
cuda_warp_smem(blk192),double,local,local,16384,16384,3,1,1,1,17,3.689999999e-07,5.623016000e-03,4.476800000e-05,5.668153000e-03,5.454896998e-03,5.409759998e-03,2.132560017e-04,295.259972,297.723510,297.723510,1.189439967e-04,8.435200155e-05,9.960003403e-06,row,0,-1.000000000e+00,-1.000000
cuda_warp_smem(blk192),double,local,local,16384,16384,3,1,1,1,18,1.440000001e-07,5.650379000e-03,4.521700000e-05,5.695740000e-03,5.477905231e-03,5.432544231e-03,2.178347686e-04,294.019825,296.474850,296.474850,1.191039979e-04,8.841600269e-05,1.031476795e-05,row,0,-1.000000000e+00,-1.000000
cuda_warp_smem(blk192),double,local,local,16384,16384,3,1,1,1,19,1.490000001e-07,5.630878000e-03,4.458100000e-05,5.675608000e-03,5.459098153e-03,5.414368153e-03,2.165098474e-04,295.032749,297.470119,297.470119,1.219839975e-04,8.441600204e-05,1.010984782e-05,row,0,-1.000000000e+00,-1.000000
cuda_warp_smem(blk192),double,local,local,16384,16384,3,1,1,1,20,1.409999999e-07,5.636202000e-03,4.422700000e-05,5.680570000e-03,5.462383957e-03,5.418015957e-03,2.181860431e-04,294.855277,297.269840,297.269840,1.199359968e-04,8.825600147e-05,9.994044818e-06,row,0,-1.000000000e+00,-1.000000
cuda_warp_smem(blk192),double,local,local,16384,16384,6,1,1,1,1,1.430000001e-07,9.921754000e-03,8.995400000e-05,1.001185100e-02,9.573072960e-03,9.482975960e-03,4.387780402e-04,336.488136,339.685083,339.685083,2.285439968e-04,1.996479928e-04,1.058605056e-05,row,0,-1.000000000e+00,-1.000000
cuda_warp_smem(blk192),double,local,local,16384,16384,6,1,1,1,2,1.660000000e-07,9.919231000e-03,9.015400000e-05,1.000955100e-02,9.574544319e-03,9.484224319e-03,4.350066805e-04,336.436426,339.640372,339.640372,2.286400050e-04,1.966720074e-04,9.694668108e-06,row,0,-1.000000000e+00,-1.000000
cuda_warp_smem(blk192),double,local,local,16384,16384,6,1,1,1,3,1.519999999e-07,9.915042000e-03,9.043200000e-05,1.000562600e-02,9.571735581e-03,9.481151581e-03,4.338904192e-04,336.535150,339.750445,339.750445,2.294719964e-04,1.943680048e-04,1.005041796e-05,row,0,-1.000000000e+00,-1.000000
cuda_warp_smem(blk192),double,local,local,16384,16384,6,1,1,1,4,1.669999998e-07,9.918762000e-03,8.882700000e-05,1.000775600e-02,9.571105931e-03,9.482111931e-03,4.366500692e-04,336.557290,339.716035,339.716035,2.288320065e-04,1.977600008e-04,1.005806187e-05,row,0,-1.000000000e+00,-1.000000
cuda_warp_smem(blk192),double,local,local,16384,16384,6,1,1,1,5,1.580000000e-07,9.887442000e-03,9.044300000e-05,9.978043000e-03,9.545320543e-03,9.454719543e-03,4.327224565e-04,337.466454,340.700267,340.700267,2.283519953e-04,1.941439956e-04,1.022646555e-05,row,0,-1.000000000e+00,-1.000000
cuda_warp_smem(blk192),double,local,local,16384,16384,6,1,1,1,6,1.830000000e-07,9.894083000e-03,9.014900000e-05,9.984415000e-03,9.550811736e-03,9.460479736e-03,4.336032637e-04,337.272429,340.492825,340.492825,2.297279984e-04,1.950079948e-04,8.867270525e-06,row,0,-1.000000000e+00,-1.000000
cuda_warp_smem(blk192),double,local,local,16384,16384,6,1,1,1,7,1.960000000e-07,9.894912000e-03,8.908000000e-05,9.984188000e-03,9.547451659e-03,9.458175659e-03,4.367363408e-04,337.391127,340.575771,340.575771,2.306559980e-04,1.966080070e-04,9.472335875e-06,row,0,-1.000000000e+00,-1.000000
cuda_warp_smem(blk192),double,local,local,16384,16384,6,1,1,1,8,1.949999999e-07,9.907514000e-03,9.062100000e-05,9.998330000e-03,9.557568052e-03,9.466752052e-03,4.407619477e-04,337.034008,340.267227,340.267227,2.304960042e-04,1.994560063e-04,1.080993718e-05,row,0,-1.000000000e+00,-1.000000
cuda_warp_smem(blk192),double,local,local,16384,16384,6,1,1,1,9,1.859999998e-07,9.896045000e-03,8.838600000e-05,9.984617000e-03,9.545052026e-03,9.456480026e-03,4.395649738e-04,337.475947,340.636840,340.636840,2.323520035e-04,1.975679994e-04,9.644970937e-06,row,0,-1.000000000e+00,-1.000000
cuda_warp_smem(blk192),double,local,local,16384,16384,6,1,1,1,10,1.829999998e-07,9.912618000e-03,9.064000000e-05,1.000344100e-02,9.551302736e-03,9.460479736e-03,4.521382637e-04,337.255091,340.492825,340.492825,2.314559966e-04,2.105280012e-04,1.015426585e-05,row,0,-1.000000000e+00,-1.000000
cuda_warp_smem(blk192),double,local,local,16384,16384,6,1,1,1,11,1.930000000e-07,9.886127000e-03,8.971600000e-05,9.976036000e-03,9.545012874e-03,9.455103874e-03,4.310231258e-04,337.477331,340.686418,340.686418,2.310079932e-04,1.905920058e-04,9.423126723e-06,row,0,-1.000000000e+00,-1.000000
cuda_warp_smem(blk192),double,local,local,16384,16384,6,1,1,1,12,1.670000001e-07,9.891785000e-03,9.007100000e-05,9.982023000e-03,9.552606011e-03,9.462368011e-03,4.294169885e-04,337.209079,340.424878,340.424878,2.313279957e-04,1.879680008e-04,1.012099210e-05,row,0,-1.000000000e+00,-1.000000
cuda_warp_smem(blk192),double,local,local,16384,16384,6,1,1,1,13,1.869999999e-07,9.889047000e-03,8.892500000e-05,9.978159000e-03,9.546968178e-03,9.457856178e-03,4.311908217e-04,337.408213,340.587276,340.587276,2.310079932e-04,1.894399971e-04,1.074283142e-05,row,0,-1.000000000e+00,-1.000000
cuda_warp_smem(blk192),double,local,local,16384,16384,6,1,1,1,14,2.100000001e-07,9.885094000e-03,9.016900000e-05,9.975473000e-03,9.551210642e-03,9.460831642e-03,4.242623578e-04,337.258343,340.480160,340.480160,2.295040041e-04,1.844159961e-04,1.034235765e-05,row,0,-1.000000000e+00,-1.000000
cuda_warp_smem(blk192),double,local,local,16384,16384,6,1,1,1,15,1.850000000e-07,9.844178000e-03,9.003200000e-05,9.934395000e-03,9.511369115e-03,9.421152115e-03,4.230258851e-04,338.671061,341.914177,341.914177,2.295359969e-04,1.840959936e-04,9.393894580e-06,row,0,-1.000000000e+00,-1.000000
cuda_warp_smem(blk192),double,local,local,16384,16384,6,1,1,1,16,2.310000000e-07,9.846981000e-03,9.583300000e-05,9.943045000e-03,9.519008069e-03,9.422944069e-03,4.240369311e-04,338.399279,341.849155,341.849155,2.309760004e-04,1.832000017e-04,9.860928947e-06,row,0,-1.000000000e+00,-1.000000
cuda_warp_smem(blk192),double,local,local,16384,16384,6,1,1,1,17,2.569999999e-07,9.853060000e-03,8.860400000e-05,9.941921000e-03,9.512669098e-03,9.423808098e-03,4.292519022e-04,338.624779,341.817813,341.817813,2.322880030e-04,1.857600063e-04,1.120389288e-05,row,0,-1.000000000e+00,-1.000000
cuda_warp_smem(blk192),double,local,local,16384,16384,6,1,1,1,18,2.000000001e-07,9.847461000e-03,9.094600000e-05,9.938607000e-03,9.513514050e-03,9.422368050e-03,4.250929504e-04,338.594704,341.870054,341.870054,2.312639952e-04,1.850879937e-04,8.740961467e-06,row,0,-1.000000000e+00,-1.000000
cuda_warp_smem(blk192),double,local,local,16384,16384,6,1,1,1,19,1.770000000e-07,9.854643000e-03,9.378000000e-05,9.948600000e-03,9.520133071e-03,9.426176071e-03,4.284669288e-04,338.359291,341.731944,341.731944,2.312639952e-04,1.877440065e-04,9.458927148e-06,row,0,-1.000000000e+00,-1.000000
cuda_warp_smem(blk192),double,local,local,16384,16384,6,1,1,1,20,3.340000001e-07,9.880772000e-03,9.014300000e-05,9.971249000e-03,9.519117366e-03,9.428640366e-03,4.521316344e-04,338.395394,341.642628,341.642628,2.429759949e-04,1.986240000e-04,1.053163950e-05,row,0,-1.000000000e+00,-1.000000
cuda_warp_smem(blk192),double,local,local,16384,16384,8,1,1,1,1,1.150000000e-07,1.322112600e-02,1.196150000e-04,1.334085600e-02,1.277390576e-02,1.265417576e-02,5.669502416e-04,336.229762,339.411067,339.411067,3.083199859e-04,2.479040027e-04,1.072625311e-05,row,0,-1.000000000e+00,-1.000000
cuda_warp_smem(blk192),double,local,local,16384,16384,8,1,1,1,2,1.199999999e-07,1.322190300e-02,1.226110000e-04,1.334463400e-02,1.277127531e-02,1.264854431e-02,5.733586885e-04,336.299014,339.562181,339.562181,3.213120103e-04,2.406720072e-04,1.137467099e-05,row,0,-1.000000000e+00,-1.000000
cuda_warp_smem(blk192),double,local,local,16384,16384,8,1,1,1,3,1.059999999e-07,1.321019400e-02,1.184210000e-04,1.332872100e-02,1.276335866e-02,1.264483166e-02,5.653623426e-04,336.507608,339.661880,339.661880,3.158400059e-04,2.386880070e-04,1.083432972e-05,row,0,-1.000000000e+00,-1.000000
cuda_warp_smem(blk192),double,local,local,16384,16384,8,1,1,1,4,1.320000000e-07,1.318798800e-02,1.174750000e-04,1.330559500e-02,1.274381531e-02,1.262620831e-02,5.617796946e-04,337.023662,340.162873,340.162873,3.093119860e-04,2.428800017e-04,9.587707008e-06,row,0,-1.000000000e+00,-1.000000
cuda_warp_smem(blk192),double,local,local,16384,16384,8,1,1,1,5,1.320000000e-07,1.316297300e-02,1.221920000e-04,1.328529700e-02,1.273198796e-02,1.260966396e-02,5.533090367e-04,337.336739,340.609179,340.609179,3.075200021e-04,2.356799990e-04,1.010903556e-05,row,0,-1.000000000e+00,-1.000000
cuda_warp_smem(blk192),double,local,local,16384,16384,8,1,1,1,6,1.260000000e-07,1.318512800e-02,1.200260000e-04,1.330528000e-02,1.273826361e-02,1.261811161e-02,5.670163896e-04,337.170546,340.381146,340.381146,3.086400032e-04,2.472320050e-04,1.114438138e-05,row,0,-1.000000000e+00,-1.000000
cuda_warp_smem(blk192),double,local,local,16384,16384,8,1,1,1,7,1.399999998e-07,1.315838700e-02,1.185630000e-04,1.327709000e-02,1.272827064e-02,1.260956764e-02,5.488193578e-04,337.435259,340.611781,340.611781,3.057920039e-04,2.324479967e-04,1.057935718e-05,row,0,-1.000000000e+00,-1.000000
cuda_warp_smem(blk192),double,local,local,16384,16384,8,1,1,1,8,1.250000001e-07,1.316711000e-02,1.177080000e-04,1.328494300e-02,1.273764120e-02,1.261980820e-02,5.473018030e-04,337.187021,340.335386,340.335386,3.073920012e-04,2.289920002e-04,1.091780160e-05,row,0,-1.000000000e+00,-1.000000
cuda_warp_smem(blk192),double,local,local,16384,16384,8,1,1,1,9,1.270000001e-07,1.319922600e-02,1.191020000e-04,1.331845500e-02,1.274434916e-02,1.262512016e-02,5.741058370e-04,337.009544,340.192191,340.192191,3.117119968e-04,2.525759935e-04,9.817846704e-06,row,0,-1.000000000e+00,-1.000000
cuda_warp_smem(blk192),double,local,local,16384,16384,8,1,1,1,10,1.420000000e-07,1.321015200e-02,1.184840000e-04,1.332877800e-02,1.277888239e-02,1.266025639e-02,5.498956142e-04,336.098820,339.248050,339.248050,3.094719946e-04,2.292799950e-04,1.114362459e-05,row,0,-1.000000000e+00,-1.000000
cuda_warp_smem(blk192),double,local,local,16384,16384,8,1,1,1,11,1.100000000e-07,1.315405100e-02,1.193270000e-04,1.327348800e-02,1.272458913e-02,1.260515213e-02,5.488988699e-04,337.532886,340.731096,340.731096,3.068160117e-04,2.316160053e-04,1.046685290e-05,row,0,-1.000000000e+00,-1.000000
cuda_warp_smem(blk192),double,local,local,16384,16384,8,1,1,1,12,1.290000000e-07,1.313294700e-02,1.227340000e-04,1.325581000e-02,1.270590324e-02,1.258304024e-02,5.499067626e-04,338.029278,341.329855,341.329855,3.108159900e-04,2.296639979e-04,9.426774713e-06,row,0,-1.000000000e+00,-1.000000
cuda_warp_smem(blk192),double,local,local,16384,16384,8,1,1,1,13,1.329999999e-07,1.315612200e-02,1.212040000e-04,1.327745900e-02,1.270575339e-02,1.258441639e-02,5.717056105e-04,338.033264,341.292529,341.292529,3.163839877e-04,2.446399927e-04,1.068163016e-05,row,0,-1.000000000e+00,-1.000000
cuda_warp_smem(blk192),double,local,local,16384,16384,8,1,1,1,14,1.269999998e-07,1.315128500e-02,1.188530000e-04,1.327026500e-02,1.271507604e-02,1.259609604e-02,5.551889612e-04,337.785420,340.976068,340.976068,3.061439991e-04,2.383680046e-04,1.067695752e-05,row,0,-1.000000000e+00,-1.000000
cuda_warp_smem(blk192),double,local,local,16384,16384,8,1,1,1,15,1.270000001e-07,1.313477800e-02,1.183950000e-04,1.325330000e-02,1.271282608e-02,1.259430408e-02,5.404739152e-04,337.845202,341.024583,341.024583,3.039360046e-04,2.272319943e-04,9.305916312e-06,row,0,-1.000000000e+00,-1.000000
cuda_warp_smem(blk192),double,local,local,16384,16384,8,1,1,1,16,1.290000000e-07,1.315212200e-02,1.216220000e-04,1.327387300e-02,1.270789545e-02,1.258614445e-02,5.659775527e-04,337.976285,341.245670,341.245670,3.109120131e-04,2.455040067e-04,9.561532876e-06,row,0,-1.000000000e+00,-1.000000
cuda_warp_smem(blk192),double,local,local,16384,16384,8,1,1,1,17,1.330000001e-07,1.313852600e-02,1.206170000e-04,1.325927600e-02,1.271982246e-02,1.259907246e-02,5.394535436e-04,337.659375,340.895515,340.895515,3.037120104e-04,2.253440022e-04,1.039753101e-05,row,0,-1.000000000e+00,-1.000000
cuda_warp_smem(blk192),double,local,local,16384,16384,8,1,1,1,18,1.110000001e-07,1.312689900e-02,1.200130000e-04,1.324702300e-02,1.270508398e-02,1.258495998e-02,5.419390162e-04,338.051075,341.277787,341.277787,3.108159900e-04,2.204159945e-04,1.070703168e-05,row,0,-1.000000000e+00,-1.000000
cuda_warp_smem(blk192),double,local,local,16384,16384,8,1,1,1,19,1.100000000e-07,1.314034000e-02,1.184370000e-04,1.325888700e-02,1.271371511e-02,1.259516811e-02,5.451718863e-04,337.821578,341.001188,341.001188,3.076159954e-04,2.267840058e-04,1.077188512e-05,row,0,-1.000000000e+00,-1.000000
cuda_warp_smem(blk192),double,local,local,16384,16384,8,1,1,1,20,1.370000000e-07,1.313799300e-02,1.193380000e-04,1.325746800e-02,1.270856344e-02,1.258908844e-02,5.489045601e-04,337.958520,341.165869,341.165869,3.134399951e-04,2.248959988e-04,1.056856617e-05,row,0,-1.000000000e+00,-1.000000
cuda_warp_smem(blk192),double,local,local,16384,16384,20,1,1,1,1,2.029999999e-07,3.245271900e-02,3.426720000e-04,3.279559400e-02,3.166005945e-02,3.131718445e-02,1.135534552e-03,339.147128,342.860268,342.860268,6.011840105e-04,5.224639773e-04,1.188656392e-05,row,0,-1.000000000e+00,-1.000000
cuda_warp_smem(blk192),double,local,local,16384,16384,20,1,1,1,2,1.660000000e-07,3.245080000e-02,3.765430000e-04,3.282750900e-02,3.170160486e-02,3.132489586e-02,1.125904141e-03,338.702671,342.775864,342.775864,5.981760025e-04,5.157439709e-04,1.198416786e-05,row,0,-1.000000000e+00,-1.000000
cuda_warp_smem(blk192),double,local,local,16384,16384,20,1,1,1,3,2.070000000e-07,3.245356000e-02,3.557940000e-04,3.280956100e-02,3.169379244e-02,3.133779144e-02,1.115768557e-03,338.786160,342.634811,342.634811,5.905920267e-04,5.134400129e-04,1.173651749e-05,row,0,-1.000000000e+00,-1.000000
cuda_warp_smem(blk192),double,local,local,16384,16384,20,1,1,1,4,1.890000001e-07,3.244898700e-02,3.412680000e-04,3.279044400e-02,3.168296014e-02,3.134150314e-02,1.107483857e-03,338.901990,342.594233,342.594233,5.892800093e-04,5.057920218e-04,1.241182567e-05,row,0,-1.000000000e+00,-1.000000
cuda_warp_smem(blk192),double,local,local,16384,16384,20,1,1,1,5,2.030000001e-07,3.243084100e-02,3.449780000e-04,3.277602200e-02,3.166825343e-02,3.132307243e-02,1.107768567e-03,339.059376,342.795818,342.795818,6.035519838e-04,4.925439954e-04,1.167258731e-05,row,0,-1.000000000e+00,-1.000000
cuda_warp_smem(blk192),double,local,local,16384,16384,20,1,1,1,6,2.200000000e-07,3.246493700e-02,3.419450000e-04,3.280710200e-02,3.168069268e-02,3.133852768e-02,1.126409321e-03,338.926246,342.626761,342.626761,6.204479933e-04,4.942399859e-04,1.172134134e-05,row,0,-1.000000000e+00,-1.000000
cuda_warp_smem(blk192),double,local,local,16384,16384,20,1,1,1,7,2.109999999e-07,3.244837800e-02,3.394230000e-04,3.278801200e-02,3.167809874e-02,3.133846474e-02,1.109913263e-03,338.953999,342.627449,342.627449,6.149119735e-04,4.842559993e-04,1.074529026e-05,row,0,-1.000000000e+00,-1.000000
cuda_warp_smem(blk192),double,local,local,16384,16384,20,1,1,1,8,1.759999999e-07,3.241456600e-02,3.507810000e-04,3.276552300e-02,3.166951665e-02,3.131855965e-02,1.096006353e-03,339.045852,342.845213,342.845213,5.951359868e-04,4.895040095e-04,1.136635710e-05,row,0,-1.000000000e+00,-1.000000
cuda_warp_smem(blk192),double,local,local,16384,16384,20,1,1,1,9,1.960000000e-07,3.241922000e-02,3.442230000e-04,3.276363900e-02,3.167017889e-02,3.132575989e-02,1.093460112e-03,339.038762,342.766409,342.766409,6.077439785e-04,4.741440117e-04,1.157212207e-05,row,0,-1.000000000e+00,-1.000000
cuda_warp_smem(blk192),double,local,local,16384,16384,20,1,1,1,10,1.930000000e-07,3.243503100e-02,3.420350000e-04,3.277725900e-02,3.166370017e-02,3.132147217e-02,1.113558832e-03,339.108133,342.813332,342.813332,5.975040197e-04,5.055360198e-04,1.051879249e-05,row,0,-1.000000000e+00,-1.000000
cuda_warp_smem(blk192),double,local,local,16384,16384,20,1,1,1,11,1.649999999e-07,3.244407300e-02,3.419060000e-04,3.278614400e-02,3.167720741e-02,3.133513641e-02,1.108936586e-03,338.963536,342.663842,342.663842,6.014720201e-04,4.976319969e-04,9.832569406e-06,row,0,-1.000000000e+00,-1.000000
cuda_warp_smem(blk192),double,local,local,16384,16384,20,1,1,1,12,1.949999999e-07,3.243462900e-02,3.876320000e-04,3.282245600e-02,3.171720322e-02,3.132937622e-02,1.105252779e-03,338.536099,342.726844,342.726844,6.045759916e-04,4.888640046e-04,1.181278305e-05,row,0,-1.000000000e+00,-1.000000
cuda_warp_smem(blk192),double,local,local,16384,16384,20,1,1,1,13,1.730000001e-07,3.245580300e-02,3.621870000e-04,3.281816300e-02,3.171061516e-02,3.134825516e-02,1.107547843e-03,338.606432,342.520443,342.520443,5.902720094e-04,5.050560236e-04,1.221980956e-05,row,0,-1.000000000e+00,-1.000000
cuda_warp_smem(blk192),double,local,local,16384,16384,20,1,1,1,14,2.179999998e-07,3.241988500e-02,3.419900000e-04,3.276209300e-02,3.166937551e-02,3.132716751e-02,1.092717489e-03,339.047363,342.751008,342.751008,5.899839997e-04,4.911360145e-04,1.159747482e-05,row,0,-1.000000000e+00,-1.000000
cuda_warp_smem(blk192),double,local,local,16384,16384,20,1,1,1,15,1.740000002e-07,3.247688700e-02,3.486870000e-04,3.282574800e-02,3.170060470e-02,3.135174370e-02,1.125143302e-03,338.713357,342.482330,342.482330,6.126400232e-04,5.013440251e-04,1.115925351e-05,row,0,-1.000000000e+00,-1.000000
cuda_warp_smem(blk192),double,local,local,16384,16384,20,1,1,1,16,1.589999998e-07,3.242652200e-02,3.466940000e-04,3.277337500e-02,3.167757390e-02,3.133072090e-02,1.095801099e-03,338.959615,342.712135,342.712135,5.994240046e-04,4.845440090e-04,1.183308499e-05,row,0,-1.000000000e+00,-1.000000
cuda_warp_smem(blk192),double,local,local,16384,16384,20,1,1,1,17,3.430000000e-07,3.243379700e-02,3.762740000e-04,3.281041400e-02,3.171562533e-02,3.133900833e-02,1.094788669e-03,338.552941,342.621506,342.621506,6.009280086e-04,4.832960069e-04,1.056465323e-05,row,0,-1.000000000e+00,-1.000000
cuda_warp_smem(blk192),double,local,local,16384,16384,20,1,1,1,18,1.859999998e-07,3.243169600e-02,3.488960000e-04,3.278077800e-02,3.168479443e-02,3.133571243e-02,1.095983567e-03,338.882370,342.657543,342.657543,6.023039818e-04,4.814400077e-04,1.223957767e-05,row,0,-1.000000000e+00,-1.000000
cuda_warp_smem(blk192),double,local,local,16384,16384,20,1,1,1,19,1.570000001e-07,3.295798700e-02,9.505510000e-04,3.390869500e-02,3.228517112e-02,3.133446312e-02,1.623523880e-03,332.580496,342.671205,342.671205,5.962240100e-04,1.014719963e-03,1.257990743e-05,row,0,-1.000000000e+00,-1.000000
cuda_warp_smem(blk192),double,local,local,16384,16384,20,1,1,1,20,1.530000002e-07,3.300126000e-02,3.496600000e-04,3.335107300e-02,3.169787742e-02,3.134806442e-02,1.653195577e-03,338.742500,342.522527,342.522527,1.145984054e-03,4.954240024e-04,1.178752137e-05,row,0,-1.000000000e+00,-1.000000
cuda_warp_smem(blk192),double,local,local,16384,16384,32,1,1,1,1,2.490000002e-07,6.414780500e-02,5.744110000e-04,6.472246500e-02,6.286115521e-02,6.228649521e-02,1.861309791e-03,273.298655,275.820130,275.820130,9.646400213e-04,8.848959804e-04,1.177378958e-05,row,0,-1.000000000e+00,-1.000000
cuda_warp_smem(blk192),double,local,local,16384,16384,32,1,1,1,2,1.789999999e-07,6.436908800e-02,5.903410000e-04,6.495960800e-02,6.307087049e-02,6.248035049e-02,1.888737506e-03,272.389917,274.964354,274.964354,9.946560264e-04,8.811839819e-04,1.289749736e-05,row,0,-1.000000000e+00,-1.000000
cuda_warp_smem(blk192),double,local,local,16384,16384,32,1,1,1,3,2.150000000e-07,6.430765400e-02,6.085230000e-04,6.491639200e-02,6.304304128e-02,6.243430328e-02,1.873350716e-03,272.510159,275.167148,275.167148,9.765759706e-04,8.824959993e-04,1.427874632e-05,row,0,-1.000000000e+00,-1.000000
cuda_warp_smem(blk192),double,local,local,16384,16384,32,1,1,1,4,1.820000000e-07,6.428327900e-02,5.788880000e-04,6.486234900e-02,6.300569430e-02,6.242662430e-02,1.856654702e-03,272.671691,275.200996,275.200996,9.649599791e-04,8.790079951e-04,1.268672772e-05,row,0,-1.000000000e+00,-1.000000
cuda_warp_smem(blk192),double,local,local,16384,16384,32,1,1,1,5,2.790000000e-07,6.428014500e-02,5.725930000e-04,6.485301700e-02,6.298925765e-02,6.241638565e-02,1.863759349e-03,272.742843,275.246139,275.246139,9.741119742e-04,8.782079816e-04,1.143939354e-05,row,0,-1.000000000e+00,-1.000000
cuda_warp_smem(blk192),double,local,local,16384,16384,32,1,1,1,6,1.850000002e-07,6.414477000e-02,5.655610000e-04,6.471051600e-02,6.284693115e-02,6.228118515e-02,1.863584850e-03,273.360511,275.843646,275.843646,9.804159999e-04,8.716160059e-04,1.155284407e-05,row,0,-1.000000000e+00,-1.000000
cuda_warp_smem(blk192),double,local,local,16384,16384,32,1,1,1,7,2.370000001e-07,6.430017800e-02,5.715340000e-04,6.487194900e-02,6.300434623e-02,6.243257523e-02,1.867602774e-03,272.677525,275.174764,275.174764,9.764479995e-04,8.674880266e-04,2.366674807e-05,row,0,-1.000000000e+00,-1.000000
cuda_warp_smem(blk192),double,local,local,16384,16384,32,1,1,1,8,1.809999999e-07,6.514510600e-02,5.765290000e-04,6.572181600e-02,6.298675944e-02,6.241004944e-02,2.735056562e-03,272.753660,275.274084,275.274084,1.867743969e-03,8.544960022e-04,1.281659036e-05,row,0,-1.000000000e+00,-1.000000
cuda_warp_smem(blk192),double,local,local,16384,16384,32,1,1,1,9,1.770000000e-07,6.509710300e-02,1.578208000e-03,6.667548800e-02,6.396590484e-02,6.238751984e-02,2.709583164e-03,268.578538,275.373492,275.373492,9.810240269e-04,1.716063976e-03,1.249516042e-05,row,0,-1.000000000e+00,-1.000000
cuda_warp_smem(blk192),double,local,local,16384,16384,32,1,1,1,10,9.980000000e-07,6.473745400e-02,6.076710000e-04,6.534612300e-02,6.288566180e-02,6.227699280e-02,2.460461202e-03,273.192151,275.862215,275.862215,9.911999702e-04,1.455487967e-03,1.377326537e-05,row,0,-1.000000000e+00,-1.000000
cuda_warp_smem(blk192),double,local,local,16384,16384,32,1,1,1,11,1.809999999e-07,6.412865000e-02,5.884340000e-04,6.471726500e-02,6.289242130e-02,6.230380630e-02,1.824843695e-03,273.162789,275.743493,275.743493,9.643200040e-04,8.474239707e-04,1.309972038e-05,row,0,-1.000000000e+00,-1.000000
cuda_warp_smem(blk192),double,local,local,16384,16384,32,1,1,1,12,1.809999999e-07,6.423175800e-02,5.906510000e-04,6.482259000e-02,6.297614313e-02,6.238531113e-02,1.846446873e-03,272.799640,275.383241,275.383241,9.832640290e-04,8.511679769e-04,1.201486741e-05,row,0,-1.000000000e+00,-1.000000
cuda_warp_smem(blk192),double,local,local,16384,16384,32,1,1,1,13,1.980000000e-07,6.719356000e-02,8.133420000e-04,6.800710000e-02,6.605901577e-02,6.524547577e-02,1.948084231e-03,260.068501,263.311271,263.311271,9.672639966e-04,9.669439793e-04,1.387625509e-05,row,0,-1.000000000e+00,-1.000000
cuda_warp_smem(blk192),double,local,local,16384,16384,32,1,1,1,14,2.330000002e-07,6.509241500e-02,1.565823000e-03,6.665847100e-02,6.382794260e-02,6.226188660e-02,2.830528403e-03,269.159062,275.929146,275.929146,1.000352025e-03,1.815104008e-03,1.507237057e-05,row,0,-1.000000000e+00,-1.000000
cuda_warp_smem(blk192),double,local,local,16384,16384,32,1,1,1,15,1.044000000e-06,6.434421500e-02,5.869770000e-04,6.493223600e-02,6.300347586e-02,6.241545486e-02,1.928760135e-03,272.681292,275.250244,275.250244,1.036767960e-03,8.790079951e-04,1.298418077e-05,row,0,-1.000000000e+00,-1.000000
cuda_warp_smem(blk192),double,local,local,16384,16384,32,1,1,1,16,1.999999997e-07,6.428927400e-02,6.137660000e-04,6.490324000e-02,6.301729394e-02,6.240332794e-02,1.885946058e-03,272.621500,275.303734,275.303734,1.007616043e-03,8.657600284e-04,1.256998665e-05,row,0,-1.000000000e+00,-1.000000
cuda_warp_smem(blk192),double,local,local,16384,16384,32,1,1,1,17,3.180000001e-07,6.414084000e-02,5.776350000e-04,6.471879300e-02,6.284972729e-02,6.227177429e-02,1.869065708e-03,273.348349,275.885333,275.885333,9.986559749e-04,8.588479757e-04,1.156175741e-05,row,0,-1.000000000e+00,-1.000000
cuda_warp_smem(blk192),double,local,local,16384,16384,32,1,1,1,18,1.740000002e-07,6.414132900e-02,5.784090000e-04,6.471991200e-02,6.286040520e-02,6.228182220e-02,1.859506795e-03,273.301916,275.840824,275.840824,9.825919867e-04,8.649280071e-04,1.198680163e-05,row,0,-1.000000000e+00,-1.000000
cuda_warp_smem(blk192),double,local,local,16384,16384,32,1,1,1,19,1.790000002e-07,6.427826600e-02,5.561600000e-04,6.483460500e-02,6.297777912e-02,6.242144012e-02,1.856825875e-03,272.792554,275.223852,275.223852,9.801279902e-04,8.636479974e-04,1.304988786e-05,row,0,-1.000000000e+00,-1.000000
cuda_warp_smem(blk192),double,local,local,16384,16384,32,1,1,1,20,2.019999998e-07,6.495610300e-02,1.556166000e-03,6.651247100e-02,6.383611119e-02,6.227974319e-02,2.676359805e-03,269.124620,275.850032,275.850032,9.729279876e-04,1.688735962e-03,1.469585593e-05,row,0,-1.000000000e+00,-1.000000
cuda_warp_smem,double,local,local,16384,16384,3,1,1,1,1,8.499999993e-08,5.630343000e-03,4.473100000e-05,5.675159000e-03,5.458864195e-03,5.414048195e-03,2.162948051e-04,295.045394,297.487698,297.487698,1.211519986e-04,8.505599946e-05,1.008680702e-05,row,0,-1.000000000e+00,-1.000000
cuda_warp_smem,double,local,local,16384,16384,3,1,1,1,2,1.070000000e-07,5.635970000e-03,4.431700000e-05,5.680394000e-03,5.465159836e-03,5.420735836e-03,2.152341640e-04,294.705514,297.120683,297.120683,1.193920001e-04,8.739200234e-05,8.450161488e-06,row,0,-1.000000000e+00,-1.000000
cuda_warp_smem,double,local,local,16384,16384,3,1,1,1,3,1.070000000e-07,5.626644000e-03,4.420600000e-05,5.670957000e-03,5.457656906e-03,5.413343906e-03,2.133000936e-04,295.110661,297.526402,297.526402,1.196800023e-04,8.387199789e-05,9.748093373e-06,row,0,-1.000000000e+00,-1.000000
cuda_warp_smem,double,local,local,16384,16384,3,1,1,1,4,1.110000001e-07,5.635419000e-03,4.358600000e-05,5.679116000e-03,5.461168886e-03,5.417471886e-03,2.179471143e-04,294.920880,297.299694,297.299694,1.182399988e-04,9.081599861e-05,8.891116887e-06,row,0,-1.000000000e+00,-1.000000
cuda_warp_smem,double,local,local,16384,16384,3,1,1,1,5,1.139999999e-07,5.636815000e-03,4.338000000e-05,5.680309000e-03,5.469414010e-03,5.425920010e-03,2.108949904e-04,294.476288,296.836801,296.836801,1.189119965e-04,8.217599988e-05,9.806994023e-06,row,0,-1.000000000e+00,-1.000000
cuda_warp_smem,double,local,local,16384,16384,3,1,1,1,6,1.120000002e-07,5.661215000e-03,4.364300000e-05,5.704970000e-03,5.489994948e-03,5.446239948e-03,2.149750517e-04,293.372353,295.729302,295.729302,1.190399975e-04,8.643200248e-05,9.503051784e-06,row,0,-1.000000000e+00,-1.000000
cuda_warp_smem,double,local,local,16384,16384,3,1,1,1,7,8.500000015e-08,5.660352000e-03,4.449100000e-05,5.704928000e-03,5.487551998e-03,5.442975998e-03,2.173760021e-04,293.502957,295.906639,295.906639,1.184000000e-04,9.036800265e-05,8.607999386e-06,row,0,-1.000000000e+00,-1.000000
cuda_warp_smem,double,local,local,16384,16384,3,1,1,1,8,8.299999998e-08,5.628404000e-03,4.399300000e-05,5.672480000e-03,5.456523929e-03,5.412447929e-03,2.159560706e-04,295.171937,297.575655,297.575655,1.187200025e-04,8.889599890e-05,8.340069250e-06,row,0,-1.000000000e+00,-1.000000
cuda_warp_smem,double,local,local,16384,16384,3,1,1,1,9,8.400000007e-08,5.658856000e-03,4.368400000e-05,5.702624000e-03,5.490007948e-03,5.446239948e-03,2.126160517e-04,293.371658,295.729302,295.729302,1.181119978e-04,8.454400301e-05,9.960050875e-06,row,0,-1.000000000e+00,-1.000000
cuda_warp_smem,double,local,local,16384,16384,3,1,1,1,10,1.089999999e-07,5.625503000e-03,4.386000000e-05,5.669472000e-03,5.451968992e-03,5.407999992e-03,2.175030076e-04,295.418543,297.820403,297.820403,1.222079992e-04,8.614400029e-05,9.151008108e-06,row,0,-1.000000000e+00,-1.000000
cuda_warp_smem,double,local,local,16384,16384,3,1,1,1,11,8.499999993e-08,5.637130000e-03,4.341500000e-05,5.680630000e-03,5.465292030e-03,5.421792030e-03,2.153379697e-04,294.698385,297.062803,297.062803,1.193599999e-04,8.736000210e-05,8.617967670e-06,row,0,-1.000000000e+00,-1.000000
cuda_warp_smem,double,local,local,16384,16384,3,1,1,1,12,8.299999998e-08,5.621367000e-03,4.408000000e-05,5.665530000e-03,5.453507196e-03,5.409344196e-03,2.120228037e-04,295.335218,297.746395,297.746395,1.182719991e-04,8.419200033e-05,9.558804290e-06,row,0,-1.000000000e+00,-1.000000
cuda_warp_smem,double,local,local,16384,16384,3,1,1,1,13,8.499999993e-08,5.638262000e-03,4.366000000e-05,5.682007000e-03,5.468705136e-03,5.424960136e-03,2.133018636e-04,294.514459,296.889322,296.889322,1.216000021e-04,8.332800120e-05,8.373860335e-06,row,0,-1.000000000e+00,-1.000000
cuda_warp_smem,double,local,local,16384,16384,3,1,1,1,14,8.400000007e-08,5.641458000e-03,4.422300000e-05,5.685765000e-03,5.473651177e-03,5.429344177e-03,2.121138228e-04,294.248333,296.649592,296.649592,1.188480034e-04,8.352000266e-05,9.745816644e-06,row,0,-1.000000000e+00,-1.000000
cuda_warp_smem,double,local,local,16384,16384,3,1,1,1,15,8.499999993e-08,5.658109000e-03,4.474100000e-05,5.702935000e-03,5.480249851e-03,5.435423851e-03,2.226851490e-04,293.894034,296.317781,296.317781,1.200319976e-04,9.238400310e-05,1.026914832e-05,row,0,-1.000000000e+00,-1.000000
cuda_warp_smem,double,local,local,16384,16384,3,1,1,1,16,1.020000000e-07,5.635241000e-03,4.429900000e-05,5.679642000e-03,5.455249141e-03,5.410848141e-03,2.243928593e-04,295.240913,297.663637,297.663637,1.201279983e-04,9.587199986e-05,8.392861131e-06,row,0,-1.000000000e+00,-1.000000
cuda_warp_smem,double,local,local,16384,16384,3,1,1,1,17,1.119999999e-07,5.644695000e-03,4.343200000e-05,5.688239000e-03,5.475063985e-03,5.431519985e-03,2.131750148e-04,294.172404,296.530758,296.530758,1.203840002e-04,8.396799862e-05,8.823015935e-06,row,0,-1.000000000e+00,-1.000000
cuda_warp_smem,double,local,local,16384,16384,3,1,1,1,18,1.040000002e-07,5.626910000e-03,4.436500000e-05,5.671379000e-03,5.460724951e-03,5.416255951e-03,2.106540491e-04,294.944856,297.366437,297.366437,1.190399975e-04,8.198399842e-05,9.630053196e-06,row,0,-1.000000000e+00,-1.000000
cuda_warp_smem,double,local,local,16384,16384,3,1,1,1,19,1.000000001e-07,5.616323000e-03,4.470000000e-05,5.661123000e-03,5.448127942e-03,5.403327942e-03,2.129950581e-04,295.626820,298.077917,298.077917,1.189119965e-04,8.416000009e-05,9.923061536e-06,row,0,-1.000000000e+00,-1.000000
cuda_warp_smem,double,local,local,16384,16384,3,1,1,1,20,1.040000002e-07,5.642403000e-03,4.350300000e-05,5.686010000e-03,5.470838789e-03,5.427231789e-03,2.151712114e-04,294.399597,296.765054,296.765054,1.200639978e-04,8.624000102e-05,8.867212537e-06,row,0,-1.000000000e+00,-1.000000
cuda_warp_smem,double,local,local,16384,16384,6,1,1,1,1,2.560000001e-07,9.794528000e-03,8.757300000e-05,9.882357000e-03,9.458293325e-03,9.370464325e-03,4.240636750e-04,340.571535,343.763698,343.763698,2.324160039e-04,1.814399958e-04,1.020767534e-05,row,0,-1.000000000e+00,-1.000000
cuda_warp_smem,double,local,local,16384,16384,6,1,1,1,2,2.630000000e-07,9.799146000e-03,9.283000000e-05,9.892239000e-03,9.468484960e-03,9.375391960e-03,4.237540399e-04,340.204952,343.583019,343.583019,2.318399996e-04,1.818239987e-04,1.009004161e-05,row,0,-1.000000000e+00,-1.000000
cuda_warp_smem,double,local,local,16384,16384,6,1,1,1,3,2.960000001e-07,9.793900000e-03,8.798600000e-05,9.882182000e-03,9.461466204e-03,9.373184204e-03,4.207157959e-04,340.457325,343.663946,343.663946,2.314880043e-04,1.790080070e-04,1.021978452e-05,row,0,-1.000000000e+00,-1.000000
cuda_warp_smem,double,local,local,16384,16384,6,1,1,1,4,2.670000001e-07,9.792921000e-03,8.979700000e-05,9.882985000e-03,9.458448361e-03,9.368384361e-03,4.245366387e-04,340.565952,343.840021,343.840021,2.352319956e-04,1.792320013e-04,1.007264185e-05,row,0,-1.000000000e+00,-1.000000
cuda_warp_smem,double,local,local,16384,16384,6,1,1,1,5,2.560000001e-07,9.788696000e-03,8.890200000e-05,9.877854000e-03,9.461478175e-03,9.372320175e-03,4.163758248e-04,340.456894,343.695628,343.695628,2.306880057e-04,1.763200015e-04,9.367817660e-06,row,0,-1.000000000e+00,-1.000000
cuda_warp_smem,double,local,local,16384,16384,6,1,1,1,6,2.720000001e-07,9.785649000e-03,8.776900000e-05,9.873690000e-03,9.458824806e-03,9.370783806e-03,4.148651942e-04,340.552398,343.751978,343.751978,2.325440049e-04,1.726399958e-04,9.681193422e-06,row,0,-1.000000000e+00,-1.000000
cuda_warp_smem,double,local,local,16384,16384,6,1,1,1,7,2.500000000e-07,9.794971000e-03,8.763400000e-05,9.882855000e-03,9.460940412e-03,9.373056412e-03,4.219145883e-04,340.476246,343.668632,343.668632,2.316479981e-04,1.800000072e-04,1.026658301e-05,row,0,-1.000000000e+00,-1.000000
cuda_warp_smem,double,local,local,16384,16384,6,1,1,1,8,2.589999999e-07,9.787604000e-03,8.904100000e-05,9.876904000e-03,9.459476315e-03,9.370176315e-03,4.174276847e-04,340.528943,343.774265,343.774265,2.310079932e-04,1.768639982e-04,9.555693296e-06,row,0,-1.000000000e+00,-1.000000
cuda_warp_smem,double,local,local,16384,16384,6,1,1,1,9,2.440000000e-07,9.756792000e-03,8.856700000e-05,9.845603000e-03,9.432170947e-03,9.343359947e-03,4.134320528e-04,341.514747,344.760931,344.760931,2.308479995e-04,1.735039949e-04,9.080058400e-06,row,0,-1.000000000e+00,-1.000000
cuda_warp_smem,double,local,local,16384,16384,6,1,1,1,10,2.710000000e-07,9.762405000e-03,9.511500000e-05,9.857791000e-03,9.438394041e-03,9.343008041e-03,4.193969586e-04,341.289573,344.773916,344.773916,2.344640046e-04,1.752319932e-04,9.700960784e-06,row,0,-1.000000000e+00,-1.000000
cuda_warp_smem,double,local,local,16384,16384,6,1,1,1,11,2.520000000e-07,9.759398000e-03,8.812000000e-05,9.847770000e-03,9.431668051e-03,9.343296051e-03,4.161019490e-04,341.532956,344.763289,344.763289,2.309439927e-04,1.763519943e-04,8.805961965e-06,row,0,-1.000000000e+00,-1.000000
cuda_warp_smem,double,local,local,16384,16384,6,1,1,1,12,2.600000000e-07,9.760137000e-03,8.840300000e-05,9.848800000e-03,9.434551138e-03,9.345888138e-03,4.142488622e-04,341.428588,344.667668,344.667668,2.357439995e-04,1.686400026e-04,9.864860093e-06,row,0,-1.000000000e+00,-1.000000
cuda_warp_smem,double,local,local,16384,16384,6,1,1,1,13,2.600000000e-07,9.754419000e-03,8.857100000e-05,9.843250000e-03,9.431806616e-03,9.342975616e-03,4.114433835e-04,341.527939,344.775113,344.775113,2.302079946e-04,1.709759980e-04,1.025939092e-05,row,0,-1.000000000e+00,-1.000000
cuda_warp_smem,double,local,local,16384,16384,6,1,1,1,14,2.550000000e-07,9.753454000e-03,8.976700000e-05,9.843476000e-03,9.433509740e-03,9.343487740e-03,4.099662604e-04,341.466279,344.756215,344.756215,2.311680019e-04,1.694079936e-04,9.390264992e-06,row,0,-1.000000000e+00,-1.000000
cuda_warp_smem,double,local,local,16384,16384,6,1,1,1,15,2.470000000e-07,9.754128000e-03,8.833800000e-05,9.842713000e-03,9.432936768e-03,9.344351768e-03,4.097762315e-04,341.487021,344.724337,344.724337,2.313279957e-04,1.688960046e-04,9.552231291e-06,row,0,-1.000000000e+00,-1.000000
cuda_warp_smem,double,local,local,16384,16384,6,1,1,1,16,2.350000001e-07,9.763600000e-03,8.834400000e-05,9.852179000e-03,9.435779394e-03,9.347200394e-03,4.163996063e-04,341.384144,344.619280,344.619280,2.316800058e-04,1.740480065e-04,1.067159400e-05,row,0,-1.000000000e+00,-1.000000
cuda_warp_smem,double,local,local,16384,16384,6,1,1,1,17,2.790000000e-07,9.753723000e-03,8.888400000e-05,9.842886000e-03,9.433738882e-03,9.344575882e-03,4.091471180e-04,341.457985,344.716070,344.716070,2.305279970e-04,1.698240042e-04,8.795116852e-06,row,0,-1.000000000e+00,-1.000000
cuda_warp_smem,double,local,local,16384,16384,6,1,1,1,18,2.540000001e-07,1.487763400e-02,9.279700000e-05,1.497068500e-02,9.438075109e-03,9.345024109e-03,5.532609891e-03,341.301106,344.699536,344.699536,2.345280051e-04,5.288191795e-03,9.890090641e-06,row,0,-1.000000000e+00,-1.000000
cuda_warp_smem,double,local,local,16384,16384,6,1,1,1,19,2.470000000e-07,9.764756000e-03,8.898900000e-05,9.853992000e-03,9.423091629e-03,9.333855629e-03,4.309003710e-04,341.843802,345.111988,345.111988,2.387199998e-04,1.818239987e-04,1.035637255e-05,row,0,-1.000000000e+00,-1.000000
cuda_warp_smem,double,local,local,16384,16384,6,1,1,1,20,2.120000000e-07,9.742090000e-03,8.903900000e-05,9.831341000e-03,9.418691117e-03,9.329440117e-03,4.126498831e-04,342.003515,345.275325,345.275325,2.339839935e-04,1.684799939e-04,1.018589565e-05,row,0,-1.000000000e+00,-1.000000
cuda_warp_smem,double,local,local,16384,16384,8,1,1,1,1,8.799999995e-08,1.304550800e-02,1.189240000e-04,1.316452000e-02,1.259898007e-02,1.247996807e-02,5.655399290e-04,340.898015,344.148901,344.148901,3.047679961e-04,2.496960014e-04,1.107593153e-05,row,0,-1.000000000e+00,-1.000000
cuda_warp_smem,double,local,local,16384,16384,8,1,1,1,2,1.130000000e-07,1.303789100e-02,1.187370000e-04,1.315674100e-02,1.259638620e-02,1.247753620e-02,5.603547985e-04,340.968213,344.215976,344.215976,3.075839877e-04,2.426560074e-04,1.011480340e-05,row,0,-1.000000000e+00,-1.000000
cuda_warp_smem,double,local,local,16384,16384,8,1,1,1,3,1.100000002e-07,1.304404700e-02,1.236500000e-04,1.316780700e-02,1.260011174e-02,1.247635174e-02,5.676952620e-04,340.867397,344.248654,344.248654,3.101440072e-04,2.477439940e-04,9.807260820e-06,row,0,-1.000000000e+00,-1.000000
cuda_warp_smem,double,local,local,16384,16384,8,1,1,1,4,1.049999998e-07,1.304324400e-02,1.196980000e-04,1.316304700e-02,1.259676318e-02,1.247696018e-02,5.662838178e-04,340.958009,344.231867,344.231867,3.076159954e-04,2.484800071e-04,1.018781535e-05,row,0,-1.000000000e+00,-1.000000
cuda_warp_smem,double,local,local,16384,16384,8,1,1,1,5,1.100000000e-07,1.304301800e-02,1.201030000e-04,1.316323100e-02,1.259890124e-02,1.247868824e-02,5.643297599e-04,340.900148,344.184197,344.184197,3.071680069e-04,2.470400035e-04,1.012174951e-05,row,0,-1.000000000e+00,-1.000000
cuda_warp_smem,double,local,local,16384,16384,8,1,1,1,6,1.500000000e-07,1.303434300e-02,1.187140000e-04,1.315320700e-02,1.259521574e-02,1.247635174e-02,5.579912620e-04,340.999899,344.248654,344.248654,3.086720109e-04,2.380799949e-04,1.123925621e-05,row,0,-1.000000000e+00,-1.000000
cuda_warp_smem,double,local,local,16384,16384,8,1,1,1,7,1.300000001e-07,1.302276800e-02,1.182930000e-04,1.314119100e-02,1.258479072e-02,1.246636772e-02,5.564002784e-04,341.282377,344.524355,344.524355,3.070720136e-04,2.383999974e-04,1.092826747e-05,row,0,-1.000000000e+00,-1.000000
cuda_warp_smem,double,local,local,16384,16384,8,1,1,1,8,1.270000001e-07,1.301485100e-02,1.200130000e-04,1.313499100e-02,1.258279602e-02,1.246265602e-02,5.521949789e-04,341.336479,344.626963,344.626963,3.088319898e-04,2.338880002e-04,9.474988867e-06,row,0,-1.000000000e+00,-1.000000
cuda_warp_smem,double,local,local,16384,16384,8,1,1,1,9,1.340000000e-07,1.301839700e-02,1.194990000e-04,1.313803000e-02,1.258404855e-02,1.246441555e-02,5.539814498e-04,341.302505,344.578314,344.578314,3.094399869e-04,2.348159999e-04,9.725462959e-06,row,0,-1.000000000e+00,-1.000000
cuda_warp_smem,double,local,local,16384,16384,8,1,1,1,10,1.050000000e-07,1.302768400e-02,1.243410000e-04,1.315213000e-02,1.258556565e-02,1.246111965e-02,5.665643482e-04,341.261364,344.669453,344.669453,3.133440018e-04,2.422399968e-04,1.098034964e-05,row,0,-1.000000000e+00,-1.000000
cuda_warp_smem,double,local,local,16384,16384,8,1,1,1,11,1.169999999e-07,1.300979500e-02,1.178440000e-04,1.312775600e-02,1.258128936e-02,1.246332836e-02,5.464666385e-04,341.377356,344.608372,344.608372,3.075200021e-04,2.288320065e-04,1.011462991e-05,row,0,-1.000000000e+00,-1.000000
cuda_warp_smem,double,local,local,16384,16384,8,1,1,1,12,1.240000000e-07,1.301938900e-02,1.187140000e-04,1.313822700e-02,1.258501403e-02,1.246617603e-02,5.532129670e-04,341.276322,344.529652,344.529652,3.090560138e-04,2.331839949e-04,1.097295827e-05,row,0,-1.000000000e+00,-1.000000
cuda_warp_smem,double,local,local,16384,16384,8,1,1,1,13,1.259999998e-07,1.653675300e-02,1.256140000e-04,1.666249300e-02,1.258983607e-02,1.246409607e-02,4.072656931e-03,341.145609,344.587146,344.587146,3.068479896e-04,3.754656076e-03,1.115286467e-05,row,0,-1.000000000e+00,-1.000000
cuda_warp_smem,double,local,local,16384,16384,8,1,1,1,14,1.360000002e-07,1.302784700e-02,1.189850000e-04,1.314696800e-02,1.258472101e-02,1.246560001e-02,5.622469863e-04,341.284268,344.545573,344.545573,3.086720109e-04,2.429759949e-04,1.059898042e-05,row,0,-1.000000000e+00,-1.000000
cuda_warp_smem,double,local,local,16384,16384,8,1,1,1,15,1.430000001e-07,1.300758700e-02,1.189290000e-04,1.312665900e-02,1.257888035e-02,1.245980835e-02,5.477786504e-04,341.442734,344.705727,344.705727,3.065280020e-04,2.310079932e-04,1.024265515e-05,row,0,-1.000000000e+00,-1.000000
cuda_warp_smem,double,local,local,16384,16384,8,1,1,1,16,1.279999999e-07,1.301298300e-02,1.206330000e-04,1.313374400e-02,1.258786496e-02,1.246710396e-02,5.458790419e-04,341.199029,344.504009,344.504009,3.070720136e-04,2.287040055e-04,1.010302277e-05,row,0,-1.000000000e+00,-1.000000
cuda_warp_smem,double,local,local,16384,16384,8,1,1,1,17,1.310000000e-07,1.300147700e-02,1.186650000e-04,1.312027300e-02,1.257918037e-02,1.246038437e-02,5.410926311e-04,341.434590,344.689792,344.689792,3.032639921e-04,2.271679938e-04,1.066064525e-05,row,0,-1.000000000e+00,-1.000000
cuda_warp_smem,double,local,local,16384,16384,8,1,1,1,18,1.279999999e-07,1.300550600e-02,1.185250000e-04,1.312415900e-02,1.258066911e-02,1.246201611e-02,5.434898943e-04,341.394187,344.644659,344.644659,3.048320115e-04,2.287040055e-04,9.953877407e-06,row,0,-1.000000000e+00,-1.000000
cuda_warp_smem,double,local,local,16384,16384,8,1,1,1,19,1.280000002e-07,1.299797500e-02,1.194150000e-04,1.311751800e-02,1.258146278e-02,1.246191978e-02,5.360552155e-04,341.372650,344.647323,344.647323,3.055360019e-04,2.198079973e-04,1.071121619e-05,row,0,-1.000000000e+00,-1.000000
cuda_warp_smem,double,local,local,16384,16384,8,1,1,1,20,1.320000000e-07,1.300467100e-02,1.190420000e-04,1.312384500e-02,1.258205413e-02,1.246288013e-02,5.417908654e-04,341.356606,344.620766,344.620766,3.122560084e-04,2.190719992e-04,1.046285784e-05,row,0,-1.000000000e+00,-1.000000
cuda_warp_smem,double,local,local,16384,16384,20,1,1,1,1,1.699999999e-07,3.233090200e-02,2.969320000e-04,3.262800400e-02,3.152878192e-02,3.123167992e-02,1.099222084e-03,340.559247,343.798933,343.798933,5.863360167e-04,5.017600060e-04,1.112606101e-05,row,0,-1.000000000e+00,-1.000000
cuda_warp_smem,double,local,local,16384,16384,20,1,1,1,2,1.600000001e-07,3.230671000e-02,2.958550000e-04,3.260272500e-02,3.149483130e-02,3.119881630e-02,1.107893701e-03,340.926361,344.161078,344.161078,5.990719795e-04,4.991039932e-04,9.717727861e-06,row,0,-1.000000000e+00,-1.000000
cuda_warp_smem,double,local,local,16384,16384,20,1,1,1,3,1.869999999e-07,3.229728400e-02,3.108750000e-04,3.260834600e-02,3.150312629e-02,3.119206429e-02,1.105219715e-03,340.836593,344.235577,344.235577,5.988159776e-04,4.946239889e-04,1.177974828e-05,row,0,-1.000000000e+00,-1.000000
cuda_warp_smem,double,local,local,16384,16384,20,1,1,1,4,1.700000001e-07,3.229538500e-02,2.976800000e-04,3.259323500e-02,3.148921047e-02,3.119136047e-02,1.104024526e-03,340.987217,344.243344,344.243344,5.918080211e-04,5.013440251e-04,1.087248016e-05,row,0,-1.000000000e+00,-1.000000
cuda_warp_smem,double,local,local,16384,16384,20,1,1,1,5,1.720000000e-07,3.228417300e-02,2.981450000e-04,3.258249000e-02,3.149111752e-02,3.119280052e-02,1.091372478e-03,340.966567,344.227452,344.227452,5.997760296e-04,4.811840057e-04,1.041244283e-05,row,0,-1.000000000e+00,-1.000000
cuda_warp_smem,double,local,local,16384,16384,20,1,1,1,6,2.029999999e-07,3.227158700e-02,2.971170000e-04,3.256890700e-02,3.148711263e-02,3.118979263e-02,1.081794367e-03,341.009935,344.260649,344.260649,5.912640095e-04,4.789440036e-04,1.158635389e-05,row,0,-1.000000000e+00,-1.000000
cuda_warp_smem,double,local,local,16384,16384,20,1,1,1,7,1.940000001e-07,3.225415900e-02,2.944160000e-04,3.254876900e-02,3.146542642e-02,3.117081642e-02,1.083342578e-03,341.244962,344.470228,344.470228,5.961920023e-04,4.769600034e-04,1.019057282e-05,row,0,-1.000000000e+00,-1.000000
cuda_warp_smem,double,local,local,16384,16384,20,1,1,1,8,1.760000001e-07,3.228227400e-02,2.983790000e-04,3.258082900e-02,3.150405846e-02,3.120550346e-02,1.076770536e-03,340.826508,344.087326,344.087326,5.920320153e-04,4.731200039e-04,1.161851699e-05,row,0,-1.000000000e+00,-1.000000
cuda_warp_smem,double,local,local,16384,16384,20,1,1,1,9,1.740000000e-07,3.226807300e-02,2.970460000e-04,3.256529300e-02,3.148381210e-02,3.118659210e-02,1.081480898e-03,341.045684,344.295978,344.295978,5.929920077e-04,4.773440063e-04,1.114488392e-05,row,0,-1.000000000e+00,-1.000000
cuda_warp_smem,double,local,local,16384,16384,20,1,1,1,10,1.740000000e-07,3.226732700e-02,3.020720000e-04,3.256957300e-02,3.149987784e-02,3.119763184e-02,1.069695164e-03,340.871742,344.174144,344.174144,5.901439786e-04,4.697920084e-04,9.759177067e-06,row,0,-1.000000000e+00,-1.000000
cuda_warp_smem,double,local,local,16384,16384,20,1,1,1,11,1.699999999e-07,3.347501700e-02,3.098070000e-04,3.378499400e-02,3.149717755e-02,3.118720055e-02,2.287816454e-03,340.900966,344.289261,344.289261,5.850560069e-04,1.692064047e-03,1.069639997e-05,row,0,-1.000000000e+00,-1.000000
cuda_warp_smem,double,local,local,16384,16384,20,1,1,1,12,5.490000001e-07,3.227897100e-02,3.002440000e-04,3.257976400e-02,3.146152908e-02,3.116073608e-02,1.118234916e-03,341.287234,344.581662,344.581662,6.013119817e-04,5.062720180e-04,1.065091638e-05,row,0,-1.000000000e+00,-1.000000
cuda_warp_smem,double,local,local,16384,16384,20,1,1,1,13,1.759999999e-07,3.231822500e-02,3.019350000e-04,3.262033600e-02,3.152828631e-02,3.122617531e-02,1.092049692e-03,340.564601,343.859539,343.859539,5.924159884e-04,4.884479940e-04,1.118570933e-05,row,0,-1.000000000e+00,-1.000000
cuda_warp_smem,double,local,local,16384,16384,20,1,1,1,14,1.740000002e-07,3.228671600e-02,2.950250000e-04,3.258191500e-02,3.149676760e-02,3.120156860e-02,1.085147396e-03,340.905403,344.130719,344.130719,5.916159749e-04,4.825280011e-04,1.100342051e-05,row,0,-1.000000000e+00,-1.000000
cuda_warp_smem,double,local,local,16384,16384,20,1,1,1,15,1.780000001e-07,3.227353000e-02,2.988040000e-04,3.257251200e-02,3.149411712e-02,3.119513512e-02,1.078394883e-03,340.934093,344.201690,344.201690,5.957120061e-04,4.717119932e-04,1.097088411e-05,row,0,-1.000000000e+00,-1.000000
cuda_warp_smem,double,local,local,16384,16384,20,1,1,1,16,1.809999999e-07,3.229799800e-02,2.971310000e-04,3.259531000e-02,3.151529525e-02,3.121798325e-02,1.080014754e-03,340.704986,343.949773,343.949773,5.916799903e-04,4.774079919e-04,1.092677197e-05,row,0,-1.000000000e+00,-1.000000
cuda_warp_smem,double,local,local,16384,16384,20,1,1,1,17,1.789999997e-07,3.228367500e-02,2.932930000e-04,3.257714700e-02,3.149750490e-02,3.120403290e-02,1.079642102e-03,340.897423,344.103542,344.103542,5.973759890e-04,4.720000029e-04,1.026611023e-05,row,0,-1.000000000e+00,-1.000000
cuda_warp_smem,double,local,local,16384,16384,20,1,1,1,18,1.789999997e-07,3.228847600e-02,2.962380000e-04,3.258489300e-02,3.151388908e-02,3.121747208e-02,1.071003924e-03,340.720189,343.955405,343.955405,5.950080156e-04,4.647360146e-04,1.125989335e-05,row,0,-1.000000000e+00,-1.000000
cuda_warp_smem,double,local,local,16384,16384,20,1,1,1,19,1.959999998e-07,3.280014800e-02,8.788530000e-04,3.367919700e-02,3.208746499e-02,3.120841599e-02,1.591732015e-03,334.629683,344.055214,344.055214,5.897279978e-04,9.905279875e-04,1.147602963e-05,row,0,-1.000000000e+00,-1.000000
cuda_warp_smem,double,local,local,16384,16384,20,1,1,1,20,1.730000001e-07,3.279204700e-02,2.984350000e-04,3.309065500e-02,3.148734396e-02,3.118873596e-02,1.603311038e-03,341.007430,344.272312,344.272312,1.109344006e-03,4.824320078e-04,1.153502471e-05,row,0,-1.000000000e+00,-1.000000
cuda_warp_smem,double,local,local,16384,16384,32,1,1,1,1,3.500000001e-07,5.299223900e-02,5.888760000e-04,5.358146500e-02,5.174474739e-02,5.115552139e-02,1.836717607e-03,332.011848,335.836068,335.836068,9.593600035e-04,8.640319705e-04,1.332563321e-05,row,0,-1.000000000e+00,-1.000000
cuda_warp_smem,double,local,local,16384,16384,32,1,1,1,2,2.939999999e-07,5.300838600e-02,5.668290000e-04,5.357550900e-02,5.172686726e-02,5.115974426e-02,1.848641737e-03,332.126612,335.808348,335.808348,9.604799747e-04,8.768640161e-04,1.129774650e-05,row,0,-1.000000000e+00,-1.000000
cuda_warp_smem,double,local,local,16384,16384,32,1,1,1,3,3.970000000e-07,5.301248700e-02,5.842990000e-04,5.359718300e-02,5.174632854e-02,5.116163254e-02,1.850854462e-03,332.001703,335.795954,335.795954,9.854720235e-04,8.524479866e-04,1.293445207e-05,row,0,-1.000000000e+00,-1.000000
cuda_warp_smem,double,local,local,16384,16384,32,1,1,1,4,2.740000000e-07,5.299970400e-02,5.674900000e-04,5.356746800e-02,5.173045321e-02,5.116268921e-02,1.837014791e-03,332.103589,335.789018,335.789018,9.710400105e-04,8.537920117e-04,1.218276883e-05,row,0,-1.000000000e+00,-1.000000
cuda_warp_smem,double,local,local,16384,16384,32,1,1,1,5,2.079999999e-07,5.297414600e-02,6.027430000e-04,5.357709700e-02,5.175760646e-02,5.115465546e-02,1.819490543e-03,331.929360,335.841753,335.841753,9.568960071e-04,8.508800268e-04,1.171450958e-05,row,0,-1.000000000e+00,-1.000000
cuda_warp_smem,double,local,local,16384,16384,32,1,1,1,6,1.940000001e-07,5.300960900e-02,5.727270000e-04,5.358253000e-02,5.174501725e-02,5.117209625e-02,1.837512748e-03,332.010116,335.727290,335.727290,9.575359821e-04,8.675199747e-04,1.245679072e-05,row,0,-1.000000000e+00,-1.000000
cuda_warp_smem,double,local,local,16384,16384,32,1,1,1,7,2.439999998e-07,5.299651200e-02,5.632030000e-04,5.355995900e-02,5.173170185e-02,5.116825485e-02,1.828257148e-03,332.095573,335.752494,335.752494,9.629120231e-04,8.527680039e-04,1.257712070e-05,row,0,-1.000000000e+00,-1.000000
cuda_warp_smem,double,local,local,16384,16384,32,1,1,1,8,1.439999999e-07,5.299647600e-02,5.667810000e-04,5.356340100e-02,5.173281474e-02,5.116588974e-02,1.830586260e-03,332.088429,335.768014,335.768014,9.674879909e-04,8.511999846e-04,1.189828460e-05,row,0,-1.000000000e+00,-1.000000
cuda_warp_smem,double,local,local,16384,16384,32,1,1,1,9,1.849999998e-07,5.299611800e-02,5.557310000e-04,5.355203400e-02,5.172110002e-02,5.116518402e-02,1.830933979e-03,332.163647,335.772645,335.772645,9.682239890e-04,8.514239788e-04,1.128601119e-05,row,0,-1.000000000e+00,-1.000000
cuda_warp_smem,double,local,local,16384,16384,32,1,1,1,10,1.610000000e-07,5.299606600e-02,5.883790000e-04,5.358460600e-02,5.175190060e-02,5.116336060e-02,1.832705404e-03,331.965957,335.784612,335.784612,9.670400023e-04,8.516160250e-04,1.404937698e-05,row,0,-1.000000000e+00,-1.000000
cuda_warp_smem,double,local,local,16384,16384,32,1,1,1,11,2.050000001e-07,5.383163500e-02,5.736890000e-04,5.440552900e-02,5.174736736e-02,5.117347336e-02,2.658161642e-03,331.995038,335.718255,335.718255,1.803135991e-03,8.430079818e-04,1.201766897e-05,row,0,-1.000000000e+00,-1.000000
cuda_warp_smem,double,local,local,16384,16384,32,1,1,1,12,1.840000001e-07,5.384410500e-02,1.541322000e-03,5.538561100e-02,5.271629161e-02,5.117478561e-02,2.669319386e-03,325.892976,335.709646,335.709646,9.568319917e-04,1.699327946e-03,1.315944860e-05,row,0,-1.000000000e+00,-1.000000
cuda_warp_smem,double,local,local,16384,16384,32,1,1,1,13,9.619999997e-07,5.299563500e-02,5.626110000e-04,5.355920800e-02,5.171838867e-02,5.115481567e-02,1.840819326e-03,332.181060,335.840702,335.840702,9.977920055e-04,8.299199939e-04,1.310732676e-05,row,0,-1.000000000e+00,-1.000000
cuda_warp_smem,double,local,local,16384,16384,32,1,1,1,14,2.229999998e-07,5.296082500e-02,5.618250000e-04,5.352287300e-02,5.172643093e-02,5.116438293e-02,1.796442065e-03,332.129414,335.777902,335.777902,9.567360282e-04,8.275200129e-04,1.218602438e-05,row,0,-1.000000000e+00,-1.000000
cuda_warp_smem,double,local,local,16384,16384,32,1,1,1,15,1.059999999e-07,5.296801200e-02,5.733110000e-04,5.354142900e-02,5.173127299e-02,5.115785599e-02,1.810156012e-03,332.098326,335.820743,335.820743,9.603520036e-04,8.374080062e-04,1.239600269e-05,row,0,-1.000000000e+00,-1.000000
cuda_warp_smem,double,local,local,16384,16384,32,1,1,1,16,1.939999996e-07,5.298886100e-02,5.613800000e-04,5.355043500e-02,5.172195913e-02,5.116038513e-02,1.828475868e-03,332.158129,335.804141,335.804141,9.668160081e-04,8.487039804e-04,1.295587963e-05,row,0,-1.000000000e+00,-1.000000
cuda_warp_smem,double,local,local,16384,16384,32,1,1,1,17,1.450000000e-07,5.297825200e-02,5.697370000e-04,5.354813400e-02,5.172508296e-02,5.115520096e-02,1.823051042e-03,332.138069,335.838172,335.838172,9.682559967e-04,8.418239951e-04,1.297104993e-05,row,0,-1.000000000e+00,-1.000000
cuda_warp_smem,double,local,local,16384,16384,32,1,1,1,18,2.339999998e-07,5.382949700e-02,1.504717000e-03,5.533444800e-02,5.266488600e-02,5.115993500e-02,2.669562002e-03,326.211077,335.807096,335.807096,9.679999948e-04,1.687584043e-03,1.397796514e-05,row,0,-1.000000000e+00,-1.000000
cuda_warp_smem,double,local,local,16384,16384,32,1,1,1,19,9.289999996e-07,5.300833100e-02,5.635670000e-04,5.357282700e-02,5.173531051e-02,5.117081451e-02,1.837516486e-03,332.072409,335.735699,335.735699,9.852799773e-04,8.398399949e-04,1.239651361e-05,row,0,-1.000000000e+00,-1.000000
cuda_warp_smem,double,local,local,16384,16384,32,1,1,1,20,1.680000001e-07,5.297904200e-02,5.783460000e-04,5.355755600e-02,5.173627462e-02,5.115776062e-02,1.821281380e-03,332.066221,335.821369,335.821369,9.687680006e-04,8.404480219e-04,1.206535739e-05,row,0,-1.000000000e+00,-1.000000
cuda_warp_smem(blk384),double,local,local,16384,16384,3,1,1,1,1,1.080000001e-07,5.646538000e-03,4.465200000e-05,5.691298000e-03,5.472887766e-03,5.428127766e-03,2.184102343e-04,294.289378,296.716070,296.716070,1.194560006e-04,8.995199949e-05,9.002234233e-06,row,0,-1.000000000e+00,-1.000000
cuda_warp_smem(blk384),double,local,local,16384,16384,3,1,1,1,2,1.380000001e-07,5.636849000e-03,4.355800000e-05,5.680545000e-03,5.466799809e-03,5.423103809e-03,2.137451906e-04,294.617105,296.990947,296.990947,1.183679998e-04,8.691199869e-05,8.465192162e-06,row,0,-1.000000000e+00,-1.000000
cuda_warp_smem(blk384),double,local,local,16384,16384,3,1,1,1,3,1.260000002e-07,5.637867000e-03,4.373300000e-05,5.681726000e-03,5.468307013e-03,5.424448013e-03,2.134189867e-04,294.535902,296.917351,296.917351,1.179199964e-04,8.569599688e-05,9.802993433e-06,row,0,-1.000000000e+00,-1.000000
cuda_warp_smem(blk384),double,local,local,16384,16384,3,1,1,1,4,1.209999998e-07,5.653647000e-03,4.349800000e-05,5.697266000e-03,5.481442772e-03,5.437823772e-03,2.158232276e-04,293.830074,296.187005,296.187005,1.179839969e-04,8.822400123e-05,9.615229473e-06,row,0,-1.000000000e+00,-1.000000
cuda_warp_smem(blk384),double,local,local,16384,16384,3,1,1,1,5,1.250000001e-07,5.650840000e-03,4.454600000e-05,5.695511000e-03,5.481439055e-03,5.436768055e-03,2.140719450e-04,293.830273,296.244519,296.244519,1.174079999e-04,8.687999845e-05,9.783946660e-06,row,0,-1.000000000e+00,-1.000000
cuda_warp_smem(blk384),double,local,local,16384,16384,3,1,1,1,6,1.140000001e-07,5.654669000e-03,4.402600000e-05,5.698809000e-03,5.478891987e-03,5.434751987e-03,2.199170125e-04,293.966871,296.354413,296.354413,1.189439967e-04,9.087999910e-05,1.009301671e-05,row,0,-1.000000000e+00,-1.000000
cuda_warp_smem(blk384),double,local,local,16384,16384,3,1,1,1,7,1.050000000e-07,5.639733000e-03,4.383100000e-05,5.683669000e-03,5.468415961e-03,5.424479961e-03,2.152530386e-04,294.530033,296.915603,296.915603,1.191679984e-04,8.777599782e-05,8.309042354e-06,row,0,-1.000000000e+00,-1.000000
cuda_warp_smem(blk384),double,local,local,16384,16384,3,1,1,1,8,1.060000001e-07,5.654658000e-03,4.452700000e-05,5.699291000e-03,5.480249016e-03,5.435616016e-03,2.190419836e-04,293.894079,296.307306,296.307306,1.216000021e-04,8.793599904e-05,9.505982526e-06,row,0,-1.000000000e+00,-1.000000
cuda_warp_smem(blk384),double,local,local,16384,16384,3,1,1,1,9,1.100000002e-07,5.653037000e-03,4.413600000e-05,5.697283000e-03,5.482933801e-03,5.438687801e-03,2.143491986e-04,293.750170,296.139950,296.139950,1.185280010e-04,8.739200234e-05,8.429195284e-06,row,0,-1.000000000e+00,-1.000000
cuda_warp_smem(blk384),double,local,local,16384,16384,3,1,1,1,10,1.090000001e-07,5.660733000e-03,4.688500000e-05,5.707727000e-03,5.494834214e-03,5.447840214e-03,2.128927862e-04,293.113982,295.642433,295.642433,1.194560006e-04,8.479999751e-05,8.636788090e-06,row,0,-1.000000000e+00,-1.000000
cuda_warp_smem(blk384),double,local,local,16384,16384,3,1,1,1,11,1.200000002e-07,5.639077000e-03,4.472500000e-05,5.683922000e-03,5.471660987e-03,5.426815987e-03,2.122610134e-04,294.355359,296.787792,296.787792,1.184000000e-04,8.412799984e-05,9.733013489e-06,row,0,-1.000000000e+00,-1.000000
cuda_warp_smem(blk384),double,local,local,16384,16384,3,1,1,1,12,1.210000000e-07,5.637692000e-03,4.468600000e-05,5.682499000e-03,5.464199109e-03,5.419392109e-03,2.182998911e-04,294.757329,297.194354,297.194354,1.187200025e-04,9.001599997e-05,9.563888638e-06,row,0,-1.000000000e+00,-1.000000
cuda_warp_smem(blk384),double,local,local,16384,16384,3,1,1,1,13,1.089999999e-07,5.634055000e-03,4.447000000e-05,5.678634000e-03,5.465763063e-03,5.421184063e-03,2.128709370e-04,294.672988,297.096117,297.096117,1.189439967e-04,8.534400165e-05,8.582938664e-06,row,0,-1.000000000e+00,-1.000000
cuda_warp_smem(blk384),double,local,local,16384,16384,3,1,1,1,14,1.170000001e-07,5.644005000e-03,4.369400000e-05,5.687816000e-03,5.468290961e-03,5.424479961e-03,2.195250386e-04,294.536766,296.915603,296.915603,1.186240017e-04,9.120000154e-05,9.701035325e-06,row,0,-1.000000000e+00,-1.000000
cuda_warp_smem(blk384),double,local,local,16384,16384,3,1,1,1,15,1.110000001e-07,5.653243000e-03,4.450500000e-05,5.697859000e-03,5.481064097e-03,5.436448097e-03,2.167949028e-04,293.850374,296.261954,296.261954,1.182079986e-04,8.886399865e-05,9.722905546e-06,row,0,-1.000000000e+00,-1.000000
cuda_warp_smem(blk384),double,local,local,16384,16384,3,1,1,1,16,1.380000001e-07,5.653711000e-03,4.368300000e-05,5.697532000e-03,5.478221082e-03,5.434400082e-03,2.193109184e-04,294.002873,296.373604,296.373604,1.193279997e-04,9.164799750e-05,8.334921215e-06,row,0,-1.000000000e+00,-1.000000
cuda_warp_smem(blk384),double,local,local,16384,16384,3,1,1,1,17,1.209999998e-07,5.649363000e-03,4.440200000e-05,5.693886000e-03,5.478923082e-03,5.434400082e-03,2.149629184e-04,293.965203,296.373604,296.373604,1.192959994e-04,8.511999995e-05,1.054691901e-05,row,0,-1.000000000e+00,-1.000000
cuda_warp_smem(blk384),double,local,local,16384,16384,3,1,1,1,18,1.060000001e-07,5.642967000e-03,4.507800000e-05,5.688151000e-03,5.465984209e-03,5.420800209e-03,2.221667910e-04,294.661066,297.117155,297.117155,1.200639978e-04,9.183999896e-05,1.026279419e-05,row,0,-1.000000000e+00,-1.000000
cuda_warp_smem(blk384),double,local,local,16384,16384,3,1,1,1,19,1.310000000e-07,5.666602000e-03,4.440300000e-05,5.711136000e-03,5.490902217e-03,5.446368217e-03,2.202337825e-04,293.323879,295.722337,295.722337,1.198400036e-04,9.216000140e-05,8.233777585e-06,row,0,-1.000000000e+00,-1.000000
cuda_warp_smem(blk384),double,local,local,16384,16384,3,1,1,1,20,1.249999999e-07,5.663027000e-03,4.390400000e-05,5.707056000e-03,5.490908864e-03,5.446879864e-03,2.161471363e-04,293.323524,295.694558,295.694558,1.189759970e-04,8.816000074e-05,9.011138548e-06,row,0,-1.000000000e+00,-1.000000
cuda_warp_smem(blk384),double,local,local,16384,16384,6,1,1,1,1,1.369999998e-07,1.057899100e-02,8.972000000e-05,1.066884800e-02,1.025075330e-02,1.016089630e-02,4.180946987e-04,314.242805,317.021784,317.021784,2.336959988e-04,1.741439998e-04,1.025470013e-05,row,0,-1.000000000e+00,-1.000000
cuda_warp_smem(blk384),double,local,local,16384,16384,6,1,1,1,2,1.390000000e-07,1.056026000e-02,8.937000000e-05,1.064976900e-02,1.023517322e-02,1.014566422e-02,4.145957849e-04,314.721149,317.497741,317.497741,2.324800044e-04,1.720000058e-04,1.011577464e-05,row,0,-1.000000000e+00,-1.000000
cuda_warp_smem(blk384),double,local,local,16384,16384,6,1,1,1,3,1.210000000e-07,1.055900300e-02,8.952500000e-05,1.064864900e-02,1.023364605e-02,1.014400005e-02,4.150029466e-04,314.768114,317.549828,317.549828,2.319680005e-04,1.726080030e-04,1.042694304e-05,row,0,-1.000000000e+00,-1.000000
cuda_warp_smem(blk384),double,local,local,16384,16384,6,1,1,1,4,1.189999999e-07,1.056476200e-02,9.229800000e-05,1.065717900e-02,1.024240136e-02,1.014998436e-02,4.147776403e-04,314.499048,317.362604,317.362604,2.323520035e-04,1.735679954e-04,8.857641375e-06,row,0,-1.000000000e+00,-1.000000
cuda_warp_smem(blk384),double,local,local,16384,16384,6,1,1,1,5,1.259999998e-07,1.057571400e-02,8.926500000e-05,1.066510500e-02,1.025038267e-02,1.016099167e-02,4.147223313e-04,314.254167,317.018809,317.018809,2.325440049e-04,1.717759967e-04,1.040232970e-05,row,0,-1.000000000e+00,-1.000000
cuda_warp_smem(blk384),double,local,local,16384,16384,6,1,1,1,6,1.129999998e-07,1.057841000e-02,8.865300000e-05,1.066717600e-02,1.025423803e-02,1.016547203e-02,4.129379694e-04,314.136015,316.879085,316.879085,2.339520007e-04,1.697919965e-04,9.193972144e-06,row,0,-1.000000000e+00,-1.000000
cuda_warp_smem(blk384),double,local,local,16384,16384,6,1,1,1,7,1.310000000e-07,1.054109100e-02,9.400600000e-05,1.063522800e-02,1.022440891e-02,1.013027191e-02,4.108190884e-04,315.052489,317.980159,317.980159,2.313600034e-04,1.696639955e-04,9.795089522e-06,row,0,-1.000000000e+00,-1.000000
cuda_warp_smem(blk384),double,local,local,16384,16384,6,1,1,1,8,1.220000001e-07,1.053250000e-02,8.981300000e-05,1.062243500e-02,1.021028679e-02,1.012035179e-02,4.121482086e-04,315.488246,318.291848,318.291848,2.328319997e-04,1.691520065e-04,1.016420245e-05,row,0,-1.000000000e+00,-1.000000
cuda_warp_smem(blk384),double,local,local,16384,16384,6,1,1,1,9,1.100000000e-07,1.054081600e-02,8.869400000e-05,1.062962000e-02,1.021722006e-02,1.012841606e-02,4.123999386e-04,315.274160,318.038423,318.038423,2.330880016e-04,1.690880060e-04,1.022393097e-05,row,0,-1.000000000e+00,-1.000000
cuda_warp_smem(blk384),double,local,local,16384,16384,6,1,1,1,10,1.190000001e-07,1.053004200e-02,8.948700000e-05,1.061964800e-02,1.020899840e-02,1.011939240e-02,4.106496050e-04,315.528061,318.322024,318.322024,2.309439927e-04,1.698240042e-04,9.881608073e-06,row,0,-1.000000000e+00,-1.000000
cuda_warp_smem(blk384),double,local,local,16384,16384,6,1,1,1,11,1.219999999e-07,1.054095500e-02,9.964700000e-05,1.064072400e-02,1.022076071e-02,1.012099171e-02,4.199632932e-04,315.164944,318.271723,318.271723,2.359360009e-04,1.751040071e-04,8.923285084e-06,row,0,-1.000000000e+00,-1.000000
cuda_warp_smem(blk384),double,local,local,16384,16384,6,1,1,1,12,1.269999998e-07,1.054038200e-02,8.882200000e-05,1.062933100e-02,1.021656493e-02,1.012761593e-02,4.127660713e-04,315.294377,318.063550,318.063550,2.313919961e-04,1.723520011e-04,9.022074134e-06,row,0,-1.000000000e+00,-1.000000
cuda_warp_smem(blk384),double,local,local,16384,16384,6,1,1,1,13,1.350000001e-07,1.053241900e-02,8.905900000e-05,1.062161300e-02,1.021328992e-02,1.012409592e-02,4.083230833e-04,315.395480,318.174136,318.174136,2.301760018e-04,1.690240055e-04,9.123075933e-06,row,0,-1.000000000e+00,-1.000000
cuda_warp_smem(blk384),double,local,local,16384,16384,6,1,1,1,14,1.280000002e-07,1.052457900e-02,8.934400000e-05,1.061405100e-02,1.020428771e-02,1.011481571e-02,4.097632880e-04,315.673721,318.466056,318.466056,2.307199985e-04,1.702719927e-04,8.771296863e-06,row,0,-1.000000000e+00,-1.000000
cuda_warp_smem(blk384),double,local,local,16384,16384,6,1,1,1,15,1.409999999e-07,1.052821500e-02,9.528600000e-05,1.062364200e-02,1.021225878e-02,1.011683178e-02,4.113832205e-04,315.427325,318.402593,318.402593,2.335039973e-04,1.680639982e-04,9.815224972e-06,row,0,-1.000000000e+00,-1.000000
cuda_warp_smem(blk384),double,local,local,16384,16384,6,1,1,1,16,1.370000002e-07,1.053566700e-02,8.951600000e-05,1.062532000e-02,1.021550940e-02,1.012585640e-02,4.098106005e-04,315.326955,318.118818,318.118818,2.316479981e-04,1.678079963e-04,1.035460610e-05,row,0,-1.000000000e+00,-1.000000
cuda_warp_smem(blk384),double,local,local,16384,16384,6,1,1,1,17,9.600000017e-08,1.051391300e-02,8.799700000e-05,1.060200600e-02,1.019273301e-02,1.010464001e-02,4.092729930e-04,316.031576,318.786762,318.786762,2.319680005e-04,1.670400053e-04,1.026498712e-05,row,0,-1.000000000e+00,-1.000000
cuda_warp_smem(blk384),double,local,local,16384,16384,6,1,1,1,18,1.319999998e-07,1.051789300e-02,9.067500000e-05,1.060870000e-02,1.019656662e-02,1.010575962e-02,4.121333793e-04,315.912757,318.751444,318.751444,2.309119999e-04,1.709759980e-04,1.024538135e-05,row,0,-1.000000000e+00,-1.000000
cuda_warp_smem(blk384),double,local,local,16384,16384,6,1,1,1,19,1.380000001e-07,1.052747300e-02,9.014400000e-05,1.061775500e-02,1.019207434e-02,1.010179234e-02,4.256806645e-04,316.051999,318.876628,318.876628,2.380480021e-04,1.769919991e-04,1.064066322e-05,row,0,-1.000000000e+00,-1.000000
cuda_warp_smem(blk384),double,local,local,16384,16384,6,1,1,1,20,1.109999999e-07,1.052314200e-02,8.898600000e-05,1.061223900e-02,1.019709680e-02,1.010799980e-02,4.151421984e-04,315.896332,318.680801,318.680801,2.317759991e-04,1.738239974e-04,9.542201917e-06,row,0,-1.000000000e+00,-1.000000
cuda_warp_smem(blk384),double,local,local,16384,16384,8,1,1,1,1,2.569999999e-07,1.496687200e-02,1.196570000e-04,1.508678600e-02,1.452196211e-02,1.440204811e-02,5.648238890e-04,295.756680,298.219202,298.219202,3.069120049e-04,2.482880056e-04,9.623878500e-06,row,0,-1.000000000e+00,-1.000000
cuda_warp_smem(blk384),double,local,local,16384,16384,8,1,1,1,2,1.910000000e-07,1.496021800e-02,1.188660000e-04,1.507927500e-02,1.452110511e-02,1.440204811e-02,5.581698890e-04,295.774134,298.219202,298.219202,3.070720136e-04,2.418559939e-04,9.241881555e-06,row,0,-1.000000000e+00,-1.000000
cuda_warp_smem(blk384),double,local,local,16384,16384,8,1,1,1,3,1.489999999e-07,1.495247100e-02,1.196480000e-04,1.507226800e-02,1.451621271e-02,1.439641571e-02,5.560552896e-04,295.873819,298.335876,298.335876,3.068479896e-04,2.382719964e-04,1.093530361e-05,row,0,-1.000000000e+00,-1.000000
cuda_warp_smem(blk384),double,local,local,16384,16384,8,1,1,1,4,1.640000000e-07,1.494859400e-02,1.203370000e-04,1.506909500e-02,1.449656530e-02,1.437606430e-02,5.725296995e-04,296.274821,298.758214,298.758214,3.093119860e-04,2.522560060e-04,1.096170749e-05,row,0,-1.000000000e+00,-1.000000
cuda_warp_smem(blk384),double,local,local,16384,16384,8,1,1,1,5,1.409999999e-07,1.491383400e-02,1.201200000e-04,1.503409500e-02,1.448272495e-02,1.436246395e-02,5.513700489e-04,296.557955,299.041119,299.041119,3.056960106e-04,2.350399941e-04,1.063404418e-05,row,0,-1.000000000e+00,-1.000000
cuda_warp_smem(blk384),double,local,local,16384,16384,8,1,1,1,6,1.780000001e-07,1.493006000e-02,1.195970000e-04,1.504983500e-02,1.449599856e-02,1.437622356e-02,5.538364359e-04,296.286405,298.754904,298.754904,3.085120022e-04,2.343679965e-04,1.095643717e-05,row,0,-1.000000000e+00,-1.000000
cuda_warp_smem(blk384),double,local,local,16384,16384,8,1,1,1,7,9.999999984e-08,1.490679300e-02,1.202210000e-04,1.502711400e-02,1.448048087e-02,1.436015987e-02,5.466331260e-04,296.603913,299.089100,299.089100,3.061439991e-04,2.309119999e-04,9.577126997e-06,row,0,-1.000000000e+00,-1.000000
cuda_warp_smem(blk384),double,local,local,16384,16384,8,1,1,1,8,1.470000002e-07,1.492029300e-02,1.195650000e-04,1.504000500e-02,1.448844827e-02,1.436873627e-02,5.515567329e-04,296.440807,298.910580,298.910580,3.110080063e-04,2.294719964e-04,1.107673015e-05,row,0,-1.000000000e+00,-1.000000
cuda_warp_smem(blk384),double,local,local,16384,16384,8,1,1,1,9,1.400000000e-07,1.491764600e-02,1.207880000e-04,1.503857400e-02,1.448076839e-02,1.435984039e-02,5.578056069e-04,296.598024,299.095754,299.095754,3.057599962e-04,2.414080054e-04,1.063760540e-05,row,0,-1.000000000e+00,-1.000000
cuda_warp_smem(blk384),double,local,local,16384,16384,8,1,1,1,10,1.329999999e-07,1.491804500e-02,1.195360000e-04,1.503771400e-02,1.448971657e-02,1.437004757e-02,5.479974307e-04,296.414859,298.883304,298.883304,3.109120131e-04,2.260800004e-04,1.100541727e-05,row,0,-1.000000000e+00,-1.000000
cuda_warp_smem(blk384),double,local,local,16384,16384,8,1,1,1,11,8.199999990e-08,1.490188200e-02,1.215040000e-04,1.502346800e-02,1.447947422e-02,1.435788822e-02,5.439937783e-04,296.624534,299.136421,299.136421,3.056319952e-04,2.276159972e-04,1.074578586e-05,row,0,-1.000000000e+00,-1.000000
cuda_warp_smem(blk384),double,local,local,16384,16384,8,1,1,1,12,1.560000000e-07,1.489840900e-02,1.202280000e-04,1.501879300e-02,1.446246412e-02,1.434208012e-02,5.563288837e-04,296.973411,299.466135,299.466135,3.093119860e-04,2.359039932e-04,1.111290451e-05,row,0,-1.000000000e+00,-1.000000
cuda_warp_smem(blk384),double,local,local,16384,16384,8,1,1,1,13,1.390000002e-07,1.490946900e-02,1.182150000e-04,1.502782300e-02,1.448097817e-02,1.436262417e-02,5.468448316e-04,296.593728,299.037783,299.037783,3.039680123e-04,2.320639938e-04,1.081282546e-05,row,0,-1.000000000e+00,-1.000000
cuda_warp_smem(blk384),double,local,local,16384,16384,8,1,1,1,14,1.839999999e-07,1.489272000e-02,1.199230000e-04,1.501282700e-02,1.446490700e-02,1.434480000e-02,5.479200046e-04,296.923257,299.409354,299.409354,3.055999875e-04,2.316160053e-04,1.070401177e-05,row,0,-1.000000000e+00,-1.000000
cuda_warp_smem(blk384),double,local,local,16384,16384,8,1,1,1,15,1.039999999e-07,1.490397800e-02,1.192430000e-04,1.502332500e-02,1.446910706e-02,1.434976006e-02,5.542179445e-04,296.837067,299.305862,299.305862,3.189760149e-04,2.259200066e-04,9.321922973e-06,row,0,-1.000000000e+00,-1.000000
cuda_warp_smem(blk384),double,local,local,16384,16384,8,1,1,1,16,1.059999999e-07,1.489680700e-02,1.184360000e-04,1.501534900e-02,1.447425394e-02,1.435571194e-02,5.410950630e-04,296.731515,299.181769,299.181769,3.055360019e-04,2.251520008e-04,1.040706034e-05,row,0,-1.000000000e+00,-1.000000
cuda_warp_smem(blk384),double,local,local,16384,16384,8,1,1,1,17,1.210000000e-07,1.489052600e-02,1.208530000e-04,1.501150000e-02,1.447108596e-02,1.435011196e-02,5.404140386e-04,296.796475,299.298522,299.298522,3.045440018e-04,2.260800004e-04,9.790036417e-06,row,0,-1.000000000e+00,-1.000000
cuda_warp_smem(blk384),double,local,local,16384,16384,8,1,1,1,18,1.060000001e-07,1.489566500e-02,1.202570000e-04,1.501602800e-02,1.447281146e-02,1.435244846e-02,5.432165366e-04,296.761089,299.249797,299.249797,3.044799864e-04,2.294400036e-04,9.296546497e-06,row,0,-1.000000000e+00,-1.000000
cuda_warp_smem(blk384),double,local,local,16384,16384,8,1,1,1,19,1.030000001e-07,1.489649300e-02,1.205000000e-04,1.501709600e-02,1.448021928e-02,1.435961628e-02,5.368767204e-04,296.609272,299.100422,299.100422,3.029119968e-04,2.244479954e-04,9.516728132e-06,row,0,-1.000000000e+00,-1.000000
cuda_warp_smem(blk384),double,local,local,16384,16384,8,1,1,1,20,1.530000000e-07,1.488222500e-02,1.198250000e-04,1.500220300e-02,1.445633035e-02,1.433635235e-02,5.458726517e-04,297.099415,299.585780,299.585780,3.150080144e-04,2.201279998e-04,1.073663745e-05,row,0,-1.000000000e+00,-1.000000
cuda_warp_smem(blk384),double,local,local,16384,16384,20,1,1,1,1,2.880000001e-07,3.315615600e-02,3.173970000e-04,3.347384100e-02,3.237061392e-02,3.205292892e-02,1.103227075e-03,331.702644,334.990236,334.990236,6.014080048e-04,4.903999865e-04,1.141908417e-05,row,0,-1.000000000e+00,-1.000000
cuda_warp_smem(blk384),double,local,local,16384,16384,20,1,1,1,2,2.040000000e-07,3.314995100e-02,3.239590000e-04,3.347411400e-02,3.236630778e-02,3.204214478e-02,1.107806225e-03,331.746776,335.102981,335.102981,5.937280059e-04,5.017920136e-04,1.228620508e-05,row,0,-1.000000000e+00,-1.000000
cuda_warp_smem(blk384),double,local,local,16384,16384,20,1,1,1,3,2.150000000e-07,3.314450600e-02,3.243210000e-04,3.346904200e-02,3.234251848e-02,3.201798248e-02,1.126523517e-03,331.990789,335.355866,335.355866,6.075199842e-04,5.089600086e-04,1.004352422e-05,row,0,-1.000000000e+00,-1.000000
cuda_warp_smem(blk384),double,local,local,16384,16384,20,1,1,1,4,1.780000001e-07,3.313259800e-02,3.113200000e-04,3.344409600e-02,3.235120900e-02,3.203971100e-02,1.092887001e-03,331.901607,335.128436,335.128436,5.950080156e-04,4.866240025e-04,1.125498338e-05,row,0,-1.000000000e+00,-1.000000
cuda_warp_smem(blk384),double,local,local,16384,16384,20,1,1,1,5,1.740000002e-07,3.311460500e-02,3.093710000e-04,3.342415000e-02,3.233693834e-02,3.202739334e-02,1.087211659e-03,332.048078,335.257326,335.257326,5.969920158e-04,4.795520008e-04,1.066764234e-05,row,0,-1.000000000e+00,-1.000000
cuda_warp_smem(blk384),double,local,local,16384,16384,20,1,1,1,6,1.709999999e-07,3.313572300e-02,3.121090000e-04,3.344800300e-02,3.234930545e-02,3.203702545e-02,1.098697548e-03,331.921137,335.156529,335.156529,5.996479988e-04,4.876480103e-04,1.140153928e-05,row,0,-1.000000000e+00,-1.000000
cuda_warp_smem(blk384),double,local,local,16384,16384,20,1,1,1,7,1.840000001e-07,3.309876900e-02,3.103130000e-04,3.340926600e-02,3.233625765e-02,3.202576065e-02,1.073008349e-03,332.055068,335.274417,335.274417,5.955520272e-04,4.670400023e-04,1.041631979e-05,row,0,-1.000000000e+00,-1.000000
cuda_warp_smem(blk384),double,local,local,16384,16384,20,1,1,1,8,1.860000001e-07,3.312128000e-02,3.358460000e-04,3.345731200e-02,3.236819371e-02,3.203216171e-02,1.089118287e-03,331.727446,335.207419,335.207419,5.968319774e-04,4.818879962e-04,1.039831379e-05,row,0,-1.000000000e+00,-1.000000
cuda_warp_smem(blk384),double,local,local,16384,16384,20,1,1,1,9,4.850000002e-07,3.311632000e-02,3.123710000e-04,3.342917600e-02,3.234399156e-02,3.203113556e-02,1.085184441e-03,331.975669,335.218157,335.218157,5.921599865e-04,4.809919894e-04,1.203246505e-05,row,0,-1.000000000e+00,-1.000000
cuda_warp_smem(blk384),double,local,local,16384,16384,20,1,1,1,10,1.910000000e-07,3.313826400e-02,3.357090000e-04,3.347416400e-02,3.237580555e-02,3.203990555e-02,1.098358452e-03,331.649454,335.126401,335.126401,6.003199816e-04,4.867840111e-04,1.125445920e-05,row,0,-1.000000000e+00,-1.000000
cuda_warp_smem(blk384),double,local,local,16384,16384,20,1,1,1,11,2.109999999e-07,3.315041800e-02,3.141120000e-04,3.346474100e-02,3.234206729e-02,3.202774429e-02,1.122673707e-03,331.995421,335.253652,335.253652,5.933439732e-04,5.175999999e-04,1.172973372e-05,row,0,-1.000000000e+00,-1.000000
cuda_warp_smem(blk384),double,local,local,16384,16384,20,1,1,1,12,1.770000000e-07,3.309560500e-02,3.123720000e-04,3.340815400e-02,3.233827532e-02,3.202572632e-02,1.069878682e-03,332.034350,335.274777,335.274777,5.948160291e-04,4.638719857e-04,1.119066689e-05,row,0,-1.000000000e+00,-1.000000
cuda_warp_smem(blk384),double,local,local,16384,16384,20,1,1,1,13,1.660000000e-07,3.311539100e-02,3.087010000e-04,3.342425800e-02,3.234512188e-02,3.203625488e-02,1.079136117e-03,331.964068,335.164590,335.164590,5.893759727e-04,4.783039987e-04,1.145614573e-05,row,0,-1.000000000e+00,-1.000000
cuda_warp_smem(blk384),double,local,local,16384,16384,20,1,1,1,14,1.790000002e-07,3.309959600e-02,3.087050000e-04,3.340848000e-02,3.234680591e-02,3.203792191e-02,1.061674094e-03,331.946785,335.147151,335.147151,5.845440030e-04,4.659200013e-04,1.121009020e-05,row,0,-1.000000000e+00,-1.000000
cuda_warp_smem(blk384),double,local,local,16384,16384,20,1,1,1,15,1.639999998e-07,3.311359000e-02,3.152590000e-04,3.342901300e-02,3.235228823e-02,3.203686523e-02,1.076724766e-03,331.890535,335.158205,335.158205,5.957120061e-04,4.702399969e-04,1.077276262e-05,row,0,-1.000000000e+00,-1.000000
cuda_warp_smem(blk384),double,local,local,16384,16384,20,1,1,1,16,1.880000000e-07,3.311460500e-02,3.099500000e-04,3.342474300e-02,3.234764029e-02,3.203750229e-02,1.077102711e-03,331.938223,335.151540,335.151540,5.927680135e-04,4.744000137e-04,9.934684019e-06,row,0,-1.000000000e+00,-1.000000
cuda_warp_smem(blk384),double,local,local,16384,16384,20,1,1,1,17,1.359999997e-07,3.311537300e-02,3.192190000e-04,3.343472800e-02,3.236450576e-02,3.204515076e-02,1.070222243e-03,331.765247,335.071547,335.071547,5.941759944e-04,4.652479887e-04,1.079826007e-05,row,0,-1.000000000e+00,-1.000000
cuda_warp_smem(blk384),double,local,local,16384,16384,20,1,1,1,18,1.390000000e-07,3.364963800e-02,9.511140000e-04,3.460089100e-02,3.297787577e-02,3.202662277e-02,1.623015228e-03,325.594599,335.265392,335.265392,5.922560096e-04,1.018048048e-03,1.271117019e-05,row,0,-1.000000000e+00,-1.000000
cuda_warp_smem(blk384),double,local,local,16384,16384,20,1,1,1,19,1.470000002e-07,3.363004100e-02,3.153280000e-04,3.394551600e-02,3.234014846e-02,3.202467346e-02,1.605367538e-03,332.015119,335.285799,335.285799,1.121791959e-03,4.719359875e-04,1.163959180e-05,row,0,-1.000000000e+00,-1.000000
cuda_warp_smem(blk384),double,local,local,16384,16384,20,1,1,1,20,1.230000004e-07,3.313011900e-02,3.205190000e-04,3.345076100e-02,3.235766745e-02,3.203702545e-02,1.093093548e-03,331.835360,335.156529,335.156529,5.975679755e-04,4.853760004e-04,1.014957241e-05,row,0,-1.000000000e+00,-1.000000
cuda_warp_smem(blk384),double,local,local,16384,16384,32,1,1,1,1,3.880000001e-07,6.508994500e-02,5.744260000e-04,6.566475900e-02,6.377375809e-02,6.319894409e-02,1.891000908e-03,269.387750,271.837915,271.837915,1.001055956e-03,8.766400218e-04,1.330493052e-05,row,0,-1.000000000e+00,-1.000000
cuda_warp_smem(blk384),double,local,local,16384,16384,32,1,1,1,2,3.720000001e-07,6.508184200e-02,5.688200000e-04,6.565103400e-02,6.377104671e-02,6.320185471e-02,1.879987294e-03,269.399203,271.825396,271.825396,9.951999784e-04,8.719679713e-04,1.281934451e-05,row,0,-1.000000000e+00,-1.000000
cuda_warp_smem(blk384),double,local,local,16384,16384,32,1,1,1,3,5.550000002e-07,6.506833700e-02,6.200370000e-04,6.568892900e-02,6.381358516e-02,6.319299316e-02,1.875343836e-03,269.219621,271.863514,271.863514,9.947839975e-04,8.675199747e-04,1.303986369e-05,row,0,-1.000000000e+00,-1.000000
cuda_warp_smem(blk384),double,local,local,16384,16384,32,1,1,1,4,4.940000000e-07,6.505228300e-02,5.789200000e-04,6.563169700e-02,6.377659952e-02,6.319718552e-02,1.855097484e-03,269.375748,271.845479,271.845479,9.797120094e-04,8.636159897e-04,1.176948453e-05,row,0,-1.000000000e+00,-1.000000
cuda_warp_smem(blk384),double,local,local,16384,16384,32,1,1,1,5,4.009999999e-07,6.507277900e-02,5.744010000e-04,6.564758100e-02,6.377422674e-02,6.319942474e-02,1.873354256e-03,269.385770,271.835847,271.835847,9.797440171e-04,8.812159896e-04,1.239424963e-05,row,0,-1.000000000e+00,-1.000000
cuda_warp_smem(blk384),double,local,local,16384,16384,32,1,1,1,6,3.770000001e-07,6.505515000e-02,5.743450000e-04,6.562987200e-02,6.376832170e-02,6.319359970e-02,1.861550299e-03,269.410716,271.860905,271.860905,9.953920245e-04,8.542079926e-04,1.195028200e-05,row,0,-1.000000000e+00,-1.000000
cuda_warp_smem(blk384),double,local,local,16384,16384,32,1,1,1,7,3.710000001e-07,6.505818800e-02,5.856760000e-04,6.564423500e-02,6.379171259e-02,6.320566559e-02,1.852522412e-03,269.311929,271.809007,271.809007,9.812480211e-04,8.583040237e-04,1.297036675e-05,row,0,-1.000000000e+00,-1.000000
cuda_warp_smem(blk384),double,local,local,16384,16384,32,1,1,1,8,3.799999999e-07,6.592128500e-02,5.598170000e-04,6.648148200e-02,6.377456391e-02,6.321436691e-02,2.706918087e-03,269.384346,271.771593,271.771593,1.814463973e-03,8.800320029e-04,1.242211119e-05,row,0,-1.000000000e+00,-1.000000
cuda_warp_smem(blk384),double,local,local,16384,16384,32,1,1,1,9,3.710000001e-07,6.588447300e-02,1.524708000e-03,6.740955200e-02,6.472808574e-02,6.320300674e-02,2.681466256e-03,265.415993,271.820441,271.820441,9.826560020e-04,1.684800029e-03,1.401022477e-05,row,0,-1.000000000e+00,-1.000000
cuda_warp_smem(blk384),double,local,local,16384,16384,32,1,1,1,10,2.862000001e-06,6.506921800e-02,5.537030000e-04,6.562578300e-02,6.376213141e-02,6.320556641e-02,1.863651594e-03,269.436871,271.809433,271.809433,9.995200038e-04,8.510720134e-04,1.305957658e-05,row,0,-1.000000000e+00,-1.000000
cuda_warp_smem(blk384),double,local,local,16384,16384,32,1,1,1,11,3.739999999e-07,6.504705300e-02,5.917430000e-04,6.563917000e-02,6.379951065e-02,6.320739365e-02,1.839659354e-03,269.279012,271.801576,271.801576,9.790719748e-04,8.479679823e-04,1.261939671e-05,row,0,-1.000000000e+00,-1.000000
cuda_warp_smem(blk384),double,local,local,16384,16384,32,1,1,1,12,3.749999999e-07,6.505511200e-02,5.486810000e-04,6.560416800e-02,6.374719901e-02,6.319814301e-02,1.856968995e-03,269.499985,271.841361,271.841361,9.808319807e-04,8.632320166e-04,1.290499736e-05,row,0,-1.000000000e+00,-1.000000
cuda_warp_smem(blk384),double,local,local,16384,16384,32,1,1,1,13,3.640000004e-07,6.502061200e-02,5.766930000e-04,6.559766900e-02,6.377241528e-02,6.319535828e-02,1.825253724e-03,269.393422,271.853339,271.853339,9.675840139e-04,8.459839821e-04,1.168572761e-05,row,0,-1.000000000e+00,-1.000000
cuda_warp_smem(blk384),double,local,local,16384,16384,32,1,1,1,14,3.749999999e-07,6.588539200e-02,1.491355000e-03,6.737712200e-02,6.469707515e-02,6.320534515e-02,2.680046846e-03,265.543213,271.810385,271.810385,9.788799882e-04,1.686272025e-03,1.489483289e-05,row,0,-1.000000000e+00,-1.000000
cuda_warp_smem(blk384),double,local,local,16384,16384,32,1,1,1,15,3.046000000e-06,6.510473700e-02,5.564170000e-04,6.566420000e-02,6.376397655e-02,6.320451355e-02,1.900223450e-03,269.429074,271.813961,271.813961,1.021152020e-03,8.666239977e-04,1.244743301e-05,row,0,-1.000000000e+00,-1.000000
cuda_warp_smem(blk384),double,local,local,16384,16384,32,1,1,1,16,5.050000000e-07,6.543916600e-02,5.533990000e-04,6.599307000e-02,6.375476688e-02,6.320086288e-02,2.238303115e-03,269.467995,271.829662,271.829662,9.967359900e-04,1.228224039e-03,1.334308635e-05,row,0,-1.000000000e+00,-1.000000
cuda_warp_smem(blk384),double,local,local,16384,16384,32,1,1,1,17,4.039999997e-07,6.507217700e-02,5.731590000e-04,6.564574000e-02,6.378639640e-02,6.321283340e-02,1.859343595e-03,269.334375,271.778186,271.778186,9.839040041e-04,8.623999953e-04,1.303959604e-05,row,0,-1.000000000e+00,-1.000000
cuda_warp_smem(blk384),double,local,local,16384,16384,32,1,1,1,18,6.849999998e-07,6.505189400e-02,5.475370000e-04,6.560011600e-02,6.375718349e-02,6.320896149e-02,1.842932513e-03,269.457781,271.794834,271.794834,9.721279740e-04,8.587200046e-04,1.208453459e-05,row,0,-1.000000000e+00,-1.000000
cuda_warp_smem(blk384),double,local,local,16384,16384,32,1,1,1,19,4.420000002e-07,6.505614800e-02,5.746920000e-04,6.563128200e-02,6.377455874e-02,6.319942474e-02,1.856723256e-03,269.384368,271.835847,271.835847,1.006943941e-03,8.376320004e-04,1.214731479e-05,row,0,-1.000000000e+00,-1.000000
cuda_warp_smem(blk384),double,local,local,16384,16384,32,1,1,1,20,5.070000002e-07,6.591474800e-02,1.497682000e-03,6.741293700e-02,6.470574286e-02,6.320755386e-02,2.707194136e-03,265.507642,271.800887,271.800887,9.800639749e-04,1.713472009e-03,1.365815291e-05,row,0,-1.000000000e+00,-1.000000
cuda_warp_smem(blk512),double,local,local,16384,16384,3,1,1,1,1,1.779999999e-07,5.678700000e-03,4.648800000e-05,5.725366000e-03,5.513225887e-03,5.466559887e-03,2.121401131e-04,292.136177,294.630036,294.630036,1.195520014e-04,8.307199925e-05,9.516112459e-06,row,0,-1.000000000e+00,-1.000000
cuda_warp_smem(blk512),double,local,local,16384,16384,3,1,1,1,2,1.930000002e-07,5.680291000e-03,4.424700000e-05,5.724731000e-03,5.504728048e-03,5.460288048e-03,2.200029522e-04,292.587158,294.968456,294.968456,1.198719963e-04,9.040000290e-05,9.730952970e-06,row,0,-1.000000000e+00,-1.000000
cuda_warp_smem(blk512),double,local,local,16384,16384,3,1,1,1,3,2.030000001e-07,5.668088000e-03,4.457700000e-05,5.712868000e-03,5.499404176e-03,5.454624176e-03,2.134638240e-04,292.870406,295.274740,295.274740,1.202239990e-04,8.377599716e-05,9.463827789e-06,row,0,-1.000000000e+00,-1.000000
cuda_warp_smem(blk512),double,local,local,16384,16384,3,1,1,1,4,1.969999999e-07,5.664590000e-03,4.533700000e-05,5.710124000e-03,5.494781837e-03,5.449247837e-03,2.153421629e-04,293.116776,295.566064,295.566064,1.193920001e-04,8.665599674e-05,9.294166055e-06,row,0,-1.000000000e+00,-1.000000
cuda_warp_smem(blk512),double,local,local,16384,16384,3,1,1,1,5,2.099999998e-07,5.683261000e-03,4.410300000e-05,5.727574000e-03,5.506585167e-03,5.462272167e-03,2.209888328e-04,292.488482,294.861312,294.861312,1.288000047e-04,8.323200047e-05,8.956827603e-06,row,0,-1.000000000e+00,-1.000000
cuda_warp_smem(blk512),double,local,local,16384,16384,3,1,1,1,6,1.870000002e-07,5.698039000e-03,4.399500000e-05,5.742221000e-03,5.519893823e-03,5.475711823e-03,2.223271775e-04,291.783282,294.137600,294.137600,1.224000007e-04,8.742400259e-05,1.250317421e-05,row,0,-1.000000000e+00,-1.000000
cuda_warp_smem(blk512),double,local,local,16384,16384,3,1,1,1,7,2.460000001e-07,5.689480000e-03,4.511900000e-05,5.734845000e-03,5.515605116e-03,5.470240116e-03,2.192398839e-04,292.010161,294.431817,294.431817,1.198719963e-04,8.959999681e-05,9.767890732e-06,row,0,-1.000000000e+00,-1.000000
cuda_warp_smem(blk512),double,local,local,16384,16384,3,1,1,1,8,1.950000001e-07,5.677649000e-03,4.468400000e-05,5.722528000e-03,5.508591215e-03,5.463712215e-03,2.139367846e-04,292.381967,294.783596,294.783596,1.199359968e-04,8.428800106e-05,9.712786685e-06,row,0,-1.000000000e+00,-1.000000
cuda_warp_smem(blk512),double,local,local,16384,16384,3,1,1,1,9,1.820000000e-07,5.685688000e-03,4.426500000e-05,5.730135000e-03,5.513823087e-03,5.469376087e-03,2.163119128e-04,292.104536,294.478330,294.478330,1.183039993e-04,8.876799792e-05,9.239915586e-06,row,0,-1.000000000e+00,-1.000000
cuda_warp_smem(blk512),double,local,local,16384,16384,3,1,1,1,10,9.000000012e-08,5.675384000e-03,4.386200000e-05,5.719336000e-03,5.507567894e-03,5.463615894e-03,2.117681057e-04,292.436293,294.788793,294.788793,1.188800037e-04,8.262400329e-05,1.026409870e-05,row,0,-1.000000000e+00,-1.000000
cuda_warp_smem(blk512),double,local,local,16384,16384,3,1,1,1,11,1.000000001e-07,5.685897000e-03,4.470700000e-05,5.730704000e-03,5.517447038e-03,5.472640038e-03,2.132569625e-04,291.912677,294.302699,294.302699,1.188800037e-04,8.425600082e-05,1.012095796e-05,row,0,-1.000000000e+00,-1.000000
cuda_warp_smem(blk512),double,local,local,16384,16384,3,1,1,1,12,9.700000003e-08,5.665382000e-03,4.691100000e-05,5.712390000e-03,5.497248135e-03,5.450240135e-03,2.151418648e-04,292.985271,295.512252,295.512252,1.198400036e-04,8.569599688e-05,9.605864376e-06,row,0,-1.000000000e+00,-1.000000
cuda_warp_smem(blk512),double,local,local,16384,16384,3,1,1,1,13,1.740000002e-07,5.688098000e-03,4.449400000e-05,5.732766000e-03,5.515772145e-03,5.471104145e-03,2.169938549e-04,292.001318,294.385318,294.385318,1.201279983e-04,8.841600269e-05,8.449853967e-06,row,0,-1.000000000e+00,-1.000000
cuda_warp_smem(blk512),double,local,local,16384,16384,3,1,1,1,14,9.299999992e-08,5.679571000e-03,4.417700000e-05,5.723841000e-03,5.505934200e-03,5.461664200e-03,2.179068002e-04,292.523063,294.894134,294.894134,1.189759970e-04,8.838400245e-05,1.054680075e-05,row,0,-1.000000000e+00,-1.000000
cuda_warp_smem(blk512),double,local,local,16384,16384,3,1,1,1,15,1.610000000e-07,5.688580000e-03,5.464600000e-05,5.743387000e-03,5.527351193e-03,5.472544193e-03,2.160358067e-04,291.389615,294.307854,294.307854,1.203840002e-04,8.572799712e-05,9.923809366e-06,row,0,-1.000000000e+00,-1.000000
cuda_warp_smem(blk512),double,local,local,16384,16384,3,1,1,1,16,1.060000001e-07,5.688423000e-03,4.413000000e-05,5.732659000e-03,5.519788082e-03,5.475552082e-03,2.128709179e-04,291.788872,294.146181,294.146181,1.197440028e-04,8.416000009e-05,8.966915033e-06,row,0,-1.000000000e+00,-1.000000
cuda_warp_smem(blk512),double,local,local,16384,16384,3,1,1,1,17,9.899999998e-08,5.680936000e-03,4.444600000e-05,5.725481000e-03,5.503585165e-03,5.459040165e-03,2.218958351e-04,292.647917,295.035883,295.035883,1.216320023e-04,9.155199677e-05,8.711835991e-06,row,0,-1.000000000e+00,-1.000000
cuda_warp_smem(blk512),double,local,local,16384,16384,3,1,1,1,18,9.299999992e-08,5.679088000e-03,4.431700000e-05,5.723498000e-03,5.511066208e-03,5.466656208e-03,2.124317920e-04,292.250660,294.624845,294.624845,1.186240017e-04,8.531200141e-05,8.495788813e-06,row,0,-1.000000000e+00,-1.000000
cuda_warp_smem(blk512),double,local,local,16384,16384,3,1,1,1,19,1.169999999e-07,5.678275000e-03,4.459600000e-05,5.722988000e-03,5.504905204e-03,5.460192204e-03,2.180827965e-04,292.577742,294.973634,294.973634,1.194880009e-04,8.899199963e-05,9.602795983e-06,row,0,-1.000000000e+00,-1.000000
cuda_warp_smem(blk512),double,local,local,16384,16384,3,1,1,1,20,1.110000001e-07,5.676197000e-03,4.502500000e-05,5.721333000e-03,5.504432227e-03,5.459296227e-03,2.169007735e-04,292.602882,295.022045,295.022045,1.195520014e-04,8.803199977e-05,9.316772375e-06,row,0,-1.000000000e+00,-1.000000
cuda_warp_smem(blk512),double,local,local,16384,16384,6,1,1,1,1,1.960000002e-07,1.058183100e-02,8.963300000e-05,1.067166000e-02,1.025277284e-02,1.016294384e-02,4.188871600e-04,314.180907,316.957913,316.957913,2.323199958e-04,1.760960072e-04,1.047115698e-05,row,0,-1.000000000e+00,-1.000000
cuda_warp_smem(blk512),double,local,local,16384,16384,6,1,1,1,2,1.080000001e-07,1.057284300e-02,8.973200000e-05,1.066268300e-02,1.024551970e-02,1.015567970e-02,4.171632972e-04,314.403326,317.184626,317.184626,2.311040014e-04,1.757120043e-04,1.034729153e-05,row,0,-1.000000000e+00,-1.000000
cuda_warp_smem(blk512),double,local,local,16384,16384,6,1,1,1,3,1.560000000e-07,1.057838600e-02,8.962700000e-05,1.066816900e-02,1.024303083e-02,1.015324783e-02,4.251381667e-04,314.479720,317.260597,317.260597,2.362239957e-04,1.786559969e-04,1.025817414e-05,row,0,-1.000000000e+00,-1.000000
cuda_warp_smem(blk512),double,local,local,16384,16384,6,1,1,1,4,1.230000000e-07,1.056444300e-02,8.996200000e-05,1.065452800e-02,1.023632523e-02,1.014624023e-02,4.182027656e-04,314.685729,317.479716,317.479716,2.324160039e-04,1.750079989e-04,1.077876274e-05,row,0,-1.000000000e+00,-1.000000
cuda_warp_smem(blk512),double,local,local,16384,16384,6,1,1,1,5,1.390000000e-07,1.055655900e-02,8.961500000e-05,1.064631300e-02,1.023516168e-02,1.014540768e-02,4.111513233e-04,314.721504,317.505770,317.505770,2.317759991e-04,1.703680009e-04,9.007323369e-06,row,0,-1.000000000e+00,-1.000000
cuda_warp_smem(blk512),double,local,local,16384,16384,6,1,1,1,6,1.159999998e-07,1.056661300e-02,8.808700000e-05,1.065481600e-02,1.023623519e-02,1.014803219e-02,4.185808116e-04,314.688498,317.423655,317.423655,2.369280010e-04,1.720319986e-04,9.620811904e-06,row,0,-1.000000000e+00,-1.000000
cuda_warp_smem(blk512),double,local,local,16384,16384,6,1,1,1,7,1.220000001e-07,1.056308700e-02,9.843000000e-05,1.066163900e-02,1.024463202e-02,1.014608002e-02,4.170069829e-04,314.430569,317.484730,317.484730,2.319359928e-04,1.749439985e-04,1.012699162e-05,row,0,-1.000000000e+00,-1.000000
cuda_warp_smem(blk512),double,local,local,16384,16384,6,1,1,1,8,1.379999999e-07,1.055095200e-02,8.907500000e-05,1.064016500e-02,1.022850858e-02,1.013929558e-02,4.116564220e-04,314.926213,317.697166,317.697166,2.337599993e-04,1.679359972e-04,9.960425474e-06,row,0,-1.000000000e+00,-1.000000
cuda_warp_smem(blk512),double,local,local,16384,16384,6,1,1,1,9,1.260000002e-07,1.055973700e-02,8.974600000e-05,1.064960900e-02,1.023656046e-02,1.014668846e-02,4.130485387e-04,314.678498,317.465692,317.465692,2.344959974e-04,1.691839993e-04,9.368541967e-06,row,0,-1.000000000e+00,-1.000000
cuda_warp_smem(blk512),double,local,local,16384,16384,6,1,1,1,10,1.340000000e-07,1.055505700e-02,8.983400000e-05,1.064502500e-02,1.023611191e-02,1.014614391e-02,4.089130867e-04,314.692287,317.482730,317.482730,2.313919961e-04,1.669120044e-04,1.060908623e-05,row,0,-1.000000000e+00,-1.000000
cuda_warp_smem(blk512),double,local,local,16384,16384,6,1,1,1,11,1.460000001e-07,1.055471100e-02,8.998100000e-05,1.064483800e-02,1.023284722e-02,1.014272022e-02,4.119907775e-04,314.792687,317.589897,317.589897,2.325759977e-04,1.703359932e-04,9.078786646e-06,row,0,-1.000000000e+00,-1.000000
cuda_warp_smem(blk512),double,local,local,16384,16384,6,1,1,1,12,1.370000002e-07,1.055660500e-02,8.910700000e-05,1.064584900e-02,1.023250782e-02,1.014326382e-02,4.133411832e-04,314.803128,317.572877,317.572877,2.330240011e-04,1.703999937e-04,9.917188387e-06,row,0,-1.000000000e+00,-1.000000
cuda_warp_smem(blk512),double,local,local,16384,16384,6,1,1,1,13,1.349999998e-07,1.054532300e-02,8.955100000e-05,1.063500900e-02,1.022840556e-02,1.013871956e-02,4.066034413e-04,314.929385,317.715216,317.715216,2.310400009e-04,1.650879979e-04,1.047544246e-05,row,0,-1.000000000e+00,-1.000000
cuda_warp_smem(blk512),double,local,local,16384,16384,6,1,1,1,14,1.230000002e-07,1.054339600e-02,9.089800000e-05,1.063441700e-02,1.022439712e-02,1.013337612e-02,4.100198785e-04,315.052852,317.882750,317.882750,2.313919961e-04,1.694400012e-04,9.187881084e-06,row,0,-1.000000000e+00,-1.000000
cuda_warp_smem(blk512),double,local,local,16384,16384,6,1,1,1,15,1.299999999e-07,1.054152300e-02,8.909100000e-05,1.063074400e-02,1.022461319e-02,1.013539219e-02,4.061308110e-04,315.046194,317.819519,317.819519,2.320639938e-04,1.648319960e-04,9.234821198e-06,row,0,-1.000000000e+00,-1.000000
cuda_warp_smem(blk512),double,local,local,16384,16384,6,1,1,1,16,1.430000001e-07,1.054854900e-02,9.415500000e-05,1.064284700e-02,1.023020231e-02,1.013590431e-02,4.126446879e-04,314.874073,317.803461,317.803461,2.325440049e-04,1.700479984e-04,1.005268452e-05,row,0,-1.000000000e+00,-1.000000
cuda_warp_smem(blk512),double,local,local,16384,16384,6,1,1,1,17,1.620000001e-07,1.357244500e-02,9.113700000e-05,1.366374400e-02,1.023171515e-02,1.014041615e-02,3.432028855e-03,314.827517,317.662059,317.662059,2.321600020e-04,3.189408064e-03,1.046078879e-05,row,0,-1.000000000e+00,-1.000000
cuda_warp_smem(blk512),double,local,local,16384,16384,6,1,1,1,18,1.270000001e-07,1.056416500e-02,8.978400000e-05,1.065407600e-02,1.023048736e-02,1.014057636e-02,4.235886374e-04,314.865300,317.657040,317.657040,2.330240011e-04,1.795199960e-04,1.104464022e-05,row,0,-1.000000000e+00,-1.000000
cuda_warp_smem(blk512),double,local,local,16384,16384,6,1,1,1,19,1.460000001e-07,1.055728200e-02,8.905000000e-05,1.064647800e-02,1.022919634e-02,1.014000034e-02,4.172816567e-04,314.905039,317.675085,317.675085,2.318399996e-04,1.752000004e-04,1.024165672e-05,row,0,-1.000000000e+00,-1.000000
cuda_warp_smem(blk512),double,local,local,16384,16384,6,1,1,1,20,1.439999999e-07,1.055516800e-02,8.832600000e-05,1.064363800e-02,1.022581436e-02,1.013734436e-02,4.178236396e-04,315.009187,317.758316,317.758316,2.345920056e-04,1.737599969e-04,9.471637147e-06,row,0,-1.000000000e+00,-1.000000
cuda_warp_smem(blk512),double,local,local,16384,16384,8,1,1,1,1,2.119999998e-07,1.436533200e-02,1.201170000e-04,1.448566100e-02,1.391229735e-02,1.379196835e-02,5.733636544e-04,308.717330,311.410756,311.410756,3.089919984e-04,2.548800111e-04,9.491644842e-06,row,0,-1.000000000e+00,-1.000000
cuda_warp_smem(blk512),double,local,local,16384,16384,8,1,1,1,2,2.070000000e-07,1.435038000e-02,1.217310000e-04,1.447231800e-02,1.390840174e-02,1.378646374e-02,5.639162625e-04,308.803799,311.535095,311.535095,3.083840013e-04,2.450239956e-04,1.050826562e-05,row,0,-1.000000000e+00,-1.000000
cuda_warp_smem(blk512),double,local,local,16384,16384,8,1,1,1,3,2.250000000e-07,1.431757500e-02,1.198390000e-04,1.443763900e-02,1.387830375e-02,1.375823975e-02,5.593352539e-04,309.473504,312.174186,312.174186,3.059520125e-04,2.421759963e-04,1.120724506e-05,row,0,-1.000000000e+00,-1.000000
cuda_warp_smem(blk512),double,local,local,16384,16384,8,1,1,1,4,2.100000001e-07,1.432702800e-02,1.209180000e-04,1.444815600e-02,1.388720790e-02,1.376607990e-02,5.609480974e-04,309.275077,311.996394,311.996394,3.077760041e-04,2.428800017e-04,1.029209161e-05,row,0,-1.000000000e+00,-1.000000
cuda_warp_smem(blk512),double,local,local,16384,16384,8,1,1,1,5,2.379999999e-07,1.432417400e-02,1.192400000e-04,1.444365200e-02,1.388264633e-02,1.376316833e-02,5.610056650e-04,309.376699,312.062397,312.062397,3.117760122e-04,2.387199998e-04,1.050965307e-05,row,0,-1.000000000e+00,-1.000000
cuda_warp_smem(blk512),double,local,local,16384,16384,8,1,1,1,6,2.299999999e-07,1.431840300e-02,1.194190000e-04,1.443805200e-02,1.388422496e-02,1.376457596e-02,5.538270417e-04,309.341523,312.030484,312.030484,3.100160062e-04,2.340479940e-04,9.763041499e-06,row,0,-1.000000000e+00,-1.000000
cuda_warp_smem(blk512),double,local,local,16384,16384,8,1,1,1,7,2.240000001e-07,1.432277200e-02,1.289500000e-04,1.445194600e-02,1.389320636e-02,1.376403236e-02,5.587396361e-04,309.141546,312.042807,312.042807,3.091840148e-04,2.383359969e-04,1.121962444e-05,row,0,-1.000000000e+00,-1.000000
cuda_warp_smem(blk512),double,local,local,16384,16384,8,1,1,1,8,2.299999999e-07,1.431095400e-02,1.194030000e-04,1.443058700e-02,1.388523320e-02,1.376560020e-02,5.453537955e-04,309.319061,312.007267,312.007267,3.078080118e-04,2.274560034e-04,1.008978033e-05,row,0,-1.000000000e+00,-1.000000
cuda_warp_smem(blk512),double,local,local,16384,16384,8,1,1,1,9,2.410000000e-07,1.430595800e-02,1.240090000e-04,1.443020800e-02,1.388415391e-02,1.375990391e-02,5.460540922e-04,309.343106,312.136431,312.136431,3.056319952e-04,2.306240052e-04,9.798091825e-06,row,0,-1.000000000e+00,-1.000000
cuda_warp_smem(blk512),double,local,local,16384,16384,8,1,1,1,10,2.349999999e-07,1.430349700e-02,1.204670000e-04,1.442419900e-02,1.387596628e-02,1.375526428e-02,5.482327178e-04,309.525637,312.241714,312.241714,3.064000010e-04,2.314559966e-04,1.037672009e-05,row,0,-1.000000000e+00,-1.000000
cuda_warp_smem(blk512),double,local,local,16384,16384,8,1,1,1,11,2.410000000e-07,1.429931400e-02,1.187000000e-04,1.441825500e-02,1.386946934e-02,1.375052834e-02,5.487856644e-04,309.670629,312.349256,312.349256,3.087359965e-04,2.291840017e-04,1.086566626e-05,row,0,-1.000000000e+00,-1.000000
cuda_warp_smem(blk512),double,local,local,16384,16384,8,1,1,1,12,2.429999997e-07,1.430714400e-02,1.214140000e-04,1.442880100e-02,1.387692128e-02,1.375526428e-02,5.518797178e-04,309.504335,312.241714,312.241714,3.112640083e-04,2.295999974e-04,1.101571209e-05,row,0,-1.000000000e+00,-1.000000
cuda_warp_smem(blk512),double,local,local,16384,16384,8,1,1,1,13,2.030000001e-07,1.430995100e-02,1.193780000e-04,1.442953200e-02,1.387266900e-02,1.375308800e-02,5.568630026e-04,309.599205,312.291123,312.291123,3.075200021e-04,2.396479994e-04,9.695001031e-06,row,0,-1.000000000e+00,-1.000000
cuda_warp_smem(blk512),double,local,local,16384,16384,8,1,1,1,14,2.189999999e-07,1.430372300e-02,1.188840000e-04,1.442282600e-02,1.386931090e-02,1.375020790e-02,5.535150990e-04,309.674167,312.356535,312.356535,3.087680042e-04,2.352319956e-04,9.515099237e-06,row,0,-1.000000000e+00,-1.000000
cuda_warp_smem(blk512),double,local,local,16384,16384,8,1,1,1,15,1.959999998e-07,1.429095700e-02,1.197220000e-04,1.441087500e-02,1.387012590e-02,1.375020790e-02,5.407490990e-04,309.655970,312.356535,312.356535,3.022400141e-04,2.279359996e-04,1.057308529e-05,row,0,-1.000000000e+00,-1.000000
cuda_warp_smem(blk512),double,local,local,16384,16384,8,1,1,1,16,1.599999999e-07,1.429812600e-02,1.224540000e-04,1.442074000e-02,1.387163839e-02,1.374902439e-02,5.491016088e-04,309.622207,312.383423,312.383423,3.057599962e-04,2.332479954e-04,1.009361727e-05,row,0,-1.000000000e+00,-1.000000
cuda_warp_smem(blk512),double,local,local,16384,16384,8,1,1,1,17,1.599999999e-07,1.430831300e-02,1.192610000e-04,1.442773400e-02,1.387074947e-02,1.375132847e-02,5.569845317e-04,309.642050,312.331082,312.331082,3.025920093e-04,2.438080013e-04,1.058452109e-05,row,0,-1.000000000e+00,-1.000000
cuda_warp_smem(blk512),double,local,local,16384,16384,8,1,1,1,18,1.799999998e-07,1.429442700e-02,1.188500000e-04,1.441345700e-02,1.387160587e-02,1.375257587e-02,5.418511257e-04,309.622933,312.302752,312.302752,3.052479923e-04,2.262399942e-04,1.036313923e-05,row,0,-1.000000000e+00,-1.000000
cuda_warp_smem(blk512),double,local,local,16384,16384,8,1,1,1,19,1.560000000e-07,1.428864200e-02,1.185590000e-04,1.440735700e-02,1.386133928e-02,1.374262428e-02,5.460177172e-04,309.852259,312.528903,312.528903,3.066880107e-04,2.294719964e-04,9.857710044e-06,row,0,-1.000000000e+00,-1.000000
cuda_warp_smem(blk512),double,local,local,16384,16384,8,1,1,1,20,4.610000000e-07,1.428745800e-02,1.196830000e-04,1.440760200e-02,1.386740791e-02,1.374726391e-02,5.401940916e-04,309.716663,312.423427,312.423427,3.047679961e-04,2.247679979e-04,1.065809768e-05,row,0,-1.000000000e+00,-1.000000
cuda_warp_smem(blk512),double,local,local,16384,16384,20,1,1,1,1,2.389999998e-07,3.531965000e-02,2.998280000e-04,3.561971700e-02,3.452483659e-02,3.422476959e-02,1.094880408e-03,311.005621,313.732375,313.732375,5.935999751e-04,4.896320105e-04,1.164842215e-05,row,0,-1.000000000e+00,-1.000000
cuda_warp_smem(blk512),double,local,local,16384,16384,20,1,1,1,2,3.280000000e-07,3.532460300e-02,3.044850000e-04,3.562941600e-02,3.452855644e-02,3.422374344e-02,1.100859561e-03,310.972115,313.741782,313.741782,5.987200141e-04,4.920639992e-04,1.007554801e-05,row,0,-1.000000000e+00,-1.000000
cuda_warp_smem(blk512),double,local,local,16384,16384,20,1,1,1,3,2.210000001e-07,3.533220600e-02,3.040420000e-04,3.563646900e-02,3.453370178e-02,3.422943878e-02,1.102767218e-03,310.925782,313.689579,313.689579,5.936639905e-04,4.984639883e-04,1.063923946e-05,row,0,-1.000000000e+00,-1.000000
cuda_warp_smem(blk512),double,local,local,16384,16384,20,1,1,1,4,3.180000001e-07,3.532320600e-02,3.075220000e-04,3.563104600e-02,3.453635181e-02,3.422851181e-02,1.094694190e-03,310.901924,313.698074,313.698074,5.963199735e-04,4.877440035e-04,1.063021269e-05,row,0,-1.000000000e+00,-1.000000
cuda_warp_smem(blk512),double,local,local,16384,16384,20,1,1,1,5,2.210000001e-07,3.531348900e-02,3.004970000e-04,3.561420700e-02,3.452996605e-02,3.422924805e-02,1.084240953e-03,310.959421,313.691327,313.691327,5.961920023e-04,4.767360091e-04,1.131294171e-05,row,0,-1.000000000e+00,-1.000000
cuda_warp_smem(blk512),double,local,local,16384,16384,20,1,1,1,6,1.930000000e-07,3.529568500e-02,2.983370000e-04,3.559421500e-02,3.452653064e-02,3.422800064e-02,1.067684359e-03,310.990361,313.702759,313.702759,5.853760242e-04,4.712319970e-04,1.107633787e-05,row,0,-1.000000000e+00,-1.000000
cuda_warp_smem(blk512),double,local,local,16384,16384,20,1,1,1,7,2.050000001e-07,3.530426900e-02,3.021520000e-04,3.560662600e-02,3.452434186e-02,3.422198486e-02,1.082284137e-03,311.010078,313.757904,313.757904,5.905920267e-04,4.817599952e-04,9.932114786e-06,row,0,-1.000000000e+00,-1.000000
cuda_warp_smem(blk512),double,local,local,16384,16384,20,1,1,1,8,2.219999999e-07,3.528664600e-02,3.054910000e-04,3.559235900e-02,3.451380855e-02,3.420809555e-02,1.078550449e-03,311.104995,313.885297,313.885297,5.960000157e-04,4.729599953e-04,9.590438458e-06,row,0,-1.000000000e+00,-1.000000
cuda_warp_smem(blk512),double,local,local,16384,16384,20,1,1,1,9,2.040000000e-07,3.527260700e-02,2.984080000e-04,3.557121900e-02,3.450290048e-02,3.420428848e-02,1.068318517e-03,311.203351,313.920234,313.920234,5.934720039e-04,4.634880126e-04,1.135850084e-05,row,0,-1.000000000e+00,-1.000000
cuda_warp_smem(blk512),double,local,local,16384,16384,20,1,1,1,10,1.980000000e-07,3.528793400e-02,3.142390000e-04,3.560237100e-02,3.451491841e-02,3.420048141e-02,1.087452585e-03,311.094991,313.955178,313.955178,5.957760215e-04,4.806720018e-04,1.100456189e-05,row,0,-1.000000000e+00,-1.000000
cuda_warp_smem(blk512),double,local,local,16384,16384,20,1,1,1,11,2.830000001e-07,3.530249300e-02,3.014050000e-04,3.560418100e-02,3.450812034e-02,3.420643234e-02,1.096060657e-03,311.156277,313.900559,313.900559,5.942400098e-04,4.915199876e-04,1.030066010e-05,row,0,-1.000000000e+00,-1.000000
cuda_warp_smem(blk512),double,local,local,16384,16384,20,1,1,1,12,1.830000000e-07,3.529483900e-02,3.025150000e-04,3.559753700e-02,3.450708185e-02,3.420438385e-02,1.090455150e-03,311.165641,313.919359,313.919359,6.001920104e-04,4.798719883e-04,1.039115120e-05,row,0,-1.000000000e+00,-1.000000
cuda_warp_smem(blk512),double,local,local,16384,16384,20,1,1,1,13,1.410000001e-07,3.527913000e-02,3.082150000e-04,3.558748600e-02,3.450931425e-02,3.420095825e-02,1.078171748e-03,311.145512,313.950801,313.950801,5.986880064e-04,4.686720073e-04,1.081173432e-05,row,0,-1.000000000e+00,-1.000000
cuda_warp_smem(blk512),double,local,local,16384,16384,20,1,1,1,14,1.539999999e-07,3.527516300e-02,3.005990000e-04,3.557591600e-02,3.450382459e-02,3.420307159e-02,1.072091406e-03,311.195016,313.931403,313.931403,5.924800038e-04,4.682880044e-04,1.132339753e-05,row,0,-1.000000000e+00,-1.000000
cuda_warp_smem(blk512),double,local,local,16384,16384,20,1,1,1,15,1.630000002e-07,3.527113100e-02,3.010180000e-04,3.557231200e-02,3.450511853e-02,3.420393753e-02,1.067193469e-03,311.183346,313.923455,313.923455,5.893759727e-04,4.661119878e-04,1.170550891e-05,row,0,-1.000000000e+00,-1.000000
cuda_warp_smem(blk512),double,local,local,16384,16384,20,1,1,1,16,1.860000003e-07,3.525860600e-02,2.965970000e-04,3.555538900e-02,3.450174287e-02,3.420495987e-02,1.053646131e-03,311.213792,313.914072,313.914072,5.830720067e-04,4.592640102e-04,1.131011372e-05,row,0,-1.000000000e+00,-1.000000
cuda_warp_smem(blk512),double,local,local,16384,16384,20,1,1,1,17,1.340000000e-07,3.579585600e-02,8.819290000e-04,3.667791900e-02,3.508568010e-02,3.420361710e-02,1.592238904e-03,306.034206,313.926396,313.926396,5.904319882e-04,9.887999892e-04,1.300692659e-05,row,0,-1.000000000e+00,-1.000000
cuda_warp_smem(blk512),double,local,local,16384,16384,20,1,1,1,18,1.049999998e-07,3.579836600e-02,2.993420000e-04,3.609781300e-02,3.449759001e-02,3.419814301e-02,1.600222995e-03,311.251257,313.976646,313.976646,1.119135976e-03,4.695680141e-04,1.151900465e-05,row,0,-1.000000000e+00,-1.000000
cuda_warp_smem(blk512),double,local,local,16384,16384,20,1,1,1,19,1.759999999e-07,3.527286500e-02,3.037170000e-04,3.557675800e-02,3.450977984e-02,3.420588684e-02,1.066978159e-03,311.141314,313.905565,313.905565,5.968319774e-04,4.582079947e-04,1.193818711e-05,row,0,-1.000000000e+00,-1.000000
cuda_warp_smem(blk512),double,local,local,16384,16384,20,1,1,1,20,1.689999998e-07,3.526825200e-02,3.002600000e-04,3.556868100e-02,3.450692619e-02,3.420649719e-02,1.061754808e-03,311.167045,313.899964,313.899964,5.910720229e-04,4.591360092e-04,1.154677549e-05,row,0,-1.000000000e+00,-1.000000
cuda_warp_smem(blk512),double,local,local,16384,16384,32,1,1,1,1,1.980000000e-07,5.714958300e-02,5.334670000e-04,5.768324800e-02,5.581913787e-02,5.528547287e-02,1.864110130e-03,307.777401,310.748345,310.748345,9.752960205e-04,8.764479756e-04,1.236613398e-05,row,0,-1.000000000e+00,-1.000000
cuda_warp_smem(blk512),double,local,local,16384,16384,32,1,1,1,2,1.580000000e-07,5.711767500e-02,5.338160000e-04,5.765164900e-02,5.580952484e-02,5.527555084e-02,1.842124158e-03,307.830415,310.804124,310.804124,9.658880234e-04,8.653439879e-04,1.089214640e-05,row,0,-1.000000000e+00,-1.000000
cuda_warp_smem(blk512),double,local,local,16384,16384,32,1,1,1,3,2.749999999e-07,5.711029000e-02,5.410550000e-04,5.765162000e-02,5.581665959e-02,5.527532959e-02,1.834960410e-03,307.791067,310.805369,310.805369,9.654399753e-04,8.568639755e-04,1.265645937e-05,row,0,-1.000000000e+00,-1.000000
cuda_warp_smem(blk512),double,local,local,16384,16384,32,1,1,1,4,2.910000001e-07,5.713120500e-02,5.526030000e-04,5.768409900e-02,5.582812441e-02,5.527523041e-02,1.855974592e-03,307.727859,310.805926,310.805926,9.740160108e-04,8.702719808e-04,1.168660076e-05,row,0,-1.000000000e+00,-1.000000
cuda_warp_smem(blk512),double,local,local,16384,16384,32,1,1,1,5,2.820000000e-07,5.713096100e-02,5.272800000e-04,5.765852300e-02,5.580064855e-02,5.527308655e-02,1.857874452e-03,307.879382,310.817981,310.817981,9.762560129e-04,8.689600229e-04,1.265841631e-05,row,0,-1.000000000e+00,-1.000000
cuda_warp_smem(blk512),double,local,local,16384,16384,32,1,1,1,6,1.450000000e-07,5.712729200e-02,5.212660000e-04,5.764870300e-02,5.579440218e-02,5.527299118e-02,1.854300820e-03,307.913850,310.818518,310.818518,9.765120149e-04,8.665599823e-04,1.122882241e-05,row,0,-1.000000000e+00,-1.000000
cuda_warp_smem(blk512),double,local,local,16384,16384,32,1,1,1,7,1.789999997e-07,5.711761200e-02,5.258830000e-04,5.764367400e-02,5.580839919e-02,5.528233719e-02,1.835274811e-03,307.836624,310.765971,310.765971,9.714879990e-04,8.515200019e-04,1.226681043e-05,row,0,-1.000000000e+00,-1.000000
cuda_warp_smem(blk512),double,local,local,16384,16384,32,1,1,1,8,1.709999999e-07,5.710144500e-02,5.267190000e-04,5.762833500e-02,5.580692311e-02,5.528003311e-02,1.821411888e-03,307.844766,310.778924,310.778924,9.613119960e-04,8.485119939e-04,1.158789856e-05,row,0,-1.000000000e+00,-1.000000
cuda_warp_smem(blk512),double,local,local,16384,16384,32,1,1,1,9,1.670000001e-07,5.714897700e-02,5.710780000e-04,5.772022200e-02,5.584804325e-02,5.527679825e-02,1.872178752e-03,307.618104,310.797111,310.797111,9.751999974e-04,8.823680282e-04,1.461072612e-05,row,0,-1.000000000e+00,-1.000000
cuda_warp_smem(blk512),double,local,local,16384,16384,32,1,1,1,10,2.090000000e-07,5.713395100e-02,5.176020000e-04,5.765176200e-02,5.579022616e-02,5.527241516e-02,1.861535839e-03,307.936898,310.821757,310.821757,9.770240188e-04,8.725759983e-04,1.193582180e-05,row,0,-1.000000000e+00,-1.000000
cuda_warp_smem(blk512),double,local,local,16384,16384,32,1,1,1,11,1.359999997e-07,5.795492600e-02,1.467204000e-03,5.942226600e-02,5.673975516e-02,5.527241516e-02,2.682510839e-03,302.783633,310.821757,310.821757,9.742400050e-04,1.694111943e-03,1.415889061e-05,row,0,-1.000000000e+00,-1.000000
cuda_warp_smem(blk512),double,local,local,16384,16384,32,1,1,1,12,8.839999999e-07,5.798171100e-02,5.385880000e-04,5.852118300e-02,5.582289638e-02,5.528342438e-02,2.698286623e-03,307.756679,310.759859,310.759859,1.827999949e-03,8.573120236e-04,1.297464946e-05,row,0,-1.000000000e+00,-1.000000
cuda_warp_smem(blk512),double,local,local,16384,16384,32,1,1,1,13,1.219999999e-07,5.710427900e-02,5.254270000e-04,5.762982800e-02,5.580046279e-02,5.527491379e-02,1.829365212e-03,307.880407,310.807707,310.807707,9.607679844e-04,8.559039831e-04,1.269324465e-05,row,0,-1.000000000e+00,-1.000000
cuda_warp_smem(blk512),double,local,local,16384,16384,32,1,1,1,14,2.790000000e-07,5.712731200e-02,5.398060000e-04,5.766739700e-02,5.581486909e-02,5.527478409e-02,1.852527912e-03,307.800940,310.808436,310.808436,9.642879963e-04,8.763840199e-04,1.185589572e-05,row,0,-1.000000000e+00,-1.000000
cuda_warp_smem(blk512),double,local,local,16384,16384,32,1,1,1,15,3.060000000e-07,5.713492500e-02,5.290200000e-04,5.766425100e-02,5.580574278e-02,5.527641678e-02,1.858508221e-03,307.851277,310.799256,310.799256,9.814080000e-04,8.639039993e-04,1.319622211e-05,row,0,-1.000000000e+00,-1.000000
cuda_warp_smem(blk512),double,local,local,16384,16384,32,1,1,1,16,1.729999997e-07,5.794270900e-02,1.457164000e-03,5.940004600e-02,5.672728787e-02,5.526995087e-02,2.672758133e-03,302.850177,310.835615,310.835615,9.744319916e-04,1.684767962e-03,1.355818022e-05,row,0,-1.000000000e+00,-1.000000
cuda_warp_smem(blk512),double,local,local,16384,16384,32,1,1,1,17,8.289999998e-07,5.795531300e-02,5.158180000e-04,5.847196000e-02,5.579684033e-02,5.528019333e-02,2.675119671e-03,307.900395,310.778023,310.778023,1.820448041e-03,8.423680067e-04,1.230362347e-05,row,0,-1.000000000e+00,-1.000000
cuda_warp_smem(blk512),double,local,local,16384,16384,32,1,1,1,18,1.320000003e-07,5.708338200e-02,5.190170000e-04,5.760253100e-02,5.579630202e-02,5.527715302e-02,1.806228985e-03,307.903366,310.795116,310.795116,9.574720263e-04,8.372799754e-04,1.147698310e-05,row,0,-1.000000000e+00,-1.000000
cuda_warp_smem(blk512),double,local,local,16384,16384,32,1,1,1,19,1.350000001e-07,5.707922700e-02,5.126780000e-04,5.759204000e-02,5.578206196e-02,5.526924896e-02,1.809978038e-03,307.981967,310.839563,310.839563,9.612159729e-04,8.367360234e-04,1.202604127e-05,row,0,-1.000000000e+00,-1.000000
cuda_warp_smem(blk512),double,local,local,16384,16384,32,1,1,1,20,7.299999982e-08,5.709796400e-02,5.377840000e-04,5.763582100e-02,5.581667322e-02,5.527881622e-02,1.819147777e-03,307.790991,310.785765,310.785765,9.732159972e-04,8.338559866e-04,1.207579304e-05,row,0,-1.000000000e+00,-1.000000
cuda_warp_smem(blk1024),double,local,local,16384,16384,3,1,1,1,1,1.310000002e-07,5.673128000e-03,4.397200000e-05,5.717231000e-03,5.500358913e-03,5.456255913e-03,2.168720872e-04,292.819571,295.186436,295.186436,1.172479987e-04,9.014400095e-05,9.480087557e-06,row,0,-1.000000000e+00,-1.000000
cuda_warp_smem(blk1024),double,local,local,16384,16384,3,1,1,1,2,1.189999999e-07,5.682223000e-03,4.397000000e-05,5.726312000e-03,5.502648990e-03,5.458559990e-03,2.236630101e-04,292.697706,295.061837,295.061837,1.223360002e-04,9.225600213e-05,9.071007739e-06,row,0,-1.000000000e+00,-1.000000
cuda_warp_smem(blk1024),double,local,local,16384,16384,3,1,1,1,3,8.700000009e-08,5.674599000e-03,4.411100000e-05,5.718797000e-03,5.503077948e-03,5.458879948e-03,2.157190523e-04,292.674891,295.044542,295.044542,1.181759983e-04,8.915200084e-05,8.391053163e-06,row,0,-1.000000000e+00,-1.000000
cuda_warp_smem(blk1024),double,local,local,16384,16384,3,1,1,1,4,1.390000000e-07,5.696983000e-03,4.467400000e-05,5.741796000e-03,5.504237019e-03,5.459424019e-03,2.375589811e-04,292.613260,295.015139,295.015139,1.185600013e-04,1.088960022e-04,1.010297771e-05,row,0,-1.000000000e+00,-1.000000
cuda_warp_smem(blk1024),double,local,local,16384,16384,3,1,1,1,5,1.140000001e-07,5.678476000e-03,4.436900000e-05,5.722959000e-03,5.499842936e-03,5.455359936e-03,2.231160642e-04,292.847042,295.234917,295.234917,1.208320037e-04,9.337600321e-05,8.908057381e-06,row,0,-1.000000000e+00,-1.000000
cuda_warp_smem(blk1024),double,local,local,16384,16384,3,1,1,1,6,1.049999998e-07,5.675555000e-03,4.460200000e-05,5.720262000e-03,5.500579059e-03,5.455872059e-03,2.196829411e-04,292.807851,295.207204,295.207204,1.193599999e-04,9.158399701e-05,8.738944225e-06,row,0,-1.000000000e+00,-1.000000
cuda_warp_smem(blk1024),double,local,local,16384,16384,3,1,1,1,7,1.080000001e-07,5.672962000e-03,4.427900000e-05,5.717349000e-03,5.501186984e-03,5.456799984e-03,2.161620160e-04,292.775494,295.157004,295.157004,1.186240017e-04,8.764799684e-05,9.890017437e-06,row,0,-1.000000000e+00,-1.000000
cuda_warp_smem(blk1024),double,local,local,16384,16384,3,1,1,1,8,8.700000009e-08,5.676819000e-03,4.850900000e-05,5.725415000e-03,5.505876159e-03,5.457280159e-03,2.195388410e-04,292.526147,295.131034,295.131034,1.184960008e-04,9.190399945e-05,9.138840789e-06,row,0,-1.000000000e+00,-1.000000
cuda_warp_smem(blk1024),double,local,local,16384,16384,3,1,1,1,9,8.400000007e-08,5.678795000e-03,4.376500000e-05,5.722644000e-03,5.502184876e-03,5.458335876e-03,2.204591235e-04,292.722395,295.073952,295.073952,1.179839969e-04,9.318400174e-05,9.291124923e-06,row,0,-1.000000000e+00,-1.000000
cuda_warp_smem(blk1024),double,local,local,16384,16384,3,1,1,1,10,8.400000007e-08,5.675089000e-03,4.401800000e-05,5.719191000e-03,5.499878215e-03,5.455776215e-03,2.193127854e-04,292.845164,295.212390,295.212390,1.189759970e-04,9.136000276e-05,8.976785673e-06,row,0,-1.000000000e+00,-1.000000
cuda_warp_smem(blk1024),double,local,local,16384,16384,3,1,1,1,11,8.500000015e-08,5.674524000e-03,4.522100000e-05,5.719830000e-03,5.503577980e-03,5.458271980e-03,2.162520197e-04,292.648299,295.077406,295.077406,1.191359982e-04,8.816000074e-05,8.956020783e-06,row,0,-1.000000000e+00,-1.000000
cuda_warp_smem(blk1024),double,local,local,16384,16384,3,1,1,1,12,8.900000004e-08,5.684783000e-03,4.325500000e-05,5.728127000e-03,5.499343851e-03,5.455999851e-03,2.287831488e-04,292.873619,295.200290,295.200290,1.302399933e-04,8.848000318e-05,1.006315226e-05,row,0,-1.000000000e+00,-1.000000
cuda_warp_smem(blk1024),double,local,local,16384,16384,3,1,1,1,13,8.900000004e-08,5.676469000e-03,4.526400000e-05,5.721822000e-03,5.503752773e-03,5.458399773e-03,2.180692274e-04,292.639005,295.070497,295.070497,1.197440028e-04,8.844800293e-05,9.877221602e-06,row,0,-1.000000000e+00,-1.000000
cuda_warp_smem(blk1024),double,local,local,16384,16384,3,1,1,1,14,8.800000018e-08,5.689836000e-03,4.387300000e-05,5.733797000e-03,5.510168981e-03,5.466207981e-03,2.236280189e-04,292.298247,294.649004,294.649004,1.191999987e-04,9.542399645e-05,9.004023765e-06,row,0,-1.000000000e+00,-1.000000
cuda_warp_smem(blk1024),double,local,local,16384,16384,3,1,1,1,15,1.590000001e-07,5.681047000e-03,4.419900000e-05,5.725405000e-03,5.499141916e-03,5.454783916e-03,2.262630835e-04,292.884374,295.266093,295.266093,1.198400036e-04,9.644799680e-05,9.975083181e-06,row,0,-1.000000000e+00,-1.000000
cuda_warp_smem(blk1024),double,local,local,16384,16384,3,1,1,1,16,1.210000000e-07,5.674512000e-03,4.356200000e-05,5.718195000e-03,5.498307176e-03,5.454624176e-03,2.198878240e-04,292.928839,295.274740,295.274740,1.197760031e-04,9.151999652e-05,8.591824388e-06,row,0,-1.000000000e+00,-1.000000
cuda_warp_smem(blk1024),double,local,local,16384,16384,3,1,1,1,17,1.070000000e-07,5.667109000e-03,4.480600000e-05,5.712022000e-03,5.498864836e-03,5.453951836e-03,2.131571644e-04,292.899132,295.311140,295.311140,1.179839969e-04,8.649600297e-05,8.677164527e-06,row,0,-1.000000000e+00,-1.000000
cuda_warp_smem(blk1024),double,local,local,16384,16384,3,1,1,1,18,1.039999999e-07,5.665778000e-03,4.501800000e-05,5.710900000e-03,5.495394083e-03,5.450272083e-03,2.155059167e-04,293.084119,295.510520,295.510520,1.188480034e-04,8.745600283e-05,9.201910439e-06,row,0,-1.000000000e+00,-1.000000
cuda_warp_smem(blk1024),double,local,local,16384,16384,3,1,1,1,19,1.140000001e-07,5.673929000e-03,4.499900000e-05,5.719042000e-03,5.499993238e-03,5.454880238e-03,2.190487624e-04,292.839039,295.260879,295.260879,1.192639992e-04,9.052799642e-05,9.256766836e-06,row,0,-1.000000000e+00,-1.000000
cuda_warp_smem(blk1024),double,local,local,16384,16384,3,1,1,1,20,1.430000001e-07,5.674604000e-03,4.488200000e-05,5.719629000e-03,5.498241076e-03,5.453216076e-03,2.213879241e-04,292.932360,295.350984,295.350984,1.227840036e-04,8.867199719e-05,9.931923298e-06,row,0,-1.000000000e+00,-1.000000
cuda_warp_smem(blk1024),double,local,local,16384,16384,6,1,1,1,1,2.200000000e-07,1.020754900e-02,9.148700000e-05,1.029925600e-02,9.869307288e-03,9.777600288e-03,4.299487116e-04,326.388203,329.449494,329.449494,2.314880043e-04,1.881600022e-04,1.030070505e-05,row,0,-1.000000000e+00,-1.000000
cuda_warp_smem(blk1024),double,local,local,16384,16384,6,1,1,1,2,2.129999999e-07,1.020817600e-02,8.910000000e-05,1.029748900e-02,9.868800610e-03,9.779487610e-03,4.286883901e-04,326.404960,329.385915,329.385915,2.368959934e-04,1.818560064e-04,9.936390401e-06,row,0,-1.000000000e+00,-1.000000
cuda_warp_smem(blk1024),double,local,local,16384,16384,6,1,1,1,3,4.020000000e-07,1.019106500e-02,8.970500000e-05,1.028117200e-02,9.866971052e-03,9.776864052e-03,4.142009482e-04,326.465483,329.474303,329.474303,2.307199985e-04,1.746879965e-04,8.792953195e-06,row,0,-1.000000000e+00,-1.000000
cuda_warp_smem(blk1024),double,local,local,16384,16384,6,1,1,1,4,1.230000002e-07,1.019379600e-02,8.846700000e-05,1.028238600e-02,9.866318081e-03,9.777728081e-03,4.160679193e-04,326.487089,329.445189,329.445189,2.321600020e-04,1.735679954e-04,1.033992183e-05,row,0,-1.000000000e+00,-1.000000
cuda_warp_smem(blk1024),double,local,local,16384,16384,6,1,1,1,5,1.270000001e-07,1.019702200e-02,9.394300000e-05,1.029109200e-02,9.874805970e-03,9.780735970e-03,4.162860305e-04,326.206457,329.343874,329.343874,2.310719937e-04,1.763519943e-04,8.862042472e-06,row,0,-1.000000000e+00,-1.000000
cuda_warp_smem(blk1024),double,local,local,16384,16384,6,1,1,1,6,1.029999999e-07,1.020432700e-02,8.789300000e-05,1.029232300e-02,9.866203779e-03,9.778207779e-03,4.261192211e-04,326.490872,329.429027,329.429027,2.301760018e-04,1.855680048e-04,1.037521444e-05,row,0,-1.000000000e+00,-1.000000
cuda_warp_smem(blk1024),double,local,local,16384,16384,6,1,1,1,7,1.439999999e-07,1.019172000e-02,8.960600000e-05,1.028147000e-02,9.868661591e-03,9.778911591e-03,4.128084094e-04,326.409558,329.405317,329.405317,2.327039987e-04,1.703680009e-04,9.736409874e-06,row,0,-1.000000000e+00,-1.000000
cuda_warp_smem(blk1024),double,local,local,16384,16384,6,1,1,1,8,1.089999999e-07,1.018846300e-02,9.001100000e-05,1.027858300e-02,9.868455571e-03,9.778335571e-03,4.101274287e-04,326.416373,329.424721,329.424721,2.327039987e-04,1.681919992e-04,9.231430829e-06,row,0,-1.000000000e+00,-1.000000
cuda_warp_smem(blk1024),double,local,local,16384,16384,6,1,1,1,9,1.210000000e-07,1.020833500e-02,9.041000000e-05,1.029886600e-02,9.866434702e-03,9.775903702e-03,4.324312982e-04,326.483230,329.506670,329.506670,2.358720005e-04,1.863359958e-04,1.022330197e-05,row,0,-1.000000000e+00,-1.000000
cuda_warp_smem(blk1024),double,local,local,16384,16384,6,1,1,1,10,1.539999999e-07,1.018437500e-02,9.014200000e-05,1.027467100e-02,9.860887736e-03,9.770591736e-03,4.137832642e-04,326.666884,329.685812,329.685812,2.328960001e-04,1.716800034e-04,9.207260609e-06,row,0,-1.000000000e+00,-1.000000
cuda_warp_smem(blk1024),double,local,local,16384,16384,6,1,1,1,11,1.120000002e-07,1.018385200e-02,8.854400000e-05,1.027250800e-02,9.862384371e-03,9.773728371e-03,4.101236293e-04,326.617312,329.580008,329.580008,2.319040000e-04,1.693439931e-04,8.875636222e-06,row,0,-1.000000000e+00,-1.000000
cuda_warp_smem(blk1024),double,local,local,16384,16384,6,1,1,1,12,1.629999999e-07,1.017739900e-02,8.879700000e-05,1.026635900e-02,9.860160180e-03,9.771200180e-03,4.061988199e-04,326.690988,329.665283,329.665283,2.323839962e-04,1.650239974e-04,8.790826272e-06,row,0,-1.000000000e+00,-1.000000
cuda_warp_smem(blk1024),double,local,local,16384,16384,6,1,1,1,13,1.249999999e-07,1.020054900e-02,8.923100000e-05,1.028990500e-02,9.860332067e-03,9.770976067e-03,4.295729334e-04,326.685293,329.672844,329.672844,2.534720004e-04,1.662719995e-04,9.828933572e-06,row,0,-1.000000000e+00,-1.000000
cuda_warp_smem(blk1024),double,local,local,16384,16384,6,1,1,1,14,1.549999999e-07,1.017884100e-02,8.962500000e-05,1.026862100e-02,9.858579782e-03,9.768799782e-03,4.100412182e-04,326.743359,329.746289,329.746289,2.321919948e-04,1.678079963e-04,1.004122714e-05,row,0,-1.000000000e+00,-1.000000
cuda_warp_smem(blk1024),double,local,local,16384,16384,6,1,1,1,15,1.090000001e-07,1.017354400e-02,8.900200000e-05,1.026265500e-02,9.856727272e-03,9.767616272e-03,4.059277280e-04,326.804768,329.786243,329.786243,2.332800031e-04,1.624320000e-04,1.021572492e-05,row,0,-1.000000000e+00,-1.000000
cuda_warp_smem(blk1024),double,local,local,16384,16384,6,1,1,1,16,1.140000001e-07,1.018075600e-02,9.225200000e-05,1.027312200e-02,9.861358424e-03,9.768992424e-03,4.117635760e-04,326.651292,329.739786,329.739786,2.315520048e-04,1.696320027e-04,1.057956846e-05,row,0,-1.000000000e+00,-1.000000
cuda_warp_smem(blk1024),double,local,local,16384,16384,6,1,1,1,17,1.240000000e-07,1.019797300e-02,9.157700000e-05,1.028967400e-02,9.861237018e-03,9.769536018e-03,4.284369816e-04,326.655314,329.721439,329.721439,2.445120066e-04,1.734720021e-04,1.045297284e-05,row,0,-1.000000000e+00,-1.000000
cuda_warp_smem(blk1024),double,local,local,16384,16384,6,1,1,1,18,1.709999999e-07,1.019199600e-02,8.961800000e-05,1.028178500e-02,9.861308661e-03,9.771519661e-03,4.204763391e-04,326.652941,329.654504,329.654504,2.351360023e-04,1.762560010e-04,9.084335753e-06,row,0,-1.000000000e+00,-1.000000
cuda_warp_smem(blk1024),double,local,local,16384,16384,6,1,1,1,19,1.570000001e-07,1.017690400e-02,8.964400000e-05,1.026670500e-02,9.858760999e-03,9.768959999e-03,4.079440009e-04,326.737353,329.740881,329.740881,2.320639938e-04,1.664000005e-04,9.480006651e-06,row,0,-1.000000000e+00,-1.000000
cuda_warp_smem(blk1024),double,local,local,16384,16384,6,1,1,1,20,1.590000001e-07,1.018599800e-02,1.001700000e-04,1.028632700e-02,9.870313245e-03,9.769984245e-03,4.160137547e-04,326.354938,329.706312,329.706312,2.368319929e-04,1.697600037e-04,9.421758149e-06,row,0,-1.000000000e+00,-1.000000
cuda_warp_smem(blk1024),double,local,local,16384,16384,8,1,1,1,1,1.529999998e-07,1.351545700e-02,1.191130000e-04,1.363472300e-02,1.308902594e-02,1.296975994e-02,5.456970589e-04,328.134982,331.152413,331.152413,3.063040078e-04,2.286079973e-04,1.078505383e-05,row,0,-1.000000000e+00,-1.000000
cuda_warp_smem(blk1024),double,local,local,16384,16384,8,1,1,1,2,1.450000000e-07,1.353293100e-02,1.294220000e-04,1.366249800e-02,1.311439881e-02,1.298483181e-02,5.480991900e-04,327.500129,330.768034,330.768034,3.055680096e-04,2.317759991e-04,1.075518132e-05,row,0,-1.000000000e+00,-1.000000
cuda_warp_smem(blk1024),double,local,local,16384,16384,8,1,1,1,3,1.270000001e-07,1.352324500e-02,1.211560000e-04,1.364452800e-02,1.310761875e-02,1.298633575e-02,5.369092456e-04,327.669531,330.729728,330.729728,3.016319871e-04,2.240319997e-04,1.124525880e-05,row,0,-1.000000000e+00,-1.000000
cuda_warp_smem(blk1024),double,local,local,16384,16384,8,1,1,1,4,1.210000000e-07,1.354045500e-02,1.195520000e-04,1.366012800e-02,1.309276126e-02,1.297308826e-02,5.673667355e-04,328.041366,331.067454,331.067454,3.336319923e-04,2.241279930e-04,9.606750207e-06,row,0,-1.000000000e+00,-1.000000
cuda_warp_smem(blk1024),double,local,local,16384,16384,8,1,1,1,5,1.360000002e-07,1.352008700e-02,1.192340000e-04,1.363945700e-02,1.309783413e-02,1.297846413e-02,5.416228734e-04,327.914314,330.930321,330.930321,3.057920039e-04,2.252800018e-04,1.055086778e-05,row,0,-1.000000000e+00,-1.000000
cuda_warp_smem(blk1024),double,local,local,16384,16384,8,1,1,1,6,1.600000001e-07,1.351370100e-02,1.201260000e-04,1.363398700e-02,1.309260560e-02,1.297231960e-02,5.413813970e-04,328.045267,331.087071,331.087071,3.078399897e-04,2.225279957e-04,1.101341167e-05,row,0,-1.000000000e+00,-1.000000
cuda_warp_smem(blk1024),double,local,local,16384,16384,8,1,1,1,7,1.180000000e-07,1.349829400e-02,1.196910000e-04,1.361810300e-02,1.307820877e-02,1.295839977e-02,5.398942274e-04,328.406387,331.442722,331.442722,3.098559976e-04,2.199359983e-04,1.010223147e-05,row,0,-1.000000000e+00,-1.000000
cuda_warp_smem(blk1024),double,local,local,16384,16384,8,1,1,1,8,1.519999999e-07,1.350325100e-02,1.185750000e-04,1.362197800e-02,1.308167103e-02,1.296294403e-02,5.403069692e-04,328.319470,331.326532,331.326532,3.080640137e-04,2.217600048e-04,1.048295076e-05,row,0,-1.000000000e+00,-1.000000
cuda_warp_smem(blk1024),double,local,local,16384,16384,8,1,1,1,9,1.119999999e-07,1.350484600e-02,1.192460000e-04,1.362420400e-02,1.308761400e-02,1.296825600e-02,5.365900033e-04,328.170383,331.190817,331.190817,3.069759905e-04,2.194239944e-04,1.019001834e-05,row,0,-1.000000000e+00,-1.000000
cuda_warp_smem(blk1024),double,local,local,16384,16384,8,1,1,1,10,1.190000001e-07,1.351902100e-02,1.190090000e-04,1.363814900e-02,1.308869625e-02,1.296956825e-02,5.494527474e-04,328.143248,331.157307,331.157307,3.084479868e-04,2.308160067e-04,1.018875393e-05,row,0,-1.000000000e+00,-1.000000
cuda_warp_smem(blk1024),double,local,local,16384,16384,8,1,1,1,11,1.660000000e-07,1.351034800e-02,1.249540000e-04,1.363546800e-02,1.310102446e-02,1.297590446e-02,5.344435353e-04,327.834461,330.995601,330.995601,3.073599935e-04,2.162880003e-04,1.079554148e-05,row,0,-1.000000000e+00,-1.000000
cuda_warp_smem(blk1024),double,local,local,16384,16384,8,1,1,1,12,9.199999984e-08,1.349820300e-02,1.203350000e-04,1.361863000e-02,1.308097063e-02,1.296054363e-02,5.376593675e-04,328.337049,331.387897,331.387897,3.174400032e-04,2.100799978e-04,1.013936656e-05,row,0,-1.000000000e+00,-1.000000
cuda_warp_smem(blk1024),double,local,local,16384,16384,8,1,1,1,13,1.409999999e-07,1.353384000e-02,1.208420000e-04,1.365482300e-02,1.309720695e-02,1.297622395e-02,5.576160544e-04,327.930017,330.987452,330.987452,3.042559922e-04,2.437440008e-04,9.616061416e-06,row,0,-1.000000000e+00,-1.000000
cuda_warp_smem(blk1024),double,local,local,16384,16384,8,1,1,1,14,1.329999999e-07,1.351233200e-02,1.200460000e-04,1.363251100e-02,1.309537870e-02,1.297519970e-02,5.371323006e-04,327.975799,331.013579,331.013579,3.068799973e-04,2.193599939e-04,1.089230941e-05,row,0,-1.000000000e+00,-1.000000
cuda_warp_smem(blk1024),double,local,local,16384,16384,8,1,1,1,15,1.470000000e-07,1.350745100e-02,1.212530000e-04,1.362885100e-02,1.309055245e-02,1.296915245e-02,5.382985494e-04,328.096718,331.167924,331.167924,3.065919876e-04,2.201920003e-04,1.151456156e-05,row,0,-1.000000000e+00,-1.000000
cuda_warp_smem(blk1024),double,local,local,16384,16384,8,1,1,1,16,1.670000001e-07,1.351738900e-02,1.205940000e-04,1.363815000e-02,1.309832867e-02,1.297756767e-02,5.398213273e-04,327.901933,330.953180,330.953180,3.076480031e-04,2.216960043e-04,1.047731990e-05,row,0,-1.000000000e+00,-1.000000
cuda_warp_smem(blk1024),double,local,local,16384,16384,8,1,1,1,17,1.480000000e-07,1.349899700e-02,1.197050000e-04,1.361885000e-02,1.308180521e-02,1.296195221e-02,5.370447905e-04,328.316102,331.351885,331.351885,3.132480085e-04,2.140160054e-04,9.780776641e-06,row,0,-1.000000000e+00,-1.000000
cuda_warp_smem(blk1024),double,local,local,16384,16384,8,1,1,1,18,1.549999999e-07,1.352198300e-02,1.184430000e-04,1.364058100e-02,1.308746244e-02,1.296886444e-02,5.531185591e-04,328.174183,331.175279,331.175279,3.257600069e-04,2.168959975e-04,1.046255465e-05,row,0,-1.000000000e+00,-1.000000
cuda_warp_smem(blk1024),double,local,local,16384,16384,8,1,1,1,19,1.360000002e-07,1.350927300e-02,1.257370000e-04,1.363514600e-02,1.310350457e-02,1.297763157e-02,5.316414311e-04,327.772412,330.951551,330.951551,3.034560084e-04,2.179200053e-04,1.026541734e-05,row,0,-1.000000000e+00,-1.000000
cuda_warp_smem(blk1024),double,local,local,16384,16384,8,1,1,1,20,1.490000001e-07,1.350775700e-02,1.187930000e-04,1.362669900e-02,1.308111832e-02,1.296217632e-02,5.455806771e-04,328.333342,331.346156,331.346156,3.203839958e-04,2.135359943e-04,1.166068700e-05,row,0,-1.000000000e+00,-1.000000
