kernel,scalar,a_mode,x_mode,M,N,k,P,pr,pc,rep,t_bcast_s,t_local_s,t_reduce_s,t_total_s,t_official_s,t_kernel_s,t_transfer_runtime_overhead_s,gflops,gflops_compute,gflops_kernel,t_h2d_X_s,t_d2h_Y_s,t_launch_overhead_s,x_layout,group_timing,t_local_group_s,gflops_local_group
cuda_warp_smem(blk64)(g8),double,local,local,16384,16384,3,1,1,1,1,1.270000001e-07,5.922093000e-03,4.450100000e-05,5.966721000e-03,5.749972200e-03,5.705344200e-03,2.167487999e-04,280.107917,282.298960,282.298960,1.186240017e-04,8.928000182e-05,8.844796305e-06,row,0,-1.000000000e+00,-1.000000
cuda_warp_smem(blk64)(g8),double,local,local,16384,16384,3,1,1,1,2,1.349999998e-07,5.926731000e-03,4.370100000e-05,5.970567000e-03,5.756540182e-03,5.712704182e-03,2.140268183e-04,279.788325,281.935260,281.935260,1.177920029e-04,8.758399636e-05,8.650819117e-06,row,0,-1.000000000e+00,-1.000000
cuda_warp_smem(blk64)(g8),double,local,local,16384,16384,3,1,1,1,3,1.000000001e-07,5.932967000e-03,4.402900000e-05,5.977096000e-03,5.761281119e-03,5.717152119e-03,2.158148813e-04,279.558088,281.715914,281.715914,1.180799976e-04,8.857599646e-05,9.158887260e-06,row,0,-1.000000000e+00,-1.000000
cuda_warp_smem(blk64)(g8),double,local,local,16384,16384,3,1,1,1,4,1.379999999e-07,5.929086000e-03,4.827700000e-05,5.977501000e-03,5.751934821e-03,5.703519821e-03,2.255661788e-04,280.012341,282.389259,282.389259,1.186880022e-04,9.628800303e-05,1.059017358e-05,row,0,-1.000000000e+00,-1.000000
cuda_warp_smem(blk64)(g8),double,local,local,16384,16384,3,1,1,1,5,2.180000001e-07,5.933183000e-03,4.777500000e-05,5.981176000e-03,5.757209118e-03,5.709216118e-03,2.239668821e-04,279.755816,282.107509,282.107509,1.206720024e-04,9.292799979e-05,1.036687991e-05,row,0,-1.000000000e+00,-1.000000
cuda_warp_smem(blk64)(g8),double,local,local,16384,16384,3,1,1,1,6,1.360000002e-07,5.955657000e-03,5.091600000e-05,6.006709000e-03,5.790955927e-03,5.739903927e-03,2.157530732e-04,278.125539,280.599250,280.599250,1.188800037e-04,8.764799684e-05,9.225072617e-06,row,0,-1.000000000e+00,-1.000000
cuda_warp_smem(blk64)(g8),double,local,local,16384,16384,3,1,1,1,7,1.310000002e-07,5.919720000e-03,4.423000000e-05,5.964081000e-03,5.745544796e-03,5.701183796e-03,2.185362041e-04,280.323763,282.504966,282.504966,1.193279997e-04,8.873599768e-05,1.047220674e-05,row,0,-1.000000000e+00,-1.000000
cuda_warp_smem(blk64)(g8),double,local,local,16384,16384,3,1,1,1,8,1.170000001e-07,5.931194000e-03,4.463100000e-05,5.975942000e-03,5.757420234e-03,5.712672234e-03,2.185217664e-04,279.745558,281.936836,281.936836,1.207360029e-04,8.851200342e-05,9.273760075e-06,row,0,-1.000000000e+00,-1.000000
cuda_warp_smem(blk64)(g8),double,local,local,16384,16384,3,1,1,1,9,1.319999998e-07,5.947295000e-03,4.411200000e-05,5.991539000e-03,5.753460118e-03,5.709216118e-03,2.380788821e-04,279.938107,282.107509,282.107509,1.384000033e-04,9.068799764e-05,8.990881188e-06,row,0,-1.000000000e+00,-1.000000
cuda_warp_smem(blk64)(g8),double,local,local,16384,16384,3,1,1,1,10,1.260000000e-07,5.925552000e-03,4.548100000e-05,5.971159000e-03,5.751591116e-03,5.705984116e-03,2.195678844e-04,280.029074,282.267301,282.267301,1.205760017e-04,9.065599740e-05,8.335885300e-06,row,0,-1.000000000e+00,-1.000000
cuda_warp_smem(blk64)(g8),double,local,local,16384,16384,3,1,1,1,11,1.480000003e-07,5.924503000e-03,4.455700000e-05,5.969208000e-03,5.750369158e-03,5.705664158e-03,2.188388421e-04,280.088581,282.283130,282.283130,1.208320037e-04,8.598399907e-05,1.202283941e-05,row,0,-1.000000000e+00,-1.000000
cuda_warp_smem(blk64)(g8),double,local,local,16384,16384,3,1,1,1,12,1.330000001e-07,5.930880000e-03,4.444900000e-05,5.975462000e-03,5.755558124e-03,5.710976124e-03,2.199038762e-04,279.836065,282.020569,282.020569,1.185600013e-04,9.260799736e-05,8.735877578e-06,row,0,-1.000000000e+00,-1.000000
cuda_warp_smem(blk64)(g8),double,local,local,16384,16384,3,1,1,1,13,1.340000000e-07,5.921734000e-03,4.397100000e-05,5.965839000e-03,5.747689194e-03,5.703584194e-03,2.181498058e-04,280.219177,282.386072,282.386072,1.184320003e-04,8.969599754e-05,1.002180800e-05,row,0,-1.000000000e+00,-1.000000
cuda_warp_smem(blk64)(g8),double,local,local,16384,16384,3,1,1,1,14,1.570000001e-07,5.919925000e-03,4.374100000e-05,5.963823000e-03,5.751545800e-03,5.707647800e-03,2.122771996e-04,280.031281,282.185025,282.185025,1.183359995e-04,8.454400301e-05,9.397196996e-06,row,0,-1.000000000e+00,-1.000000
cuda_warp_smem(blk64)(g8),double,local,local,16384,16384,3,1,1,1,15,1.340000000e-07,5.917821000e-03,4.455000000e-05,5.962505000e-03,5.748459883e-03,5.703775883e-03,2.140451173e-04,280.181608,282.376582,282.376582,1.177920029e-04,8.681599796e-05,9.437116464e-06,row,0,-1.000000000e+00,-1.000000
cuda_warp_smem(blk64)(g8),double,local,local,16384,16384,3,1,1,1,16,1.370000000e-07,5.927674000e-03,4.487300000e-05,5.972684000e-03,5.755154043e-03,5.710144043e-03,2.175299570e-04,279.855713,282.061665,282.061665,1.186880022e-04,8.899199963e-05,9.849955176e-06,row,0,-1.000000000e+00,-1.000000
cuda_warp_smem(blk64)(g8),double,local,local,16384,16384,3,1,1,1,17,1.119999999e-07,5.941056000e-03,4.422000000e-05,5.985388000e-03,5.772652122e-03,5.728320122e-03,2.127358782e-04,279.007413,281.166677,281.166677,1.176640019e-04,8.495999873e-05,1.011187763e-05,row,0,-1.000000000e+00,-1.000000
cuda_warp_smem(blk64)(g8),double,local,local,16384,16384,3,1,1,1,18,1.359999999e-07,5.900462000e-03,4.334800000e-05,5.943946000e-03,5.733979968e-03,5.690495968e-03,2.099660321e-04,280.889146,283.035564,283.035564,1.175360009e-04,8.307199925e-05,9.358031976e-06,row,0,-1.000000000e+00,-1.000000
cuda_warp_smem(blk64)(g8),double,local,local,16384,16384,3,1,1,1,19,1.400000000e-07,5.880349000e-03,4.449300000e-05,5.924982000e-03,5.712184994e-03,5.667551994e-03,2.127970057e-04,281.960885,284.181378,284.181378,1.187200025e-04,8.569599688e-05,8.381006323e-06,row,0,-1.000000000e+00,-1.000000
cuda_warp_smem(blk64)(g8),double,local,local,16384,16384,3,1,1,1,20,1.249999999e-07,5.892856000e-03,4.475600000e-05,5.937737000e-03,5.719697132e-03,5.674816132e-03,2.180398684e-04,281.590563,283.817607,283.817607,1.195200011e-04,8.857599646e-05,9.943870836e-06,row,0,-1.000000000e+00,-1.000000
cuda_warp_smem(blk64)(g8),double,local,local,16384,16384,6,1,1,1,1,1.240000000e-07,1.311452000e-02,8.890900000e-05,1.320355300e-02,1.278100096e-02,1.269196796e-02,4.225520358e-04,252.032332,253.800315,253.800315,2.314559966e-04,1.808959991e-04,1.020004012e-05,row,0,-1.000000000e+00,-1.000000
cuda_warp_smem(blk64)(g8),double,local,local,16384,16384,6,1,1,1,2,1.370000000e-07,1.310681000e-02,9.221400000e-05,1.319916100e-02,1.278435139e-02,1.269200039e-02,4.148096109e-04,251.966281,253.799667,253.799667,2.324800044e-04,1.720640063e-04,1.026560014e-05,row,0,-1.000000000e+00,-1.000000
cuda_warp_smem(blk64)(g8),double,local,local,16384,16384,6,1,1,1,3,1.379999999e-07,1.311377600e-02,8.781600000e-05,1.320173000e-02,1.277998586e-02,1.269203186e-02,4.217441396e-04,252.052350,253.799038,253.799038,2.318720073e-04,1.798080057e-04,1.006412671e-05,row,0,-1.000000000e+00,-1.000000
cuda_warp_smem(blk64)(g8),double,local,local,16384,16384,6,1,1,1,4,1.900000002e-07,1.311472900e-02,8.883100000e-05,1.320375000e-02,1.279526070e-02,1.270623970e-02,4.084892997e-04,251.751453,253.515245,253.515245,2.314240038e-04,1.669120044e-04,1.015329149e-05,row,0,-1.000000000e+00,-1.000000
cuda_warp_smem(blk64)(g8),double,local,local,16384,16384,6,1,1,1,5,1.479999998e-07,1.305369000e-02,9.036100000e-05,1.314419900e-02,1.272698933e-02,1.263648033e-02,4.172096686e-04,253.101923,254.914770,254.914770,2.313279957e-04,1.757439971e-04,1.013767582e-05,row,0,-1.000000000e+00,-1.000000
cuda_warp_smem(blk64)(g8),double,local,local,16384,16384,6,1,1,1,6,1.360000002e-07,1.305138900e-02,8.785700000e-05,1.313938200e-02,1.272559295e-02,1.263759995e-02,4.137890549e-04,253.129696,254.892186,254.892186,2.317119986e-04,1.722240001e-04,9.853056253e-06,row,0,-1.000000000e+00,-1.000000
cuda_warp_smem(blk64)(g8),double,local,local,16384,16384,6,1,1,1,7,1.680000001e-07,1.305394100e-02,9.083900000e-05,1.314494800e-02,1.273756672e-02,1.264655972e-02,4.073812847e-04,252.891745,254.711601,254.711601,2.290239930e-04,1.685120016e-04,9.845290080e-06,row,0,-1.000000000e+00,-1.000000
cuda_warp_smem(blk64)(g8),double,local,local,16384,16384,6,1,1,1,8,1.540000001e-07,1.304861100e-02,8.778900000e-05,1.313655400e-02,1.272957508e-02,1.264163208e-02,4.069789199e-04,253.050510,254.810886,254.810886,2.343679965e-04,1.635839939e-04,9.026929556e-06,row,0,-1.000000000e+00,-1.000000
cuda_warp_smem(blk64)(g8),double,local,local,16384,16384,6,1,1,1,9,1.539999999e-07,1.304678100e-02,8.850700000e-05,1.313544200e-02,1.272488479e-02,1.263622379e-02,4.105572070e-04,253.143783,254.919945,254.919945,2.317119986e-04,1.687359959e-04,1.010921250e-05,row,0,-1.000000000e+00,-1.000000
cuda_warp_smem(blk64)(g8),double,local,local,16384,16384,6,1,1,1,10,1.570000001e-07,1.303605500e-02,9.056100000e-05,1.312677300e-02,1.272617409e-02,1.263545609e-02,4.005989148e-04,253.118137,254.935433,254.935433,2.276799977e-04,1.639360040e-04,8.982913070e-06,row,0,-1.000000000e+00,-1.000000
cuda_warp_smem(blk64)(g8),double,local,local,16384,16384,6,1,1,1,11,1.740000000e-07,1.322406100e-02,8.846700000e-05,1.331270200e-02,1.290665705e-02,1.281801605e-02,4.060449478e-04,249.578606,251.304528,251.304528,2.292159945e-04,1.669439971e-04,9.884956132e-06,row,0,-1.000000000e+00,-1.000000
cuda_warp_smem(blk64)(g8),double,local,local,16384,16384,6,1,1,1,12,1.900000000e-07,1.322981400e-02,9.057400000e-05,1.332057800e-02,1.291095634e-02,1.282019234e-02,4.096216630e-04,249.495497,251.261868,251.261868,2.303359956e-04,1.699520051e-04,9.333662261e-06,row,0,-1.000000000e+00,-1.000000
cuda_warp_smem(blk64)(g8),double,local,local,16384,16384,6,1,1,1,13,1.640000000e-07,1.325612800e-02,9.174400000e-05,1.334803600e-02,1.291325238e-02,1.282134438e-02,4.347836244e-04,249.451136,251.239291,251.239291,2.500160038e-04,1.747200042e-04,1.004761634e-05,row,0,-1.000000000e+00,-1.000000
cuda_warp_smem(blk64)(g8),double,local,local,16384,16384,6,1,1,1,14,1.400000000e-07,1.323061600e-02,9.087500000e-05,1.332163100e-02,1.291351141e-02,1.282249641e-02,4.081195858e-04,249.446132,251.216718,251.216718,2.329600006e-04,1.655679941e-04,9.591591063e-06,row,0,-1.000000000e+00,-1.000000
cuda_warp_smem(blk64)(g8),double,local,local,16384,16384,6,1,1,1,15,1.280000002e-07,1.322625200e-02,8.888800000e-05,1.331526800e-02,1.290699963e-02,1.281798363e-02,4.082683727e-04,249.571981,251.305164,251.305164,2.318399996e-04,1.662400067e-04,1.018836644e-05,row,0,-1.000000000e+00,-1.000000
cuda_warp_smem(blk64)(g8),double,local,local,16384,16384,6,1,1,1,16,1.420000000e-07,1.323306200e-02,8.981400000e-05,1.332301800e-02,1.290835638e-02,1.281840038e-02,4.146616170e-04,249.545750,251.296993,251.296993,2.360640019e-04,1.684159935e-04,1.018162163e-05,row,0,-1.000000000e+00,-1.000000
cuda_warp_smem(blk64)(g8),double,local,local,16384,16384,6,1,1,1,17,1.430000001e-07,1.313523500e-02,8.962900000e-05,1.322500700e-02,1.281745221e-02,1.272768021e-02,4.075547937e-04,251.315583,253.088184,253.088184,2.305600047e-04,1.674879938e-04,9.506795154e-06,row,0,-1.000000000e+00,-1.000000
cuda_warp_smem(blk64)(g8),double,local,local,16384,16384,6,1,1,1,18,1.359999999e-07,1.312969600e-02,9.089200000e-05,1.322072400e-02,1.281093195e-02,1.271990395e-02,4.097920541e-04,251.443493,253.242909,253.242909,2.339520007e-04,1.656319946e-04,1.020805873e-05,row,0,-1.000000000e+00,-1.000000
cuda_warp_smem(blk64)(g8),double,local,local,16384,16384,6,1,1,1,19,1.519999999e-07,1.312753000e-02,8.905000000e-05,1.321673200e-02,1.280331428e-02,1.271411228e-02,4.134177182e-04,251.593095,253.358268,253.358268,2.362560034e-04,1.664959937e-04,1.066572109e-05,row,0,-1.000000000e+00,-1.000000
cuda_warp_smem(blk64)(g8),double,local,local,16384,16384,6,1,1,1,20,1.640000000e-07,1.313221200e-02,9.283100000e-05,1.322520700e-02,1.281747468e-02,1.272447968e-02,4.077323247e-04,251.315142,253.151842,253.151842,2.359039932e-04,1.622720063e-04,9.556325185e-06,row,0,-1.000000000e+00,-1.000000
cuda_warp_smem(blk64)(g8),double,local,local,16384,16384,8,1,1,1,1,9.500000009e-08,2.349094600e-02,1.177330000e-04,2.360877400e-02,2.305565225e-02,2.293782425e-02,5.531217507e-04,186.286957,187.243884,187.243884,3.083519936e-04,2.352319956e-04,9.537761589e-06,row,0,-1.000000000e+00,-1.000000
cuda_warp_smem(blk64)(g8),double,local,local,16384,16384,8,1,1,1,2,1.359999999e-07,2.349797600e-02,1.194060000e-04,2.361751800e-02,2.306264579e-02,2.294310379e-02,5.548722097e-04,186.230467,187.200796,187.200796,3.073279858e-04,2.382719964e-04,9.272227574e-06,row,0,-1.000000000e+00,-1.000000
cuda_warp_smem(blk64)(g8),double,local,local,16384,16384,8,1,1,1,3,1.180000000e-07,2.347916600e-02,1.178710000e-04,2.359715500e-02,2.305562061e-02,2.293763161e-02,5.415343929e-04,186.287213,187.245456,187.245456,3.048959970e-04,2.264959961e-04,1.014239978e-05,row,0,-1.000000000e+00,-1.000000
cuda_warp_smem(blk64)(g8),double,local,local,16384,16384,8,1,1,1,4,1.299999999e-07,2.349876200e-02,1.175130000e-04,2.361640500e-02,2.305633128e-02,2.293868828e-02,5.600737218e-04,186.281471,187.236831,187.236831,3.111360073e-04,2.383359969e-04,1.060171763e-05,row,0,-1.000000000e+00,-1.000000
cuda_warp_smem(blk64)(g8),double,local,local,16384,16384,8,1,1,1,5,1.030000001e-07,2.347184800e-02,1.183740000e-04,2.359032500e-02,2.304833235e-02,2.292985535e-02,5.419926533e-04,186.346120,187.308957,187.308957,3.064639866e-04,2.248640060e-04,1.066466064e-05,row,0,-1.000000000e+00,-1.000000
cuda_warp_smem(blk64)(g8),double,local,local,16384,16384,8,1,1,1,6,1.160000000e-07,2.347976500e-02,1.207600000e-04,2.360064100e-02,2.305431525e-02,2.293343925e-02,5.463257452e-04,186.297760,187.279686,187.279686,3.114239872e-04,2.247039974e-04,1.019776072e-05,row,0,-1.000000000e+00,-1.000000
cuda_warp_smem(blk64)(g8),double,local,local,16384,16384,8,1,1,1,7,1.240000000e-07,2.353029400e-02,1.244170000e-04,2.365483500e-02,2.307302161e-02,2.294848061e-02,5.818133939e-04,186.146720,187.156935,187.156935,3.062080145e-04,2.601599991e-04,1.544538030e-05,row,0,-1.000000000e+00,-1.000000
cuda_warp_smem(blk64)(g8),double,local,local,16384,16384,8,1,1,1,8,1.160000000e-07,2.348021700e-02,1.193520000e-04,2.359968500e-02,2.305540397e-02,2.293593597e-02,5.442810259e-04,186.288963,187.259299,187.259299,3.083199859e-04,2.252160013e-04,1.074503874e-05,row,0,-1.000000000e+00,-1.000000
cuda_warp_smem(blk64)(g8),double,local,local,16384,16384,8,1,1,1,9,1.089999999e-07,2.348408900e-02,1.188600000e-04,2.360305800e-02,2.305861667e-02,2.293964767e-02,5.444413254e-04,186.263008,187.229000,187.229000,3.096640110e-04,2.246399969e-04,1.013731755e-05,row,0,-1.000000000e+00,-1.000000
cuda_warp_smem(blk64)(g8),double,local,local,16384,16384,8,1,1,1,10,2.170000000e-07,2.348331200e-02,1.172830000e-04,2.360081200e-02,2.306108444e-02,2.294358444e-02,5.397275579e-04,186.243076,187.196874,187.196874,3.051519990e-04,2.252160013e-04,9.359557592e-06,row,0,-1.000000000e+00,-1.000000
cuda_warp_smem(blk64)(g8),double,local,local,16384,16384,8,1,1,1,11,1.050000000e-07,2.349463500e-02,1.185030000e-04,2.361324300e-02,2.304971266e-02,2.293110466e-02,5.635303400e-04,186.334960,187.298752,187.298752,3.263039887e-04,2.268159986e-04,1.041035272e-05,row,0,-1.000000000e+00,-1.000000
cuda_warp_smem(blk64)(g8),double,local,local,16384,16384,8,1,1,1,12,1.050000000e-07,2.348596700e-02,1.182260000e-04,2.360429800e-02,2.306050782e-02,2.294217682e-02,5.437901812e-04,186.247733,187.208360,187.208360,3.069120049e-04,2.268159986e-04,1.006217765e-05,row,0,-1.000000000e+00,-1.000000
cuda_warp_smem(blk64)(g8),double,local,local,16384,16384,8,1,1,1,13,1.000000001e-07,2.347080100e-02,1.176580000e-04,2.358855900e-02,2.305266973e-02,2.293491173e-02,5.358892721e-04,186.311058,187.267662,187.267662,3.044799864e-04,2.224320024e-04,8.977283240e-06,row,0,-1.000000000e+00,-1.000000
cuda_warp_smem(blk64)(g8),double,local,local,16384,16384,8,1,1,1,14,1.199999999e-07,2.348230700e-02,1.184460000e-04,2.360087300e-02,2.306237360e-02,2.294380760e-02,5.384993981e-04,186.232665,187.195054,187.195054,3.114880025e-04,2.175360024e-04,9.475393135e-06,row,0,-1.000000000e+00,-1.000000
cuda_warp_smem(blk64)(g8),double,local,local,16384,16384,8,1,1,1,15,1.240000000e-07,2.348927600e-02,1.315680000e-04,2.362096800e-02,2.308234889e-02,2.295065689e-02,5.386191091e-04,186.071501,187.139188,187.139188,3.047679961e-04,2.242880017e-04,9.563111401e-06,row,0,-1.000000000e+00,-1.000000
cuda_warp_smem(blk64)(g8),double,local,local,16384,16384,8,1,1,1,16,1.359999999e-07,2.350195000e-02,1.179910000e-04,2.362007700e-02,2.306446375e-02,2.294633675e-02,5.556132538e-04,186.215788,187.174421,187.174421,3.073279858e-04,2.389760017e-04,9.309266281e-06,row,0,-1.000000000e+00,-1.000000
cuda_warp_smem(blk64)(g8),double,local,local,16384,16384,8,1,1,1,17,9.400000001e-08,2.350162200e-02,1.187990000e-04,2.362051500e-02,2.307994876e-02,2.296105576e-02,5.405662444e-04,186.090851,187.054434,187.054434,3.041279912e-04,2.268799990e-04,9.558254144e-06,row,0,-1.000000000e+00,-1.000000
cuda_warp_smem(blk64)(g8),double,local,local,16384,16384,8,1,1,1,18,1.230000000e-07,2.349726700e-02,1.189160000e-04,2.361630600e-02,2.307046265e-02,2.295142365e-02,5.458433550e-04,186.167367,187.132936,187.132936,3.067840040e-04,2.283200026e-04,1.073934845e-05,row,0,-1.000000000e+00,-1.000000
cuda_warp_smem(blk64)(g8),double,local,local,16384,16384,8,1,1,1,19,1.039999997e-07,2.348433900e-02,1.178930000e-04,2.360233600e-02,2.305735666e-02,2.293935966e-02,5.449793351e-04,186.273186,187.231351,187.231351,3.087359965e-04,2.265599966e-04,9.683341994e-06,row,0,-1.000000000e+00,-1.000000
cuda_warp_smem(blk64)(g8),double,local,local,16384,16384,8,1,1,1,20,1.429999998e-07,2.347865600e-02,1.224090000e-04,2.360120800e-02,2.306821545e-02,2.294566345e-02,5.329925479e-04,186.185503,187.179913,187.179913,3.058559895e-04,2.170239985e-04,1.011255990e-05,row,0,-1.000000000e+00,-1.000000
cuda_warp_smem(blk64)(g8),double,local,local,16384,16384,20,1,1,1,1,1.930000000e-07,3.342616900e-02,3.263560000e-04,3.375271800e-02,3.270258278e-02,3.237603378e-02,1.050135217e-03,328.335481,331.647116,331.647116,5.882560015e-04,4.516159892e-04,1.026322636e-05,row,0,-1.000000000e+00,-1.000000
cuda_warp_smem(blk64)(g8),double,local,local,16384,16384,20,1,1,1,2,1.279999999e-07,3.369653400e-02,3.238170000e-04,3.402047900e-02,3.298099990e-02,3.265705490e-02,1.039479099e-03,325.563757,328.793220,328.793220,5.896000266e-04,4.394240081e-04,1.045506414e-05,row,0,-1.000000000e+00,-1.000000
cuda_warp_smem(blk64)(g8),double,local,local,16384,16384,20,1,1,1,3,1.620000001e-07,3.362123800e-02,3.349360000e-04,3.395633600e-02,3.291266605e-02,3.257756805e-02,1.043669946e-03,326.239698,329.595451,329.595451,5.918400288e-04,4.399040043e-04,1.192591270e-05,row,0,-1.000000000e+00,-1.000000
cuda_warp_smem(blk64)(g8),double,local,local,16384,16384,20,1,1,1,4,1.020000000e-07,3.354631600e-02,3.064720000e-04,3.385289000e-02,3.278199972e-02,3.247542572e-02,1.070890280e-03,327.540063,330.632101,330.632101,5.946239829e-04,4.645119905e-04,1.175430633e-05,row,0,-1.000000000e+00,-1.000000
cuda_warp_smem(blk64)(g8),double,local,local,16384,16384,20,1,1,1,5,1.060000001e-07,3.370707800e-02,3.094520000e-04,3.401663600e-02,3.296555623e-02,3.265599823e-02,1.051079770e-03,325.716277,328.803859,328.803859,6.113600135e-04,4.283840060e-04,1.133575051e-05,row,0,-1.000000000e+00,-1.000000
cuda_warp_smem(blk64)(g8),double,local,local,16384,16384,20,1,1,1,6,1.050000000e-07,3.362522300e-02,3.032390000e-04,3.392856700e-02,3.288315128e-02,3.257980728e-02,1.045415719e-03,326.532520,329.572798,329.572798,6.159039736e-04,4.173760116e-04,1.213573332e-05,row,0,-1.000000000e+00,-1.000000
cuda_warp_smem(blk64)(g8),double,local,local,16384,16384,20,1,1,1,7,8.100000004e-08,3.358012400e-02,3.026620000e-04,3.388286700e-02,3.283516030e-02,3.253241730e-02,1.047706703e-03,327.009771,330.052887,330.052887,6.159999967e-04,4.215680063e-04,1.013869970e-05,row,0,-1.000000000e+00,-1.000000
cuda_warp_smem(blk64)(g8),double,local,local,16384,16384,20,1,1,1,8,1.170000001e-07,3.355370900e-02,3.001870000e-04,3.385401300e-02,3.281687886e-02,3.251657486e-02,1.037134140e-03,327.191939,330.213692,330.213692,5.943999887e-04,4.318720102e-04,1.086214150e-05,row,0,-1.000000000e+00,-1.000000
cuda_warp_smem(blk64)(g8),double,local,local,16384,16384,20,1,1,1,9,1.240000000e-07,3.361050300e-02,3.013580000e-04,3.391198500e-02,3.287319449e-02,3.257171249e-02,1.038790506e-03,326.631421,329.654704,329.654704,5.957120061e-04,4.318400025e-04,1.123849747e-05,row,0,-1.000000000e+00,-1.000000
cuda_warp_smem(blk64)(g8),double,local,local,16384,16384,20,1,1,1,10,8.199999990e-08,3.346198400e-02,3.053050000e-04,3.376737100e-02,3.274122761e-02,3.243584061e-02,1.026143393e-03,327.947943,331.035609,331.035609,5.919679999e-04,4.237760007e-04,1.039939264e-05,row,0,-1.000000000e+00,-1.000000
cuda_warp_smem(blk64)(g8),double,local,local,16384,16384,20,1,1,1,11,1.940000001e-07,3.366756700e-02,3.006030000e-04,3.396836400e-02,3.295481159e-02,3.265401459e-02,1.013552413e-03,325.822474,328.823833,328.823833,5.917440057e-04,4.108799994e-04,1.092840752e-05,row,0,-1.000000000e+00,-1.000000
cuda_warp_smem(blk64)(g8),double,local,local,16384,16384,20,1,1,1,12,1.040000002e-07,3.357177200e-02,3.185230000e-04,3.389039900e-02,3.287907469e-02,3.256044769e-02,1.011324307e-03,326.573005,329.768753,329.768753,5.876160264e-04,4.127039909e-04,1.100428979e-05,row,0,-1.000000000e+00,-1.000000
cuda_warp_smem(blk64)(g8),double,local,local,16384,16384,20,1,1,1,13,1.059999999e-07,3.350055400e-02,3.112540000e-04,3.381191400e-02,3.276899016e-02,3.245763016e-02,1.042923843e-03,327.670099,330.813377,330.813377,5.893120170e-04,4.418239892e-04,1.178783641e-05,row,0,-1.000000000e+00,-1.000000
cuda_warp_smem(blk64)(g8),double,local,local,16384,16384,20,1,1,1,14,1.340000000e-07,3.368616800e-02,3.088060000e-04,3.399510800e-02,3.297002704e-02,3.266108704e-02,1.025080964e-03,325.672109,328.752629,328.752629,5.999360085e-04,4.143039882e-04,1.084096720e-05,row,0,-1.000000000e+00,-1.000000
cuda_warp_smem(blk64)(g8),double,local,local,16384,16384,20,1,1,1,15,7.999999996e-08,3.358842400e-02,3.019130000e-04,3.389041700e-02,3.287712728e-02,3.257513428e-02,1.013289723e-03,326.592349,329.620076,329.620076,5.935999751e-04,4.086399972e-04,1.104975030e-05,row,0,-1.000000000e+00,-1.000000
cuda_warp_smem(blk64)(g8),double,local,local,16384,16384,20,1,1,1,16,8.100000004e-08,3.344846200e-02,3.031180000e-04,3.375166100e-02,3.273372573e-02,3.243052673e-02,1.017935267e-03,328.023102,331.089850,331.089850,5.985280275e-04,4.094400108e-04,9.967228281e-06,row,0,-1.000000000e+00,-1.000000
cuda_warp_smem(blk64)(g8),double,local,local,16384,16384,20,1,1,1,17,1.200000002e-07,3.372098300e-02,3.007060000e-04,3.402180900e-02,3.299372380e-02,3.269289780e-02,1.028085203e-03,325.438205,328.432747,328.432747,5.991680026e-04,4.179199934e-04,1.099720736e-05,row,0,-1.000000000e+00,-1.000000
cuda_warp_smem(blk64)(g8),double,local,local,16384,16384,20,1,1,1,18,7.900000032e-08,3.369632100e-02,3.141360000e-04,3.401053600e-02,3.297181540e-02,3.265760040e-02,1.038720597e-03,325.654445,328.787728,328.787728,5.990399718e-04,4.263679981e-04,1.331262722e-05,row,0,-1.000000000e+00,-1.000000
cuda_warp_smem(blk64)(g8),double,local,local,16384,16384,20,1,1,1,19,8.300000021e-08,3.412458600e-02,3.072870000e-04,3.443195600e-02,3.284900361e-02,3.254163361e-02,1.582952394e-03,326.871961,329.959410,329.959410,1.150815964e-03,4.210880101e-04,1.104842023e-05,row,0,-1.000000000e+00,-1.000000
cuda_warp_smem(blk64)(g8),double,local,local,16384,16384,20,1,1,1,20,1.220000003e-07,3.353419800e-02,3.072860000e-04,3.384160600e-02,3.281124940e-02,3.250384140e-02,1.030356600e-03,327.248076,330.343054,330.343054,5.963839889e-04,4.231039882e-04,1.086862283e-05,row,0,-1.000000000e+00,-1.000000
cuda_warp_smem(blk64)(g8),double,local,local,16384,16384,32,1,1,1,1,2.760000000e-07,5.347785300e-02,5.824890000e-04,5.406061800e-02,5.223505153e-02,5.165228653e-02,1.825566470e-03,328.895419,332.606170,332.606170,9.663360119e-04,8.470399976e-04,1.219046099e-05,row,0,-1.000000000e+00,-1.000000
cuda_warp_smem(blk64)(g8),double,local,local,16384,16384,32,1,1,1,2,2.059999999e-07,5.339490800e-02,5.858440000e-04,5.398095800e-02,5.216307255e-02,5.157702255e-02,1.817885448e-03,329.349257,333.091527,333.091527,9.694719911e-04,8.352640271e-04,1.314942933e-05,row,0,-1.000000000e+00,-1.000000
cuda_warp_smem(blk64)(g8),double,local,local,16384,16384,32,1,1,1,3,2.530000001e-07,5.349646600e-02,5.918850000e-04,5.408860400e-02,5.225613946e-02,5.166400146e-02,1.832464535e-03,328.762694,332.530751,332.530751,9.731519818e-04,8.464000225e-04,1.291253082e-05,row,0,-1.000000000e+00,-1.000000
cuda_warp_smem(blk64)(g8),double,local,local,16384,16384,32,1,1,1,4,1.379999999e-07,5.347602600e-02,5.661840000e-04,5.404234800e-02,5.226014677e-02,5.169382477e-02,1.782201232e-03,328.737484,332.338906,332.338906,9.637439847e-04,8.055359721e-04,1.292127512e-05,row,0,-1.000000000e+00,-1.000000
cuda_warp_smem(blk64)(g8),double,local,local,16384,16384,32,1,1,1,5,1.230000000e-07,5.352466000e-02,6.119360000e-04,5.413671900e-02,5.231135404e-02,5.169929504e-02,1.825364956e-03,328.415685,332.303742,332.303742,9.607040286e-04,8.517119884e-04,1.294893900e-05,row,0,-1.000000000e+00,-1.000000
cuda_warp_smem(blk64)(g8),double,local,local,16384,16384,32,1,1,1,6,2.390000002e-07,5.338445800e-02,5.808720000e-04,5.396556900e-02,5.213291840e-02,5.155180740e-02,1.832650596e-03,329.539755,333.254449,333.254449,9.652799964e-04,8.538879752e-04,1.348262482e-05,row,0,-1.000000000e+00,-1.000000
cuda_warp_smem(blk64)(g8),double,local,local,16384,16384,32,1,1,1,7,1.279999999e-07,5.348722900e-02,5.613750000e-04,5.404873200e-02,5.225017411e-02,5.168867111e-02,1.798557888e-03,328.800228,332.372042,332.372042,9.662719965e-04,8.202559948e-04,1.202989664e-05,row,0,-1.000000000e+00,-1.000000
cuda_warp_smem(blk64)(g8),double,local,local,16384,16384,32,1,1,1,8,2.480000001e-07,5.345992400e-02,5.593240000e-04,5.401949600e-02,5.223489930e-02,5.167532730e-02,1.784596699e-03,328.896378,332.457869,332.457869,9.638400078e-04,8.081920147e-04,1.256467650e-05,row,0,-1.000000000e+00,-1.000000
cuda_warp_smem(blk64)(g8),double,local,local,16384,16384,32,1,1,1,9,2.669999999e-07,5.418389000e-02,5.813090000e-04,5.476546600e-02,5.211623252e-02,5.153465652e-02,2.649233475e-03,329.645263,333.365357,333.365357,9.816640019e-04,1.653695941e-03,1.387353243e-05,row,0,-1.000000000e+00,-1.000000
cuda_warp_smem(blk64)(g8),double,local,local,16384,16384,32,1,1,1,10,6.010000000e-07,5.432373700e-02,5.585120000e-04,5.488285000e-02,5.218627975e-02,5.162716675e-02,2.696570252e-03,329.202796,332.768003,332.768003,1.844511986e-03,8.409919739e-04,1.106629230e-05,row,0,-1.000000000e+00,-1.000000
cuda_warp_smem(blk64)(g8),double,local,local,16384,16384,32,1,1,1,11,1.099999998e-07,5.347940700e-02,5.583390000e-04,5.403785600e-02,5.224075338e-02,5.168230438e-02,1.797102618e-03,328.859522,332.412987,332.412987,9.703360200e-04,8.151360154e-04,1.163058227e-05,row,0,-1.000000000e+00,-1.000000
cuda_warp_smem(blk64)(g8),double,local,local,16384,16384,32,1,1,1,12,1.700000003e-07,5.339084400e-02,1.531308000e-03,5.492232200e-02,5.308600528e-02,5.155452728e-02,1.836316717e-03,323.623318,333.236868,333.236868,9.648960233e-04,8.580160141e-04,1.340467991e-05,row,0,-1.000000000e+00,-1.000000
cuda_warp_smem(blk64)(g8),double,local,local,16384,16384,32,1,1,1,13,8.860000000e-07,5.343667000e-02,5.534560000e-04,5.399101200e-02,5.218285534e-02,5.162851334e-02,1.808156664e-03,329.224399,332.759324,332.759324,9.951679707e-04,7.996799946e-04,1.330869858e-05,row,0,-1.000000000e+00,-1.000000
cuda_warp_smem(blk64)(g8),double,local,local,16384,16384,32,1,1,1,14,1.930000000e-07,5.344967100e-02,5.661990000e-04,5.401606300e-02,5.222271066e-02,5.165631866e-02,1.793352335e-03,328.973141,332.580208,332.580208,9.717760086e-04,8.085759878e-04,1.300033903e-05,row,0,-1.000000000e+00,-1.000000
cuda_warp_smem(blk64)(g8),double,local,local,16384,16384,32,1,1,1,15,2.380000002e-07,5.339606100e-02,5.576310000e-04,5.395393000e-02,5.214839558e-02,5.159052658e-02,1.805534419e-03,329.441951,333.004339,333.004339,9.724159837e-04,8.208960295e-04,1.222240604e-05,row,0,-1.000000000e+00,-1.000000
cuda_warp_smem(blk64)(g8),double,local,local,16384,16384,32,1,1,1,16,4.209999998e-07,5.341507900e-02,5.559530000e-04,5.397145300e-02,5.216923945e-02,5.161286545e-02,1.802213552e-03,329.310325,332.860209,332.860209,9.738879800e-04,8.165439963e-04,1.178157568e-05,row,0,-1.000000000e+00,-1.000000
cuda_warp_smem(blk64)(g8),double,local,local,16384,16384,32,1,1,1,17,1.940000001e-07,5.348334400e-02,1.465620000e-03,5.494915800e-02,5.312850321e-02,5.166268921e-02,1.820654791e-03,323.364449,332.539197,332.539197,9.731839895e-04,8.340799809e-04,1.339082064e-05,row,0,-1.000000000e+00,-1.000000
cuda_warp_smem(blk64)(g8),double,local,local,16384,16384,32,1,1,1,18,8.419999999e-07,5.341996400e-02,5.610590000e-04,5.398186500e-02,5.213991537e-02,5.157801437e-02,1.841949626e-03,329.495533,333.085121,333.085121,1.011103988e-03,8.187839985e-04,1.206164004e-05,row,0,-1.000000000e+00,-1.000000
cuda_warp_smem(blk64)(g8),double,local,local,16384,16384,32,1,1,1,19,1.429999998e-07,5.338225500e-02,5.562820000e-04,5.393868000e-02,5.216356077e-02,5.160713577e-02,1.775119227e-03,329.346174,332.897165,332.897165,9.644160271e-04,7.992640138e-04,1.143918646e-05,row,0,-1.000000000e+00,-1.000000
cuda_warp_smem(blk64)(g8),double,local,local,16384,16384,32,1,1,1,20,1.109999999e-07,5.342230500e-02,5.662930000e-04,5.398870900e-02,5.220762028e-02,5.164121628e-02,1.781088722e-03,329.068230,332.677470,332.677470,9.650239944e-04,8.031679988e-04,1.289672869e-05,row,0,-1.000000000e+00,-1.000000
cuda_warp_smem(blk128)(g8),double,local,local,16384,16384,3,1,1,1,1,2.049999999e-07,5.872408000e-03,4.478400000e-05,5.917397000e-03,5.694908987e-03,5.649919987e-03,2.224880133e-04,282.816238,285.068238,285.068238,1.197760031e-04,9.302400053e-05,9.688009687e-06,row,0,-1.000000000e+00,-1.000000
cuda_warp_smem(blk128)(g8),double,local,local,16384,16384,3,1,1,1,2,1.820000000e-07,5.864337000e-03,4.353700000e-05,5.908056000e-03,5.692486948e-03,5.648767948e-03,2.155690518e-04,282.936571,285.126376,285.126376,1.187200025e-04,8.742400259e-05,9.425046789e-06,row,0,-1.000000000e+00,-1.000000
cuda_warp_smem(blk128)(g8),double,local,local,16384,16384,3,1,1,1,3,1.779999999e-07,5.862537000e-03,4.492000000e-05,5.907635000e-03,5.691690140e-03,5.646592140e-03,2.159448598e-04,282.976180,285.236244,285.236244,1.190399975e-04,8.758399636e-05,9.320865988e-06,row,0,-1.000000000e+00,-1.000000
cuda_warp_smem(blk128)(g8),double,local,local,16384,16384,3,1,1,1,4,1.749999998e-07,5.877715000e-03,4.395100000e-05,5.921841000e-03,5.711646046e-03,5.667520046e-03,2.101949538e-04,281.987491,284.182980,284.182980,1.184320003e-04,8.268799633e-05,9.074957159e-06,row,0,-1.000000000e+00,-1.000000
cuda_warp_smem(blk128)(g8),double,local,local,16384,16384,3,1,1,1,5,1.539999999e-07,5.871281000e-03,4.326200000e-05,5.914697000e-03,5.699192024e-03,5.655776024e-03,2.155049761e-04,282.603697,284.773076,284.773076,1.175680012e-04,8.857599646e-05,9.360978526e-06,row,0,-1.000000000e+00,-1.000000
cuda_warp_smem(blk128)(g8),double,local,local,16384,16384,3,1,1,1,6,1.650000001e-07,5.869625000e-03,4.403400000e-05,5.913824000e-03,5.703558932e-03,5.659359932e-03,2.102650681e-04,282.387323,284.592738,284.592738,1.175040007e-04,8.243200183e-05,1.032906556e-05,row,0,-1.000000000e+00,-1.000000
cuda_warp_smem(blk128)(g8),double,local,local,16384,16384,3,1,1,1,7,1.430000001e-07,5.862093000e-03,4.404400000e-05,5.906280000e-03,5.690811088e-03,5.646624088e-03,2.154689117e-04,283.019891,285.234631,285.234631,1.177920029e-04,8.863999695e-05,9.036911910e-06,row,0,-1.000000000e+00,-1.000000
cuda_warp_smem(blk128)(g8),double,local,local,16384,16384,3,1,1,1,8,1.430000001e-07,5.867492000e-03,4.504000000e-05,5.912675000e-03,5.699870881e-03,5.654687881e-03,2.128041185e-04,282.570039,284.827876,284.827876,1.179519966e-04,8.585599810e-05,8.996123807e-06,row,0,-1.000000000e+00,-1.000000
cuda_warp_smem(blk128)(g8),double,local,local,16384,16384,3,1,1,1,9,1.440000001e-07,5.873466000e-03,4.664800000e-05,5.920258000e-03,5.693384140e-03,5.646592140e-03,2.268738598e-04,282.891984,285.236244,285.236244,1.184000000e-04,9.814400226e-05,1.032985751e-05,row,0,-1.000000000e+00,-1.000000
cuda_warp_smem(blk128)(g8),double,local,local,16384,16384,3,1,1,1,10,1.640000000e-07,5.866740000e-03,4.517500000e-05,5.912079000e-03,5.691707027e-03,5.646368027e-03,2.203719733e-04,282.975341,285.247566,285.247566,1.204480007e-04,9.033600241e-05,9.587970128e-06,row,0,-1.000000000e+00,-1.000000
cuda_warp_smem(blk128)(g8),double,local,local,16384,16384,3,1,1,1,11,1.840000001e-07,5.869307000e-03,4.414200000e-05,5.913633000e-03,5.692390137e-03,5.648064137e-03,2.212428635e-04,282.941383,285.161906,285.161906,1.232319996e-04,8.793599904e-05,1.007486488e-05,row,0,-1.000000000e+00,-1.000000
cuda_warp_smem(blk128)(g8),double,local,local,16384,16384,3,1,1,1,12,1.680000001e-07,5.871433000e-03,4.416600000e-05,5.915767000e-03,5.698093956e-03,5.653759956e-03,2.176730436e-04,282.658157,284.874623,284.874623,1.181439981e-04,8.940800279e-05,1.012104276e-05,row,0,-1.000000000e+00,-1.000000
cuda_warp_smem(blk128)(g8),double,local,local,16384,16384,3,1,1,1,13,1.810000001e-07,5.888405000e-03,4.378900000e-05,5.932375000e-03,5.719585788e-03,5.675615788e-03,2.127892125e-04,281.596045,283.777619,283.777619,1.187200025e-04,8.489599824e-05,9.173211782e-06,row,0,-1.000000000e+00,-1.000000
cuda_warp_smem(blk128)(g8),double,local,local,16384,16384,3,1,1,1,14,1.570000001e-07,5.873514000e-03,4.361000000e-05,5.917281000e-03,5.699958826e-03,5.656191826e-03,2.173221741e-04,282.565679,284.752142,284.752142,1.189439967e-04,8.816000074e-05,1.021817666e-05,row,0,-1.000000000e+00,-1.000000
cuda_warp_smem(blk128)(g8),double,local,local,16384,16384,3,1,1,1,15,1.420000000e-07,5.874848000e-03,4.489600000e-05,5.919886000e-03,5.700589910e-03,5.655551910e-03,2.192960896e-04,282.534398,284.784361,284.784361,1.181439981e-04,9.228800237e-05,8.864089141e-06,row,0,-1.000000000e+00,-1.000000
cuda_warp_smem(blk128)(g8),double,local,local,16384,16384,3,1,1,1,16,1.600000001e-07,5.865173000e-03,4.372600000e-05,5.909059000e-03,5.697997862e-03,5.654111862e-03,2.110611378e-04,282.662924,284.856893,284.856893,1.187520027e-04,8.211199939e-05,1.019713571e-05,row,0,-1.000000000e+00,-1.000000
cuda_warp_smem(blk128)(g8),double,local,local,16384,16384,3,1,1,1,17,1.639999998e-07,5.877162000e-03,4.431600000e-05,5.921642000e-03,5.703583870e-03,5.659103870e-03,2.180581296e-04,282.386088,284.605615,284.605615,1.188800037e-04,8.921600133e-05,9.962124586e-06,row,0,-1.000000000e+00,-1.000000
cuda_warp_smem(blk128)(g8),double,local,local,16384,16384,3,1,1,1,18,1.569999999e-07,5.881095000e-03,4.443200000e-05,5.925684000e-03,5.712172942e-03,5.667583942e-03,2.135110576e-04,281.961480,284.179776,284.179776,1.196160018e-04,8.390399814e-05,9.991057606e-06,row,0,-1.000000000e+00,-1.000000
cuda_warp_smem(blk128)(g8),double,local,local,16384,16384,3,1,1,1,19,1.600000001e-07,5.868050000e-03,4.390800000e-05,5.912118000e-03,5.698115966e-03,5.654047966e-03,2.140020340e-04,282.657065,284.860112,284.860112,1.188800037e-04,8.607999980e-05,9.042030501e-06,row,0,-1.000000000e+00,-1.000000
cuda_warp_smem(blk128)(g8),double,local,local,16384,16384,3,1,1,1,20,1.379999999e-07,5.866543000e-03,4.503200000e-05,5.911713000e-03,5.701361826e-03,5.656191826e-03,2.103511741e-04,282.496145,284.752142,284.752142,1.174400002e-04,8.313599974e-05,9.775174218e-06,row,0,-1.000000000e+00,-1.000000
cuda_warp_smem(blk128)(g8),double,local,local,16384,16384,6,1,1,1,1,1.860000001e-07,1.088723600e-02,8.914300000e-05,1.097656500e-02,1.055732941e-02,1.046800041e-02,4.192355880e-04,305.117454,307.721183,307.721183,2.283840030e-04,1.818879992e-04,8.963585792e-06,row,0,-1.000000000e+00,-1.000000
cuda_warp_smem(blk128)(g8),double,local,local,16384,16384,6,1,1,1,2,1.889999999e-07,1.088679200e-02,8.833000000e-05,1.097531100e-02,1.055136671e-02,1.046284771e-02,4.239442903e-04,305.289880,307.872728,307.872728,2.290239930e-04,1.857279986e-04,9.192298715e-06,row,0,-1.000000000e+00,-1.000000
cuda_warp_smem(blk128)(g8),double,local,local,16384,16384,6,1,1,1,3,5.969999999e-07,1.089219000e-02,8.801500000e-05,1.098080200e-02,1.055802004e-02,1.046940804e-02,4.227819647e-04,305.097496,307.679810,307.679810,2.277120054e-04,1.861760020e-04,8.893957319e-06,row,0,-1.000000000e+00,-1.000000
cuda_warp_smem(blk128)(g8),double,local,local,16384,16384,6,1,1,1,4,1.950000001e-07,1.088758900e-02,8.898700000e-05,1.097677100e-02,1.055500613e-02,1.046582413e-02,4.217648728e-04,305.184614,307.785171,307.785171,2.281280011e-04,1.830399930e-04,1.059687866e-05,row,0,-1.000000000e+00,-1.000000
cuda_warp_smem(blk128)(g8),double,local,local,16384,16384,6,1,1,1,5,1.969999999e-07,1.088838700e-02,8.840600000e-05,1.097699000e-02,1.055436323e-02,1.046576023e-02,4.226267690e-04,305.203204,307.787050,307.787050,2.305279970e-04,1.826560050e-04,9.442766940e-06,row,0,-1.000000000e+00,-1.000000
cuda_warp_smem(blk128)(g8),double,local,local,16384,16384,6,1,1,1,6,1.990000000e-07,1.088281700e-02,8.886900000e-05,1.097188500e-02,1.055009228e-02,1.046102428e-02,4.217927156e-04,305.326758,307.926393,307.926393,2.287680060e-04,1.829759926e-04,1.004871711e-05,row,0,-1.000000000e+00,-1.000000
cuda_warp_smem(blk128)(g8),double,local,local,16384,16384,6,1,1,1,7,3.980000001e-07,1.089082200e-02,8.944100000e-05,1.098066100e-02,1.055652716e-02,1.046668816e-02,4.241338439e-04,305.140642,307.759764,307.759764,2.316479981e-04,1.824640036e-04,1.002184221e-05,row,0,-1.000000000e+00,-1.000000
cuda_warp_smem(blk128)(g8),double,local,local,16384,16384,6,1,1,1,8,1.689999998e-07,1.087810700e-02,8.946600000e-05,1.096774200e-02,1.055305873e-02,1.046342373e-02,4.146832711e-04,305.240931,307.855780,307.855780,2.289920002e-04,1.769919991e-04,8.699271686e-06,row,0,-1.000000000e+00,-1.000000
cuda_warp_smem(blk128)(g8),double,local,local,16384,16384,6,1,1,1,9,1.900000000e-07,1.087959200e-02,9.006000000e-05,1.096984200e-02,1.055252169e-02,1.046227169e-02,4.173203096e-04,305.256465,307.889679,307.889679,2.282879949e-04,1.794880033e-04,9.544311516e-06,row,0,-1.000000000e+00,-1.000000
cuda_warp_smem(blk128)(g8),double,local,local,16384,16384,6,1,1,1,10,1.680000001e-07,1.087686300e-02,8.892400000e-05,1.096595500e-02,1.055405210e-02,1.046496010e-02,4.119029017e-04,305.212201,307.810583,307.810583,2.283840030e-04,1.737599969e-04,9.758901799e-06,row,0,-1.000000000e+00,-1.000000
cuda_warp_smem(blk128)(g8),double,local,local,16384,16384,6,1,1,1,11,1.690000000e-07,1.087877700e-02,8.865300000e-05,1.096759900e-02,1.055253374e-02,1.046371174e-02,4.150652614e-04,305.256117,307.847306,307.847306,2.286079973e-04,1.774719954e-04,8.985268762e-06,row,0,-1.000000000e+00,-1.000000
cuda_warp_smem(blk128)(g8),double,local,local,16384,16384,6,1,1,1,12,1.770000000e-07,1.088438600e-02,8.948200000e-05,1.097404500e-02,1.055804279e-02,1.046838379e-02,4.160022109e-04,305.096838,307.709914,307.709914,2.289279997e-04,1.776320040e-04,9.442207180e-06,row,0,-1.000000000e+00,-1.000000
cuda_warp_smem(blk128)(g8),double,local,local,16384,16384,6,1,1,1,13,1.700000001e-07,1.087996100e-02,8.871300000e-05,1.096884400e-02,1.055685099e-02,1.046796799e-02,4.119930129e-04,305.131282,307.722136,307.722136,2.286400050e-04,1.745599955e-04,8.793012415e-06,row,0,-1.000000000e+00,-1.000000
cuda_warp_smem(blk128)(g8),double,local,local,16384,16384,6,1,1,1,14,2.029999999e-07,1.087610500e-02,8.914200000e-05,1.096545000e-02,1.055321696e-02,1.046387196e-02,4.122330441e-04,305.236355,307.842593,307.842593,2.286719978e-04,1.733440012e-04,1.021704517e-05,row,0,-1.000000000e+00,-1.000000
cuda_warp_smem(blk128)(g8),double,local,local,16384,16384,6,1,1,1,15,1.910000000e-07,1.087918400e-02,8.974400000e-05,1.096911900e-02,1.055553501e-02,1.046560001e-02,4.135839863e-04,305.169323,307.791762,307.791762,2.295359969e-04,1.749439985e-04,9.103990897e-06,row,0,-1.000000000e+00,-1.000000
cuda_warp_smem(blk128)(g8),double,local,local,16384,16384,6,1,1,1,16,2.259999998e-07,1.087699300e-02,8.994200000e-05,1.096716100e-02,1.055317593e-02,1.046300793e-02,4.139850731e-04,305.237541,307.868014,307.868014,2.297919989e-04,1.756480038e-04,8.545070379e-06,row,0,-1.000000000e+00,-1.000000
cuda_warp_smem(blk128)(g8),double,local,local,16384,16384,6,1,1,1,17,2.070000000e-07,1.087912200e-02,9.214000000e-05,1.097146900e-02,1.055881104e-02,1.046646404e-02,4.126579573e-04,305.074639,307.766353,307.766353,2.296320051e-04,1.735360026e-04,9.489949605e-06,row,0,-1.000000000e+00,-1.000000
cuda_warp_smem(blk128)(g8),double,local,local,16384,16384,6,1,1,1,18,1.680000001e-07,1.088667400e-02,9.034500000e-05,1.097718700e-02,1.055080105e-02,1.046028805e-02,4.263859522e-04,305.306247,307.948066,307.948066,2.300799936e-04,1.864639968e-04,9.841961836e-06,row,0,-1.000000000e+00,-1.000000
cuda_warp_smem(blk128)(g8),double,local,local,16384,16384,6,1,1,1,19,1.910000000e-07,1.088868300e-02,9.016000000e-05,1.097903400e-02,1.055703916e-02,1.046668816e-02,4.219948439e-04,305.125843,307.759764,307.759764,2.302719951e-04,1.827519983e-04,8.970850499e-06,row,0,-1.000000000e+00,-1.000000
cuda_warp_smem(blk128)(g8),double,local,local,16384,16384,6,1,1,1,20,1.919999999e-07,1.088717300e-02,9.076100000e-05,1.097812600e-02,1.055642522e-02,1.046547222e-02,4.217007786e-04,305.143588,307.795521,307.795521,2.286719978e-04,1.836159974e-04,9.412783406e-06,row,0,-1.000000000e+00,-1.000000
cuda_warp_smem(blk128)(g8),double,local,local,16384,16384,8,1,1,1,1,3.010000000e-07,2.502781600e-02,1.212580000e-04,2.514937500e-02,2.458719048e-02,2.446563148e-02,5.621845150e-04,174.683126,175.551050,175.551050,3.060480058e-04,2.452799976e-04,1.085651161e-05,row,0,-1.000000000e+00,-1.000000
cuda_warp_smem(blk128)(g8),double,local,local,16384,16384,8,1,1,1,2,1.939999998e-07,2.501419800e-02,1.208120000e-04,2.513520400e-02,2.458119773e-02,2.446019173e-02,5.540062733e-04,174.725713,175.590091,175.590091,3.051199913e-04,2.380159944e-04,1.087028758e-05,row,0,-1.000000000e+00,-1.000000
cuda_warp_smem(blk128)(g8),double,local,local,16384,16384,8,1,1,1,3,2.029999999e-07,2.500007600e-02,1.199700000e-04,2.512024900e-02,2.457617237e-02,2.445599937e-02,5.440766256e-04,174.761441,175.620192,175.620192,3.023039997e-04,2.313919961e-04,1.038062980e-05,row,0,-1.000000000e+00,-1.000000
cuda_warp_smem(blk128)(g8),double,local,local,16384,16384,8,1,1,1,4,1.940000001e-07,2.501208100e-02,1.214440000e-04,2.513371900e-02,2.457898206e-02,2.445734406e-02,5.547369448e-04,174.741464,175.610536,175.610536,3.093119860e-04,2.348800004e-04,1.054495850e-05,row,0,-1.000000000e+00,-1.000000
cuda_warp_smem(blk128)(g8),double,local,local,16384,16384,8,1,1,1,5,1.980000000e-07,2.503393100e-02,1.244460000e-04,2.515857500e-02,2.459056349e-02,2.446591949e-02,5.680115054e-04,174.659165,175.548983,175.548983,3.216640055e-04,2.326399982e-04,1.370750166e-05,row,0,-1.000000000e+00,-1.000000
cuda_warp_smem(blk128)(g8),double,local,local,16384,16384,8,1,1,1,6,1.750000000e-07,2.503169100e-02,1.206020000e-04,2.515246800e-02,2.459194552e-02,2.447116852e-02,5.605224819e-04,174.649350,175.511328,175.511328,3.072960079e-04,2.438080013e-04,9.418472782e-06,row,0,-1.000000000e+00,-1.000000
cuda_warp_smem(blk128)(g8),double,local,local,16384,16384,8,1,1,1,7,1.960000002e-07,2.500761800e-02,1.199480000e-04,2.512776200e-02,2.458766376e-02,2.446751976e-02,5.400982399e-04,174.679764,175.537502,175.537502,3.032000065e-04,2.277760059e-04,9.122227519e-06,row,0,-1.000000000e+00,-1.000000
cuda_warp_smem(blk128)(g8),double,local,local,16384,16384,8,1,1,1,8,1.629999999e-07,2.501401300e-02,1.187890000e-04,2.513296500e-02,2.458762380e-02,2.446867180e-02,5.453412013e-04,174.680048,175.529237,175.529237,3.048639894e-04,2.295999974e-04,1.087721454e-05,row,0,-1.000000000e+00,-1.000000
cuda_warp_smem(blk128)(g8),double,local,local,16384,16384,8,1,1,1,9,1.990000000e-07,2.500595000e-02,1.185750000e-04,2.512472400e-02,2.458258206e-02,2.446380806e-02,5.421419403e-04,174.715873,175.564135,175.564135,3.050239980e-04,2.262720019e-04,1.084594042e-05,row,0,-1.000000000e+00,-1.000000
cuda_warp_smem(blk128)(g8),double,local,local,16384,16384,8,1,1,1,10,2.079999999e-07,2.500667900e-02,1.191890000e-04,2.512607600e-02,2.458714183e-02,2.446774483e-02,5.389341727e-04,174.683472,175.535887,175.535887,3.049600124e-04,2.238080055e-04,1.016615484e-05,row,0,-1.000000000e+00,-1.000000
cuda_warp_smem(blk128)(g8),double,local,local,16384,16384,8,1,1,1,11,1.990000000e-07,2.500674800e-02,1.193940000e-04,2.512634100e-02,2.458650432e-02,2.446691132e-02,5.398366841e-04,174.688001,175.541867,175.541867,3.082880080e-04,2.212480009e-04,1.030067525e-05,row,0,-1.000000000e+00,-1.000000
cuda_warp_smem(blk128)(g8),double,local,local,16384,16384,8,1,1,1,12,2.120000000e-07,2.500809100e-02,1.210770000e-04,2.512938000e-02,2.458455347e-02,2.446326447e-02,5.448265347e-04,174.701863,175.568036,175.568036,3.071680069e-04,2.276159972e-04,1.004253058e-05,row,0,-1.000000000e+00,-1.000000
cuda_warp_smem(blk128)(g8),double,local,local,16384,16384,8,1,1,1,13,1.749999998e-07,2.501604700e-02,1.199970000e-04,2.513621900e-02,2.458865116e-02,2.446847916e-02,5.475678435e-04,174.672749,175.530619,175.530619,3.060159981e-04,2.305919975e-04,1.095984788e-05,row,0,-1.000000000e+00,-1.000000
cuda_warp_smem(blk128)(g8),double,local,local,16384,16384,8,1,1,1,14,2.000000001e-07,2.500976000e-02,1.204460000e-04,2.513040600e-02,2.458535051e-02,2.446470451e-02,5.450554865e-04,174.696199,175.557702,175.557702,3.059520125e-04,2.283840030e-04,1.071947087e-05,row,0,-1.000000000e+00,-1.000000
cuda_warp_smem(blk128)(g8),double,local,local,16384,16384,8,1,1,1,15,1.940000001e-07,2.500955500e-02,1.185340000e-04,2.512828300e-02,2.458467992e-02,2.446595192e-02,5.436030804e-04,174.700965,175.548751,175.548751,3.064000010e-04,2.272959948e-04,9.907084637e-06,row,0,-1.000000000e+00,-1.000000
cuda_warp_smem(blk128)(g8),double,local,local,16384,16384,8,1,1,1,16,1.720000000e-07,2.501105300e-02,1.201590000e-04,2.513138400e-02,2.458807583e-02,2.446774483e-02,5.433081727e-04,174.676836,175.535887,175.535887,3.079360127e-04,2.246720046e-04,1.070015540e-05,row,0,-1.000000000e+00,-1.000000
cuda_warp_smem(blk128)(g8),double,local,local,16384,16384,8,1,1,1,17,2.029999999e-07,2.500956800e-02,1.243090000e-04,2.513408000e-02,2.458963232e-02,2.446512032e-02,5.444476844e-04,174.665779,175.554718,175.554718,3.072960079e-04,2.272959948e-04,9.855681818e-06,row,0,-1.000000000e+00,-1.000000
cuda_warp_smem(blk128)(g8),double,local,local,16384,16384,8,1,1,1,18,1.910000003e-07,2.501439000e-02,1.196270000e-04,2.513420800e-02,2.458164242e-02,2.446182442e-02,5.525655829e-04,174.722552,175.578372,175.578372,3.096640110e-04,2.323839962e-04,1.051757564e-05,row,0,-1.000000000e+00,-1.000000
cuda_warp_smem(blk128)(g8),double,local,local,16384,16384,8,1,1,1,19,2.299999999e-07,2.501387200e-02,1.262260000e-04,2.514032800e-02,2.459128831e-02,2.446483231e-02,5.490396941e-04,174.654017,175.556785,175.556785,3.129599988e-04,2.244160026e-04,1.166369261e-05,row,0,-1.000000000e+00,-1.000000
cuda_warp_smem(blk128)(g8),double,local,local,16384,16384,8,1,1,1,20,2.060000002e-07,2.502046000e-02,1.186860000e-04,2.513935200e-02,2.458135538e-02,2.446246338e-02,5.579966211e-04,174.724592,175.573785,175.573785,3.202239871e-04,2.263039947e-04,1.146863934e-05,row,0,-1.000000000e+00,-1.000000
cuda_warp_smem(blk128)(g8),double,local,local,16384,16384,20,1,1,1,1,1.789999999e-07,3.225733300e-02,3.025210000e-04,3.256003300e-02,3.147274776e-02,3.117004776e-02,1.087285240e-03,341.165580,344.478723,344.478723,5.994880199e-04,4.777919948e-04,1.000522524e-05,row,0,-1.000000000e+00,-1.000000
cuda_warp_smem(blk128)(g8),double,local,local,16384,16384,20,1,1,1,2,1.570000001e-07,3.225948300e-02,2.979170000e-04,3.255755700e-02,3.148025059e-02,3.118217659e-02,1.077306410e-03,341.084268,344.344732,344.344732,5.939520001e-04,4.722560048e-04,1.109840508e-05,row,0,-1.000000000e+00,-1.000000
cuda_warp_smem(blk128)(g8),double,local,local,16384,16384,20,1,1,1,3,2.690000001e-07,3.224387900e-02,3.084350000e-04,3.255258300e-02,3.147926484e-02,3.117056084e-02,1.073318163e-03,341.094949,344.473053,344.473053,6.019200087e-04,4.597119987e-04,1.168615585e-05,row,0,-1.000000000e+00,-1.000000
cuda_warp_smem(blk128)(g8),double,local,local,16384,16384,20,1,1,1,4,1.830000000e-07,3.229160900e-02,3.011490000e-04,3.259294100e-02,3.147496367e-02,3.117363167e-02,1.117977332e-03,341.141561,344.439119,344.439119,5.919359922e-04,5.155519843e-04,1.048935536e-05,row,0,-1.000000000e+00,-1.000000
cuda_warp_smem(blk128)(g8),double,local,local,16384,16384,20,1,1,1,5,3.030000000e-07,3.227603300e-02,3.069100000e-04,3.258324600e-02,3.149924486e-02,3.119203186e-02,1.084001140e-03,340.878592,344.235935,344.235935,6.154879928e-04,4.561600089e-04,1.235313798e-05,row,0,-1.000000000e+00,-1.000000
cuda_warp_smem(blk128)(g8),double,local,local,16384,16384,20,1,1,1,6,1.720000000e-07,3.221747300e-02,2.949170000e-04,3.251256200e-02,3.145556950e-02,3.116048050e-02,1.056992501e-03,341.351894,344.584489,344.584489,5.935360193e-04,4.516800046e-04,1.177647681e-05,row,0,-1.000000000e+00,-1.000000
cuda_warp_smem(blk128)(g8),double,local,local,16384,16384,20,1,1,1,7,2.059999999e-07,3.221830600e-02,2.946680000e-04,3.251318000e-02,3.145676212e-02,3.116188812e-02,1.056417877e-03,341.338953,344.568923,344.568923,6.014080048e-04,4.449599981e-04,1.004987455e-05,row,0,-1.000000000e+00,-1.000000
cuda_warp_smem(blk128)(g8),double,local,local,16384,16384,20,1,1,1,8,1.640000000e-07,3.223026700e-02,2.920440000e-04,3.252247500e-02,3.147233610e-02,3.118012810e-02,1.050138902e-03,341.170042,344.367355,344.367355,5.944319963e-04,4.442240000e-04,1.148290614e-05,row,0,-1.000000000e+00,-1.000000
cuda_warp_smem(blk128)(g8),double,local,local,16384,16384,20,1,1,1,9,2.300000002e-07,3.225351200e-02,2.954090000e-04,3.254915100e-02,3.149573513e-02,3.120009613e-02,1.053415870e-03,340.916578,344.146960,344.146960,5.999040008e-04,4.427840114e-04,1.072785751e-05,row,0,-1.000000000e+00,-1.000000
cuda_warp_smem(blk128)(g8),double,local,local,16384,16384,20,1,1,1,10,2.189999999e-07,3.221324500e-02,2.933890000e-04,3.250685300e-02,3.146250372e-02,3.116889572e-02,1.044349279e-03,341.276662,344.491455,344.491455,5.935360193e-04,4.397119880e-04,1.110127127e-05,row,0,-1.000000000e+00,-1.000000
cuda_warp_smem(blk128)(g8),double,local,local,16384,16384,20,1,1,1,11,2.320000001e-07,3.221282500e-02,2.948980000e-04,3.250795500e-02,3.146857093e-02,3.117344093e-02,1.039384067e-03,341.210863,344.441227,344.441227,5.990399718e-04,4.299199879e-04,1.042410703e-05,row,0,-1.000000000e+00,-1.000000
cuda_warp_smem(blk128)(g8),double,local,local,16384,16384,20,1,1,1,12,1.999999999e-07,3.220747400e-02,3.063530000e-04,3.251402700e-02,3.147090542e-02,3.116435242e-02,1.043121583e-03,341.185552,344.541677,344.541677,5.941439867e-04,4.381119907e-04,1.086560562e-05,row,0,-1.000000000e+00,-1.000000
cuda_warp_smem(blk128)(g8),double,local,local,16384,16384,20,1,1,1,13,3.739999999e-07,3.222900000e-02,2.964210000e-04,3.252579500e-02,3.146815502e-02,3.117136002e-02,1.057639984e-03,341.215373,344.464221,344.464221,5.986239910e-04,4.492479861e-04,9.768007040e-06,row,0,-1.000000000e+00,-1.000000
cuda_warp_smem(blk128)(g8),double,local,local,16384,16384,20,1,1,1,14,1.599999999e-07,3.222761800e-02,3.054500000e-04,3.253322800e-02,3.147504932e-02,3.116943932e-02,1.058178684e-03,341.140633,344.485447,344.485447,5.993919969e-04,4.473280013e-04,1.145868608e-05,row,0,-1.000000000e+00,-1.000000
cuda_warp_smem(blk128)(g8),double,local,local,16384,16384,20,1,1,1,15,1.949999997e-07,3.222778300e-02,2.979770000e-04,3.252595500e-02,3.148034859e-02,3.118217659e-02,1.045606410e-03,341.083207,344.344732,344.344732,5.992000103e-04,4.349440038e-04,1.146239591e-05,row,0,-1.000000000e+00,-1.000000
cuda_warp_smem(blk128)(g8),double,local,local,16384,16384,20,1,1,1,16,1.880000000e-07,3.221178300e-02,3.021120000e-04,3.251408300e-02,3.147407582e-02,3.117177582e-02,1.040007182e-03,341.151184,344.459626,344.459626,5.912960172e-04,4.371199906e-04,1.159117437e-05,row,0,-1.000000000e+00,-1.000000
cuda_warp_smem(blk128)(g8),double,local,local,16384,16384,20,1,1,1,17,4.510000000e-07,3.223656400e-02,2.952330000e-04,3.253224800e-02,3.149344363e-02,3.119775963e-02,1.038804372e-03,340.941383,344.172734,344.172734,5.926399827e-04,4.350079894e-04,1.115639960e-05,row,0,-1.000000000e+00,-1.000000
cuda_warp_smem(blk128)(g8),double,local,local,16384,16384,20,1,1,1,18,1.730000001e-07,3.273883700e-02,8.779780000e-04,3.361698800e-02,3.205402380e-02,3.117587280e-02,1.562964197e-03,334.978794,344.414359,344.414359,5.971199870e-04,9.537600279e-04,1.208418237e-05,row,0,-1.000000000e+00,-1.000000
cuda_warp_smem(blk128)(g8),double,local,local,16384,16384,20,1,1,1,19,2.170000002e-07,3.275756600e-02,2.959630000e-04,3.305374600e-02,3.148283695e-02,3.118665695e-02,1.570909048e-03,341.056248,344.295262,344.295262,1.118687987e-03,4.410879910e-04,1.113306977e-05,row,0,-1.000000000e+00,-1.000000
cuda_warp_smem(blk128)(g8),double,local,local,16384,16384,20,1,1,1,20,1.660000000e-07,3.222308300e-02,2.953230000e-04,3.251857200e-02,3.147289722e-02,3.117740822e-02,1.045674782e-03,341.163960,344.397397,344.397397,5.940799713e-04,4.399999976e-04,1.159481269e-05,row,0,-1.000000000e+00,-1.000000
cuda_warp_smem(blk128)(g8),double,local,local,16384,16384,32,1,1,1,1,2.530000001e-07,5.897212100e-02,5.510800000e-04,5.952345400e-02,5.769459777e-02,5.714326477e-02,1.828856229e-03,297.772579,300.645566,300.645566,9.966400266e-04,8.183360100e-04,1.388019294e-05,row,0,-1.000000000e+00,-1.000000
cuda_warp_smem(blk128)(g8),double,local,local,16384,16384,32,1,1,1,2,2.040000000e-07,5.896180900e-02,5.338690000e-04,5.949588200e-02,5.767973722e-02,5.714566422e-02,1.816144785e-03,297.849297,300.632942,300.632942,9.765759706e-04,8.266879916e-04,1.288082264e-05,row,0,-1.000000000e+00,-1.000000
cuda_warp_smem(blk128)(g8),double,local,local,16384,16384,32,1,1,1,3,1.729999999e-07,5.896693900e-02,5.381240000e-04,5.950523600e-02,5.768172199e-02,5.714342499e-02,1.823514012e-03,297.839048,300.644723,300.644723,9.908800125e-04,8.192960024e-04,1.333799731e-05,row,0,-1.000000000e+00,-1.000000
cuda_warp_smem(blk128)(g8),double,local,local,16384,16384,32,1,1,1,4,1.860000001e-07,5.896290100e-02,5.680470000e-04,5.953113400e-02,5.770548199e-02,5.713724899e-02,1.825652007e-03,297.716414,300.677220,300.677220,9.822080135e-04,8.161600232e-04,2.728397033e-05,row,0,-1.000000000e+00,-1.000000
cuda_warp_smem(blk128)(g8),double,local,local,16384,16384,32,1,1,1,5,2.310000000e-07,5.896775200e-02,5.578460000e-04,5.952582900e-02,5.769519629e-02,5.713711929e-02,1.830632707e-03,297.769490,300.677903,300.677903,9.962239861e-04,8.224959970e-04,1.191272369e-05,row,0,-1.000000000e+00,-1.000000
cuda_warp_smem(blk128)(g8),double,local,local,16384,16384,32,1,1,1,6,1.880000000e-07,5.906795900e-02,7.594130000e-04,5.982756000e-02,5.790056169e-02,5.714096069e-02,1.926998307e-03,296.713342,300.657689,300.657689,9.978240132e-04,9.168639779e-04,1.231031550e-05,row,0,-1.000000000e+00,-1.000000
cuda_warp_smem(blk128)(g8),double,local,local,16384,16384,32,1,1,1,7,1.489999999e-07,5.902385100e-02,5.778030000e-04,5.960180300e-02,5.771996936e-02,5.714201736e-02,1.881833635e-03,297.641689,300.652129,300.652129,9.727360010e-04,8.969920278e-04,1.210560672e-05,row,0,-1.000000000e+00,-1.000000
cuda_warp_smem(blk128)(g8),double,local,local,16384,16384,32,1,1,1,8,1.260000002e-07,5.978038200e-02,1.544348000e-03,6.132485600e-02,5.868297040e-02,5.713849640e-02,2.641885601e-03,292.757321,300.670656,300.670656,9.824960232e-04,1.646175981e-03,1.321359733e-05,row,0,-1.000000000e+00,-1.000000
cuda_warp_smem(blk128)(g8),double,local,local,16384,16384,32,1,1,1,9,1.639999998e-07,5.978798500e-02,5.607170000e-04,6.034886600e-02,5.769499431e-02,5.713411331e-02,2.653871688e-03,297.770533,300.693722,300.693722,1.818079948e-03,8.247039914e-04,1.108774839e-05,row,0,-1.000000000e+00,-1.000000
cuda_warp_smem(blk128)(g8),double,local,local,16384,16384,32,1,1,1,10,1.110000003e-07,5.898859100e-02,5.567500000e-04,5.954545200e-02,5.770418842e-02,5.714732742e-02,1.841263577e-03,297.723088,300.624193,300.624193,9.766399860e-04,8.502399921e-04,1.438359872e-05,row,0,-1.000000000e+00,-1.000000
cuda_warp_smem(blk128)(g8),double,local,local,16384,16384,32,1,1,1,11,1.500000000e-07,5.892938000e-02,5.679500000e-04,5.949748000e-02,5.771933367e-02,5.715123367e-02,1.778146327e-03,297.644967,300.603645,300.603645,9.769920111e-04,7.879359722e-04,1.321834362e-05,row,0,-1.000000000e+00,-1.000000
cuda_warp_smem(blk128)(g8),double,local,local,16384,16384,32,1,1,1,12,1.359999997e-07,5.895171200e-02,5.376080000e-04,5.948945600e-02,5.769048066e-02,5.715273666e-02,1.798975336e-03,297.793830,300.595740,300.595740,9.715200067e-04,8.151040077e-04,1.235132180e-05,row,0,-1.000000000e+00,-1.000000
cuda_warp_smem(blk128)(g8),double,local,local,16384,16384,32,1,1,1,13,1.379999999e-07,5.892545600e-02,5.650810000e-04,5.949067500e-02,5.771091373e-02,5.714569473e-02,1.779761267e-03,297.688393,300.632782,300.632782,9.755520225e-04,7.928000093e-04,1.140923563e-05,row,0,-1.000000000e+00,-1.000000
cuda_warp_smem(blk128)(g8),double,local,local,16384,16384,32,1,1,1,14,1.470000002e-07,5.894961400e-02,5.357430000e-04,5.948550400e-02,5.769460811e-02,5.715871811e-02,1.790895891e-03,297.772526,300.564284,300.564284,9.682880044e-04,8.112639785e-04,1.134390799e-05,row,0,-1.000000000e+00,-1.000000
cuda_warp_smem(blk128)(g8),double,local,local,16384,16384,32,1,1,1,15,4.630000001e-07,5.897269100e-02,5.519880000e-04,5.952514200e-02,5.770896421e-02,5.715651321e-02,1.816177786e-03,297.698450,300.575879,300.575879,9.776319861e-04,8.249279857e-04,1.361781408e-05,row,0,-1.000000000e+00,-1.000000
cuda_warp_smem(blk128)(g8),double,local,local,16384,16384,32,1,1,1,16,1.269999998e-07,5.895667800e-02,5.378580000e-04,5.949466300e-02,5.767888084e-02,5.714089584e-02,1.815782156e-03,297.853719,300.658030,300.658030,9.856320024e-04,8.172479868e-04,1.290216735e-05,row,0,-1.000000000e+00,-1.000000
cuda_warp_smem(blk128)(g8),double,local,local,16384,16384,32,1,1,1,17,1.479999998e-07,5.893967100e-02,5.500430000e-04,5.948986200e-02,5.770462139e-02,5.715443039e-02,1.785240611e-03,297.720854,300.586832,300.586832,9.718080163e-04,8.011199832e-04,1.231261110e-05,row,0,-1.000000000e+00,-1.000000
cuda_warp_smem(blk128)(g8),double,local,local,16384,16384,32,1,1,1,18,1.249999997e-07,5.892165600e-02,5.210950000e-04,5.944287600e-02,5.765142706e-02,5.713020706e-02,1.791448938e-03,297.995558,300.714282,300.714282,9.616000056e-04,8.172799945e-04,1.256893812e-05,row,0,-1.000000000e+00,-1.000000
cuda_warp_smem(blk128)(g8),double,local,local,16384,16384,32,1,1,1,19,1.849999998e-07,5.892558000e-02,5.395020000e-04,5.946526700e-02,5.769725689e-02,5.715756989e-02,1.768010115e-03,297.758856,300.570322,300.570322,9.664319754e-04,7.901440263e-04,1.143411310e-05,row,0,-1.000000000e+00,-1.000000
cuda_warp_smem(blk128)(g8),double,local,local,16384,16384,32,1,1,1,20,1.539999999e-07,5.891446400e-02,5.208030000e-04,5.943542100e-02,5.766521359e-02,5.714425659e-02,1.770207408e-03,297.924314,300.640348,300.640348,9.626560211e-04,7.963839769e-04,1.116741015e-05,row,0,-1.000000000e+00,-1.000000
cuda_warp_smem(blk192)(g8),double,local,local,16384,16384,3,1,1,1,1,1.729999999e-07,6.024182000e-03,4.497300000e-05,6.069328000e-03,5.847546112e-03,5.802400112e-03,2.217818878e-04,275.433952,277.576986,277.576986,1.198719963e-04,9.299200028e-05,8.917891223e-06,row,0,-1.000000000e+00,-1.000000
cuda_warp_smem(blk192)(g8),double,local,local,16384,16384,3,1,1,1,2,1.910000000e-07,6.013818000e-03,4.440600000e-05,6.058415000e-03,5.843509048e-03,5.798912048e-03,2.149059517e-04,275.624239,277.743950,277.743950,1.199359968e-04,8.553600311e-05,9.433951717e-06,row,0,-1.000000000e+00,-1.000000
cuda_warp_smem(blk192)(g8),double,local,local,16384,16384,3,1,1,1,3,1.740000000e-07,6.008581000e-03,4.444100000e-05,6.053196000e-03,5.839655131e-03,5.795040131e-03,2.135408694e-04,275.806139,277.929522,277.929522,1.193920001e-04,8.428800106e-05,9.860868186e-06,row,0,-1.000000000e+00,-1.000000
cuda_warp_smem(blk192)(g8),double,local,local,16384,16384,3,1,1,1,4,1.910000000e-07,6.021138000e-03,4.388200000e-05,6.065211000e-03,5.830760851e-03,5.786687851e-03,2.344501490e-04,276.226856,278.330675,278.330675,1.192319989e-04,1.038400009e-04,1.137814920e-05,row,0,-1.000000000e+00,-1.000000
cuda_warp_smem(blk192)(g8),double,local,local,16384,16384,3,1,1,1,5,6.240000001e-07,6.013034000e-03,4.487400000e-05,6.058532000e-03,5.839449988e-03,5.793951988e-03,2.190820118e-04,275.815828,277.981719,277.981719,1.206720024e-04,8.793599904e-05,1.047401031e-05,row,0,-1.000000000e+00,-1.000000
cuda_warp_smem(blk192)(g8),double,local,local,16384,16384,3,1,1,1,6,1.780000001e-07,6.008949000e-03,4.481900000e-05,6.053946000e-03,5.839620852e-03,5.794623852e-03,2.143251482e-04,275.807758,277.949489,277.949489,1.194240004e-04,8.630400151e-05,8.597146331e-06,row,0,-1.000000000e+00,-1.000000
cuda_warp_smem(blk192)(g8),double,local,local,16384,16384,3,1,1,1,7,1.820000000e-07,6.011020000e-03,4.372000000e-05,6.054922000e-03,5.837182125e-03,5.793280125e-03,2.177398753e-04,275.922988,278.013958,278.013958,1.189439967e-04,8.863999695e-05,1.015588166e-05,row,0,-1.000000000e+00,-1.000000
cuda_warp_smem(blk192)(g8),double,local,local,16384,16384,3,1,1,1,8,1.889999999e-07,6.010289000e-03,4.379700000e-05,6.054275000e-03,5.835889973e-03,5.791903973e-03,2.183850274e-04,275.984082,278.080014,278.080014,1.190719977e-04,8.975999802e-05,9.553031649e-06,row,0,-1.000000000e+00,-1.000000
cuda_warp_smem(blk192)(g8),double,local,local,16384,16384,3,1,1,1,9,1.880000000e-07,6.017216000e-03,4.369200000e-05,6.061096000e-03,5.844935908e-03,5.801055908e-03,2.161600918e-04,275.556954,277.641306,277.641306,1.193920001e-04,8.598399907e-05,1.078409258e-05,row,0,-1.000000000e+00,-1.000000
cuda_warp_smem(blk192)(g8),double,local,local,16384,16384,3,1,1,1,10,3.000000000e-07,6.011373000e-03,4.423700000e-05,6.055910000e-03,5.840153150e-03,5.795616150e-03,2.157568501e-04,275.782620,277.901899,277.901899,1.196160018e-04,8.604799956e-05,1.009284869e-05,row,0,-1.000000000e+00,-1.000000
cuda_warp_smem(blk192)(g8),double,local,local,16384,16384,3,1,1,1,11,1.880000000e-07,6.012103000e-03,4.394300000e-05,6.056234000e-03,5.839171131e-03,5.795040131e-03,2.170628694e-04,275.829000,277.929522,277.929522,1.192639992e-04,8.883199841e-05,8.966871813e-06,row,0,-1.000000000e+00,-1.000000
cuda_warp_smem(blk192)(g8),double,local,local,16384,16384,3,1,1,1,12,1.809999999e-07,6.030160000e-03,4.396700000e-05,6.074308000e-03,5.849907907e-03,5.805759907e-03,2.244000932e-04,275.322751,277.416352,277.416352,1.193599999e-04,9.283199906e-05,1.220809427e-05,row,0,-1.000000000e+00,-1.000000
cuda_warp_smem(blk192)(g8),double,local,local,16384,16384,3,1,1,1,13,2.520000000e-07,6.015353000e-03,4.431600000e-05,6.059921000e-03,5.839320121e-03,5.794752121e-03,2.206008790e-04,275.821963,277.943336,277.943336,1.212479994e-04,9.068799764e-05,8.664882019e-06,row,0,-1.000000000e+00,-1.000000
cuda_warp_smem(blk192)(g8),double,local,local,16384,16384,3,1,1,1,14,1.700000001e-07,6.021581000e-03,4.392800000e-05,6.065679000e-03,5.845058064e-03,5.800960064e-03,2.206209361e-04,275.551195,277.645893,277.645893,1.195200011e-04,9.104000032e-05,1.006093463e-05,row,0,-1.000000000e+00,-1.000000
cuda_warp_smem(blk192)(g8),double,local,local,16384,16384,3,1,1,1,15,1.759999999e-07,6.044848000e-03,6.202800000e-05,6.107052000e-03,5.859932062e-03,5.797728062e-03,2.471199383e-04,274.851776,277.800669,277.800669,1.394239962e-04,9.753599763e-05,1.015994448e-05,row,0,-1.000000000e+00,-1.000000
cuda_warp_smem(blk192)(g8),double,local,local,16384,16384,3,1,1,1,16,1.800000000e-07,6.021637000e-03,4.395000000e-05,6.065767000e-03,5.849601897e-03,5.805471897e-03,2.161651029e-04,275.337154,277.430115,277.430115,1.207680032e-04,8.547200263e-05,9.925097084e-06,row,0,-1.000000000e+00,-1.000000
cuda_warp_smem(blk192)(g8),double,local,local,16384,16384,3,1,1,1,17,1.779999999e-07,6.007708000e-03,4.400400000e-05,6.051890000e-03,5.837941823e-03,5.793759823e-03,2.139481772e-04,275.887082,277.990939,277.990939,1.199359968e-04,8.463999629e-05,9.372184034e-06,row,0,-1.000000000e+00,-1.000000
cuda_warp_smem(blk192)(g8),double,local,local,16384,16384,3,1,1,1,18,1.800000000e-07,5.990821000e-03,4.429600000e-05,6.035297000e-03,5.815772024e-03,5.771296024e-03,2.195249757e-04,276.938767,279.072972,279.072972,1.200319976e-04,9.084799886e-05,8.644979258e-06,row,0,-1.000000000e+00,-1.000000
cuda_warp_smem(blk192)(g8),double,local,local,16384,16384,3,1,1,1,19,1.880000000e-07,5.925911000e-03,4.427700000e-05,5.970376000e-03,5.756816799e-03,5.712351799e-03,2.135592010e-04,279.774881,281.952651,281.952651,1.196800023e-04,8.544000238e-05,8.439196275e-06,row,0,-1.000000000e+00,-1.000000
cuda_warp_smem(blk192)(g8),double,local,local,16384,16384,3,1,1,1,20,1.750000000e-07,5.927863000e-03,4.408000000e-05,5.972118000e-03,5.754494887e-03,5.710239887e-03,2.176231128e-04,279.887769,282.056931,282.056931,1.192959994e-04,8.844800293e-05,9.879110420e-06,row,0,-1.000000000e+00,-1.000000
cuda_warp_smem(blk192)(g8),double,local,local,16384,16384,6,1,1,1,1,1.249999999e-07,1.435091700e-02,9.326200000e-05,1.444430400e-02,1.401767480e-02,1.392428780e-02,4.266292040e-04,229.797418,231.338616,231.338616,2.325440049e-04,1.838079989e-04,1.027720017e-05,row,0,-1.000000000e+00,-1.000000
cuda_warp_smem(blk192)(g8),double,local,local,16384,16384,6,1,1,1,2,1.549999999e-07,1.436744000e-02,8.953000000e-05,1.445712500e-02,1.401752523e-02,1.392784023e-02,4.395997672e-04,229.799870,231.279611,231.279611,2.319680005e-04,1.849280000e-04,2.270376665e-05,row,0,-1.000000000e+00,-1.000000
cuda_warp_smem(blk192)(g8),double,local,local,16384,16384,6,1,1,1,3,9.700000003e-08,1.435201600e-02,8.790800000e-05,1.444002100e-02,1.401763719e-02,1.392963219e-02,4.223838131e-04,229.798034,231.249858,231.249858,2.302400023e-04,1.817599982e-04,1.038381263e-05,row,0,-1.000000000e+00,-1.000000
cuda_warp_smem(blk192)(g8),double,local,local,16384,16384,6,1,1,1,4,1.599999999e-07,1.435855400e-02,8.791200000e-05,1.444662600e-02,1.401927203e-02,1.393120003e-02,4.273539725e-04,229.771237,231.223833,231.223833,2.387840003e-04,1.781760007e-04,1.039397154e-05,row,0,-1.000000000e+00,-1.000000
cuda_warp_smem(blk192)(g8),double,local,local,16384,16384,6,1,1,1,5,1.150000000e-07,1.434424500e-02,9.982500000e-05,1.444418500e-02,1.402362031e-02,1.392368031e-02,4.205646945e-04,229.699992,231.348710,231.348710,2.310719937e-04,1.804479957e-04,9.044705148e-06,row,0,-1.000000000e+00,-1.000000
cuda_warp_smem(blk192)(g8),double,local,local,16384,16384,6,1,1,1,6,1.280000002e-07,1.434695400e-02,8.980500000e-05,1.443688700e-02,1.401470145e-02,1.392476845e-02,4.221855521e-04,229.846171,231.330631,231.330631,2.327360064e-04,1.791999936e-04,1.024955213e-05,row,0,-1.000000000e+00,-1.000000
cuda_warp_smem(blk192)(g8),double,local,local,16384,16384,6,1,1,1,7,1.350000001e-07,1.434846400e-02,9.016600000e-05,1.443876500e-02,1.401580473e-02,1.392550373e-02,4.229602692e-04,229.828079,231.318417,231.318417,2.312320024e-04,1.816959977e-04,1.003226913e-05,row,0,-1.000000000e+00,-1.000000
cuda_warp_smem(blk192)(g8),double,local,local,16384,16384,6,1,1,1,8,1.610000000e-07,1.434104700e-02,8.845700000e-05,1.442966500e-02,1.401245757e-02,1.392383957e-02,4.172074309e-04,229.882978,231.346063,231.346063,2.318720073e-04,1.751359999e-04,1.019942374e-05,row,0,-1.000000000e+00,-1.000000
cuda_warp_smem(blk192)(g8),double,local,local,16384,16384,6,1,1,1,9,1.750000000e-07,1.433813400e-02,8.909700000e-05,1.442740600e-02,1.401275966e-02,1.392348766e-02,4.146463367e-04,229.878022,231.351911,231.351911,2.305600047e-04,1.743360013e-04,9.750330743e-06,row,0,-1.000000000e+00,-1.000000
cuda_warp_smem(blk192)(g8),double,local,local,16384,16384,6,1,1,1,10,1.540000001e-07,1.927784800e-02,9.310800000e-05,1.937111000e-02,1.401572637e-02,1.392246437e-02,5.355383629e-03,229.829364,231.368915,231.368915,2.318399996e-04,5.113664150e-03,9.879479478e-06,row,0,-1.000000000e+00,-1.000000
cuda_warp_smem(blk192)(g8),double,local,local,16384,16384,6,1,1,1,11,1.789999999e-07,1.436130800e-02,8.926900000e-05,1.445075600e-02,1.401315978e-02,1.392371178e-02,4.375962233e-04,229.871458,231.348187,231.348187,2.387519926e-04,1.877119988e-04,1.113223186e-05,row,0,-1.000000000e+00,-1.000000
cuda_warp_smem(blk192)(g8),double,local,local,16384,16384,6,1,1,1,12,1.160000000e-07,1.434682900e-02,8.968700000e-05,1.443663200e-02,1.401258685e-02,1.392278385e-02,4.240451484e-04,229.880857,231.363606,231.363606,2.332800031e-04,1.801279932e-04,1.063715208e-05,row,0,-1.000000000e+00,-1.000000
cuda_warp_smem(blk192)(g8),double,local,local,16384,16384,6,1,1,1,13,1.239999998e-07,1.434372000e-02,8.908700000e-05,1.443293100e-02,1.401497127e-02,1.392576027e-02,4.179597308e-04,229.841746,231.314155,231.314155,2.317440063e-04,1.761920005e-04,1.002372405e-05,row,0,-1.000000000e+00,-1.000000
cuda_warp_smem(blk192)(g8),double,local,local,16384,16384,6,1,1,1,14,1.119999999e-07,1.434178800e-02,8.875400000e-05,1.443065400e-02,1.401091362e-02,1.392204762e-02,4.197403849e-04,229.908310,231.375841,231.375841,2.314240038e-04,1.788800061e-04,9.436375034e-06,row,0,-1.000000000e+00,-1.000000
cuda_warp_smem(blk192)(g8),double,local,local,16384,16384,6,1,1,1,15,1.290000000e-07,1.434380100e-02,8.937500000e-05,1.443330500e-02,1.401331210e-02,1.392380810e-02,4.199929022e-04,229.868960,231.346586,231.346586,2.315839976e-04,1.783359945e-04,1.007291007e-05,row,0,-1.000000000e+00,-1.000000
cuda_warp_smem(blk192)(g8),double,local,local,16384,16384,6,1,1,1,16,1.200000002e-07,1.434134200e-02,9.067600000e-05,1.443213800e-02,1.401386786e-02,1.392307186e-02,4.182701387e-04,229.859843,231.358820,231.358820,2.322240025e-04,1.765760034e-04,9.470132820e-06,row,0,-1.000000000e+00,-1.000000
cuda_warp_smem(blk192)(g8),double,local,local,16384,16384,6,1,1,1,17,1.160000000e-07,1.433796000e-02,8.977800000e-05,1.442785400e-02,1.401107759e-02,1.392118359e-02,4.167764139e-04,229.905619,231.390201,231.390201,2.323520035e-04,1.757439971e-04,8.680413327e-06,row,0,-1.000000000e+00,-1.000000
cuda_warp_smem(blk192)(g8),double,local,local,16384,16384,6,1,1,1,18,1.870000002e-07,1.434133100e-02,8.881200000e-05,1.443033000e-02,1.401255056e-02,1.392355156e-02,4.177794406e-04,229.881452,231.350849,231.350849,2.375040054e-04,1.709119976e-04,9.363437563e-06,row,0,-1.000000000e+00,-1.000000
cuda_warp_smem(blk192)(g8),double,local,local,16384,16384,6,1,1,1,19,1.349999998e-07,1.433902200e-02,8.854100000e-05,1.442769800e-02,1.401853230e-02,1.392985630e-02,4.091656996e-04,229.783361,231.246138,231.246138,2.296960056e-04,1.694400012e-04,1.002969281e-05,row,0,-1.000000000e+00,-1.000000
cuda_warp_smem(blk192)(g8),double,local,local,16384,16384,6,1,1,1,20,1.370000000e-07,1.433489200e-02,8.950200000e-05,1.442453100e-02,1.401703101e-02,1.392739201e-02,4.074999941e-04,229.807972,231.287054,231.287054,2.280000001e-04,1.696639955e-04,9.835998456e-06,row,0,-1.000000000e+00,-1.000000
cuda_warp_smem(blk192)(g8),double,local,local,16384,16384,8,1,1,1,1,1.439999999e-07,1.690977800e-02,1.208630000e-04,1.703078500e-02,1.647249511e-02,1.635148811e-02,5.582898866e-04,260.735685,262.665224,262.665224,3.075200021e-04,2.395199984e-04,1.124988604e-05,row,0,-1.000000000e+00,-1.000000
cuda_warp_smem(blk192)(g8),double,local,local,16384,16384,8,1,1,1,2,1.620000001e-07,1.692947900e-02,1.189180000e-04,1.704855900e-02,1.647536891e-02,1.635628891e-02,5.731900901e-04,260.690205,262.588129,262.588129,3.123199940e-04,2.511039972e-04,9.766098885e-06,row,0,-1.000000000e+00,-1.000000
cuda_warp_smem(blk192)(g8),double,local,local,16384,16384,8,1,1,1,3,1.520000001e-07,1.690598600e-02,1.236440000e-04,1.702978200e-02,1.646776344e-02,1.634396744e-02,5.620185623e-04,260.810602,262.786090,262.786090,3.125759959e-04,2.393919975e-04,1.005056888e-05,row,0,-1.000000000e+00,-1.000000
cuda_warp_smem(blk192)(g8),double,local,local,16384,16384,8,1,1,1,4,1.360000002e-07,1.689548600e-02,1.225850000e-04,1.701820700e-02,1.646489744e-02,1.634217644e-02,5.533095626e-04,260.856001,262.814890,262.814890,3.078080118e-04,2.347200066e-04,1.078154427e-05,row,0,-1.000000000e+00,-1.000000
cuda_warp_smem(blk192)(g8),double,local,local,16384,16384,8,1,1,1,5,1.230000000e-07,1.689116900e-02,1.248580000e-04,1.701615000e-02,1.646728523e-02,1.634230423e-02,5.488647703e-04,260.818176,262.812834,262.812834,3.052160144e-04,2.334399968e-04,1.020875904e-05,row,0,-1.000000000e+00,-1.000000
cuda_warp_smem(blk192)(g8),double,local,local,16384,16384,8,1,1,1,6,1.199999999e-07,1.689167900e-02,1.237200000e-04,1.701551900e-02,1.646256032e-02,1.633872032e-02,5.529586783e-04,260.893033,262.870483,262.870483,3.081279993e-04,2.341119945e-04,1.071868453e-05,row,0,-1.000000000e+00,-1.000000
cuda_warp_smem(blk192)(g8),double,local,local,16384,16384,8,1,1,1,7,1.519999999e-07,1.688562400e-02,1.221190000e-04,1.700789500e-02,1.646310276e-02,1.634083176e-02,5.447922434e-04,260.884437,262.836517,262.836517,3.063359857e-04,2.286400050e-04,9.816252755e-06,row,0,-1.000000000e+00,-1.000000
cuda_warp_smem(blk192)(g8),double,local,local,16384,16384,8,1,1,1,8,1.740000002e-07,1.689310000e-02,1.220810000e-04,1.701535500e-02,1.647073522e-02,1.634848022e-02,5.446197754e-04,260.763544,262.713551,262.713551,3.069759905e-04,2.272959948e-04,1.034779010e-05,row,0,-1.000000000e+00,-1.000000
cuda_warp_smem(blk192)(g8),double,local,local,16384,16384,8,1,1,1,9,1.640000000e-07,1.868578500e-02,1.239790000e-04,1.880992800e-02,1.647662293e-02,1.635247993e-02,2.333305065e-03,260.670364,262.649293,262.649293,3.069120049e-04,2.016544104e-03,9.848956737e-06,row,0,-1.000000000e+00,-1.000000
cuda_warp_smem(blk192)(g8),double,local,local,16384,16384,8,1,1,1,10,1.629999999e-07,1.692061600e-02,1.182570000e-04,1.703903600e-02,1.646904408e-02,1.635062408e-02,5.699919155e-04,260.790321,262.679105,262.679105,3.159039915e-04,2.431039959e-04,1.098392815e-05,row,0,-1.000000000e+00,-1.000000
cuda_warp_smem(blk192)(g8),double,local,local,16384,16384,8,1,1,1,11,1.579999998e-07,1.689207100e-02,1.209080000e-04,1.701313700e-02,1.645946589e-02,1.633839989e-02,5.536711129e-04,260.942082,262.875638,262.875638,3.099839985e-04,2.331199944e-04,1.056711998e-05,row,0,-1.000000000e+00,-1.000000
cuda_warp_smem(blk192)(g8),double,local,local,16384,16384,8,1,1,1,12,2.569999999e-07,1.688789000e-02,1.184840000e-04,1.700663100e-02,1.645621392e-02,1.633747292e-02,5.504170844e-04,260.993648,262.890553,262.890553,3.102400005e-04,2.292799950e-04,1.089708890e-05,row,0,-1.000000000e+00,-1.000000
cuda_warp_smem(blk192)(g8),double,local,local,16384,16384,8,1,1,1,13,1.530000000e-07,1.693093300e-02,1.222970000e-04,1.705338300e-02,1.648580945e-02,1.636335945e-02,5.675735487e-04,260.525108,262.474665,262.474665,3.279039860e-04,2.296639979e-04,1.000556484e-05,row,0,-1.000000000e+00,-1.000000
cuda_warp_smem(blk192)(g8),double,local,local,16384,16384,8,1,1,1,14,1.340000000e-07,1.689237300e-02,1.238860000e-04,1.701639300e-02,1.646910705e-02,1.634508705e-02,5.472859486e-04,260.789324,262.768089,262.768089,3.075520098e-04,2.279680073e-04,1.176593146e-05,row,0,-1.000000000e+00,-1.000000
cuda_warp_smem(blk192)(g8),double,local,local,16384,16384,8,1,1,1,15,1.580000000e-07,1.689174200e-02,1.238740000e-04,1.701577400e-02,1.647875116e-02,1.635471916e-02,5.370228380e-04,260.636698,262.613332,262.613332,3.046399951e-04,2.218559980e-04,1.052684488e-05,row,0,-1.000000000e+00,-1.000000
cuda_warp_smem(blk192)(g8),double,local,local,16384,16384,8,1,1,1,16,1.100000000e-07,1.688007400e-02,1.228550000e-04,1.700303900e-02,1.646802153e-02,1.634505653e-02,5.350174662e-04,260.806514,262.768580,262.768580,3.042240143e-04,2.210240066e-04,9.769445299e-06,row,0,-1.000000000e+00,-1.000000
cuda_warp_smem(blk192)(g8),double,local,local,16384,16384,8,1,1,1,17,1.090000001e-07,1.688023000e-02,1.222170000e-04,1.700255600e-02,1.646351062e-02,1.634118462e-02,5.390453839e-04,260.877974,262.830841,262.830841,3.034879863e-04,2.251520008e-04,1.040539680e-05,row,0,-1.000000000e+00,-1.000000
cuda_warp_smem(blk192)(g8),double,local,local,16384,16384,8,1,1,1,18,1.340000002e-07,1.689149200e-02,1.221400000e-04,1.701376600e-02,1.647273787e-02,1.635046387e-02,5.410281328e-04,260.731843,262.681679,262.681679,3.032000065e-04,2.277120054e-04,1.011612095e-05,row,0,-1.000000000e+00,-1.000000
cuda_warp_smem(blk192)(g8),double,local,local,16384,16384,8,1,1,1,19,1.989999998e-07,1.687434600e-02,1.202170000e-04,1.699476200e-02,1.645926411e-02,1.633884811e-02,5.354978860e-04,260.945281,262.868427,262.868427,3.036479950e-04,2.221120000e-04,9.737891003e-06,row,0,-1.000000000e+00,-1.000000
cuda_warp_smem(blk192)(g8),double,local,local,16384,16384,8,1,1,1,20,1.349999998e-07,1.688850600e-02,1.226520000e-04,1.701129300e-02,1.647085142e-02,1.634806442e-02,5.404415774e-04,260.761705,262.720233,262.720233,3.051519990e-04,2.249920070e-04,1.029757138e-05,row,0,-1.000000000e+00,-1.000000
cuda_warp_smem(blk192)(g8),double,local,local,16384,16384,20,1,1,1,1,1.639999998e-07,4.186483800e-02,3.048890000e-04,4.216989100e-02,4.103349996e-02,4.072844696e-02,1.136391040e-03,261.674443,263.634365,263.634365,5.906559825e-04,5.339519978e-04,1.178305930e-05,row,0,-1.000000000e+00,-1.000000
cuda_warp_smem(blk192)(g8),double,local,local,16384,16384,20,1,1,1,2,1.750000000e-07,4.186707100e-02,2.967250000e-04,4.216397100e-02,4.102256223e-02,4.072566223e-02,1.141408769e-03,261.744212,263.652391,263.652391,6.103039980e-04,5.205439925e-04,1.056077804e-05,row,0,-1.000000000e+00,-1.000000
cuda_warp_smem(blk192)(g8),double,local,local,16384,16384,20,1,1,1,3,2.059999999e-07,4.182827500e-02,3.034100000e-04,4.213189100e-02,4.103155179e-02,4.072793579e-02,1.100339209e-03,261.686867,263.637674,263.637674,5.902079940e-04,4.987199903e-04,1.141122475e-05,row,0,-1.000000000e+00,-1.000000
cuda_warp_smem(blk192)(g8),double,local,local,16384,16384,20,1,1,1,4,1.310000000e-07,4.181820200e-02,2.999060000e-04,4.211823900e-02,4.102451668e-02,4.072447968e-02,1.093722325e-03,261.731743,263.660047,263.660047,5.862720013e-04,4.961279929e-04,1.132233057e-05,row,0,-1.000000000e+00,-1.000000
cuda_warp_smem(blk192)(g8),double,local,local,16384,16384,20,1,1,1,5,2.049999999e-07,4.183007800e-02,2.976400000e-04,4.212792300e-02,4.104472458e-02,4.074687958e-02,1.083198422e-03,261.602882,263.515105,263.515105,5.850560069e-04,4.867840111e-04,1.135840433e-05,row,0,-1.000000000e+00,-1.000000
cuda_warp_smem(blk192)(g8),double,local,local,16384,16384,20,1,1,1,6,1.830000000e-07,4.181445300e-02,2.953850000e-04,4.211002100e-02,4.102590324e-02,4.073033524e-02,1.084117764e-03,261.722897,263.622143,263.622143,5.854399800e-04,4.882879853e-04,1.038979905e-05,row,0,-1.000000000e+00,-1.000000
cuda_warp_smem(blk192)(g8),double,local,local,16384,16384,20,1,1,1,7,1.980000000e-07,4.182447800e-02,3.102940000e-04,4.213497000e-02,4.103503653e-02,4.072454453e-02,1.099933475e-03,261.664644,263.659628,263.659628,5.905920267e-04,4.986560047e-04,1.068544348e-05,row,0,-1.000000000e+00,-1.000000
cuda_warp_smem(blk192)(g8),double,local,local,16384,16384,20,1,1,1,8,3.070000001e-07,4.185035200e-02,3.104790000e-04,4.216113800e-02,4.104297899e-02,4.073219299e-02,1.118159007e-03,261.614008,263.610119,263.610119,5.975360274e-04,5.094079971e-04,1.121498227e-05,row,0,-1.000000000e+00,-1.000000
cuda_warp_smem(blk192)(g8),double,local,local,16384,16384,20,1,1,1,9,2.250000000e-07,4.183224100e-02,2.989460000e-04,4.213141200e-02,4.102736238e-02,4.072819138e-02,1.104049624e-03,261.713589,263.636019,263.636019,6.035519838e-04,4.901120067e-04,1.038563377e-05,row,0,-1.000000000e+00,-1.000000
cuda_warp_smem(blk192)(g8),double,local,local,16384,16384,20,1,1,1,10,1.770000000e-07,4.181288800e-02,2.949610000e-04,4.210802600e-02,4.101200354e-02,4.071686554e-02,1.096022460e-03,261.811599,263.709352,263.709352,5.963519812e-04,4.894720018e-04,1.019847750e-05,row,0,-1.000000000e+00,-1.000000
cuda_warp_smem(blk192)(g8),double,local,local,16384,16384,20,1,1,1,11,1.180000004e-07,4.182618600e-02,3.018680000e-04,4.212817200e-02,4.103920295e-02,4.073721695e-02,1.088969051e-03,261.638079,263.577609,263.577609,5.988479853e-04,4.782080054e-04,1.191305984e-05,row,0,-1.000000000e+00,-1.000000
cuda_warp_smem(blk192)(g8),double,local,local,16384,16384,20,1,1,1,12,1.000000003e-07,4.232906800e-02,8.761660000e-04,4.320533400e-02,4.160183286e-02,4.072556686e-02,1.603501136e-03,258.099644,263.653009,263.653009,5.884799957e-04,1.002400041e-03,1.262109963e-05,row,0,-1.000000000e+00,-1.000000
cuda_warp_smem(blk192)(g8),double,local,local,16384,16384,20,1,1,1,13,1.699999999e-07,4.235374400e-02,2.956160000e-04,4.264953000e-02,4.103549776e-02,4.073971176e-02,1.614032239e-03,261.661703,263.561468,263.561468,1.116224051e-03,4.875839949e-04,1.022419314e-05,row,0,-1.000000000e+00,-1.000000
cuda_warp_smem(blk192)(g8),double,local,local,16384,16384,20,1,1,1,14,1.130000000e-07,4.180952100e-02,2.998130000e-04,4.210944700e-02,4.102757569e-02,4.072764969e-02,1.081871311e-03,261.712228,263.639526,263.639526,5.982720256e-04,4.730559886e-04,1.054329714e-05,row,0,-1.000000000e+00,-1.000000
cuda_warp_smem(blk192)(g8),double,local,local,16384,16384,20,1,1,1,15,1.039999997e-07,4.180289400e-02,3.062100000e-04,4.210920800e-02,4.103754569e-02,4.073123169e-02,1.071662311e-03,261.648645,263.616340,263.616340,5.916479826e-04,4.690240026e-04,1.099032540e-05,row,0,-1.000000000e+00,-1.000000
cuda_warp_smem(blk192)(g8),double,local,local,16384,16384,20,1,1,1,16,1.570000001e-07,4.183726700e-02,2.976370000e-04,4.213506100e-02,4.103296246e-02,4.073516846e-02,1.102098543e-03,261.677871,263.590864,263.590864,5.837759972e-04,5.041919947e-04,1.413055114e-05,row,0,-1.000000000e+00,-1.000000
cuda_warp_smem(blk192)(g8),double,local,local,16384,16384,20,1,1,1,17,8.470000004e-07,4.182834400e-02,2.953990000e-04,4.212459000e-02,4.102805371e-02,4.073180771e-02,1.096536291e-03,261.709179,263.612612,263.612612,6.025919914e-04,4.820800126e-04,1.186428728e-05,row,0,-1.000000000e+00,-1.000000
cuda_warp_smem(blk192)(g8),double,local,local,16384,16384,20,1,1,1,18,2.520000000e-07,4.180674100e-02,2.944640000e-04,4.210145700e-02,4.102674878e-02,4.073203278e-02,1.074708224e-03,261.717503,263.611156,263.611156,5.848960280e-04,4.786239862e-04,1.118820984e-05,row,0,-1.000000000e+00,-1.000000
cuda_warp_smem(blk192)(g8),double,local,local,16384,16384,20,1,1,1,19,2.120000002e-07,4.180797200e-02,2.977990000e-04,4.210598300e-02,4.103612440e-02,4.073811340e-02,1.069858597e-03,261.657708,263.571809,263.571809,5.912960172e-04,4.680320024e-04,1.053057706e-05,row,0,-1.000000000e+00,-1.000000
cuda_warp_smem(blk192)(g8),double,local,local,16384,16384,20,1,1,1,20,1.350000001e-07,4.183286000e-02,2.957110000e-04,4.212870600e-02,4.103667928e-02,4.074083328e-02,1.092026718e-03,261.654170,263.554213,263.554213,5.931839943e-04,4.880959988e-04,1.074672447e-05,row,0,-1.000000000e+00,-1.000000
cuda_warp_smem(blk192)(g8),double,local,local,16384,16384,32,1,1,1,1,1.629999999e-07,7.239558100e-02,5.281860000e-04,7.292393000e-02,7.113119324e-02,7.060284424e-02,1.792736762e-03,241.523703,243.331120,243.331120,9.619200230e-04,8.182079792e-04,1.260875955e-05,row,0,-1.000000000e+00,-1.000000
cuda_warp_smem(blk192)(g8),double,local,local,16384,16384,32,1,1,1,2,1.300000001e-07,7.240663000e-02,5.927150000e-04,7.299947500e-02,7.119607834e-02,7.060323334e-02,1.803396663e-03,241.303588,243.329779,243.329779,9.631999731e-04,8.288000226e-04,1.139666689e-05,row,0,-1.000000000e+00,-1.000000
cuda_warp_smem(blk192)(g8),double,local,local,16384,16384,32,1,1,1,3,1.480000000e-07,7.235078600e-02,5.432520000e-04,7.289418600e-02,7.109187717e-02,7.054847717e-02,1.802308827e-03,241.657273,243.518640,243.518640,9.641919732e-04,8.258240223e-04,1.229283165e-05,row,0,-1.000000000e+00,-1.000000
cuda_warp_smem(blk192)(g8),double,local,local,16384,16384,32,1,1,1,4,1.420000002e-07,7.233249600e-02,5.311390000e-04,7.286377700e-02,7.108856249e-02,7.055728149e-02,1.775214506e-03,241.668541,243.488253,243.488253,9.544960260e-04,8.075199723e-04,1.319850750e-05,row,0,-1.000000000e+00,-1.000000
cuda_warp_smem(blk192)(g8),double,local,local,16384,16384,32,1,1,1,5,1.589999998e-07,7.165973500e-02,5.568210000e-04,7.221671500e-02,7.038360201e-02,6.982662201e-02,1.833112991e-03,244.089087,246.036092,246.036092,1.016255975e-03,8.034880161e-04,1.336899982e-05,row,0,-1.000000000e+00,-1.000000
cuda_warp_smem(blk192)(g8),double,local,local,16384,16384,32,1,1,1,6,1.260000002e-07,7.172895900e-02,5.392600000e-04,7.226834500e-02,7.048690340e-02,6.994751740e-02,1.781441605e-03,243.731365,245.610850,245.610850,9.614400268e-04,8.074880242e-04,1.251355399e-05,row,0,-1.000000000e+00,-1.000000
cuda_warp_smem(blk192)(g8),double,local,local,16384,16384,32,1,1,1,7,8.899999981e-08,7.316607000e-02,1.449455000e-03,7.461561400e-02,7.198416619e-02,7.053462219e-02,2.631447808e-03,238.661779,243.566473,243.566473,9.604480267e-04,1.657920003e-03,1.307977802e-05,row,0,-1.000000000e+00,-1.000000
cuda_warp_smem(blk192)(g8),double,local,local,16384,16384,32,1,1,1,8,8.399999998e-07,7.297432000e-02,5.351140000e-04,7.351027400e-02,7.087915468e-02,7.034320068e-02,2.631119316e-03,242.382535,244.229279,244.229279,1.823040009e-03,7.950080037e-04,1.307130415e-05,row,0,-1.000000000e+00,-1.000000
cuda_warp_smem(blk192)(g8),double,local,local,16384,16384,32,1,1,1,9,1.539999999e-07,7.217271300e-02,5.423910000e-04,7.271525800e-02,7.094033400e-02,7.039778900e-02,1.774923999e-03,242.173503,244.039897,244.039897,9.731519818e-04,7.892479897e-04,1.252402705e-05,row,0,-1.000000000e+00,-1.000000
cuda_warp_smem(blk192)(g8),double,local,local,16384,16384,32,1,1,1,10,1.310000002e-07,7.212359200e-02,5.222450000e-04,7.264596800e-02,7.086013693e-02,7.033776093e-02,1.785831075e-03,242.447587,244.248167,244.248167,9.643840194e-04,8.095679879e-04,1.187906741e-05,row,0,-1.000000000e+00,-1.000000
cuda_warp_smem(blk192)(g8),double,local,local,16384,16384,32,1,1,1,11,1.410000001e-07,7.325873600e-02,1.474603000e-03,7.473348000e-02,7.209084050e-02,7.061609650e-02,2.642639503e-03,238.308627,243.285455,243.285455,9.758080244e-04,1.654495955e-03,1.233552450e-05,row,0,-1.000000000e+00,-1.000000
cuda_warp_smem(blk192)(g8),double,local,local,16384,16384,32,1,1,1,12,8.550000001e-07,7.321039500e-02,5.233190000e-04,7.373456900e-02,7.109965923e-02,7.057548523e-02,2.634909771e-03,241.630823,243.425449,243.425449,1.829632044e-03,7.923840284e-04,1.289369823e-05,row,0,-1.000000000e+00,-1.000000
cuda_warp_smem(blk192)(g8),double,local,local,16384,16384,32,1,1,1,13,1.149999997e-07,7.233137200e-02,5.245920000e-04,7.285607900e-02,7.108668820e-02,7.056198120e-02,1.769390799e-03,241.674913,243.472035,243.472035,9.736959934e-04,7.834879756e-04,1.220682981e-05,row,0,-1.000000000e+00,-1.000000
cuda_warp_smem(blk192)(g8),double,local,local,16384,16384,32,1,1,1,14,1.570000001e-07,7.232324500e-02,5.416850000e-04,7.286508700e-02,7.111557247e-02,7.057373047e-02,1.749514531e-03,241.576754,243.431502,243.431502,9.637119770e-04,7.744320035e-04,1.137055075e-05,row,0,-1.000000000e+00,-1.000000
cuda_warp_smem(blk192)(g8),double,local,local,16384,16384,32,1,1,1,15,2.029999999e-07,7.233042300e-02,5.259770000e-04,7.285660300e-02,7.110154316e-02,7.057536316e-02,1.755059841e-03,241.624421,243.425870,243.425870,9.506880045e-04,7.925440073e-04,1.182782903e-05,row,0,-1.000000000e+00,-1.000000
cuda_warp_smem(blk192)(g8),double,local,local,16384,16384,32,1,1,1,16,2.840000000e-07,7.317851300e-02,1.444198000e-03,7.462299500e-02,7.200931659e-02,7.056483459e-02,2.613678405e-03,238.578423,243.462190,243.462190,9.565759897e-04,1.644544005e-03,1.255841016e-05,row,0,-1.000000000e+00,-1.000000
cuda_warp_smem(blk192)(g8),double,local,local,16384,16384,32,1,1,1,17,9.729999997e-07,7.319134400e-02,5.240780000e-04,7.371639500e-02,7.109634769e-02,7.057129669e-02,2.620047308e-03,241.642078,243.439897,243.439897,1.824671984e-03,7.838079929e-04,1.156733145e-05,row,0,-1.000000000e+00,-1.000000
cuda_warp_smem(blk192)(g8),double,local,local,16384,16384,32,1,1,1,18,2.970000001e-07,7.232797700e-02,5.318360000e-04,7.286011000e-02,7.109091748e-02,7.055878448e-02,1.769192515e-03,241.660535,243.483066,243.483066,9.731519818e-04,7.832639813e-04,1.277655196e-05,row,0,-1.000000000e+00,-1.000000
cuda_warp_smem(blk192)(g8),double,local,local,16384,16384,32,1,1,1,19,2.810000002e-07,7.180958100e-02,5.411880000e-04,7.235105000e-02,7.059797993e-02,7.005651093e-02,1.753070075e-03,243.347886,245.228730,245.228730,9.620479941e-04,7.779200077e-04,1.310207286e-05,row,0,-1.000000000e+00,-1.000000
cuda_warp_smem(blk192)(g8),double,local,local,16384,16384,32,1,1,1,20,2.580000000e-07,7.234899800e-02,5.502580000e-04,7.289951400e-02,7.112309443e-02,7.057257843e-02,1.776419570e-03,241.551205,243.435475,243.435475,9.636800289e-04,7.992320061e-04,1.350753484e-05,row,0,-1.000000000e+00,-1.000000
cuda_warp_smem(g8),double,local,local,16384,16384,3,1,1,1,1,1.149999997e-07,5.820676000e-03,4.303400000e-05,5.863825000e-03,5.648140913e-03,5.604991913e-03,2.156840872e-04,285.158030,287.353267,287.353267,1.186560020e-04,8.835200220e-05,8.676082970e-06,row,0,-1.000000000e+00,-1.000000
cuda_warp_smem(g8),double,local,local,16384,16384,3,1,1,1,2,1.880000000e-07,5.820833000e-03,4.419900000e-05,5.865220000e-03,5.646402972e-03,5.602015972e-03,2.188170279e-04,285.245801,287.505916,287.505916,1.189119965e-04,9.017600119e-05,9.729030188e-06,row,0,-1.000000000e+00,-1.000000
cuda_warp_smem(g8),double,local,local,16384,16384,3,1,1,1,3,1.110000003e-07,5.829836000e-03,4.431300000e-05,5.874260000e-03,5.650279942e-03,5.605855942e-03,2.239800582e-04,285.050078,287.308977,287.308977,1.252480000e-04,8.902399987e-05,9.708058332e-06,row,0,-1.000000000e+00,-1.000000
cuda_warp_smem(g8),double,local,local,16384,16384,3,1,1,1,4,1.420000000e-07,5.830480000e-03,4.448400000e-05,5.875106000e-03,5.655122044e-03,5.610496044e-03,2.199839558e-04,284.806008,287.071361,287.071361,1.196480021e-04,9.052799642e-05,9.807957332e-06,row,0,-1.000000000e+00,-1.000000
cuda_warp_smem(g8),double,local,local,16384,16384,3,1,1,1,5,1.160000000e-07,5.829834000e-03,4.413900000e-05,5.874089000e-03,5.645438891e-03,5.601183891e-03,2.286501087e-04,285.294512,287.548627,287.548627,1.203520000e-04,9.891200066e-05,9.386108049e-06,row,0,-1.000000000e+00,-1.000000
cuda_warp_smem(g8),double,local,local,16384,16384,3,1,1,1,6,1.370000000e-07,5.836445000e-03,4.379000000e-05,5.880372000e-03,5.651671217e-03,5.607744217e-03,2.287007831e-04,284.979907,287.212233,287.212233,1.233600006e-04,9.670399874e-05,8.636783786e-06,row,0,-1.000000000e+00,-1.000000
cuda_warp_smem(g8),double,local,local,16384,16384,3,1,1,1,7,1.130000000e-07,5.823121000e-03,4.378500000e-05,5.867019000e-03,5.647034063e-03,5.603136063e-03,2.199849374e-04,285.213923,287.448443,287.448443,1.194880009e-04,9.062399715e-05,9.872939356e-06,row,0,-1.000000000e+00,-1.000000
cuda_warp_smem(g8),double,local,local,16384,16384,3,1,1,1,8,1.610000000e-07,5.823962000e-03,4.351100000e-05,5.867634000e-03,5.648023997e-03,5.604351997e-03,2.196100026e-04,285.163933,287.386077,287.386077,1.201599985e-04,9.004800022e-05,9.402003872e-06,row,0,-1.000000000e+00,-1.000000
cuda_warp_smem(g8),double,local,local,16384,16384,3,1,1,1,9,1.530000002e-07,5.832127000e-03,5.492300000e-05,5.887203000e-03,5.668100235e-03,5.613024235e-03,2.191027652e-04,284.153891,286.942060,286.942060,1.194560006e-04,8.998399973e-05,9.662764873e-06,row,0,-1.000000000e+00,-1.000000
cuda_warp_smem(g8),double,local,local,16384,16384,3,1,1,1,10,1.090000001e-07,5.848277000e-03,4.531200000e-05,5.893698000e-03,5.656652804e-03,5.611231804e-03,2.370451961e-04,284.728936,287.033720,287.033720,1.198080033e-04,1.074559987e-04,9.781194141e-06,row,0,-1.000000000e+00,-1.000000
cuda_warp_smem(g8),double,local,local,16384,16384,3,1,1,1,11,1.430000001e-07,5.820757000e-03,4.310500000e-05,5.864005000e-03,5.645967784e-03,5.602719784e-03,2.180372162e-04,285.267787,287.469800,287.469800,1.200319976e-04,8.860799670e-05,9.397221953e-06,row,0,-1.000000000e+00,-1.000000
cuda_warp_smem(g8),double,local,local,16384,16384,3,1,1,1,12,1.150000000e-07,5.825054000e-03,4.502100000e-05,5.870190000e-03,5.646160151e-03,5.601024151e-03,2.240298492e-04,285.258068,287.556828,287.556828,1.185280010e-04,9.660799801e-05,8.893850128e-06,row,0,-1.000000000e+00,-1.000000
cuda_warp_smem(g8),double,local,local,16384,16384,3,1,1,1,13,1.640000000e-07,5.823048000e-03,4.331100000e-05,5.866523000e-03,5.645043222e-03,5.601568222e-03,2.214797780e-04,285.314509,287.528898,287.528898,1.210239977e-04,9.167999774e-05,8.775782548e-06,row,0,-1.000000000e+00,-1.000000
cuda_warp_smem(g8),double,local,local,16384,16384,3,1,1,1,14,1.360000002e-07,5.827213000e-03,4.430200000e-05,5.871651000e-03,5.646422024e-03,5.601984024e-03,2.252289760e-04,285.244838,287.507556,287.507556,1.221439987e-04,9.299200028e-05,1.009297693e-05,row,0,-1.000000000e+00,-1.000000
cuda_warp_smem(g8),double,local,local,16384,16384,3,1,1,1,15,1.390000000e-07,5.825469000e-03,4.423800000e-05,5.869846000e-03,5.652153165e-03,5.607776165e-03,2.176928350e-04,284.955607,287.210596,287.210596,1.200639978e-04,8.832000196e-05,9.308835226e-06,row,0,-1.000000000e+00,-1.000000
cuda_warp_smem(g8),double,local,local,16384,16384,3,1,1,1,16,1.370000002e-07,5.814640000e-03,4.438100000e-05,5.859158000e-03,5.645989901e-03,5.601471901e-03,2.131680991e-04,285.266670,287.533842,287.533842,1.197120026e-04,8.406399935e-05,9.392097130e-06,row,0,-1.000000000e+00,-1.000000
cuda_warp_smem(g8),double,local,local,16384,16384,3,1,1,1,17,1.110000001e-07,5.809393000e-03,4.283600000e-05,5.852340000e-03,5.634275144e-03,5.591328144e-03,2.180648559e-04,285.859795,288.055484,288.055484,1.189119965e-04,9.055999666e-05,8.592862778e-06,row,0,-1.000000000e+00,-1.000000
cuda_warp_smem(g8),double,local,local,16384,16384,3,1,1,1,18,1.029999999e-07,5.751953000e-03,4.471100000e-05,5.796767000e-03,5.575950036e-03,5.531136036e-03,2.208169641e-04,288.849923,291.190223,291.190223,1.187200025e-04,9.180799872e-05,1.028896289e-05,row,0,-1.000000000e+00,-1.000000
cuda_warp_smem(g8),double,local,local,16384,16384,3,1,1,1,19,1.130000000e-07,5.750068000e-03,4.717300000e-05,5.797354000e-03,5.580118146e-03,5.532832146e-03,2.172358543e-04,288.634164,291.100958,291.100958,1.194880009e-04,8.902399987e-05,8.723853570e-06,row,0,-1.000000000e+00,-1.000000
cuda_warp_smem(g8),double,local,local,16384,16384,3,1,1,1,20,1.130000000e-07,5.759030000e-03,4.369000000e-05,5.802833000e-03,5.584539198e-03,5.540736198e-03,2.182938016e-04,288.405664,290.685692,290.685692,1.195520014e-04,8.959999681e-05,9.141803412e-06,row,0,-1.000000000e+00,-1.000000
cuda_warp_smem(g8),double,local,local,16384,16384,6,1,1,1,1,1.480000000e-07,9.664428000e-03,1.048100000e-04,9.769386000e-03,9.348958435e-03,9.244000435e-03,4.204275651e-04,344.554476,348.466608,348.466608,2.323520035e-04,1.790719926e-04,9.003569034e-06,row,0,-1.000000000e+00,-1.000000
cuda_warp_smem(g8),double,local,local,16384,16384,6,1,1,1,2,2.470000000e-07,9.662288000e-03,8.860300000e-05,9.751138000e-03,9.331857660e-03,9.243007660e-03,4.192803401e-04,345.185877,348.504036,348.504036,2.368000001e-04,1.724800020e-04,1.000033797e-05,row,0,-1.000000000e+00,-1.000000
cuda_warp_smem(g8),double,local,local,16384,16384,6,1,1,1,3,1.430000001e-07,9.671033000e-03,8.824100000e-05,9.759417000e-03,9.329728452e-03,9.241344452e-03,4.296885481e-04,345.264655,348.566758,348.566758,2.476799935e-04,1.720319986e-04,9.976555951e-06,row,0,-1.000000000e+00,-1.000000
cuda_warp_smem(g8),double,local,local,16384,16384,6,1,1,1,4,1.279999999e-07,9.659528000e-03,8.948400000e-05,9.749140000e-03,9.330827706e-03,9.241215706e-03,4.183122941e-04,345.223979,348.571614,348.571614,2.314880043e-04,1.771519929e-04,9.672296884e-06,row,0,-1.000000000e+00,-1.000000
cuda_warp_smem(g8),double,local,local,16384,16384,6,1,1,1,5,1.230000002e-07,9.656366000e-03,8.863300000e-05,9.745122000e-03,9.332979595e-03,9.244223595e-03,4.121424053e-04,345.144382,348.458195,348.458195,2.305279970e-04,1.718720049e-04,9.742403451e-06,row,0,-1.000000000e+00,-1.000000
cuda_warp_smem(g8),double,local,local,16384,16384,6,1,1,1,6,1.290000000e-07,9.672153000e-03,8.840000000e-05,9.760682000e-03,9.326833138e-03,9.238304138e-03,4.338488618e-04,345.371835,348.681471,348.681471,2.553279996e-04,1.697279960e-04,8.792866233e-06,row,0,-1.000000000e+00,-1.000000
cuda_warp_smem(g8),double,local,local,16384,16384,6,1,1,1,7,1.429999998e-07,9.659654000e-03,8.911100000e-05,9.748908000e-03,9.332197764e-03,9.242943764e-03,4.167102363e-04,345.173297,348.506445,348.506445,2.327360064e-04,1.740159988e-04,9.958231048e-06,row,0,-1.000000000e+00,-1.000000
cuda_warp_smem(g8),double,local,local,16384,16384,6,1,1,1,8,1.200000002e-07,9.652383000e-03,8.950600000e-05,9.742009000e-03,9.330617592e-03,9.240991592e-03,4.113914076e-04,345.231753,348.580067,348.580067,2.311359942e-04,1.697279960e-04,1.052741741e-05,row,0,-1.000000000e+00,-1.000000
cuda_warp_smem(g8),double,local,local,16384,16384,6,1,1,1,9,1.369999998e-07,9.652779000e-03,9.037200000e-05,9.743288000e-03,9.333388868e-03,9.242879868e-03,4.098991324e-04,345.129247,348.508854,348.508854,2.311680019e-04,1.683519930e-04,1.037913759e-05,row,0,-1.000000000e+00,-1.000000
cuda_warp_smem(g8),double,local,local,16384,16384,6,1,1,1,10,1.470000000e-07,9.657942000e-03,8.957700000e-05,9.747666000e-03,9.326363977e-03,9.236639977e-03,4.213020235e-04,345.389208,348.744292,348.744292,2.370879948e-04,1.664959937e-04,1.771803495e-05,row,0,-1.000000000e+00,-1.000000
cuda_warp_smem(g8),double,local,local,16384,16384,6,1,1,1,11,1.100000002e-07,9.646162000e-03,8.991800000e-05,9.736190000e-03,9.325740051e-03,9.235712051e-03,4.104499486e-04,345.412316,348.779331,348.779331,2.311040014e-04,1.693120003e-04,1.003394693e-05,row,0,-1.000000000e+00,-1.000000
cuda_warp_smem(g8),double,local,local,16384,16384,6,1,1,1,12,1.230000000e-07,9.655745000e-03,9.814700000e-05,9.754015000e-03,9.340030254e-03,9.241760254e-03,4.139847461e-04,344.883837,348.551075,348.551075,2.308160067e-04,1.730879992e-04,1.008074021e-05,row,0,-1.000000000e+00,-1.000000
cuda_warp_smem(g8),double,local,local,16384,16384,6,1,1,1,13,1.359999999e-07,9.642595000e-03,1.008180000e-04,9.743549000e-03,9.336090032e-03,9.235136032e-03,4.074589679e-04,345.029392,348.801085,348.801085,2.309119999e-04,1.673280001e-04,9.218967886e-06,row,0,-1.000000000e+00,-1.000000
cuda_warp_smem(g8),double,local,local,16384,16384,6,1,1,1,14,1.310000000e-07,9.658480000e-03,1.001310000e-04,9.758742000e-03,9.341158225e-03,9.240896225e-03,4.175837750e-04,344.842191,348.583665,348.583665,2.343679965e-04,1.727679968e-04,1.044778178e-05,row,0,-1.000000000e+00,-1.000000
cuda_warp_smem(g8),double,local,local,16384,16384,6,1,1,1,15,1.119999999e-07,9.647387000e-03,8.986500000e-05,9.737364000e-03,9.331385348e-03,9.241408348e-03,4.059786519e-04,345.203349,348.564348,348.564348,2.313919961e-04,1.644800007e-04,1.010665504e-05,row,0,-1.000000000e+00,-1.000000
cuda_warp_smem(g8),double,local,local,16384,16384,6,1,1,1,16,1.249999999e-07,9.672819000e-03,8.845400000e-05,9.761398000e-03,9.332162679e-03,9.243583679e-03,4.292353208e-04,345.174595,348.482319,348.482319,2.482559979e-04,1.711039990e-04,9.875323886e-06,row,0,-1.000000000e+00,-1.000000
cuda_warp_smem(g8),double,local,local,16384,16384,6,1,1,1,17,1.439999999e-07,1.208838000e-02,9.107200000e-05,1.217959600e-02,9.334511670e-03,9.243295670e-03,2.845084330e-03,345.087733,348.493177,348.493177,2.425920069e-04,2.593280077e-03,9.212246542e-06,row,0,-1.000000000e+00,-1.000000
cuda_warp_smem(g8),double,local,local,16384,16384,6,1,1,1,18,1.839999999e-07,9.667755000e-03,8.972300000e-05,9.757662000e-03,9.333074877e-03,9.243167877e-03,4.245871228e-04,345.140858,348.497995,348.497995,2.336640060e-04,1.813759953e-04,9.547121530e-06,row,0,-1.000000000e+00,-1.000000
cuda_warp_smem(g8),double,local,local,16384,16384,6,1,1,1,19,1.349999998e-07,9.653154000e-03,9.125500000e-05,9.744544000e-03,9.330206261e-03,9.238816261e-03,4.143377387e-04,345.246973,348.662143,348.662143,2.313279957e-04,1.725440025e-04,1.046574052e-05,row,0,-1.000000000e+00,-1.000000
cuda_warp_smem(g8),double,local,local,16384,16384,6,1,1,1,20,1.250000001e-07,9.647192000e-03,8.913500000e-05,9.736452000e-03,9.325099844e-03,9.235839844e-03,4.113521562e-04,345.436030,348.774505,348.774505,2.371200025e-04,1.648319960e-04,9.400157778e-06,row,0,-1.000000000e+00,-1.000000
cuda_warp_smem(g8),double,local,local,16384,16384,8,1,1,1,1,1.260000002e-07,1.290694100e-02,1.202060000e-04,1.302727300e-02,1.246055627e-02,1.234022427e-02,5.667167339e-04,344.685037,348.046130,348.046130,3.071359992e-04,2.482240051e-04,1.135672964e-05,row,0,-1.000000000e+00,-1.000000
cuda_warp_smem(g8),double,local,local,16384,16384,8,1,1,1,2,1.600000001e-07,1.290508600e-02,1.183460000e-04,1.302359200e-02,1.246074633e-02,1.234224033e-02,5.628456664e-04,344.679779,347.989277,347.989277,3.097600043e-04,2.427520007e-04,1.033366147e-05,row,0,-1.000000000e+00,-1.000000
cuda_warp_smem(g8),double,local,local,16384,16384,8,1,1,1,3,1.310000002e-07,1.290199000e-02,1.205380000e-04,1.302265900e-02,1.245938932e-02,1.233872032e-02,5.632696783e-04,344.717320,348.088552,348.088552,3.054719865e-04,2.468480021e-04,1.094968974e-05,row,0,-1.000000000e+00,-1.000000
cuda_warp_smem(g8),double,local,local,16384,16384,8,1,1,1,4,1.569999999e-07,1.290746100e-02,1.207080000e-04,1.302832600e-02,1.246288122e-02,1.234201622e-02,5.654447799e-04,344.620736,347.995596,347.995596,3.084160089e-04,2.461120039e-04,1.091676704e-05,row,0,-1.000000000e+00,-1.000000
cuda_warp_smem(g8),double,local,local,16384,16384,8,1,1,1,5,1.430000001e-07,1.291139300e-02,1.202940000e-04,1.303183000e-02,1.246347747e-02,1.234304047e-02,5.683525337e-04,344.604249,347.966719,347.966719,3.081279993e-04,2.491199970e-04,1.110453736e-05,row,0,-1.000000000e+00,-1.000000
cuda_warp_smem(g8),double,local,local,16384,16384,8,1,1,1,6,1.490000001e-07,1.290937400e-02,1.188770000e-04,1.302840000e-02,1.246248227e-02,1.234345627e-02,5.659177317e-04,344.631768,347.954998,347.954998,3.109759986e-04,2.446720004e-04,1.026973264e-05,row,0,-1.000000000e+00,-1.000000
cuda_warp_smem(g8),double,local,local,16384,16384,8,1,1,1,7,1.610000000e-07,1.289654800e-02,1.189840000e-04,1.301569300e-02,1.245997676e-02,1.234083176e-02,5.557162434e-04,344.701068,348.028997,348.028997,3.062399924e-04,2.387199998e-04,1.075625124e-05,row,0,-1.000000000e+00,-1.000000
cuda_warp_smem(g8),double,local,local,16384,16384,8,1,1,1,8,1.420000002e-07,1.290152600e-02,1.202860000e-04,1.302195400e-02,1.246260444e-02,1.234217644e-02,5.593495626e-04,344.628389,347.991079,347.991079,3.075200021e-04,2.413759977e-04,1.045356283e-05,row,0,-1.000000000e+00,-1.000000
cuda_warp_smem(g8),double,local,local,16384,16384,8,1,1,1,9,1.320000000e-07,1.290324500e-02,1.210070000e-04,1.302438400e-02,1.246552319e-02,1.234438419e-02,5.588608066e-04,344.547696,347.928842,347.928842,3.085120022e-04,2.402240038e-04,1.012480056e-05,row,0,-1.000000000e+00,-1.000000
cuda_warp_smem(g8),double,local,local,16384,16384,8,1,1,1,10,1.439999999e-07,1.290505200e-02,1.185990000e-04,1.302379500e-02,1.246107870e-02,1.234233570e-02,5.627162990e-04,344.670586,347.986589,347.986589,3.107199967e-04,2.416960001e-04,1.030030222e-05,row,0,-1.000000000e+00,-1.000000
cuda_warp_smem(g8),double,local,local,16384,16384,8,1,1,1,11,1.489999999e-07,1.290676100e-02,1.207670000e-04,1.302767700e-02,1.246702825e-02,1.234611225e-02,5.606487487e-04,344.506101,347.880143,347.880143,3.104000092e-04,2.401919961e-04,1.005674347e-05,row,0,-1.000000000e+00,-1.000000
cuda_warp_smem(g8),double,local,local,16384,16384,8,1,1,1,12,1.970000001e-07,1.290241000e-02,1.200810000e-04,1.302268800e-02,1.246661436e-02,1.234633636e-02,5.560736353e-04,344.517539,347.873828,347.873828,3.128960133e-04,2.335039973e-04,9.673624668e-06,row,0,-1.000000000e+00,-1.000000
cuda_warp_smem(g8),double,local,local,16384,16384,8,1,1,1,13,1.400000000e-07,1.916236700e-02,1.211160000e-04,1.928362300e-02,1.246823228e-02,1.234697628e-02,6.815390720e-03,344.472833,347.855799,347.855799,6.568736076e-03,2.366079986e-04,1.004664482e-05,row,0,-1.000000000e+00,-1.000000
cuda_warp_smem(g8),double,local,local,16384,16384,8,1,1,1,14,1.810000001e-07,1.290081600e-02,1.197340000e-04,1.302073100e-02,1.246285915e-02,1.234294415e-02,5.578718548e-04,344.621346,347.969435,347.969435,3.087680042e-04,2.384639978e-04,1.063985278e-05,row,0,-1.000000000e+00,-1.000000
cuda_warp_smem(g8),double,local,local,16384,16384,8,1,1,1,15,8.499999993e-08,1.289331800e-02,1.185590000e-04,1.301196200e-02,1.246133161e-02,1.234268761e-02,5.506303932e-04,344.663591,347.976667,347.976667,3.072640002e-04,2.333119959e-04,1.005439715e-05,row,0,-1.000000000e+00,-1.000000
cuda_warp_smem(g8),double,local,local,16384,16384,8,1,1,1,16,1.259999998e-07,1.291445500e-02,1.206630000e-04,1.303524400e-02,1.246389336e-02,1.234310436e-02,5.713506375e-04,344.592751,347.964918,347.964918,3.094399869e-04,2.516799867e-04,1.023066385e-05,row,0,-1.000000000e+00,-1.000000
cuda_warp_smem(g8),double,local,local,16384,16384,8,1,1,1,17,1.579999998e-07,1.289136400e-02,1.193130000e-04,1.301083500e-02,1.246036665e-02,1.234089565e-02,5.504683472e-04,344.690282,348.027195,348.027195,3.070720136e-04,2.339520007e-04,9.444332875e-06,row,0,-1.000000000e+00,-1.000000
cuda_warp_smem(g8),double,local,local,16384,16384,8,1,1,1,18,1.580000002e-07,1.289087700e-02,1.193680000e-04,1.301040300e-02,1.245987806e-02,1.234035206e-02,5.505249416e-04,344.703799,348.042526,348.042526,3.077439964e-04,2.323839962e-04,1.039694896e-05,row,0,-1.000000000e+00,-1.000000
cuda_warp_smem(g8),double,local,local,16384,16384,8,1,1,1,19,1.510000001e-07,1.288639000e-02,1.203850000e-04,1.300692600e-02,1.246300045e-02,1.234246445e-02,5.439255530e-04,344.617439,347.982959,347.982959,3.043519855e-04,2.288960069e-04,1.067756058e-05,row,0,-1.000000000e+00,-1.000000
cuda_warp_smem(g8),double,local,local,16384,16384,8,1,1,1,20,1.409999999e-07,1.289238000e-02,1.202120000e-04,1.301273300e-02,1.246403338e-02,1.234368038e-02,5.486996182e-04,344.588879,347.948680,347.948680,3.073279858e-04,2.312320024e-04,1.013963008e-05,row,0,-1.000000000e+00,-1.000000
cuda_warp_smem(g8),double,local,local,16384,16384,20,1,1,1,1,1.410000001e-07,3.194207900e-02,3.041540000e-04,3.224637400e-02,3.113866275e-02,3.083436775e-02,1.107711248e-03,344.825927,348.228909,348.228909,5.925760269e-04,5.041599870e-04,1.097523404e-05,row,0,-1.000000000e+00,-1.000000
cuda_warp_smem(g8),double,local,local,16384,16384,20,1,1,1,2,2.250000000e-07,3.193763800e-02,3.185940000e-04,3.225645700e-02,3.113043590e-02,3.081161690e-02,1.126021102e-03,344.917054,348.486036,348.486036,5.931199789e-04,5.225600004e-04,1.034112309e-05,row,0,-1.000000000e+00,-1.000000
cuda_warp_smem(g8),double,local,local,16384,16384,20,1,1,1,3,2.420000000e-07,3.197194700e-02,3.023490000e-04,3.227453800e-02,3.113004652e-02,3.082745552e-02,1.144491479e-03,344.921368,348.306990,348.306990,6.051200032e-04,5.272639990e-04,1.210747716e-05,row,0,-1.000000000e+00,-1.000000
cuda_warp_smem(g8),double,local,local,16384,16384,20,1,1,1,4,1.390000002e-07,3.193035000e-02,3.060800000e-04,3.223656900e-02,3.113629903e-02,3.083008003e-02,1.100269968e-03,344.852104,348.277339,348.277339,5.997120142e-04,4.900160134e-04,1.054194007e-05,row,0,-1.000000000e+00,-1.000000
cuda_warp_smem(g8),double,local,local,16384,16384,20,1,1,1,5,2.049999999e-07,3.192958100e-02,3.000030000e-04,3.222978900e-02,3.114500895e-02,3.084480095e-02,1.084780051e-03,344.755664,348.111121,348.111121,5.939840078e-04,4.792959988e-04,1.150004426e-05,row,0,-1.000000000e+00,-1.000000
cuda_warp_smem(g8),double,local,local,16384,16384,20,1,1,1,6,8.900000026e-08,3.191280200e-02,3.009150000e-04,3.221380600e-02,3.113098866e-02,3.082998466e-02,1.082817335e-03,344.910930,348.278417,348.278417,5.942080021e-04,4.776000082e-04,1.100932474e-05,row,0,-1.000000000e+00,-1.000000
cuda_warp_smem(g8),double,local,local,16384,16384,20,1,1,1,7,2.070000000e-07,3.189827400e-02,2.984280000e-04,3.219690900e-02,3.111114644e-02,3.081251144e-02,1.085762556e-03,345.130909,348.475919,348.475919,6.087039709e-04,4.661119878e-04,1.094659717e-05,row,0,-1.000000000e+00,-1.000000
cuda_warp_smem(g8),double,local,local,16384,16384,20,1,1,1,8,1.439999999e-07,3.190200500e-02,3.030860000e-04,3.220523500e-02,3.112860651e-02,3.082537651e-02,1.076628489e-03,344.937324,348.330481,348.330481,5.907199979e-04,4.759039879e-04,1.000450361e-05,row,0,-1.000000000e+00,-1.000000
cuda_warp_smem(g8),double,local,local,16384,16384,20,1,1,1,9,1.270000003e-07,3.190229900e-02,3.026320000e-04,3.220505800e-02,3.114163954e-02,3.083888054e-02,1.063418461e-03,344.792965,348.177951,348.177951,5.864639878e-04,4.658240080e-04,1.113046524e-05,row,0,-1.000000000e+00,-1.000000
cuda_warp_smem(g8),double,local,local,16384,16384,20,1,1,1,10,1.350000001e-07,3.188167300e-02,3.004390000e-04,3.218224700e-02,3.111938923e-02,3.081881523e-02,1.062857769e-03,345.039492,348.404640,348.404640,5.864959955e-04,4.653759897e-04,1.098578348e-05,row,0,-1.000000000e+00,-1.000000
cuda_warp_smem(g8),double,local,local,16384,16384,20,1,1,1,11,1.150000000e-07,3.592982900e-02,3.095990000e-04,3.623954300e-02,3.113579432e-02,3.082608032e-02,5.103748678e-03,344.857694,348.322528,348.322528,5.867840052e-04,4.506175995e-03,1.078867770e-05,row,0,-1.000000000e+00,-1.000000
cuda_warp_smem(g8),double,local,local,16384,16384,20,1,1,1,12,1.230000002e-07,3.196755700e-02,3.047470000e-04,3.227242700e-02,3.113687073e-02,3.083200073e-02,1.135556268e-03,344.845772,348.255643,348.255643,5.975040197e-04,5.275200009e-04,1.053224691e-05,row,0,-1.000000000e+00,-1.000000
cuda_warp_smem(g8),double,local,local,16384,16384,20,1,1,1,13,1.219999999e-07,3.192530500e-02,3.070330000e-04,3.223246000e-02,3.113179527e-02,3.082464027e-02,1.100664726e-03,344.901993,348.338801,348.338801,5.954239964e-04,4.935680032e-04,1.167272633e-05,row,0,-1.000000000e+00,-1.000000
cuda_warp_smem(g8),double,local,local,16384,16384,20,1,1,1,14,1.629999997e-07,3.190198900e-02,3.122800000e-04,3.221443200e-02,3.112789939e-02,3.081545639e-02,1.086532610e-03,344.945160,348.442616,348.442616,5.855680108e-04,4.903039932e-04,1.066060559e-05,row,0,-1.000000000e+00,-1.000000
cuda_warp_smem(g8),double,local,local,16384,16384,20,1,1,1,15,1.090000001e-07,3.189358400e-02,3.035460000e-04,3.219723900e-02,3.112125525e-02,3.081760025e-02,1.075983750e-03,345.018803,348.418376,348.418376,5.884479880e-04,4.760000110e-04,1.153575075e-05,row,0,-1.000000000e+00,-1.000000
cuda_warp_smem(g8),double,local,local,16384,16384,20,1,1,1,16,7.399999991e-08,3.190061400e-02,3.011920000e-04,3.220188000e-02,3.111332922e-02,3.081206322e-02,1.088550783e-03,345.106696,348.480988,348.480988,5.967040062e-04,4.815999866e-04,1.024679009e-05,row,0,-1.000000000e+00,-1.000000
cuda_warp_smem(g8),double,local,local,16384,16384,20,1,1,1,17,1.790000002e-07,3.188438900e-02,2.994050000e-04,3.218397300e-02,3.112255916e-02,3.082297516e-02,1.061413841e-03,345.004348,348.357619,348.357619,5.924159884e-04,4.587840140e-04,1.021383888e-05,row,0,-1.000000000e+00,-1.000000
cuda_warp_smem(g8),double,local,local,16384,16384,20,1,1,1,18,9.400000023e-08,3.187116200e-02,3.228660000e-04,3.219412200e-02,3.113268862e-02,3.080972862e-02,1.061433378e-03,344.892096,348.507394,348.507394,5.897279978e-04,4.616959989e-04,1.000938088e-05,row,0,-1.000000000e+00,-1.000000
cuda_warp_smem(g8),double,local,local,16384,16384,20,1,1,1,19,5.180000002e-07,3.189710800e-02,3.105870000e-04,3.220821300e-02,3.113795208e-02,3.082684708e-02,1.070260924e-03,344.833797,348.313865,348.313865,5.906879902e-04,4.660480022e-04,1.352493115e-05,row,0,-1.000000000e+00,-1.000000
cuda_warp_smem(g8),double,local,local,16384,16384,20,1,1,1,20,9.700000003e-08,3.245872000e-02,3.101120000e-04,3.276892900e-02,3.113747379e-02,3.082726479e-02,1.631455214e-03,344.839094,348.309145,348.309145,1.150496006e-03,4.691840112e-04,1.177519700e-05,row,0,-1.000000000e+00,-1.000000
cuda_warp_smem(g8),double,local,local,16384,16384,32,1,1,1,1,1.800000000e-07,5.554199100e-02,5.296060000e-04,5.607177700e-02,5.425333870e-02,5.372355270e-02,1.818438296e-03,316.660128,319.782820,319.782820,9.609280229e-04,8.459519744e-04,1.155829889e-05,row,0,-1.000000000e+00,-1.000000
cuda_warp_smem(g8),double,local,local,16384,16384,32,1,1,1,2,1.789999999e-07,5.555756900e-02,5.155270000e-04,5.607327500e-02,5.425820249e-02,5.374249649e-02,1.815072510e-03,316.631742,319.670099,319.670099,9.791359901e-04,8.240960240e-04,1.184049534e-05,row,0,-1.000000000e+00,-1.000000
cuda_warp_smem(g8),double,local,local,16384,16384,32,1,1,1,3,2.050000001e-07,5.554631900e-02,5.088010000e-04,5.605532500e-02,5.424734066e-02,5.373833466e-02,1.807984344e-03,316.695141,319.694856,319.694856,9.702399969e-04,8.259519935e-04,1.179235386e-05,row,0,-1.000000000e+00,-1.000000
cuda_warp_smem(g8),double,local,local,16384,16384,32,1,1,1,4,1.429999998e-07,5.553758500e-02,5.608470000e-04,5.609857500e-02,5.426530900e-02,5.370431900e-02,1.833266000e-03,316.590277,319.897347,319.897347,9.746879935e-04,8.472639918e-04,1.131401440e-05,row,0,-1.000000000e+00,-1.000000
cuda_warp_smem(g8),double,local,local,16384,16384,32,1,1,1,5,1.500000000e-07,5.556665400e-02,5.199320000e-04,5.608673600e-02,5.423444891e-02,5.371436691e-02,1.852287087e-03,316.770420,319.837507,319.837507,9.950079918e-04,8.439360261e-04,1.334306927e-05,row,0,-1.000000000e+00,-1.000000
cuda_warp_smem(g8),double,local,local,16384,16384,32,1,1,1,6,2.040000000e-07,5.551762300e-02,5.208940000e-04,5.603872100e-02,5.422039304e-02,5.369929504e-02,1.818327956e-03,316.852539,319.927276,319.927276,9.747840166e-04,8.311359882e-04,1.240795121e-05,row,0,-1.000000000e+00,-1.000000
cuda_warp_smem(g8),double,local,local,16384,16384,32,1,1,1,7,2.020000003e-07,5.558538800e-02,5.168300000e-04,5.610242000e-02,5.425440917e-02,5.373737717e-02,1.848010833e-03,316.653880,319.700553,319.700553,1.000031948e-03,8.358399868e-04,1.213889836e-05,row,0,-1.000000000e+00,-1.000000
cuda_warp_smem(g8),double,local,local,16384,16384,32,1,1,1,8,1.660000000e-07,5.551721000e-02,5.173810000e-04,5.603475700e-02,5.421057068e-02,5.369302368e-02,1.824186318e-03,316.909949,319.964644,319.964644,9.725760221e-04,8.395199776e-04,1.209031864e-05,row,0,-1.000000000e+00,-1.000000
cuda_warp_smem(g8),double,local,local,16384,16384,32,1,1,1,9,2.439999998e-07,5.551842100e-02,5.541630000e-04,5.607282800e-02,5.426880825e-02,5.371440125e-02,1.804019755e-03,316.569863,319.837302,319.837302,9.695680141e-04,8.169919848e-04,1.745975589e-05,row,0,-1.000000000e+00,-1.000000
cuda_warp_smem(g8),double,local,local,16384,16384,32,1,1,1,10,1.990000000e-07,5.552776200e-02,5.204280000e-04,5.604838900e-02,5.421601961e-02,5.369539261e-02,1.832369391e-03,316.878098,319.950527,319.950527,9.779840112e-04,8.408960104e-04,1.348936979e-05,row,0,-1.000000000e+00,-1.000000
cuda_warp_smem(g8),double,local,local,16384,16384,32,1,1,1,11,2.229999998e-07,5.645404400e-02,1.456157000e-03,5.791042400e-02,5.519935714e-02,5.374297714e-02,2.711066858e-03,311.233139,319.667240,319.667240,9.787520170e-04,1.718752027e-03,1.356281409e-05,row,0,-1.000000000e+00,-1.000000
cuda_warp_smem(g8),double,local,local,16384,16384,32,1,1,1,12,1.095000000e-06,5.641761200e-02,5.227760000e-04,5.694148300e-02,5.424940735e-02,5.372553635e-02,2.692075654e-03,316.683076,319.771013,319.771013,1.859135985e-03,8.210560083e-04,1.188365985e-05,row,0,-1.000000000e+00,-1.000000
cuda_warp_smem(g8),double,local,local,16384,16384,32,1,1,1,13,2.269999997e-07,5.549406700e-02,5.134350000e-04,5.600772900e-02,5.422822346e-02,5.371456146e-02,1.779505538e-03,316.806786,319.836348,319.836348,9.620800018e-04,8.046399951e-04,1.278554067e-05,row,0,-1.000000000e+00,-1.000000
cuda_warp_smem(g8),double,local,local,16384,16384,32,1,1,1,14,1.870000004e-07,5.549612400e-02,5.120870000e-04,5.600839800e-02,5.422184202e-02,5.370956802e-02,1.786555976e-03,316.844071,319.866084,319.866084,9.612799883e-04,8.128960133e-04,1.237997477e-05,row,0,-1.000000000e+00,-1.000000
cuda_warp_smem(g8),double,local,local,16384,16384,32,1,1,1,15,1.809999999e-07,5.554092500e-02,5.180830000e-04,5.605918900e-02,5.424047012e-02,5.372220612e-02,1.818718884e-03,316.735256,319.790836,319.790836,9.915840030e-04,8.154240251e-04,1.171085625e-05,row,0,-1.000000000e+00,-1.000000
cuda_warp_smem(g8),double,local,local,16384,16384,32,1,1,1,16,1.990000000e-07,5.644088600e-02,1.592077000e-03,5.803316200e-02,5.535326614e-02,5.376099014e-02,2.679895857e-03,310.367759,319.560133,319.560133,9.598399997e-04,1.706591964e-03,1.346389373e-05,row,0,-1.000000000e+00,-1.000000
cuda_warp_smem(g8),double,local,local,16384,16384,32,1,1,1,17,9.219999999e-07,5.636327400e-02,5.098590000e-04,5.687405500e-02,5.420998068e-02,5.369919968e-02,2.664074323e-03,316.913398,319.927844,319.927844,1.850687981e-03,8.015360236e-04,1.185031922e-05,row,0,-1.000000000e+00,-1.000000
cuda_warp_smem(g8),double,local,local,16384,16384,32,1,1,1,18,2.790000000e-07,5.563030300e-02,7.287260000e-04,5.635930800e-02,5.448381915e-02,5.375481415e-02,1.875488852e-03,315.320575,319.596848,319.596848,9.667199850e-04,8.967360258e-04,1.203284123e-05,row,0,-1.000000000e+00,-1.000000
cuda_warp_smem(g8),double,local,local,16384,16384,32,1,1,1,19,2.310000000e-07,5.561966200e-02,5.529390000e-04,5.617283200e-02,5.428020934e-02,5.372703934e-02,1.892622663e-03,316.503370,319.762068,319.762068,9.977920055e-04,8.832640052e-04,1.156665212e-05,row,0,-1.000000000e+00,-1.000000
cuda_warp_smem(g8),double,local,local,16384,16384,32,1,1,1,20,1.809999999e-07,5.552643300e-02,5.540070000e-04,5.608062100e-02,5.425617241e-02,5.370198441e-02,1.824448594e-03,316.643590,319.911254,319.911254,9.797440171e-04,8.327360153e-04,1.196856204e-05,row,0,-1.000000000e+00,-1.000000
cuda_warp_smem(blk384)(g8),double,local,local,16384,16384,3,1,1,1,1,1.750000000e-07,5.975743000e-03,4.418200000e-05,6.020100000e-03,5.801413236e-03,5.757056236e-03,2.186867637e-04,277.624205,279.763245,279.763245,1.180799976e-04,9.126400203e-05,9.342764109e-06,row,0,-1.000000000e+00,-1.000000
cuda_warp_smem(blk384)(g8),double,local,local,16384,16384,3,1,1,1,2,1.690000000e-07,5.975511000e-03,4.491500000e-05,6.020595000e-03,5.804508210e-03,5.759424210e-03,2.160867904e-04,277.476175,279.648221,279.648221,1.187840030e-04,8.876799792e-05,8.534789525e-06,row,0,-1.000000000e+00,-1.000000
cuda_warp_smem(blk384)(g8),double,local,local,16384,16384,3,1,1,1,3,1.430000001e-07,5.975549000e-03,4.519200000e-05,6.020884000e-03,5.800854867e-03,5.755519867e-03,2.200291331e-04,277.650928,279.837925,279.837925,1.184960008e-04,9.244800359e-05,9.085128700e-06,row,0,-1.000000000e+00,-1.000000
cuda_warp_smem(blk384)(g8),double,local,local,16384,16384,3,1,1,1,4,1.650000001e-07,5.972804000e-03,4.359900000e-05,6.016568000e-03,5.799668198e-03,5.755904198e-03,2.168998023e-04,277.707738,279.819240,279.819240,1.181759983e-04,8.905600011e-05,9.667803864e-06,row,0,-1.000000000e+00,-1.000000
cuda_warp_smem(blk384)(g8),double,local,local,16384,16384,3,1,1,1,5,1.650000001e-07,5.978159000e-03,4.507500000e-05,6.023399000e-03,5.801399782e-03,5.756159782e-03,2.219992176e-04,277.624849,279.806815,279.806815,1.185920015e-04,9.324800223e-05,1.015921386e-05,row,0,-1.000000000e+00,-1.000000
cuda_warp_smem(blk384)(g8),double,local,local,16384,16384,3,1,1,1,6,1.630000002e-07,5.969219000e-03,4.421500000e-05,6.013597000e-03,5.801210123e-03,5.756832123e-03,2.123868772e-04,277.633925,279.774136,279.774136,1.172479987e-04,8.569599688e-05,9.442881602e-06,row,0,-1.000000000e+00,-1.000000
cuda_warp_smem(blk384)(g8),double,local,local,16384,16384,3,1,1,1,7,1.650000001e-07,5.971192000e-03,4.396100000e-05,6.015318000e-03,5.797758069e-03,5.753632069e-03,2.175599314e-04,277.799232,279.929741,279.929741,1.186880022e-04,8.985599875e-05,9.015930383e-06,row,0,-1.000000000e+00,-1.000000
cuda_warp_smem(blk384)(g8),double,local,local,16384,16384,3,1,1,1,8,1.629999999e-07,5.986199000e-03,4.369200000e-05,6.030054000e-03,5.808718968e-03,5.764863968e-03,2.213350321e-04,277.275032,279.384344,279.384344,1.180799976e-04,9.356799722e-05,9.687037288e-06,row,0,-1.000000000e+00,-1.000000
cuda_warp_smem(blk384)(g8),double,local,local,16384,16384,3,1,1,1,9,1.700000001e-07,5.983309000e-03,4.496300000e-05,6.028442000e-03,5.809325104e-03,5.764192104e-03,2.191168957e-04,277.246101,279.416908,279.416908,1.176640019e-04,9.100800008e-05,1.044489370e-05,row,0,-1.000000000e+00,-1.000000
cuda_warp_smem(blk384)(g8),double,local,local,16384,16384,3,1,1,1,10,1.660000002e-07,5.970966000e-03,4.445200000e-05,6.015584000e-03,5.795594086e-03,5.750976086e-03,2.199899143e-04,277.902957,280.059022,280.059022,1.190399975e-04,9.145600349e-05,9.493913391e-06,row,0,-1.000000000e+00,-1.000000
cuda_warp_smem(blk384)(g8),double,local,local,16384,16384,3,1,1,1,11,1.590000001e-07,5.968179000e-03,4.406300000e-05,6.012401000e-03,5.793021801e-03,5.748799801e-03,2.193791991e-04,278.026355,280.165042,280.165042,1.181439981e-04,9.100800008e-05,1.022720097e-05,row,0,-1.000000000e+00,-1.000000
cuda_warp_smem(blk384)(g8),double,local,local,16384,16384,3,1,1,1,12,1.640000000e-07,5.969354000e-03,4.571600000e-05,6.015234000e-03,5.796504180e-03,5.750624180e-03,2.187298202e-04,277.859325,280.076160,280.076160,1.183039993e-04,9.084799886e-05,9.577821998e-06,row,0,-1.000000000e+00,-1.000000
cuda_warp_smem(blk384)(g8),double,local,local,16384,16384,3,1,1,1,13,1.630000002e-07,5.974122000e-03,4.471100000e-05,6.018996000e-03,5.797834205e-03,5.752960205e-03,2.211617949e-04,277.795583,279.962433,279.962433,1.178560033e-04,9.334400296e-05,9.961788616e-06,row,0,-1.000000000e+00,-1.000000
cuda_warp_smem(blk384)(g8),double,local,local,16384,16384,3,1,1,1,14,1.619999999e-07,5.977478000e-03,4.451200000e-05,6.022152000e-03,5.800129971e-03,5.755455971e-03,2.220220292e-04,277.685628,279.841032,279.841032,1.190719977e-04,9.318400174e-05,9.766029790e-06,row,0,-1.000000000e+00,-1.000000
cuda_warp_smem(blk384)(g8),double,local,local,16384,16384,3,1,1,1,15,1.459999999e-07,5.966220000e-03,4.480200000e-05,6.011168000e-03,5.797491926e-03,5.752543926e-03,2.136760738e-04,277.811984,279.982692,279.982692,1.178240031e-04,8.684799820e-05,9.004072459e-06,row,0,-1.000000000e+00,-1.000000
cuda_warp_smem(blk384)(g8),double,local,local,16384,16384,3,1,1,1,16,1.420000000e-07,5.973431000e-03,4.475400000e-05,6.018327000e-03,5.803391808e-03,5.758495808e-03,2.149351924e-04,277.529553,279.693307,279.693307,1.181759983e-04,8.646400273e-05,1.029519129e-05,row,0,-1.000000000e+00,-1.000000
cuda_warp_smem(blk384)(g8),double,local,local,16384,16384,3,1,1,1,17,1.420000000e-07,5.976034000e-03,4.518300000e-05,6.021359000e-03,5.804076869e-03,5.758751869e-03,2.172821308e-04,277.496796,279.680871,279.680871,1.184000000e-04,8.944000304e-05,9.442127725e-06,row,0,-1.000000000e+00,-1.000000
cuda_warp_smem(blk384)(g8),double,local,local,16384,16384,3,1,1,1,18,1.419999998e-07,5.946427000e-03,4.486500000e-05,5.991434000e-03,5.770735035e-03,5.725728035e-03,2.206989650e-04,279.100102,281.293964,281.293964,1.178880036e-04,9.270399809e-05,1.010696335e-05,row,0,-1.000000000e+00,-1.000000
cuda_warp_smem(blk384)(g8),double,local,local,16384,16384,3,1,1,1,19,5.000000001e-07,5.931973000e-03,4.473600000e-05,5.977209000e-03,5.758355984e-03,5.713119984e-03,2.188530163e-04,279.700099,281.914740,281.914740,1.177280024e-04,9.219200164e-05,8.933012317e-06,row,0,-1.000000000e+00,-1.000000
cuda_warp_smem(blk384)(g8),double,local,local,16384,16384,3,1,1,1,20,1.430000001e-07,5.928074000e-03,4.428000000e-05,5.972497000e-03,5.758758918e-03,5.714335918e-03,2.137380816e-04,279.680528,281.854753,281.854753,1.182079986e-04,8.502399921e-05,1.050608379e-05,row,0,-1.000000000e+00,-1.000000
cuda_warp_smem(blk384)(g8),double,local,local,16384,16384,6,1,1,1,1,2.079999999e-07,1.033694300e-02,8.943000000e-05,1.042658100e-02,1.000275827e-02,9.913120270e-03,4.238227302e-04,322.033722,324.945666,324.945666,2.298559994e-04,1.838400066e-04,1.012672428e-05,row,0,-1.000000000e+00,-1.000000
cuda_warp_smem(blk384)(g8),double,local,local,16384,16384,6,1,1,1,2,1.980000002e-07,1.034520200e-02,8.927100000e-05,1.043467100e-02,1.000636487e-02,9.916895866e-03,4.283061336e-04,321.917651,324.821952,324.821952,2.334720045e-04,1.851200014e-04,9.714127638e-06,row,0,-1.000000000e+00,-1.000000
cuda_warp_smem(blk384)(g8),double,local,local,16384,16384,6,1,1,1,3,1.850000000e-07,1.034242200e-02,8.908600000e-05,1.043169300e-02,1.000549453e-02,9.916223526e-03,4.261984740e-04,321.945653,324.843975,324.843975,2.315199971e-04,1.842879951e-04,1.039048178e-05,row,0,-1.000000000e+00,-1.000000
cuda_warp_smem(blk384)(g8),double,local,local,16384,16384,6,1,1,1,4,1.680000001e-07,1.033705000e-02,9.036100000e-05,1.042757900e-02,1.000470499e-02,9.914175987e-03,4.228740128e-04,321.971060,324.911064,324.911064,2.316479981e-04,1.814720035e-04,9.754011202e-06,row,0,-1.000000000e+00,-1.000000
cuda_warp_smem(blk384)(g8),double,local,local,16384,16384,6,1,1,1,5,1.520000001e-07,1.033116700e-02,8.872600000e-05,1.042004500e-02,1.000091013e-02,9.912032127e-03,4.191348726e-04,322.093233,324.981339,324.981339,2.309119999e-04,1.789119989e-04,9.310873811e-06,row,0,-1.000000000e+00,-1.000000
cuda_warp_smem(blk384)(g8),double,local,local,16384,16384,6,1,1,1,6,1.800000002e-07,1.034006000e-02,9.357900000e-05,1.043381900e-02,1.001711887e-02,9.923359871e-03,4.167001291e-04,321.572052,324.610365,324.610365,2.306880057e-04,1.754560024e-04,1.055612105e-05,row,0,-1.000000000e+00,-1.000000
cuda_warp_smem(blk384)(g8),double,local,local,16384,16384,6,1,1,1,7,1.340000000e-07,1.033831300e-02,9.110100000e-05,1.042954800e-02,1.000838740e-02,9.917152405e-03,4.211605952e-04,321.852596,324.813549,324.813549,2.309119999e-04,1.800319999e-04,1.021659533e-05,row,0,-1.000000000e+00,-1.000000
cuda_warp_smem(blk384)(g8),double,local,local,16384,16384,6,1,1,1,8,1.629999999e-07,1.033772700e-02,9.152300000e-05,1.042941300e-02,1.000899767e-02,9.917311668e-03,4.204153316e-04,321.832973,324.808333,324.808333,2.324800044e-04,1.788800061e-04,9.055321099e-06,row,0,-1.000000000e+00,-1.000000
cuda_warp_smem(blk384)(g8),double,local,local,16384,16384,6,1,1,1,9,1.800000000e-07,1.034595100e-02,8.945700000e-05,1.043558800e-02,1.000851746e-02,9.918880463e-03,4.270705374e-04,321.848414,324.756961,324.756961,2.360640019e-04,1.811839938e-04,9.822541619e-06,row,0,-1.000000000e+00,-1.000000
cuda_warp_smem(blk384)(g8),double,local,local,16384,16384,6,1,1,1,10,1.850000000e-07,1.032929100e-02,8.939600000e-05,1.041887200e-02,9.997613417e-03,9.908032417e-03,4.212585827e-04,322.199443,325.112529,325.112529,2.314559966e-04,1.795520037e-04,1.025058233e-05,row,0,-1.000000000e+00,-1.000000
cuda_warp_smem(blk384)(g8),double,local,local,16384,16384,6,1,1,1,11,1.799999998e-07,1.033304200e-02,9.288700000e-05,1.042610900e-02,1.001031477e-02,9.917247772e-03,4.157942278e-04,321.790627,324.810426,324.810426,2.303359956e-04,1.761280000e-04,9.330232207e-06,row,0,-1.000000000e+00,-1.000000
cuda_warp_smem(blk384)(g8),double,local,local,16384,16384,6,1,1,1,12,1.649999999e-07,1.034111600e-02,8.968800000e-05,1.043096900e-02,1.001074858e-02,9.920895576e-03,4.202204235e-04,321.776683,324.690997,324.690997,2.315199971e-04,1.782079935e-04,1.049243290e-05,row,0,-1.000000000e+00,-1.000000
cuda_warp_smem(blk384)(g8),double,local,local,16384,16384,6,1,1,1,13,1.750000000e-07,1.032499200e-02,9.217300000e-05,1.041734000e-02,1.000518026e-02,9.912832260e-03,4.121597399e-04,321.955766,324.955107,324.955107,2.301439941e-04,1.731840074e-04,8.831738369e-06,row,0,-1.000000000e+00,-1.000000
cuda_warp_smem(blk384)(g8),double,local,local,16384,16384,6,1,1,1,14,1.820000000e-07,1.032696400e-02,8.800400000e-05,1.041515000e-02,1.000584957e-02,9.917663574e-03,4.093004258e-04,321.934229,324.796808,324.796808,2.307199985e-04,1.686719954e-04,9.908431901e-06,row,0,-1.000000000e+00,-1.000000
cuda_warp_smem(blk384)(g8),double,local,local,16384,16384,6,1,1,1,15,1.790000002e-07,1.033021700e-02,9.022600000e-05,1.042062200e-02,1.000765277e-02,9.917247772e-03,4.129692278e-04,321.876223,324.810426,324.810426,2.313919961e-04,1.716800034e-04,9.897228233e-06,row,0,-1.000000000e+00,-1.000000
cuda_warp_smem(blk384)(g8),double,local,local,16384,16384,6,1,1,1,16,1.939999998e-07,1.032997900e-02,9.091300000e-05,1.042108600e-02,1.000089895e-02,9.909791946e-03,4.201870536e-04,322.093593,325.054803,325.054803,2.359679937e-04,1.745280027e-04,9.691057114e-06,row,0,-1.000000000e+00,-1.000000
cuda_warp_smem(blk384)(g8),double,local,local,16384,16384,6,1,1,1,17,1.820000000e-07,1.032254900e-02,8.929700000e-05,1.041202800e-02,1.000144723e-02,9.911968231e-03,4.105807688e-04,322.075935,324.983434,324.983434,2.326080054e-04,1.680960059e-04,9.876757478e-06,row,0,-1.000000000e+00,-1.000000
cuda_warp_smem(blk384)(g8),double,local,local,16384,16384,6,1,1,1,18,1.690000000e-07,1.033636300e-02,9.034800000e-05,1.042688000e-02,1.000840469e-02,9.917887688e-03,4.184753123e-04,321.852041,324.789469,324.789469,2.314240038e-04,1.776639968e-04,9.387311662e-06,row,0,-1.000000000e+00,-1.000000
cuda_warp_smem(blk384)(g8),double,local,local,16384,16384,6,1,1,1,19,1.789999999e-07,1.033579700e-02,9.086400000e-05,1.042684000e-02,1.001219511e-02,9.921152115e-03,4.146448851e-04,321.730194,324.682601,324.682601,2.306240052e-04,1.743039936e-04,9.716886351e-06,row,0,-1.000000000e+00,-1.000000
cuda_warp_smem(blk384)(g8),double,local,local,16384,16384,6,1,1,1,20,1.809999999e-07,1.032272900e-02,9.358800000e-05,1.041649800e-02,1.000724118e-02,9.913472176e-03,4.092568244e-04,321.889461,324.934132,324.934132,2.306240052e-04,1.695359945e-04,9.096824674e-06,row,0,-1.000000000e+00,-1.000000
cuda_warp_smem(blk384)(g8),double,local,local,16384,16384,8,1,1,1,1,1.060000001e-07,1.475761200e-02,1.186490000e-04,1.487636700e-02,1.431629147e-02,1.419753647e-02,5.600755315e-04,300.005578,302.514968,302.514968,3.063359857e-04,2.430720031e-04,1.066754271e-05,row,0,-1.000000000e+00,-1.000000
cuda_warp_smem(blk384)(g8),double,local,local,16384,16384,8,1,1,1,2,1.270000001e-07,1.474852900e-02,1.214260000e-04,1.487008200e-02,1.432001739e-02,1.419846439e-02,5.500646064e-04,299.927519,302.495198,302.495198,3.093760014e-04,2.301760018e-04,1.051260324e-05,row,0,-1.000000000e+00,-1.000000
cuda_warp_smem(blk384)(g8),double,local,local,16384,16384,8,1,1,1,3,8.599999979e-08,1.477061700e-02,1.218980000e-04,1.489260100e-02,1.434451246e-02,1.422252846e-02,5.480885424e-04,299.415355,301.983386,301.983386,3.056319952e-04,2.320960015e-04,1.036054565e-05,row,0,-1.000000000e+00,-1.000000
cuda_warp_smem(blk384)(g8),double,local,local,16384,16384,8,1,1,1,4,1.329999999e-07,1.476355500e-02,1.191530000e-04,1.488284100e-02,1.432533401e-02,1.420604801e-02,5.575069882e-04,299.816206,302.333717,302.333717,3.140479922e-04,2.331520021e-04,1.030699389e-05,row,0,-1.000000000e+00,-1.000000
cuda_warp_smem(blk384)(g8),double,local,local,16384,16384,8,1,1,1,5,1.430000001e-07,1.476366700e-02,1.188210000e-04,1.488263100e-02,1.432974796e-02,1.421078396e-02,5.528830416e-04,299.723855,302.232960,302.232960,3.104639947e-04,2.328960001e-04,9.523046677e-06,row,0,-1.000000000e+00,-1.000000
cuda_warp_smem(blk384)(g8),double,local,local,16384,16384,8,1,1,1,6,1.240000000e-07,1.475124100e-02,1.197810000e-04,1.487114600e-02,1.432441664e-02,1.420451164e-02,5.467293575e-04,299.835407,302.366417,302.366417,3.089919984e-04,2.287359983e-04,9.001360837e-06,row,0,-1.000000000e+00,-1.000000
cuda_warp_smem(blk384)(g8),double,local,local,16384,16384,8,1,1,1,7,1.669999998e-07,1.474158800e-02,1.192200000e-04,1.486097500e-02,1.431906733e-02,1.419968033e-02,5.419076716e-04,299.947420,302.469295,302.469295,3.050239980e-04,2.260479927e-04,1.083568090e-05,row,0,-1.000000000e+00,-1.000000
cuda_warp_smem(blk384)(g8),double,local,local,16384,16384,8,1,1,1,8,1.070000000e-07,1.475348700e-02,1.204240000e-04,1.487401800e-02,1.433093063e-02,1.421039963e-02,5.430873723e-04,299.699120,302.241134,302.241134,3.072960079e-04,2.256640047e-04,1.012735976e-05,row,0,-1.000000000e+00,-1.000000
cuda_warp_smem(blk384)(g8),double,local,local,16384,16384,8,1,1,1,9,1.160000000e-07,1.475509200e-02,1.189530000e-04,1.487416100e-02,1.433026876e-02,1.421119976e-02,5.438922396e-04,299.712962,302.224117,302.224117,3.045119941e-04,2.299840003e-04,9.396245114e-06,row,0,-1.000000000e+00,-1.000000
cuda_warp_smem(blk384)(g8),double,local,local,16384,16384,8,1,1,1,10,1.190000001e-07,1.838239800e-02,1.234850000e-04,1.850600200e-02,1.433000392e-02,1.420639992e-02,4.175998082e-03,299.718501,302.326228,302.326228,3.095999956e-04,3.855488062e-03,1.091002488e-05,row,0,-1.000000000e+00,-1.000000
cuda_warp_smem(blk384)(g8),double,local,local,16384,16384,8,1,1,1,11,2.059999999e-07,1.477012800e-02,1.190810000e-04,1.488941500e-02,1.433503102e-02,1.421574402e-02,5.543839814e-04,299.613394,302.127507,302.127507,3.092800081e-04,2.355840057e-04,9.519967654e-06,row,0,-1.000000000e+00,-1.000000
cuda_warp_smem(blk384)(g8),double,local,local,16384,16384,8,1,1,1,12,1.840000001e-07,1.475041300e-02,1.202480000e-04,1.487084500e-02,1.432356844e-02,1.420313644e-02,5.472765559e-04,299.853162,302.395694,302.395694,3.093760014e-04,2.271360010e-04,1.076455356e-05,row,0,-1.000000000e+00,-1.000000
cuda_warp_smem(blk384)(g8),double,local,local,16384,16384,8,1,1,1,13,1.210000000e-07,1.475944300e-02,1.198320000e-04,1.487939600e-02,1.433985695e-02,1.421990395e-02,5.395390541e-04,299.512562,302.039122,302.039122,3.064959943e-04,2.225919962e-04,1.045106355e-05,row,0,-1.000000000e+00,-1.000000
cuda_warp_smem(blk384)(g8),double,local,local,16384,16384,8,1,1,1,14,1.250000001e-07,1.473732000e-02,1.188990000e-04,1.485634400e-02,1.432129642e-02,1.420227242e-02,5.350475848e-04,299.900733,302.414091,302.414091,3.068160117e-04,2.180480063e-04,1.018356688e-05,row,0,-1.000000000e+00,-1.000000
cuda_warp_smem(blk384)(g8),double,local,local,16384,16384,8,1,1,1,15,8.699999987e-08,1.474454900e-02,1.202240000e-04,1.486486000e-02,1.432715914e-02,1.420684814e-02,5.377008555e-04,299.778013,302.316689,302.316689,3.058559895e-04,2.218240052e-04,1.002086077e-05,row,0,-1.000000000e+00,-1.000000
cuda_warp_smem(blk384)(g8),double,local,local,16384,16384,8,1,1,1,16,9.099999998e-08,1.474171600e-02,1.192180000e-04,1.486102500e-02,1.432734065e-02,1.420803165e-02,5.336843456e-04,299.774215,302.291507,302.291507,3.079679906e-04,2.149440050e-04,1.077234999e-05,row,0,-1.000000000e+00,-1.000000
cuda_warp_smem(blk384)(g8),double,local,local,16384,16384,8,1,1,1,17,1.430000001e-07,1.474954600e-02,1.190620000e-04,1.486875100e-02,1.432682085e-02,1.420761585e-02,5.419301476e-04,299.785091,302.300354,302.300354,3.109759986e-04,2.199680060e-04,1.098614299e-05,row,0,-1.000000000e+00,-1.000000
cuda_warp_smem(blk384)(g8),double,local,local,16384,16384,8,1,1,1,18,1.649999999e-07,1.473901800e-02,1.185030000e-04,1.485768600e-02,1.431892435e-02,1.420025635e-02,5.387616523e-04,299.950415,302.457025,302.457025,3.120639920e-04,2.165119946e-04,1.018566572e-05,row,0,-1.000000000e+00,-1.000000
cuda_warp_smem(blk384)(g8),double,local,local,16384,16384,8,1,1,1,19,1.139999999e-07,1.474483400e-02,1.193070000e-04,1.486425500e-02,1.433148479e-02,1.421206379e-02,5.327702106e-04,299.687531,302.205743,302.205743,3.058879972e-04,2.172800004e-04,9.602213034e-06,row,0,-1.000000000e+00,-1.000000
cuda_warp_smem(blk384)(g8),double,local,local,16384,16384,8,1,1,1,20,1.120000002e-07,1.473958800e-02,1.181510000e-04,1.485785100e-02,1.432008719e-02,1.420182419e-02,5.377638118e-04,299.926058,302.423635,302.423635,3.085440099e-04,2.186560035e-04,1.056379837e-05,row,0,-1.000000000e+00,-1.000000
cuda_warp_smem(blk384)(g8),double,local,local,16384,16384,20,1,1,1,1,2.509999999e-07,3.275504100e-02,3.044180000e-04,3.305971000e-02,3.196118031e-02,3.165651131e-02,1.098529693e-03,335.951868,339.185141,339.185141,6.038399935e-04,4.838719964e-04,1.081770336e-05,row,0,-1.000000000e+00,-1.000000
cuda_warp_smem(blk384)(g8),double,local,local,16384,16384,20,1,1,1,2,2.420000000e-07,3.275921600e-02,3.225440000e-04,3.308200200e-02,3.199008146e-02,3.166729546e-02,1.091920544e-03,335.648356,339.069633,339.069633,5.917440057e-04,4.891200066e-04,1.105653183e-05,row,0,-1.000000000e+00,-1.000000
cuda_warp_smem(blk384)(g8),double,local,local,16384,16384,20,1,1,1,3,2.289999999e-07,3.276662100e-02,3.024500000e-04,3.306930000e-02,3.196680635e-02,3.166412735e-02,1.102493650e-03,335.892742,339.103558,339.103558,5.914880037e-04,5.001279712e-04,1.087767524e-05,row,0,-1.000000000e+00,-1.000000
cuda_warp_smem(blk384)(g8),double,local,local,16384,16384,20,1,1,1,4,2.530000001e-07,3.274735500e-02,3.069550000e-04,3.305456300e-02,3.196327108e-02,3.165606308e-02,1.091291920e-03,335.929893,339.189943,339.189943,5.941759944e-04,4.874239862e-04,9.691939573e-06,row,0,-1.000000000e+00,-1.000000
cuda_warp_smem(blk384)(g8),double,local,local,16384,16384,20,1,1,1,5,3.730000000e-07,3.275239300e-02,2.992730000e-04,3.305203900e-02,3.196233330e-02,3.166268730e-02,1.089705698e-03,335.939749,339.118981,339.118981,6.102719903e-04,4.680640101e-04,1.136969792e-05,row,0,-1.000000000e+00,-1.000000
cuda_warp_smem(blk384)(g8),double,local,local,16384,16384,20,1,1,1,6,2.390000000e-07,3.272101200e-02,2.999420000e-04,3.302119300e-02,3.196078929e-02,3.166060829e-02,1.060403708e-03,335.955978,339.141249,339.141249,5.900160074e-04,4.598079920e-04,1.057970897e-05,row,0,-1.000000000e+00,-1.000000
cuda_warp_smem(blk384)(g8),double,local,local,16384,16384,20,1,1,1,7,2.530000001e-07,3.272538200e-02,3.001510000e-04,3.302578600e-02,3.196472399e-02,3.166431999e-02,1.061062008e-03,335.914624,339.101495,339.101495,5.882239938e-04,4.617600143e-04,1.107799986e-05,row,0,-1.000000000e+00,-1.000000
cuda_warp_smem(blk384)(g8),double,local,local,16384,16384,20,1,1,1,8,2.200000000e-07,3.274078400e-02,3.042050000e-04,3.304520900e-02,3.196784854e-02,3.166342354e-02,1.077360462e-03,335.881792,339.111095,339.111095,5.894079804e-04,4.768320024e-04,1.112047895e-05,row,0,-1.000000000e+00,-1.000000
cuda_warp_smem(blk384)(g8),double,local,local,16384,16384,20,1,1,1,9,2.520000000e-07,3.273480100e-02,2.993560000e-04,3.303440900e-02,3.197960831e-02,3.168000031e-02,1.054800695e-03,335.758279,338.933653,338.933653,5.958399773e-04,4.478720129e-04,1.108870471e-05,row,0,-1.000000000e+00,-1.000000
cuda_warp_smem(blk384)(g8),double,local,local,16384,16384,20,1,1,1,10,2.410000000e-07,3.272441100e-02,3.182740000e-04,3.304292600e-02,3.198117178e-02,3.166265678e-02,1.061754216e-03,335.741864,339.119307,339.119307,5.904639959e-04,4.606719911e-04,1.061822890e-05,row,0,-1.000000000e+00,-1.000000
cuda_warp_smem(blk384)(g8),double,local,local,16384,16384,20,1,1,1,11,3.399999999e-07,3.276540000e-02,3.099550000e-04,3.307569500e-02,3.198146237e-02,3.167116737e-02,1.094232626e-03,335.738814,339.028180,339.028180,6.013759971e-04,4.822080135e-04,1.064861574e-05,row,0,-1.000000000e+00,-1.000000
cuda_warp_smem(blk384)(g8),double,local,local,16384,16384,20,1,1,1,12,2.219999999e-07,3.275480300e-02,3.075740000e-04,3.306259900e-02,3.197998762e-02,3.167219162e-02,1.082611380e-03,335.754296,339.017216,339.017216,6.096640229e-04,4.613760114e-04,1.157134583e-05,row,0,-1.000000000e+00,-1.000000
cuda_warp_smem(blk384)(g8),double,local,local,16384,16384,20,1,1,1,13,2.610000003e-07,3.275459200e-02,3.115310000e-04,3.306638400e-02,3.198049508e-02,3.166870308e-02,1.085888921e-03,335.748969,339.054562,339.054562,5.936639905e-04,4.817279875e-04,1.049694275e-05,row,0,-1.000000000e+00,-1.000000
cuda_warp_smem(blk384)(g8),double,local,local,16384,16384,20,1,1,1,14,2.270000001e-07,3.274334600e-02,3.231870000e-04,3.306676000e-02,3.200274292e-02,3.167932892e-02,1.064017082e-03,335.515561,338.940836,338.940836,5.955839753e-04,4.580479860e-04,1.038512020e-05,row,0,-1.000000000e+00,-1.000000
cuda_warp_smem(blk384)(g8),double,local,local,16384,16384,20,1,1,1,15,2.270000001e-07,3.272808100e-02,3.034540000e-04,3.303176200e-02,3.196396886e-02,3.166028786e-02,1.067793143e-03,335.922560,339.144681,339.144681,5.979520082e-04,4.591040015e-04,1.073713317e-05,row,0,-1.000000000e+00,-1.000000
cuda_warp_smem(blk384)(g8),double,local,local,16384,16384,20,1,1,1,16,2.000000001e-07,3.274790400e-02,3.132760000e-04,3.306138000e-02,3.197542707e-02,3.166195107e-02,1.085952935e-03,335.802184,339.126866,339.126866,6.120319963e-04,4.622719884e-04,1.164895029e-05,row,0,-1.000000000e+00,-1.000000
cuda_warp_smem(blk384)(g8),double,local,local,16384,16384,20,1,1,1,17,2.259999996e-07,3.360313300e-02,9.289910000e-04,3.453235000e-02,3.292912163e-02,3.199990463e-02,1.603228367e-03,326.076667,335.545320,335.545320,5.852479935e-04,1.005823970e-03,1.215640412e-05,row,0,-1.000000000e+00,-1.000000
cuda_warp_smem(blk384)(g8),double,local,local,16384,16384,20,1,1,1,18,2.130000003e-07,3.286065300e-02,3.074780000e-04,3.316834400e-02,3.197226658e-02,3.166457558e-02,1.196077423e-03,335.835378,339.098758,339.098758,7.120000124e-04,4.732159972e-04,1.086141360e-05,row,0,-1.000000000e+00,-1.000000
cuda_warp_smem(blk384)(g8),double,local,local,16384,16384,20,1,1,1,19,2.250000000e-07,3.273561500e-02,3.080990000e-04,3.304393900e-02,3.198048319e-02,3.167215919e-02,1.063455805e-03,335.749093,339.017563,339.017563,5.931839943e-04,4.602560103e-04,1.001580047e-05,row,0,-1.000000000e+00,-1.000000
cuda_warp_smem(blk384)(g8),double,local,local,16384,16384,20,1,1,1,20,1.370000002e-07,3.272273100e-02,3.056540000e-04,3.302852200e-02,3.197433577e-02,3.166854477e-02,1.054186231e-03,335.813645,339.056257,339.056257,5.932800174e-04,4.491840005e-04,1.172221284e-05,row,0,-1.000000000e+00,-1.000000
cuda_warp_smem(blk384)(g8),double,local,local,16384,16384,32,1,1,1,1,2.029999999e-07,6.634933100e-02,5.813950000e-04,6.693092900e-02,6.507506724e-02,6.449346924e-02,1.855861762e-03,264.000790,266.381533,266.381533,9.882240295e-04,8.554239869e-04,1.221374527e-05,row,0,-1.000000000e+00,-1.000000
cuda_warp_smem(blk384)(g8),double,local,local,16384,16384,32,1,1,1,2,3.700000000e-07,6.639326200e-02,5.624110000e-04,6.695604300e-02,6.505461755e-02,6.449183655e-02,1.901425452e-03,264.083778,266.388276,266.388276,1.022815943e-03,8.659200072e-04,1.268950216e-05,row,0,-1.000000000e+00,-1.000000
cuda_warp_smem(blk384)(g8),double,local,local,16384,16384,32,1,1,1,3,3.580000001e-07,6.636602700e-02,6.036760000e-04,6.697006100e-02,6.510121875e-02,6.449718475e-02,1.868842247e-03,263.894740,266.366187,266.366187,9.846400023e-04,8.709759712e-04,1.322627311e-05,row,0,-1.000000000e+00,-1.000000
cuda_warp_smem(blk384)(g8),double,local,local,16384,16384,32,1,1,1,4,3.330000000e-07,6.635266200e-02,5.733850000e-04,6.692638000e-02,6.506722539e-02,6.449350739e-02,1.859154615e-03,264.032608,266.381375,266.381375,9.864640236e-04,8.596159816e-04,1.307460958e-05,row,0,-1.000000000e+00,-1.000000
cuda_warp_smem(blk384)(g8),double,local,local,16384,16384,32,1,1,1,5,3.330000000e-07,6.632785600e-02,5.620950000e-04,6.689028400e-02,6.505455446e-02,6.449212646e-02,1.835729535e-03,264.084034,266.387079,266.387079,9.715840220e-04,8.515200019e-04,1.262551122e-05,row,0,-1.000000000e+00,-1.000000
cuda_warp_smem(blk384)(g8),double,local,local,16384,16384,32,1,1,1,6,3.520000003e-07,6.720102900e-02,1.512543000e-03,6.871392400e-02,6.600172557e-02,6.448883057e-02,2.712198434e-03,260.294243,266.400693,266.400693,9.830719829e-04,1.716096044e-03,1.303040715e-05,row,0,-1.000000000e+00,-1.000000
cuda_warp_smem(blk384)(g8),double,local,local,16384,16384,32,1,1,1,7,2.349999999e-07,6.726056000e-02,5.518640000e-04,6.781265900e-02,6.505411316e-02,6.450201416e-02,2.758545840e-03,264.085826,266.346244,266.346244,1.902271986e-03,8.450880051e-04,1.118584877e-05,row,0,-1.000000000e+00,-1.000000
cuda_warp_smem(blk384)(g8),double,local,local,16384,16384,32,1,1,1,8,2.560000003e-07,6.634046500e-02,5.536800000e-04,6.689440100e-02,6.504680252e-02,6.449286652e-02,1.847598484e-03,264.115506,266.384022,266.384022,9.819840193e-04,8.545920253e-04,1.102243933e-05,row,0,-1.000000000e+00,-1.000000
cuda_warp_smem(blk384)(g8),double,local,local,16384,16384,32,1,1,1,9,2.540000001e-07,6.635951500e-02,5.471330000e-04,6.690690200e-02,6.503833091e-02,6.449094391e-02,1.868571091e-03,264.149909,266.391964,266.391964,9.970880151e-04,8.577280045e-04,1.375507177e-05,row,0,-1.000000000e+00,-1.000000
cuda_warp_smem(blk384)(g8),double,local,local,16384,16384,32,1,1,1,10,1.727000000e-06,6.633651000e-02,5.578160000e-04,6.689605300e-02,6.505544602e-02,6.449590302e-02,1.840606985e-03,264.080415,266.371481,266.371481,1.008543968e-03,8.205440044e-04,1.151901222e-05,row,0,-1.000000000e+00,-1.000000
cuda_warp_smem(blk384)(g8),double,local,local,16384,16384,32,1,1,1,11,2.900000000e-07,6.630618300e-02,5.728860000e-04,6.687935900e-02,6.506818638e-02,6.449501038e-02,1.811172624e-03,264.028708,266.375167,266.375167,9.735040069e-04,8.248639703e-04,1.280464688e-05,row,0,-1.000000000e+00,-1.000000
cuda_warp_smem(blk384)(g8),double,local,local,16384,16384,32,1,1,1,12,1.530000002e-07,6.635059800e-02,5.663420000e-04,6.691709300e-02,6.505717951e-02,6.449068451e-02,1.859913491e-03,264.073378,266.393035,266.393035,9.848639965e-04,8.624640107e-04,1.258548350e-05,row,0,-1.000000000e+00,-1.000000
cuda_warp_smem(blk384)(g8),double,local,local,16384,16384,32,1,1,1,13,1.459999996e-07,6.637135200e-02,5.811200000e-04,6.695261800e-02,6.507592542e-02,6.449465942e-02,1.876692576e-03,263.997309,266.376617,266.376617,9.943680167e-04,8.684800267e-04,1.384453273e-05,row,0,-1.000000000e+00,-1.000000
cuda_warp_smem(blk384)(g8),double,local,local,16384,16384,32,1,1,1,14,1.829000000e-06,6.638320100e-02,5.731130000e-04,6.695814300e-02,6.505945433e-02,6.448451233e-02,1.898688671e-03,264.064145,266.418533,266.418533,1.035007954e-03,8.520320058e-04,1.164871147e-05,row,0,-1.000000000e+00,-1.000000
cuda_warp_smem(blk384)(g8),double,local,local,16384,16384,32,1,1,1,15,1.649999999e-07,6.635085800e-02,5.566910000e-04,6.690771400e-02,6.506018242e-02,6.450332642e-02,1.847531584e-03,264.061190,266.340825,266.340825,9.997760057e-04,8.356480002e-04,1.210757800e-05,row,0,-1.000000000e+00,-1.000000
cuda_warp_smem(blk384)(g8),double,local,local,16384,16384,32,1,1,1,16,2.100000001e-07,6.630926600e-02,5.502600000e-04,6.685973600e-02,6.504291690e-02,6.449244690e-02,1.816819101e-03,264.131284,266.385755,266.385755,9.761599898e-04,8.292800188e-04,1.137909195e-05,row,0,-1.000000000e+00,-1.000000
cuda_warp_smem(blk384)(g8),double,local,local,16384,16384,32,1,1,1,17,2.480000001e-07,6.631954700e-02,5.471680000e-04,6.686696300e-02,6.504370048e-02,6.449628448e-02,1.823262515e-03,264.128102,266.369905,266.369905,9.811519980e-04,8.306879997e-04,1.142251737e-05,row,0,-1.000000000e+00,-1.000000
cuda_warp_smem(blk384)(g8),double,local,local,16384,16384,32,1,1,1,18,1.610000000e-07,6.631570200e-02,5.413100000e-04,6.685717300e-02,6.504124975e-02,6.449977875e-02,1.815923252e-03,264.138055,266.355475,266.355475,9.785280228e-04,8.249920011e-04,1.240322862e-05,row,0,-1.000000000e+00,-1.000000
cuda_warp_smem(blk384)(g8),double,local,local,16384,16384,32,1,1,1,19,1.930000000e-07,6.631545600e-02,5.512770000e-04,6.686692600e-02,6.505425473e-02,6.450278473e-02,1.812671271e-03,264.085251,266.343062,266.343062,9.840000272e-04,8.174719810e-04,1.119926277e-05,row,0,-1.000000000e+00,-1.000000
cuda_warp_smem(blk384)(g8),double,local,local,16384,16384,32,1,1,1,20,3.589999999e-07,6.634547900e-02,5.611860000e-04,6.690702400e-02,6.505636464e-02,6.449481964e-02,1.850659359e-03,264.076686,266.375955,266.375955,9.791039824e-04,8.556159735e-04,1.593940297e-05,row,0,-1.000000000e+00,-1.000000
cuda_warp_smem(blk512)(g8),double,local,local,16384,16384,3,1,1,1,1,9.200000006e-08,5.905887000e-03,4.392400000e-05,5.949903000e-03,5.732463952e-03,5.688447952e-03,2.174390477e-04,280.963430,283.137466,283.137466,1.179839969e-04,9.049600363e-05,8.959047234e-06,row,0,-1.000000000e+00,-1.000000
cuda_warp_smem(blk512)(g8),double,local,local,16384,16384,3,1,1,1,2,1.009999999e-07,5.906380000e-03,4.426500000e-05,5.950746000e-03,5.733805774e-03,5.689439774e-03,2.169402264e-04,280.897679,283.088107,283.088107,1.186880022e-04,8.799999952e-05,1.025222469e-05,row,0,-1.000000000e+00,-1.000000
cuda_warp_smem(blk512)(g8),double,local,local,16384,16384,3,1,1,1,3,1.099999998e-07,5.907805000e-03,4.336000000e-05,5.951275000e-03,5.735821818e-03,5.692351818e-03,2.154531819e-04,280.798949,282.943287,282.943287,1.182079986e-04,8.716800064e-05,1.007718270e-05,row,0,-1.000000000e+00,-1.000000
cuda_warp_smem(blk512)(g8),double,local,local,16384,16384,3,1,1,1,4,8.200000012e-08,5.921184000e-03,4.374900000e-05,5.965015000e-03,5.745270857e-03,5.701439857e-03,2.197441425e-04,280.337129,282.492278,282.492278,1.190719977e-04,9.087999910e-05,9.792145714e-06,row,0,-1.000000000e+00,-1.000000
cuda_warp_smem(blk512)(g8),double,local,local,16384,16384,3,1,1,1,5,8.600000001e-08,5.907008000e-03,4.383000000e-05,5.950924000e-03,5.735019935e-03,5.691103935e-03,2.159040648e-04,280.838211,283.005328,283.005328,1.175360009e-04,8.876799792e-05,9.600065930e-06,row,0,-1.000000000e+00,-1.000000
cuda_warp_smem(blk512)(g8),double,local,local,16384,16384,3,1,1,1,6,1.060000001e-07,5.936759000e-03,4.589600000e-05,5.982761000e-03,5.748657792e-03,5.702655792e-03,2.341032078e-04,280.171963,282.432045,282.432045,1.177920029e-04,1.063359976e-04,9.975207326e-06,row,0,-1.000000000e+00,-1.000000
cuda_warp_smem(blk512)(g8),double,local,local,16384,16384,3,1,1,1,7,1.570000001e-07,5.911828000e-03,4.492600000e-05,5.956911000e-03,5.734106972e-03,5.689023972e-03,2.228040284e-04,280.882925,283.108798,283.108798,1.207360029e-04,9.324800223e-05,8.820023289e-06,row,0,-1.000000000e+00,-1.000000
cuda_warp_smem(blk512)(g8),double,local,local,16384,16384,3,1,1,1,8,1.089999999e-07,5.903294000e-03,4.412600000e-05,5.947529000e-03,5.725642928e-03,5.681407928e-03,2.218860715e-04,281.298145,283.488311,283.488311,1.191999987e-04,9.216000140e-05,1.052607146e-05,row,0,-1.000000000e+00,-1.000000
cuda_warp_smem(blk512)(g8),double,local,local,16384,16384,3,1,1,1,9,1.150000002e-07,5.920409000e-03,4.372100000e-05,5.964245000e-03,5.751644018e-03,5.707808018e-03,2.126009823e-04,280.026499,282.177104,282.177104,1.182719991e-04,8.524800092e-05,9.080982288e-06,row,0,-1.000000000e+00,-1.000000
cuda_warp_smem(blk512)(g8),double,local,local,16384,16384,3,1,1,1,10,1.450000000e-07,5.917388000e-03,4.361200000e-05,5.961145000e-03,5.743180790e-03,5.699423790e-03,2.179642100e-04,280.439149,282.592205,282.592205,1.185280010e-04,8.963199705e-05,9.804211963e-06,row,0,-1.000000000e+00,-1.000000
cuda_warp_smem(blk512)(g8),double,local,local,16384,16384,3,1,1,1,11,9.500000009e-08,5.919628000e-03,4.409400000e-05,5.963817000e-03,5.745405221e-03,5.701216221e-03,2.184117791e-04,280.330573,282.503360,282.503360,1.188800037e-04,9.001599997e-05,9.515775481e-06,row,0,-1.000000000e+00,-1.000000
cuda_warp_smem(blk512)(g8),double,local,local,16384,16384,3,1,1,1,12,1.039999999e-07,5.912691000e-03,4.357000000e-05,5.956365000e-03,5.740665920e-03,5.696991920e-03,2.156990795e-04,280.562004,282.712835,282.712835,1.188480034e-04,8.617600054e-05,1.067507555e-05,row,0,-1.000000000e+00,-1.000000
cuda_warp_smem(blk512)(g8),double,local,local,16384,16384,3,1,1,1,13,1.050000000e-07,5.902763000e-03,4.531700000e-05,5.948185000e-03,5.727886123e-03,5.682464123e-03,2.202988772e-04,281.187981,283.435619,283.435619,1.180799976e-04,9.206400067e-05,1.015487896e-05,row,0,-1.000000000e+00,-1.000000
cuda_warp_smem(blk512)(g8),double,local,local,16384,16384,3,1,1,1,14,1.120000002e-07,5.927949000e-03,4.462800000e-05,5.972689000e-03,5.753380099e-03,5.708640099e-03,2.193089014e-04,279.942001,282.135974,282.135974,1.189119965e-04,9.043200314e-05,9.964901804e-06,row,0,-1.000000000e+00,-1.000000
cuda_warp_smem(blk512)(g8),double,local,local,16384,16384,3,1,1,1,15,8.199999990e-08,5.908981000e-03,4.323300000e-05,5.952296000e-03,5.733203000e-03,5.689888000e-03,2.190929995e-04,280.927212,283.065807,283.065807,1.183359995e-04,9.196799994e-05,8.789000028e-06,row,0,-1.000000000e+00,-1.000000
cuda_warp_smem(blk512)(g8),double,local,local,16384,16384,3,1,1,1,16,1.119999999e-07,5.911139000e-03,4.435900000e-05,5.955610000e-03,5.736182903e-03,5.691711903e-03,2.194270974e-04,280.781273,282.975098,282.975098,1.184000000e-04,9.113600105e-05,9.891096295e-06,row,0,-1.000000000e+00,-1.000000
cuda_warp_smem(blk512)(g8),double,local,local,16384,16384,3,1,1,1,17,1.049999998e-07,5.908167000e-03,4.429900000e-05,5.952571000e-03,5.739891976e-03,5.695487976e-03,2.126790239e-04,280.599834,282.787488,282.787488,1.175680012e-04,8.617600054e-05,8.935022239e-06,row,0,-1.000000000e+00,-1.000000
cuda_warp_smem(blk512)(g8),double,local,local,16384,16384,3,1,1,1,18,9.700000003e-08,5.894945000e-03,4.438200000e-05,5.939424000e-03,5.717918980e-03,5.673439980e-03,2.215050204e-04,281.678132,283.886450,283.886450,1.182719991e-04,9.318400174e-05,1.004901964e-05,row,0,-1.000000000e+00,-1.000000
cuda_warp_smem(blk512)(g8),double,local,local,16384,16384,3,1,1,1,19,1.039999999e-07,5.893578000e-03,4.679500000e-05,5.940477000e-03,5.724371115e-03,5.677472115e-03,2.161058854e-04,281.360643,283.684834,283.684834,1.177280024e-04,8.777599782e-05,1.060188525e-05,row,0,-1.000000000e+00,-1.000000
cuda_warp_smem(blk512)(g8),double,local,local,16384,16384,3,1,1,1,20,1.030000001e-07,5.904079000e-03,4.522600000e-05,5.949408000e-03,5.726704980e-03,5.681375980e-03,2.227030196e-04,281.245977,283.489905,283.489905,1.194560006e-04,9.344000369e-05,9.807015304e-06,row,0,-1.000000000e+00,-1.000000
cuda_warp_smem(blk512)(g8),double,local,local,16384,16384,6,1,1,1,1,1.450000000e-07,1.021957300e-02,9.082700000e-05,1.031054500e-02,9.879324013e-03,9.788352013e-03,4.312209874e-04,326.057276,329.087620,329.087620,2.345280051e-04,1.861120015e-04,1.058098070e-05,row,0,-1.000000000e+00,-1.000000
cuda_warp_smem(blk512)(g8),double,local,local,16384,16384,6,1,1,1,2,1.850000000e-07,1.021426400e-02,8.950300000e-05,1.030395200e-02,9.872152027e-03,9.782464027e-03,4.317999726e-04,326.294152,329.285696,329.285696,2.328000069e-04,1.886399984e-04,1.035996729e-05,row,0,-1.000000000e+00,-1.000000
cuda_warp_smem(blk512)(g8),double,local,local,16384,16384,6,1,1,1,3,1.709999999e-07,1.021569900e-02,8.980700000e-05,1.030567700e-02,9.875322124e-03,9.785344124e-03,4.303548762e-04,326.189407,329.188778,329.188778,2.331520021e-04,1.874240041e-04,9.778869986e-06,row,0,-1.000000000e+00,-1.000000
cuda_warp_smem(blk512)(g8),double,local,local,16384,16384,6,1,1,1,4,1.720000000e-07,1.021601200e-02,9.021900000e-05,1.030640300e-02,9.875990709e-03,9.785599709e-03,4.304122914e-04,326.167325,329.180180,329.180180,2.364799976e-04,1.837439984e-04,1.018829540e-05,row,0,-1.000000000e+00,-1.000000
cuda_warp_smem(blk512)(g8),double,local,local,16384,16384,6,1,1,1,5,5.219999999e-07,1.020577500e-02,9.063400000e-05,1.029693100e-02,9.875603670e-03,9.784447670e-03,4.213273300e-04,326.180108,329.218938,329.218938,2.329919934e-04,1.787839979e-04,9.551338697e-06,row,0,-1.000000000e+00,-1.000000
cuda_warp_smem(blk512)(g8),double,local,local,16384,16384,6,1,1,1,6,3.570000002e-07,1.021247000e-02,8.903700000e-05,1.030186400e-02,9.872625735e-03,9.783231735e-03,4.292382648e-04,326.278496,329.259856,329.259856,2.329600006e-04,1.872960031e-04,8.982261033e-06,row,0,-1.000000000e+00,-1.000000
cuda_warp_smem(blk512)(g8),double,local,local,16384,16384,6,1,1,1,7,2.549999998e-07,1.021172700e-02,9.032600000e-05,1.030230800e-02,9.875028670e-03,9.784447670e-03,4.272793300e-04,326.199101,329.218938,329.218938,2.330559939e-04,1.851200014e-04,9.103334667e-06,row,0,-1.000000000e+00,-1.000000
cuda_warp_smem(blk512)(g8),double,local,local,16384,16384,6,1,1,1,8,2.689999998e-07,1.020613400e-02,9.032100000e-05,1.029672400e-02,9.877501964e-03,9.786911964e-03,4.192220356e-04,326.117422,329.136042,329.136042,2.339199930e-04,1.757120043e-04,9.590038237e-06,row,0,-1.000000000e+00,-1.000000
cuda_warp_smem(blk512)(g8),double,local,local,16384,16384,6,1,1,1,9,1.690000000e-07,1.020243300e-02,8.962100000e-05,1.029222300e-02,9.872350349e-03,9.782560349e-03,4.198726515e-04,326.287597,329.282453,329.282453,2.317759991e-04,1.790719926e-04,9.024659784e-06,row,0,-1.000000000e+00,-1.000000
cuda_warp_smem(blk512)(g8),double,local,local,16384,16384,6,1,1,1,10,1.250000001e-07,1.021372100e-02,1.058200000e-04,1.031966600e-02,9.895992646e-03,9.790047646e-03,4.236733544e-04,325.508071,329.030623,329.030623,2.338559926e-04,1.795199960e-04,1.029736583e-05,row,0,-1.000000000e+00,-1.000000
cuda_warp_smem(blk512)(g8),double,local,local,16384,16384,6,1,1,1,11,1.410000001e-07,1.020929100e-02,8.920500000e-05,1.029863700e-02,9.869569846e-03,9.780223846e-03,4.290671536e-04,326.379520,329.361119,329.361119,2.304960042e-04,1.781120002e-04,2.045914911e-05,row,0,-1.000000000e+00,-1.000000
cuda_warp_smem(blk512)(g8),double,local,local,16384,16384,6,1,1,1,12,1.649999999e-07,1.022243700e-02,8.986600000e-05,1.031246800e-02,9.874574991e-03,9.784543991e-03,4.378930089e-04,326.214088,329.215697,329.215697,2.314240038e-04,1.962240040e-04,1.024500104e-05,row,0,-1.000000000e+00,-1.000000
cuda_warp_smem(blk512)(g8),double,local,local,16384,16384,6,1,1,1,13,1.700000001e-07,1.021227700e-02,8.924600000e-05,1.030169300e-02,9.875976059e-03,9.786560059e-03,4.257169414e-04,326.167809,329.147878,329.147878,2.339839935e-04,1.828799993e-04,8.852948596e-06,row,0,-1.000000000e+00,-1.000000
cuda_warp_smem(blk512)(g8),double,local,local,16384,16384,6,1,1,1,14,1.620000001e-07,1.020401800e-02,9.014100000e-05,1.029432100e-02,9.877630766e-03,9.787327766e-03,4.166902336e-04,326.113169,329.122060,329.122060,2.368959934e-04,1.701440066e-04,9.650233620e-06,row,0,-1.000000000e+00,-1.000000
cuda_warp_smem(blk512)(g8),double,local,local,16384,16384,6,1,1,1,15,1.390000000e-07,1.021327700e-02,9.052000000e-05,1.030393600e-02,9.881282665e-03,9.790623665e-03,4.226533351e-04,325.992645,329.011264,329.011264,2.324800044e-04,1.806399971e-04,9.533333589e-06,row,0,-1.000000000e+00,-1.000000
cuda_warp_smem(blk512)(g8),double,local,local,16384,16384,6,1,1,1,16,1.530000000e-07,1.020501200e-02,8.984200000e-05,1.029500700e-02,9.875946614e-03,9.785951614e-03,4.190603856e-04,326.168781,329.168342,329.168342,2.344959974e-04,1.743039936e-04,1.026039461e-05,row,0,-1.000000000e+00,-1.000000
cuda_warp_smem(blk512)(g8),double,local,local,16384,16384,6,1,1,1,17,3.920000000e-07,1.041915500e-02,9.306300000e-05,1.051261000e-02,9.882734938e-03,9.789279938e-03,6.298750623e-04,325.944740,329.056426,329.056426,2.362560034e-04,3.833920062e-04,1.022705272e-05,row,0,-1.000000000e+00,-1.000000
cuda_warp_smem(blk512)(g8),double,local,local,16384,16384,6,1,1,1,18,2.100000001e-07,1.021165800e-02,8.834000000e-05,1.030020800e-02,9.872933774e-03,9.784383774e-03,4.272742262e-04,326.268316,329.221088,329.221088,2.342399955e-04,1.838400066e-04,9.194224127e-06,row,0,-1.000000000e+00,-1.000000
cuda_warp_smem(blk512)(g8),double,local,local,16384,16384,6,1,1,1,19,1.649999999e-07,1.023078800e-02,8.928700000e-05,1.032024000e-02,9.877707692e-03,9.788255692e-03,4.425323085e-04,326.110629,329.090859,329.090859,2.324479967e-04,1.999360025e-04,1.014830924e-05,row,0,-1.000000000e+00,-1.000000
cuda_warp_smem(blk512)(g8),double,local,local,16384,16384,6,1,1,1,20,1.810000001e-07,1.021411400e-02,8.889800000e-05,1.030319300e-02,9.877367116e-03,9.788288116e-03,4.258258835e-04,326.121874,329.089769,329.089769,2.373760045e-04,1.784320027e-04,1.001787642e-05,row,0,-1.000000000e+00,-1.000000
cuda_warp_smem(blk512)(g8),double,local,local,16384,16384,8,1,1,1,1,1.470000002e-07,1.414605100e-02,1.211140000e-04,1.426731200e-02,1.371946943e-02,1.359820843e-02,5.478425726e-04,313.056370,315.848027,315.848027,3.033599854e-04,2.338880002e-04,1.059458697e-05,row,0,-1.000000000e+00,-1.000000
cuda_warp_smem(blk512)(g8),double,local,local,16384,16384,8,1,1,1,2,1.890000001e-07,1.414568700e-02,1.194850000e-04,1.426536100e-02,1.372133759e-02,1.360166359e-02,5.440234105e-04,313.013747,315.767793,315.767793,3.055680096e-04,2.284159958e-04,1.003940507e-05,row,0,-1.000000000e+00,-1.000000
cuda_warp_smem(blk512)(g8),double,local,local,16384,16384,8,1,1,1,3,1.409999999e-07,1.415348000e-02,1.191570000e-04,1.427277800e-02,1.372867395e-02,1.360937595e-02,5.441040463e-04,312.846478,315.588849,315.588849,3.049919903e-04,2.295999974e-04,9.512058597e-06,row,0,-1.000000000e+00,-1.000000
cuda_warp_smem(blk512)(g8),double,local,local,16384,16384,8,1,1,1,4,1.880000000e-07,1.415474300e-02,1.204810000e-04,1.427541200e-02,1.372127687e-02,1.360060787e-02,5.541351280e-04,313.015132,315.792304,315.792304,3.112959862e-04,2.320639938e-04,1.077514800e-05,row,0,-1.000000000e+00,-1.000000
cuda_warp_smem(blk512)(g8),double,local,local,16384,16384,8,1,1,1,5,1.630000002e-07,1.413912700e-02,1.193300000e-04,1.425862000e-02,1.371846914e-02,1.359897614e-02,5.401508647e-04,313.079197,315.830196,315.830196,3.033280075e-04,2.275200039e-04,9.302853372e-06,row,0,-1.000000000e+00,-1.000000
cuda_warp_smem(blk512)(g8),double,local,local,16384,16384,8,1,1,1,6,1.890000001e-07,1.414155400e-02,1.211560000e-04,1.426289900e-02,1.372480054e-02,1.360345554e-02,5.380984565e-04,312.934770,315.726198,315.726198,3.057279885e-04,2.224320024e-04,9.938465575e-06,row,0,-1.000000000e+00,-1.000000
cuda_warp_smem(blk512)(g8),double,local,local,16384,16384,8,1,1,1,7,1.450000000e-07,1.420736800e-02,1.904690000e-04,1.439798200e-02,1.378891779e-02,1.359830379e-02,6.090642051e-04,311.479651,315.845811,315.845811,3.045119941e-04,2.932800055e-04,1.127220556e-05,row,0,-1.000000000e+00,-1.000000
cuda_warp_smem(blk512)(g8),double,local,local,16384,16384,8,1,1,1,8,2.740000000e-07,1.425921500e-02,2.177140000e-04,1.447720300e-02,1.382070826e-02,1.360272026e-02,6.564947394e-04,310.763183,315.743264,315.743264,3.198719919e-04,3.235200047e-04,1.310274276e-05,row,0,-1.000000000e+00,-1.000000
cuda_warp_smem(blk512)(g8),double,local,local,16384,16384,8,1,1,1,9,3.829999999e-07,1.424861800e-02,2.174910000e-04,1.446649200e-02,1.381841798e-02,1.360054398e-02,6.480740242e-04,310.814690,315.793788,315.793788,3.114880025e-04,3.225919902e-04,1.399403140e-05,row,0,-1.000000000e+00,-1.000000
cuda_warp_smem(blk512)(g8),double,local,local,16384,16384,8,1,1,1,10,3.869999998e-07,1.425662300e-02,2.115280000e-04,1.446853800e-02,1.381127547e-02,1.359936047e-02,6.572625340e-04,310.975428,315.821270,315.821270,3.212479949e-04,3.222720027e-04,1.374253640e-05,row,0,-1.000000000e+00,-1.000000
cuda_warp_smem(blk512)(g8),double,local,local,16384,16384,8,1,1,1,11,3.479999999e-07,1.425482900e-02,2.057800000e-04,1.446095700e-02,1.380868804e-02,1.360256004e-02,6.522689567e-04,311.033697,315.746983,315.746983,3.185920119e-04,3.189760149e-04,1.470092988e-05,row,0,-1.000000000e+00,-1.000000
cuda_warp_smem(blk512)(g8),double,local,local,16384,16384,8,1,1,1,12,3.240000002e-07,1.420670700e-02,1.309480000e-04,1.433797900e-02,1.373578421e-02,1.360451221e-02,6.021947853e-04,312.684535,315.701675,315.701675,3.190400004e-04,2.663039863e-04,1.685079859e-05,row,0,-1.000000000e+00,-1.000000
cuda_warp_smem(blk512)(g8),double,local,local,16384,16384,8,1,1,1,13,1.439999999e-07,1.413631200e-02,1.197890000e-04,1.425624500e-02,1.371686064e-02,1.359692764e-02,5.393843572e-04,313.115910,315.877778,315.877778,3.120639920e-04,2.170560062e-04,1.026435896e-05,row,0,-1.000000000e+00,-1.000000
cuda_warp_smem(blk512)(g8),double,local,local,16384,16384,8,1,1,1,14,1.300000001e-07,1.414083700e-02,1.234540000e-04,1.426442100e-02,1.372761556e-02,1.360403156e-02,5.368054372e-04,312.870598,315.712829,315.712829,3.088960052e-04,2.181120068e-04,9.797425258e-06,row,0,-1.000000000e+00,-1.000000
cuda_warp_smem(blk512)(g8),double,local,local,16384,16384,8,1,1,1,15,1.370000000e-07,1.414519700e-02,1.206510000e-04,1.426598500e-02,1.372402038e-02,1.360323238e-02,5.419646163e-04,312.952559,315.731377,315.731377,3.142080009e-04,2.147199959e-04,1.303661952e-05,row,0,-1.000000000e+00,-1.000000
cuda_warp_smem(blk512)(g8),double,local,local,16384,16384,8,1,1,1,16,1.679999999e-07,1.413343000e-02,1.221520000e-04,1.425575000e-02,1.372055990e-02,1.359823990e-02,5.351901013e-04,313.031489,315.847296,315.847296,3.106879890e-04,2.134400010e-04,1.106211131e-05,row,0,-1.000000000e+00,-1.000000
cuda_warp_smem(blk512)(g8),double,local,local,16384,16384,8,1,1,1,17,1.740000000e-07,1.413304600e-02,1.193360000e-04,1.425255600e-02,1.371851761e-02,1.359900761e-02,5.340383935e-04,313.078090,315.829465,315.829465,3.094719946e-04,2.139199972e-04,1.064640164e-05,row,0,-1.000000000e+00,-1.000000
cuda_warp_smem(blk512)(g8),double,local,local,16384,16384,8,1,1,1,18,1.900000000e-07,1.413842400e-02,1.189400000e-04,1.425755400e-02,1.372057043e-02,1.360144043e-02,5.369835703e-04,313.031249,315.772974,315.772974,3.116799891e-04,2.154240012e-04,9.879579996e-06,row,0,-1.000000000e+00,-1.000000
cuda_warp_smem(blk512)(g8),double,local,local,16384,16384,8,1,1,1,19,1.610000000e-07,1.415660600e-02,1.213850000e-04,1.427815200e-02,1.372369024e-02,1.360214424e-02,5.544617587e-04,312.960087,315.756635,315.756635,3.114559948e-04,2.330240011e-04,9.981762701e-06,row,0,-1.000000000e+00,-1.000000
cuda_warp_smem(blk512)(g8),double,local,local,16384,16384,8,1,1,1,20,1.430000001e-07,1.412611200e-02,1.196300000e-04,1.424588500e-02,1.371810922e-02,1.359833622e-02,5.277757802e-04,313.087411,315.845058,315.845058,3.109759986e-04,2.069119960e-04,9.887785565e-06,row,0,-1.000000000e+00,-1.000000
cuda_warp_smem(blk512)(g8),double,local,local,16384,16384,20,1,1,1,1,2.130000001e-07,3.912276800e-02,3.122630000e-04,3.943524400e-02,3.417951473e-02,3.386703873e-02,5.255729273e-03,314.147767,317.046268,317.046268,6.027839780e-04,4.640384197e-03,1.256109797e-05,row,0,-1.000000000e+00,-1.000000
cuda_warp_smem(blk512)(g8),double,local,local,16384,16384,20,1,1,1,2,2.319999999e-07,3.496833900e-02,3.077000000e-04,3.527627100e-02,3.418073092e-02,3.387279892e-02,1.095540080e-03,314.136590,316.992353,316.992353,6.090559959e-04,4.761280119e-04,1.035607244e-05,row,0,-1.000000000e+00,-1.000000
cuda_warp_smem(blk512)(g8),double,local,local,16384,16384,20,1,1,1,3,2.060000002e-07,3.493012500e-02,3.031030000e-04,3.523343400e-02,3.417047743e-02,3.386716843e-02,1.062956573e-03,314.230852,317.045054,317.045054,5.988479853e-04,4.524799883e-04,1.162859988e-05,row,0,-1.000000000e+00,-1.000000
cuda_warp_smem(blk512)(g8),double,local,local,16384,16384,20,1,1,1,4,1.430000001e-07,3.492001100e-02,3.030860000e-04,3.522324000e-02,3.417203012e-02,3.386880112e-02,1.051209883e-03,314.216574,317.029770,317.029770,5.932800174e-04,4.464319944e-04,1.149787124e-05,row,0,-1.000000000e+00,-1.000000
cuda_warp_smem(blk512)(g8),double,local,local,16384,16384,20,1,1,1,5,1.270000001e-07,3.492043400e-02,2.989170000e-04,3.521947800e-02,3.417030941e-02,3.387126541e-02,1.049168589e-03,314.232397,317.006705,317.006705,5.990399718e-04,4.388160110e-04,1.131260584e-05,row,0,-1.000000000e+00,-1.000000
cuda_warp_smem(blk512)(g8),double,local,local,16384,16384,20,1,1,1,6,1.100000000e-07,3.491545900e-02,3.052420000e-04,3.522081100e-02,3.417933729e-02,3.387398529e-02,1.041473709e-03,314.149398,316.981251,316.981251,5.978559852e-04,4.320000112e-04,1.161771310e-05,row,0,-1.000000000e+00,-1.000000
cuda_warp_smem(blk512)(g8),double,local,local,16384,16384,20,1,1,1,7,1.180000000e-07,3.491361700e-02,3.159830000e-04,3.522971800e-02,3.418553917e-02,3.386943817e-02,1.044178829e-03,314.092406,317.023807,317.023807,5.922560096e-04,4.402239919e-04,1.169882716e-05,row,0,-1.000000000e+00,-1.000000
cuda_warp_smem(blk512)(g8),double,local,local,16384,16384,20,1,1,1,8,2.269999999e-07,3.492610500e-02,3.028950000e-04,3.522922700e-02,3.417230459e-02,3.386918259e-02,1.056922413e-03,314.214051,317.026200,317.026200,5.947840214e-04,4.512000084e-04,1.093838356e-05,row,0,-1.000000000e+00,-1.000000
cuda_warp_smem(blk512)(g8),double,local,local,16384,16384,20,1,1,1,9,1.540000001e-07,3.491616200e-02,3.018490000e-04,3.521816500e-02,3.417316923e-02,3.387116623e-02,1.044995771e-03,314.206100,317.007633,317.007633,5.975679755e-04,4.347200096e-04,1.270778567e-05,row,0,-1.000000000e+00,-1.000000
cuda_warp_smem(blk512)(g8),double,local,local,16384,16384,20,1,1,1,10,1.440000001e-07,3.490952800e-02,3.217040000e-04,3.523137600e-02,3.419212159e-02,3.387027359e-02,1.039254410e-03,314.031939,317.015988,317.015988,5.920320153e-04,4.359039962e-04,1.131839836e-05,row,0,-1.000000000e+00,-1.000000
cuda_warp_smem(blk512)(g8),double,local,local,16384,16384,20,1,1,1,11,1.360000002e-07,3.495877700e-02,3.078980000e-04,3.526681100e-02,3.417808252e-02,3.387004852e-02,1.088728477e-03,314.160931,317.018094,317.018094,6.218879819e-04,4.561919868e-04,1.064850836e-05,row,0,-1.000000000e+00,-1.000000
cuda_warp_smem(blk512)(g8),double,local,local,16384,16384,20,1,1,1,12,1.380000003e-07,3.492811900e-02,3.003280000e-04,3.522858500e-02,3.417070526e-02,3.387023926e-02,1.057879742e-03,314.228757,317.016309,317.016309,5.909759998e-04,4.556800127e-04,1.122372965e-05,row,0,-1.000000000e+00,-1.000000
cuda_warp_smem(blk512)(g8),double,local,local,16384,16384,20,1,1,1,13,1.369999998e-07,3.490474500e-02,3.051380000e-04,3.521002000e-02,3.416732410e-02,3.386204910e-02,1.042695897e-03,314.259853,317.092985,317.092985,5.951359868e-04,4.367679954e-04,1.079191505e-05,row,0,-1.000000000e+00,-1.000000
cuda_warp_smem(blk512)(g8),double,local,local,16384,16384,20,1,1,1,14,1.970000003e-07,3.491100300e-02,3.034950000e-04,3.521469500e-02,3.417438139e-02,3.387068939e-02,1.040313608e-03,314.194955,317.012096,317.012096,5.999040008e-04,4.301440120e-04,1.026559518e-05,row,0,-1.000000000e+00,-1.000000
cuda_warp_smem(blk512)(g8),double,local,local,16384,16384,20,1,1,1,15,1.510000001e-07,3.491298800e-02,3.098840000e-04,3.522302300e-02,3.418123556e-02,3.387120056e-02,1.041787438e-03,314.131952,317.007312,317.007312,5.977920294e-04,4.336000085e-04,1.039540061e-05,row,0,-1.000000000e+00,-1.000000
cuda_warp_smem(blk512)(g8),double,local,local,16384,16384,20,1,1,1,16,2.740000000e-07,3.542619500e-02,8.889780000e-04,3.631544700e-02,3.476221114e-02,3.387295914e-02,1.553235863e-03,308.881912,316.990854,316.990854,6.032959819e-04,9.370239973e-04,1.291588385e-05,row,0,-1.000000000e+00,-1.000000
cuda_warp_smem(blk512)(g8),double,local,local,16384,16384,20,1,1,1,17,2.729999999e-07,3.546475200e-02,3.058300000e-04,3.577085500e-02,3.417659784e-02,3.387049484e-02,1.594257157e-03,314.174579,317.013917,317.013917,1.146432042e-03,4.359999895e-04,1.182512584e-05,row,0,-1.000000000e+00,-1.000000
cuda_warp_smem(blk512)(g8),double,local,local,16384,16384,20,1,1,1,18,2.079999999e-07,3.489703200e-02,3.007860000e-04,3.519802600e-02,3.416214665e-02,3.386115265e-02,1.035879351e-03,314.307480,317.101380,317.101380,5.917440057e-04,4.318720102e-04,1.226333516e-05,row,0,-1.000000000e+00,-1.000000
cuda_warp_smem(blk512)(g8),double,local,local,16384,16384,20,1,1,1,19,1.420000002e-07,3.489907900e-02,2.985640000e-04,3.519778500e-02,3.416299433e-02,3.386428833e-02,1.034790670e-03,314.299682,317.072018,317.072018,5.951359868e-04,4.284160137e-04,1.123866940e-05,row,0,-1.000000000e+00,-1.000000
cuda_warp_smem(blk512)(g8),double,local,local,16384,16384,20,1,1,1,20,1.540000003e-07,3.492949100e-02,3.041260000e-04,3.523377100e-02,3.417356177e-02,3.386928177e-02,1.060209231e-03,314.202491,317.025271,317.025271,5.992000103e-04,4.472000003e-04,1.380922062e-05,row,0,-1.000000000e+00,-1.000000
cuda_warp_smem(blk512)(g8),double,local,local,16384,16384,32,1,1,1,1,2.580000000e-07,5.774379100e-02,5.162330000e-04,5.826028200e-02,5.637693793e-02,5.586044693e-02,1.883344070e-03,304.732215,307.549798,307.549798,1.000607967e-03,8.700479865e-04,1.268811618e-05,row,0,-1.000000000e+00,-1.000000
cuda_warp_smem(blk512)(g8),double,local,local,16384,16384,32,1,1,1,2,2.520000000e-07,5.770621700e-02,5.271380000e-04,5.823360700e-02,5.638070345e-02,5.585331345e-02,1.852903554e-03,304.711863,307.589078,307.589078,9.754559994e-04,8.645120263e-04,1.293552827e-05,row,0,-1.000000000e+00,-1.000000
cuda_warp_smem(blk512)(g8),double,local,local,16384,16384,32,1,1,1,3,2.749999999e-07,5.769466300e-02,5.187020000e-04,5.821364000e-02,5.637936289e-02,5.586038589e-02,1.834277105e-03,304.719108,307.550134,307.550134,9.687039852e-04,8.532800078e-04,1.229311217e-05,row,0,-1.000000000e+00,-1.000000
cuda_warp_smem(blk512)(g8),double,local,local,16384,16384,32,1,1,1,4,2.649999999e-07,5.771442600e-02,5.663390000e-04,5.828103000e-02,5.642093978e-02,5.585433578e-02,1.860090215e-03,304.494559,307.583448,307.583448,9.740800261e-04,8.736320138e-04,1.237817514e-05,row,0,-1.000000000e+00,-1.000000
cuda_warp_smem(blk512)(g8),double,local,local,16384,16384,32,1,1,1,5,2.540000001e-07,5.770673400e-02,5.131230000e-04,5.822011100e-02,5.636537819e-02,5.585200119e-02,1.854732810e-03,304.794711,307.596305,307.596305,9.761599898e-04,8.660479784e-04,1.252484158e-05,row,0,-1.000000000e+00,-1.000000
cuda_warp_smem(blk512)(g8),double,local,local,16384,16384,32,1,1,1,6,1.699999999e-07,5.768450900e-02,5.250550000e-04,5.820973400e-02,5.637684091e-02,5.585161591e-02,1.832893094e-03,304.732740,307.598427,307.598427,9.731839895e-04,8.470399976e-04,1.266910714e-05,row,0,-1.000000000e+00,-1.000000
cuda_warp_smem(blk512)(g8),double,local,local,16384,16384,32,1,1,1,7,1.720000000e-07,5.767541500e-02,5.408230000e-04,5.821641000e-02,5.640371549e-02,5.586272049e-02,1.812694510e-03,304.587544,307.537281,307.537281,9.624639750e-04,8.383039832e-04,1.192655233e-05,row,0,-1.000000000e+00,-1.000000
cuda_warp_smem(blk512)(g8),double,local,local,16384,16384,32,1,1,1,8,1.720000000e-07,5.767462900e-02,5.385600000e-04,5.821336100e-02,5.639034791e-02,5.585161591e-02,1.823013094e-03,304.659748,307.598427,307.598427,9.671040177e-04,8.415039778e-04,1.440509873e-05,row,0,-1.000000000e+00,-1.000000
cuda_warp_smem(blk512)(g8),double,local,local,16384,16384,32,1,1,1,9,1.760000004e-07,5.767605800e-02,5.172980000e-04,5.819353200e-02,5.637510568e-02,5.585763168e-02,1.818426317e-03,304.742119,307.565299,307.565299,9.586560130e-04,8.475840092e-04,1.218629447e-05,row,0,-1.000000000e+00,-1.000000
cuda_warp_smem(blk512)(g8),double,local,local,16384,16384,32,1,1,1,10,1.650000003e-07,5.852682200e-02,1.426387000e-03,5.995337400e-02,5.728066272e-02,5.585411072e-02,2.672711282e-03,299.924414,307.584687,307.584687,9.682880044e-04,1.690016031e-03,1.440724656e-05,row,0,-1.000000000e+00,-1.000000
cuda_warp_smem(blk512)(g8),double,local,local,16384,16384,32,1,1,1,11,9.479999998e-07,5.852722900e-02,5.216820000e-04,5.904985900e-02,5.638170364e-02,5.585907364e-02,2.668155361e-03,304.706458,307.557359,307.557359,1.818528056e-03,8.363519907e-04,1.327531424e-05,row,0,-1.000000000e+00,-1.000000
cuda_warp_smem(blk512)(g8),double,local,local,16384,16384,32,1,1,1,12,1.740000002e-07,5.766433500e-02,5.045440000e-04,5.816905300e-02,5.635793226e-02,5.585321426e-02,1.811120736e-03,304.834981,307.589624,307.589624,9.626880288e-04,8.360959888e-04,1.233671852e-05,row,0,-1.000000000e+00,-1.000000
cuda_warp_smem(blk512)(g8),double,local,local,16384,16384,32,1,1,1,13,1.800000002e-07,5.766995200e-02,5.189670000e-04,5.818909900e-02,5.637732419e-02,5.585817719e-02,1.811774815e-03,304.730127,307.562295,307.562295,9.618560076e-04,8.372799754e-04,1.263883195e-05,row,0,-1.000000000e+00,-1.000000
cuda_warp_smem(blk512)(g8),double,local,local,16384,16384,32,1,1,1,14,1.690000002e-07,5.766908000e-02,5.273410000e-04,5.819659000e-02,5.638312752e-02,5.585561752e-02,1.813462477e-03,304.698763,307.576390,307.576390,9.639359713e-04,8.382400274e-04,1.128647812e-05,row,0,-1.000000000e+00,-1.000000
cuda_warp_smem(blk512)(g8),double,local,local,16384,16384,32,1,1,1,15,1.560000000e-07,5.767637300e-02,5.271130000e-04,5.820364200e-02,5.638141405e-02,5.585414505e-02,1.822227950e-03,304.708023,307.584498,307.584498,9.679999948e-04,8.407359719e-04,1.349198327e-05,row,0,-1.000000000e+00,-1.000000
cuda_warp_smem(blk512)(g8),double,local,local,16384,16384,32,1,1,1,16,1.630000002e-07,5.853085500e-02,1.434803000e-03,5.996582100e-02,5.729358950e-02,5.585862350e-02,2.672231495e-03,299.856744,307.559838,307.559838,9.742400050e-04,1.683231950e-03,1.475954054e-05,row,0,-1.000000000e+00,-1.000000
cuda_warp_smem(blk512)(g8),double,local,local,16384,16384,32,1,1,1,17,9.460000001e-07,5.852455400e-02,5.188530000e-04,5.904435300e-02,5.637528682e-02,5.585548782e-02,2.669066177e-03,304.741140,307.577104,307.577104,1.826560020e-03,8.292160034e-04,1.329015265e-05,row,0,-1.000000000e+00,-1.000000
cuda_warp_smem(blk512)(g8),double,local,local,16384,16384,32,1,1,1,18,1.689999998e-07,5.767496300e-02,5.252840000e-04,5.820041600e-02,5.637838116e-02,5.585292816e-02,1.822034838e-03,304.724414,307.591200,307.591200,9.702399969e-04,8.404480219e-04,1.134681958e-05,row,0,-1.000000000e+00,-1.000000
cuda_warp_smem(blk512)(g8),double,local,local,16384,16384,32,1,1,1,19,1.620000001e-07,5.768576600e-02,5.279270000e-04,5.821385500e-02,5.638719316e-02,5.585910416e-02,1.826661844e-03,304.676793,307.557191,307.557191,9.648320079e-04,8.499199748e-04,1.190986082e-05,row,0,-1.000000000e+00,-1.000000
cuda_warp_smem(blk512)(g8),double,local,local,16384,16384,32,1,1,1,20,1.390000000e-07,5.766344700e-02,5.107040000e-04,5.817429000e-02,5.636501857e-02,5.585417557e-02,1.809271432e-03,304.796656,307.584330,307.584330,9.634559751e-04,8.322560191e-04,1.355943820e-05,row,0,-1.000000000e+00,-1.000000
cuda_warp_smem(blk1024)(g8),double,local,local,16384,16384,3,1,1,1,1,9.899999998e-08,6.080918000e-03,4.517400000e-05,6.126191000e-03,5.907128984e-03,5.861855984e-03,2.190620163e-04,272.655759,274.761567,274.761567,1.187520027e-04,9.052799642e-05,9.782017129e-06,row,0,-1.000000000e+00,-1.000000
cuda_warp_smem(blk1024)(g8),double,local,local,16384,16384,3,1,1,1,2,1.060000001e-07,6.080668000e-03,4.505900000e-05,6.125833000e-03,5.907340941e-03,5.862175941e-03,2.184920585e-04,272.645976,274.746571,274.746571,1.187520027e-04,8.982399851e-05,9.916057306e-06,row,0,-1.000000000e+00,-1.000000
cuda_warp_smem(blk1024)(g8),double,local,local,16384,16384,3,1,1,1,3,1.190000001e-07,6.078098000e-03,4.436500000e-05,6.122582000e-03,5.908004145e-03,5.863520145e-03,2.145778546e-04,272.615370,274.683585,274.683585,1.184320003e-04,8.617600054e-05,9.969853769e-06,row,0,-1.000000000e+00,-1.000000
cuda_warp_smem(blk1024)(g8),double,local,local,16384,16384,3,1,1,1,4,1.190000001e-07,7.622351000e-03,4.472100000e-05,7.667191000e-03,5.916552208e-03,5.871712208e-03,1.750638792e-03,272.221503,274.300354,274.300354,1.182399988e-04,1.622272015e-03,1.012677877e-05,row,0,-1.000000000e+00,-1.000000
cuda_warp_smem(blk1024)(g8),double,local,local,16384,16384,3,1,1,1,5,1.290000000e-07,6.086803000e-03,4.474200000e-05,6.131674000e-03,5.910439161e-03,5.865568161e-03,2.212348390e-04,272.503056,274.587677,274.587677,1.208639964e-04,9.132800251e-05,9.042840031e-06,row,0,-1.000000000e+00,-1.000000
cuda_warp_smem(blk1024)(g8),double,local,local,16384,16384,3,1,1,1,6,1.109999999e-07,6.088422000e-03,4.449500000e-05,6.133028000e-03,5.915997773e-03,5.871391773e-03,2.170302268e-04,272.247015,274.315324,274.315324,1.193279997e-04,8.761599660e-05,1.008623053e-05,row,0,-1.000000000e+00,-1.000000
cuda_warp_smem(blk1024)(g8),double,local,local,16384,16384,3,1,1,1,7,1.070000000e-07,6.084950000e-03,4.454100000e-05,6.129598000e-03,5.909640142e-03,5.864992142e-03,2.199578583e-04,272.539900,274.614645,274.614645,1.202559993e-04,9.027200192e-05,9.429857087e-06,row,0,-1.000000000e+00,-1.000000
cuda_warp_smem(blk1024)(g8),double,local,local,16384,16384,3,1,1,1,8,1.140000001e-07,5.832907000e-03,4.456700000e-05,5.877588000e-03,5.660616802e-03,5.615935802e-03,2.169711975e-04,284.529547,286.793295,286.793295,1.185920015e-04,8.969599754e-05,8.683198506e-06,row,0,-1.000000000e+00,-1.000000
cuda_warp_smem(blk1024)(g8),double,local,local,16384,16384,3,1,1,1,9,1.079999998e-07,5.694786000e-03,4.427000000e-05,5.739164000e-03,5.521946150e-03,5.477568150e-03,2.172178504e-04,291.674836,294.037918,294.037918,1.199039966e-04,8.857599646e-05,8.737857388e-06,row,0,-1.000000000e+00,-1.000000
cuda_warp_smem(blk1024)(g8),double,local,local,16384,16384,3,1,1,1,10,1.049999998e-07,5.686852000e-03,4.438400000e-05,5.731341000e-03,5.511880968e-03,5.467391968e-03,2.194600322e-04,292.207460,294.585196,294.585196,1.193920001e-04,9.020800143e-05,9.860030653e-06,row,0,-1.000000000e+00,-1.000000
cuda_warp_smem(blk1024)(g8),double,local,local,16384,16384,3,1,1,1,11,1.039999999e-07,5.680000000e-03,4.414200000e-05,5.724246000e-03,5.502901834e-03,5.458655834e-03,2.213441658e-04,292.684257,295.056656,295.056656,1.224000007e-04,9.052799642e-05,8.416168690e-06,row,0,-1.000000000e+00,-1.000000
cuda_warp_smem(blk1024)(g8),double,local,local,16384,16384,3,1,1,1,12,1.090000001e-07,5.669833000e-03,4.379900000e-05,5.713741000e-03,5.502019763e-03,5.458111763e-03,2.117212370e-04,292.731180,295.086067,295.086067,1.188160032e-04,8.310399950e-05,9.801234300e-06,row,0,-1.000000000e+00,-1.000000
cuda_warp_smem(blk1024)(g8),double,local,local,16384,16384,3,1,1,1,13,1.090000001e-07,5.678499000e-03,4.457100000e-05,5.723179000e-03,5.506311775e-03,5.461631775e-03,2.168672251e-04,292.503004,294.895885,294.895885,1.193920001e-04,8.809600025e-05,9.379224705e-06,row,0,-1.000000000e+00,-1.000000
cuda_warp_smem(blk1024)(g8),double,local,local,16384,16384,3,1,1,1,14,8.200000012e-08,5.669769000e-03,4.459000000e-05,5.714441000e-03,5.497568118e-03,5.452896118e-03,2.168728818e-04,292.968218,295.368315,295.368315,1.189119965e-04,8.819200099e-05,9.768884367e-06,row,0,-1.000000000e+00,-1.000000
cuda_warp_smem(blk1024)(g8),double,local,local,16384,16384,3,1,1,1,15,1.050000003e-07,5.666709000e-03,4.347200000e-05,5.710286000e-03,5.494681164e-03,5.451104164e-03,2.156048359e-04,293.122146,295.465412,295.465412,1.197120026e-04,8.614400029e-05,9.748833009e-06,row,0,-1.000000000e+00,-1.000000
cuda_warp_smem(blk1024)(g8),double,local,local,16384,16384,3,1,1,1,16,1.080000001e-07,5.679862000e-03,4.395000000e-05,5.723920000e-03,5.505498086e-03,5.461440086e-03,2.184219136e-04,292.546235,294.906235,294.906235,1.184960008e-04,8.988799900e-05,1.003791387e-05,row,0,-1.000000000e+00,-1.000000
cuda_warp_smem(blk1024)(g8),double,local,local,16384,16384,3,1,1,1,17,1.040000002e-07,5.667768000e-03,4.318100000e-05,5.711053000e-03,5.494069206e-03,5.450784206e-03,2.169837936e-04,293.154796,295.482755,295.482755,1.190079972e-04,8.844800293e-05,9.527793460e-06,row,0,-1.000000000e+00,-1.000000
cuda_warp_smem(blk1024)(g8),double,local,local,16384,16384,3,1,1,1,18,1.329999999e-07,5.667917000e-03,4.467700000e-05,5.712727000e-03,5.497513953e-03,5.452703953e-03,2.152130472e-04,292.971105,295.378724,295.378724,1.230399981e-04,8.364800364e-05,8.525045459e-06,row,0,-1.000000000e+00,-1.000000
cuda_warp_smem(blk1024)(g8),double,local,local,16384,16384,3,1,1,1,19,1.080000001e-07,5.670012000e-03,4.432100000e-05,5.714441000e-03,5.496236976e-03,5.451807976e-03,2.182040242e-04,293.039173,295.427268,295.427268,1.191359982e-04,8.975999802e-05,9.308028018e-06,row,0,-1.000000000e+00,-1.000000
cuda_warp_smem(blk1024)(g8),double,local,local,16384,16384,3,1,1,1,20,1.150000002e-07,5.674938000e-03,4.419000000e-05,5.719243000e-03,5.505169067e-03,5.460864067e-03,2.140739329e-04,292.563719,294.937343,294.937343,1.195840016e-04,8.483199775e-05,9.657933569e-06,row,0,-1.000000000e+00,-1.000000
cuda_warp_smem(blk1024)(g8),double,local,local,16384,16384,6,1,1,1,1,1.770000000e-07,1.132716800e-02,8.915200000e-05,1.141649700e-02,1.098212933e-02,1.089280033e-02,4.343676689e-04,293.315201,295.720602,295.720602,2.314880043e-04,1.939840019e-04,8.895662682e-06,row,0,-1.000000000e+00,-1.000000
cuda_warp_smem(blk1024)(g8),double,local,local,16384,16384,6,1,1,1,2,1.130000000e-07,1.132586300e-02,9.114700000e-05,1.141712300e-02,1.098242764e-02,1.089116764e-02,4.346953593e-04,293.307234,295.764933,295.764933,2.300480008e-04,1.941439956e-04,1.050336286e-05,row,0,-1.000000000e+00,-1.000000
cuda_warp_smem(blk1024)(g8),double,local,local,16384,16384,6,1,1,1,3,1.440000001e-07,1.133334300e-02,8.980900000e-05,1.142329600e-02,1.098374515e-02,1.089379215e-02,4.395508476e-04,293.272051,295.693678,295.693678,2.322880030e-04,1.965119988e-04,1.075084585e-05,row,0,-1.000000000e+00,-1.000000
cuda_warp_smem(blk1024)(g8),double,local,local,16384,16384,6,1,1,1,4,1.169999999e-07,1.133013000e-02,9.019400000e-05,1.142044100e-02,1.098560710e-02,1.089529610e-02,4.348339032e-04,293.222345,295.652862,295.652862,2.328319997e-04,1.918399930e-04,1.016191054e-05,row,0,-1.000000000e+00,-1.000000
cuda_warp_smem(blk1024)(g8),double,local,local,16384,16384,6,1,1,1,5,1.350000001e-07,1.132452500e-02,8.899700000e-05,1.141365700e-02,1.098193233e-02,1.089280033e-02,4.317246689e-04,293.320463,295.720602,295.720602,2.359039932e-04,1.867520064e-04,9.068669224e-06,row,0,-1.000000000e+00,-1.000000
cuda_warp_smem(blk1024)(g8),double,local,local,16384,16384,6,1,1,1,6,1.219999999e-07,1.133419300e-02,8.845900000e-05,1.142277400e-02,1.098288528e-02,1.089430428e-02,4.398887245e-04,293.295012,295.679778,295.679778,2.373439968e-04,1.928640008e-04,9.680726927e-06,row,0,-1.000000000e+00,-1.000000
cuda_warp_smem(blk1024)(g8),double,local,local,16384,16384,6,1,1,1,7,1.220000001e-07,1.132130000e-02,9.007700000e-05,1.141149900e-02,1.098411894e-02,1.089391994e-02,4.273800552e-04,293.262071,295.690210,295.690210,2.306559980e-04,1.873279959e-04,9.396061349e-06,row,0,-1.000000000e+00,-1.000000
cuda_warp_smem(blk1024)(g8),double,local,local,16384,16384,6,1,1,1,8,1.230000000e-07,1.132257000e-02,9.199500000e-05,1.141468800e-02,1.098638985e-02,1.089427185e-02,4.282981494e-04,293.201453,295.680658,295.680658,2.323199958e-04,1.870079935e-04,8.970160194e-06,row,0,-1.000000000e+00,-1.000000
cuda_warp_smem(blk1024)(g8),double,local,local,16384,16384,6,1,1,1,9,1.370000002e-07,1.132044700e-02,8.976700000e-05,1.141035100e-02,1.098414438e-02,1.089424038e-02,4.262066207e-04,293.261392,295.681512,295.681512,2.312639952e-04,1.843840033e-04,1.055862221e-05,row,0,-1.000000000e+00,-1.000000
cuda_warp_smem(blk1024)(g8),double,local,local,16384,16384,6,1,1,1,10,1.319999998e-07,1.131944300e-02,9.009200000e-05,1.140966700e-02,1.098318359e-02,1.089295959e-02,4.264834053e-04,293.287046,295.716278,295.716278,2.335679978e-04,1.829120070e-04,1.000340049e-05,row,0,-1.000000000e+00,-1.000000
cuda_warp_smem(blk1024)(g8),double,local,local,16384,16384,6,1,1,1,11,1.460000001e-07,1.131835100e-02,8.986300000e-05,1.140836000e-02,1.098738506e-02,1.089737606e-02,4.209749395e-04,293.174896,295.596431,295.596431,2.304639965e-04,1.811199933e-04,9.390949656e-06,row,0,-1.000000000e+00,-1.000000
cuda_warp_smem(blk1024)(g8),double,local,local,16384,16384,6,1,1,1,12,1.269999998e-07,1.131349400e-02,9.054200000e-05,1.140416300e-02,1.098593267e-02,1.089526367e-02,4.182303281e-04,293.213655,295.653742,295.653742,2.288320065e-04,1.786559969e-04,1.074232475e-05,row,0,-1.000000000e+00,-1.000000
cuda_warp_smem(blk1024)(g8),double,local,local,16384,16384,6,1,1,1,13,1.370000000e-07,1.131977300e-02,9.286600000e-05,1.141277600e-02,1.098810741e-02,1.089510441e-02,4.246685917e-04,293.155623,295.658064,295.658064,2.284159958e-04,1.863680035e-04,9.884592412e-06,row,0,-1.000000000e+00,-1.000000
cuda_warp_smem(blk1024)(g8),double,local,local,16384,16384,6,1,1,1,14,1.420000000e-07,1.132212700e-02,8.885200000e-05,1.141112100e-02,1.098467443e-02,1.089568043e-02,4.264465724e-04,293.247241,295.642433,295.642433,2.302719951e-04,1.863359958e-04,9.838581588e-06,row,0,-1.000000000e+00,-1.000000
cuda_warp_smem(blk1024)(g8),double,local,local,16384,16384,6,1,1,1,15,1.359999999e-07,1.131954000e-02,8.982400000e-05,1.140950000e-02,1.098240843e-02,1.089244843e-02,4.270915747e-04,293.307747,295.730156,295.730156,2.367040068e-04,1.797759980e-04,1.061156992e-05,row,0,-1.000000000e+00,-1.000000
cuda_warp_smem(blk1024)(g8),double,local,local,16384,16384,6,1,1,1,16,1.360000002e-07,1.131583800e-02,8.966900000e-05,1.140564300e-02,1.098471677e-02,1.089491177e-02,4.209262339e-04,293.246111,295.663291,295.663291,2.304320037e-04,1.808000058e-04,9.694224417e-06,row,0,-1.000000000e+00,-1.000000
cuda_warp_smem(blk1024)(g8),double,local,local,16384,16384,6,1,1,1,17,1.400000000e-07,1.131753300e-02,9.050600000e-05,1.140817900e-02,1.098722193e-02,1.089657593e-02,4.209570723e-04,293.179249,295.618137,295.618137,2.294400036e-04,1.822080016e-04,9.309067018e-06,row,0,-1.000000000e+00,-1.000000
cuda_warp_smem(blk1024)(g8),double,local,local,16384,16384,6,1,1,1,18,1.500000000e-07,1.130816500e-02,9.038900000e-05,1.139870400e-02,1.098295500e-02,1.089241600e-02,4.157489996e-04,293.293150,295.731036,295.731036,2.292480022e-04,1.778880060e-04,8.612991490e-06,row,0,-1.000000000e+00,-1.000000
cuda_warp_smem(blk1024)(g8),double,local,local,16384,16384,6,1,1,1,19,1.400000000e-07,1.132073000e-02,9.280800000e-05,1.141367800e-02,1.098821167e-02,1.089526367e-02,4.254663281e-04,293.152841,295.653742,295.653742,2.310400009e-04,1.841599941e-04,1.026633308e-05,row,0,-1.000000000e+00,-1.000000
cuda_warp_smem(blk1024)(g8),double,local,local,16384,16384,6,1,1,1,20,1.810000001e-07,1.131956900e-02,8.899200000e-05,1.140874200e-02,1.098542945e-02,1.089625645e-02,4.233125532e-04,293.227087,295.626804,295.626804,2.304320037e-04,1.834239960e-04,9.456553454e-06,row,0,-1.000000000e+00,-1.000000
cuda_warp_smem(blk1024)(g8),double,local,local,16384,16384,8,1,1,1,1,1.670000001e-07,1.459429400e-02,1.248410000e-04,1.471930200e-02,1.413400020e-02,1.400899220e-02,5.853018049e-04,303.874858,306.586458,306.586458,3.086720109e-04,2.654080093e-04,1.122178468e-05,row,0,-1.000000000e+00,-1.000000
cuda_warp_smem(blk1024)(g8),double,local,local,16384,16384,8,1,1,1,2,1.560000000e-07,1.457798400e-02,1.193750000e-04,1.469751500e-02,1.412509855e-02,1.400556755e-02,5.724164493e-04,304.066360,306.661424,306.661424,3.072640002e-04,2.540160120e-04,1.113643721e-05,row,0,-1.000000000e+00,-1.000000
cuda_warp_smem(blk1024)(g8),double,local,local,16384,16384,8,1,1,1,3,1.580000000e-07,1.457244900e-02,1.197740000e-04,1.469238100e-02,1.412911588e-02,1.400918388e-02,5.632651163e-04,303.979904,306.582263,306.582263,3.061119914e-04,2.477120012e-04,9.441123723e-06,row,0,-1.000000000e+00,-1.000000
cuda_warp_smem(blk1024)(g8),double,local,local,16384,16384,8,1,1,1,4,1.669999998e-07,1.457520400e-02,1.174850000e-04,1.469285600e-02,1.412578017e-02,1.400812817e-02,5.670758338e-04,304.051687,306.605368,306.605368,3.106879890e-04,2.468799949e-04,9.507849936e-06,row,0,-1.000000000e+00,-1.000000
cuda_warp_smem(blk1024)(g8),double,local,local,16384,16384,8,1,1,1,5,1.329999999e-07,1.456375300e-02,1.180400000e-04,1.468192600e-02,1.412486112e-02,1.400668812e-02,5.570648820e-04,304.071471,306.636891,306.636891,3.057279885e-04,2.409279943e-04,1.040889929e-05,row,0,-1.000000000e+00,-1.000000
cuda_warp_smem(blk1024)(g8),double,local,local,16384,16384,8,1,1,1,6,1.580000002e-07,1.458323400e-02,1.199350000e-04,1.470332700e-02,1.412524475e-02,1.400515175e-02,5.780822513e-04,304.063213,306.670529,306.670529,3.306559920e-04,2.378560007e-04,9.570258650e-06,row,0,-1.000000000e+00,-1.000000
cuda_warp_smem(blk1024)(g8),double,local,local,16384,16384,8,1,1,1,7,1.369999998e-07,1.459292100e-02,1.232760000e-04,1.471633400e-02,1.412840453e-02,1.400499153e-02,5.879294686e-04,303.995210,306.674037,306.674037,3.055999875e-04,2.720319927e-04,1.029748845e-05,row,0,-1.000000000e+00,-1.000000
cuda_warp_smem(blk1024)(g8),double,local,local,16384,16384,8,1,1,1,8,1.789999999e-07,1.456741600e-02,1.191700000e-04,1.468676500e-02,1.412555742e-02,1.400620842e-02,5.612075802e-04,304.056482,306.647393,306.647393,3.113279939e-04,2.391040027e-04,1.077558362e-05,row,0,-1.000000000e+00,-1.000000
cuda_warp_smem(blk1024)(g8),double,local,local,16384,16384,8,1,1,1,9,1.590000001e-07,1.457210100e-02,1.183780000e-04,1.469063800e-02,1.412596135e-02,1.400742435e-02,5.646766454e-04,304.047787,306.620774,306.620774,3.111999929e-04,2.426880002e-04,1.078865235e-05,row,0,-1.000000000e+00,-1.000000
cuda_warp_smem(blk1024)(g8),double,local,local,16384,16384,8,1,1,1,10,1.540000001e-07,1.456011100e-02,1.274490000e-04,1.468771400e-02,1.413422722e-02,1.400662422e-02,5.534867782e-04,303.869977,306.638290,306.638290,3.092800081e-04,2.334399968e-04,1.076677328e-05,row,0,-1.000000000e+00,-1.000000
cuda_warp_smem(blk1024)(g8),double,local,local,16384,16384,8,1,1,1,11,2.619999999e-07,1.456468600e-02,1.201960000e-04,1.468514400e-02,1.412772214e-02,1.400726414e-02,5.574218627e-04,304.009893,306.624281,306.624281,3.077439964e-04,2.396800071e-04,9.997859250e-06,row,0,-1.000000000e+00,-1.000000
cuda_warp_smem(blk1024)(g8),double,local,local,16384,16384,8,1,1,1,12,2.780000001e-07,1.457605200e-02,1.200680000e-04,1.469639800e-02,1.412792962e-02,1.400758362e-02,5.684683818e-04,304.005428,306.617288,306.617288,3.229759932e-04,2.359360009e-04,9.556387736e-06,row,0,-1.000000000e+00,-1.000000
cuda_warp_smem(blk1024)(g8),double,local,local,16384,16384,8,1,1,1,13,1.580000002e-07,1.456194900e-02,1.199330000e-04,1.468204000e-02,1.412988333e-02,1.400979233e-02,5.521566721e-04,303.963394,306.568948,306.568948,3.048959970e-04,2.362879962e-04,1.097267890e-05,row,0,-1.000000000e+00,-1.000000
cuda_warp_smem(blk1024)(g8),double,local,local,16384,16384,8,1,1,1,14,1.440000001e-07,1.454934800e-02,1.238150000e-04,1.467330700e-02,1.413243907e-02,1.400848007e-02,5.408679280e-04,303.908425,306.597666,306.597666,3.075839877e-04,2.240319997e-04,9.251940558e-06,row,0,-1.000000000e+00,-1.000000
cuda_warp_smem(blk1024)(g8),double,local,local,16384,16384,8,1,1,1,15,1.590000001e-07,1.454782600e-02,1.192600000e-04,1.466724500e-02,1.412661924e-02,1.400720024e-02,5.406257589e-04,304.033628,306.625680,306.625680,3.052800000e-04,2.243199944e-04,1.102576449e-05,row,0,-1.000000000e+00,-1.000000
cuda_warp_smem(blk1024)(g8),double,local,local,16384,16384,8,1,1,1,16,2.369999998e-07,1.455597800e-02,1.181140000e-04,1.467432900e-02,1.413291075e-02,1.401455975e-02,5.414182542e-04,303.898282,306.464661,306.464661,3.055360019e-04,2.258879989e-04,9.994253352e-06,row,0,-1.000000000e+00,-1.000000
cuda_warp_smem(blk1024)(g8),double,local,local,16384,16384,8,1,1,1,17,1.410000001e-07,1.454492000e-02,1.244560000e-04,1.466951700e-02,1.412885325e-02,1.400425625e-02,5.406637515e-04,303.985555,306.690139,306.690139,3.056960106e-04,2.243839949e-04,1.058374600e-05,row,0,-1.000000000e+00,-1.000000
cuda_warp_smem(blk1024)(g8),double,local,local,16384,16384,8,1,1,1,18,1.990000000e-07,1.456436400e-02,1.196830000e-04,1.468424600e-02,1.412541808e-02,1.400553608e-02,5.588279206e-04,304.059481,306.662114,306.662114,3.081279993e-04,2.395839989e-04,1.111592237e-05,row,0,-1.000000000e+00,-1.000000
cuda_warp_smem(blk1024)(g8),double,local,local,16384,16384,8,1,1,1,19,1.530000002e-07,1.455677400e-02,1.200880000e-04,1.467701500e-02,1.412833674e-02,1.400809574e-02,5.486782587e-04,303.996668,306.606078,306.606078,3.028799891e-04,2.360959947e-04,9.702274870e-06,row,0,-1.000000000e+00,-1.000000
cuda_warp_smem(blk1024)(g8),double,local,local,16384,16384,8,1,1,1,20,1.670000001e-07,1.455126600e-02,1.220230000e-04,1.467345600e-02,1.412791777e-02,1.400572777e-02,5.455382321e-04,304.005683,306.657916,306.657916,3.063040078e-04,2.279359996e-04,1.129822466e-05,row,0,-1.000000000e+00,-1.000000
