kernel,scalar,a_mode,x_mode,M,N,k,P,pr,pc,rep,t_bcast_s,t_local_s,t_reduce_s,t_total_s,t_official_s,t_kernel_s,t_transfer_runtime_overhead_s,gflops,gflops_compute,gflops_kernel,t_h2d_X_s,t_d2h_Y_s,t_launch_overhead_s,x_layout,group_timing,t_local_group_s,gflops_local_group
scheme_a,double,global,global,16384,16384,3,8,1,8,1,4.040000001e-07,6.329439500e-02,1.218991000e-03,6.390853900e-02,6.390853900e-02,-1.000000000e+00,-1.000000000e+00,25.201839,25.446372,-1.000000,-1.000000000e+00,-1.000000000e+00,-1.000000000e+00,row,0,-1.000000000e+00,-1.000000
scheme_a,double,global,global,16384,16384,3,8,1,8,2,3.749999999e-07,6.130456900e-02,1.192730000e-03,6.229273100e-02,6.229273100e-02,-1.000000000e+00,-1.000000000e+00,25.855549,26.272312,-1.000000,-1.000000000e+00,-1.000000000e+00,-1.000000000e+00,row,0,-1.000000000e+00,-1.000000
scheme_a,double,global,global,16384,16384,3,8,1,8,3,3.630000001e-07,6.258429100e-02,1.827577000e-03,6.338615400e-02,6.338615400e-02,-1.000000000e+00,-1.000000000e+00,25.409536,25.735096,-1.000000,-1.000000000e+00,-1.000000000e+00,-1.000000000e+00,row,0,-1.000000000e+00,-1.000000
scheme_a,double,global,global,16384,16384,3,8,1,8,4,3.010000000e-07,6.303668300e-02,2.103112000e-03,6.370235200e-02,6.370235200e-02,-1.000000000e+00,-1.000000000e+00,25.283411,25.550404,-1.000000,-1.000000000e+00,-1.000000000e+00,-1.000000000e+00,row,0,-1.000000000e+00,-1.000000
scheme_a,double,global,global,16384,16384,3,8,1,8,5,4.700000003e-07,6.233073700e-02,1.431654000e-03,6.293105900e-02,6.293105900e-02,-1.000000000e+00,-1.000000000e+00,25.593288,25.839783,-1.000000,-1.000000000e+00,-1.000000000e+00,-1.000000000e+00,row,0,-1.000000000e+00,-1.000000
scheme_a,double,global,global,16384,16384,3,8,1,8,6,5.290000002e-07,6.407023600e-02,3.456972000e-03,6.466496600e-02,6.466496600e-02,-1.000000000e+00,-1.000000000e+00,24.907038,25.138236,-1.000000,-1.000000000e+00,-1.000000000e+00,-1.000000000e+00,row,0,-1.000000000e+00,-1.000000
scheme_a,double,global,global,16384,16384,3,8,1,8,7,3.310000003e-07,6.360269600e-02,1.856314000e-03,6.420873600e-02,6.420873600e-02,-1.000000000e+00,-1.000000000e+00,25.084012,25.323026,-1.000000,-1.000000000e+00,-1.000000000e+00,-1.000000000e+00,row,0,-1.000000000e+00,-1.000000
scheme_a,double,global,global,16384,16384,3,8,1,8,8,6.330000000e-07,6.358943100e-02,1.494962000e-03,6.425633900e-02,6.425633900e-02,-1.000000000e+00,-1.000000000e+00,25.065430,25.328309,-1.000000,-1.000000000e+00,-1.000000000e+00,-1.000000000e+00,row,0,-1.000000000e+00,-1.000000
scheme_a,double,global,global,16384,16384,3,8,1,8,9,3.340000001e-07,6.252849800e-02,1.429781000e-03,6.309884600e-02,6.309884600e-02,-1.000000000e+00,-1.000000000e+00,25.525233,25.758059,-1.000000,-1.000000000e+00,-1.000000000e+00,-1.000000000e+00,row,0,-1.000000000e+00,-1.000000
scheme_a,double,global,global,16384,16384,3,8,1,8,10,3.940000002e-07,6.510495700e-02,3.890764000e-03,6.572811600e-02,6.572811600e-02,-1.000000000e+00,-1.000000000e+00,24.504167,24.738711,-1.000000,-1.000000000e+00,-1.000000000e+00,-1.000000000e+00,row,0,-1.000000000e+00,-1.000000
scheme_a,double,global,global,16384,16384,3,8,1,8,11,6.780000001e-07,6.288555000e-02,1.614464000e-03,6.344538000e-02,6.344538000e-02,-1.000000000e+00,-1.000000000e+00,25.385816,25.611810,-1.000000,-1.000000000e+00,-1.000000000e+00,-1.000000000e+00,row,0,-1.000000000e+00,-1.000000
scheme_a,double,global,global,16384,16384,3,8,1,8,12,3.359999998e-07,6.319635800e-02,2.631150000e-03,6.376754700e-02,6.376754700e-02,-1.000000000e+00,-1.000000000e+00,25.257561,25.485847,-1.000000,-1.000000000e+00,-1.000000000e+00,-1.000000000e+00,row,0,-1.000000000e+00,-1.000000
scheme_a,double,global,global,16384,16384,3,8,1,8,13,4.539999998e-07,6.252718200e-02,1.860822000e-03,6.339422500e-02,6.339422500e-02,-1.000000000e+00,-1.000000000e+00,25.406301,25.758601,-1.000000,-1.000000000e+00,-1.000000000e+00,-1.000000000e+00,row,0,-1.000000000e+00,-1.000000
scheme_a,double,global,global,16384,16384,3,8,1,8,14,5.170000001e-07,6.371443200e-02,1.166204000e-03,6.434150900e-02,6.434150900e-02,-1.000000000e+00,-1.000000000e+00,25.032250,25.278617,-1.000000,-1.000000000e+00,-1.000000000e+00,-1.000000000e+00,row,0,-1.000000000e+00,-1.000000
scheme_a,double,global,global,16384,16384,3,8,1,8,15,3.160000004e-07,6.212530800e-02,1.378700000e-03,6.281904300e-02,6.281904300e-02,-1.000000000e+00,-1.000000000e+00,25.638925,25.925227,-1.000000,-1.000000000e+00,-1.000000000e+00,-1.000000000e+00,row,0,-1.000000000e+00,-1.000000
scheme_a,double,global,global,16384,16384,3,8,1,8,16,4.429999998e-07,6.422964800e-02,2.233953000e-03,6.507081400e-02,6.507081400e-02,-1.000000000e+00,-1.000000000e+00,24.751692,25.075846,-1.000000,-1.000000000e+00,-1.000000000e+00,-1.000000000e+00,row,0,-1.000000000e+00,-1.000000
scheme_a,double,global,global,16384,16384,3,8,1,8,17,4.330000003e-07,6.263293000e-02,1.924862000e-03,6.337637200e-02,6.337637200e-02,-1.000000000e+00,-1.000000000e+00,25.413457,25.715111,-1.000000,-1.000000000e+00,-1.000000000e+00,-1.000000000e+00,row,0,-1.000000000e+00,-1.000000
scheme_a,double,global,global,16384,16384,3,8,1,8,18,5.669999998e-07,6.322713500e-02,1.354150000e-03,6.404237300e-02,6.404237300e-02,-1.000000000e+00,-1.000000000e+00,25.149173,25.473442,-1.000000,-1.000000000e+00,-1.000000000e+00,-1.000000000e+00,row,0,-1.000000000e+00,-1.000000
scheme_a,double,global,global,16384,16384,3,8,1,8,19,4.610000000e-07,6.279432400e-02,1.829639000e-03,6.346864900e-02,6.346864900e-02,-1.000000000e+00,-1.000000000e+00,25.376509,25.649018,-1.000000,-1.000000000e+00,-1.000000000e+00,-1.000000000e+00,row,0,-1.000000000e+00,-1.000000
scheme_a,double,global,global,16384,16384,3,8,1,8,20,3.349999997e-07,6.255702200e-02,2.733553000e-03,6.330050900e-02,6.330050900e-02,-1.000000000e+00,-1.000000000e+00,25.443914,25.746314,-1.000000,-1.000000000e+00,-1.000000000e+00,-1.000000000e+00,row,0,-1.000000000e+00,-1.000000
scheme_a,double,global,global,16384,16384,6,8,1,8,1,3.970000000e-07,6.411667900e-02,2.171063000e-03,6.577086400e-02,6.577086400e-02,-1.000000000e+00,-1.000000000e+00,48.976481,50.240055,-1.000000,-1.000000000e+00,-1.000000000e+00,-1.000000000e+00,row,0,-1.000000000e+00,-1.000000
scheme_a,double,global,global,16384,16384,6,8,1,8,2,4.940000000e-07,6.501630000e-02,2.511566000e-03,6.686420200e-02,6.686420200e-02,-1.000000000e+00,-1.000000000e+00,48.175636,49.544891,-1.000000,-1.000000000e+00,-1.000000000e+00,-1.000000000e+00,row,0,-1.000000000e+00,-1.000000
scheme_a,double,global,global,16384,16384,6,8,1,8,3,5.179999998e-07,6.534772200e-02,3.426017000e-03,6.723681100e-02,6.723681100e-02,-1.000000000e+00,-1.000000000e+00,47.908659,49.293615,-1.000000,-1.000000000e+00,-1.000000000e+00,-1.000000000e+00,row,0,-1.000000000e+00,-1.000000
scheme_a,double,global,global,16384,16384,6,8,1,8,4,3.680000003e-07,6.336882900e-02,1.848584000e-03,6.521765900e-02,6.521765900e-02,-1.000000000e+00,-1.000000000e+00,49.391921,50.832965,-1.000000,-1.000000000e+00,-1.000000000e+00,-1.000000000e+00,row,0,-1.000000000e+00,-1.000000
scheme_a,double,global,global,16384,16384,6,8,1,8,5,4.849999997e-07,6.526446600e-02,4.491854000e-03,6.720049200e-02,6.720049200e-02,-1.000000000e+00,-1.000000000e+00,47.934552,49.356498,-1.000000,-1.000000000e+00,-1.000000000e+00,-1.000000000e+00,row,0,-1.000000000e+00,-1.000000
scheme_a,double,global,global,16384,16384,6,8,1,8,6,1.099000000e-06,6.479027400e-02,3.525940000e-03,6.607779600e-02,6.607779600e-02,-1.000000000e+00,-1.000000000e+00,48.748985,49.717732,-1.000000,-1.000000000e+00,-1.000000000e+00,-1.000000000e+00,row,0,-1.000000000e+00,-1.000000
scheme_a,double,global,global,16384,16384,6,8,1,8,7,6.350000001e-07,6.554372700e-02,2.641414000e-03,6.739742900e-02,6.739742900e-02,-1.000000000e+00,-1.000000000e+00,47.794486,49.146205,-1.000000,-1.000000000e+00,-1.000000000e+00,-1.000000000e+00,row,0,-1.000000000e+00,-1.000000
scheme_a,double,global,global,16384,16384,6,8,1,8,8,3.680000003e-07,6.375027600e-02,2.349751000e-03,6.560210500e-02,6.560210500e-02,-1.000000000e+00,-1.000000000e+00,49.102471,50.528808,-1.000000,-1.000000000e+00,-1.000000000e+00,-1.000000000e+00,row,0,-1.000000000e+00,-1.000000
scheme_a,double,global,global,16384,16384,6,8,1,8,9,5.669999998e-07,6.713603900e-02,3.779946000e-03,6.847591800e-02,6.847591800e-02,-1.000000000e+00,-1.000000000e+00,47.041727,47.980571,-1.000000,-1.000000000e+00,-1.000000000e+00,-1.000000000e+00,row,0,-1.000000000e+00,-1.000000
scheme_a,double,global,global,16384,16384,6,8,1,8,10,4.849999997e-07,6.323074100e-02,1.909542000e-03,6.512497700e-02,6.512497700e-02,-1.000000000e+00,-1.000000000e+00,49.462213,50.943978,-1.000000,-1.000000000e+00,-1.000000000e+00,-1.000000000e+00,row,0,-1.000000000e+00,-1.000000
scheme_a,double,global,global,16384,16384,6,8,1,8,11,3.469999998e-07,6.353224400e-02,2.402039000e-03,6.557202400e-02,6.557202400e-02,-1.000000000e+00,-1.000000000e+00,49.124997,50.702215,-1.000000,-1.000000000e+00,-1.000000000e+00,-1.000000000e+00,row,0,-1.000000000e+00,-1.000000
scheme_a,double,global,global,16384,16384,6,8,1,8,12,4.339999999e-07,6.460338000e-02,2.386767000e-03,6.580299300e-02,6.580299300e-02,-1.000000000e+00,-1.000000000e+00,48.952568,49.861563,-1.000000,-1.000000000e+00,-1.000000000e+00,-1.000000000e+00,row,0,-1.000000000e+00,-1.000000
scheme_a,double,global,global,16384,16384,6,8,1,8,13,4.429999998e-07,6.337922200e-02,2.046268000e-03,6.494259900e-02,6.494259900e-02,-1.000000000e+00,-1.000000000e+00,49.601117,50.824629,-1.000000,-1.000000000e+00,-1.000000000e+00,-1.000000000e+00,row,0,-1.000000000e+00,-1.000000
scheme_a,double,global,global,16384,16384,6,8,1,8,14,3.880000001e-07,6.426052800e-02,2.835517000e-03,6.551081800e-02,6.551081800e-02,-1.000000000e+00,-1.000000000e+00,49.170894,50.127591,-1.000000,-1.000000000e+00,-1.000000000e+00,-1.000000000e+00,row,0,-1.000000000e+00,-1.000000
scheme_a,double,global,global,16384,16384,6,8,1,8,15,3.450000001e-07,6.665780100e-02,3.745372000e-03,6.854393000e-02,6.854393000e-02,-1.000000000e+00,-1.000000000e+00,46.995051,48.324809,-1.000000,-1.000000000e+00,-1.000000000e+00,-1.000000000e+00,row,0,-1.000000000e+00,-1.000000
scheme_a,double,global,global,16384,16384,6,8,1,8,16,7.160000002e-07,6.540393900e-02,3.632622000e-03,6.667016700e-02,6.667016700e-02,-1.000000000e+00,-1.000000000e+00,48.315845,49.251246,-1.000000,-1.000000000e+00,-1.000000000e+00,-1.000000000e+00,row,0,-1.000000000e+00,-1.000000
scheme_a,double,global,global,16384,16384,6,8,1,8,17,7.750000002e-07,6.561515200e-02,3.906244000e-03,6.771613100e-02,6.771613100e-02,-1.000000000e+00,-1.000000000e+00,47.569544,49.092708,-1.000000,-1.000000000e+00,-1.000000000e+00,-1.000000000e+00,row,0,-1.000000000e+00,-1.000000
scheme_a,double,global,global,16384,16384,6,8,1,8,18,4.639999998e-07,6.469751000e-02,2.542749000e-03,6.623692800e-02,6.623692800e-02,-1.000000000e+00,-1.000000000e+00,48.631867,49.789018,-1.000000,-1.000000000e+00,-1.000000000e+00,-1.000000000e+00,row,0,-1.000000000e+00,-1.000000
scheme_a,double,global,global,16384,16384,6,8,1,8,19,1.578000000e-06,6.429444300e-02,3.275958000e-03,6.561252400e-02,6.561252400e-02,-1.000000000e+00,-1.000000000e+00,49.094674,50.101149,-1.000000,-1.000000000e+00,-1.000000000e+00,-1.000000000e+00,row,0,-1.000000000e+00,-1.000000
scheme_a,double,global,global,16384,16384,6,8,1,8,20,4.410000001e-07,6.394612300e-02,2.598017000e-03,6.598592300e-02,6.598592300e-02,-1.000000000e+00,-1.000000000e+00,48.816859,50.374054,-1.000000,-1.000000000e+00,-1.000000000e+00,-1.000000000e+00,row,0,-1.000000000e+00,-1.000000
scheme_a,double,global,global,16384,16384,8,8,1,8,1,6.889999999e-07,6.416695500e-02,2.830006000e-03,6.605460200e-02,6.605460200e-02,-1.000000000e+00,-1.000000000e+00,65.021470,66.934254,-1.000000,-1.000000000e+00,-1.000000000e+00,-1.000000000e+00,row,0,-1.000000000e+00,-1.000000
scheme_a,double,global,global,16384,16384,8,8,1,8,2,4.360000001e-07,6.448782700e-02,2.595105000e-03,6.698414400e-02,6.698414400e-02,-1.000000000e+00,-1.000000000e+00,64.119164,66.601210,-1.000000,-1.000000000e+00,-1.000000000e+00,-1.000000000e+00,row,0,-1.000000000e+00,-1.000000
scheme_a,double,global,global,16384,16384,8,8,1,8,3,4.290000000e-07,6.366630700e-02,2.885358000e-03,6.595154400e-02,6.595154400e-02,-1.000000000e+00,-1.000000000e+00,65.123074,67.460600,-1.000000,-1.000000000e+00,-1.000000000e+00,-1.000000000e+00,row,0,-1.000000000e+00,-1.000000
scheme_a,double,global,global,16384,16384,8,8,1,8,4,5.440000002e-07,6.525301300e-02,3.047064000e-03,6.780714800e-02,6.780714800e-02,-1.000000000e+00,-1.000000000e+00,63.340922,65.820214,-1.000000,-1.000000000e+00,-1.000000000e+00,-1.000000000e+00,row,0,-1.000000000e+00,-1.000000
scheme_a,double,global,global,16384,16384,8,8,1,8,5,4.659999999e-07,6.277936600e-02,2.478822000e-03,6.523008100e-02,6.523008100e-02,-1.000000000e+00,-1.000000000e+00,65.843354,68.413677,-1.000000,-1.000000000e+00,-1.000000000e+00,-1.000000000e+00,row,0,-1.000000000e+00,-1.000000
scheme_a,double,global,global,16384,16384,8,8,1,8,6,1.151000000e-06,6.403531900e-02,3.043318000e-03,6.585616300e-02,6.585616300e-02,-1.000000000e+00,-1.000000000e+00,65.217393,67.071850,-1.000000,-1.000000000e+00,-1.000000000e+00,-1.000000000e+00,row,0,-1.000000000e+00,-1.000000
scheme_a,double,global,global,16384,16384,8,8,1,8,7,7.490000002e-07,6.329875600e-02,2.859382000e-03,6.605099500e-02,6.605099500e-02,-1.000000000e+00,-1.000000000e+00,65.025020,67.852318,-1.000000,-1.000000000e+00,-1.000000000e+00,-1.000000000e+00,row,0,-1.000000000e+00,-1.000000
scheme_a,double,global,global,16384,16384,8,8,1,8,8,7.039999996e-07,6.463460400e-02,2.937284000e-03,6.654978600e-02,6.654978600e-02,-1.000000000e+00,-1.000000000e+00,64.537658,66.449967,-1.000000,-1.000000000e+00,-1.000000000e+00,-1.000000000e+00,row,0,-1.000000000e+00,-1.000000
scheme_a,double,global,global,16384,16384,8,8,1,8,9,4.769999999e-07,6.474042100e-02,3.504171000e-03,6.655379600e-02,6.655379600e-02,-1.000000000e+00,-1.000000000e+00,64.533769,66.341356,-1.000000,-1.000000000e+00,-1.000000000e+00,-1.000000000e+00,row,0,-1.000000000e+00,-1.000000
scheme_a,double,global,global,16384,16384,8,8,1,8,10,5.729999999e-07,6.451437200e-02,2.862472000e-03,6.649321400e-02,6.649321400e-02,-1.000000000e+00,-1.000000000e+00,64.592566,66.573806,-1.000000,-1.000000000e+00,-1.000000000e+00,-1.000000000e+00,row,0,-1.000000000e+00,-1.000000
scheme_a,double,global,global,16384,16384,8,8,1,8,11,3.830000002e-07,6.290726700e-02,2.566137000e-03,6.516522500e-02,6.516522500e-02,-1.000000000e+00,-1.000000000e+00,65.908885,68.274581,-1.000000,-1.000000000e+00,-1.000000000e+00,-1.000000000e+00,row,0,-1.000000000e+00,-1.000000
scheme_a,double,global,global,16384,16384,8,8,1,8,12,4.069999999e-07,6.356194700e-02,2.504590000e-03,6.574831100e-02,6.574831100e-02,-1.000000000e+00,-1.000000000e+00,65.324375,67.571361,-1.000000,-1.000000000e+00,-1.000000000e+00,-1.000000000e+00,row,0,-1.000000000e+00,-1.000000
scheme_a,double,global,global,16384,16384,8,8,1,8,13,4.630000001e-07,6.393578700e-02,3.033923000e-03,6.604835100e-02,6.604835100e-02,-1.000000000e+00,-1.000000000e+00,65.027623,67.176264,-1.000000,-1.000000000e+00,-1.000000000e+00,-1.000000000e+00,row,0,-1.000000000e+00,-1.000000
scheme_a,double,global,global,16384,16384,8,8,1,8,14,5.260000000e-07,6.454851800e-02,2.898433000e-03,6.639305700e-02,6.639305700e-02,-1.000000000e+00,-1.000000000e+00,64.690007,66.538589,-1.000000,-1.000000000e+00,-1.000000000e+00,-1.000000000e+00,row,0,-1.000000000e+00,-1.000000
scheme_a,double,global,global,16384,16384,8,8,1,8,15,4.630000001e-07,6.300715200e-02,2.580930000e-03,6.544980500e-02,6.544980500e-02,-1.000000000e+00,-1.000000000e+00,65.622309,68.166346,-1.000000,-1.000000000e+00,-1.000000000e+00,-1.000000000e+00,row,0,-1.000000000e+00,-1.000000
scheme_a,double,global,global,16384,16384,8,8,1,8,16,5.860000001e-07,6.487933100e-02,3.633393000e-03,6.652212300e-02,6.652212300e-02,-1.000000000e+00,-1.000000000e+00,64.564495,66.199315,-1.000000,-1.000000000e+00,-1.000000000e+00,-1.000000000e+00,row,0,-1.000000000e+00,-1.000000
scheme_a,double,global,global,16384,16384,8,8,1,8,17,3.039999998e-07,6.392432200e-02,2.630536000e-03,6.641336200e-02,6.641336200e-02,-1.000000000e+00,-1.000000000e+00,64.670229,67.188312,-1.000000,-1.000000000e+00,-1.000000000e+00,-1.000000000e+00,row,0,-1.000000000e+00,-1.000000
scheme_a,double,global,global,16384,16384,8,8,1,8,18,5.040000000e-07,6.492915000e-02,3.283432000e-03,6.642250300e-02,6.642250300e-02,-1.000000000e+00,-1.000000000e+00,64.661329,66.148522,-1.000000,-1.000000000e+00,-1.000000000e+00,-1.000000000e+00,row,0,-1.000000000e+00,-1.000000
scheme_a,double,global,global,16384,16384,8,8,1,8,19,1.395000000e-06,6.422799700e-02,3.593219000e-03,6.629308700e-02,6.629308700e-02,-1.000000000e+00,-1.000000000e+00,64.787559,66.870640,-1.000000,-1.000000000e+00,-1.000000000e+00,-1.000000000e+00,row,0,-1.000000000e+00,-1.000000
scheme_a,double,global,global,16384,16384,8,8,1,8,20,5.530000000e-07,6.399686700e-02,2.925198000e-03,6.611688400e-02,6.611688400e-02,-1.000000000e+00,-1.000000000e+00,64.960219,67.112149,-1.000000,-1.000000000e+00,-1.000000000e+00,-1.000000000e+00,row,0,-1.000000000e+00,-1.000000
scheme_a,double,global,global,16384,16384,20,8,1,8,1,8.560000000e-07,8.163150500e-02,5.288560000e-03,8.692031000e-02,8.692031000e-02,-1.000000000e+00,-1.000000000e+00,123.531753,131.535223,-1.000000,-1.000000000e+00,-1.000000000e+00,-1.000000000e+00,row,0,-1.000000000e+00,-1.000000
scheme_a,double,global,global,16384,16384,20,8,1,8,2,5.499999998e-07,8.020888900e-02,6.034858000e-03,8.604890800e-02,8.604890800e-02,-1.000000000e+00,-1.000000000e+00,124.782737,133.868183,-1.000000,-1.000000000e+00,-1.000000000e+00,-1.000000000e+00,row,0,-1.000000000e+00,-1.000000
scheme_a,double,global,global,16384,16384,20,8,1,8,3,4.670000000e-07,8.107639200e-02,5.431943000e-03,8.632800000e-02,8.632800000e-02,-1.000000000e+00,-1.000000000e+00,124.379324,132.435817,-1.000000,-1.000000000e+00,-1.000000000e+00,-1.000000000e+00,row,0,-1.000000000e+00,-1.000000
scheme_a,double,global,global,16384,16384,20,8,1,8,4,1.030000000e-06,8.258632900e-02,5.927278000e-03,8.689316100e-02,8.689316100e-02,-1.000000000e+00,-1.000000000e+00,123.570349,130.014475,-1.000000,-1.000000000e+00,-1.000000000e+00,-1.000000000e+00,row,0,-1.000000000e+00,-1.000000
scheme_a,double,global,global,16384,16384,20,8,1,8,5,1.025000000e-06,7.992629300e-02,4.985790000e-03,8.478328200e-02,8.478328200e-02,-1.000000000e+00,-1.000000000e+00,126.645466,134.341502,-1.000000,-1.000000000e+00,-1.000000000e+00,-1.000000000e+00,row,0,-1.000000000e+00,-1.000000
scheme_a,double,global,global,16384,16384,20,8,1,8,6,3.889999998e-07,7.910213300e-02,4.936004000e-03,8.403844600e-02,8.403844600e-02,-1.000000000e+00,-1.000000000e+00,127.767929,135.741197,-1.000000,-1.000000000e+00,-1.000000000e+00,-1.000000000e+00,row,0,-1.000000000e+00,-1.000000
scheme_a,double,global,global,16384,16384,20,8,1,8,7,3.929999997e-07,8.152020800e-02,5.123866000e-03,8.664446700e-02,8.664446700e-02,-1.000000000e+00,-1.000000000e+00,123.925031,131.714804,-1.000000,-1.000000000e+00,-1.000000000e+00,-1.000000000e+00,row,0,-1.000000000e+00,-1.000000
scheme_a,double,global,global,16384,16384,20,8,1,8,8,5.910000000e-07,7.977846900e-02,5.595005000e-03,8.537398800e-02,8.537398800e-02,-1.000000000e+00,-1.000000000e+00,125.769201,134.590427,-1.000000,-1.000000000e+00,-1.000000000e+00,-1.000000000e+00,row,0,-1.000000000e+00,-1.000000
scheme_a,double,global,global,16384,16384,20,8,1,8,9,4.140000001e-07,7.996431500e-02,5.128322000e-03,8.498565300e-02,8.498565300e-02,-1.000000000e+00,-1.000000000e+00,126.343893,134.277624,-1.000000,-1.000000000e+00,-1.000000000e+00,-1.000000000e+00,row,0,-1.000000000e+00,-1.000000
scheme_a,double,global,global,16384,16384,20,8,1,8,10,5.819999997e-07,8.003352800e-02,6.101692000e-03,8.613552700e-02,8.613552700e-02,-1.000000000e+00,-1.000000000e+00,124.657254,134.161501,-1.000000,-1.000000000e+00,-1.000000000e+00,-1.000000000e+00,row,0,-1.000000000e+00,-1.000000
scheme_a,double,global,global,16384,16384,20,8,1,8,11,3.939999997e-07,8.006174900e-02,4.976015000e-03,8.503802700e-02,8.503802700e-02,-1.000000000e+00,-1.000000000e+00,126.266079,134.114210,-1.000000,-1.000000000e+00,-1.000000000e+00,-1.000000000e+00,row,0,-1.000000000e+00,-1.000000
scheme_a,double,global,global,16384,16384,20,8,1,8,12,3.849999999e-07,7.987746800e-02,4.983301000e-03,8.466376400e-02,8.466376400e-02,-1.000000000e+00,-1.000000000e+00,126.824248,134.423618,-1.000000,-1.000000000e+00,-1.000000000e+00,-1.000000000e+00,row,0,-1.000000000e+00,-1.000000
scheme_a,double,global,global,16384,16384,20,8,1,8,13,5.490000001e-07,8.033929200e-02,5.209635000e-03,8.510481200e-02,8.510481200e-02,-1.000000000e+00,-1.000000000e+00,126.166993,133.650895,-1.000000,-1.000000000e+00,-1.000000000e+00,-1.000000000e+00,row,0,-1.000000000e+00,-1.000000
scheme_a,double,global,global,16384,16384,20,8,1,8,14,2.685000000e-06,8.060660600e-02,5.841689000e-03,8.577627900e-02,8.577627900e-02,-1.000000000e+00,-1.000000000e+00,125.179343,133.207671,-1.000000,-1.000000000e+00,-1.000000000e+00,-1.000000000e+00,row,0,-1.000000000e+00,-1.000000
scheme_a,double,global,global,16384,16384,20,8,1,8,15,4.870000003e-07,7.972881500e-02,5.234384000e-03,8.486471700e-02,8.486471700e-02,-1.000000000e+00,-1.000000000e+00,126.523939,134.674248,-1.000000,-1.000000000e+00,-1.000000000e+00,-1.000000000e+00,row,0,-1.000000000e+00,-1.000000
scheme_a,double,global,global,16384,16384,20,8,1,8,16,4.160000002e-07,7.982527200e-02,5.701619000e-03,8.552725200e-02,8.552725200e-02,-1.000000000e+00,-1.000000000e+00,125.543824,134.511515,-1.000000,-1.000000000e+00,-1.000000000e+00,-1.000000000e+00,row,0,-1.000000000e+00,-1.000000
scheme_a,double,global,global,16384,16384,20,8,1,8,17,5.009999997e-07,8.064541100e-02,4.977063000e-03,8.562272400e-02,8.562272400e-02,-1.000000000e+00,-1.000000000e+00,125.403838,133.143574,-1.000000,-1.000000000e+00,-1.000000000e+00,-1.000000000e+00,row,0,-1.000000000e+00,-1.000000
scheme_a,double,global,global,16384,16384,20,8,1,8,18,6.040000002e-07,8.450186900e-02,7.086743000e-03,8.843681100e-02,8.843681100e-02,-1.000000000e+00,-1.000000000e+00,121.413449,127.067228,-1.000000,-1.000000000e+00,-1.000000000e+00,-1.000000000e+00,row,0,-1.000000000e+00,-1.000000
scheme_a,double,global,global,16384,16384,20,8,1,8,19,3.970000000e-07,7.971077900e-02,5.448551000e-03,8.515968100e-02,8.515968100e-02,-1.000000000e+00,-1.000000000e+00,126.085703,134.704721,-1.000000,-1.000000000e+00,-1.000000000e+00,-1.000000000e+00,row,0,-1.000000000e+00,-1.000000
scheme_a,double,global,global,16384,16384,20,8,1,8,20,4.620000000e-07,8.153013300e-02,6.330042000e-03,8.765858400e-02,8.765858400e-02,-1.000000000e+00,-1.000000000e+00,122.491349,131.698770,-1.000000,-1.000000000e+00,-1.000000000e+00,-1.000000000e+00,row,0,-1.000000000e+00,-1.000000
scheme_a,double,global,global,16384,16384,32,8,1,8,1,1.453000000e-06,1.660446750e-01,1.231361600e-02,1.714509110e-01,1.714509110e-01,-1.000000000e+00,-1.000000000e+00,100.202846,103.465343,-1.000000,-1.000000000e+00,-1.000000000e+00,-1.000000000e+00,row,0,-1.000000000e+00,-1.000000
scheme_a,double,global,global,16384,16384,32,8,1,8,2,4.270000002e-07,1.648000830e-01,1.356037300e-02,1.702267880e-01,1.702267880e-01,-1.000000000e+00,-1.000000000e+00,100.923417,104.246727,-1.000000,-1.000000000e+00,-1.000000000e+00,-1.000000000e+00,row,0,-1.000000000e+00,-1.000000
scheme_a,double,global,global,16384,16384,32,8,1,8,3,9.359999997e-07,1.629598400e-01,1.409607700e-02,1.692430930e-01,1.692430930e-01,-1.000000000e+00,-1.000000000e+00,101.510017,105.423945,-1.000000,-1.000000000e+00,-1.000000000e+00,-1.000000000e+00,row,0,-1.000000000e+00,-1.000000
scheme_a,double,global,global,16384,16384,32,8,1,8,4,5.669999998e-07,1.641206580e-01,1.254317200e-02,1.695150350e-01,1.695150350e-01,-1.000000000e+00,-1.000000000e+00,101.347171,104.678286,-1.000000,-1.000000000e+00,-1.000000000e+00,-1.000000000e+00,row,0,-1.000000000e+00,-1.000000
scheme_a,double,global,global,16384,16384,32,8,1,8,5,5.199999999e-07,1.638291610e-01,1.199727900e-02,1.693204670e-01,1.693204670e-01,-1.000000000e+00,-1.000000000e+00,101.463630,104.864537,-1.000000,-1.000000000e+00,-1.000000000e+00,-1.000000000e+00,row,0,-1.000000000e+00,-1.000000
scheme_a,double,global,global,16384,16384,32,8,1,8,6,5.399999998e-07,1.642582870e-01,1.360748900e-02,1.697495430e-01,1.697495430e-01,-1.000000000e+00,-1.000000000e+00,101.207160,104.590578,-1.000000,-1.000000000e+00,-1.000000000e+00,-1.000000000e+00,row,0,-1.000000000e+00,-1.000000
scheme_a,double,global,global,16384,16384,32,8,1,8,7,6.299999997e-07,1.653345720e-01,1.284179000e-02,1.707391600e-01,1.707391600e-01,-1.000000000e+00,-1.000000000e+00,100.620556,103.909721,-1.000000,-1.000000000e+00,-1.000000000e+00,-1.000000000e+00,row,0,-1.000000000e+00,-1.000000
scheme_a,double,global,global,16384,16384,32,8,1,8,8,7.610000003e-07,1.657223170e-01,1.275253600e-02,1.711852610e-01,1.711852610e-01,-1.000000000e+00,-1.000000000e+00,100.358343,103.666600,-1.000000,-1.000000000e+00,-1.000000000e+00,-1.000000000e+00,row,0,-1.000000000e+00,-1.000000
scheme_a,double,global,global,16384,16384,32,8,1,8,9,7.069999999e-07,1.633107510e-01,1.256597400e-02,1.686961250e-01,1.686961250e-01,-1.000000000e+00,-1.000000000e+00,101.839145,105.197417,-1.000000,-1.000000000e+00,-1.000000000e+00,-1.000000000e+00,row,0,-1.000000000e+00,-1.000000
scheme_a,double,global,global,16384,16384,32,8,1,8,10,4.350000000e-07,1.642545780e-01,1.318970800e-02,1.697296630e-01,1.697296630e-01,-1.000000000e+00,-1.000000000e+00,101.219014,104.592940,-1.000000,-1.000000000e+00,-1.000000000e+00,-1.000000000e+00,row,0,-1.000000000e+00,-1.000000
scheme_a,double,global,global,16384,16384,32,8,1,8,11,4.870000003e-07,1.628566720e-01,1.334387000e-02,1.683258530e-01,1.683258530e-01,-1.000000000e+00,-1.000000000e+00,102.063164,105.490730,-1.000000,-1.000000000e+00,-1.000000000e+00,-1.000000000e+00,row,0,-1.000000000e+00,-1.000000
scheme_a,double,global,global,16384,16384,32,8,1,8,12,6.280000004e-07,1.643092410e-01,1.313473500e-02,1.698167040e-01,1.698167040e-01,-1.000000000e+00,-1.000000000e+00,101.167134,104.558143,-1.000000,-1.000000000e+00,-1.000000000e+00,-1.000000000e+00,row,0,-1.000000000e+00,-1.000000
scheme_a,double,global,global,16384,16384,32,8,1,8,13,5.779999999e-07,1.644809110e-01,1.291185800e-02,1.699488540e-01,1.699488540e-01,-1.000000000e+00,-1.000000000e+00,101.088467,104.449015,-1.000000,-1.000000000e+00,-1.000000000e+00,-1.000000000e+00,row,0,-1.000000000e+00,-1.000000
scheme_a,double,global,global,16384,16384,32,8,1,8,14,8.420000004e-07,1.642685330e-01,1.326087900e-02,1.697182920e-01,1.697182920e-01,-1.000000000e+00,-1.000000000e+00,101.225796,104.584054,-1.000000,-1.000000000e+00,-1.000000000e+00,-1.000000000e+00,row,0,-1.000000000e+00,-1.000000
scheme_a,double,global,global,16384,16384,32,8,1,8,15,5.229999998e-07,1.630887040e-01,1.203184900e-02,1.684359700e-01,1.684359700e-01,-1.000000000e+00,-1.000000000e+00,101.996439,105.340644,-1.000000,-1.000000000e+00,-1.000000000e+00,-1.000000000e+00,row,0,-1.000000000e+00,-1.000000
scheme_a,double,global,global,16384,16384,32,8,1,8,16,5.810000001e-07,1.648492000e-01,1.304173900e-02,1.707261800e-01,1.707261800e-01,-1.000000000e+00,-1.000000000e+00,100.628206,104.215666,-1.000000,-1.000000000e+00,-1.000000000e+00,-1.000000000e+00,row,0,-1.000000000e+00,-1.000000
scheme_a,double,global,global,16384,16384,32,8,1,8,17,6.910000003e-07,1.624615750e-01,1.373757300e-02,1.679318860e-01,1.679318860e-01,-1.000000000e+00,-1.000000000e+00,102.302604,105.747277,-1.000000,-1.000000000e+00,-1.000000000e+00,-1.000000000e+00,row,0,-1.000000000e+00,-1.000000
scheme_a,double,global,global,16384,16384,32,8,1,8,18,9.240000001e-07,1.635483120e-01,1.346272600e-02,1.689769920e-01,1.689769920e-01,-1.000000000e+00,-1.000000000e+00,101.669872,105.044613,-1.000000,-1.000000000e+00,-1.000000000e+00,-1.000000000e+00,row,0,-1.000000000e+00,-1.000000
scheme_a,double,global,global,16384,16384,32,8,1,8,19,9.980000000e-07,1.702269320e-01,1.204567500e-02,1.755921680e-01,1.755921680e-01,-1.000000000e+00,-1.000000000e+00,97.839610,100.923332,-1.000000,-1.000000000e+00,-1.000000000e+00,-1.000000000e+00,row,0,-1.000000000e+00,-1.000000
scheme_a,double,global,global,16384,16384,32,8,1,8,20,1.042000000e-06,1.631964880e-01,1.281493100e-02,1.686512550e-01,1.686512550e-01,-1.000000000e+00,-1.000000000e+00,101.866240,105.271072,-1.000000,-1.000000000e+00,-1.000000000e+00,-1.000000000e+00,row,0,-1.000000000e+00,-1.000000
scheme_a,double,global,global,16384,16384,3,8,2,4,1,2.874100000e-05,6.512647000e-02,4.351256000e-03,6.551414800e-02,6.551414800e-02,-1.000000000e+00,-1.000000000e+00,24.584197,24.730539,-1.000000,-1.000000000e+00,-1.000000000e+00,-1.000000000e+00,row,0,-1.000000000e+00,-1.000000
scheme_a,double,global,global,16384,16384,3,8,2,4,2,3.312500000e-05,6.156845500e-02,1.060331000e-03,6.182139900e-02,6.182139900e-02,-1.000000000e+00,-1.000000000e+00,26.052674,26.159707,-1.000000,-1.000000000e+00,-1.000000000e+00,-1.000000000e+00,row,0,-1.000000000e+00,-1.000000
scheme_a,double,global,global,16384,16384,3,8,2,4,3,3.375500000e-05,6.193152400e-02,8.482620000e-04,6.220102200e-02,6.220102200e-02,-1.000000000e+00,-1.000000000e+00,25.893670,26.006348,-1.000000,-1.000000000e+00,-1.000000000e+00,-1.000000000e+00,row,0,-1.000000000e+00,-1.000000
scheme_a,double,global,global,16384,16384,3,8,2,4,4,3.772500000e-05,6.160621500e-02,8.587470000e-04,6.180144900e-02,6.180144900e-02,-1.000000000e+00,-1.000000000e+00,26.061084,26.143673,-1.000000,-1.000000000e+00,-1.000000000e+00,-1.000000000e+00,row,0,-1.000000000e+00,-1.000000
scheme_a,double,global,global,16384,16384,3,8,2,4,5,3.073500000e-05,6.127187700e-02,1.286171000e-03,6.151698500e-02,6.151698500e-02,-1.000000000e+00,-1.000000000e+00,26.181594,26.286329,-1.000000,-1.000000000e+00,-1.000000000e+00,-1.000000000e+00,row,0,-1.000000000e+00,-1.000000
scheme_a,double,global,global,16384,16384,3,8,2,4,6,3.480200000e-05,6.217613800e-02,1.387366000e-03,6.229468600e-02,6.229468600e-02,-1.000000000e+00,-1.000000000e+00,25.854737,25.904033,-1.000000,-1.000000000e+00,-1.000000000e+00,-1.000000000e+00,row,0,-1.000000000e+00,-1.000000
scheme_a,double,global,global,16384,16384,3,8,2,4,7,2.844100000e-05,6.203227600e-02,1.374963000e-03,6.215154600e-02,6.215154600e-02,-1.000000000e+00,-1.000000000e+00,25.914283,25.964108,-1.000000,-1.000000000e+00,-1.000000000e+00,-1.000000000e+00,row,0,-1.000000000e+00,-1.000000
scheme_a,double,global,global,16384,16384,3,8,2,4,8,3.563900000e-05,6.101363400e-02,8.301780000e-04,6.118436900e-02,6.118436900e-02,-1.000000000e+00,-1.000000000e+00,26.323925,26.397587,-1.000000,-1.000000000e+00,-1.000000000e+00,-1.000000000e+00,row,0,-1.000000000e+00,-1.000000
scheme_a,double,global,global,16384,16384,3,8,2,4,9,3.839800000e-05,6.124275100e-02,8.970660000e-04,6.150599200e-02,6.150599200e-02,-1.000000000e+00,-1.000000000e+00,26.186274,26.298831,-1.000000,-1.000000000e+00,-1.000000000e+00,-1.000000000e+00,row,0,-1.000000000e+00,-1.000000
scheme_a,double,global,global,16384,16384,3,8,2,4,10,3.084100000e-05,6.164090700e-02,8.314230000e-04,6.177701900e-02,6.177701900e-02,-1.000000000e+00,-1.000000000e+00,26.071390,26.128959,-1.000000,-1.000000000e+00,-1.000000000e+00,-1.000000000e+00,row,0,-1.000000000e+00,-1.000000
scheme_a,double,global,global,16384,16384,3,8,2,4,11,3.778200000e-05,6.150367600e-02,7.481780000e-04,6.175727400e-02,6.175727400e-02,-1.000000000e+00,-1.000000000e+00,26.079725,26.187260,-1.000000,-1.000000000e+00,-1.000000000e+00,-1.000000000e+00,row,0,-1.000000000e+00,-1.000000
scheme_a,double,global,global,16384,16384,3,8,2,4,12,2.639400000e-05,6.123888500e-02,7.494430000e-04,6.153069200e-02,6.153069200e-02,-1.000000000e+00,-1.000000000e+00,26.175762,26.300491,-1.000000,-1.000000000e+00,-1.000000000e+00,-1.000000000e+00,row,0,-1.000000000e+00,-1.000000
scheme_a,double,global,global,16384,16384,3,8,2,4,13,3.107700000e-05,6.242775200e-02,1.378971000e-03,6.259572500e-02,6.259572500e-02,-1.000000000e+00,-1.000000000e+00,25.730395,25.799627,-1.000000,-1.000000000e+00,-1.000000000e+00,-1.000000000e+00,row,0,-1.000000000e+00,-1.000000
scheme_a,double,global,global,16384,16384,3,8,2,4,14,2.638700000e-05,6.163417600e-02,1.229710000e-03,6.189977900e-02,6.189977900e-02,-1.000000000e+00,-1.000000000e+00,26.019685,26.131813,-1.000000,-1.000000000e+00,-1.000000000e+00,-1.000000000e+00,row,0,-1.000000000e+00,-1.000000
scheme_a,double,global,global,16384,16384,3,8,2,4,15,3.012000000e-05,6.131117400e-02,8.130520000e-04,6.163319700e-02,6.163319700e-02,-1.000000000e+00,-1.000000000e+00,26.132228,26.269481,-1.000000,-1.000000000e+00,-1.000000000e+00,-1.000000000e+00,row,0,-1.000000000e+00,-1.000000
scheme_a,double,global,global,16384,16384,3,8,2,4,16,3.523500000e-05,6.416350400e-02,2.675037000e-03,6.442054600e-02,6.442054600e-02,-1.000000000e+00,-1.000000000e+00,25.001538,25.101695,-1.000000,-1.000000000e+00,-1.000000000e+00,-1.000000000e+00,row,0,-1.000000000e+00,-1.000000
scheme_a,double,global,global,16384,16384,3,8,2,4,17,3.294000000e-05,6.225733600e-02,1.174048000e-03,6.238927100e-02,6.238927100e-02,-1.000000000e+00,-1.000000000e+00,25.815540,25.870248,-1.000000,-1.000000000e+00,-1.000000000e+00,-1.000000000e+00,row,0,-1.000000000e+00,-1.000000
scheme_a,double,global,global,16384,16384,3,8,2,4,18,4.322100000e-05,6.165250500e-02,1.091365000e-03,6.180836900e-02,6.180836900e-02,-1.000000000e+00,-1.000000000e+00,26.058166,26.124044,-1.000000,-1.000000000e+00,-1.000000000e+00,-1.000000000e+00,row,0,-1.000000000e+00,-1.000000
scheme_a,double,global,global,16384,16384,3,8,2,4,19,3.689100000e-05,6.191838800e-02,9.842300000e-04,6.209765900e-02,6.209765900e-02,-1.000000000e+00,-1.000000000e+00,25.936771,26.011865,-1.000000,-1.000000000e+00,-1.000000000e+00,-1.000000000e+00,row,0,-1.000000000e+00,-1.000000
scheme_a,double,global,global,16384,16384,3,8,2,4,20,3.147800000e-05,6.191483100e-02,2.256680000e-03,6.218309000e-02,6.218309000e-02,-1.000000000e+00,-1.000000000e+00,25.901137,26.013359,-1.000000,-1.000000000e+00,-1.000000000e+00,-1.000000000e+00,row,0,-1.000000000e+00,-1.000000
scheme_a,double,global,global,16384,16384,6,8,2,4,1,4.908000000e-05,6.316296600e-02,9.362790000e-04,6.364064900e-02,6.364064900e-02,-1.000000000e+00,-1.000000000e+00,50.615849,50.998642,-1.000000,-1.000000000e+00,-1.000000000e+00,-1.000000000e+00,row,0,-1.000000000e+00,-1.000000
scheme_a,double,global,global,16384,16384,6,8,2,4,2,4.928300000e-05,6.354013200e-02,1.066918000e-03,6.398561400e-02,6.398561400e-02,-1.000000000e+00,-1.000000000e+00,50.342964,50.695920,-1.000000,-1.000000000e+00,-1.000000000e+00,-1.000000000e+00,row,0,-1.000000000e+00,-1.000000
scheme_a,double,global,global,16384,16384,6,8,2,4,3,4.458500000e-05,6.422357700e-02,2.440522000e-03,6.464945400e-02,6.464945400e-02,-1.000000000e+00,-1.000000000e+00,49.826027,50.156432,-1.000000,-1.000000000e+00,-1.000000000e+00,-1.000000000e+00,row,0,-1.000000000e+00,-1.000000
scheme_a,double,global,global,16384,16384,6,8,2,4,4,4.593200000e-05,6.421876800e-02,1.982838000e-03,6.464438200e-02,6.464438200e-02,-1.000000000e+00,-1.000000000e+00,49.829937,50.160188,-1.000000,-1.000000000e+00,-1.000000000e+00,-1.000000000e+00,row,0,-1.000000000e+00,-1.000000
scheme_a,double,global,global,16384,16384,6,8,2,4,5,3.471500000e-05,6.427148700e-02,1.769734000e-03,6.447509900e-02,6.447509900e-02,-1.000000000e+00,-1.000000000e+00,49.960768,50.119044,-1.000000,-1.000000000e+00,-1.000000000e+00,-1.000000000e+00,row,0,-1.000000000e+00,-1.000000
scheme_a,double,global,global,16384,16384,6,8,2,4,6,5.386200000e-05,6.399856200e-02,1.806927000e-03,6.421196500e-02,6.421196500e-02,-1.000000000e+00,-1.000000000e+00,50.165502,50.332779,-1.000000,-1.000000000e+00,-1.000000000e+00,-1.000000000e+00,row,0,-1.000000000e+00,-1.000000
scheme_a,double,global,global,16384,16384,6,8,2,4,7,4.571500000e-05,6.404910800e-02,1.357146000e-03,6.449127700e-02,6.449127700e-02,-1.000000000e+00,-1.000000000e+00,49.948235,50.293058,-1.000000,-1.000000000e+00,-1.000000000e+00,-1.000000000e+00,row,0,-1.000000000e+00,-1.000000
scheme_a,double,global,global,16384,16384,6,8,2,4,8,3.589200000e-05,6.300472300e-02,9.110550000e-04,6.321512800e-02,6.321512800e-02,-1.000000000e+00,-1.000000000e+00,50.956560,51.126730,-1.000000,-1.000000000e+00,-1.000000000e+00,-1.000000000e+00,row,0,-1.000000000e+00,-1.000000
scheme_a,double,global,global,16384,16384,6,8,2,4,9,4.615700000e-05,6.315006300e-02,1.350264000e-03,6.357799700e-02,6.357799700e-02,-1.000000000e+00,-1.000000000e+00,50.665728,51.009062,-1.000000,-1.000000000e+00,-1.000000000e+00,-1.000000000e+00,row,0,-1.000000000e+00,-1.000000
scheme_a,double,global,global,16384,16384,6,8,2,4,10,5.055400000e-05,6.297830300e-02,1.999375000e-03,6.328929300e-02,6.328929300e-02,-1.000000000e+00,-1.000000000e+00,50.896847,51.148178,-1.000000,-1.000000000e+00,-1.000000000e+00,-1.000000000e+00,row,0,-1.000000000e+00,-1.000000
scheme_a,double,global,global,16384,16384,6,8,2,4,11,4.631300000e-05,6.316537100e-02,1.250396000e-03,6.348776200e-02,6.348776200e-02,-1.000000000e+00,-1.000000000e+00,50.737739,50.996700,-1.000000,-1.000000000e+00,-1.000000000e+00,-1.000000000e+00,row,0,-1.000000000e+00,-1.000000
scheme_a,double,global,global,16384,16384,6,8,2,4,12,4.521800000e-05,6.261929000e-02,1.573276000e-03,6.294489700e-02,6.294489700e-02,-1.000000000e+00,-1.000000000e+00,51.175324,51.441424,-1.000000,-1.000000000e+00,-1.000000000e+00,-1.000000000e+00,row,0,-1.000000000e+00,-1.000000
scheme_a,double,global,global,16384,16384,6,8,2,4,13,4.577700000e-05,6.614844300e-02,4.703335000e-03,6.652009200e-02,6.652009200e-02,-1.000000000e+00,-1.000000000e+00,48.424850,48.696921,-1.000000,-1.000000000e+00,-1.000000000e+00,-1.000000000e+00,row,0,-1.000000000e+00,-1.000000
scheme_a,double,global,global,16384,16384,6,8,2,4,14,4.327800000e-05,6.305498200e-02,1.104424000e-03,6.349368600e-02,6.349368600e-02,-1.000000000e+00,-1.000000000e+00,50.733005,51.085979,-1.000000,-1.000000000e+00,-1.000000000e+00,-1.000000000e+00,row,0,-1.000000000e+00,-1.000000
scheme_a,double,global,global,16384,16384,6,8,2,4,15,5.076800000e-05,6.358094500e-02,8.188060000e-04,6.382748200e-02,6.382748200e-02,-1.000000000e+00,-1.000000000e+00,50.467688,50.663378,-1.000000,-1.000000000e+00,-1.000000000e+00,-1.000000000e+00,row,0,-1.000000000e+00,-1.000000
scheme_a,double,global,global,16384,16384,6,8,2,4,16,5.634300000e-05,6.308779800e-02,1.353878000e-03,6.329577100e-02,6.329577100e-02,-1.000000000e+00,-1.000000000e+00,50.891638,51.059406,-1.000000,-1.000000000e+00,-1.000000000e+00,-1.000000000e+00,row,0,-1.000000000e+00,-1.000000
scheme_a,double,global,global,16384,16384,6,8,2,4,17,3.486800000e-05,6.387990500e-02,1.562551000e-03,6.437034000e-02,6.437034000e-02,-1.000000000e+00,-1.000000000e+00,50.042076,50.426272,-1.000000,-1.000000000e+00,-1.000000000e+00,-1.000000000e+00,row,0,-1.000000000e+00,-1.000000
scheme_a,double,global,global,16384,16384,6,8,2,4,18,4.945700000e-05,6.248860000e-02,9.822640000e-04,6.289840800e-02,6.289840800e-02,-1.000000000e+00,-1.000000000e+00,51.213148,51.549010,-1.000000,-1.000000000e+00,-1.000000000e+00,-1.000000000e+00,row,0,-1.000000000e+00,-1.000000
scheme_a,double,global,global,16384,16384,6,8,2,4,19,4.483300000e-05,6.320659100e-02,1.685982000e-03,6.365669800e-02,6.365669800e-02,-1.000000000e+00,-1.000000000e+00,50.603088,50.963443,-1.000000,-1.000000000e+00,-1.000000000e+00,-1.000000000e+00,row,0,-1.000000000e+00,-1.000000
scheme_a,double,global,global,16384,16384,6,8,2,4,20,4.949600000e-05,6.336214700e-02,2.095581000e-03,6.388813700e-02,6.388813700e-02,-1.000000000e+00,-1.000000000e+00,50.419775,50.838326,-1.000000,-1.000000000e+00,-1.000000000e+00,-1.000000000e+00,row,0,-1.000000000e+00,-1.000000
scheme_a,double,global,global,16384,16384,8,8,2,4,1,7.162600000e-05,6.175648200e-02,1.001913000e-03,6.248860200e-02,6.248860200e-02,-1.000000000e+00,-1.000000000e+00,68.732011,69.546826,-1.000000,-1.000000000e+00,-1.000000000e+00,-1.000000000e+00,row,0,-1.000000000e+00,-1.000000
scheme_a,double,global,global,16384,16384,8,8,2,4,2,6.730900000e-05,6.382175800e-02,7.370120000e-04,6.437304500e-02,6.437304500e-02,-1.000000000e+00,-1.000000000e+00,66.719965,67.296286,-1.000000,-1.000000000e+00,-1.000000000e+00,-1.000000000e+00,row,0,-1.000000000e+00,-1.000000
scheme_a,double,global,global,16384,16384,8,8,2,4,3,7.050900000e-05,6.244331100e-02,1.247341000e-03,6.289300700e-02,6.289300700e-02,-1.000000000e+00,-1.000000000e+00,68.290061,68.781864,-1.000000,-1.000000000e+00,-1.000000000e+00,-1.000000000e+00,row,0,-1.000000000e+00,-1.000000
scheme_a,double,global,global,16384,16384,8,8,2,4,4,7.543000000e-05,6.301261400e-02,1.916500000e-03,6.352545300e-02,6.352545300e-02,-1.000000000e+00,-1.000000000e+00,67.610180,68.160437,-1.000000,-1.000000000e+00,-1.000000000e+00,-1.000000000e+00,row,0,-1.000000000e+00,-1.000000
scheme_a,double,global,global,16384,16384,8,8,2,4,5,7.035200000e-05,6.438960100e-02,3.012573000e-03,6.493911000e-02,6.493911000e-02,-1.000000000e+00,-1.000000000e+00,66.138376,66.702810,-1.000000,-1.000000000e+00,-1.000000000e+00,-1.000000000e+00,row,0,-1.000000000e+00,-1.000000
scheme_a,double,global,global,16384,16384,8,8,2,4,6,5.304800000e-05,6.381863300e-02,1.478636000e-03,6.412627100e-02,6.412627100e-02,-1.000000000e+00,-1.000000000e+00,66.976720,67.299582,-1.000000,-1.000000000e+00,-1.000000000e+00,-1.000000000e+00,row,0,-1.000000000e+00,-1.000000
scheme_a,double,global,global,16384,16384,8,8,2,4,7,4.929800000e-05,6.263065100e-02,1.254669000e-03,6.305692500e-02,6.305692500e-02,-1.000000000e+00,-1.000000000e+00,68.112540,68.576124,-1.000000,-1.000000000e+00,-1.000000000e+00,-1.000000000e+00,row,0,-1.000000000e+00,-1.000000
scheme_a,double,global,global,16384,16384,8,8,2,4,8,7.163200000e-05,6.356176100e-02,1.149253000e-03,6.409440500e-02,6.409440500e-02,-1.000000000e+00,-1.000000000e+00,67.010019,67.571559,-1.000000,-1.000000000e+00,-1.000000000e+00,-1.000000000e+00,row,0,-1.000000000e+00,-1.000000
scheme_a,double,global,global,16384,16384,8,8,2,4,9,7.278400000e-05,6.231812400e-02,1.214118000e-03,6.276474300e-02,6.276474300e-02,-1.000000000e+00,-1.000000000e+00,68.429617,68.920035,-1.000000,-1.000000000e+00,-1.000000000e+00,-1.000000000e+00,row,0,-1.000000000e+00,-1.000000
scheme_a,double,global,global,16384,16384,8,8,2,4,10,6.981400000e-05,6.376267400e-02,1.148731000e-03,6.430584400e-02,6.430584400e-02,-1.000000000e+00,-1.000000000e+00,66.789689,67.358645,-1.000000,-1.000000000e+00,-1.000000000e+00,-1.000000000e+00,row,0,-1.000000000e+00,-1.000000
scheme_a,double,global,global,16384,16384,8,8,2,4,11,7.116500000e-05,6.235652700e-02,1.346096000e-03,6.308274600e-02,6.308274600e-02,-1.000000000e+00,-1.000000000e+00,68.084660,68.877590,-1.000000,-1.000000000e+00,-1.000000000e+00,-1.000000000e+00,row,0,-1.000000000e+00,-1.000000
scheme_a,double,global,global,16384,16384,8,8,2,4,12,7.007300000e-05,6.201729000e-02,1.301381000e-03,6.281787200e-02,6.281787200e-02,-1.000000000e+00,-1.000000000e+00,68.371741,69.254353,-1.000000,-1.000000000e+00,-1.000000000e+00,-1.000000000e+00,row,0,-1.000000000e+00,-1.000000
scheme_a,double,global,global,16384,16384,8,8,2,4,13,6.582300000e-05,6.218362800e-02,9.650970000e-04,6.290235900e-02,6.290235900e-02,-1.000000000e+00,-1.000000000e+00,68.279908,69.069101,-1.000000,-1.000000000e+00,-1.000000000e+00,-1.000000000e+00,row,0,-1.000000000e+00,-1.000000
scheme_a,double,global,global,16384,16384,8,8,2,4,14,6.917500000e-05,6.229391600e-02,1.062491000e-03,6.271422000e-02,6.271422000e-02,-1.000000000e+00,-1.000000000e+00,68.484744,68.946818,-1.000000,-1.000000000e+00,-1.000000000e+00,-1.000000000e+00,row,0,-1.000000000e+00,-1.000000
scheme_a,double,global,global,16384,16384,8,8,2,4,15,6.704300000e-05,6.248016600e-02,7.923160000e-04,6.317584600e-02,6.317584600e-02,-1.000000000e+00,-1.000000000e+00,67.984326,68.741291,-1.000000,-1.000000000e+00,-1.000000000e+00,-1.000000000e+00,row,0,-1.000000000e+00,-1.000000
scheme_a,double,global,global,16384,16384,8,8,2,4,16,6.520100000e-05,6.332744900e-02,2.452189000e-03,6.393238000e-02,6.393238000e-02,-1.000000000e+00,-1.000000000e+00,67.179844,67.821574,-1.000000,-1.000000000e+00,-1.000000000e+00,-1.000000000e+00,row,0,-1.000000000e+00,-1.000000
scheme_a,double,global,global,16384,16384,8,8,2,4,17,5.658300000e-05,6.245423800e-02,9.110130000e-04,6.273727000e-02,6.273727000e-02,-1.000000000e+00,-1.000000000e+00,68.459582,68.769829,-1.000000,-1.000000000e+00,-1.000000000e+00,-1.000000000e+00,row,0,-1.000000000e+00,-1.000000
scheme_a,double,global,global,16384,16384,8,8,2,4,18,6.938800000e-05,6.227371600e-02,8.615720000e-04,6.268274800e-02,6.268274800e-02,-1.000000000e+00,-1.000000000e+00,68.519129,68.969183,-1.000000,-1.000000000e+00,-1.000000000e+00,-1.000000000e+00,row,0,-1.000000000e+00,-1.000000
scheme_a,double,global,global,16384,16384,8,8,2,4,19,6.771500000e-05,6.203120700e-02,1.268372000e-03,6.268531100e-02,6.268531100e-02,-1.000000000e+00,-1.000000000e+00,68.516327,69.238815,-1.000000,-1.000000000e+00,-1.000000000e+00,-1.000000000e+00,row,0,-1.000000000e+00,-1.000000
scheme_a,double,global,global,16384,16384,8,8,2,4,20,7.014700000e-05,6.295410900e-02,1.434430000e-03,6.369156400e-02,6.369156400e-02,-1.000000000e+00,-1.000000000e+00,67.433849,68.223780,-1.000000,-1.000000000e+00,-1.000000000e+00,-1.000000000e+00,row,0,-1.000000000e+00,-1.000000
scheme_a,double,global,global,16384,16384,20,8,2,4,1,1.189040000e-04,9.404666000e-02,1.394665000e-02,9.553769400e-02,9.553769400e-02,-1.000000000e+00,-1.000000000e+00,112.389339,114.171181,-1.000000,-1.000000000e+00,-1.000000000e+00,-1.000000000e+00,row,0,-1.000000000e+00,-1.000000
scheme_a,double,global,global,16384,16384,20,8,2,4,2,1.259260000e-04,9.626644000e-02,1.485007400e-02,9.810864500e-02,9.810864500e-02,-1.000000000e+00,-1.000000000e+00,109.444160,111.538541,-1.000000,-1.000000000e+00,-1.000000000e+00,-1.000000000e+00,row,0,-1.000000000e+00,-1.000000
scheme_a,double,global,global,16384,16384,20,8,2,4,3,1.446330000e-04,9.632337500e-02,1.362858500e-02,9.790545600e-02,9.790545600e-02,-1.000000000e+00,-1.000000000e+00,109.671296,111.472612,-1.000000,-1.000000000e+00,-1.000000000e+00,-1.000000000e+00,row,0,-1.000000000e+00,-1.000000
scheme_a,double,global,global,16384,16384,20,8,2,4,4,1.227610000e-04,9.619318200e-02,1.312333600e-02,9.770762500e-02,9.770762500e-02,-1.000000000e+00,-1.000000000e+00,109.893350,111.623485,-1.000000,-1.000000000e+00,-1.000000000e+00,-1.000000000e+00,row,0,-1.000000000e+00,-1.000000
scheme_a,double,global,global,16384,16384,20,8,2,4,5,1.207470000e-04,9.619962700e-02,1.314808000e-02,9.773916000e-02,9.773916000e-02,-1.000000000e+00,-1.000000000e+00,109.857894,111.616007,-1.000000,-1.000000000e+00,-1.000000000e+00,-1.000000000e+00,row,0,-1.000000000e+00,-1.000000
scheme_a,double,global,global,16384,16384,20,8,2,4,6,1.199030000e-04,9.641146900e-02,1.278430500e-02,9.791555100e-02,9.791555100e-02,-1.000000000e+00,-1.000000000e+00,109.659989,111.370757,-1.000000,-1.000000000e+00,-1.000000000e+00,-1.000000000e+00,row,0,-1.000000000e+00,-1.000000
scheme_a,double,global,global,16384,16384,20,8,2,4,7,1.216970000e-04,9.233966900e-02,1.279083400e-02,9.385456600e-02,9.385456600e-02,-1.000000000e+00,-1.000000000e+00,114.404857,116.281749,-1.000000,-1.000000000e+00,-1.000000000e+00,-1.000000000e+00,row,0,-1.000000000e+00,-1.000000
scheme_a,double,global,global,16384,16384,20,8,2,4,8,1.174070000e-04,9.219285100e-02,1.283010500e-02,9.373787500e-02,9.373787500e-02,-1.000000000e+00,-1.000000000e+00,114.547276,116.466929,-1.000000,-1.000000000e+00,-1.000000000e+00,-1.000000000e+00,row,0,-1.000000000e+00,-1.000000
scheme_a,double,global,global,16384,16384,20,8,2,4,9,1.205180000e-04,9.237800700e-02,1.293051100e-02,9.426014900e-02,9.426014900e-02,-1.000000000e+00,-1.000000000e+00,113.912596,116.233491,-1.000000,-1.000000000e+00,-1.000000000e+00,-1.000000000e+00,row,0,-1.000000000e+00,-1.000000
scheme_a,double,global,global,16384,16384,20,8,2,4,10,1.226240000e-04,9.096243500e-02,1.441662100e-02,9.395985700e-02,9.395985700e-02,-1.000000000e+00,-1.000000000e+00,114.276656,118.042335,-1.000000,-1.000000000e+00,-1.000000000e+00,-1.000000000e+00,row,0,-1.000000000e+00,-1.000000
scheme_a,double,global,global,16384,16384,20,8,2,4,11,1.236870000e-04,9.178224600e-02,1.341532900e-02,9.338982000e-02,9.338982000e-02,-1.000000000e+00,-1.000000000e+00,114.974183,116.987966,-1.000000,-1.000000000e+00,-1.000000000e+00,-1.000000000e+00,row,0,-1.000000000e+00,-1.000000
scheme_a,double,global,global,16384,16384,20,8,2,4,12,1.363880000e-04,9.271783300e-02,1.343636200e-02,9.427704200e-02,9.427704200e-02,-1.000000000e+00,-1.000000000e+00,113.892184,115.807476,-1.000000,-1.000000000e+00,-1.000000000e+00,-1.000000000e+00,row,0,-1.000000000e+00,-1.000000
scheme_a,double,global,global,16384,16384,20,8,2,4,13,1.338480000e-04,9.239999900e-02,1.333194500e-02,9.395620100e-02,9.395620100e-02,-1.000000000e+00,-1.000000000e+00,114.281103,116.205826,-1.000000,-1.000000000e+00,-1.000000000e+00,-1.000000000e+00,row,0,-1.000000000e+00,-1.000000
scheme_a,double,global,global,16384,16384,20,8,2,4,14,1.206530000e-04,9.164679700e-02,1.461183500e-02,9.473897300e-02,9.473897300e-02,-1.000000000e+00,-1.000000000e+00,113.336865,117.160867,-1.000000,-1.000000000e+00,-1.000000000e+00,-1.000000000e+00,row,0,-1.000000000e+00,-1.000000
scheme_a,double,global,global,16384,16384,20,8,2,4,15,1.218210000e-04,9.136336700e-02,1.332811700e-02,9.290759000e-02,9.290759000e-02,-1.000000000e+00,-1.000000000e+00,115.570948,117.524327,-1.000000,-1.000000000e+00,-1.000000000e+00,-1.000000000e+00,row,0,-1.000000000e+00,-1.000000
scheme_a,double,global,global,16384,16384,20,8,2,4,16,1.198420000e-04,9.093409200e-02,1.319568800e-02,9.265259800e-02,9.265259800e-02,-1.000000000e+00,-1.000000000e+00,115.889014,118.079127,-1.000000,-1.000000000e+00,-1.000000000e+00,-1.000000000e+00,row,0,-1.000000000e+00,-1.000000
scheme_a,double,global,global,16384,16384,20,8,2,4,17,1.315620000e-04,9.089506900e-02,1.272951900e-02,9.235912600e-02,9.235912600e-02,-1.000000000e+00,-1.000000000e+00,116.257253,118.129821,-1.000000,-1.000000000e+00,-1.000000000e+00,-1.000000000e+00,row,0,-1.000000000e+00,-1.000000
scheme_a,double,global,global,16384,16384,20,8,2,4,18,1.181750000e-04,9.287909600e-02,1.303858600e-02,9.434327200e-02,9.434327200e-02,-1.000000000e+00,-1.000000000e+00,113.812231,115.606403,-1.000000,-1.000000000e+00,-1.000000000e+00,-1.000000000e+00,row,0,-1.000000000e+00,-1.000000
scheme_a,double,global,global,16384,16384,20,8,2,4,19,1.204740000e-04,9.100609500e-02,1.283613800e-02,9.250179900e-02,9.250179900e-02,-1.000000000e+00,-1.000000000e+00,116.077940,117.985705,-1.000000,-1.000000000e+00,-1.000000000e+00,-1.000000000e+00,row,0,-1.000000000e+00,-1.000000
scheme_a,double,global,global,16384,16384,20,8,2,4,20,1.146850000e-04,9.339963900e-02,1.340901200e-02,9.512720900e-02,9.512720900e-02,-1.000000000e+00,-1.000000000e+00,112.874312,114.962096,-1.000000,-1.000000000e+00,-1.000000000e+00,-1.000000000e+00,row,0,-1.000000000e+00,-1.000000
scheme_a,double,global,global,16384,16384,32,8,2,4,1,3.328270000e-04,2.720922280e-01,2.232509800e-02,2.745020840e-01,2.745020840e-01,-1.000000000e+00,-1.000000000e+00,62.585569,63.139875,-1.000000,-1.000000000e+00,-1.000000000e+00,-1.000000000e+00,row,0,-1.000000000e+00,-1.000000
scheme_a,double,global,global,16384,16384,32,8,2,4,2,3.345790000e-04,2.770850280e-01,2.332376700e-02,2.800053770e-01,2.800053770e-01,-1.000000000e+00,-1.000000000e+00,61.355497,62.002156,-1.000000,-1.000000000e+00,-1.000000000e+00,-1.000000000e+00,row,0,-1.000000000e+00,-1.000000
scheme_a,double,global,global,16384,16384,32,8,2,4,3,3.524060000e-04,2.705170380e-01,2.173542700e-02,2.728762510e-01,2.728762510e-01,-1.000000000e+00,-1.000000000e+00,62.958462,63.507531,-1.000000,-1.000000000e+00,-1.000000000e+00,-1.000000000e+00,row,0,-1.000000000e+00,-1.000000
scheme_a,double,global,global,16384,16384,32,8,2,4,4,3.332190000e-04,2.742073070e-01,2.348778000e-02,2.765627580e-01,2.765627580e-01,-1.000000000e+00,-1.000000000e+00,62.119243,62.652850,-1.000000,-1.000000000e+00,-1.000000000e+00,-1.000000000e+00,row,0,-1.000000000e+00,-1.000000
scheme_a,double,global,global,16384,16384,32,8,2,4,5,3.359430000e-04,2.715474480e-01,2.205352900e-02,2.739063010e-01,2.739063010e-01,-1.000000000e+00,-1.000000000e+00,62.721701,63.266546,-1.000000,-1.000000000e+00,-1.000000000e+00,-1.000000000e+00,row,0,-1.000000000e+00,-1.000000
scheme_a,double,global,global,16384,16384,32,8,2,4,6,3.429540000e-04,2.683213490e-01,2.157377400e-02,2.707081970e-01,2.707081970e-01,-1.000000000e+00,-1.000000000e+00,63.462686,64.027217,-1.000000,-1.000000000e+00,-1.000000000e+00,-1.000000000e+00,row,0,-1.000000000e+00,-1.000000
scheme_a,double,global,global,16384,16384,32,8,2,4,7,3.476690000e-04,2.665636630e-01,2.128737200e-02,2.693479430e-01,2.693479430e-01,-1.000000000e+00,-1.000000000e+00,63.783183,64.449404,-1.000000,-1.000000000e+00,-1.000000000e+00,-1.000000000e+00,row,0,-1.000000000e+00,-1.000000
scheme_a,double,global,global,16384,16384,32,8,2,4,8,3.445220000e-04,2.697928880e-01,2.282182200e-02,2.722101440e-01,2.722101440e-01,-1.000000000e+00,-1.000000000e+00,63.112524,63.677991,-1.000000,-1.000000000e+00,-1.000000000e+00,-1.000000000e+00,row,0,-1.000000000e+00,-1.000000
scheme_a,double,global,global,16384,16384,32,8,2,4,9,3.316100000e-04,2.693208430e-01,2.170174400e-02,2.716683190e-01,2.716683190e-01,-1.000000000e+00,-1.000000000e+00,63.238398,63.789601,-1.000000,-1.000000000e+00,-1.000000000e+00,-1.000000000e+00,row,0,-1.000000000e+00,-1.000000
scheme_a,double,global,global,16384,16384,32,8,2,4,10,3.305170000e-04,2.679316870e-01,2.080669900e-02,2.702816970e-01,2.702816970e-01,-1.000000000e+00,-1.000000000e+00,63.562829,64.120334,-1.000000,-1.000000000e+00,-1.000000000e+00,-1.000000000e+00,row,0,-1.000000000e+00,-1.000000
scheme_a,double,global,global,16384,16384,32,8,2,4,11,3.393640000e-04,2.659942040e-01,2.087944900e-02,2.684256080e-01,2.684256080e-01,-1.000000000e+00,-1.000000000e+00,64.002348,64.587382,-1.000000,-1.000000000e+00,-1.000000000e+00,-1.000000000e+00,row,0,-1.000000000e+00,-1.000000
scheme_a,double,global,global,16384,16384,32,8,2,4,12,3.442420000e-04,2.691407280e-01,2.058271000e-02,2.715235950e-01,2.715235950e-01,-1.000000000e+00,-1.000000000e+00,63.272104,63.832291,-1.000000,-1.000000000e+00,-1.000000000e+00,-1.000000000e+00,row,0,-1.000000000e+00,-1.000000
scheme_a,double,global,global,16384,16384,32,8,2,4,13,3.519050000e-04,2.676860650e-01,2.180199000e-02,2.705302830e-01,2.705302830e-01,-1.000000000e+00,-1.000000000e+00,63.504422,64.179169,-1.000000,-1.000000000e+00,-1.000000000e+00,-1.000000000e+00,row,0,-1.000000000e+00,-1.000000
scheme_a,double,global,global,16384,16384,32,8,2,4,14,3.361500000e-04,2.690558810e-01,2.127375800e-02,2.714586440e-01,2.714586440e-01,-1.000000000e+00,-1.000000000e+00,63.287243,63.852420,-1.000000,-1.000000000e+00,-1.000000000e+00,-1.000000000e+00,row,0,-1.000000000e+00,-1.000000
scheme_a,double,global,global,16384,16384,32,8,2,4,15,3.354120000e-04,2.665079130e-01,2.112593600e-02,2.688679450e-01,2.688679450e-01,-1.000000000e+00,-1.000000000e+00,63.897052,64.462886,-1.000000,-1.000000000e+00,-1.000000000e+00,-1.000000000e+00,row,0,-1.000000000e+00,-1.000000
scheme_a,double,global,global,16384,16384,32,8,2,4,16,3.351030000e-04,2.710893810e-01,2.102249200e-02,2.734300970e-01,2.734300970e-01,-1.000000000e+00,-1.000000000e+00,62.830937,63.373449,-1.000000,-1.000000000e+00,-1.000000000e+00,-1.000000000e+00,row,0,-1.000000000e+00,-1.000000
scheme_a,double,global,global,16384,16384,32,8,2,4,17,3.329520000e-04,2.682938040e-01,2.182333300e-02,2.706411510e-01,2.706411510e-01,-1.000000000e+00,-1.000000000e+00,63.478407,64.033790,-1.000000,-1.000000000e+00,-1.000000000e+00,-1.000000000e+00,row,0,-1.000000000e+00,-1.000000
scheme_a,double,global,global,16384,16384,32,8,2,4,18,3.483270000e-04,2.708332700e-01,2.128494200e-02,2.733447420e-01,2.733447420e-01,-1.000000000e+00,-1.000000000e+00,62.850557,63.433378,-1.000000,-1.000000000e+00,-1.000000000e+00,-1.000000000e+00,row,0,-1.000000000e+00,-1.000000
scheme_a,double,global,global,16384,16384,32,8,2,4,19,3.379300000e-04,2.699231520e-01,2.281534400e-02,2.727964940e-01,2.727964940e-01,-1.000000000e+00,-1.000000000e+00,62.976869,63.647261,-1.000000,-1.000000000e+00,-1.000000000e+00,-1.000000000e+00,row,0,-1.000000000e+00,-1.000000
scheme_a,double,global,global,16384,16384,32,8,2,4,20,3.292470000e-04,2.689490260e-01,2.114822500e-02,2.716166230e-01,2.716166230e-01,-1.000000000e+00,-1.000000000e+00,63.250434,63.877789,-1.000000,-1.000000000e+00,-1.000000000e+00,-1.000000000e+00,row,0,-1.000000000e+00,-1.000000
scheme_a,double,global,global,16384,16384,3,8,4,2,1,7.312700000e-05,6.254774500e-02,1.296517000e-03,6.264589900e-02,6.264589900e-02,-1.000000000e+00,-1.000000000e+00,25.709787,25.750133,-1.000000,-1.000000000e+00,-1.000000000e+00,-1.000000000e+00,row,0,-1.000000000e+00,-1.000000
scheme_a,double,global,global,16384,16384,3,8,4,2,2,7.772400000e-05,6.198462700e-02,1.070647000e-03,6.210060500e-02,6.210060500e-02,-1.000000000e+00,-1.000000000e+00,25.935540,25.984068,-1.000000,-1.000000000e+00,-1.000000000e+00,-1.000000000e+00,row,0,-1.000000000e+00,-1.000000
scheme_a,double,global,global,16384,16384,3,8,4,2,3,6.766100000e-05,6.395816900e-02,9.204150000e-04,6.409282900e-02,6.409282900e-02,-1.000000000e+00,-1.000000000e+00,25.129375,25.182283,-1.000000,-1.000000000e+00,-1.000000000e+00,-1.000000000e+00,row,0,-1.000000000e+00,-1.000000
scheme_a,double,global,global,16384,16384,3,8,4,2,4,8.686900000e-05,6.236733900e-02,8.250030000e-04,6.249162300e-02,6.249162300e-02,-1.000000000e+00,-1.000000000e+00,25.773258,25.824618,-1.000000,-1.000000000e+00,-1.000000000e+00,-1.000000000e+00,row,0,-1.000000000e+00,-1.000000
scheme_a,double,global,global,16384,16384,3,8,4,2,5,8.142900000e-05,6.765166200e-02,1.459093000e-03,6.776469400e-02,6.776469400e-02,-1.000000000e+00,-1.000000000e+00,23.767727,23.807438,-1.000000,-1.000000000e+00,-1.000000000e+00,-1.000000000e+00,row,0,-1.000000000e+00,-1.000000
scheme_a,double,global,global,16384,16384,3,8,4,2,6,9.178000000e-05,6.310130300e-02,1.533397000e-03,6.322910200e-02,6.322910200e-02,-1.000000000e+00,-1.000000000e+00,25.472649,25.524239,-1.000000,-1.000000000e+00,-1.000000000e+00,-1.000000000e+00,row,0,-1.000000000e+00,-1.000000
scheme_a,double,global,global,16384,16384,3,8,4,2,7,7.746500000e-05,6.161136900e-02,1.222382000e-03,6.172200100e-02,6.172200100e-02,-1.000000000e+00,-1.000000000e+00,26.094629,26.141486,-1.000000,-1.000000000e+00,-1.000000000e+00,-1.000000000e+00,row,0,-1.000000000e+00,-1.000000
scheme_a,double,global,global,16384,16384,3,8,4,2,8,7.721000000e-05,6.177286900e-02,1.377688000e-03,6.188873600e-02,6.188873600e-02,-1.000000000e+00,-1.000000000e+00,26.024328,26.073141,-1.000000,-1.000000000e+00,-1.000000000e+00,-1.000000000e+00,row,0,-1.000000000e+00,-1.000000
scheme_a,double,global,global,16384,16384,3,8,4,2,9,8.454000000e-05,6.354168400e-02,1.292268000e-03,6.366222600e-02,6.366222600e-02,-1.000000000e+00,-1.000000000e+00,25.299347,25.347341,-1.000000,-1.000000000e+00,-1.000000000e+00,-1.000000000e+00,row,0,-1.000000000e+00,-1.000000
scheme_a,double,global,global,16384,16384,3,8,4,2,10,9.938300000e-05,6.195457300e-02,1.829274000e-03,6.207625700e-02,6.207625700e-02,-1.000000000e+00,-1.000000000e+00,25.945713,25.996672,-1.000000,-1.000000000e+00,-1.000000000e+00,-1.000000000e+00,row,0,-1.000000000e+00,-1.000000
scheme_a,double,global,global,16384,16384,3,8,4,2,11,7.122900000e-05,6.397518500e-02,1.731725000e-03,6.409300000e-02,6.409300000e-02,-1.000000000e+00,-1.000000000e+00,25.129308,25.175585,-1.000000,-1.000000000e+00,-1.000000000e+00,-1.000000000e+00,row,0,-1.000000000e+00,-1.000000
scheme_a,double,global,global,16384,16384,3,8,4,2,12,8.465900000e-05,6.223702200e-02,6.742170000e-04,6.236015700e-02,6.236015700e-02,-1.000000000e+00,-1.000000000e+00,25.827593,25.878692,-1.000000,-1.000000000e+00,-1.000000000e+00,-1.000000000e+00,row,0,-1.000000000e+00,-1.000000
scheme_a,double,global,global,16384,16384,3,8,4,2,13,8.736800000e-05,6.332470900e-02,7.208890000e-04,6.345140000e-02,6.345140000e-02,-1.000000000e+00,-1.000000000e+00,25.383407,25.434191,-1.000000,-1.000000000e+00,-1.000000000e+00,-1.000000000e+00,row,0,-1.000000000e+00,-1.000000
scheme_a,double,global,global,16384,16384,3,8,4,2,14,9.158300000e-05,6.204231400e-02,6.798960000e-04,6.216309700e-02,6.216309700e-02,-1.000000000e+00,-1.000000000e+00,25.909467,25.959908,-1.000000,-1.000000000e+00,-1.000000000e+00,-1.000000000e+00,row,0,-1.000000000e+00,-1.000000
scheme_a,double,global,global,16384,16384,3,8,4,2,15,7.780600000e-05,6.191777300e-02,3.317370000e-04,6.202730900e-02,6.202730900e-02,-1.000000000e+00,-1.000000000e+00,25.966188,26.012123,-1.000000,-1.000000000e+00,-1.000000000e+00,-1.000000000e+00,row,0,-1.000000000e+00,-1.000000
scheme_a,double,global,global,16384,16384,3,8,4,2,16,8.223300000e-05,6.271065100e-02,1.553785000e-03,6.283663100e-02,6.283663100e-02,-1.000000000e+00,-1.000000000e+00,25.631749,25.683241,-1.000000,-1.000000000e+00,-1.000000000e+00,-1.000000000e+00,row,0,-1.000000000e+00,-1.000000
scheme_a,double,global,global,16384,16384,3,8,4,2,17,7.026400000e-05,6.167781100e-02,7.271540000e-04,6.178757600e-02,6.178757600e-02,-1.000000000e+00,-1.000000000e+00,26.066935,26.113325,-1.000000,-1.000000000e+00,-1.000000000e+00,-1.000000000e+00,row,0,-1.000000000e+00,-1.000000
scheme_a,double,global,global,16384,16384,3,8,4,2,18,6.662600000e-05,6.200720000e-02,1.248967000e-03,6.210521500e-02,6.210521500e-02,-1.000000000e+00,-1.000000000e+00,25.933615,25.974608,-1.000000,-1.000000000e+00,-1.000000000e+00,-1.000000000e+00,row,0,-1.000000000e+00,-1.000000
scheme_a,double,global,global,16384,16384,3,8,4,2,19,6.794700000e-05,6.364428300e-02,1.527602000e-03,6.381074100e-02,6.381074100e-02,-1.000000000e+00,-1.000000000e+00,25.240464,25.306479,-1.000000,-1.000000000e+00,-1.000000000e+00,-1.000000000e+00,row,0,-1.000000000e+00,-1.000000
scheme_a,double,global,global,16384,16384,3,8,4,2,20,7.773300000e-05,6.234841700e-02,1.757457000e-03,6.246359500e-02,6.246359500e-02,-1.000000000e+00,-1.000000000e+00,25.784823,25.832456,-1.000000,-1.000000000e+00,-1.000000000e+00,-1.000000000e+00,row,0,-1.000000000e+00,-1.000000
scheme_a,double,global,global,16384,16384,6,8,4,2,1,1.400140000e-04,6.395837800e-02,1.700507000e-03,6.418644700e-02,6.418644700e-02,-1.000000000e+00,-1.000000000e+00,50.185446,50.364402,-1.000000,-1.000000000e+00,-1.000000000e+00,-1.000000000e+00,row,0,-1.000000000e+00,-1.000000
scheme_a,double,global,global,16384,16384,6,8,4,2,2,1.507250000e-04,6.174835100e-02,9.116690000e-04,6.196466100e-02,6.196466100e-02,-1.000000000e+00,-1.000000000e+00,51.984880,52.166988,-1.000000,-1.000000000e+00,-1.000000000e+00,-1.000000000e+00,row,0,-1.000000000e+00,-1.000000
scheme_a,double,global,global,16384,16384,6,8,4,2,3,1.695460000e-04,6.343228900e-02,2.254041000e-03,6.363217200e-02,6.363217200e-02,-1.000000000e+00,-1.000000000e+00,50.622592,50.782110,-1.000000,-1.000000000e+00,-1.000000000e+00,-1.000000000e+00,row,0,-1.000000000e+00,-1.000000
scheme_a,double,global,global,16384,16384,6,8,4,2,4,1.801600000e-04,6.203079000e-02,8.469240000e-04,6.227106400e-02,6.227106400e-02,-1.000000000e+00,-1.000000000e+00,51.729090,51.929461,-1.000000,-1.000000000e+00,-1.000000000e+00,-1.000000000e+00,row,0,-1.000000000e+00,-1.000000
scheme_a,double,global,global,16384,16384,6,8,4,2,5,1.328410000e-04,6.340085900e-02,1.300951000e-03,6.361749000e-02,6.361749000e-02,-1.000000000e+00,-1.000000000e+00,50.634275,50.807284,-1.000000,-1.000000000e+00,-1.000000000e+00,-1.000000000e+00,row,0,-1.000000000e+00,-1.000000
scheme_a,double,global,global,16384,16384,6,8,4,2,6,1.642000000e-04,6.172753500e-02,1.181977000e-03,6.195565800e-02,6.195565800e-02,-1.000000000e+00,-1.000000000e+00,51.992434,52.184580,-1.000000,-1.000000000e+00,-1.000000000e+00,-1.000000000e+00,row,0,-1.000000000e+00,-1.000000
scheme_a,double,global,global,16384,16384,6,8,4,2,7,1.553420000e-04,6.154980100e-02,8.732340000e-04,6.174845700e-02,6.174845700e-02,-1.000000000e+00,-1.000000000e+00,52.166898,52.335270,-1.000000,-1.000000000e+00,-1.000000000e+00,-1.000000000e+00,row,0,-1.000000000e+00,-1.000000
scheme_a,double,global,global,16384,16384,6,8,4,2,8,1.473380000e-04,6.286862300e-02,1.353943000e-03,6.307307600e-02,6.307307600e-02,-1.000000000e+00,-1.000000000e+00,51.071324,51.237411,-1.000000,-1.000000000e+00,-1.000000000e+00,-1.000000000e+00,row,0,-1.000000000e+00,-1.000000
scheme_a,double,global,global,16384,16384,6,8,4,2,9,1.435740000e-04,6.156484100e-02,9.357310000e-04,6.177534100e-02,6.177534100e-02,-1.000000000e+00,-1.000000000e+00,52.144196,52.322485,-1.000000,-1.000000000e+00,-1.000000000e+00,-1.000000000e+00,row,0,-1.000000000e+00,-1.000000
scheme_a,double,global,global,16384,16384,6,8,4,2,10,1.611370000e-04,6.282004100e-02,1.484988000e-03,6.300675900e-02,6.300675900e-02,-1.000000000e+00,-1.000000000e+00,51.125078,51.277035,-1.000000,-1.000000000e+00,-1.000000000e+00,-1.000000000e+00,row,0,-1.000000000e+00,-1.000000
scheme_a,double,global,global,16384,16384,6,8,4,2,11,1.601890000e-04,6.297798600e-02,1.225743000e-03,6.319160000e-02,6.319160000e-02,-1.000000000e+00,-1.000000000e+00,50.975533,51.148436,-1.000000,-1.000000000e+00,-1.000000000e+00,-1.000000000e+00,row,0,-1.000000000e+00,-1.000000
scheme_a,double,global,global,16384,16384,6,8,4,2,12,1.501140000e-04,6.137108200e-02,7.141880000e-04,6.158325400e-02,6.158325400e-02,-1.000000000e+00,-1.000000000e+00,52.306841,52.487676,-1.000000,-1.000000000e+00,-1.000000000e+00,-1.000000000e+00,row,0,-1.000000000e+00,-1.000000
scheme_a,double,global,global,16384,16384,6,8,4,2,13,1.533170000e-04,6.365164900e-02,2.303100000e-03,6.387759000e-02,6.387759000e-02,-1.000000000e+00,-1.000000000e+00,50.428100,50.607102,-1.000000,-1.000000000e+00,-1.000000000e+00,-1.000000000e+00,row,0,-1.000000000e+00,-1.000000
scheme_a,double,global,global,16384,16384,6,8,4,2,14,1.504480000e-04,6.184637800e-02,1.340784000e-03,6.205795500e-02,6.205795500e-02,-1.000000000e+00,-1.000000000e+00,51.906729,52.084303,-1.000000,-1.000000000e+00,-1.000000000e+00,-1.000000000e+00,row,0,-1.000000000e+00,-1.000000
scheme_a,double,global,global,16384,16384,6,8,4,2,15,1.606580000e-04,6.157483900e-02,1.080496000e-03,6.180546200e-02,6.180546200e-02,-1.000000000e+00,-1.000000000e+00,52.118783,52.313989,-1.000000,-1.000000000e+00,-1.000000000e+00,-1.000000000e+00,row,0,-1.000000000e+00,-1.000000
scheme_a,double,global,global,16384,16384,6,8,4,2,16,1.764020000e-04,6.192965500e-02,1.020249000e-03,6.222222700e-02,6.222222700e-02,-1.000000000e+00,-1.000000000e+00,51.769691,52.014265,-1.000000,-1.000000000e+00,-1.000000000e+00,-1.000000000e+00,row,0,-1.000000000e+00,-1.000000
scheme_a,double,global,global,16384,16384,6,8,4,2,17,1.369970000e-04,6.329737400e-02,8.430340000e-04,6.351622300e-02,6.351622300e-02,-1.000000000e+00,-1.000000000e+00,50.715004,50.890349,-1.000000,-1.000000000e+00,-1.000000000e+00,-1.000000000e+00,row,0,-1.000000000e+00,-1.000000
scheme_a,double,global,global,16384,16384,6,8,4,2,18,1.449880000e-04,6.218797700e-02,1.119770000e-03,6.239424000e-02,6.239424000e-02,-1.000000000e+00,-1.000000000e+00,51.626969,51.798203,-1.000000,-1.000000000e+00,-1.000000000e+00,-1.000000000e+00,row,0,-1.000000000e+00,-1.000000
scheme_a,double,global,global,16384,16384,6,8,4,2,19,1.399720000e-04,6.294363900e-02,1.095677000e-03,6.318175400e-02,6.318175400e-02,-1.000000000e+00,-1.000000000e+00,50.983477,51.176346,-1.000000,-1.000000000e+00,-1.000000000e+00,-1.000000000e+00,row,0,-1.000000000e+00,-1.000000
scheme_a,double,global,global,16384,16384,6,8,4,2,20,1.661510000e-04,6.177090600e-02,1.334439000e-03,6.202281400e-02,6.202281400e-02,-1.000000000e+00,-1.000000000e+00,51.936139,52.147940,-1.000000,-1.000000000e+00,-1.000000000e+00,-1.000000000e+00,row,0,-1.000000000e+00,-1.000000
scheme_a,double,global,global,16384,16384,8,8,4,2,1,2.039040000e-04,6.377620000e-02,1.349414000e-03,6.403428000e-02,6.403428000e-02,-1.000000000e+00,-1.000000000e+00,67.072938,67.344359,-1.000000,-1.000000000e+00,-1.000000000e+00,-1.000000000e+00,row,0,-1.000000000e+00,-1.000000
scheme_a,double,global,global,16384,16384,8,8,4,2,2,2.001730000e-04,6.566733400e-02,1.666027000e-03,6.596338500e-02,6.596338500e-02,-1.000000000e+00,-1.000000000e+00,65.111384,65.404929,-1.000000,-1.000000000e+00,-1.000000000e+00,-1.000000000e+00,row,0,-1.000000000e+00,-1.000000
scheme_a,double,global,global,16384,16384,8,8,4,2,3,2.365800000e-04,6.268759300e-02,5.851550000e-04,6.307182600e-02,6.307182600e-02,-1.000000000e+00,-1.000000000e+00,68.096448,68.513833,-1.000000,-1.000000000e+00,-1.000000000e+00,-1.000000000e+00,row,0,-1.000000000e+00,-1.000000
scheme_a,double,global,global,16384,16384,8,8,4,2,4,2.236350000e-04,6.480149300e-02,1.226816000e-03,6.512515400e-02,6.512515400e-02,-1.000000000e+00,-1.000000000e+00,65.949438,66.278832,-1.000000,-1.000000000e+00,-1.000000000e+00,-1.000000000e+00,row,0,-1.000000000e+00,-1.000000
scheme_a,double,global,global,16384,16384,8,8,4,2,5,2.143180000e-04,6.434462900e-02,1.974051000e-03,6.462090600e-02,6.462090600e-02,-1.000000000e+00,-1.000000000e+00,66.464053,66.749430,-1.000000,-1.000000000e+00,-1.000000000e+00,-1.000000000e+00,row,0,-1.000000000e+00,-1.000000
scheme_a,double,global,global,16384,16384,8,8,4,2,6,1.885640000e-04,6.373138100e-02,1.389786000e-03,6.399947300e-02,6.399947300e-02,-1.000000000e+00,-1.000000000e+00,67.109417,67.391719,-1.000000,-1.000000000e+00,-1.000000000e+00,-1.000000000e+00,row,0,-1.000000000e+00,-1.000000
scheme_a,double,global,global,16384,16384,8,8,4,2,7,2.114840000e-04,6.265146700e-02,8.989300000e-04,6.293811300e-02,6.293811300e-02,-1.000000000e+00,-1.000000000e+00,68.241120,68.553340,-1.000000,-1.000000000e+00,-1.000000000e+00,-1.000000000e+00,row,0,-1.000000000e+00,-1.000000
scheme_a,double,global,global,16384,16384,8,8,4,2,8,2.362050000e-04,6.282737200e-02,6.438560000e-04,6.315501100e-02,6.315501100e-02,-1.000000000e+00,-1.000000000e+00,68.006754,68.361403,-1.000000,-1.000000000e+00,-1.000000000e+00,-1.000000000e+00,row,0,-1.000000000e+00,-1.000000
scheme_a,double,global,global,16384,16384,8,8,4,2,9,2.463180000e-04,6.236140400e-02,6.509680000e-04,6.269551900e-02,6.269551900e-02,-1.000000000e+00,-1.000000000e+00,68.505172,68.872203,-1.000000,-1.000000000e+00,-1.000000000e+00,-1.000000000e+00,row,0,-1.000000000e+00,-1.000000
scheme_a,double,global,global,16384,16384,8,8,4,2,10,2.532280000e-04,6.490204800e-02,1.258817000e-03,6.526714300e-02,6.526714300e-02,-1.000000000e+00,-1.000000000e+00,65.805965,66.176144,-1.000000,-1.000000000e+00,-1.000000000e+00,-1.000000000e+00,row,0,-1.000000000e+00,-1.000000
scheme_a,double,global,global,16384,16384,8,8,4,2,11,2.060840000e-04,6.356327000e-02,1.110034000e-03,6.382473100e-02,6.382473100e-02,-1.000000000e+00,-1.000000000e+00,67.293152,67.569955,-1.000000,-1.000000000e+00,-1.000000000e+00,-1.000000000e+00,row,0,-1.000000000e+00,-1.000000
scheme_a,double,global,global,16384,16384,8,8,4,2,12,2.246620000e-04,6.292103700e-02,1.020412000e-03,6.322457200e-02,6.322457200e-02,-1.000000000e+00,-1.000000000e+00,67.931932,68.259639,-1.000000,-1.000000000e+00,-1.000000000e+00,-1.000000000e+00,row,0,-1.000000000e+00,-1.000000
scheme_a,double,global,global,16384,16384,8,8,4,2,13,2.290940000e-04,6.283019600e-02,8.613490000e-04,6.309905400e-02,6.309905400e-02,-1.000000000e+00,-1.000000000e+00,68.067063,68.358330,-1.000000,-1.000000000e+00,-1.000000000e+00,-1.000000000e+00,row,0,-1.000000000e+00,-1.000000
scheme_a,double,global,global,16384,16384,8,8,4,2,14,2.442510000e-04,6.404621800e-02,2.082627000e-03,6.433388300e-02,6.433388300e-02,-1.000000000e+00,-1.000000000e+00,66.760579,67.060436,-1.000000,-1.000000000e+00,-1.000000000e+00,-1.000000000e+00,row,0,-1.000000000e+00,-1.000000
scheme_a,double,global,global,16384,16384,8,8,4,2,15,2.042860000e-04,6.566626000e-02,1.471598000e-03,6.594395100e-02,6.594395100e-02,-1.000000000e+00,-1.000000000e+00,65.130573,65.405998,-1.000000,-1.000000000e+00,-1.000000000e+00,-1.000000000e+00,row,0,-1.000000000e+00,-1.000000
scheme_a,double,global,global,16384,16384,8,8,4,2,16,2.189090000e-04,6.299794800e-02,1.083661000e-03,6.326914200e-02,6.326914200e-02,-1.000000000e+00,-1.000000000e+00,67.884077,68.176305,-1.000000,-1.000000000e+00,-1.000000000e+00,-1.000000000e+00,row,0,-1.000000000e+00,-1.000000
scheme_a,double,global,global,16384,16384,8,8,4,2,17,2.145690000e-04,6.575238900e-02,2.741464000e-03,6.606468300e-02,6.606468300e-02,-1.000000000e+00,-1.000000000e+00,65.011548,65.320323,-1.000000,-1.000000000e+00,-1.000000000e+00,-1.000000000e+00,row,0,-1.000000000e+00,-1.000000
scheme_a,double,global,global,16384,16384,8,8,4,2,18,1.882050000e-04,6.345710000e-02,1.120634000e-03,6.371304200e-02,6.371304200e-02,-1.000000000e+00,-1.000000000e+00,67.411116,67.683006,-1.000000,-1.000000000e+00,-1.000000000e+00,-1.000000000e+00,row,0,-1.000000000e+00,-1.000000
scheme_a,double,global,global,16384,16384,8,8,4,2,19,1.913770000e-04,6.342811900e-02,1.054839000e-03,6.370889400e-02,6.370889400e-02,-1.000000000e+00,-1.000000000e+00,67.415506,67.713931,-1.000000,-1.000000000e+00,-1.000000000e+00,-1.000000000e+00,row,0,-1.000000000e+00,-1.000000
scheme_a,double,global,global,16384,16384,8,8,4,2,20,2.074080000e-04,6.423067400e-02,1.465491000e-03,6.451828900e-02,6.451828900e-02,-1.000000000e+00,-1.000000000e+00,66.569764,66.867853,-1.000000,-1.000000000e+00,-1.000000000e+00,-1.000000000e+00,row,0,-1.000000000e+00,-1.000000
scheme_a,double,global,global,16384,16384,20,8,4,2,1,8.995230000e-04,2.791633780e-01,3.020818800e-02,2.804173410e-01,2.804173410e-01,-1.000000000e+00,-1.000000000e+00,38.290850,38.462847,-1.000000,-1.000000000e+00,-1.000000000e+00,-1.000000000e+00,row,0,-1.000000000e+00,-1.000000
scheme_a,double,global,global,16384,16384,20,8,4,2,2,9.358700000e-04,2.768675560e-01,1.023361000e-02,2.795274290e-01,2.795274290e-01,-1.000000000e+00,-1.000000000e+00,38.412754,38.781786,-1.000000,-1.000000000e+00,-1.000000000e+00,-1.000000000e+00,row,0,-1.000000000e+00,-1.000000
scheme_a,double,global,global,16384,16384,20,8,4,2,3,9.546870000e-04,2.729144890e-01,2.708544100e-02,2.741820570e-01,2.741820570e-01,-1.000000000e+00,-1.000000000e+00,39.161637,39.343526,-1.000000,-1.000000000e+00,-1.000000000e+00,-1.000000000e+00,row,0,-1.000000000e+00,-1.000000
scheme_a,double,global,global,16384,16384,20,8,4,2,4,9.279520000e-04,2.771813600e-01,7.192776000e-03,2.784429660e-01,2.784429660e-01,-1.000000000e+00,-1.000000000e+00,38.562361,38.737880,-1.000000,-1.000000000e+00,-1.000000000e+00,-1.000000000e+00,row,0,-1.000000000e+00,-1.000000
scheme_a,double,global,global,16384,16384,20,8,4,2,5,9.240530000e-04,2.815893350e-01,6.871576000e-03,2.828436630e-01,2.828436630e-01,-1.000000000e+00,-1.000000000e+00,37.962379,38.131481,-1.000000,-1.000000000e+00,-1.000000000e+00,-1.000000000e+00,row,0,-1.000000000e+00,-1.000000
scheme_a,double,global,global,16384,16384,20,8,4,2,6,9.237450000e-04,2.791717420e-01,7.430887000e-03,2.804282760e-01,2.804282760e-01,-1.000000000e+00,-1.000000000e+00,38.289357,38.461694,-1.000000,-1.000000000e+00,-1.000000000e+00,-1.000000000e+00,row,0,-1.000000000e+00,-1.000000
scheme_a,double,global,global,16384,16384,20,8,4,2,7,9.267930000e-04,2.758945230e-01,7.286128000e-03,2.771567610e-01,2.771567610e-01,-1.000000000e+00,-1.000000000e+00,38.741318,38.918563,-1.000000,-1.000000000e+00,-1.000000000e+00,-1.000000000e+00,row,0,-1.000000000e+00,-1.000000
scheme_a,double,global,global,16384,16384,20,8,4,2,8,9.471000000e-04,2.748145190e-01,7.280371000e-03,2.762535060e-01,2.762535060e-01,-1.000000000e+00,-1.000000000e+00,38.867989,39.071510,-1.000000,-1.000000000e+00,-1.000000000e+00,-1.000000000e+00,row,0,-1.000000000e+00,-1.000000
scheme_a,double,global,global,16384,16384,20,8,4,2,9,9.183070000e-04,2.742907540e-01,6.807166000e-03,2.755292500e-01,2.755292500e-01,-1.000000000e+00,-1.000000000e+00,38.970157,39.146118,-1.000000,-1.000000000e+00,-1.000000000e+00,-1.000000000e+00,row,0,-1.000000000e+00,-1.000000
scheme_a,double,global,global,16384,16384,20,8,4,2,10,9.268710000e-04,2.761715260e-01,7.644327000e-03,2.774305270e-01,2.774305270e-01,-1.000000000e+00,-1.000000000e+00,38.703089,38.879527,-1.000000,-1.000000000e+00,-1.000000000e+00,-1.000000000e+00,row,0,-1.000000000e+00,-1.000000
scheme_a,double,global,global,16384,16384,20,8,4,2,11,9.400180000e-04,2.752382080e-01,7.569173000e-03,2.764921030e-01,2.764921030e-01,-1.000000000e+00,-1.000000000e+00,38.834448,39.011365,-1.000000,-1.000000000e+00,-1.000000000e+00,-1.000000000e+00,row,0,-1.000000000e+00,-1.000000
scheme_a,double,global,global,16384,16384,20,8,4,2,12,8.969720000e-04,2.743994720e-01,7.475162000e-03,2.756059460e-01,2.756059460e-01,-1.000000000e+00,-1.000000000e+00,38.959313,39.130608,-1.000000,-1.000000000e+00,-1.000000000e+00,-1.000000000e+00,row,0,-1.000000000e+00,-1.000000
scheme_a,double,global,global,16384,16384,20,8,4,2,13,9.123720000e-04,2.749296290e-01,7.349712000e-03,2.761500890e-01,2.761500890e-01,-1.000000000e+00,-1.000000000e+00,38.882545,39.055151,-1.000000,-1.000000000e+00,-1.000000000e+00,-1.000000000e+00,row,0,-1.000000000e+00,-1.000000
scheme_a,double,global,global,16384,16384,20,8,4,2,14,9.741300000e-04,2.755606110e-01,7.632258000e-03,2.768496310e-01,2.768496310e-01,-1.000000000e+00,-1.000000000e+00,38.784297,38.965722,-1.000000,-1.000000000e+00,-1.000000000e+00,-1.000000000e+00,row,0,-1.000000000e+00,-1.000000
scheme_a,double,global,global,16384,16384,20,8,4,2,15,9.295320000e-04,2.744086420e-01,8.186195000e-03,2.756438370e-01,2.756438370e-01,-1.000000000e+00,-1.000000000e+00,38.953957,39.129301,-1.000000,-1.000000000e+00,-1.000000000e+00,-1.000000000e+00,row,0,-1.000000000e+00,-1.000000
scheme_a,double,global,global,16384,16384,20,8,4,2,16,9.015040000e-04,2.742323430e-01,7.533270000e-03,2.754407970e-01,2.754407970e-01,-1.000000000e+00,-1.000000000e+00,38.982672,39.154456,-1.000000,-1.000000000e+00,-1.000000000e+00,-1.000000000e+00,row,0,-1.000000000e+00,-1.000000
scheme_a,double,global,global,16384,16384,20,8,4,2,17,9.019570000e-04,2.770773870e-01,3.475668500e-02,2.783073140e-01,2.783073140e-01,-1.000000000e+00,-1.000000000e+00,38.581157,38.752416,-1.000000,-1.000000000e+00,-1.000000000e+00,-1.000000000e+00,row,0,-1.000000000e+00,-1.000000
scheme_a,double,global,global,16384,16384,20,8,4,2,18,9.466230000e-04,2.741393610e-01,1.009526700e-02,2.754141160e-01,2.754141160e-01,-1.000000000e+00,-1.000000000e+00,38.986448,39.167736,-1.000000,-1.000000000e+00,-1.000000000e+00,-1.000000000e+00,row,0,-1.000000000e+00,-1.000000
scheme_a,double,global,global,16384,16384,20,8,4,2,19,9.314820000e-04,2.751795370e-01,7.255486000e-03,2.764214170e-01,2.764214170e-01,-1.000000000e+00,-1.000000000e+00,38.844379,39.019683,-1.000000,-1.000000000e+00,-1.000000000e+00,-1.000000000e+00,row,0,-1.000000000e+00,-1.000000
scheme_a,double,global,global,16384,16384,20,8,4,2,20,9.449350000e-04,2.767792160e-01,7.720218000e-03,2.780668270e-01,2.780668270e-01,-1.000000000e+00,-1.000000000e+00,38.614524,38.794164,-1.000000,-1.000000000e+00,-1.000000000e+00,-1.000000000e+00,row,0,-1.000000000e+00,-1.000000
scheme_a,double,global,global,16384,16384,32,8,4,2,1,1.401590000e-03,6.047577850e-01,9.473940000e-03,6.067596570e-01,6.067596570e-01,-1.000000000e+00,-1.000000000e+00,28.314126,28.407851,-1.000000,-1.000000000e+00,-1.000000000e+00,-1.000000000e+00,row,0,-1.000000000e+00,-1.000000
scheme_a,double,global,global,16384,16384,32,8,4,2,2,1.415868000e-03,6.021433580e-01,1.002494400e-02,6.038927080e-01,6.038927080e-01,-1.000000000e+00,-1.000000000e+00,28.448546,28.531194,-1.000000,-1.000000000e+00,-1.000000000e+00,-1.000000000e+00,row,0,-1.000000000e+00,-1.000000
scheme_a,double,global,global,16384,16384,32,8,4,2,3,1.408293000e-03,6.052357040e-01,8.718471000e-03,6.069671030e-01,6.069671030e-01,-1.000000000e+00,-1.000000000e+00,28.304449,28.385419,-1.000000,-1.000000000e+00,-1.000000000e+00,-1.000000000e+00,row,0,-1.000000000e+00,-1.000000
scheme_a,double,global,global,16384,16384,32,8,4,2,4,1.481719000e-03,6.067061490e-01,1.023172300e-02,6.084757230e-01,6.084757230e-01,-1.000000000e+00,-1.000000000e+00,28.234272,28.316623,-1.000000,-1.000000000e+00,-1.000000000e+00,-1.000000000e+00,row,0,-1.000000000e+00,-1.000000
scheme_a,double,global,global,16384,16384,32,8,4,2,5,1.417114000e-03,6.041575770e-01,9.810055000e-03,6.059391420e-01,6.059391420e-01,-1.000000000e+00,-1.000000000e+00,28.352466,28.436073,-1.000000,-1.000000000e+00,-1.000000000e+00,-1.000000000e+00,row,0,-1.000000000e+00,-1.000000
scheme_a,double,global,global,16384,16384,32,8,4,2,6,1.473270000e-03,6.030301770e-01,9.233671000e-03,6.053835220e-01,6.053835220e-01,-1.000000000e+00,-1.000000000e+00,28.378488,28.489236,-1.000000,-1.000000000e+00,-1.000000000e+00,-1.000000000e+00,row,0,-1.000000000e+00,-1.000000
scheme_a,double,global,global,16384,16384,32,8,4,2,7,1.468092000e-03,6.053595630e-01,8.872034000e-03,6.071376770e-01,6.071376770e-01,-1.000000000e+00,-1.000000000e+00,28.296497,28.379611,-1.000000,-1.000000000e+00,-1.000000000e+00,-1.000000000e+00,row,0,-1.000000000e+00,-1.000000
scheme_a,double,global,global,16384,16384,32,8,4,2,8,1.429469000e-03,6.025232450e-01,8.830117000e-03,6.042694770e-01,6.042694770e-01,-1.000000000e+00,-1.000000000e+00,28.430808,28.513206,-1.000000,-1.000000000e+00,-1.000000000e+00,-1.000000000e+00,row,0,-1.000000000e+00,-1.000000
scheme_a,double,global,global,16384,16384,32,8,4,2,9,1.445803000e-03,6.041020740e-01,1.026286900e-02,6.058868210e-01,6.058868210e-01,-1.000000000e+00,-1.000000000e+00,28.354915,28.438686,-1.000000,-1.000000000e+00,-1.000000000e+00,-1.000000000e+00,row,0,-1.000000000e+00,-1.000000
scheme_a,double,global,global,16384,16384,32,8,4,2,10,1.428409000e-03,6.087904660e-01,1.010742700e-02,6.106197560e-01,6.106197560e-01,-1.000000000e+00,-1.000000000e+00,28.135135,28.219675,-1.000000,-1.000000000e+00,-1.000000000e+00,-1.000000000e+00,row,0,-1.000000000e+00,-1.000000
scheme_a,double,global,global,16384,16384,32,8,4,2,11,1.475177000e-03,6.055508270e-01,9.204539000e-03,6.073803360e-01,6.073803360e-01,-1.000000000e+00,-1.000000000e+00,28.285192,28.370648,-1.000000,-1.000000000e+00,-1.000000000e+00,-1.000000000e+00,row,0,-1.000000000e+00,-1.000000
scheme_a,double,global,global,16384,16384,32,8,4,2,12,1.443700000e-03,6.023808520e-01,1.016578200e-02,6.041593790e-01,6.041593790e-01,-1.000000000e+00,-1.000000000e+00,28.435989,28.519946,-1.000000,-1.000000000e+00,-1.000000000e+00,-1.000000000e+00,row,0,-1.000000000e+00,-1.000000
scheme_a,double,global,global,16384,16384,32,8,4,2,13,1.429293000e-03,6.027319260e-01,8.938508000e-03,6.044643920e-01,6.044643920e-01,-1.000000000e+00,-1.000000000e+00,28.421640,28.503334,-1.000000,-1.000000000e+00,-1.000000000e+00,-1.000000000e+00,row,0,-1.000000000e+00,-1.000000
scheme_a,double,global,global,16384,16384,32,8,4,2,14,1.452736000e-03,6.079721940e-01,1.004205500e-02,6.097332080e-01,6.097332080e-01,-1.000000000e+00,-1.000000000e+00,28.176043,28.257656,-1.000000,-1.000000000e+00,-1.000000000e+00,-1.000000000e+00,row,0,-1.000000000e+00,-1.000000
scheme_a,double,global,global,16384,16384,32,8,4,2,15,1.425591000e-03,6.052358930e-01,9.821697000e-03,6.070419570e-01,6.070419570e-01,-1.000000000e+00,-1.000000000e+00,28.300958,28.385410,-1.000000,-1.000000000e+00,-1.000000000e+00,-1.000000000e+00,row,0,-1.000000000e+00,-1.000000
scheme_a,double,global,global,16384,16384,32,8,4,2,16,1.483207000e-03,6.006625480e-01,9.081103000e-03,6.026814640e-01,6.026814640e-01,-1.000000000e+00,-1.000000000e+00,28.505720,28.601532,-1.000000,-1.000000000e+00,-1.000000000e+00,-1.000000000e+00,row,0,-1.000000000e+00,-1.000000
scheme_a,double,global,global,16384,16384,32,8,4,2,17,1.421749000e-03,6.041122520e-01,1.014791100e-02,6.059674400e-01,6.059674400e-01,-1.000000000e+00,-1.000000000e+00,28.351142,28.438207,-1.000000,-1.000000000e+00,-1.000000000e+00,-1.000000000e+00,row,0,-1.000000000e+00,-1.000000
scheme_a,double,global,global,16384,16384,32,8,4,2,18,1.482326000e-03,6.019975370e-01,9.171071000e-03,6.037745360e-01,6.037745360e-01,-1.000000000e+00,-1.000000000e+00,28.454114,28.538105,-1.000000,-1.000000000e+00,-1.000000000e+00,-1.000000000e+00,row,0,-1.000000000e+00,-1.000000
scheme_a,double,global,global,16384,16384,32,8,4,2,19,1.429883000e-03,6.037263130e-01,1.005088800e-02,6.056776120e-01,6.056776120e-01,-1.000000000e+00,-1.000000000e+00,28.364709,28.456386,-1.000000,-1.000000000e+00,-1.000000000e+00,-1.000000000e+00,row,0,-1.000000000e+00,-1.000000
scheme_a,double,global,global,16384,16384,32,8,4,2,20,1.442693000e-03,6.023219850e-01,1.026581400e-02,6.044810280e-01,6.044810280e-01,-1.000000000e+00,-1.000000000e+00,28.420858,28.522733,-1.000000,-1.000000000e+00,-1.000000000e+00,-1.000000000e+00,row,0,-1.000000000e+00,-1.000000
scheme_a,double,global,global,16384,16384,3,8,8,1,1,2.100300000e-04,6.180901500e-02,1.364200000e-05,6.202671400e-02,6.202671400e-02,-1.000000000e+00,-1.000000000e+00,25.966437,26.057894,-1.000000,-1.000000000e+00,-1.000000000e+00,-1.000000000e+00,row,0,-1.000000000e+00,-1.000000
scheme_a,double,global,global,16384,16384,3,8,8,1,2,2.096490000e-04,6.129281900e-02,1.164100000e-05,6.151159700e-02,6.151159700e-02,-1.000000000e+00,-1.000000000e+00,26.183888,26.277348,-1.000000,-1.000000000e+00,-1.000000000e+00,-1.000000000e+00,row,0,-1.000000000e+00,-1.000000
scheme_a,double,global,global,16384,16384,3,8,8,1,3,2.093000000e-04,6.100402800e-02,1.400700000e-05,6.120868900e-02,6.120868900e-02,-1.000000000e+00,-1.000000000e+00,26.313466,26.401744,-1.000000,-1.000000000e+00,-1.000000000e+00,-1.000000000e+00,row,0,-1.000000000e+00,-1.000000
scheme_a,double,global,global,16384,16384,3,8,8,1,4,2.187820000e-04,6.215221300e-02,1.625600000e-05,6.238137600e-02,6.238137600e-02,-1.000000000e+00,-1.000000000e+00,25.818807,25.914005,-1.000000,-1.000000000e+00,-1.000000000e+00,-1.000000000e+00,row,0,-1.000000000e+00,-1.000000
scheme_a,double,global,global,16384,16384,3,8,8,1,5,2.278010000e-04,6.093968300e-02,1.294300000e-05,6.117652100e-02,6.117652100e-02,-1.000000000e+00,-1.000000000e+00,26.327302,26.429621,-1.000000,-1.000000000e+00,-1.000000000e+00,-1.000000000e+00,row,0,-1.000000000e+00,-1.000000
scheme_a,double,global,global,16384,16384,3,8,8,1,6,2.073950000e-04,6.192892600e-02,3.416600000e-05,6.213891300e-02,6.213891300e-02,-1.000000000e+00,-1.000000000e+00,25.919551,26.007439,-1.000000,-1.000000000e+00,-1.000000000e+00,-1.000000000e+00,row,0,-1.000000000e+00,-1.000000
scheme_a,double,global,global,16384,16384,3,8,8,1,7,2.306250000e-04,6.212400900e-02,3.005200000e-05,6.237881000e-02,6.237881000e-02,-1.000000000e+00,-1.000000000e+00,25.819870,25.925769,-1.000000,-1.000000000e+00,-1.000000000e+00,-1.000000000e+00,row,0,-1.000000000e+00,-1.000000
scheme_a,double,global,global,16384,16384,3,8,8,1,8,2.104300000e-04,6.106997900e-02,1.258900000e-05,6.127751400e-02,6.127751400e-02,-1.000000000e+00,-1.000000000e+00,26.283911,26.373232,-1.000000,-1.000000000e+00,-1.000000000e+00,-1.000000000e+00,row,0,-1.000000000e+00,-1.000000
scheme_a,double,global,global,16384,16384,3,8,8,1,9,2.114020000e-04,6.160700600e-02,1.264100000e-05,6.182612100e-02,6.182612100e-02,-1.000000000e+00,-1.000000000e+00,26.050684,26.143337,-1.000000,-1.000000000e+00,-1.000000000e+00,-1.000000000e+00,row,0,-1.000000000e+00,-1.000000
scheme_a,double,global,global,16384,16384,3,8,8,1,10,2.201280000e-04,6.152204500e-02,1.253800000e-05,6.174815900e-02,6.174815900e-02,-1.000000000e+00,-1.000000000e+00,26.083575,26.179441,-1.000000,-1.000000000e+00,-1.000000000e+00,-1.000000000e+00,row,0,-1.000000000e+00,-1.000000
scheme_a,double,global,global,16384,16384,3,8,8,1,11,2.062700000e-04,6.264730400e-02,1.518700000e-05,6.286013700e-02,6.286013700e-02,-1.000000000e+00,-1.000000000e+00,25.622164,25.709211,-1.000000,-1.000000000e+00,-1.000000000e+00,-1.000000000e+00,row,0,-1.000000000e+00,-1.000000
scheme_a,double,global,global,16384,16384,3,8,8,1,12,2.245140000e-04,6.170934700e-02,1.352200000e-05,6.194336100e-02,6.194336100e-02,-1.000000000e+00,-1.000000000e+00,26.001378,26.099980,-1.000000,-1.000000000e+00,-1.000000000e+00,-1.000000000e+00,row,0,-1.000000000e+00,-1.000000
scheme_a,double,global,global,16384,16384,3,8,8,1,13,2.084050000e-04,6.265107200e-02,1.347800000e-05,6.286882200e-02,6.286882200e-02,-1.000000000e+00,-1.000000000e+00,25.618624,25.707664,-1.000000,-1.000000000e+00,-1.000000000e+00,-1.000000000e+00,row,0,-1.000000000e+00,-1.000000
scheme_a,double,global,global,16384,16384,3,8,8,1,14,2.244990000e-04,6.141804700e-02,1.171500000e-05,6.165036200e-02,6.165036200e-02,-1.000000000e+00,-1.000000000e+00,26.124952,26.223770,-1.000000,-1.000000000e+00,-1.000000000e+00,-1.000000000e+00,row,0,-1.000000000e+00,-1.000000
scheme_a,double,global,global,16384,16384,3,8,8,1,15,2.111330000e-04,6.070617200e-02,1.232000000e-05,6.092371900e-02,6.092371900e-02,-1.000000000e+00,-1.000000000e+00,26.436547,26.531285,-1.000000,-1.000000000e+00,-1.000000000e+00,-1.000000000e+00,row,0,-1.000000000e+00,-1.000000
scheme_a,double,global,global,16384,16384,3,8,8,1,16,2.253380000e-04,6.070324200e-02,1.761500000e-05,6.092156600e-02,6.092156600e-02,-1.000000000e+00,-1.000000000e+00,26.437481,26.532565,-1.000000,-1.000000000e+00,-1.000000000e+00,-1.000000000e+00,row,0,-1.000000000e+00,-1.000000
scheme_a,double,global,global,16384,16384,3,8,8,1,17,2.097880000e-04,6.128986900e-02,2.747200000e-05,6.152712900e-02,6.152712900e-02,-1.000000000e+00,-1.000000000e+00,26.177278,26.278613,-1.000000,-1.000000000e+00,-1.000000000e+00,-1.000000000e+00,row,0,-1.000000000e+00,-1.000000
scheme_a,double,global,global,16384,16384,3,8,8,1,18,2.130390000e-04,6.113813500e-02,1.215100000e-05,6.135981300e-02,6.135981300e-02,-1.000000000e+00,-1.000000000e+00,26.248658,26.343832,-1.000000,-1.000000000e+00,-1.000000000e+00,-1.000000000e+00,row,0,-1.000000000e+00,-1.000000
scheme_a,double,global,global,16384,16384,3,8,8,1,19,2.085580000e-04,6.171094100e-02,1.317500000e-05,6.192977300e-02,6.192977300e-02,-1.000000000e+00,-1.000000000e+00,26.007083,26.099306,-1.000000,-1.000000000e+00,-1.000000000e+00,-1.000000000e+00,row,0,-1.000000000e+00,-1.000000
scheme_a,double,global,global,16384,16384,3,8,8,1,20,2.304450000e-04,6.062612000e-02,4.805600000e-05,6.086341500e-02,6.086341500e-02,-1.000000000e+00,-1.000000000e+00,26.462740,26.566317,-1.000000,-1.000000000e+00,-1.000000000e+00,-1.000000000e+00,row,0,-1.000000000e+00,-1.000000
scheme_a,double,global,global,16384,16384,6,8,8,1,1,4.740930000e-04,6.967168700e-02,2.547400000e-05,7.016663300e-02,7.016663300e-02,-1.000000000e+00,-1.000000000e+00,45.908224,46.234354,-1.000000,-1.000000000e+00,-1.000000000e+00,-1.000000000e+00,row,0,-1.000000000e+00,-1.000000
scheme_a,double,global,global,16384,16384,6,8,8,1,2,4.513540000e-04,7.140965000e-02,2.719600000e-05,7.187840600e-02,7.187840600e-02,-1.000000000e+00,-1.000000000e+00,44.814926,45.109106,-1.000000,-1.000000000e+00,-1.000000000e+00,-1.000000000e+00,row,0,-1.000000000e+00,-1.000000
scheme_a,double,global,global,16384,16384,6,8,8,1,3,4.681420000e-04,7.136985900e-02,2.405900000e-05,7.183851700e-02,7.183851700e-02,-1.000000000e+00,-1.000000000e+00,44.839810,45.134256,-1.000000,-1.000000000e+00,-1.000000000e+00,-1.000000000e+00,row,0,-1.000000000e+00,-1.000000
scheme_a,double,global,global,16384,16384,6,8,8,1,4,4.878770000e-04,6.942281600e-02,2.560600000e-05,6.991237400e-02,6.991237400e-02,-1.000000000e+00,-1.000000000e+00,46.075184,46.400098,-1.000000,-1.000000000e+00,-1.000000000e+00,-1.000000000e+00,row,0,-1.000000000e+00,-1.000000
scheme_a,double,global,global,16384,16384,6,8,8,1,5,4.634480000e-04,7.175162800e-02,7.923700000e-05,7.222538000e-02,7.222538000e-02,-1.000000000e+00,-1.000000000e+00,44.599633,44.894110,-1.000000,-1.000000000e+00,-1.000000000e+00,-1.000000000e+00,row,0,-1.000000000e+00,-1.000000
scheme_a,double,global,global,16384,16384,6,8,8,1,6,4.746000000e-04,6.995496400e-02,2.534400000e-05,7.044931400e-02,7.044931400e-02,-1.000000000e+00,-1.000000000e+00,45.724015,46.047132,-1.000000,-1.000000000e+00,-1.000000000e+00,-1.000000000e+00,row,0,-1.000000000e+00,-1.000000
scheme_a,double,global,global,16384,16384,6,8,8,1,7,4.380350000e-04,6.954704700e-02,2.638700000e-05,6.999729000e-02,6.999729000e-02,-1.000000000e+00,-1.000000000e+00,46.019288,46.317214,-1.000000,-1.000000000e+00,-1.000000000e+00,-1.000000000e+00,row,0,-1.000000000e+00,-1.000000
scheme_a,double,global,global,16384,16384,6,8,8,1,8,4.559540000e-04,6.950413600e-02,2.450200000e-05,6.996686600e-02,6.996686600e-02,-1.000000000e+00,-1.000000000e+00,46.039299,46.345810,-1.000000,-1.000000000e+00,-1.000000000e+00,-1.000000000e+00,row,0,-1.000000000e+00,-1.000000
scheme_a,double,global,global,16384,16384,6,8,8,1,9,4.549960000e-04,7.031691000e-02,2.545900000e-05,7.079293200e-02,7.079293200e-02,-1.000000000e+00,-1.000000000e+00,45.502077,45.810111,-1.000000,-1.000000000e+00,-1.000000000e+00,-1.000000000e+00,row,0,-1.000000000e+00,-1.000000
scheme_a,double,global,global,16384,16384,6,8,8,1,10,4.201680000e-04,7.099962500e-02,2.560400000e-05,7.142094200e-02,7.142094200e-02,-1.000000000e+00,-1.000000000e+00,45.101974,45.369612,-1.000000,-1.000000000e+00,-1.000000000e+00,-1.000000000e+00,row,0,-1.000000000e+00,-1.000000
scheme_a,double,global,global,16384,16384,6,8,8,1,11,4.682020000e-04,6.975606600e-02,2.618500000e-05,7.023494200e-02,7.023494200e-02,-1.000000000e+00,-1.000000000e+00,45.863574,46.178428,-1.000000,-1.000000000e+00,-1.000000000e+00,-1.000000000e+00,row,0,-1.000000000e+00,-1.000000
scheme_a,double,global,global,16384,16384,6,8,8,1,12,4.619200000e-04,7.137901000e-02,2.486900000e-05,7.186300600e-02,7.186300600e-02,-1.000000000e+00,-1.000000000e+00,44.824530,45.128469,-1.000000,-1.000000000e+00,-1.000000000e+00,-1.000000000e+00,row,0,-1.000000000e+00,-1.000000
scheme_a,double,global,global,16384,16384,6,8,8,1,13,4.850510000e-04,7.008507600e-02,2.594800000e-05,7.057792500e-02,7.057792500e-02,-1.000000000e+00,-1.000000000e+00,45.640694,45.961646,-1.000000,-1.000000000e+00,-1.000000000e+00,-1.000000000e+00,row,0,-1.000000000e+00,-1.000000
scheme_a,double,global,global,16384,16384,6,8,8,1,14,4.565640000e-04,7.106765100e-02,6.631000000e-05,7.153506800e-02,7.153506800e-02,-1.000000000e+00,-1.000000000e+00,45.030019,45.326185,-1.000000,-1.000000000e+00,-1.000000000e+00,-1.000000000e+00,row,0,-1.000000000e+00,-1.000000
scheme_a,double,global,global,16384,16384,6,8,8,1,15,4.674150000e-04,7.004331000e-02,3.372900000e-05,7.051860400e-02,7.051860400e-02,-1.000000000e+00,-1.000000000e+00,45.679087,45.989053,-1.000000,-1.000000000e+00,-1.000000000e+00,-1.000000000e+00,row,0,-1.000000000e+00,-1.000000
scheme_a,double,global,global,16384,16384,6,8,8,1,16,4.321250000e-04,7.149404400e-02,2.779300000e-05,7.193721200e-02,7.193721200e-02,-1.000000000e+00,-1.000000000e+00,44.778292,45.055858,-1.000000,-1.000000000e+00,-1.000000000e+00,-1.000000000e+00,row,0,-1.000000000e+00,-1.000000
scheme_a,double,global,global,16384,16384,6,8,8,1,17,4.602070000e-04,6.980134800e-02,8.661800000e-05,7.034673600e-02,7.034673600e-02,-1.000000000e+00,-1.000000000e+00,45.790688,46.148471,-1.000000,-1.000000000e+00,-1.000000000e+00,-1.000000000e+00,row,0,-1.000000000e+00,-1.000000
scheme_a,double,global,global,16384,16384,6,8,8,1,18,4.657490000e-04,7.052405200e-02,2.470400000e-05,7.100326400e-02,7.100326400e-02,-1.000000000e+00,-1.000000000e+00,45.367287,45.675559,-1.000000,-1.000000000e+00,-1.000000000e+00,-1.000000000e+00,row,0,-1.000000000e+00,-1.000000
scheme_a,double,global,global,16384,16384,6,8,8,1,19,4.426200000e-04,7.118563900e-02,2.644600000e-05,7.165063200e-02,7.165063200e-02,-1.000000000e+00,-1.000000000e+00,44.957391,45.251058,-1.000000,-1.000000000e+00,-1.000000000e+00,-1.000000000e+00,row,0,-1.000000000e+00,-1.000000
scheme_a,double,global,global,16384,16384,6,8,8,1,20,4.781620000e-04,7.005804100e-02,2.482600000e-05,7.053965900e-02,7.053965900e-02,-1.000000000e+00,-1.000000000e+00,45.665453,45.979383,-1.000000,-1.000000000e+00,-1.000000000e+00,-1.000000000e+00,row,0,-1.000000000e+00,-1.000000
scheme_a,double,global,global,16384,16384,8,8,8,1,1,6.432280000e-04,1.051393000e-01,3.769200000e-05,1.057846330e-01,1.057846330e-01,-1.000000000e+00,-1.000000000e+00,40.601051,40.850256,-1.000000,-1.000000000e+00,-1.000000000e+00,-1.000000000e+00,row,0,-1.000000000e+00,-1.000000
scheme_a,double,global,global,16384,16384,8,8,8,1,2,6.806550000e-04,1.055645230e-01,1.064220000e-04,1.063290030e-01,1.063290030e-01,-1.000000000e+00,-1.000000000e+00,40.393187,40.685707,-1.000000,-1.000000000e+00,-1.000000000e+00,-1.000000000e+00,row,0,-1.000000000e+00,-1.000000
scheme_a,double,global,global,16384,16384,8,8,8,1,3,6.777650000e-04,1.056174000e-01,3.652100000e-05,1.063040380e-01,1.063040380e-01,-1.000000000e+00,-1.000000000e+00,40.402673,40.665338,-1.000000,-1.000000000e+00,-1.000000000e+00,-1.000000000e+00,row,0,-1.000000000e+00,-1.000000
scheme_a,double,global,global,16384,16384,8,8,8,1,4,6.727910000e-04,1.036766340e-01,4.140900000e-05,1.043893180e-01,1.043893180e-01,-1.000000000e+00,-1.000000000e+00,41.143743,41.426570,-1.000000,-1.000000000e+00,-1.000000000e+00,-1.000000000e+00,row,0,-1.000000000e+00,-1.000000
scheme_a,double,global,global,16384,16384,8,8,8,1,5,6.105310000e-04,1.053170260e-01,3.696500000e-05,1.059286660e-01,1.059286660e-01,-1.000000000e+00,-1.000000000e+00,40.545845,40.781320,-1.000000,-1.000000000e+00,-1.000000000e+00,-1.000000000e+00,row,0,-1.000000000e+00,-1.000000
scheme_a,double,global,global,16384,16384,8,8,8,1,6,6.765210000e-04,1.091810430e-01,3.581000000e-05,1.098804470e-01,1.098804470e-01,-1.000000000e+00,-1.000000000e+00,39.087639,39.338031,-1.000000,-1.000000000e+00,-1.000000000e+00,-1.000000000e+00,row,0,-1.000000000e+00,-1.000000
scheme_a,double,global,global,16384,16384,8,8,8,1,7,6.914290000e-04,1.036358650e-01,3.608600000e-05,1.043403860e-01,1.043403860e-01,-1.000000000e+00,-1.000000000e+00,41.163038,41.442866,-1.000000,-1.000000000e+00,-1.000000000e+00,-1.000000000e+00,row,0,-1.000000000e+00,-1.000000
scheme_a,double,global,global,16384,16384,8,8,8,1,8,6.289460000e-04,1.055098780e-01,1.002570000e-04,1.061753340e-01,1.061753340e-01,-1.000000000e+00,-1.000000000e+00,40.451649,40.706779,-1.000000,-1.000000000e+00,-1.000000000e+00,-1.000000000e+00,row,0,-1.000000000e+00,-1.000000
scheme_a,double,global,global,16384,16384,8,8,8,1,9,6.574980000e-04,1.050212360e-01,4.230300000e-05,1.056976980e-01,1.056976980e-01,-1.000000000e+00,-1.000000000e+00,40.634445,40.896179,-1.000000,-1.000000000e+00,-1.000000000e+00,-1.000000000e+00,row,0,-1.000000000e+00,-1.000000
scheme_a,double,global,global,16384,16384,8,8,8,1,10,6.283900000e-04,1.051396680e-01,9.922000000e-05,1.057883410e-01,1.057883410e-01,-1.000000000e+00,-1.000000000e+00,40.599628,40.850113,-1.000000,-1.000000000e+00,-1.000000000e+00,-1.000000000e+00,row,0,-1.000000000e+00,-1.000000
scheme_a,double,global,global,16384,16384,8,8,8,1,11,6.656830000e-04,1.051505540e-01,3.686900000e-05,1.058218790e-01,1.058218790e-01,-1.000000000e+00,-1.000000000e+00,40.586761,40.845884,-1.000000,-1.000000000e+00,-1.000000000e+00,-1.000000000e+00,row,0,-1.000000000e+00,-1.000000
scheme_a,double,global,global,16384,16384,8,8,8,1,12,7.046360000e-04,1.050145710e-01,5.336900000e-05,1.057307840e-01,1.057307840e-01,-1.000000000e+00,-1.000000000e+00,40.621729,40.898775,-1.000000,-1.000000000e+00,-1.000000000e+00,-1.000000000e+00,row,0,-1.000000000e+00,-1.000000
scheme_a,double,global,global,16384,16384,8,8,8,1,13,6.881710000e-04,1.040249170e-01,3.657700000e-05,1.047252170e-01,1.047252170e-01,-1.000000000e+00,-1.000000000e+00,41.011777,41.287870,-1.000000,-1.000000000e+00,-1.000000000e+00,-1.000000000e+00,row,0,-1.000000000e+00,-1.000000
scheme_a,double,global,global,16384,16384,8,8,8,1,14,6.522720000e-04,1.037643590e-01,5.066200000e-05,1.044450010e-01,1.044450010e-01,-1.000000000e+00,-1.000000000e+00,41.121808,41.391547,-1.000000,-1.000000000e+00,-1.000000000e+00,-1.000000000e+00,row,0,-1.000000000e+00,-1.000000
scheme_a,double,global,global,16384,16384,8,8,8,1,15,6.409960000e-04,1.035907990e-01,3.521900000e-05,1.042607890e-01,1.042607890e-01,-1.000000000e+00,-1.000000000e+00,41.194464,41.460896,-1.000000,-1.000000000e+00,-1.000000000e+00,-1.000000000e+00,row,0,-1.000000000e+00,-1.000000
scheme_a,double,global,global,16384,16384,8,8,8,1,16,6.285160000e-04,1.040122390e-01,1.013600000e-04,1.047418030e-01,1.047418030e-01,-1.000000000e+00,-1.000000000e+00,41.005283,41.292903,-1.000000,-1.000000000e+00,-1.000000000e+00,-1.000000000e+00,row,0,-1.000000000e+00,-1.000000
scheme_a,double,global,global,16384,16384,8,8,8,1,17,6.460270000e-04,1.043539090e-01,3.343600000e-05,1.050115480e-01,1.050115480e-01,-1.000000000e+00,-1.000000000e+00,40.899952,41.157704,-1.000000,-1.000000000e+00,-1.000000000e+00,-1.000000000e+00,row,0,-1.000000000e+00,-1.000000
scheme_a,double,global,global,16384,16384,8,8,8,1,18,6.488740000e-04,1.040128460e-01,4.724900000e-05,1.046896770e-01,1.046896770e-01,-1.000000000e+00,-1.000000000e+00,41.025700,41.292662,-1.000000,-1.000000000e+00,-1.000000000e+00,-1.000000000e+00,row,0,-1.000000000e+00,-1.000000
scheme_a,double,global,global,16384,16384,8,8,8,1,19,6.459210000e-04,1.033284890e-01,4.119100000e-05,1.039819920e-01,1.039819920e-01,-1.000000000e+00,-1.000000000e+00,41.304915,41.566148,-1.000000,-1.000000000e+00,-1.000000000e+00,-1.000000000e+00,row,0,-1.000000000e+00,-1.000000
scheme_a,double,global,global,16384,16384,8,8,8,1,20,6.404330000e-04,1.042319120e-01,3.490500000e-05,1.049024330e-01,1.049024330e-01,-1.000000000e+00,-1.000000000e+00,40.942495,41.205877,-1.000000,-1.000000000e+00,-1.000000000e+00,-1.000000000e+00,row,0,-1.000000000e+00,-1.000000
scheme_a,double,global,global,16384,16384,20,8,8,1,1,1.742054000e-03,4.649703740e-01,9.870600000e-05,4.667848060e-01,4.667848060e-01,-1.000000000e+00,-1.000000000e+00,23.002930,23.092693,-1.000000,-1.000000000e+00,-1.000000000e+00,-1.000000000e+00,row,0,-1.000000000e+00,-1.000000
scheme_a,double,global,global,16384,16384,20,8,8,1,2,3.075657000e-03,4.698080830e-01,2.375740000e-04,4.729595270e-01,4.729595270e-01,-1.000000000e+00,-1.000000000e+00,22.702615,22.854903,-1.000000,-1.000000000e+00,-1.000000000e+00,-1.000000000e+00,row,0,-1.000000000e+00,-1.000000
scheme_a,double,global,global,16384,16384,20,8,8,1,3,1.690236000e-03,4.641440980e-01,2.900360000e-04,4.659006380e-01,4.659006380e-01,-1.000000000e+00,-1.000000000e+00,23.046584,23.133803,-1.000000,-1.000000000e+00,-1.000000000e+00,-1.000000000e+00,row,0,-1.000000000e+00,-1.000000
scheme_a,double,global,global,16384,16384,20,8,8,1,4,1.713465000e-03,4.664609620e-01,2.836750000e-04,4.684368040e-01,4.684368040e-01,-1.000000000e+00,-1.000000000e+00,22.921807,23.018900,-1.000000,-1.000000000e+00,-1.000000000e+00,-1.000000000e+00,row,0,-1.000000000e+00,-1.000000
scheme_a,double,global,global,16384,16384,20,8,8,1,5,1.683969000e-03,4.610423860e-01,9.889700000e-05,4.627971210e-01,4.627971210e-01,-1.000000000e+00,-1.000000000e+00,23.201134,23.289438,-1.000000,-1.000000000e+00,-1.000000000e+00,-1.000000000e+00,row,0,-1.000000000e+00,-1.000000
scheme_a,double,global,global,16384,16384,20,8,8,1,6,1.701147000e-03,4.658528820e-01,9.488200000e-05,4.676232950e-01,4.676232950e-01,-1.000000000e+00,-1.000000000e+00,22.961684,23.048947,-1.000000,-1.000000000e+00,-1.000000000e+00,-1.000000000e+00,row,0,-1.000000000e+00,-1.000000
scheme_a,double,global,global,16384,16384,20,8,8,1,7,1.686388000e-03,4.688230220e-01,9.553800000e-05,4.705755670e-01,4.705755670e-01,-1.000000000e+00,-1.000000000e+00,22.817628,22.902924,-1.000000,-1.000000000e+00,-1.000000000e+00,-1.000000000e+00,row,0,-1.000000000e+00,-1.000000
scheme_a,double,global,global,16384,16384,20,8,8,1,8,1.725138000e-03,4.689529500e-01,2.235080000e-04,4.707479620e-01,4.707479620e-01,-1.000000000e+00,-1.000000000e+00,22.809272,22.896579,-1.000000,-1.000000000e+00,-1.000000000e+00,-1.000000000e+00,row,0,-1.000000000e+00,-1.000000
scheme_a,double,global,global,16384,16384,20,8,8,1,9,1.693810000e-03,4.672854150e-01,1.069440000e-04,4.690385580e-01,4.690385580e-01,-1.000000000e+00,-1.000000000e+00,22.892400,22.978287,-1.000000,-1.000000000e+00,-1.000000000e+00,-1.000000000e+00,row,0,-1.000000000e+00,-1.000000
scheme_a,double,global,global,16384,16384,20,8,8,1,10,1.676378000e-03,4.662797450e-01,2.519870000e-04,4.682040970e-01,4.682040970e-01,-1.000000000e+00,-1.000000000e+00,22.933200,23.027846,-1.000000,-1.000000000e+00,-1.000000000e+00,-1.000000000e+00,row,0,-1.000000000e+00,-1.000000
scheme_a,double,global,global,16384,16384,20,8,8,1,11,1.701799000e-03,4.675998160e-01,9.886300000e-05,4.693575000e-01,4.693575000e-01,-1.000000000e+00,-1.000000000e+00,22.876844,22.962837,-1.000000,-1.000000000e+00,-1.000000000e+00,-1.000000000e+00,row,0,-1.000000000e+00,-1.000000
scheme_a,double,global,global,16384,16384,20,8,8,1,12,1.717148000e-03,4.650753330e-01,2.317160000e-04,4.668589600e-01,4.668589600e-01,-1.000000000e+00,-1.000000000e+00,22.999276,23.087482,-1.000000,-1.000000000e+00,-1.000000000e+00,-1.000000000e+00,row,0,-1.000000000e+00,-1.000000
scheme_a,double,global,global,16384,16384,20,8,8,1,13,1.683006000e-03,4.632516690e-01,9.367600000e-05,4.649966510e-01,4.649966510e-01,-1.000000000e+00,-1.000000000e+00,23.091388,23.178369,-1.000000,-1.000000000e+00,-1.000000000e+00,-1.000000000e+00,row,0,-1.000000000e+00,-1.000000
scheme_a,double,global,global,16384,16384,20,8,8,1,14,1.759327000e-03,4.634512810e-01,3.090640000e-04,4.652697870e-01,4.652697870e-01,-1.000000000e+00,-1.000000000e+00,23.077833,23.168386,-1.000000,-1.000000000e+00,-1.000000000e+00,-1.000000000e+00,row,0,-1.000000000e+00,-1.000000
scheme_a,double,global,global,16384,16384,20,8,8,1,15,1.726861000e-03,4.627486350e-01,9.495000000e-05,4.645457020e-01,4.645457020e-01,-1.000000000e+00,-1.000000000e+00,23.113804,23.203565,-1.000000,-1.000000000e+00,-1.000000000e+00,-1.000000000e+00,row,0,-1.000000000e+00,-1.000000
scheme_a,double,global,global,16384,16384,20,8,8,1,16,1.772952000e-03,4.637974420e-01,2.267090000e-04,4.656283780e-01,4.656283780e-01,-1.000000000e+00,-1.000000000e+00,23.060060,23.151094,-1.000000,-1.000000000e+00,-1.000000000e+00,-1.000000000e+00,row,0,-1.000000000e+00,-1.000000
scheme_a,double,global,global,16384,16384,20,8,8,1,17,1.688228000e-03,4.627365750e-01,9.135400000e-05,4.644870140e-01,4.644870140e-01,-1.000000000e+00,-1.000000000e+00,23.116724,23.204170,-1.000000,-1.000000000e+00,-1.000000000e+00,-1.000000000e+00,row,0,-1.000000000e+00,-1.000000
scheme_a,double,global,global,16384,16384,20,8,8,1,18,1.714183000e-03,4.604632220e-01,2.553030000e-04,4.624289610e-01,4.624289610e-01,-1.000000000e+00,-1.000000000e+00,23.219606,23.318732,-1.000000,-1.000000000e+00,-1.000000000e+00,-1.000000000e+00,row,0,-1.000000000e+00,-1.000000
scheme_a,double,global,global,16384,16384,20,8,8,1,19,1.727507000e-03,4.622957850e-01,1.055910000e-04,4.640800870e-01,4.640800870e-01,-1.000000000e+00,-1.000000000e+00,23.136994,23.226295,-1.000000,-1.000000000e+00,-1.000000000e+00,-1.000000000e+00,row,0,-1.000000000e+00,-1.000000
scheme_a,double,global,global,16384,16384,20,8,8,1,20,1.667213000e-03,4.610879730e-01,1.045960000e-04,4.628322380e-01,4.628322380e-01,-1.000000000e+00,-1.000000000e+00,23.199374,23.287136,-1.000000,-1.000000000e+00,-1.000000000e+00,-1.000000000e+00,row,0,-1.000000000e+00,-1.000000
scheme_a,double,global,global,16384,16384,32,8,8,1,1,2.005542000e-03,1.142219469e+00,4.571790000e-04,1.144297040e+00,1.144297040e+00,-1.000000000e+00,-1.000000000e+00,15.013470,15.040778,-1.000000,-1.000000000e+00,-1.000000000e+00,-1.000000000e+00,row,0,-1.000000000e+00,-1.000000
scheme_a,double,global,global,16384,16384,32,8,8,1,2,2.033469000e-03,1.151950305e+00,3.853610000e-04,1.154284479e+00,1.154284479e+00,-1.000000000e+00,-1.000000000e+00,14.883566,14.913724,-1.000000,-1.000000000e+00,-1.000000000e+00,-1.000000000e+00,row,0,-1.000000000e+00,-1.000000
scheme_a,double,global,global,16384,16384,32,8,8,1,3,2.039703000e-03,1.174482988e+00,1.840280000e-04,1.176608652e+00,1.176608652e+00,-1.000000000e+00,-1.000000000e+00,14.601175,14.627602,-1.000000,-1.000000000e+00,-1.000000000e+00,-1.000000000e+00,row,0,-1.000000000e+00,-1.000000
scheme_a,double,global,global,16384,16384,32,8,8,1,4,2.070313000e-03,1.155836794e+00,4.489600000e-04,1.158009685e+00,1.158009685e+00,-1.000000000e+00,-1.000000000e+00,14.835687,14.863577,-1.000000,-1.000000000e+00,-1.000000000e+00,-1.000000000e+00,row,0,-1.000000000e+00,-1.000000
scheme_a,double,global,global,16384,16384,32,8,8,1,5,2.033020000e-03,1.142865526e+00,4.000240000e-04,1.144986861e+00,1.144986861e+00,-1.000000000e+00,-1.000000000e+00,15.004425,15.032275,-1.000000,-1.000000000e+00,-1.000000000e+00,-1.000000000e+00,row,0,-1.000000000e+00,-1.000000
scheme_a,double,global,global,16384,16384,32,8,8,1,6,2.022615000e-03,1.139824082e+00,5.448610000e-04,1.142182900e+00,1.142182900e+00,-1.000000000e+00,-1.000000000e+00,15.041259,15.072387,-1.000000,-1.000000000e+00,-1.000000000e+00,-1.000000000e+00,row,0,-1.000000000e+00,-1.000000
scheme_a,double,global,global,16384,16384,32,8,8,1,7,2.034711000e-03,1.142782457e+00,3.723700000e-04,1.144813495e+00,1.144813495e+00,-1.000000000e+00,-1.000000000e+00,15.006697,15.033368,-1.000000,-1.000000000e+00,-1.000000000e+00,-1.000000000e+00,row,0,-1.000000000e+00,-1.000000
scheme_a,double,global,global,16384,16384,32,8,8,1,8,2.030997000e-03,1.137678047e+00,5.036330000e-04,1.139790328e+00,1.139790328e+00,-1.000000000e+00,-1.000000000e+00,15.072833,15.100818,-1.000000,-1.000000000e+00,-1.000000000e+00,-1.000000000e+00,row,0,-1.000000000e+00,-1.000000
scheme_a,double,global,global,16384,16384,32,8,8,1,9,2.031537000e-03,1.148360395e+00,3.463080000e-04,1.150472516e+00,1.150472516e+00,-1.000000000e+00,-1.000000000e+00,14.932881,14.960346,-1.000000,-1.000000000e+00,-1.000000000e+00,-1.000000000e+00,row,0,-1.000000000e+00,-1.000000
scheme_a,double,global,global,16384,16384,32,8,8,1,10,2.049192000e-03,1.143790885e+00,1.999760000e-04,1.145930929e+00,1.145930929e+00,-1.000000000e+00,-1.000000000e+00,14.992063,15.020114,-1.000000,-1.000000000e+00,-1.000000000e+00,-1.000000000e+00,row,0,-1.000000000e+00,-1.000000
scheme_a,double,global,global,16384,16384,32,8,8,1,11,2.023391000e-03,1.133442205e+00,2.256200000e-04,1.135577801e+00,1.135577801e+00,-1.000000000e+00,-1.000000000e+00,15.128747,15.157252,-1.000000,-1.000000000e+00,-1.000000000e+00,-1.000000000e+00,row,0,-1.000000000e+00,-1.000000
scheme_a,double,global,global,16384,16384,32,8,8,1,12,2.032986000e-03,1.142340826e+00,1.908450000e-04,1.144366906e+00,1.144366906e+00,-1.000000000e+00,-1.000000000e+00,15.012553,15.039180,-1.000000,-1.000000000e+00,-1.000000000e+00,-1.000000000e+00,row,0,-1.000000000e+00,-1.000000
scheme_a,double,global,global,16384,16384,32,8,8,1,13,2.087401000e-03,1.133417743e+00,1.927580000e-04,1.135578615e+00,1.135578615e+00,-1.000000000e+00,-1.000000000e+00,15.128736,15.157579,-1.000000,-1.000000000e+00,-1.000000000e+00,-1.000000000e+00,row,0,-1.000000000e+00,-1.000000
scheme_a,double,global,global,16384,16384,32,8,8,1,14,2.020044000e-03,1.154771536e+00,3.534290000e-04,1.156893362e+00,1.156893362e+00,-1.000000000e+00,-1.000000000e+00,14.850002,14.877288,-1.000000,-1.000000000e+00,-1.000000000e+00,-1.000000000e+00,row,0,-1.000000000e+00,-1.000000
scheme_a,double,global,global,16384,16384,32,8,8,1,15,2.072668000e-03,1.133289178e+00,2.159100000e-04,1.135460938e+00,1.135460938e+00,-1.000000000e+00,-1.000000000e+00,15.130304,15.159299,-1.000000,-1.000000000e+00,-1.000000000e+00,-1.000000000e+00,row,0,-1.000000000e+00,-1.000000
scheme_a,double,global,global,16384,16384,32,8,8,1,16,2.038633000e-03,1.139950318e+00,2.059190000e-04,1.142080011e+00,1.142080011e+00,-1.000000000e+00,-1.000000000e+00,15.042614,15.070717,-1.000000,-1.000000000e+00,-1.000000000e+00,-1.000000000e+00,row,0,-1.000000000e+00,-1.000000
scheme_a,double,global,global,16384,16384,32,8,8,1,17,2.037689000e-03,1.150152664e+00,1.831070000e-04,1.152292342e+00,1.152292342e+00,-1.000000000e+00,-1.000000000e+00,14.909297,14.937034,-1.000000,-1.000000000e+00,-1.000000000e+00,-1.000000000e+00,row,0,-1.000000000e+00,-1.000000
scheme_a,double,global,global,16384,16384,32,8,8,1,18,2.026264000e-03,1.142205861e+00,2.017100000e-04,1.144323756e+00,1.144323756e+00,-1.000000000e+00,-1.000000000e+00,15.013119,15.040957,-1.000000,-1.000000000e+00,-1.000000000e+00,-1.000000000e+00,row,0,-1.000000000e+00,-1.000000
scheme_a,double,global,global,16384,16384,32,8,8,1,19,2.031726000e-03,1.148209019e+00,2.218880000e-04,1.150329117e+00,1.150329117e+00,-1.000000000e+00,-1.000000000e+00,14.934743,14.962319,-1.000000,-1.000000000e+00,-1.000000000e+00,-1.000000000e+00,row,0,-1.000000000e+00,-1.000000
scheme_a,double,global,global,16384,16384,32,8,8,1,20,2.055307000e-03,1.159660028e+00,1.963860000e-04,1.161814140e+00,1.161814140e+00,-1.000000000e+00,-1.000000000e+00,14.787106,14.814574,-1.000000,-1.000000000e+00,-1.000000000e+00,-1.000000000e+00,row,0,-1.000000000e+00,-1.000000
