kernel,scalar,a_mode,x_mode,M,N,k,P,pr,pc,rep,t_bcast_s,t_local_s,t_reduce_s,t_total_s,t_official_s,t_kernel_s,t_transfer_runtime_overhead_s,gflops,gflops_compute,gflops_kernel,t_h2d_X_s,t_d2h_Y_s,t_launch_overhead_s,x_layout,group_timing,t_local_group_s,gflops_local_group
scheme_a_jblock,double,global,global,16384,16384,3,8,1,8,1,3.830000002e-07,6.224233500e-02,2.427652000e-03,6.429391100e-02,6.429391100e-02,-1.000000000e+00,-1.000000000e+00,25.050782,25.876483,-1.000000,-1.000000000e+00,-1.000000000e+00,-1.000000000e+00,row,0,-1.000000000e+00,-1.000000
scheme_a_jblock,double,global,global,16384,16384,3,8,1,8,2,5.820000000e-07,6.182663700e-02,1.071184000e-03,6.260966000e-02,6.260966000e-02,-1.000000000e+00,-1.000000000e+00,25.724668,26.050467,-1.000000,-1.000000000e+00,-1.000000000e+00,-1.000000000e+00,row,0,-1.000000000e+00,-1.000000
scheme_a_jblock,double,global,global,16384,16384,3,8,1,8,3,5.450000000e-07,6.231212700e-02,1.507109000e-03,6.311385800e-02,6.311385800e-02,-1.000000000e+00,-1.000000000e+00,25.519162,25.847501,-1.000000,-1.000000000e+00,-1.000000000e+00,-1.000000000e+00,row,0,-1.000000000e+00,-1.000000
scheme_a_jblock,double,global,global,16384,16384,3,8,1,8,4,3.609999997e-07,6.424464500e-02,1.780784000e-03,6.493051400e-02,6.493051400e-02,-1.000000000e+00,-1.000000000e+00,24.805175,25.069992,-1.000000,-1.000000000e+00,-1.000000000e+00,-1.000000000e+00,row,0,-1.000000000e+00,-1.000000
scheme_a_jblock,double,global,global,16384,16384,3,8,1,8,5,3.710000001e-07,6.172367200e-02,1.151818000e-03,6.246279300e-02,6.246279300e-02,-1.000000000e+00,-1.000000000e+00,25.785154,26.093923,-1.000000,-1.000000000e+00,-1.000000000e+00,-1.000000000e+00,row,0,-1.000000000e+00,-1.000000
scheme_a_jblock,double,global,global,16384,16384,3,8,1,8,6,3.159999999e-07,6.260995700e-02,2.248352000e-03,6.329251300e-02,6.329251300e-02,-1.000000000e+00,-1.000000000e+00,25.447129,25.724546,-1.000000,-1.000000000e+00,-1.000000000e+00,-1.000000000e+00,row,0,-1.000000000e+00,-1.000000
scheme_a_jblock,double,global,global,16384,16384,3,8,1,8,7,3.170000000e-07,6.205012100e-02,1.797954000e-03,6.265167500e-02,6.265167500e-02,-1.000000000e+00,-1.000000000e+00,25.707417,25.956641,-1.000000,-1.000000000e+00,-1.000000000e+00,-1.000000000e+00,row,0,-1.000000000e+00,-1.000000
scheme_a_jblock,double,global,global,16384,16384,3,8,1,8,8,4.969999998e-07,6.185734400e-02,1.668882000e-03,6.266359400e-02,6.266359400e-02,-1.000000000e+00,-1.000000000e+00,25.702527,26.037535,-1.000000,-1.000000000e+00,-1.000000000e+00,-1.000000000e+00,row,0,-1.000000000e+00,-1.000000
scheme_a_jblock,double,global,global,16384,16384,3,8,1,8,9,5.470000000e-07,6.429835500e-02,2.811421000e-03,6.517929800e-02,6.517929800e-02,-1.000000000e+00,-1.000000000e+00,24.710495,25.049050,-1.000000,-1.000000000e+00,-1.000000000e+00,-1.000000000e+00,row,0,-1.000000000e+00,-1.000000
scheme_a_jblock,double,global,global,16384,16384,3,8,1,8,10,4.689999997e-07,6.271952200e-02,1.600446000e-03,6.341737100e-02,6.341737100e-02,-1.000000000e+00,-1.000000000e+00,25.397028,25.679608,-1.000000,-1.000000000e+00,-1.000000000e+00,-1.000000000e+00,row,0,-1.000000000e+00,-1.000000
scheme_a_jblock,double,global,global,16384,16384,3,8,1,8,11,3.980000001e-07,6.382244000e-02,1.238112000e-03,6.458516900e-02,6.458516900e-02,-1.000000000e+00,-1.000000000e+00,24.937811,25.235838,-1.000000,-1.000000000e+00,-1.000000000e+00,-1.000000000e+00,row,0,-1.000000000e+00,-1.000000
scheme_a_jblock,double,global,global,16384,16384,3,8,1,8,12,3.209999999e-07,6.209018200e-02,1.737671000e-03,6.278213700e-02,6.278213700e-02,-1.000000000e+00,-1.000000000e+00,25.653997,25.939894,-1.000000,-1.000000000e+00,-1.000000000e+00,-1.000000000e+00,row,0,-1.000000000e+00,-1.000000
scheme_a_jblock,double,global,global,16384,16384,3,8,1,8,13,2.929999998e-07,6.374517900e-02,1.775633000e-03,6.444940100e-02,6.444940100e-02,-1.000000000e+00,-1.000000000e+00,24.990345,25.266424,-1.000000,-1.000000000e+00,-1.000000000e+00,-1.000000000e+00,row,0,-1.000000000e+00,-1.000000
scheme_a_jblock,double,global,global,16384,16384,3,8,1,8,14,5.910000000e-07,6.389744200e-02,3.235810000e-03,6.450788800e-02,6.450788800e-02,-1.000000000e+00,-1.000000000e+00,24.967687,25.206216,-1.000000,-1.000000000e+00,-1.000000000e+00,-1.000000000e+00,row,0,-1.000000000e+00,-1.000000
scheme_a_jblock,double,global,global,16384,16384,3,8,1,8,15,3.639999999e-07,6.448762000e-02,2.639281000e-03,6.513576300e-02,6.513576300e-02,-1.000000000e+00,-1.000000000e+00,24.727011,24.975534,-1.000000,-1.000000000e+00,-1.000000000e+00,-1.000000000e+00,row,0,-1.000000000e+00,-1.000000
scheme_a_jblock,double,global,global,16384,16384,3,8,1,8,16,5.949999999e-07,6.286823600e-02,1.625478000e-03,6.356480900e-02,6.356480900e-02,-1.000000000e+00,-1.000000000e+00,25.338120,25.618863,-1.000000,-1.000000000e+00,-1.000000000e+00,-1.000000000e+00,row,0,-1.000000000e+00,-1.000000
scheme_a_jblock,double,global,global,16384,16384,3,8,1,8,17,3.299999998e-07,6.383225300e-02,1.309461000e-03,6.447352300e-02,6.447352300e-02,-1.000000000e+00,-1.000000000e+00,24.980995,25.231958,-1.000000,-1.000000000e+00,-1.000000000e+00,-1.000000000e+00,row,0,-1.000000000e+00,-1.000000
scheme_a_jblock,double,global,global,16384,16384,3,8,1,8,18,6.269999999e-07,6.271303200e-02,2.147408000e-03,6.336116300e-02,6.336116300e-02,-1.000000000e+00,-1.000000000e+00,25.419558,25.682265,-1.000000,-1.000000000e+00,-1.000000000e+00,-1.000000000e+00,row,0,-1.000000000e+00,-1.000000
scheme_a_jblock,double,global,global,16384,16384,3,8,1,8,19,3.149999999e-07,6.396922900e-02,2.075640000e-03,6.482148900e-02,6.482148900e-02,-1.000000000e+00,-1.000000000e+00,24.846895,25.177929,-1.000000,-1.000000000e+00,-1.000000000e+00,-1.000000000e+00,row,0,-1.000000000e+00,-1.000000
scheme_a_jblock,double,global,global,16384,16384,3,8,1,8,20,1.247000000e-06,6.229374800e-02,2.380234000e-03,6.304577700e-02,6.304577700e-02,-1.000000000e+00,-1.000000000e+00,25.546719,25.855127,-1.000000,-1.000000000e+00,-1.000000000e+00,-1.000000000e+00,row,0,-1.000000000e+00,-1.000000
scheme_a_jblock,double,global,global,16384,16384,6,8,1,8,1,4.780000000e-07,7.235507400e-02,2.583038000e-03,7.372593000e-02,7.372593000e-02,-1.000000000e+00,-1.000000000e+00,43.691893,44.519690,-1.000000,-1.000000000e+00,-1.000000000e+00,-1.000000000e+00,row,0,-1.000000000e+00,-1.000000
scheme_a_jblock,double,global,global,16384,16384,6,8,1,8,2,4.579999999e-07,7.283371600e-02,3.076003000e-03,7.428229100e-02,7.428229100e-02,-1.000000000e+00,-1.000000000e+00,43.364649,44.227120,-1.000000,-1.000000000e+00,-1.000000000e+00,-1.000000000e+00,row,0,-1.000000000e+00,-1.000000
scheme_a_jblock,double,global,global,16384,16384,6,8,1,8,3,4.069999999e-07,7.074136400e-02,2.102523000e-03,7.216193300e-02,7.216193300e-02,-1.000000000e+00,-1.000000000e+00,44.638847,45.535247,-1.000000,-1.000000000e+00,-1.000000000e+00,-1.000000000e+00,row,0,-1.000000000e+00,-1.000000
scheme_a_jblock,double,global,global,16384,16384,6,8,1,8,4,6.189999997e-07,7.055237600e-02,2.601898000e-03,7.199372400e-02,7.199372400e-02,-1.000000000e+00,-1.000000000e+00,44.743143,45.657222,-1.000000,-1.000000000e+00,-1.000000000e+00,-1.000000000e+00,row,0,-1.000000000e+00,-1.000000
scheme_a_jblock,double,global,global,16384,16384,6,8,1,8,5,9.750000003e-07,7.073641600e-02,2.299427000e-03,7.234650600e-02,7.234650600e-02,-1.000000000e+00,-1.000000000e+00,44.524963,45.538432,-1.000000,-1.000000000e+00,-1.000000000e+00,-1.000000000e+00,row,0,-1.000000000e+00,-1.000000
scheme_a_jblock,double,global,global,16384,16384,6,8,1,8,6,3.490000000e-07,7.071817500e-02,2.255178000e-03,7.252780500e-02,7.252780500e-02,-1.000000000e+00,-1.000000000e+00,44.413663,45.550178,-1.000000,-1.000000000e+00,-1.000000000e+00,-1.000000000e+00,row,0,-1.000000000e+00,-1.000000
scheme_a_jblock,double,global,global,16384,16384,6,8,1,8,7,3.570000002e-07,7.241280300e-02,2.443898000e-03,7.397624400e-02,7.397624400e-02,-1.000000000e+00,-1.000000000e+00,43.544053,44.484198,-1.000000,-1.000000000e+00,-1.000000000e+00,-1.000000000e+00,row,0,-1.000000000e+00,-1.000000
scheme_a_jblock,double,global,global,16384,16384,6,8,1,8,8,4.520000001e-07,7.022310200e-02,2.072859000e-03,7.196599600e-02,7.196599600e-02,-1.000000000e+00,-1.000000000e+00,44.760382,45.871307,-1.000000,-1.000000000e+00,-1.000000000e+00,-1.000000000e+00,row,0,-1.000000000e+00,-1.000000
scheme_a_jblock,double,global,global,16384,16384,6,8,1,8,9,7.470000001e-07,7.302310000e-02,2.936884000e-03,7.427155700e-02,7.427155700e-02,-1.000000000e+00,-1.000000000e+00,43.370916,44.112417,-1.000000,-1.000000000e+00,-1.000000000e+00,-1.000000000e+00,row,0,-1.000000000e+00,-1.000000
scheme_a_jblock,double,global,global,16384,16384,6,8,1,8,10,6.280000004e-07,7.045678300e-02,2.239984000e-03,7.191892200e-02,7.191892200e-02,-1.000000000e+00,-1.000000000e+00,44.789680,45.719168,-1.000000,-1.000000000e+00,-1.000000000e+00,-1.000000000e+00,row,0,-1.000000000e+00,-1.000000
scheme_a_jblock,double,global,global,16384,16384,6,8,1,8,11,5.900000000e-07,7.093528100e-02,2.539128000e-03,7.241300000e-02,7.241300000e-02,-1.000000000e+00,-1.000000000e+00,44.484077,45.410766,-1.000000,-1.000000000e+00,-1.000000000e+00,-1.000000000e+00,row,0,-1.000000000e+00,-1.000000
scheme_a_jblock,double,global,global,16384,16384,6,8,1,8,12,4.539999998e-07,7.092510200e-02,2.334913000e-03,7.221102700e-02,7.221102700e-02,-1.000000000e+00,-1.000000000e+00,44.608498,45.417284,-1.000000,-1.000000000e+00,-1.000000000e+00,-1.000000000e+00,row,0,-1.000000000e+00,-1.000000
scheme_a_jblock,double,global,global,16384,16384,6,8,1,8,13,4.569999996e-07,7.096642300e-02,2.385783000e-03,7.277403700e-02,7.277403700e-02,-1.000000000e+00,-1.000000000e+00,44.263388,45.390839,-1.000000,-1.000000000e+00,-1.000000000e+00,-1.000000000e+00,row,0,-1.000000000e+00,-1.000000
scheme_a_jblock,double,global,global,16384,16384,6,8,1,8,14,4.319999998e-07,7.292353700e-02,3.590034000e-03,7.418591100e-02,7.418591100e-02,-1.000000000e+00,-1.000000000e+00,43.420987,44.172644,-1.000000,-1.000000000e+00,-1.000000000e+00,-1.000000000e+00,row,0,-1.000000000e+00,-1.000000
scheme_a_jblock,double,global,global,16384,16384,6,8,1,8,15,4.639999998e-07,7.060352100e-02,2.275275000e-03,7.208822500e-02,7.208822500e-02,-1.000000000e+00,-1.000000000e+00,44.684489,45.624148,-1.000000,-1.000000000e+00,-1.000000000e+00,-1.000000000e+00,row,0,-1.000000000e+00,-1.000000
scheme_a_jblock,double,global,global,16384,16384,6,8,1,8,16,6.610000001e-07,7.182082600e-02,2.181900000e-03,7.337542700e-02,7.337542700e-02,-1.000000000e+00,-1.000000000e+00,43.900603,44.850855,-1.000000,-1.000000000e+00,-1.000000000e+00,-1.000000000e+00,row,0,-1.000000000e+00,-1.000000
scheme_a_jblock,double,global,global,16384,16384,6,8,1,8,17,1.198000000e-06,7.216810000e-02,2.236025000e-03,7.365873900e-02,7.365873900e-02,-1.000000000e+00,-1.000000000e+00,43.731749,44.635032,-1.000000,-1.000000000e+00,-1.000000000e+00,-1.000000000e+00,row,0,-1.000000000e+00,-1.000000
scheme_a_jblock,double,global,global,16384,16384,6,8,1,8,18,3.770000001e-07,7.036819600e-02,2.014086000e-03,7.215771900e-02,7.215771900e-02,-1.000000000e+00,-1.000000000e+00,44.641454,45.776724,-1.000000,-1.000000000e+00,-1.000000000e+00,-1.000000000e+00,row,0,-1.000000000e+00,-1.000000
scheme_a_jblock,double,global,global,16384,16384,6,8,1,8,19,5.960000000e-07,7.239310700e-02,2.093816000e-03,7.408449900e-02,7.408449900e-02,-1.000000000e+00,-1.000000000e+00,43.480425,44.496301,-1.000000,-1.000000000e+00,-1.000000000e+00,-1.000000000e+00,row,0,-1.000000000e+00,-1.000000
scheme_a_jblock,double,global,global,16384,16384,6,8,1,8,20,3.940000002e-07,7.010923900e-02,2.578256000e-03,7.230498700e-02,7.230498700e-02,-1.000000000e+00,-1.000000000e+00,44.550530,45.945806,-1.000000,-1.000000000e+00,-1.000000000e+00,-1.000000000e+00,row,0,-1.000000000e+00,-1.000000
scheme_a_jblock,double,global,global,16384,16384,8,8,1,8,1,7.700000000e-07,6.967893200e-02,3.111960000e-03,7.149167500e-02,7.149167500e-02,-1.000000000e+00,-1.000000000e+00,60.076468,61.639396,-1.000000,-1.000000000e+00,-1.000000000e+00,-1.000000000e+00,row,0,-1.000000000e+00,-1.000000
scheme_a_jblock,double,global,global,16384,16384,8,8,1,8,2,6.620000002e-07,7.090380500e-02,2.431886000e-03,7.296197800e-02,7.296197800e-02,-1.000000000e+00,-1.000000000e+00,58.865829,60.574567,-1.000000,-1.000000000e+00,-1.000000000e+00,-1.000000000e+00,row,0,-1.000000000e+00,-1.000000
scheme_a_jblock,double,global,global,16384,16384,8,8,1,8,3,4.880000000e-07,6.981030000e-02,3.027524000e-03,7.164911400e-02,7.164911400e-02,-1.000000000e+00,-1.000000000e+00,59.944458,61.523404,-1.000000,-1.000000000e+00,-1.000000000e+00,-1.000000000e+00,row,0,-1.000000000e+00,-1.000000
scheme_a_jblock,double,global,global,16384,16384,8,8,1,8,4,5.540000001e-07,6.942411500e-02,2.546177000e-03,7.191909700e-02,7.191909700e-02,-1.000000000e+00,-1.000000000e+00,59.719427,61.865640,-1.000000,-1.000000000e+00,-1.000000000e+00,-1.000000000e+00,row,0,-1.000000000e+00,-1.000000
scheme_a_jblock,double,global,global,16384,16384,8,8,1,8,5,3.330000000e-07,6.894270300e-02,2.444990000e-03,7.135306500e-02,7.135306500e-02,-1.000000000e+00,-1.000000000e+00,60.193172,62.297634,-1.000000,-1.000000000e+00,-1.000000000e+00,-1.000000000e+00,row,0,-1.000000000e+00,-1.000000
scheme_a_jblock,double,global,global,16384,16384,8,8,1,8,6,1.172000000e-06,6.934227500e-02,2.760167000e-03,7.183040000e-02,7.183040000e-02,-1.000000000e+00,-1.000000000e+00,59.793170,61.938656,-1.000000,-1.000000000e+00,-1.000000000e+00,-1.000000000e+00,row,0,-1.000000000e+00,-1.000000
scheme_a_jblock,double,global,global,16384,16384,8,8,1,8,7,5.079999998e-07,7.021456100e-02,3.180348000e-03,7.202296400e-02,7.202296400e-02,-1.000000000e+00,-1.000000000e+00,59.633304,61.169183,-1.000000,-1.000000000e+00,-1.000000000e+00,-1.000000000e+00,row,0,-1.000000000e+00,-1.000000
scheme_a_jblock,double,global,global,16384,16384,8,8,1,8,8,7.849999997e-07,6.959239300e-02,3.443986000e-03,7.171969300e-02,7.171969300e-02,-1.000000000e+00,-1.000000000e+00,59.885467,61.716046,-1.000000,-1.000000000e+00,-1.000000000e+00,-1.000000000e+00,row,0,-1.000000000e+00,-1.000000
scheme_a_jblock,double,global,global,16384,16384,8,8,1,8,9,9.580000002e-07,6.950063000e-02,3.308589000e-03,7.169130000e-02,7.169130000e-02,-1.000000000e+00,-1.000000000e+00,59.909184,61.797530,-1.000000,-1.000000000e+00,-1.000000000e+00,-1.000000000e+00,row,0,-1.000000000e+00,-1.000000
scheme_a_jblock,double,global,global,16384,16384,8,8,1,8,10,9.160000003e-07,6.985889700e-02,3.469652000e-03,7.228298800e-02,7.228298800e-02,-1.000000000e+00,-1.000000000e+00,59.418785,61.480606,-1.000000,-1.000000000e+00,-1.000000000e+00,-1.000000000e+00,row,0,-1.000000000e+00,-1.000000
scheme_a_jblock,double,global,global,16384,16384,8,8,1,8,11,8.910000000e-07,6.938594200e-02,2.671660000e-03,7.175608800e-02,7.175608800e-02,-1.000000000e+00,-1.000000000e+00,59.855093,61.899676,-1.000000,-1.000000000e+00,-1.000000000e+00,-1.000000000e+00,row,0,-1.000000000e+00,-1.000000
scheme_a_jblock,double,global,global,16384,16384,8,8,1,8,12,1.383000000e-06,7.011765500e-02,2.498727000e-03,7.259906700e-02,7.259906700e-02,-1.000000000e+00,-1.000000000e+00,59.160089,61.253721,-1.000000,-1.000000000e+00,-1.000000000e+00,-1.000000000e+00,row,0,-1.000000000e+00,-1.000000
scheme_a_jblock,double,global,global,16384,16384,8,8,1,8,13,5.010000002e-07,6.937338600e-02,2.767384000e-03,7.134972400e-02,7.134972400e-02,-1.000000000e+00,-1.000000000e+00,60.195990,61.910879,-1.000000,-1.000000000e+00,-1.000000000e+00,-1.000000000e+00,row,0,-1.000000000e+00,-1.000000
scheme_a_jblock,double,global,global,16384,16384,8,8,1,8,14,5.100000000e-07,6.961671000e-02,2.993035000e-03,7.130274400e-02,7.130274400e-02,-1.000000000e+00,-1.000000000e+00,60.235652,61.694488,-1.000000,-1.000000000e+00,-1.000000000e+00,-1.000000000e+00,row,0,-1.000000000e+00,-1.000000
scheme_a_jblock,double,global,global,16384,16384,8,8,1,8,15,5.979999997e-07,6.913613700e-02,3.628781000e-03,7.143163000e-02,7.143163000e-02,-1.000000000e+00,-1.000000000e+00,60.126968,62.123334,-1.000000,-1.000000000e+00,-1.000000000e+00,-1.000000000e+00,row,0,-1.000000000e+00,-1.000000
scheme_a_jblock,double,global,global,16384,16384,8,8,1,8,16,5.600000001e-07,6.948378200e-02,3.715052000e-03,7.161718300e-02,7.161718300e-02,-1.000000000e+00,-1.000000000e+00,59.971185,61.812515,-1.000000,-1.000000000e+00,-1.000000000e+00,-1.000000000e+00,row,0,-1.000000000e+00,-1.000000
scheme_a_jblock,double,global,global,16384,16384,8,8,1,8,17,4.660000004e-07,7.043106500e-02,3.268316000e-03,7.256041100e-02,7.256041100e-02,-1.000000000e+00,-1.000000000e+00,59.191607,60.981149,-1.000000,-1.000000000e+00,-1.000000000e+00,-1.000000000e+00,row,0,-1.000000000e+00,-1.000000
scheme_a_jblock,double,global,global,16384,16384,8,8,1,8,18,1.504000000e-06,6.912646000e-02,2.662304000e-03,7.152933200e-02,7.152933200e-02,-1.000000000e+00,-1.000000000e+00,60.044840,62.132030,-1.000000,-1.000000000e+00,-1.000000000e+00,-1.000000000e+00,row,0,-1.000000000e+00,-1.000000
scheme_a_jblock,double,global,global,16384,16384,8,8,1,8,19,6.690000003e-07,7.097330000e-02,3.956743000e-03,7.298362100e-02,7.298362100e-02,-1.000000000e+00,-1.000000000e+00,58.848372,60.515254,-1.000000,-1.000000000e+00,-1.000000000e+00,-1.000000000e+00,row,0,-1.000000000e+00,-1.000000
scheme_a_jblock,double,global,global,16384,16384,8,8,1,8,20,6.180000001e-07,6.987447700e-02,3.101559000e-03,7.176070500e-02,7.176070500e-02,-1.000000000e+00,-1.000000000e+00,59.851242,61.466897,-1.000000,-1.000000000e+00,-1.000000000e+00,-1.000000000e+00,row,0,-1.000000000e+00,-1.000000
scheme_a_jblock,double,global,global,16384,16384,20,8,1,8,1,4.659999999e-07,1.013719800e-01,6.437703000e-03,1.077706350e-01,1.077706350e-01,-1.000000000e+00,-1.000000000e+00,99.632133,105.920968,-1.000000,-1.000000000e+00,-1.000000000e+00,-1.000000000e+00,row,0,-1.000000000e+00,-1.000000
scheme_a_jblock,double,global,global,16384,16384,20,8,1,8,2,7.460000000e-07,1.018568300e-01,6.912567000e-03,1.074948710e-01,1.074948710e-01,-1.000000000e+00,-1.000000000e+00,99.887726,105.416772,-1.000000,-1.000000000e+00,-1.000000000e+00,-1.000000000e+00,row,0,-1.000000000e+00,-1.000000
scheme_a_jblock,double,global,global,16384,16384,20,8,1,8,3,3.249999998e-07,1.001615660e-01,7.826426000e-03,1.073967820e-01,1.073967820e-01,-1.000000000e+00,-1.000000000e+00,99.978957,107.200982,-1.000000,-1.000000000e+00,-1.000000000e+00,-1.000000000e+00,row,0,-1.000000000e+00,-1.000000
scheme_a_jblock,double,global,global,16384,16384,20,8,1,8,4,1.095000000e-06,9.965985800e-02,6.317847000e-03,1.055531850e-01,1.055531850e-01,-1.000000000e+00,-1.000000000e+00,101.725194,107.740654,-1.000000,-1.000000000e+00,-1.000000000e+00,-1.000000000e+00,row,0,-1.000000000e+00,-1.000000
scheme_a_jblock,double,global,global,16384,16384,20,8,1,8,5,4.580000001e-07,1.015402050e-01,6.387763000e-03,1.075845740e-01,1.075845740e-01,-1.000000000e+00,-1.000000000e+00,99.804441,105.745485,-1.000000,-1.000000000e+00,-1.000000000e+00,-1.000000000e+00,row,0,-1.000000000e+00,-1.000000
scheme_a_jblock,double,global,global,16384,16384,20,8,1,8,6,3.090000003e-07,1.056192030e-01,7.416426000e-03,1.127959530e-01,1.127959530e-01,-1.000000000e+00,-1.000000000e+00,95.193293,101.661610,-1.000000,-1.000000000e+00,-1.000000000e+00,-1.000000000e+00,row,0,-1.000000000e+00,-1.000000
scheme_a_jblock,double,global,global,16384,16384,20,8,1,8,7,7.119999998e-07,1.009054550e-01,6.098135000e-03,1.070040280e-01,1.070040280e-01,-1.000000000e+00,-1.000000000e+00,100.345926,106.410682,-1.000000,-1.000000000e+00,-1.000000000e+00,-1.000000000e+00,row,0,-1.000000000e+00,-1.000000
scheme_a_jblock,double,global,global,16384,16384,20,8,1,8,8,1.178000000e-06,1.011852300e-01,6.691704000e-03,1.071438150e-01,1.071438150e-01,-1.000000000e+00,-1.000000000e+00,100.215008,106.116458,-1.000000,-1.000000000e+00,-1.000000000e+00,-1.000000000e+00,row,0,-1.000000000e+00,-1.000000
scheme_a_jblock,double,global,global,16384,16384,20,8,1,8,9,6.209999999e-07,1.019575450e-01,6.730164000e-03,1.080302420e-01,1.080302420e-01,-1.000000000e+00,-1.000000000e+00,99.392707,105.312640,-1.000000,-1.000000000e+00,-1.000000000e+00,-1.000000000e+00,row,0,-1.000000000e+00,-1.000000
scheme_a_jblock,double,global,global,16384,16384,20,8,1,8,10,5.229999998e-07,1.003781960e-01,6.567955000e-03,1.062554350e-01,1.062554350e-01,-1.000000000e+00,-1.000000000e+00,101.052885,106.969628,-1.000000,-1.000000000e+00,-1.000000000e+00,-1.000000000e+00,row,0,-1.000000000e+00,-1.000000
scheme_a_jblock,double,global,global,16384,16384,20,8,1,8,11,6.920000000e-07,9.962712800e-02,6.069414000e-03,1.055554620e-01,1.055554620e-01,-1.000000000e+00,-1.000000000e+00,101.723000,107.776049,-1.000000,-1.000000000e+00,-1.000000000e+00,-1.000000000e+00,row,0,-1.000000000e+00,-1.000000
scheme_a_jblock,double,global,global,16384,16384,20,8,1,8,12,7.539999998e-07,1.001043440e-01,6.509987000e-03,1.056120650e-01,1.056120650e-01,-1.000000000e+00,-1.000000000e+00,101.668481,107.262261,-1.000000,-1.000000000e+00,-1.000000000e+00,-1.000000000e+00,row,0,-1.000000000e+00,-1.000000
scheme_a_jblock,double,global,global,16384,16384,20,8,1,8,13,1.071000000e-06,1.013455940e-01,7.178793000e-03,1.082726160e-01,1.082726160e-01,-1.000000000e+00,-1.000000000e+00,99.170212,105.948545,-1.000000,-1.000000000e+00,-1.000000000e+00,-1.000000000e+00,row,0,-1.000000000e+00,-1.000000
scheme_a_jblock,double,global,global,16384,16384,20,8,1,8,14,5.499999998e-07,1.007736970e-01,6.092455000e-03,1.067779650e-01,1.067779650e-01,-1.000000000e+00,-1.000000000e+00,100.558371,106.549810,-1.000000,-1.000000000e+00,-1.000000000e+00,-1.000000000e+00,row,0,-1.000000000e+00,-1.000000
scheme_a_jblock,double,global,global,16384,16384,20,8,1,8,15,6.359999998e-07,1.015503020e-01,6.426230000e-03,1.074391460e-01,1.074391460e-01,-1.000000000e+00,-1.000000000e+00,99.939535,105.734971,-1.000000,-1.000000000e+00,-1.000000000e+00,-1.000000000e+00,row,0,-1.000000000e+00,-1.000000
scheme_a_jblock,double,global,global,16384,16384,20,8,1,8,16,4.319999998e-07,1.014706950e-01,7.262308000e-03,1.077544960e-01,1.077544960e-01,-1.000000000e+00,-1.000000000e+00,99.647055,105.817923,-1.000000,-1.000000000e+00,-1.000000000e+00,-1.000000000e+00,row,0,-1.000000000e+00,-1.000000
scheme_a_jblock,double,global,global,16384,16384,20,8,1,8,17,4.179999999e-07,1.008454570e-01,6.592088000e-03,1.068754350e-01,1.068754350e-01,-1.000000000e+00,-1.000000000e+00,100.466662,106.473991,-1.000000,-1.000000000e+00,-1.000000000e+00,-1.000000000e+00,row,0,-1.000000000e+00,-1.000000
scheme_a_jblock,double,global,global,16384,16384,20,8,1,8,18,4.290000004e-07,1.050430560e-01,6.228612000e-03,1.110698060e-01,1.110698060e-01,-1.000000000e+00,-1.000000000e+00,96.672702,102.219210,-1.000000,-1.000000000e+00,-1.000000000e+00,-1.000000000e+00,row,0,-1.000000000e+00,-1.000000
scheme_a_jblock,double,global,global,16384,16384,20,8,1,8,19,7.570000000e-07,1.008657870e-01,6.580959000e-03,1.067628410e-01,1.067628410e-01,-1.000000000e+00,-1.000000000e+00,100.572616,106.452530,-1.000000,-1.000000000e+00,-1.000000000e+00,-1.000000000e+00,row,0,-1.000000000e+00,-1.000000
scheme_a_jblock,double,global,global,16384,16384,20,8,1,8,20,5.110000005e-07,1.000612600e-01,6.722132000e-03,1.064913980e-01,1.064913980e-01,-1.000000000e+00,-1.000000000e+00,100.828972,107.308445,-1.000000,-1.000000000e+00,-1.000000000e+00,-1.000000000e+00,row,0,-1.000000000e+00,-1.000000
scheme_a_jblock,double,global,global,16384,16384,32,8,1,8,1,1.031000000e-06,1.608837020e-01,9.001406000e-03,1.694824510e-01,1.694824510e-01,-1.000000000e+00,-1.000000000e+00,101.366655,106.784397,-1.000000,-1.000000000e+00,-1.000000000e+00,-1.000000000e+00,row,0,-1.000000000e+00,-1.000000
scheme_a_jblock,double,global,global,16384,16384,32,8,1,8,2,1.064000000e-06,1.590932620e-01,8.550445000e-03,1.673146660e-01,1.673146660e-01,-1.000000000e+00,-1.000000000e+00,102.679996,107.986152,-1.000000,-1.000000000e+00,-1.000000000e+00,-1.000000000e+00,row,0,-1.000000000e+00,-1.000000
scheme_a_jblock,double,global,global,16384,16384,32,8,1,8,3,7.350000004e-07,1.607699800e-01,8.963371000e-03,1.697338170e-01,1.697338170e-01,-1.000000000e+00,-1.000000000e+00,101.216537,106.859932,-1.000000,-1.000000000e+00,-1.000000000e+00,-1.000000000e+00,row,0,-1.000000000e+00,-1.000000
scheme_a_jblock,double,global,global,16384,16384,32,8,1,8,4,8.389999997e-07,1.675067410e-01,8.548503000e-03,1.760557980e-01,1.760557980e-01,-1.000000000e+00,-1.000000000e+00,97.581956,102.562256,-1.000000,-1.000000000e+00,-1.000000000e+00,-1.000000000e+00,row,0,-1.000000000e+00,-1.000000
scheme_a_jblock,double,global,global,16384,16384,32,8,1,8,5,1.732000000e-06,1.607243550e-01,8.689513000e-03,1.690552940e-01,1.690552940e-01,-1.000000000e+00,-1.000000000e+00,101.622781,106.890267,-1.000000,-1.000000000e+00,-1.000000000e+00,-1.000000000e+00,row,0,-1.000000000e+00,-1.000000
scheme_a_jblock,double,global,global,16384,16384,32,8,1,8,6,6.799999999e-07,1.633677310e-01,9.351111000e-03,1.725171370e-01,1.725171370e-01,-1.000000000e+00,-1.000000000e+00,99.583551,105.160726,-1.000000,-1.000000000e+00,-1.000000000e+00,-1.000000000e+00,row,0,-1.000000000e+00,-1.000000
scheme_a_jblock,double,global,global,16384,16384,32,8,1,8,7,1.063000000e-06,1.625012020e-01,8.768270000e-03,1.712705350e-01,1.712705350e-01,-1.000000000e+00,-1.000000000e+00,100.308376,105.721490,-1.000000,-1.000000000e+00,-1.000000000e+00,-1.000000000e+00,row,0,-1.000000000e+00,-1.000000
scheme_a_jblock,double,global,global,16384,16384,32,8,1,8,8,7.059999998e-07,1.635171850e-01,8.893839000e-03,1.720084100e-01,1.720084100e-01,-1.000000000e+00,-1.000000000e+00,99.878077,105.064609,-1.000000,-1.000000000e+00,-1.000000000e+00,-1.000000000e+00,row,0,-1.000000000e+00,-1.000000
scheme_a_jblock,double,global,global,16384,16384,32,8,1,8,9,5.539999997e-07,1.625734450e-01,8.775755000e-03,1.713495390e-01,1.713495390e-01,-1.000000000e+00,-1.000000000e+00,100.262127,105.674510,-1.000000,-1.000000000e+00,-1.000000000e+00,-1.000000000e+00,row,0,-1.000000000e+00,-1.000000
scheme_a_jblock,double,global,global,16384,16384,32,8,1,8,10,7.969999998e-07,1.614071810e-01,8.320009000e-03,1.697279550e-01,1.697279550e-01,-1.000000000e+00,-1.000000000e+00,101.220033,106.438072,-1.000000,-1.000000000e+00,-1.000000000e+00,-1.000000000e+00,row,0,-1.000000000e+00,-1.000000
scheme_a_jblock,double,global,global,16384,16384,32,8,1,8,11,6.750000008e-07,1.633895600e-01,9.341149000e-03,1.727313590e-01,1.727313590e-01,-1.000000000e+00,-1.000000000e+00,99.460048,105.146676,-1.000000,-1.000000000e+00,-1.000000000e+00,-1.000000000e+00,row,0,-1.000000000e+00,-1.000000
scheme_a_jblock,double,global,global,16384,16384,32,8,1,8,12,7.499999999e-07,1.601859080e-01,9.079982000e-03,1.692666400e-01,1.692666400e-01,-1.000000000e+00,-1.000000000e+00,101.495895,107.249566,-1.000000,-1.000000000e+00,-1.000000000e+00,-1.000000000e+00,row,0,-1.000000000e+00,-1.000000
scheme_a_jblock,double,global,global,16384,16384,32,8,1,8,13,6.619999997e-07,1.592776100e-01,9.115305000e-03,1.679139230e-01,1.679139230e-01,-1.000000000e+00,-1.000000000e+00,102.313548,107.861169,-1.000000,-1.000000000e+00,-1.000000000e+00,-1.000000000e+00,row,0,-1.000000000e+00,-1.000000
scheme_a_jblock,double,global,global,16384,16384,32,8,1,8,14,7.210000001e-07,1.589582790e-01,9.450986000e-03,1.683848470e-01,1.683848470e-01,-1.000000000e+00,-1.000000000e+00,102.027406,108.077851,-1.000000,-1.000000000e+00,-1.000000000e+00,-1.000000000e+00,row,0,-1.000000000e+00,-1.000000
scheme_a_jblock,double,global,global,16384,16384,32,8,1,8,15,5.490000001e-07,1.588809440e-01,8.905623000e-03,1.677871160e-01,1.677871160e-01,-1.000000000e+00,-1.000000000e+00,102.390872,108.130458,-1.000000,-1.000000000e+00,-1.000000000e+00,-1.000000000e+00,row,0,-1.000000000e+00,-1.000000
scheme_a_jblock,double,global,global,16384,16384,32,8,1,8,16,1.037000000e-06,1.585216470e-01,8.508631000e-03,1.669699940e-01,1.669699940e-01,-1.000000000e+00,-1.000000000e+00,102.891955,108.375541,-1.000000,-1.000000000e+00,-1.000000000e+00,-1.000000000e+00,row,0,-1.000000000e+00,-1.000000
scheme_a_jblock,double,global,global,16384,16384,32,8,1,8,17,7.340000003e-07,1.596349830e-01,9.214747000e-03,1.686292950e-01,1.686292950e-01,-1.000000000e+00,-1.000000000e+00,101.879505,107.619701,-1.000000,-1.000000000e+00,-1.000000000e+00,-1.000000000e+00,row,0,-1.000000000e+00,-1.000000
scheme_a_jblock,double,global,global,16384,16384,32,8,1,8,18,9.870000000e-07,1.586091600e-01,9.112753000e-03,1.677229000e-01,1.677229000e-01,-1.000000000e+00,-1.000000000e+00,102.430075,108.315744,-1.000000,-1.000000000e+00,-1.000000000e+00,-1.000000000e+00,row,0,-1.000000000e+00,-1.000000
scheme_a_jblock,double,global,global,16384,16384,32,8,1,8,19,1.213000000e-06,1.595396200e-01,8.264290000e-03,1.674329900e-01,1.674329900e-01,-1.000000000e+00,-1.000000000e+00,102.607432,107.684030,-1.000000,-1.000000000e+00,-1.000000000e+00,-1.000000000e+00,row,0,-1.000000000e+00,-1.000000
scheme_a_jblock,double,global,global,16384,16384,32,8,1,8,20,9.539999999e-07,1.613258790e-01,9.570870000e-03,1.694095950e-01,1.694095950e-01,-1.000000000e+00,-1.000000000e+00,101.410249,106.491713,-1.000000,-1.000000000e+00,-1.000000000e+00,-1.000000000e+00,row,0,-1.000000000e+00,-1.000000
scheme_a_jblock,double,global,global,16384,16384,3,8,2,4,1,2.803200000e-05,6.800515400e-02,1.113823000e-03,6.816029800e-02,6.816029800e-02,-1.000000000e+00,-1.000000000e+00,23.629778,23.683686,-1.000000,-1.000000000e+00,-1.000000000e+00,-1.000000000e+00,row,0,-1.000000000e+00,-1.000000
scheme_a_jblock,double,global,global,16384,16384,3,8,2,4,2,3.906200000e-05,6.863407100e-02,1.745186000e-03,6.892058100e-02,6.892058100e-02,-1.000000000e+00,-1.000000000e+00,23.369111,23.466665,-1.000000,-1.000000000e+00,-1.000000000e+00,-1.000000000e+00,row,0,-1.000000000e+00,-1.000000
scheme_a_jblock,double,global,global,16384,16384,3,8,2,4,3,2.442800000e-05,7.022141400e-02,1.824649000e-03,7.043523400e-02,7.043523400e-02,-1.000000000e+00,-1.000000000e+00,22.866577,22.936205,-1.000000,-1.000000000e+00,-1.000000000e+00,-1.000000000e+00,row,0,-1.000000000e+00,-1.000000
scheme_a_jblock,double,global,global,16384,16384,3,8,2,4,4,3.381200000e-05,6.867973600e-02,1.407733000e-03,6.889286100e-02,6.889286100e-02,-1.000000000e+00,-1.000000000e+00,23.378514,23.451062,-1.000000,-1.000000000e+00,-1.000000000e+00,-1.000000000e+00,row,0,-1.000000000e+00,-1.000000
scheme_a_jblock,double,global,global,16384,16384,3,8,2,4,5,2.651500000e-05,7.038250200e-02,2.038777000e-03,7.051478700e-02,7.051478700e-02,-1.000000000e+00,-1.000000000e+00,22.840780,22.883710,-1.000000,-1.000000000e+00,-1.000000000e+00,-1.000000000e+00,row,0,-1.000000000e+00,-1.000000
scheme_a_jblock,double,global,global,16384,16384,3,8,2,4,6,2.874000000e-05,6.909644000e-02,2.418776000e-03,6.938024500e-02,6.938024500e-02,-1.000000000e+00,-1.000000000e+00,23.214284,23.309634,-1.000000,-1.000000000e+00,-1.000000000e+00,-1.000000000e+00,row,0,-1.000000000e+00,-1.000000
scheme_a_jblock,double,global,global,16384,16384,3,8,2,4,7,2.741600000e-05,6.847508000e-02,8.832890000e-04,6.878981600e-02,6.878981600e-02,-1.000000000e+00,-1.000000000e+00,23.413535,23.521152,-1.000000,-1.000000000e+00,-1.000000000e+00,-1.000000000e+00,row,0,-1.000000000e+00,-1.000000
scheme_a_jblock,double,global,global,16384,16384,3,8,2,4,8,3.430400000e-05,6.860972400e-02,1.620603000e-03,6.892673600e-02,6.892673600e-02,-1.000000000e+00,-1.000000000e+00,23.367025,23.474992,-1.000000,-1.000000000e+00,-1.000000000e+00,-1.000000000e+00,row,0,-1.000000000e+00,-1.000000
scheme_a_jblock,double,global,global,16384,16384,3,8,2,4,9,2.856900000e-05,6.799148500e-02,9.266060000e-04,6.829373600e-02,6.829373600e-02,-1.000000000e+00,-1.000000000e+00,23.583609,23.688448,-1.000000,-1.000000000e+00,-1.000000000e+00,-1.000000000e+00,row,0,-1.000000000e+00,-1.000000
scheme_a_jblock,double,global,global,16384,16384,3,8,2,4,10,2.823200000e-05,7.055723000e-02,1.488774000e-03,7.087947400e-02,7.087947400e-02,-1.000000000e+00,-1.000000000e+00,22.723260,22.827040,-1.000000,-1.000000000e+00,-1.000000000e+00,-1.000000000e+00,row,0,-1.000000000e+00,-1.000000
scheme_a_jblock,double,global,global,16384,16384,3,8,2,4,11,3.260900000e-05,6.813020800e-02,8.179500000e-04,6.840881500e-02,6.840881500e-02,-1.000000000e+00,-1.000000000e+00,23.543936,23.640215,-1.000000,-1.000000000e+00,-1.000000000e+00,-1.000000000e+00,row,0,-1.000000000e+00,-1.000000
scheme_a_jblock,double,global,global,16384,16384,3,8,2,4,12,2.936900000e-05,6.958002400e-02,1.184609000e-03,6.989101800e-02,6.989101800e-02,-1.000000000e+00,-1.000000000e+00,23.044631,23.147631,-1.000000,-1.000000000e+00,-1.000000000e+00,-1.000000000e+00,row,0,-1.000000000e+00,-1.000000
scheme_a_jblock,double,global,global,16384,16384,3,8,2,4,13,3.198400000e-05,6.901905100e-02,1.856836000e-03,6.929823500e-02,6.929823500e-02,-1.000000000e+00,-1.000000000e+00,23.241757,23.335771,-1.000000,-1.000000000e+00,-1.000000000e+00,-1.000000000e+00,row,0,-1.000000000e+00,-1.000000
scheme_a_jblock,double,global,global,16384,16384,3,8,2,4,14,2.834800000e-05,6.884491700e-02,1.921250000e-03,6.907254300e-02,6.907254300e-02,-1.000000000e+00,-1.000000000e+00,23.317699,23.394795,-1.000000,-1.000000000e+00,-1.000000000e+00,-1.000000000e+00,row,0,-1.000000000e+00,-1.000000
scheme_a_jblock,double,global,global,16384,16384,3,8,2,4,15,2.305700000e-05,6.876639000e-02,1.868721000e-03,6.906310100e-02,6.906310100e-02,-1.000000000e+00,-1.000000000e+00,23.320886,23.421511,-1.000000,-1.000000000e+00,-1.000000000e+00,-1.000000000e+00,row,0,-1.000000000e+00,-1.000000
scheme_a_jblock,double,global,global,16384,16384,3,8,2,4,16,2.873900000e-05,6.900060200e-02,1.919569000e-03,6.926832800e-02,6.926832800e-02,-1.000000000e+00,-1.000000000e+00,23.251792,23.342010,-1.000000,-1.000000000e+00,-1.000000000e+00,-1.000000000e+00,row,0,-1.000000000e+00,-1.000000
scheme_a_jblock,double,global,global,16384,16384,3,8,2,4,17,2.492600000e-05,6.935921100e-02,1.367893000e-03,6.950336100e-02,6.950336100e-02,-1.000000000e+00,-1.000000000e+00,23.173163,23.221324,-1.000000,-1.000000000e+00,-1.000000000e+00,-1.000000000e+00,row,0,-1.000000000e+00,-1.000000
scheme_a_jblock,double,global,global,16384,16384,3,8,2,4,18,3.709000000e-05,6.815464900e-02,1.207145000e-03,6.838679200e-02,6.838679200e-02,-1.000000000e+00,-1.000000000e+00,23.551518,23.631737,-1.000000,-1.000000000e+00,-1.000000000e+00,-1.000000000e+00,row,0,-1.000000000e+00,-1.000000
scheme_a_jblock,double,global,global,16384,16384,3,8,2,4,19,2.326800000e-05,6.855804400e-02,1.184830000e-03,6.871733900e-02,6.871733900e-02,-1.000000000e+00,-1.000000000e+00,23.438229,23.492688,-1.000000,-1.000000000e+00,-1.000000000e+00,-1.000000000e+00,row,0,-1.000000000e+00,-1.000000
scheme_a_jblock,double,global,global,16384,16384,3,8,2,4,20,2.772900000e-05,6.906646600e-02,1.794180000e-03,6.939389500e-02,6.939389500e-02,-1.000000000e+00,-1.000000000e+00,23.209718,23.319750,-1.000000,-1.000000000e+00,-1.000000000e+00,-1.000000000e+00,row,0,-1.000000000e+00,-1.000000
scheme_a_jblock,double,global,global,16384,16384,6,8,2,4,1,6.629700000e-05,7.219574100e-02,1.345050000e-03,7.265886100e-02,7.265886100e-02,-1.000000000e+00,-1.000000000e+00,44.333553,44.617943,-1.000000,-1.000000000e+00,-1.000000000e+00,-1.000000000e+00,row,0,-1.000000000e+00,-1.000000
scheme_a_jblock,double,global,global,16384,16384,6,8,2,4,2,6.807900000e-05,7.053981600e-02,8.099270000e-04,7.098803600e-02,7.098803600e-02,-1.000000000e+00,-1.000000000e+00,45.377019,45.665351,-1.000000,-1.000000000e+00,-1.000000000e+00,-1.000000000e+00,row,0,-1.000000000e+00,-1.000000
scheme_a_jblock,double,global,global,16384,16384,6,8,2,4,3,6.023300000e-05,7.104385600e-02,1.722144000e-03,7.146126600e-02,7.146126600e-02,-1.000000000e+00,-1.000000000e+00,45.076524,45.341366,-1.000000,-1.000000000e+00,-1.000000000e+00,-1.000000000e+00,row,0,-1.000000000e+00,-1.000000
scheme_a_jblock,double,global,global,16384,16384,6,8,2,4,4,6.040200000e-05,7.073347700e-02,1.066003000e-03,7.116524600e-02,7.116524600e-02,-1.000000000e+00,-1.000000000e+00,45.264025,45.540324,-1.000000,-1.000000000e+00,-1.000000000e+00,-1.000000000e+00,row,0,-1.000000000e+00,-1.000000
scheme_a_jblock,double,global,global,16384,16384,6,8,2,4,5,5.941500000e-05,7.064973700e-02,1.509784000e-03,7.109118700e-02,7.109118700e-02,-1.000000000e+00,-1.000000000e+00,45.311179,45.594302,-1.000000,-1.000000000e+00,-1.000000000e+00,-1.000000000e+00,row,0,-1.000000000e+00,-1.000000
scheme_a_jblock,double,global,global,16384,16384,6,8,2,4,6,6.830300000e-05,7.223385600e-02,1.204902000e-03,7.272396300e-02,7.272396300e-02,-1.000000000e+00,-1.000000000e+00,44.293866,44.594400,-1.000000,-1.000000000e+00,-1.000000000e+00,-1.000000000e+00,row,0,-1.000000000e+00,-1.000000
scheme_a_jblock,double,global,global,16384,16384,6,8,2,4,7,6.842600000e-05,7.070362800e-02,1.028145000e-03,7.115233600e-02,7.115233600e-02,-1.000000000e+00,-1.000000000e+00,45.272238,45.559550,-1.000000,-1.000000000e+00,-1.000000000e+00,-1.000000000e+00,row,0,-1.000000000e+00,-1.000000
scheme_a_jblock,double,global,global,16384,16384,6,8,2,4,8,5.996300000e-05,7.183025900e-02,9.319180000e-04,7.211193600e-02,7.211193600e-02,-1.000000000e+00,-1.000000000e+00,44.669796,44.844965,-1.000000,-1.000000000e+00,-1.000000000e+00,-1.000000000e+00,row,0,-1.000000000e+00,-1.000000
scheme_a_jblock,double,global,global,16384,16384,6,8,2,4,9,6.890000000e-05,7.068454600e-02,1.930834000e-03,7.114881200e-02,7.114881200e-02,-1.000000000e+00,-1.000000000e+00,45.274480,45.571849,-1.000000,-1.000000000e+00,-1.000000000e+00,-1.000000000e+00,row,0,-1.000000000e+00,-1.000000
scheme_a_jblock,double,global,global,16384,16384,6,8,2,4,10,6.058200000e-05,7.105285600e-02,1.344668000e-03,7.122776300e-02,7.122776300e-02,-1.000000000e+00,-1.000000000e+00,45.224296,45.335623,-1.000000,-1.000000000e+00,-1.000000000e+00,-1.000000000e+00,row,0,-1.000000000e+00,-1.000000
scheme_a_jblock,double,global,global,16384,16384,6,8,2,4,11,4.668600000e-05,7.066221300e-02,1.512894000e-03,7.111256300e-02,7.111256300e-02,-1.000000000e+00,-1.000000000e+00,45.297558,45.586252,-1.000000,-1.000000000e+00,-1.000000000e+00,-1.000000000e+00,row,0,-1.000000000e+00,-1.000000
scheme_a_jblock,double,global,global,16384,16384,6,8,2,4,12,6.274800000e-05,7.117610200e-02,1.389199000e-03,7.160538200e-02,7.160538200e-02,-1.000000000e+00,-1.000000000e+00,44.985801,45.257121,-1.000000,-1.000000000e+00,-1.000000000e+00,-1.000000000e+00,row,0,-1.000000000e+00,-1.000000
scheme_a_jblock,double,global,global,16384,16384,6,8,2,4,13,6.012500000e-05,7.160845900e-02,6.822510000e-04,7.179748600e-02,7.179748600e-02,-1.000000000e+00,-1.000000000e+00,44.865435,44.983868,-1.000000,-1.000000000e+00,-1.000000000e+00,-1.000000000e+00,row,0,-1.000000000e+00,-1.000000
scheme_a_jblock,double,global,global,16384,16384,6,8,2,4,14,6.506300000e-05,7.054854700e-02,1.048328000e-03,7.114060900e-02,7.114060900e-02,-1.000000000e+00,-1.000000000e+00,45.279701,45.659700,-1.000000,-1.000000000e+00,-1.000000000e+00,-1.000000000e+00,row,0,-1.000000000e+00,-1.000000
scheme_a_jblock,double,global,global,16384,16384,6,8,2,4,15,5.616000000e-05,7.171528100e-02,5.370550000e-04,7.211249900e-02,7.211249900e-02,-1.000000000e+00,-1.000000000e+00,44.669447,44.916863,-1.000000,-1.000000000e+00,-1.000000000e+00,-1.000000000e+00,row,0,-1.000000000e+00,-1.000000
scheme_a_jblock,double,global,global,16384,16384,6,8,2,4,16,6.773000000e-05,6.990426500e-02,7.388050000e-04,7.047394600e-02,7.047394600e-02,-1.000000000e+00,-1.000000000e+00,45.708033,46.080528,-1.000000,-1.000000000e+00,-1.000000000e+00,-1.000000000e+00,row,0,-1.000000000e+00,-1.000000
scheme_a_jblock,double,global,global,16384,16384,6,8,2,4,17,6.622800000e-05,7.116217900e-02,1.333055000e-03,7.157812700e-02,7.157812700e-02,-1.000000000e+00,-1.000000000e+00,45.002930,45.265976,-1.000000,-1.000000000e+00,-1.000000000e+00,-1.000000000e+00,row,0,-1.000000000e+00,-1.000000
scheme_a_jblock,double,global,global,16384,16384,6,8,2,4,18,6.091900000e-05,7.049364500e-02,7.629060000e-04,7.090016000e-02,7.090016000e-02,-1.000000000e+00,-1.000000000e+00,45.433261,45.695261,-1.000000,-1.000000000e+00,-1.000000000e+00,-1.000000000e+00,row,0,-1.000000000e+00,-1.000000
scheme_a_jblock,double,global,global,16384,16384,6,8,2,4,19,5.886600000e-05,7.031686600e-02,1.027634000e-03,7.075612700e-02,7.075612700e-02,-1.000000000e+00,-1.000000000e+00,45.525746,45.810140,-1.000000,-1.000000000e+00,-1.000000000e+00,-1.000000000e+00,row,0,-1.000000000e+00,-1.000000
scheme_a_jblock,double,global,global,16384,16384,6,8,2,4,20,5.886100000e-05,7.633138700e-02,1.682823000e-03,7.673432800e-02,7.673432800e-02,-1.000000000e+00,-1.000000000e+00,41.978936,42.200536,-1.000000,-1.000000000e+00,-1.000000000e+00,-1.000000000e+00,row,0,-1.000000000e+00,-1.000000
scheme_a_jblock,double,global,global,16384,16384,8,8,2,4,1,9.181000000e-05,7.013706900e-02,1.774945000e-03,7.090915600e-02,7.090915600e-02,-1.000000000e+00,-1.000000000e+00,60.569996,61.236766,-1.000000,-1.000000000e+00,-1.000000000e+00,-1.000000000e+00,row,0,-1.000000000e+00,-1.000000
scheme_a_jblock,double,global,global,16384,16384,8,8,2,4,2,9.183000000e-05,7.068650300e-02,1.926983000e-03,7.141755400e-02,7.141755400e-02,-1.000000000e+00,-1.000000000e+00,60.138818,60.760783,-1.000000,-1.000000000e+00,-1.000000000e+00,-1.000000000e+00,row,0,-1.000000000e+00,-1.000000
scheme_a_jblock,double,global,global,16384,16384,8,8,2,4,3,8.749200000e-05,7.166128300e-02,2.720536000e-03,7.200838100e-02,7.200838100e-02,-1.000000000e+00,-1.000000000e+00,59.645381,59.934279,-1.000000,-1.000000000e+00,-1.000000000e+00,-1.000000000e+00,row,0,-1.000000000e+00,-1.000000
scheme_a_jblock,double,global,global,16384,16384,8,8,2,4,4,9.950000000e-05,7.007622700e-02,1.614590000e-03,7.068162600e-02,7.068162600e-02,-1.000000000e+00,-1.000000000e+00,60.764976,61.289934,-1.000000,-1.000000000e+00,-1.000000000e+00,-1.000000000e+00,row,0,-1.000000000e+00,-1.000000
scheme_a_jblock,double,global,global,16384,16384,8,8,2,4,5,9.520700000e-05,7.175378100e-02,2.288281000e-03,7.221875500e-02,7.221875500e-02,-1.000000000e+00,-1.000000000e+00,59.471633,59.857017,-1.000000,-1.000000000e+00,-1.000000000e+00,-1.000000000e+00,row,0,-1.000000000e+00,-1.000000
scheme_a_jblock,double,global,global,16384,16384,8,8,2,4,6,9.579600000e-05,7.093954000e-02,2.014465000e-03,7.171562000e-02,7.171562000e-02,-1.000000000e+00,-1.000000000e+00,59.888868,60.544053,-1.000000,-1.000000000e+00,-1.000000000e+00,-1.000000000e+00,row,0,-1.000000000e+00,-1.000000
scheme_a_jblock,double,global,global,16384,16384,8,8,2,4,7,9.059900000e-05,6.997106900e-02,2.108296000e-03,7.075179300e-02,7.075179300e-02,-1.000000000e+00,-1.000000000e+00,60.704713,61.382045,-1.000000,-1.000000000e+00,-1.000000000e+00,-1.000000000e+00,row,0,-1.000000000e+00,-1.000000
scheme_a_jblock,double,global,global,16384,16384,8,8,2,4,8,8.887800000e-05,7.052877200e-02,2.610626000e-03,7.110128500e-02,7.110128500e-02,-1.000000000e+00,-1.000000000e+00,60.406325,60.896669,-1.000000,-1.000000000e+00,-1.000000000e+00,-1.000000000e+00,row,0,-1.000000000e+00,-1.000000
scheme_a_jblock,double,global,global,16384,16384,8,8,2,4,9,8.936900000e-05,6.994173800e-02,2.088372000e-03,7.048699100e-02,7.048699100e-02,-1.000000000e+00,-1.000000000e+00,60.932766,61.407786,-1.000000,-1.000000000e+00,-1.000000000e+00,-1.000000000e+00,row,0,-1.000000000e+00,-1.000000
scheme_a_jblock,double,global,global,16384,16384,8,8,2,4,10,9.179100000e-05,7.135642100e-02,1.822385000e-03,7.181052000e-02,7.181052000e-02,-1.000000000e+00,-1.000000000e+00,59.809723,60.190341,-1.000000,-1.000000000e+00,-1.000000000e+00,-1.000000000e+00,row,0,-1.000000000e+00,-1.000000
scheme_a_jblock,double,global,global,16384,16384,8,8,2,4,11,9.823200000e-05,7.154859300e-02,2.259277000e-03,7.235587500e-02,7.235587500e-02,-1.000000000e+00,-1.000000000e+00,59.358930,60.028676,-1.000000,-1.000000000e+00,-1.000000000e+00,-1.000000000e+00,row,0,-1.000000000e+00,-1.000000
scheme_a_jblock,double,global,global,16384,16384,8,8,2,4,12,9.675000000e-05,6.981421500e-02,2.295624000e-03,7.066601200e-02,7.066601200e-02,-1.000000000e+00,-1.000000000e+00,60.778402,61.519954,-1.000000,-1.000000000e+00,-1.000000000e+00,-1.000000000e+00,row,0,-1.000000000e+00,-1.000000
scheme_a_jblock,double,global,global,16384,16384,8,8,2,4,13,8.698200000e-05,7.213854700e-02,2.484483000e-03,7.293475700e-02,7.293475700e-02,-1.000000000e+00,-1.000000000e+00,58.887799,59.537757,-1.000000,-1.000000000e+00,-1.000000000e+00,-1.000000000e+00,row,0,-1.000000000e+00,-1.000000
scheme_a_jblock,double,global,global,16384,16384,8,8,2,4,14,1.093660000e-04,7.063233700e-02,2.254228000e-03,7.144517800e-02,7.144517800e-02,-1.000000000e+00,-1.000000000e+00,60.115566,60.807379,-1.000000,-1.000000000e+00,-1.000000000e+00,-1.000000000e+00,row,0,-1.000000000e+00,-1.000000
scheme_a_jblock,double,global,global,16384,16384,8,8,2,4,15,9.197900000e-05,7.260947000e-02,2.785268000e-03,7.338780900e-02,7.338780900e-02,-1.000000000e+00,-1.000000000e+00,58.524261,59.151613,-1.000000,-1.000000000e+00,-1.000000000e+00,-1.000000000e+00,row,0,-1.000000000e+00,-1.000000
scheme_a_jblock,double,global,global,16384,16384,8,8,2,4,16,9.332700000e-05,7.233344200e-02,1.665646000e-03,7.309252000e-02,7.309252000e-02,-1.000000000e+00,-1.000000000e+00,58.760695,59.377339,-1.000000,-1.000000000e+00,-1.000000000e+00,-1.000000000e+00,row,0,-1.000000000e+00,-1.000000
scheme_a_jblock,double,global,global,16384,16384,8,8,2,4,17,9.841800000e-05,6.971827000e-02,1.572348000e-03,7.058436500e-02,7.058436500e-02,-1.000000000e+00,-1.000000000e+00,60.848706,61.604617,-1.000000,-1.000000000e+00,-1.000000000e+00,-1.000000000e+00,row,0,-1.000000000e+00,-1.000000
scheme_a_jblock,double,global,global,16384,16384,8,8,2,4,18,8.670400000e-05,7.588392600e-02,2.362055000e-03,7.641048600e-02,7.641048600e-02,-1.000000000e+00,-1.000000000e+00,56.209135,56.599171,-1.000000,-1.000000000e+00,-1.000000000e+00,-1.000000000e+00,row,0,-1.000000000e+00,-1.000000
scheme_a_jblock,double,global,global,16384,16384,8,8,2,4,19,9.877300000e-05,7.025519600e-02,1.823282000e-03,7.099599800e-02,7.099599800e-02,-1.000000000e+00,-1.000000000e+00,60.495907,61.133803,-1.000000,-1.000000000e+00,-1.000000000e+00,-1.000000000e+00,row,0,-1.000000000e+00,-1.000000
scheme_a_jblock,double,global,global,16384,16384,8,8,2,4,20,9.450400000e-05,7.116232700e-02,2.341394000e-03,7.173202100e-02,7.173202100e-02,-1.000000000e+00,-1.000000000e+00,59.875175,60.354509,-1.000000,-1.000000000e+00,-1.000000000e+00,-1.000000000e+00,row,0,-1.000000000e+00,-1.000000
scheme_a_jblock,double,global,global,16384,16384,20,8,2,4,1,4.533850000e-04,1.002731390e-01,2.373047000e-03,1.023076570e-01,1.023076570e-01,-1.000000000e+00,-1.000000000e+00,104.952245,107.081701,-1.000000,-1.000000000e+00,-1.000000000e+00,-1.000000000e+00,row,0,-1.000000000e+00,-1.000000
scheme_a_jblock,double,global,global,16384,16384,20,8,2,4,2,2.758060000e-04,9.942228700e-02,2.052278000e-03,1.012980130e-01,1.012980130e-01,-1.000000000e+00,-1.000000000e+00,105.998311,107.998101,-1.000000,-1.000000000e+00,-1.000000000e+00,-1.000000000e+00,row,0,-1.000000000e+00,-1.000000
scheme_a_jblock,double,global,global,16384,16384,20,8,2,4,3,2.750380000e-04,1.004109260e-01,2.298300000e-03,1.021413610e-01,1.021413610e-01,-1.000000000e+00,-1.000000000e+00,105.123117,106.934760,-1.000000,-1.000000000e+00,-1.000000000e+00,-1.000000000e+00,row,0,-1.000000000e+00,-1.000000
scheme_a_jblock,double,global,global,16384,16384,20,8,2,4,4,2.710050000e-04,1.007735050e-01,3.287171000e-03,1.025387420e-01,1.025387420e-01,-1.000000000e+00,-1.000000000e+00,104.715720,106.550013,-1.000000,-1.000000000e+00,-1.000000000e+00,-1.000000000e+00,row,0,-1.000000000e+00,-1.000000
scheme_a_jblock,double,global,global,16384,16384,20,8,2,4,5,2.713750000e-04,9.907845700e-02,1.817896000e-03,1.009005650e-01,1.009005650e-01,-1.000000000e+00,-1.000000000e+00,106.415839,108.372885,-1.000000,-1.000000000e+00,-1.000000000e+00,-1.000000000e+00,row,0,-1.000000000e+00,-1.000000
scheme_a_jblock,double,global,global,16384,16384,20,8,2,4,6,2.662090000e-04,9.921763100e-02,2.297457000e-03,1.009401160e-01,1.009401160e-01,-1.000000000e+00,-1.000000000e+00,106.374142,108.220869,-1.000000,-1.000000000e+00,-1.000000000e+00,-1.000000000e+00,row,0,-1.000000000e+00,-1.000000
scheme_a_jblock,double,global,global,16384,16384,20,8,2,4,7,2.658890000e-04,9.907726500e-02,2.407584000e-03,1.009226340e-01,1.009226340e-01,-1.000000000e+00,-1.000000000e+00,106.392568,108.374189,-1.000000,-1.000000000e+00,-1.000000000e+00,-1.000000000e+00,row,0,-1.000000000e+00,-1.000000
scheme_a_jblock,double,global,global,16384,16384,20,8,2,4,8,2.677040000e-04,1.014774020e-01,2.699525000e-03,1.036457000e-01,1.036457000e-01,-1.000000000e+00,-1.000000000e+00,103.597334,105.810930,-1.000000,-1.000000000e+00,-1.000000000e+00,-1.000000000e+00,row,0,-1.000000000e+00,-1.000000
scheme_a_jblock,double,global,global,16384,16384,20,8,2,4,9,2.061190000e-04,1.005343430e-01,1.889208000e-03,1.023500920e-01,1.023500920e-01,-1.000000000e+00,-1.000000000e+00,104.908731,106.803485,-1.000000,-1.000000000e+00,-1.000000000e+00,-1.000000000e+00,row,0,-1.000000000e+00,-1.000000
scheme_a_jblock,double,global,global,16384,16384,20,8,2,4,10,2.707790000e-04,1.009581600e-01,3.130430000e-03,1.025985720e-01,1.025985720e-01,-1.000000000e+00,-1.000000000e+00,104.654656,106.355130,-1.000000,-1.000000000e+00,-1.000000000e+00,-1.000000000e+00,row,0,-1.000000000e+00,-1.000000
scheme_a_jblock,double,global,global,16384,16384,20,8,2,4,11,2.762680000e-04,9.944141000e-02,2.146396000e-03,1.011666040e-01,1.011666040e-01,-1.000000000e+00,-1.000000000e+00,106.135996,107.977333,-1.000000,-1.000000000e+00,-1.000000000e+00,-1.000000000e+00,row,0,-1.000000000e+00,-1.000000
scheme_a_jblock,double,global,global,16384,16384,20,8,2,4,12,2.750580000e-04,1.003263090e-01,2.050967000e-03,1.020523490e-01,1.020523490e-01,-1.000000000e+00,-1.000000000e+00,105.214807,107.024950,-1.000000,-1.000000000e+00,-1.000000000e+00,-1.000000000e+00,row,0,-1.000000000e+00,-1.000000
scheme_a_jblock,double,global,global,16384,16384,20,8,2,4,13,2.677990000e-04,1.013950350e-01,2.866983000e-03,1.034784460e-01,1.034784460e-01,-1.000000000e+00,-1.000000000e+00,103.764781,105.896884,-1.000000,-1.000000000e+00,-1.000000000e+00,-1.000000000e+00,row,0,-1.000000000e+00,-1.000000
scheme_a_jblock,double,global,global,16384,16384,20,8,2,4,14,2.721330000e-04,1.017172720e-01,2.276356000e-03,1.034742490e-01,1.034742490e-01,-1.000000000e+00,-1.000000000e+00,103.768989,105.561406,-1.000000,-1.000000000e+00,-1.000000000e+00,-1.000000000e+00,row,0,-1.000000000e+00,-1.000000
scheme_a_jblock,double,global,global,16384,16384,20,8,2,4,15,2.660020000e-04,1.014137960e-01,2.498686000e-03,1.030971650e-01,1.030971650e-01,-1.000000000e+00,-1.000000000e+00,104.148531,105.877293,-1.000000,-1.000000000e+00,-1.000000000e+00,-1.000000000e+00,row,0,-1.000000000e+00,-1.000000
scheme_a_jblock,double,global,global,16384,16384,20,8,2,4,16,2.613310000e-04,1.016323880e-01,2.895041000e-03,1.032715430e-01,1.032715430e-01,-1.000000000e+00,-1.000000000e+00,103.972672,105.649571,-1.000000,-1.000000000e+00,-1.000000000e+00,-1.000000000e+00,row,0,-1.000000000e+00,-1.000000
scheme_a_jblock,double,global,global,16384,16384,20,8,2,4,17,2.656850000e-04,9.900953600e-02,2.162997000e-03,1.007006190e-01,1.007006190e-01,-1.000000000e+00,-1.000000000e+00,106.627132,108.448324,-1.000000,-1.000000000e+00,-1.000000000e+00,-1.000000000e+00,row,0,-1.000000000e+00,-1.000000
scheme_a_jblock,double,global,global,16384,16384,20,8,2,4,18,2.722210000e-04,9.999848500e-02,2.099181000e-03,1.018665860e-01,1.018665860e-01,-1.000000000e+00,-1.000000000e+00,105.406676,107.375809,-1.000000,-1.000000000e+00,-1.000000000e+00,-1.000000000e+00,row,0,-1.000000000e+00,-1.000000
scheme_a_jblock,double,global,global,16384,16384,20,8,2,4,19,2.608630000e-04,1.003627060e-01,2.240151000e-03,1.020688450e-01,1.020688450e-01,-1.000000000e+00,-1.000000000e+00,105.197803,106.986137,-1.000000,-1.000000000e+00,-1.000000000e+00,-1.000000000e+00,row,0,-1.000000000e+00,-1.000000
scheme_a_jblock,double,global,global,16384,16384,20,8,2,4,20,2.609750000e-04,1.001263420e-01,2.284018000e-03,1.023829930e-01,1.023829930e-01,-1.000000000e+00,-1.000000000e+00,104.875018,107.238695,-1.000000,-1.000000000e+00,-1.000000000e+00,-1.000000000e+00,row,0,-1.000000000e+00,-1.000000
scheme_a_jblock,double,global,global,16384,16384,32,8,2,4,1,4.493370000e-04,1.667314690e-01,2.744765000e-03,1.697539960e-01,1.697539960e-01,-1.000000000e+00,-1.000000000e+00,101.204505,103.039152,-1.000000,-1.000000000e+00,-1.000000000e+00,-1.000000000e+00,row,0,-1.000000000e+00,-1.000000
scheme_a_jblock,double,global,global,16384,16384,32,8,2,4,2,4.434400000e-04,1.637314340e-01,2.660312000e-03,1.665896510e-01,1.665896510e-01,-1.000000000e+00,-1.000000000e+00,103.126869,104.927128,-1.000000,-1.000000000e+00,-1.000000000e+00,-1.000000000e+00,row,0,-1.000000000e+00,-1.000000
scheme_a_jblock,double,global,global,16384,16384,32,8,2,4,3,4.644940000e-04,1.631767280e-01,3.160508000e-03,1.660320550e-01,1.660320550e-01,-1.000000000e+00,-1.000000000e+00,103.473207,105.283820,-1.000000,-1.000000000e+00,-1.000000000e+00,-1.000000000e+00,row,0,-1.000000000e+00,-1.000000
scheme_a_jblock,double,global,global,16384,16384,32,8,2,4,4,4.490850000e-04,1.633280380e-01,3.042021000e-03,1.659506970e-01,1.659506970e-01,-1.000000000e+00,-1.000000000e+00,103.523935,105.186283,-1.000000,-1.000000000e+00,-1.000000000e+00,-1.000000000e+00,row,0,-1.000000000e+00,-1.000000
scheme_a_jblock,double,global,global,16384,16384,32,8,2,4,5,4.357880000e-04,1.651842020e-01,3.745852000e-03,1.689546070e-01,1.689546070e-01,-1.000000000e+00,-1.000000000e+00,101.683343,104.004311,-1.000000,-1.000000000e+00,-1.000000000e+00,-1.000000000e+00,row,0,-1.000000000e+00,-1.000000
scheme_a_jblock,double,global,global,16384,16384,32,8,2,4,6,4.746660000e-04,1.612034210e-01,2.528745000e-03,1.640042800e-01,1.640042800e-01,-1.000000000e+00,-1.000000000e+00,104.752566,106.572609,-1.000000,-1.000000000e+00,-1.000000000e+00,-1.000000000e+00,row,0,-1.000000000e+00,-1.000000
scheme_a_jblock,double,global,global,16384,16384,32,8,2,4,7,4.472700000e-04,1.615316880e-01,2.822040000e-03,1.646348660e-01,1.646348660e-01,-1.000000000e+00,-1.000000000e+00,104.351342,106.356031,-1.000000,-1.000000000e+00,-1.000000000e+00,-1.000000000e+00,row,0,-1.000000000e+00,-1.000000
scheme_a_jblock,double,global,global,16384,16384,32,8,2,4,8,4.129600000e-04,1.626952960e-01,2.851752000e-03,1.655867000e-01,1.655867000e-01,-1.000000000e+00,-1.000000000e+00,103.751504,105.595365,-1.000000,-1.000000000e+00,-1.000000000e+00,-1.000000000e+00,row,0,-1.000000000e+00,-1.000000
scheme_a_jblock,double,global,global,16384,16384,32,8,2,4,9,4.631400000e-04,1.620392330e-01,2.997195000e-03,1.649975780e-01,1.649975780e-01,-1.000000000e+00,-1.000000000e+00,104.121948,106.022899,-1.000000,-1.000000000e+00,-1.000000000e+00,-1.000000000e+00,row,0,-1.000000000e+00,-1.000000
scheme_a_jblock,double,global,global,16384,16384,32,8,2,4,10,4.595770000e-04,1.618960740e-01,2.568861000e-03,1.644384960e-01,1.644384960e-01,-1.000000000e+00,-1.000000000e+00,104.475957,106.116651,-1.000000,-1.000000000e+00,-1.000000000e+00,-1.000000000e+00,row,0,-1.000000000e+00,-1.000000
scheme_a_jblock,double,global,global,16384,16384,32,8,2,4,11,4.491890000e-04,1.626069080e-01,3.891877000e-03,1.652531500e-01,1.652531500e-01,-1.000000000e+00,-1.000000000e+00,103.960918,105.652763,-1.000000,-1.000000000e+00,-1.000000000e+00,-1.000000000e+00,row,0,-1.000000000e+00,-1.000000
scheme_a_jblock,double,global,global,16384,16384,32,8,2,4,12,4.530990000e-04,1.609984010e-01,2.485400000e-03,1.633955780e-01,1.633955780e-01,-1.000000000e+00,-1.000000000e+00,105.142804,106.708322,-1.000000,-1.000000000e+00,-1.000000000e+00,-1.000000000e+00,row,0,-1.000000000e+00,-1.000000
scheme_a_jblock,double,global,global,16384,16384,32,8,2,4,13,4.457070000e-04,1.626894950e-01,2.879062000e-03,1.654968870e-01,1.654968870e-01,-1.000000000e+00,-1.000000000e+00,103.807809,105.599130,-1.000000,-1.000000000e+00,-1.000000000e+00,-1.000000000e+00,row,0,-1.000000000e+00,-1.000000
scheme_a_jblock,double,global,global,16384,16384,32,8,2,4,14,4.671170000e-04,1.611692400e-01,2.503234000e-03,1.635055190e-01,1.635055190e-01,-1.000000000e+00,-1.000000000e+00,105.072106,106.595211,-1.000000,-1.000000000e+00,-1.000000000e+00,-1.000000000e+00,row,0,-1.000000000e+00,-1.000000
scheme_a_jblock,double,global,global,16384,16384,32,8,2,4,15,4.624150000e-04,1.625194900e-01,3.124233000e-03,1.651234620e-01,1.651234620e-01,-1.000000000e+00,-1.000000000e+00,104.042569,105.709593,-1.000000,-1.000000000e+00,-1.000000000e+00,-1.000000000e+00,row,0,-1.000000000e+00,-1.000000
scheme_a_jblock,double,global,global,16384,16384,32,8,2,4,16,4.646460000e-04,1.632467600e-01,2.854957000e-03,1.658321000e-01,1.658321000e-01,-1.000000000e+00,-1.000000000e+00,103.597972,105.238653,-1.000000,-1.000000000e+00,-1.000000000e+00,-1.000000000e+00,row,0,-1.000000000e+00,-1.000000
scheme_a_jblock,double,global,global,16384,16384,32,8,2,4,17,4.531760000e-04,1.615353030e-01,2.793437000e-03,1.641763420e-01,1.641763420e-01,-1.000000000e+00,-1.000000000e+00,104.642782,106.353651,-1.000000,-1.000000000e+00,-1.000000000e+00,-1.000000000e+00,row,0,-1.000000000e+00,-1.000000
scheme_a_jblock,double,global,global,16384,16384,32,8,2,4,18,4.675600000e-04,1.607018350e-01,2.577931000e-03,1.635208070e-01,1.635208070e-01,-1.000000000e+00,-1.000000000e+00,105.062282,106.905246,-1.000000,-1.000000000e+00,-1.000000000e+00,-1.000000000e+00,row,0,-1.000000000e+00,-1.000000
scheme_a_jblock,double,global,global,16384,16384,32,8,2,4,19,4.526910000e-04,1.619206060e-01,2.347085000e-03,1.647203820e-01,1.647203820e-01,-1.000000000e+00,-1.000000000e+00,104.297167,106.100574,-1.000000,-1.000000000e+00,-1.000000000e+00,-1.000000000e+00,row,0,-1.000000000e+00,-1.000000
scheme_a_jblock,double,global,global,16384,16384,32,8,2,4,20,4.565020000e-04,1.608904210e-01,3.454421000e-03,1.648013440e-01,1.648013440e-01,-1.000000000e+00,-1.000000000e+00,104.245929,106.779938,-1.000000,-1.000000000e+00,-1.000000000e+00,-1.000000000e+00,row,0,-1.000000000e+00,-1.000000
scheme_a_jblock,double,global,global,16384,16384,3,8,4,2,1,9.062200000e-05,6.529743700e-02,2.709810000e-04,6.544040100e-02,6.544040100e-02,-1.000000000e+00,-1.000000000e+00,24.611902,24.665788,-1.000000,-1.000000000e+00,-1.000000000e+00,-1.000000000e+00,row,0,-1.000000000e+00,-1.000000
scheme_a_jblock,double,global,global,16384,16384,3,8,4,2,2,8.529200000e-05,6.753572300e-02,6.706610000e-04,6.765542500e-02,6.765542500e-02,-1.000000000e+00,-1.000000000e+00,23.806114,23.848308,-1.000000,-1.000000000e+00,-1.000000000e+00,-1.000000000e+00,row,0,-1.000000000e+00,-1.000000
scheme_a_jblock,double,global,global,16384,16384,3,8,4,2,3,9.423000000e-05,6.615176700e-02,5.973900000e-04,6.628143100e-02,6.628143100e-02,-1.000000000e+00,-1.000000000e+00,24.299607,24.347237,-1.000000,-1.000000000e+00,-1.000000000e+00,-1.000000000e+00,row,0,-1.000000000e+00,-1.000000
scheme_a_jblock,double,global,global,16384,16384,3,8,4,2,4,1.150610000e-04,6.700912700e-02,8.313290000e-04,6.714943200e-02,6.714943200e-02,-1.000000000e+00,-1.000000000e+00,23.985501,24.035722,-1.000000,-1.000000000e+00,-1.000000000e+00,-1.000000000e+00,row,0,-1.000000000e+00,-1.000000
scheme_a_jblock,double,global,global,16384,16384,3,8,4,2,5,9.960900000e-05,6.540352800e-02,5.478370000e-04,6.553337500e-02,6.553337500e-02,-1.000000000e+00,-1.000000000e+00,24.576984,24.625778,-1.000000,-1.000000000e+00,-1.000000000e+00,-1.000000000e+00,row,0,-1.000000000e+00,-1.000000
scheme_a_jblock,double,global,global,16384,16384,3,8,4,2,6,8.232900000e-05,6.564190200e-02,7.442390000e-04,6.576122400e-02,6.576122400e-02,-1.000000000e+00,-1.000000000e+00,24.491830,24.536351,-1.000000,-1.000000000e+00,-1.000000000e+00,-1.000000000e+00,row,0,-1.000000000e+00,-1.000000
scheme_a_jblock,double,global,global,16384,16384,3,8,4,2,7,7.863300000e-05,6.547500800e-02,5.173360000e-04,6.559094900e-02,6.559094900e-02,-1.000000000e+00,-1.000000000e+00,24.555411,24.598893,-1.000000,-1.000000000e+00,-1.000000000e+00,-1.000000000e+00,row,0,-1.000000000e+00,-1.000000
scheme_a_jblock,double,global,global,16384,16384,3,8,4,2,8,9.614800000e-05,6.736704600e-02,7.969340000e-04,6.750819500e-02,6.750819500e-02,-1.000000000e+00,-1.000000000e+00,23.858033,23.908021,-1.000000,-1.000000000e+00,-1.000000000e+00,-1.000000000e+00,row,0,-1.000000000e+00,-1.000000
scheme_a_jblock,double,global,global,16384,16384,3,8,4,2,9,9.467400000e-05,6.702514000e-02,6.272310000e-04,6.716463800e-02,6.716463800e-02,-1.000000000e+00,-1.000000000e+00,23.980070,24.029979,-1.000000,-1.000000000e+00,-1.000000000e+00,-1.000000000e+00,row,0,-1.000000000e+00,-1.000000
scheme_a_jblock,double,global,global,16384,16384,3,8,4,2,10,1.106730000e-04,6.598719400e-02,8.685080000e-04,6.613096400e-02,6.613096400e-02,-1.000000000e+00,-1.000000000e+00,24.354896,24.407959,-1.000000,-1.000000000e+00,-1.000000000e+00,-1.000000000e+00,row,0,-1.000000000e+00,-1.000000
scheme_a_jblock,double,global,global,16384,16384,3,8,4,2,11,8.011200000e-05,6.730209800e-02,6.890250000e-04,6.741967100e-02,6.741967100e-02,-1.000000000e+00,-1.000000000e+00,23.889359,23.931093,-1.000000,-1.000000000e+00,-1.000000000e+00,-1.000000000e+00,row,0,-1.000000000e+00,-1.000000
scheme_a_jblock,double,global,global,16384,16384,3,8,4,2,12,9.415300000e-05,6.564670900e-02,6.599120000e-04,6.577655500e-02,6.577655500e-02,-1.000000000e+00,-1.000000000e+00,24.486122,24.534554,-1.000000,-1.000000000e+00,-1.000000000e+00,-1.000000000e+00,row,0,-1.000000000e+00,-1.000000
scheme_a_jblock,double,global,global,16384,16384,3,8,4,2,13,8.420900000e-05,6.558613600e-02,6.212680000e-04,6.570713900e-02,6.570713900e-02,-1.000000000e+00,-1.000000000e+00,24.511990,24.557213,-1.000000,-1.000000000e+00,-1.000000000e+00,-1.000000000e+00,row,0,-1.000000000e+00,-1.000000
scheme_a_jblock,double,global,global,16384,16384,3,8,4,2,14,8.042400000e-05,6.575748300e-02,8.419710000e-04,6.587625000e-02,6.587625000e-02,-1.000000000e+00,-1.000000000e+00,24.449065,24.493224,-1.000000,-1.000000000e+00,-1.000000000e+00,-1.000000000e+00,row,0,-1.000000000e+00,-1.000000
scheme_a_jblock,double,global,global,16384,16384,3,8,4,2,15,8.078900000e-05,6.779921100e-02,9.338430000e-04,6.796441100e-02,6.796441100e-02,-1.000000000e+00,-1.000000000e+00,23.697884,23.755627,-1.000000,-1.000000000e+00,-1.000000000e+00,-1.000000000e+00,row,0,-1.000000000e+00,-1.000000
scheme_a_jblock,double,global,global,16384,16384,3,8,4,2,16,1.032740000e-04,6.554897600e-02,8.127320000e-04,6.568387300e-02,6.568387300e-02,-1.000000000e+00,-1.000000000e+00,24.520672,24.571135,-1.000000,-1.000000000e+00,-1.000000000e+00,-1.000000000e+00,row,0,-1.000000000e+00,-1.000000
scheme_a_jblock,double,global,global,16384,16384,3,8,4,2,17,8.449400000e-05,6.705527500e-02,5.803980000e-04,6.718823800e-02,6.718823800e-02,-1.000000000e+00,-1.000000000e+00,23.971647,24.019180,-1.000000,-1.000000000e+00,-1.000000000e+00,-1.000000000e+00,row,0,-1.000000000e+00,-1.000000
scheme_a_jblock,double,global,global,16384,16384,3,8,4,2,18,8.999500000e-05,6.819917900e-02,2.999194000e-03,6.834203700e-02,6.834203700e-02,-1.000000000e+00,-1.000000000e+00,23.566941,23.616307,-1.000000,-1.000000000e+00,-1.000000000e+00,-1.000000000e+00,row,0,-1.000000000e+00,-1.000000
scheme_a_jblock,double,global,global,16384,16384,3,8,4,2,19,9.444500000e-05,6.641346400e-02,9.806720000e-04,6.654444500e-02,6.654444500e-02,-1.000000000e+00,-1.000000000e+00,24.203564,24.251298,-1.000000,-1.000000000e+00,-1.000000000e+00,-1.000000000e+00,row,0,-1.000000000e+00,-1.000000
scheme_a_jblock,double,global,global,16384,16384,3,8,4,2,20,8.759900000e-05,6.555429400e-02,4.416390000e-04,6.566233600e-02,6.566233600e-02,-1.000000000e+00,-1.000000000e+00,24.528715,24.569142,-1.000000,-1.000000000e+00,-1.000000000e+00,-1.000000000e+00,row,0,-1.000000000e+00,-1.000000
scheme_a_jblock,double,global,global,16384,16384,6,8,4,2,1,1.688570000e-04,6.966289600e-02,7.001650000e-04,6.987387700e-02,6.987387700e-02,-1.000000000e+00,-1.000000000e+00,46.100569,46.240189,-1.000000,-1.000000000e+00,-1.000000000e+00,-1.000000000e+00,row,0,-1.000000000e+00,-1.000000
scheme_a_jblock,double,global,global,16384,16384,6,8,4,2,2,1.757050000e-04,6.987041200e-02,7.669820000e-04,7.010909400e-02,7.010909400e-02,-1.000000000e+00,-1.000000000e+00,45.945901,46.102855,-1.000000,-1.000000000e+00,-1.000000000e+00,-1.000000000e+00,row,0,-1.000000000e+00,-1.000000
scheme_a_jblock,double,global,global,16384,16384,6,8,4,2,3,2.272860000e-04,7.022865900e-02,8.600530000e-04,7.051782600e-02,7.051782600e-02,-1.000000000e+00,-1.000000000e+00,45.679591,45.867677,-1.000000,-1.000000000e+00,-1.000000000e+00,-1.000000000e+00,row,0,-1.000000000e+00,-1.000000
scheme_a_jblock,double,global,global,16384,16384,6,8,4,2,4,1.652750000e-04,6.972349900e-02,8.851200000e-04,6.993773000e-02,6.993773000e-02,-1.000000000e+00,-1.000000000e+00,46.058479,46.199997,-1.000000,-1.000000000e+00,-1.000000000e+00,-1.000000000e+00,row,0,-1.000000000e+00,-1.000000
scheme_a_jblock,double,global,global,16384,16384,6,8,4,2,5,1.727600000e-04,7.154466700e-02,7.829770000e-04,7.180960000e-02,7.180960000e-02,-1.000000000e+00,-1.000000000e+00,44.857867,45.023977,-1.000000,-1.000000000e+00,-1.000000000e+00,-1.000000000e+00,row,0,-1.000000000e+00,-1.000000
scheme_a_jblock,double,global,global,16384,16384,6,8,4,2,6,1.858110000e-04,7.039063500e-02,1.049028000e-03,7.063794500e-02,7.063794500e-02,-1.000000000e+00,-1.000000000e+00,45.601914,45.762131,-1.000000,-1.000000000e+00,-1.000000000e+00,-1.000000000e+00,row,0,-1.000000000e+00,-1.000000
scheme_a_jblock,double,global,global,16384,16384,6,8,4,2,7,1.532450000e-04,7.177001400e-02,1.275134000e-03,7.198638700e-02,7.198638700e-02,-1.000000000e+00,-1.000000000e+00,44.747703,44.882609,-1.000000,-1.000000000e+00,-1.000000000e+00,-1.000000000e+00,row,0,-1.000000000e+00,-1.000000
scheme_a_jblock,double,global,global,16384,16384,6,8,4,2,8,1.715860000e-04,6.994425300e-02,7.520740000e-04,7.016877600e-02,7.016877600e-02,-1.000000000e+00,-1.000000000e+00,45.906821,46.054184,-1.000000,-1.000000000e+00,-1.000000000e+00,-1.000000000e+00,row,0,-1.000000000e+00,-1.000000
scheme_a_jblock,double,global,global,16384,16384,6,8,4,2,9,1.816900000e-04,7.177284400e-02,6.747110000e-04,7.202038900e-02,7.202038900e-02,-1.000000000e+00,-1.000000000e+00,44.726577,44.880839,-1.000000,-1.000000000e+00,-1.000000000e+00,-1.000000000e+00,row,0,-1.000000000e+00,-1.000000
scheme_a_jblock,double,global,global,16384,16384,6,8,4,2,10,1.975710000e-04,7.043769200e-02,1.227555000e-03,7.066653400e-02,7.066653400e-02,-1.000000000e+00,-1.000000000e+00,45.583465,45.731559,-1.000000,-1.000000000e+00,-1.000000000e+00,-1.000000000e+00,row,0,-1.000000000e+00,-1.000000
scheme_a_jblock,double,global,global,16384,16384,6,8,4,2,11,1.465660000e-04,7.088374100e-02,1.908224000e-03,7.109049400e-02,7.109049400e-02,-1.000000000e+00,-1.000000000e+00,45.311620,45.443785,-1.000000,-1.000000000e+00,-1.000000000e+00,-1.000000000e+00,row,0,-1.000000000e+00,-1.000000
scheme_a_jblock,double,global,global,16384,16384,6,8,4,2,12,1.654420000e-04,7.168208900e-02,1.296324000e-03,7.190197800e-02,7.190197800e-02,-1.000000000e+00,-1.000000000e+00,44.800234,44.937662,-1.000000,-1.000000000e+00,-1.000000000e+00,-1.000000000e+00,row,0,-1.000000000e+00,-1.000000
scheme_a_jblock,double,global,global,16384,16384,6,8,4,2,13,1.797550000e-04,6.945270500e-02,4.644360000e-04,6.968375500e-02,6.968375500e-02,-1.000000000e+00,-1.000000000e+00,46.226347,46.380130,-1.000000,-1.000000000e+00,-1.000000000e+00,-1.000000000e+00,row,0,-1.000000000e+00,-1.000000
scheme_a_jblock,double,global,global,16384,16384,6,8,4,2,14,1.666700000e-04,7.158909100e-02,1.199438000e-03,7.181251500e-02,7.181251500e-02,-1.000000000e+00,-1.000000000e+00,44.856046,44.996038,-1.000000,-1.000000000e+00,-1.000000000e+00,-1.000000000e+00,row,0,-1.000000000e+00,-1.000000
scheme_a_jblock,double,global,global,16384,16384,6,8,4,2,15,1.711460000e-04,7.270389600e-02,3.941213000e-03,7.295805500e-02,7.295805500e-02,-1.000000000e+00,-1.000000000e+00,44.151745,44.306092,-1.000000,-1.000000000e+00,-1.000000000e+00,-1.000000000e+00,row,0,-1.000000000e+00,-1.000000
scheme_a_jblock,double,global,global,16384,16384,6,8,4,2,16,1.607950000e-04,7.223608400e-02,1.396344000e-03,7.247271100e-02,7.247271100e-02,-1.000000000e+00,-1.000000000e+00,44.447426,44.593025,-1.000000,-1.000000000e+00,-1.000000000e+00,-1.000000000e+00,row,0,-1.000000000e+00,-1.000000
scheme_a_jblock,double,global,global,16384,16384,6,8,4,2,17,1.709020000e-04,7.034636300e-02,1.033555000e-03,7.056787200e-02,7.056787200e-02,-1.000000000e+00,-1.000000000e+00,45.647196,45.790931,-1.000000,-1.000000000e+00,-1.000000000e+00,-1.000000000e+00,row,0,-1.000000000e+00,-1.000000
scheme_a_jblock,double,global,global,16384,16384,6,8,4,2,18,1.818980000e-04,7.149092300e-02,2.144103000e-03,7.172589900e-02,7.172589900e-02,-1.000000000e+00,-1.000000000e+00,44.910214,45.057825,-1.000000,-1.000000000e+00,-1.000000000e+00,-1.000000000e+00,row,0,-1.000000000e+00,-1.000000
scheme_a_jblock,double,global,global,16384,16384,6,8,4,2,19,1.686930000e-04,7.009823800e-02,3.221510000e-04,7.032909300e-02,7.032909300e-02,-1.000000000e+00,-1.000000000e+00,45.802176,45.953016,-1.000000,-1.000000000e+00,-1.000000000e+00,-1.000000000e+00,row,0,-1.000000000e+00,-1.000000
scheme_a_jblock,double,global,global,16384,16384,6,8,4,2,20,1.623400000e-04,7.106112600e-02,1.993417000e-03,7.128148900e-02,7.128148900e-02,-1.000000000e+00,-1.000000000e+00,45.190210,45.330347,-1.000000,-1.000000000e+00,-1.000000000e+00,-1.000000000e+00,row,0,-1.000000000e+00,-1.000000
scheme_a_jblock,double,global,global,16384,16384,8,8,4,2,1,2.214820000e-04,6.936787600e-02,7.721180000e-04,6.968252700e-02,6.968252700e-02,-1.000000000e+00,-1.000000000e+00,61.636216,61.915797,-1.000000,-1.000000000e+00,-1.000000000e+00,-1.000000000e+00,row,0,-1.000000000e+00,-1.000000
scheme_a_jblock,double,global,global,16384,16384,8,8,4,2,2,2.108430000e-04,6.922913600e-02,6.579760000e-04,6.950422100e-02,6.950422100e-02,-1.000000000e+00,-1.000000000e+00,61.794338,62.039880,-1.000000,-1.000000000e+00,-1.000000000e+00,-1.000000000e+00,row,0,-1.000000000e+00,-1.000000
scheme_a_jblock,double,global,global,16384,16384,8,8,4,2,3,2.269930000e-04,7.245372300e-02,2.300001000e-03,7.285411700e-02,7.285411700e-02,-1.000000000e+00,-1.000000000e+00,58.952980,59.278766,-1.000000,-1.000000000e+00,-1.000000000e+00,-1.000000000e+00,row,0,-1.000000000e+00,-1.000000
scheme_a_jblock,double,global,global,16384,16384,8,8,4,2,4,2.363050000e-04,7.147482900e-02,1.717770000e-03,7.178401200e-02,7.178401200e-02,-1.000000000e+00,-1.000000000e+00,59.831809,60.090627,-1.000000,-1.000000000e+00,-1.000000000e+00,-1.000000000e+00,row,0,-1.000000000e+00,-1.000000
scheme_a_jblock,double,global,global,16384,16384,8,8,4,2,5,2.492020000e-04,6.995978200e-02,8.939040000e-04,7.022470400e-02,7.022470400e-02,-1.000000000e+00,-1.000000000e+00,61.160347,61.391948,-1.000000,-1.000000000e+00,-1.000000000e+00,-1.000000000e+00,row,0,-1.000000000e+00,-1.000000
scheme_a_jblock,double,global,global,16384,16384,8,8,4,2,6,2.254630000e-04,7.092324900e-02,7.578690000e-04,7.125298800e-02,7.125298800e-02,-1.000000000e+00,-1.000000000e+00,60.277715,60.557960,-1.000000,-1.000000000e+00,-1.000000000e+00,-1.000000000e+00,row,0,-1.000000000e+00,-1.000000
scheme_a_jblock,double,global,global,16384,16384,8,8,4,2,7,2.347010000e-04,6.964932900e-02,8.105330000e-04,6.998288900e-02,6.998288900e-02,-1.000000000e+00,-1.000000000e+00,61.371678,61.665595,-1.000000,-1.000000000e+00,-1.000000000e+00,-1.000000000e+00,row,0,-1.000000000e+00,-1.000000
scheme_a_jblock,double,global,global,16384,16384,8,8,4,2,8,2.455270000e-04,6.971255300e-02,1.093407000e-03,7.005393100e-02,7.005393100e-02,-1.000000000e+00,-1.000000000e+00,61.309440,61.609669,-1.000000,-1.000000000e+00,-1.000000000e+00,-1.000000000e+00,row,0,-1.000000000e+00,-1.000000
scheme_a_jblock,double,global,global,16384,16384,8,8,4,2,9,2.420000000e-04,6.964782600e-02,6.687060000e-04,6.994420000e-02,6.994420000e-02,-1.000000000e+00,-1.000000000e+00,61.405625,61.666925,-1.000000,-1.000000000e+00,-1.000000000e+00,-1.000000000e+00,row,0,-1.000000000e+00,-1.000000
scheme_a_jblock,double,global,global,16384,16384,8,8,4,2,10,2.372360000e-04,7.180772200e-02,1.066045000e-03,7.212028000e-02,7.212028000e-02,-1.000000000e+00,-1.000000000e+00,59.552837,59.812053,-1.000000,-1.000000000e+00,-1.000000000e+00,-1.000000000e+00,row,0,-1.000000000e+00,-1.000000
scheme_a_jblock,double,global,global,16384,16384,8,8,4,2,11,2.211430000e-04,7.190447800e-02,1.120109000e-03,7.220650100e-02,7.220650100e-02,-1.000000000e+00,-1.000000000e+00,59.481726,59.731569,-1.000000,-1.000000000e+00,-1.000000000e+00,-1.000000000e+00,row,0,-1.000000000e+00,-1.000000
scheme_a_jblock,double,global,global,16384,16384,8,8,4,2,12,2.258360000e-04,6.939947300e-02,8.759090000e-04,6.970348100e-02,6.970348100e-02,-1.000000000e+00,-1.000000000e+00,61.617687,61.887607,-1.000000,-1.000000000e+00,-1.000000000e+00,-1.000000000e+00,row,0,-1.000000000e+00,-1.000000
scheme_a_jblock,double,global,global,16384,16384,8,8,4,2,13,2.342180000e-04,7.093818200e-02,1.053111000e-03,7.129642800e-02,7.129642800e-02,-1.000000000e+00,-1.000000000e+00,60.240988,60.545212,-1.000000,-1.000000000e+00,-1.000000000e+00,-1.000000000e+00,row,0,-1.000000000e+00,-1.000000
scheme_a_jblock,double,global,global,16384,16384,8,8,4,2,14,2.751640000e-04,7.030890000e-02,2.196124000e-03,7.067929700e-02,7.067929700e-02,-1.000000000e+00,-1.000000000e+00,60.766978,61.087107,-1.000000,-1.000000000e+00,-1.000000000e+00,-1.000000000e+00,row,0,-1.000000000e+00,-1.000000
scheme_a_jblock,double,global,global,16384,16384,8,8,4,2,15,2.322090000e-04,7.623716100e-02,1.311631000e-03,7.656757000e-02,7.656757000e-02,-1.000000000e+00,-1.000000000e+00,56.093817,56.336926,-1.000000,-1.000000000e+00,-1.000000000e+00,-1.000000000e+00,row,0,-1.000000000e+00,-1.000000
scheme_a_jblock,double,global,global,16384,16384,8,8,4,2,16,2.257060000e-04,7.239159400e-02,2.699753000e-03,7.271430900e-02,7.271430900e-02,-1.000000000e+00,-1.000000000e+00,59.066329,59.329641,-1.000000,-1.000000000e+00,-1.000000000e+00,-1.000000000e+00,row,0,-1.000000000e+00,-1.000000
scheme_a_jblock,double,global,global,16384,16384,8,8,4,2,17,2.437690000e-04,7.044785800e-02,2.332472000e-03,7.076751700e-02,7.076751700e-02,-1.000000000e+00,-1.000000000e+00,60.691225,60.966613,-1.000000,-1.000000000e+00,-1.000000000e+00,-1.000000000e+00,row,0,-1.000000000e+00,-1.000000
scheme_a_jblock,double,global,global,16384,16384,8,8,4,2,18,2.320110000e-04,7.085237700e-02,1.059467000e-03,7.116409400e-02,7.116409400e-02,-1.000000000e+00,-1.000000000e+00,60.353010,60.618535,-1.000000,-1.000000000e+00,-1.000000000e+00,-1.000000000e+00,row,0,-1.000000000e+00,-1.000000
scheme_a_jblock,double,global,global,16384,16384,8,8,4,2,19,2.340270000e-04,6.987557100e-02,6.164660000e-04,7.016464300e-02,7.016464300e-02,-1.000000000e+00,-1.000000000e+00,61.212701,61.465935,-1.000000,-1.000000000e+00,-1.000000000e+00,-1.000000000e+00,row,0,-1.000000000e+00,-1.000000
scheme_a_jblock,double,global,global,16384,16384,8,8,4,2,20,2.034190000e-04,7.273793000e-02,2.316608000e-03,7.310817600e-02,7.310817600e-02,-1.000000000e+00,-1.000000000e+00,58.748112,59.047148,-1.000000,-1.000000000e+00,-1.000000000e+00,-1.000000000e+00,row,0,-1.000000000e+00,-1.000000
scheme_a_jblock,double,global,global,16384,16384,20,8,4,2,1,1.170064000e-03,9.979674000e-02,1.082602000e-03,1.012510790e-01,1.012510790e-01,-1.000000000e+00,-1.000000000e+00,106.047445,107.592876,-1.000000,-1.000000000e+00,-1.000000000e+00,-1.000000000e+00,row,0,-1.000000000e+00,-1.000000
scheme_a_jblock,double,global,global,16384,16384,20,8,4,2,2,1.323408000e-03,9.849114600e-02,1.400034000e-03,1.000908650e-01,1.000908650e-01,-1.000000000e+00,-1.000000000e+00,107.276705,109.019122,-1.000000,-1.000000000e+00,-1.000000000e+00,-1.000000000e+00,row,0,-1.000000000e+00,-1.000000
scheme_a_jblock,double,global,global,16384,16384,20,8,4,2,3,1.137059000e-03,9.891570800e-02,8.939830000e-04,1.001657260e-01,1.001657260e-01,-1.000000000e+00,-1.000000000e+00,107.196530,108.551194,-1.000000,-1.000000000e+00,-1.000000000e+00,-1.000000000e+00,row,0,-1.000000000e+00,-1.000000
scheme_a_jblock,double,global,global,16384,16384,20,8,4,2,4,1.173666000e-03,9.989181600e-02,1.271613000e-03,1.013206980e-01,1.013206980e-01,-1.000000000e+00,-1.000000000e+00,105.974578,107.490470,-1.000000,-1.000000000e+00,-1.000000000e+00,-1.000000000e+00,row,0,-1.000000000e+00,-1.000000
scheme_a_jblock,double,global,global,16384,16384,20,8,4,2,5,1.156976000e-03,1.001464840e-01,1.286965000e-03,1.015868640e-01,1.015868640e-01,-1.000000000e+00,-1.000000000e+00,105.696916,107.217126,-1.000000,-1.000000000e+00,-1.000000000e+00,-1.000000000e+00,row,0,-1.000000000e+00,-1.000000
scheme_a_jblock,double,global,global,16384,16384,20,8,4,2,6,1.138044000e-03,9.844313400e-02,9.397910000e-04,9.975528700e-02,9.975528700e-02,-1.000000000e+00,-1.000000000e+00,107.637586,109.072292,-1.000000,-1.000000000e+00,-1.000000000e+00,-1.000000000e+00,row,0,-1.000000000e+00,-1.000000
scheme_a_jblock,double,global,global,16384,16384,20,8,4,2,7,1.102069000e-03,9.845907500e-02,6.411660000e-04,9.964704500e-02,9.964704500e-02,-1.000000000e+00,-1.000000000e+00,107.754507,109.054632,-1.000000,-1.000000000e+00,-1.000000000e+00,-1.000000000e+00,row,0,-1.000000000e+00,-1.000000
scheme_a_jblock,double,global,global,16384,16384,20,8,4,2,8,1.043089000e-03,1.005303180e-01,9.047800000e-04,1.017246210e-01,1.017246210e-01,-1.000000000e+00,-1.000000000e+00,105.553780,106.807762,-1.000000,-1.000000000e+00,-1.000000000e+00,-1.000000000e+00,row,0,-1.000000000e+00,-1.000000
scheme_a_jblock,double,global,global,16384,16384,20,8,4,2,9,1.049202000e-03,1.002513760e-01,1.249310000e-03,1.015183500e-01,1.015183500e-01,-1.000000000e+00,-1.000000000e+00,105.768250,107.104946,-1.000000,-1.000000000e+00,-1.000000000e+00,-1.000000000e+00,row,0,-1.000000000e+00,-1.000000
scheme_a_jblock,double,global,global,16384,16384,20,8,4,2,10,1.025960000e-03,1.016821200e-01,1.305096000e-03,1.029506540e-01,1.029506540e-01,-1.000000000e+00,-1.000000000e+00,104.296746,105.597899,-1.000000,-1.000000000e+00,-1.000000000e+00,-1.000000000e+00,row,0,-1.000000000e+00,-1.000000
scheme_a_jblock,double,global,global,16384,16384,20,8,4,2,11,1.125200000e-03,1.007460760e-01,1.148162000e-03,1.021465360e-01,1.021465360e-01,-1.000000000e+00,-1.000000000e+00,105.117791,106.579022,-1.000000,-1.000000000e+00,-1.000000000e+00,-1.000000000e+00,row,0,-1.000000000e+00,-1.000000
scheme_a_jblock,double,global,global,16384,16384,20,8,4,2,12,1.077089000e-03,9.891625400e-02,1.200796000e-03,1.002459810e-01,1.002459810e-01,-1.000000000e+00,-1.000000000e+00,107.110710,108.550595,-1.000000,-1.000000000e+00,-1.000000000e+00,-1.000000000e+00,row,0,-1.000000000e+00,-1.000000
scheme_a_jblock,double,global,global,16384,16384,20,8,4,2,13,1.031262000e-03,1.001107380e-01,7.672400000e-04,1.013523370e-01,1.013523370e-01,-1.000000000e+00,-1.000000000e+00,105.941496,107.255410,-1.000000,-1.000000000e+00,-1.000000000e+00,-1.000000000e+00,row,0,-1.000000000e+00,-1.000000
scheme_a_jblock,double,global,global,16384,16384,20,8,4,2,14,1.177325000e-03,1.005653390e-01,8.103280000e-04,1.019482180e-01,1.019482180e-01,-1.000000000e+00,-1.000000000e+00,105.322275,106.770567,-1.000000,-1.000000000e+00,-1.000000000e+00,-1.000000000e+00,row,0,-1.000000000e+00,-1.000000
scheme_a_jblock,double,global,global,16384,16384,20,8,4,2,15,1.235772000e-03,1.016195410e-01,9.511150000e-04,1.029968380e-01,1.029968380e-01,-1.000000000e+00,-1.000000000e+00,104.249979,105.662928,-1.000000,-1.000000000e+00,-1.000000000e+00,-1.000000000e+00,row,0,-1.000000000e+00,-1.000000
scheme_a_jblock,double,global,global,16384,16384,20,8,4,2,16,1.159961000e-03,1.007507910e-01,1.165990000e-03,1.022024870e-01,1.022024870e-01,-1.000000000e+00,-1.000000000e+00,105.060244,106.574034,-1.000000,-1.000000000e+00,-1.000000000e+00,-1.000000000e+00,row,0,-1.000000000e+00,-1.000000
scheme_a_jblock,double,global,global,16384,16384,20,8,4,2,17,1.181246000e-03,1.003114070e-01,9.152390000e-04,1.016172110e-01,1.016172110e-01,-1.000000000e+00,-1.000000000e+00,105.665351,107.040850,-1.000000,-1.000000000e+00,-1.000000000e+00,-1.000000000e+00,row,0,-1.000000000e+00,-1.000000
scheme_a_jblock,double,global,global,16384,16384,20,8,4,2,18,1.067110000e-03,1.008715450e-01,9.827150000e-04,1.021410640e-01,1.021410640e-01,-1.000000000e+00,-1.000000000e+00,105.123423,106.446454,-1.000000,-1.000000000e+00,-1.000000000e+00,-1.000000000e+00,row,0,-1.000000000e+00,-1.000000
scheme_a_jblock,double,global,global,16384,16384,20,8,4,2,19,1.144291000e-03,1.001447950e-01,8.059950000e-04,1.014225940e-01,1.014225940e-01,-1.000000000e+00,-1.000000000e+00,105.868109,107.218935,-1.000000,-1.000000000e+00,-1.000000000e+00,-1.000000000e+00,row,0,-1.000000000e+00,-1.000000
scheme_a_jblock,double,global,global,16384,16384,20,8,4,2,20,1.116999000e-03,1.009449730e-01,8.596540000e-04,1.020884660e-01,1.020884660e-01,-1.000000000e+00,-1.000000000e+00,105.177584,106.369024,-1.000000,-1.000000000e+00,-1.000000000e+00,-1.000000000e+00,row,0,-1.000000000e+00,-1.000000
scheme_a_jblock,double,global,global,16384,16384,32,8,4,2,1,1.549553000e-03,1.671120090e-01,1.214827000e-03,1.690318920e-01,1.690318920e-01,-1.000000000e+00,-1.000000000e+00,101.636851,102.804516,-1.000000,-1.000000000e+00,-1.000000000e+00,-1.000000000e+00,row,0,-1.000000000e+00,-1.000000
scheme_a_jblock,double,global,global,16384,16384,32,8,4,2,2,1.553234000e-03,1.659216950e-01,1.527733000e-03,1.678933890e-01,1.678933890e-01,-1.000000000e+00,-1.000000000e+00,102.326061,103.542030,-1.000000,-1.000000000e+00,-1.000000000e+00,-1.000000000e+00,row,0,-1.000000000e+00,-1.000000
scheme_a_jblock,double,global,global,16384,16384,32,8,4,2,3,1.525247000e-03,1.640797760e-01,1.817558000e-03,1.655314240e-01,1.655314240e-01,-1.000000000e+00,-1.000000000e+00,103.786150,104.704368,-1.000000,-1.000000000e+00,-1.000000000e+00,-1.000000000e+00,row,0,-1.000000000e+00,-1.000000
scheme_a_jblock,double,global,global,16384,16384,32,8,4,2,4,1.550642000e-03,1.643242850e-01,1.679029000e-03,1.661588070e-01,1.661588070e-01,-1.000000000e+00,-1.000000000e+00,103.394274,104.548571,-1.000000,-1.000000000e+00,-1.000000000e+00,-1.000000000e+00,row,0,-1.000000000e+00,-1.000000
scheme_a_jblock,double,global,global,16384,16384,32,8,4,2,5,1.545482000e-03,1.645027270e-01,1.733875000e-03,1.664140850e-01,1.664140850e-01,-1.000000000e+00,-1.000000000e+00,103.235668,104.435163,-1.000000,-1.000000000e+00,-1.000000000e+00,-1.000000000e+00,row,0,-1.000000000e+00,-1.000000
scheme_a_jblock,double,global,global,16384,16384,32,8,4,2,6,1.534218000e-03,1.627512780e-01,1.608032000e-03,1.646675770e-01,1.646675770e-01,-1.000000000e+00,-1.000000000e+00,104.330613,105.559043,-1.000000,-1.000000000e+00,-1.000000000e+00,-1.000000000e+00,row,0,-1.000000000e+00,-1.000000
scheme_a_jblock,double,global,global,16384,16384,32,8,4,2,7,1.842980000e-03,1.649049180e-01,2.153518000e-03,1.667102650e-01,1.667102650e-01,-1.000000000e+00,-1.000000000e+00,103.052258,104.180454,-1.000000,-1.000000000e+00,-1.000000000e+00,-1.000000000e+00,row,0,-1.000000000e+00,-1.000000
scheme_a_jblock,double,global,global,16384,16384,32,8,4,2,8,1.529944000e-03,1.610239550e-01,9.648050000e-04,1.626501970e-01,1.626501970e-01,-1.000000000e+00,-1.000000000e+00,105.624644,106.691388,-1.000000,-1.000000000e+00,-1.000000000e+00,-1.000000000e+00,row,0,-1.000000000e+00,-1.000000
scheme_a_jblock,double,global,global,16384,16384,32,8,4,2,9,1.445039000e-03,1.616481040e-01,1.454728000e-03,1.635151470e-01,1.635151470e-01,-1.000000000e+00,-1.000000000e+00,105.065919,106.279435,-1.000000,-1.000000000e+00,-1.000000000e+00,-1.000000000e+00,row,0,-1.000000000e+00,-1.000000
scheme_a_jblock,double,global,global,16384,16384,32,8,4,2,10,1.440746000e-03,1.613238990e-01,1.391683000e-03,1.631336560e-01,1.631336560e-01,-1.000000000e+00,-1.000000000e+00,105.311618,106.493020,-1.000000,-1.000000000e+00,-1.000000000e+00,-1.000000000e+00,row,0,-1.000000000e+00,-1.000000
scheme_a_jblock,double,global,global,16384,16384,32,8,4,2,11,1.542217000e-03,1.613864650e-01,1.697220000e-03,1.632861710e-01,1.632861710e-01,-1.000000000e+00,-1.000000000e+00,105.213253,106.451735,-1.000000,-1.000000000e+00,-1.000000000e+00,-1.000000000e+00,row,0,-1.000000000e+00,-1.000000
scheme_a_jblock,double,global,global,16384,16384,32,8,4,2,12,1.451066000e-03,1.622751600e-01,1.473258000e-03,1.640918810e-01,1.640918810e-01,-1.000000000e+00,-1.000000000e+00,104.696644,105.868755,-1.000000,-1.000000000e+00,-1.000000000e+00,-1.000000000e+00,row,0,-1.000000000e+00,-1.000000
scheme_a_jblock,double,global,global,16384,16384,32,8,4,2,13,1.454629000e-03,1.608160950e-01,1.095089000e-03,1.626342520e-01,1.626342520e-01,-1.000000000e+00,-1.000000000e+00,105.635000,106.829290,-1.000000,-1.000000000e+00,-1.000000000e+00,-1.000000000e+00,row,0,-1.000000000e+00,-1.000000
scheme_a_jblock,double,global,global,16384,16384,32,8,4,2,14,1.498575000e-03,1.626235100e-01,2.073221000e-03,1.645213490e-01,1.645213490e-01,-1.000000000e+00,-1.000000000e+00,104.423343,105.641977,-1.000000,-1.000000000e+00,-1.000000000e+00,-1.000000000e+00,row,0,-1.000000000e+00,-1.000000
scheme_a_jblock,double,global,global,16384,16384,32,8,4,2,15,1.461954000e-03,1.633182350e-01,2.469839000e-03,1.651800110e-01,1.651800110e-01,-1.000000000e+00,-1.000000000e+00,104.006950,105.192596,-1.000000,-1.000000000e+00,-1.000000000e+00,-1.000000000e+00,row,0,-1.000000000e+00,-1.000000
scheme_a_jblock,double,global,global,16384,16384,32,8,4,2,16,1.470460000e-03,1.636228670e-01,2.277383000e-03,1.655053830e-01,1.655053830e-01,-1.000000000e+00,-1.000000000e+00,103.802480,104.996750,-1.000000,-1.000000000e+00,-1.000000000e+00,-1.000000000e+00,row,0,-1.000000000e+00,-1.000000
scheme_a_jblock,double,global,global,16384,16384,32,8,4,2,17,1.479400000e-03,1.620987050e-01,1.926717000e-03,1.641784660e-01,1.641784660e-01,-1.000000000e+00,-1.000000000e+00,104.641428,105.984000,-1.000000,-1.000000000e+00,-1.000000000e+00,-1.000000000e+00,row,0,-1.000000000e+00,-1.000000
scheme_a_jblock,double,global,global,16384,16384,32,8,4,2,18,1.478433000e-03,1.623573700e-01,1.315309000e-03,1.642468810e-01,1.642468810e-01,-1.000000000e+00,-1.000000000e+00,104.597841,105.815148,-1.000000,-1.000000000e+00,-1.000000000e+00,-1.000000000e+00,row,0,-1.000000000e+00,-1.000000
scheme_a_jblock,double,global,global,16384,16384,32,8,4,2,19,1.491551000e-03,1.640606580e-01,1.465862000e-03,1.654526590e-01,1.654526590e-01,-1.000000000e+00,-1.000000000e+00,103.835558,104.716569,-1.000000,-1.000000000e+00,-1.000000000e+00,-1.000000000e+00,row,0,-1.000000000e+00,-1.000000
scheme_a_jblock,double,global,global,16384,16384,32,8,4,2,20,1.526379000e-03,1.626537400e-01,9.735500000e-04,1.641463250e-01,1.641463250e-01,-1.000000000e+00,-1.000000000e+00,104.661918,105.622343,-1.000000,-1.000000000e+00,-1.000000000e+00,-1.000000000e+00,row,0,-1.000000000e+00,-1.000000
scheme_a_jblock,double,global,global,16384,16384,3,8,8,1,1,2.577140000e-04,6.620761100e-02,1.014100000e-05,6.646903300e-02,6.646903300e-02,-1.000000000e+00,-1.000000000e+00,24.231024,24.326701,-1.000000,-1.000000000e+00,-1.000000000e+00,-1.000000000e+00,row,0,-1.000000000e+00,-1.000000
scheme_a_jblock,double,global,global,16384,16384,3,8,8,1,2,2.478410000e-04,6.699192400e-02,1.197000000e-05,6.724017500e-02,6.724017500e-02,-1.000000000e+00,-1.000000000e+00,23.953131,24.041894,-1.000000,-1.000000000e+00,-1.000000000e+00,-1.000000000e+00,row,0,-1.000000000e+00,-1.000000
scheme_a_jblock,double,global,global,16384,16384,3,8,8,1,3,2.597730000e-04,6.602320200e-02,9.736000000e-06,6.629040100e-02,6.629040100e-02,-1.000000000e+00,-1.000000000e+00,24.296319,24.394647,-1.000000,-1.000000000e+00,-1.000000000e+00,-1.000000000e+00,row,0,-1.000000000e+00,-1.000000
scheme_a_jblock,double,global,global,16384,16384,3,8,8,1,4,2.451880000e-04,6.609701700e-02,1.896000000e-05,6.634183700e-02,6.634183700e-02,-1.000000000e+00,-1.000000000e+00,24.277482,24.367404,-1.000000,-1.000000000e+00,-1.000000000e+00,-1.000000000e+00,row,0,-1.000000000e+00,-1.000000
scheme_a_jblock,double,global,global,16384,16384,3,8,8,1,5,2.702900000e-04,6.582232200e-02,1.004300000e-05,6.606483500e-02,6.606483500e-02,-1.000000000e+00,-1.000000000e+00,24.379274,24.469096,-1.000000,-1.000000000e+00,-1.000000000e+00,-1.000000000e+00,row,0,-1.000000000e+00,-1.000000
scheme_a_jblock,double,global,global,16384,16384,3,8,8,1,6,2.479420000e-04,6.761766800e-02,2.566900000e-05,6.788972300e-02,6.788972300e-02,-1.000000000e+00,-1.000000000e+00,23.723955,23.819407,-1.000000,-1.000000000e+00,-1.000000000e+00,-1.000000000e+00,row,0,-1.000000000e+00,-1.000000
scheme_a_jblock,double,global,global,16384,16384,3,8,8,1,7,2.601660000e-04,6.604457700e-02,1.011500000e-05,6.630668200e-02,6.630668200e-02,-1.000000000e+00,-1.000000000e+00,24.290353,24.386752,-1.000000,-1.000000000e+00,-1.000000000e+00,-1.000000000e+00,row,0,-1.000000000e+00,-1.000000
scheme_a_jblock,double,global,global,16384,16384,3,8,8,1,8,2.490590000e-04,6.721841600e-02,1.190400000e-05,6.746918900e-02,6.746918900e-02,-1.000000000e+00,-1.000000000e+00,23.871826,23.960885,-1.000000,-1.000000000e+00,-1.000000000e+00,-1.000000000e+00,row,0,-1.000000000e+00,-1.000000
scheme_a_jblock,double,global,global,16384,16384,3,8,8,1,9,2.695790000e-04,6.737651300e-02,1.039100000e-05,6.765486600e-02,6.765486600e-02,-1.000000000e+00,-1.000000000e+00,23.806310,23.904661,-1.000000,-1.000000000e+00,-1.000000000e+00,-1.000000000e+00,row,0,-1.000000000e+00,-1.000000
scheme_a_jblock,double,global,global,16384,16384,3,8,8,1,10,2.624180000e-04,6.628011000e-02,1.187500000e-05,6.655005600e-02,6.655005600e-02,-1.000000000e+00,-1.000000000e+00,24.201523,24.300091,-1.000000,-1.000000000e+00,-1.000000000e+00,-1.000000000e+00,row,0,-1.000000000e+00,-1.000000
scheme_a_jblock,double,global,global,16384,16384,3,8,8,1,11,2.516970000e-04,6.547513600e-02,1.056400000e-05,6.572208400e-02,6.572208400e-02,-1.000000000e+00,-1.000000000e+00,24.506416,24.598845,-1.000000,-1.000000000e+00,-1.000000000e+00,-1.000000000e+00,row,0,-1.000000000e+00,-1.000000
scheme_a_jblock,double,global,global,16384,16384,3,8,8,1,12,2.379670000e-04,6.586583600e-02,1.030700000e-05,6.611223400e-02,6.611223400e-02,-1.000000000e+00,-1.000000000e+00,24.361796,24.452931,-1.000000,-1.000000000e+00,-1.000000000e+00,-1.000000000e+00,row,0,-1.000000000e+00,-1.000000
scheme_a_jblock,double,global,global,16384,16384,3,8,8,1,13,2.481750000e-04,7.146682400e-02,1.096700000e-05,7.172425800e-02,7.172425800e-02,-1.000000000e+00,-1.000000000e+00,22.455621,22.536509,-1.000000,-1.000000000e+00,-1.000000000e+00,-1.000000000e+00,row,0,-1.000000000e+00,-1.000000
scheme_a_jblock,double,global,global,16384,16384,3,8,8,1,14,2.603370000e-04,6.579746800e-02,9.368000000e-06,6.606569000e-02,6.606569000e-02,-1.000000000e+00,-1.000000000e+00,24.378959,24.478339,-1.000000,-1.000000000e+00,-1.000000000e+00,-1.000000000e+00,row,0,-1.000000000e+00,-1.000000
scheme_a_jblock,double,global,global,16384,16384,3,8,8,1,15,2.464550000e-04,6.619916100e-02,1.265000000e-05,6.644692100e-02,6.644692100e-02,-1.000000000e+00,-1.000000000e+00,24.239088,24.329806,-1.000000,-1.000000000e+00,-1.000000000e+00,-1.000000000e+00,row,0,-1.000000000e+00,-1.000000
scheme_a_jblock,double,global,global,16384,16384,3,8,8,1,16,2.404710000e-04,6.626362400e-02,2.512500000e-05,6.652922000e-02,6.652922000e-02,-1.000000000e+00,-1.000000000e+00,24.209103,24.306137,-1.000000,-1.000000000e+00,-1.000000000e+00,-1.000000000e+00,row,0,-1.000000000e+00,-1.000000
scheme_a_jblock,double,global,global,16384,16384,3,8,8,1,17,2.790920000e-04,6.572132600e-02,9.971000000e-06,6.597439200e-02,6.597439200e-02,-1.000000000e+00,-1.000000000e+00,24.412695,24.506699,-1.000000,-1.000000000e+00,-1.000000000e+00,-1.000000000e+00,row,0,-1.000000000e+00,-1.000000
scheme_a_jblock,double,global,global,16384,16384,3,8,8,1,18,2.397230000e-04,6.618926100e-02,1.313700000e-05,6.642533300e-02,6.642533300e-02,-1.000000000e+00,-1.000000000e+00,24.246965,24.333445,-1.000000,-1.000000000e+00,-1.000000000e+00,-1.000000000e+00,row,0,-1.000000000e+00,-1.000000
scheme_a_jblock,double,global,global,16384,16384,3,8,8,1,19,2.391690000e-04,6.610696600e-02,2.997000000e-05,6.635336800e-02,6.635336800e-02,-1.000000000e+00,-1.000000000e+00,24.273263,24.363737,-1.000000,-1.000000000e+00,-1.000000000e+00,-1.000000000e+00,row,0,-1.000000000e+00,-1.000000
scheme_a_jblock,double,global,global,16384,16384,3,8,8,1,20,2.420070000e-04,6.789630500e-02,1.477700000e-05,6.815162700e-02,6.815162700e-02,-1.000000000e+00,-1.000000000e+00,23.632785,23.721655,-1.000000,-1.000000000e+00,-1.000000000e+00,-1.000000000e+00,row,0,-1.000000000e+00,-1.000000
scheme_a_jblock,double,global,global,16384,16384,6,8,8,1,1,4.902740000e-04,7.326019600e-02,1.972200000e-05,7.376546300e-02,7.376546300e-02,-1.000000000e+00,-1.000000000e+00,43.668478,43.969654,-1.000000,-1.000000000e+00,-1.000000000e+00,-1.000000000e+00,row,0,-1.000000000e+00,-1.000000
scheme_a_jblock,double,global,global,16384,16384,6,8,8,1,2,5.135150000e-04,7.067388500e-02,1.913900000e-05,7.118952500e-02,7.118952500e-02,-1.000000000e+00,-1.000000000e+00,45.248588,45.578724,-1.000000,-1.000000000e+00,-1.000000000e+00,-1.000000000e+00,row,0,-1.000000000e+00,-1.000000
scheme_a_jblock,double,global,global,16384,16384,6,8,8,1,3,4.922430000e-04,7.215102800e-02,2.689100000e-05,7.265884300e-02,7.265884300e-02,-1.000000000e+00,-1.000000000e+00,44.333564,44.645594,-1.000000,-1.000000000e+00,-1.000000000e+00,-1.000000000e+00,row,0,-1.000000000e+00,-1.000000
scheme_a_jblock,double,global,global,16384,16384,6,8,8,1,4,5.916880000e-04,7.169697700e-02,1.720100000e-05,7.230476300e-02,7.230476300e-02,-1.000000000e+00,-1.000000000e+00,44.550668,44.928330,-1.000000,-1.000000000e+00,-1.000000000e+00,-1.000000000e+00,row,0,-1.000000000e+00,-1.000000
scheme_a_jblock,double,global,global,16384,16384,6,8,8,1,5,5.072040000e-04,7.267235600e-02,3.909300000e-05,7.321865300e-02,7.321865300e-02,-1.000000000e+00,-1.000000000e+00,43.994602,44.325321,-1.000000,-1.000000000e+00,-1.000000000e+00,-1.000000000e+00,row,0,-1.000000000e+00,-1.000000
scheme_a_jblock,double,global,global,16384,16384,6,8,8,1,6,5.169260000e-04,7.191659200e-02,5.167300000e-05,7.247507800e-02,7.247507800e-02,-1.000000000e+00,-1.000000000e+00,44.445975,44.791131,-1.000000,-1.000000000e+00,-1.000000000e+00,-1.000000000e+00,row,0,-1.000000000e+00,-1.000000
scheme_a_jblock,double,global,global,16384,16384,6,8,8,1,7,5.033870000e-04,7.106720200e-02,1.735300000e-05,7.156768900e-02,7.156768900e-02,-1.000000000e+00,-1.000000000e+00,45.009494,45.326471,-1.000000,-1.000000000e+00,-1.000000000e+00,-1.000000000e+00,row,0,-1.000000000e+00,-1.000000
scheme_a_jblock,double,global,global,16384,16384,6,8,8,1,8,4.916750000e-04,7.132518700e-02,2.155800000e-05,7.182206600e-02,7.182206600e-02,-1.000000000e+00,-1.000000000e+00,44.850081,45.162524,-1.000000,-1.000000000e+00,-1.000000000e+00,-1.000000000e+00,row,0,-1.000000000e+00,-1.000000
scheme_a_jblock,double,global,global,16384,16384,6,8,8,1,9,5.104510000e-04,7.069216900e-02,2.002200000e-05,7.121882800e-02,7.121882800e-02,-1.000000000e+00,-1.000000000e+00,45.229970,45.566935,-1.000000,-1.000000000e+00,-1.000000000e+00,-1.000000000e+00,row,0,-1.000000000e+00,-1.000000
scheme_a_jblock,double,global,global,16384,16384,6,8,8,1,10,4.832670000e-04,7.136421100e-02,1.756700000e-05,7.178896400e-02,7.178896400e-02,-1.000000000e+00,-1.000000000e+00,44.870761,45.137828,-1.000000,-1.000000000e+00,-1.000000000e+00,-1.000000000e+00,row,0,-1.000000000e+00,-1.000000
scheme_a_jblock,double,global,global,16384,16384,6,8,8,1,11,4.928400000e-04,7.251826400e-02,2.138900000e-05,7.300909000e-02,7.300909000e-02,-1.000000000e+00,-1.000000000e+00,44.120882,44.419506,-1.000000,-1.000000000e+00,-1.000000000e+00,-1.000000000e+00,row,0,-1.000000000e+00,-1.000000
scheme_a_jblock,double,global,global,16384,16384,6,8,8,1,12,5.223210000e-04,7.254962400e-02,1.784100000e-05,7.308501500e-02,7.308501500e-02,-1.000000000e+00,-1.000000000e+00,44.075047,44.400306,-1.000000,-1.000000000e+00,-1.000000000e+00,-1.000000000e+00,row,0,-1.000000000e+00,-1.000000
scheme_a_jblock,double,global,global,16384,16384,6,8,8,1,13,4.898300000e-04,7.437778100e-02,1.942600000e-05,7.488471100e-02,7.488471100e-02,-1.000000000e+00,-1.000000000e+00,43.015796,43.308975,-1.000000,-1.000000000e+00,-1.000000000e+00,-1.000000000e+00,row,0,-1.000000000e+00,-1.000000
scheme_a_jblock,double,global,global,16384,16384,6,8,8,1,14,5.299590000e-04,7.208792300e-02,5.042500000e-05,7.266535100e-02,7.266535100e-02,-1.000000000e+00,-1.000000000e+00,44.329594,44.684676,-1.000000,-1.000000000e+00,-1.000000000e+00,-1.000000000e+00,row,0,-1.000000000e+00,-1.000000
scheme_a_jblock,double,global,global,16384,16384,6,8,8,1,15,5.091490000e-04,7.228724300e-02,2.920400000e-05,7.280350000e-02,7.280350000e-02,-1.000000000e+00,-1.000000000e+00,44.245475,44.561465,-1.000000,-1.000000000e+00,-1.000000000e+00,-1.000000000e+00,row,0,-1.000000000e+00,-1.000000
scheme_a_jblock,double,global,global,16384,16384,6,8,8,1,16,5.044730000e-04,7.090903500e-02,1.922300000e-05,7.142866500e-02,7.142866500e-02,-1.000000000e+00,-1.000000000e+00,45.097098,45.427575,-1.000000,-1.000000000e+00,-1.000000000e+00,-1.000000000e+00,row,0,-1.000000000e+00,-1.000000
scheme_a_jblock,double,global,global,16384,16384,6,8,8,1,17,4.819940000e-04,7.228912600e-02,5.080900000e-05,7.280854600e-02,7.280854600e-02,-1.000000000e+00,-1.000000000e+00,44.242409,44.560305,-1.000000,-1.000000000e+00,-1.000000000e+00,-1.000000000e+00,row,0,-1.000000000e+00,-1.000000
scheme_a_jblock,double,global,global,16384,16384,6,8,8,1,18,4.870690000e-04,7.300019800e-02,1.974400000e-05,7.349536300e-02,7.349536300e-02,-1.000000000e+00,-1.000000000e+00,43.828962,44.126257,-1.000000,-1.000000000e+00,-1.000000000e+00,-1.000000000e+00,row,0,-1.000000000e+00,-1.000000
scheme_a_jblock,double,global,global,16384,16384,6,8,8,1,19,5.143860000e-04,7.250238900e-02,1.799100000e-05,7.303297700e-02,7.303297700e-02,-1.000000000e+00,-1.000000000e+00,44.106452,44.429232,-1.000000,-1.000000000e+00,-1.000000000e+00,-1.000000000e+00,row,0,-1.000000000e+00,-1.000000
scheme_a_jblock,double,global,global,16384,16384,6,8,8,1,20,4.897920000e-04,7.349782600e-02,2.021900000e-05,7.399137600e-02,7.399137600e-02,-1.000000000e+00,-1.000000000e+00,43.535148,43.827493,-1.000000,-1.000000000e+00,-1.000000000e+00,-1.000000000e+00,row,0,-1.000000000e+00,-1.000000
scheme_a_jblock,double,global,global,16384,16384,8,8,8,1,1,6.575390000e-04,7.263935600e-02,2.624800000e-05,7.331916500e-02,7.331916500e-02,-1.000000000e+00,-1.000000000e+00,58.579054,59.127277,-1.000000,-1.000000000e+00,-1.000000000e+00,-1.000000000e+00,row,0,-1.000000000e+00,-1.000000
scheme_a_jblock,double,global,global,16384,16384,8,8,8,1,2,6.610100000e-04,7.332439500e-02,2.917400000e-05,7.398480400e-02,7.398480400e-02,-1.000000000e+00,-1.000000000e+00,58.052020,58.574875,-1.000000,-1.000000000e+00,-1.000000000e+00,-1.000000000e+00,row,0,-1.000000000e+00,-1.000000
scheme_a_jblock,double,global,global,16384,16384,8,8,8,1,3,6.992530000e-04,7.340133300e-02,4.168900000e-05,7.412566800e-02,7.412566800e-02,-1.000000000e+00,-1.000000000e+00,57.941701,58.513478,-1.000000,-1.000000000e+00,-1.000000000e+00,-1.000000000e+00,row,0,-1.000000000e+00,-1.000000
scheme_a_jblock,double,global,global,16384,16384,8,8,8,1,4,7.955750000e-04,7.184753600e-02,2.714700000e-05,7.266622500e-02,7.266622500e-02,-1.000000000e+00,-1.000000000e+00,59.105414,59.778909,-1.000000,-1.000000000e+00,-1.000000000e+00,-1.000000000e+00,row,0,-1.000000000e+00,-1.000000
scheme_a_jblock,double,global,global,16384,16384,8,8,8,1,5,6.731980000e-04,7.355433500e-02,5.953700000e-05,7.422241400e-02,7.422241400e-02,-1.000000000e+00,-1.000000000e+00,57.866176,58.391763,-1.000000,-1.000000000e+00,-1.000000000e+00,-1.000000000e+00,row,0,-1.000000000e+00,-1.000000
scheme_a_jblock,double,global,global,16384,16384,8,8,8,1,6,7.004790000e-04,7.196542400e-02,2.789900000e-05,7.266479700e-02,7.266479700e-02,-1.000000000e+00,-1.000000000e+00,59.106575,59.680984,-1.000000,-1.000000000e+00,-1.000000000e+00,-1.000000000e+00,row,0,-1.000000000e+00,-1.000000
scheme_a_jblock,double,global,global,16384,16384,8,8,8,1,7,6.508520000e-04,7.174348400e-02,3.356100000e-05,7.240178500e-02,7.240178500e-02,-1.000000000e+00,-1.000000000e+00,59.321290,59.865608,-1.000000,-1.000000000e+00,-1.000000000e+00,-1.000000000e+00,row,0,-1.000000000e+00,-1.000000
scheme_a_jblock,double,global,global,16384,16384,8,8,8,1,8,6.724870000e-04,7.226142000e-02,3.473400000e-05,7.295248500e-02,7.295248500e-02,-1.000000000e+00,-1.000000000e+00,58.873489,59.436519,-1.000000,-1.000000000e+00,-1.000000000e+00,-1.000000000e+00,row,0,-1.000000000e+00,-1.000000
scheme_a_jblock,double,global,global,16384,16384,8,8,8,1,9,6.724890000e-04,7.404978600e-02,2.762300000e-05,7.472838100e-02,7.472838100e-02,-1.000000000e+00,-1.000000000e+00,57.474379,58.001076,-1.000000,-1.000000000e+00,-1.000000000e+00,-1.000000000e+00,row,0,-1.000000000e+00,-1.000000
scheme_a_jblock,double,global,global,16384,16384,8,8,8,1,10,6.499560000e-04,7.351181400e-02,2.943700000e-05,7.414187700e-02,7.414187700e-02,-1.000000000e+00,-1.000000000e+00,57.929034,58.425538,-1.000000,-1.000000000e+00,-1.000000000e+00,-1.000000000e+00,row,0,-1.000000000e+00,-1.000000
scheme_a_jblock,double,global,global,16384,16384,8,8,8,1,11,6.858340000e-04,7.233725200e-02,2.529000000e-05,7.303973600e-02,7.303973600e-02,-1.000000000e+00,-1.000000000e+00,58.803160,59.374211,-1.000000,-1.000000000e+00,-1.000000000e+00,-1.000000000e+00,row,0,-1.000000000e+00,-1.000000
scheme_a_jblock,double,global,global,16384,16384,8,8,8,1,12,6.465540000e-04,7.302049800e-02,2.660600000e-05,7.368839000e-02,7.368839000e-02,-1.000000000e+00,-1.000000000e+00,58.285536,58.818652,-1.000000,-1.000000000e+00,-1.000000000e+00,-1.000000000e+00,row,0,-1.000000000e+00,-1.000000
scheme_a_jblock,double,global,global,16384,16384,8,8,8,1,13,6.827000000e-04,7.362449600e-02,9.105400000e-05,7.432996500e-02,7.432996500e-02,-1.000000000e+00,-1.000000000e+00,57.782447,58.336118,-1.000000,-1.000000000e+00,-1.000000000e+00,-1.000000000e+00,row,0,-1.000000000e+00,-1.000000
scheme_a_jblock,double,global,global,16384,16384,8,8,8,1,14,6.786820000e-04,7.249477400e-02,3.414900000e-05,7.317560500e-02,7.317560500e-02,-1.000000000e+00,-1.000000000e+00,58.693977,59.245199,-1.000000,-1.000000000e+00,-1.000000000e+00,-1.000000000e+00,row,0,-1.000000000e+00,-1.000000
scheme_a_jblock,double,global,global,16384,16384,8,8,8,1,15,7.399180000e-04,7.369492800e-02,2.881700000e-05,7.436376200e-02,7.436376200e-02,-1.000000000e+00,-1.000000000e+00,57.756186,58.280365,-1.000000,-1.000000000e+00,-1.000000000e+00,-1.000000000e+00,row,0,-1.000000000e+00,-1.000000
scheme_a_jblock,double,global,global,16384,16384,8,8,8,1,16,6.962550000e-04,7.166812500e-02,3.252800000e-05,7.237970400e-02,7.237970400e-02,-1.000000000e+00,-1.000000000e+00,59.339387,59.928557,-1.000000,-1.000000000e+00,-1.000000000e+00,-1.000000000e+00,row,0,-1.000000000e+00,-1.000000
scheme_a_jblock,double,global,global,16384,16384,8,8,8,1,17,6.544270000e-04,7.346661800e-02,3.340100000e-05,7.413242600e-02,7.413242600e-02,-1.000000000e+00,-1.000000000e+00,57.936419,58.461481,-1.000000,-1.000000000e+00,-1.000000000e+00,-1.000000000e+00,row,0,-1.000000000e+00,-1.000000
scheme_a_jblock,double,global,global,16384,16384,8,8,8,1,18,6.815030000e-04,7.750613300e-02,2.740400000e-05,7.820505900e-02,7.820505900e-02,-1.000000000e+00,-1.000000000e+00,54.919303,55.414548,-1.000000,-1.000000000e+00,-1.000000000e+00,-1.000000000e+00,row,0,-1.000000000e+00,-1.000000
scheme_a_jblock,double,global,global,16384,16384,8,8,8,1,19,7.115950000e-04,7.222813100e-02,2.395000000e-05,7.296141500e-02,7.296141500e-02,-1.000000000e+00,-1.000000000e+00,58.866283,59.463913,-1.000000,-1.000000000e+00,-1.000000000e+00,-1.000000000e+00,row,0,-1.000000000e+00,-1.000000
scheme_a_jblock,double,global,global,16384,16384,8,8,8,1,20,6.550580000e-04,7.320146000e-02,2.581600000e-05,7.387836200e-02,7.387836200e-02,-1.000000000e+00,-1.000000000e+00,58.135659,58.673246,-1.000000,-1.000000000e+00,-1.000000000e+00,-1.000000000e+00,row,0,-1.000000000e+00,-1.000000
scheme_a_jblock,double,global,global,16384,16384,20,8,8,1,1,9.737720000e-04,1.020100760e-01,5.871500000e-05,1.030217250e-01,1.030217250e-01,-1.000000000e+00,-1.000000000e+00,104.224796,105.258408,-1.000000,-1.000000000e+00,-1.000000000e+00,-1.000000000e+00,row,0,-1.000000000e+00,-1.000000
scheme_a_jblock,double,global,global,16384,16384,20,8,8,1,2,9.643660000e-04,1.037844220e-01,7.815500000e-05,1.047916410e-01,1.047916410e-01,-1.000000000e+00,-1.000000000e+00,102.464454,103.458862,-1.000000,-1.000000000e+00,-1.000000000e+00,-1.000000000e+00,row,0,-1.000000000e+00,-1.000000
scheme_a_jblock,double,global,global,16384,16384,20,8,8,1,3,1.009216000e-03,1.035699210e-01,5.563400000e-05,1.046208470e-01,1.046208470e-01,-1.000000000e+00,-1.000000000e+00,102.631727,103.673133,-1.000000,-1.000000000e+00,-1.000000000e+00,-1.000000000e+00,row,0,-1.000000000e+00,-1.000000
scheme_a_jblock,double,global,global,16384,16384,20,8,8,1,4,1.017032000e-03,1.023316410e-01,5.407300000e-05,1.033792920e-01,1.033792920e-01,-1.000000000e+00,-1.000000000e+00,103.864304,104.927646,-1.000000,-1.000000000e+00,-1.000000000e+00,-1.000000000e+00,row,0,-1.000000000e+00,-1.000000
scheme_a_jblock,double,global,global,16384,16384,20,8,8,1,5,9.452420000e-04,1.032399750e-01,5.541700000e-05,1.042279560e-01,1.042279560e-01,-1.000000000e+00,-1.000000000e+00,103.018601,104.004464,-1.000000,-1.000000000e+00,-1.000000000e+00,-1.000000000e+00,row,0,-1.000000000e+00,-1.000000
scheme_a_jblock,double,global,global,16384,16384,20,8,8,1,6,9.953190000e-04,1.015236490e-01,5.477700000e-05,1.025736700e-01,1.025736700e-01,-1.000000000e+00,-1.000000000e+00,104.680063,105.762730,-1.000000,-1.000000000e+00,-1.000000000e+00,-1.000000000e+00,row,0,-1.000000000e+00,-1.000000
scheme_a_jblock,double,global,global,16384,16384,20,8,8,1,7,9.491980000e-04,1.032731940e-01,5.641600000e-05,1.042639310e-01,1.042639310e-01,-1.000000000e+00,-1.000000000e+00,102.983056,103.971010,-1.000000,-1.000000000e+00,-1.000000000e+00,-1.000000000e+00,row,0,-1.000000000e+00,-1.000000
scheme_a_jblock,double,global,global,16384,16384,20,8,8,1,8,1.008627000e-03,1.033921270e-01,1.624130000e-04,1.044374690e-01,1.044374690e-01,-1.000000000e+00,-1.000000000e+00,102.811935,103.851411,-1.000000,-1.000000000e+00,-1.000000000e+00,-1.000000000e+00,row,0,-1.000000000e+00,-1.000000
scheme_a_jblock,double,global,global,16384,16384,20,8,8,1,9,1.311381000e-03,1.032392150e-01,5.701400000e-05,1.042160360e-01,1.042160360e-01,-1.000000000e+00,-1.000000000e+00,103.030384,104.005229,-1.000000,-1.000000000e+00,-1.000000000e+00,-1.000000000e+00,row,0,-1.000000000e+00,-1.000000
scheme_a_jblock,double,global,global,16384,16384,20,8,8,1,10,9.998890000e-04,1.042232360e-01,1.656990000e-04,1.052658360e-01,1.052658360e-01,-1.000000000e+00,-1.000000000e+00,102.002878,103.023267,-1.000000,-1.000000000e+00,-1.000000000e+00,-1.000000000e+00,row,0,-1.000000000e+00,-1.000000
scheme_a_jblock,double,global,global,16384,16384,20,8,8,1,11,1.003662000e-03,1.023528150e-01,5.926100000e-05,1.033683670e-01,1.033683670e-01,-1.000000000e+00,-1.000000000e+00,103.875282,104.905940,-1.000000,-1.000000000e+00,-1.000000000e+00,-1.000000000e+00,row,0,-1.000000000e+00,-1.000000
scheme_a_jblock,double,global,global,16384,16384,20,8,8,1,12,9.619080000e-04,1.036344690e-01,5.580600000e-05,1.046283070e-01,1.046283070e-01,-1.000000000e+00,-1.000000000e+00,102.624410,103.608561,-1.000000,-1.000000000e+00,-1.000000000e+00,-1.000000000e+00,row,0,-1.000000000e+00,-1.000000
scheme_a_jblock,double,global,global,16384,16384,20,8,8,1,13,9.794080000e-04,1.035035260e-01,5.577900000e-05,1.045189190e-01,1.045189190e-01,-1.000000000e+00,-1.000000000e+00,102.731815,103.739637,-1.000000,-1.000000000e+00,-1.000000000e+00,-1.000000000e+00,row,0,-1.000000000e+00,-1.000000
scheme_a_jblock,double,global,global,16384,16384,20,8,8,1,14,9.581070000e-04,1.042531170e-01,1.723720000e-04,1.052488080e-01,1.052488080e-01,-1.000000000e+00,-1.000000000e+00,102.019381,102.993738,-1.000000,-1.000000000e+00,-1.000000000e+00,-1.000000000e+00,row,0,-1.000000000e+00,-1.000000
scheme_a_jblock,double,global,global,16384,16384,20,8,8,1,15,9.590170000e-04,1.037998850e-01,5.583000000e-05,1.048136450e-01,1.048136450e-01,-1.000000000e+00,-1.000000000e+00,102.442943,103.443450,-1.000000,-1.000000000e+00,-1.000000000e+00,-1.000000000e+00,row,0,-1.000000000e+00,-1.000000
scheme_a_jblock,double,global,global,16384,16384,20,8,8,1,16,9.795620000e-04,1.042933410e-01,5.685500000e-05,1.053240180e-01,1.053240180e-01,-1.000000000e+00,-1.000000000e+00,101.946531,102.954015,-1.000000,-1.000000000e+00,-1.000000000e+00,-1.000000000e+00,row,0,-1.000000000e+00,-1.000000
scheme_a_jblock,double,global,global,16384,16384,20,8,8,1,17,9.639700000e-04,1.033931440e-01,6.592000000e-05,1.044065190e-01,1.044065190e-01,-1.000000000e+00,-1.000000000e+00,102.842412,103.850389,-1.000000,-1.000000000e+00,-1.000000000e+00,-1.000000000e+00,row,0,-1.000000000e+00,-1.000000
scheme_a_jblock,double,global,global,16384,16384,20,8,8,1,18,9.685060000e-04,1.019588550e-01,6.669300000e-05,1.029822040e-01,1.029822040e-01,-1.000000000e+00,-1.000000000e+00,104.264794,105.311287,-1.000000,-1.000000000e+00,-1.000000000e+00,-1.000000000e+00,row,0,-1.000000000e+00,-1.000000
scheme_a_jblock,double,global,global,16384,16384,20,8,8,1,19,9.494620000e-04,1.040640580e-01,5.707600000e-05,1.050668910e-01,1.050668910e-01,-1.000000000e+00,-1.000000000e+00,102.196021,103.180853,-1.000000,-1.000000000e+00,-1.000000000e+00,-1.000000000e+00,row,0,-1.000000000e+00,-1.000000
scheme_a_jblock,double,global,global,16384,16384,20,8,8,1,20,9.557010000e-04,1.038146310e-01,5.636400000e-05,1.048163990e-01,1.048163990e-01,-1.000000000e+00,-1.000000000e+00,102.440251,103.428757,-1.000000,-1.000000000e+00,-1.000000000e+00,-1.000000000e+00,row,0,-1.000000000e+00,-1.000000
scheme_a_jblock,double,global,global,16384,16384,32,8,8,1,1,1.351004000e-03,1.664544910e-01,9.149100000e-05,1.678927060e-01,1.678927060e-01,-1.000000000e+00,-1.000000000e+00,102.326477,103.210608,-1.000000,-1.000000000e+00,-1.000000000e+00,-1.000000000e+00,row,0,-1.000000000e+00,-1.000000
scheme_a_jblock,double,global,global,16384,16384,32,8,8,1,2,1.344110000e-03,1.651581060e-01,1.020200000e-04,1.665833180e-01,1.665833180e-01,-1.000000000e+00,-1.000000000e+00,103.130790,104.020745,-1.000000,-1.000000000e+00,-1.000000000e+00,-1.000000000e+00,row,0,-1.000000000e+00,-1.000000
scheme_a_jblock,double,global,global,16384,16384,32,8,8,1,3,1.359323000e-03,1.675438580e-01,9.134300000e-05,1.689673490e-01,1.689673490e-01,-1.000000000e+00,-1.000000000e+00,101.675675,102.539534,-1.000000,-1.000000000e+00,-1.000000000e+00,-1.000000000e+00,row,0,-1.000000000e+00,-1.000000
scheme_a_jblock,double,global,global,16384,16384,32,8,8,1,4,1.514303000e-03,1.644107060e-01,2.678050000e-04,1.660111440e-01,1.660111440e-01,-1.000000000e+00,-1.000000000e+00,103.486241,104.493616,-1.000000,-1.000000000e+00,-1.000000000e+00,-1.000000000e+00,row,0,-1.000000000e+00,-1.000000
scheme_a_jblock,double,global,global,16384,16384,32,8,8,1,5,1.342107000e-03,1.632846590e-01,2.640900000e-04,1.647082210e-01,1.647082210e-01,-1.000000000e+00,-1.000000000e+00,104.304868,105.214227,-1.000000,-1.000000000e+00,-1.000000000e+00,-1.000000000e+00,row,0,-1.000000000e+00,-1.000000
scheme_a_jblock,double,global,global,16384,16384,32,8,8,1,6,1.355446000e-03,1.656756730e-01,9.177300000e-05,1.671019350e-01,1.671019350e-01,-1.000000000e+00,-1.000000000e+00,102.810714,103.695786,-1.000000,-1.000000000e+00,-1.000000000e+00,-1.000000000e+00,row,0,-1.000000000e+00,-1.000000
scheme_a_jblock,double,global,global,16384,16384,32,8,8,1,7,1.352426000e-03,1.642981020e-01,2.623930000e-04,1.657627260e-01,1.657627260e-01,-1.000000000e+00,-1.000000000e+00,103.641329,104.565232,-1.000000,-1.000000000e+00,-1.000000000e+00,-1.000000000e+00,row,0,-1.000000000e+00,-1.000000
scheme_a_jblock,double,global,global,16384,16384,32,8,8,1,8,1.352395000e-03,1.642365340e-01,1.012860000e-04,1.656752650e-01,1.656752650e-01,-1.000000000e+00,-1.000000000e+00,103.696042,104.604431,-1.000000,-1.000000000e+00,-1.000000000e+00,-1.000000000e+00,row,0,-1.000000000e+00,-1.000000
scheme_a_jblock,double,global,global,16384,16384,32,8,8,1,9,1.358634000e-03,1.699494970e-01,9.282600000e-05,1.713910110e-01,1.713910110e-01,-1.000000000e+00,-1.000000000e+00,100.237866,101.088085,-1.000000,-1.000000000e+00,-1.000000000e+00,-1.000000000e+00,row,0,-1.000000000e+00,-1.000000
scheme_a_jblock,double,global,global,16384,16384,32,8,8,1,10,1.372528000e-03,1.641098290e-01,9.429300000e-05,1.655556590e-01,1.655556590e-01,-1.000000000e+00,-1.000000000e+00,103.770957,104.685193,-1.000000,-1.000000000e+00,-1.000000000e+00,-1.000000000e+00,row,0,-1.000000000e+00,-1.000000
scheme_a_jblock,double,global,global,16384,16384,32,8,8,1,11,1.355956000e-03,1.629331980e-01,8.724200000e-05,1.643719120e-01,1.643719120e-01,-1.000000000e+00,-1.000000000e+00,104.518278,105.441183,-1.000000,-1.000000000e+00,-1.000000000e+00,-1.000000000e+00,row,0,-1.000000000e+00,-1.000000
scheme_a_jblock,double,global,global,16384,16384,32,8,8,1,12,1.332838000e-03,1.648356460e-01,9.228200000e-05,1.662523960e-01,1.662523960e-01,-1.000000000e+00,-1.000000000e+00,103.336070,104.224235,-1.000000,-1.000000000e+00,-1.000000000e+00,-1.000000000e+00,row,0,-1.000000000e+00,-1.000000
scheme_a_jblock,double,global,global,16384,16384,32,8,8,1,13,1.338729000e-03,1.624106370e-01,9.890700000e-05,1.638337380e-01,1.638337380e-01,-1.000000000e+00,-1.000000000e+00,104.861608,105.780443,-1.000000,-1.000000000e+00,-1.000000000e+00,-1.000000000e+00,row,0,-1.000000000e+00,-1.000000
scheme_a_jblock,double,global,global,16384,16384,32,8,8,1,14,1.332456000e-03,1.632679330e-01,2.658960000e-04,1.648412670e-01,1.648412670e-01,-1.000000000e+00,-1.000000000e+00,104.220681,105.225006,-1.000000,-1.000000000e+00,-1.000000000e+00,-1.000000000e+00,row,0,-1.000000000e+00,-1.000000
scheme_a_jblock,double,global,global,16384,16384,32,8,8,1,15,1.325107000e-03,1.629268830e-01,9.154500000e-05,1.643226390e-01,1.643226390e-01,-1.000000000e+00,-1.000000000e+00,104.549618,105.445270,-1.000000,-1.000000000e+00,-1.000000000e+00,-1.000000000e+00,row,0,-1.000000000e+00,-1.000000
scheme_a_jblock,double,global,global,16384,16384,32,8,8,1,16,1.345322000e-03,1.640393130e-01,9.218900000e-05,1.654600070e-01,1.654600070e-01,-1.000000000e+00,-1.000000000e+00,103.830947,104.730195,-1.000000,-1.000000000e+00,-1.000000000e+00,-1.000000000e+00,row,0,-1.000000000e+00,-1.000000
scheme_a_jblock,double,global,global,16384,16384,32,8,8,1,17,1.339521000e-03,1.662593350e-01,2.878720000e-04,1.678589300e-01,1.678589300e-01,-1.000000000e+00,-1.000000000e+00,102.347067,103.331757,-1.000000,-1.000000000e+00,-1.000000000e+00,-1.000000000e+00,row,0,-1.000000000e+00,-1.000000
scheme_a_jblock,double,global,global,16384,16384,32,8,8,1,18,1.330767000e-03,1.631592230e-01,9.399700000e-05,1.645700140e-01,1.645700140e-01,-1.000000000e+00,-1.000000000e+00,104.392464,105.295115,-1.000000,-1.000000000e+00,-1.000000000e+00,-1.000000000e+00,row,0,-1.000000000e+00,-1.000000
scheme_a_jblock,double,global,global,16384,16384,32,8,8,1,19,1.337686000e-03,1.620591330e-01,8.963900000e-05,1.634823650e-01,1.634823650e-01,-1.000000000e+00,-1.000000000e+00,105.086987,106.009880,-1.000000,-1.000000000e+00,-1.000000000e+00,-1.000000000e+00,row,0,-1.000000000e+00,-1.000000
scheme_a_jblock,double,global,global,16384,16384,32,8,8,1,20,1.336622000e-03,1.666183650e-01,2.843170000e-04,1.680448490e-01,1.680448490e-01,-1.000000000e+00,-1.000000000e+00,102.233834,103.109097,-1.000000,-1.000000000e+00,-1.000000000e+00,-1.000000000e+00,row,0,-1.000000000e+00,-1.000000
