kernel,scalar,a_mode,x_mode,M,N,k,P,pr,pc,rep,t_bcast_s,t_local_s,t_reduce_s,t_total_s,t_official_s,t_kernel_s,t_transfer_runtime_overhead_s,gflops,gflops_compute,gflops_kernel,t_h2d_X_s,t_d2h_Y_s,t_launch_overhead_s,x_layout,group_timing,t_local_group_s,gflops_local_group
scheme_a_jblock_rb,double,global,global,16384,16384,3,8,1,8,1,3.940000000e-07,6.239165500e-02,1.468481000e-03,6.304432200e-02,6.304432200e-02,-1.000000000e+00,-1.000000000e+00,25.547308,25.814554,-1.000000,-1.000000000e+00,-1.000000000e+00,-1.000000000e+00,row,0,-1.000000000e+00,-1.000000
scheme_a_jblock_rb,double,global,global,16384,16384,3,8,1,8,2,5.710000002e-07,6.175558600e-02,1.126922000e-03,6.247784200e-02,6.247784200e-02,-1.000000000e+00,-1.000000000e+00,25.778943,26.080438,-1.000000,-1.000000000e+00,-1.000000000e+00,-1.000000000e+00,row,0,-1.000000000e+00,-1.000000
scheme_a_jblock_rb,double,global,global,16384,16384,3,8,1,8,3,4.830000000e-07,6.213532300e-02,1.906408000e-03,6.278697900e-02,6.278697900e-02,-1.000000000e+00,-1.000000000e+00,25.652018,25.921049,-1.000000,-1.000000000e+00,-1.000000000e+00,-1.000000000e+00,row,0,-1.000000000e+00,-1.000000
scheme_a_jblock_rb,double,global,global,16384,16384,3,8,1,8,4,3.149999999e-07,6.182719300e-02,1.125433000e-03,6.278047500e-02,6.278047500e-02,-1.000000000e+00,-1.000000000e+00,25.654676,26.050232,-1.000000,-1.000000000e+00,-1.000000000e+00,-1.000000000e+00,row,0,-1.000000000e+00,-1.000000
scheme_a_jblock_rb,double,global,global,16384,16384,3,8,1,8,5,3.280000000e-07,6.403671000e-02,1.760818000e-03,6.483152700e-02,6.483152700e-02,-1.000000000e+00,-1.000000000e+00,24.843048,25.151397,-1.000000,-1.000000000e+00,-1.000000000e+00,-1.000000000e+00,row,0,-1.000000000e+00,-1.000000
scheme_a_jblock_rb,double,global,global,16384,16384,3,8,1,8,6,3.470000003e-07,6.179452400e-02,1.248938000e-03,6.256303300e-02,6.256303300e-02,-1.000000000e+00,-1.000000000e+00,25.743840,26.064004,-1.000000,-1.000000000e+00,-1.000000000e+00,-1.000000000e+00,row,0,-1.000000000e+00,-1.000000
scheme_a_jblock_rb,double,global,global,16384,16384,3,8,1,8,7,1.148000000e-06,6.306529900e-02,2.263376000e-03,6.363551500e-02,6.363551500e-02,-1.000000000e+00,-1.000000000e+00,25.309966,25.538811,-1.000000,-1.000000000e+00,-1.000000000e+00,-1.000000000e+00,row,0,-1.000000000e+00,-1.000000
scheme_a_jblock_rb,double,global,global,16384,16384,3,8,1,8,8,3.500000001e-07,6.159830400e-02,1.081427000e-03,6.235259500e-02,6.235259500e-02,-1.000000000e+00,-1.000000000e+00,25.830725,26.147031,-1.000000,-1.000000000e+00,-1.000000000e+00,-1.000000000e+00,row,0,-1.000000000e+00,-1.000000
scheme_a_jblock_rb,double,global,global,16384,16384,3,8,1,8,9,3.940000002e-07,6.414636000e-02,1.527229000e-03,6.489466400e-02,6.489466400e-02,-1.000000000e+00,-1.000000000e+00,24.818878,25.108404,-1.000000,-1.000000000e+00,-1.000000000e+00,-1.000000000e+00,row,0,-1.000000000e+00,-1.000000
scheme_a_jblock_rb,double,global,global,16384,16384,3,8,1,8,10,4.269999998e-07,6.327090100e-02,1.824351000e-03,6.388777800e-02,6.388777800e-02,-1.000000000e+00,-1.000000000e+00,25.210029,25.455821,-1.000000,-1.000000000e+00,-1.000000000e+00,-1.000000000e+00,row,0,-1.000000000e+00,-1.000000
scheme_a_jblock_rb,double,global,global,16384,16384,3,8,1,8,11,4.849999997e-07,6.319751900e-02,2.273230000e-03,6.381313700e-02,6.381313700e-02,-1.000000000e+00,-1.000000000e+00,25.239517,25.485379,-1.000000,-1.000000000e+00,-1.000000000e+00,-1.000000000e+00,row,0,-1.000000000e+00,-1.000000
scheme_a_jblock_rb,double,global,global,16384,16384,3,8,1,8,12,3.330000000e-07,6.206348000e-02,1.245552000e-03,6.276373100e-02,6.276373100e-02,-1.000000000e+00,-1.000000000e+00,25.661520,25.951054,-1.000000,-1.000000000e+00,-1.000000000e+00,-1.000000000e+00,row,0,-1.000000000e+00,-1.000000
scheme_a_jblock_rb,double,global,global,16384,16384,3,8,1,8,13,3.110000000e-07,6.209300600e-02,1.337740000e-03,6.279266600e-02,6.279266600e-02,-1.000000000e+00,-1.000000000e+00,25.649695,25.938714,-1.000000,-1.000000000e+00,-1.000000000e+00,-1.000000000e+00,row,0,-1.000000000e+00,-1.000000
scheme_a_jblock_rb,double,global,global,16384,16384,3,8,1,8,14,5.210000000e-07,6.293060100e-02,1.807491000e-03,6.364148400e-02,6.364148400e-02,-1.000000000e+00,-1.000000000e+00,25.307592,25.593475,-1.000000,-1.000000000e+00,-1.000000000e+00,-1.000000000e+00,row,0,-1.000000000e+00,-1.000000
scheme_a_jblock_rb,double,global,global,16384,16384,3,8,1,8,15,3.030000002e-07,6.212507800e-02,1.320612000e-03,6.281917100e-02,6.281917100e-02,-1.000000000e+00,-1.000000000e+00,25.638873,25.925323,-1.000000,-1.000000000e+00,-1.000000000e+00,-1.000000000e+00,row,0,-1.000000000e+00,-1.000000
scheme_a_jblock_rb,double,global,global,16384,16384,3,8,1,8,16,4.339999999e-07,6.190417000e-02,1.029256000e-03,6.266416100e-02,6.266416100e-02,-1.000000000e+00,-1.000000000e+00,25.702295,26.017839,-1.000000,-1.000000000e+00,-1.000000000e+00,-1.000000000e+00,row,0,-1.000000000e+00,-1.000000
scheme_a_jblock_rb,double,global,global,16384,16384,3,8,1,8,17,3.079999997e-07,6.258533700e-02,1.509706000e-03,6.318779700e-02,6.318779700e-02,-1.000000000e+00,-1.000000000e+00,25.489300,25.734666,-1.000000,-1.000000000e+00,-1.000000000e+00,-1.000000000e+00,row,0,-1.000000000e+00,-1.000000
scheme_a_jblock_rb,double,global,global,16384,16384,3,8,1,8,18,3.689999999e-07,6.446470500e-02,1.523207000e-03,6.517221300e-02,6.517221300e-02,-1.000000000e+00,-1.000000000e+00,24.713182,24.984412,-1.000000,-1.000000000e+00,-1.000000000e+00,-1.000000000e+00,row,0,-1.000000000e+00,-1.000000
scheme_a_jblock_rb,double,global,global,16384,16384,3,8,1,8,19,3.199999998e-07,6.217098300e-02,1.867381000e-03,6.291524800e-02,6.291524800e-02,-1.000000000e+00,-1.000000000e+00,25.599720,25.906181,-1.000000,-1.000000000e+00,-1.000000000e+00,-1.000000000e+00,row,0,-1.000000000e+00,-1.000000
scheme_a_jblock_rb,double,global,global,16384,16384,3,8,1,8,20,3.660000001e-07,6.206056300e-02,2.659956000e-03,6.275874700e-02,6.275874700e-02,-1.000000000e+00,-1.000000000e+00,25.663558,25.952274,-1.000000,-1.000000000e+00,-1.000000000e+00,-1.000000000e+00,row,0,-1.000000000e+00,-1.000000
scheme_a_jblock_rb,double,global,global,16384,16384,6,8,1,8,1,2.889999999e-07,9.935188200e-02,2.381536000e-03,1.008639640e-01,1.008639640e-01,-1.000000000e+00,-1.000000000e+00,31.936336,32.422390,-1.000000,-1.000000000e+00,-1.000000000e+00,-1.000000000e+00,row,0,-1.000000000e+00,-1.000000
scheme_a_jblock_rb,double,global,global,16384,16384,6,8,1,8,2,5.870000002e-07,1.021001330e-01,2.997725000e-03,1.034337570e-01,1.034337570e-01,-1.000000000e+00,-1.000000000e+00,31.142884,31.549670,-1.000000,-1.000000000e+00,-1.000000000e+00,-1.000000000e+00,row,0,-1.000000000e+00,-1.000000
scheme_a_jblock_rb,double,global,global,16384,16384,6,8,1,8,3,4.209999998e-07,1.001123810e-01,2.155250000e-03,1.019191260e-01,1.019191260e-01,-1.000000000e+00,-1.000000000e+00,31.605701,32.176095,-1.000000,-1.000000000e+00,-1.000000000e+00,-1.000000000e+00,row,0,-1.000000000e+00,-1.000000
scheme_a_jblock_rb,double,global,global,16384,16384,6,8,1,8,4,4.189999996e-07,9.949617300e-02,2.417075000e-03,1.009140170e-01,1.009140170e-01,-1.000000000e+00,-1.000000000e+00,31.920496,32.375371,-1.000000,-1.000000000e+00,-1.000000000e+00,-1.000000000e+00,row,0,-1.000000000e+00,-1.000000
scheme_a_jblock_rb,double,global,global,16384,16384,6,8,1,8,5,6.190000001e-07,9.920748800e-02,2.351549000e-03,1.009106470e-01,1.009106470e-01,-1.000000000e+00,-1.000000000e+00,31.921562,32.469580,-1.000000,-1.000000000e+00,-1.000000000e+00,-1.000000000e+00,row,0,-1.000000000e+00,-1.000000
scheme_a_jblock_rb,double,global,global,16384,16384,6,8,1,8,6,3.760000000e-07,1.010320500e-01,2.689948000e-03,1.025730680e-01,1.025730680e-01,-1.000000000e+00,-1.000000000e+00,31.404203,31.883204,-1.000000,-1.000000000e+00,-1.000000000e+00,-1.000000000e+00,row,0,-1.000000000e+00,-1.000000
scheme_a_jblock_rb,double,global,global,16384,16384,6,8,1,8,7,4.090000001e-07,9.933102000e-02,2.403761000e-03,1.011320860e-01,1.011320860e-01,-1.000000000e+00,-1.000000000e+00,31.851666,32.429200,-1.000000,-1.000000000e+00,-1.000000000e+00,-1.000000000e+00,row,0,-1.000000000e+00,-1.000000
scheme_a_jblock_rb,double,global,global,16384,16384,6,8,1,8,8,3.890000002e-07,1.005698720e-01,2.256168000e-03,1.022661080e-01,1.022661080e-01,-1.000000000e+00,-1.000000000e+00,31.498465,32.029726,-1.000000,-1.000000000e+00,-1.000000000e+00,-1.000000000e+00,row,0,-1.000000000e+00,-1.000000
scheme_a_jblock_rb,double,global,global,16384,16384,6,8,1,8,9,3.209999999e-07,9.897235100e-02,2.378056000e-03,1.007542380e-01,1.007542380e-01,-1.000000000e+00,-1.000000000e+00,31.971116,32.546721,-1.000000,-1.000000000e+00,-1.000000000e+00,-1.000000000e+00,row,0,-1.000000000e+00,-1.000000
scheme_a_jblock_rb,double,global,global,16384,16384,6,8,1,8,10,3.449999997e-07,9.948446000e-02,2.337740000e-03,1.010363910e-01,1.010363910e-01,-1.000000000e+00,-1.000000000e+00,31.881834,32.379182,-1.000000,-1.000000000e+00,-1.000000000e+00,-1.000000000e+00,row,0,-1.000000000e+00,-1.000000
scheme_a_jblock_rb,double,global,global,16384,16384,6,8,1,8,11,1.346000000e-06,9.887936400e-02,2.501022000e-03,1.003893650e-01,1.003893650e-01,-1.000000000e+00,-1.000000000e+00,32.087318,32.577328,-1.000000,-1.000000000e+00,-1.000000000e+00,-1.000000000e+00,row,0,-1.000000000e+00,-1.000000
scheme_a_jblock_rb,double,global,global,16384,16384,6,8,1,8,12,2.889999999e-07,1.001256770e-01,2.371529000e-03,1.016975480e-01,1.016975480e-01,-1.000000000e+00,-1.000000000e+00,31.674564,32.171822,-1.000000,-1.000000000e+00,-1.000000000e+00,-1.000000000e+00,row,0,-1.000000000e+00,-1.000000
scheme_a_jblock_rb,double,global,global,16384,16384,6,8,1,8,13,3.159999999e-07,9.906244800e-02,2.411091000e-03,1.007777310e-01,1.007777310e-01,-1.000000000e+00,-1.000000000e+00,31.963663,32.517120,-1.000000,-1.000000000e+00,-1.000000000e+00,-1.000000000e+00,row,0,-1.000000000e+00,-1.000000
scheme_a_jblock_rb,double,global,global,16384,16384,6,8,1,8,14,3.110000000e-07,1.070686780e-01,2.712625000e-03,1.085151750e-01,1.085151750e-01,-1.000000000e+00,-1.000000000e+00,29.684562,30.085600,-1.000000,-1.000000000e+00,-1.000000000e+00,-1.000000000e+00,row,0,-1.000000000e+00,-1.000000
scheme_a_jblock_rb,double,global,global,16384,16384,6,8,1,8,15,3.769999997e-07,1.020591200e-01,2.367822000e-03,1.037474270e-01,1.037474270e-01,-1.000000000e+00,-1.000000000e+00,31.048726,31.562348,-1.000000,-1.000000000e+00,-1.000000000e+00,-1.000000000e+00,row,0,-1.000000000e+00,-1.000000
scheme_a_jblock_rb,double,global,global,16384,16384,6,8,1,8,16,4.929999999e-07,1.063253050e-01,3.882901000e-03,1.076661160e-01,1.076661160e-01,-1.000000000e+00,-1.000000000e+00,29.918656,30.295944,-1.000000,-1.000000000e+00,-1.000000000e+00,-1.000000000e+00,row,0,-1.000000000e+00,-1.000000
scheme_a_jblock_rb,double,global,global,16384,16384,6,8,1,8,17,3.430000000e-07,1.037241010e-01,2.469164000e-03,1.054315950e-01,1.054315950e-01,-1.000000000e+00,-1.000000000e+00,30.552753,31.055709,-1.000000,-1.000000000e+00,-1.000000000e+00,-1.000000000e+00,row,0,-1.000000000e+00,-1.000000
scheme_a_jblock_rb,double,global,global,16384,16384,6,8,1,8,18,4.769999999e-07,1.030469320e-01,2.339418000e-03,1.049848830e-01,1.049848830e-01,-1.000000000e+00,-1.000000000e+00,30.682755,31.259790,-1.000000,-1.000000000e+00,-1.000000000e+00,-1.000000000e+00,row,0,-1.000000000e+00,-1.000000
scheme_a_jblock_rb,double,global,global,16384,16384,6,8,1,8,19,2.860000001e-07,1.032137330e-01,2.333606000e-03,1.051119420e-01,1.051119420e-01,-1.000000000e+00,-1.000000000e+00,30.645666,31.209272,-1.000000,-1.000000000e+00,-1.000000000e+00,-1.000000000e+00,row,0,-1.000000000e+00,-1.000000
scheme_a_jblock_rb,double,global,global,16384,16384,6,8,1,8,20,4.570000005e-07,1.031096490e-01,2.676646000e-03,1.053665660e-01,1.053665660e-01,-1.000000000e+00,-1.000000000e+00,30.571609,31.240776,-1.000000,-1.000000000e+00,-1.000000000e+00,-1.000000000e+00,row,0,-1.000000000e+00,-1.000000
scheme_a_jblock_rb,double,global,global,16384,16384,8,8,1,8,1,3.620000002e-07,1.498747670e-01,3.763384000e-03,1.523264540e-01,1.523264540e-01,-1.000000000e+00,-1.000000000e+00,28.195807,28.657041,-1.000000,-1.000000000e+00,-1.000000000e+00,-1.000000000e+00,row,0,-1.000000000e+00,-1.000000
scheme_a_jblock_rb,double,global,global,16384,16384,8,8,1,8,2,3.230000001e-07,1.498215780e-01,3.761951000e-03,1.523162630e-01,1.523162630e-01,-1.000000000e+00,-1.000000000e+00,28.197693,28.667214,-1.000000,-1.000000000e+00,-1.000000000e+00,-1.000000000e+00,row,0,-1.000000000e+00,-1.000000
scheme_a_jblock_rb,double,global,global,16384,16384,8,8,1,8,3,3.989999997e-07,1.503394490e-01,3.679773000e-03,1.527421290e-01,1.527421290e-01,-1.000000000e+00,-1.000000000e+00,28.119074,28.568465,-1.000000,-1.000000000e+00,-1.000000000e+00,-1.000000000e+00,row,0,-1.000000000e+00,-1.000000
scheme_a_jblock_rb,double,global,global,16384,16384,8,8,1,8,4,3.230000001e-07,1.504663610e-01,4.081490000e-03,1.528919940e-01,1.528919940e-01,-1.000000000e+00,-1.000000000e+00,28.091512,28.544369,-1.000000,-1.000000000e+00,-1.000000000e+00,-1.000000000e+00,row,0,-1.000000000e+00,-1.000000
scheme_a_jblock_rb,double,global,global,16384,16384,8,8,1,8,5,4.699999998e-07,1.499163260e-01,3.688414000e-03,1.523492360e-01,1.523492360e-01,-1.000000000e+00,-1.000000000e+00,28.191591,28.649097,-1.000000,-1.000000000e+00,-1.000000000e+00,-1.000000000e+00,row,0,-1.000000000e+00,-1.000000
scheme_a_jblock_rb,double,global,global,16384,16384,8,8,1,8,6,5.509999998e-07,1.516253700e-01,3.317189000e-03,1.541531210e-01,1.541531210e-01,-1.000000000e+00,-1.000000000e+00,27.861695,28.326179,-1.000000,-1.000000000e+00,-1.000000000e+00,-1.000000000e+00,row,0,-1.000000000e+00,-1.000000
scheme_a_jblock_rb,double,global,global,16384,16384,8,8,1,8,7,3.580000003e-07,1.511935630e-01,3.815986000e-03,1.536752050e-01,1.536752050e-01,-1.000000000e+00,-1.000000000e+00,27.948343,28.407078,-1.000000,-1.000000000e+00,-1.000000000e+00,-1.000000000e+00,row,0,-1.000000000e+00,-1.000000
scheme_a_jblock_rb,double,global,global,16384,16384,8,8,1,8,8,3.820000001e-07,1.507491370e-01,4.459792000e-03,1.534450950e-01,1.534450950e-01,-1.000000000e+00,-1.000000000e+00,27.990255,28.490825,-1.000000,-1.000000000e+00,-1.000000000e+00,-1.000000000e+00,row,0,-1.000000000e+00,-1.000000
scheme_a_jblock_rb,double,global,global,16384,16384,8,8,1,8,9,3.579999999e-07,1.503208510e-01,3.735584000e-03,1.527717540e-01,1.527717540e-01,-1.000000000e+00,-1.000000000e+00,28.113622,28.572000,-1.000000,-1.000000000e+00,-1.000000000e+00,-1.000000000e+00,row,0,-1.000000000e+00,-1.000000
scheme_a_jblock_rb,double,global,global,16384,16384,8,8,1,8,10,3.089999998e-07,1.504123910e-01,3.683187000e-03,1.528660800e-01,1.528660800e-01,-1.000000000e+00,-1.000000000e+00,28.096274,28.554611,-1.000000,-1.000000000e+00,-1.000000000e+00,-1.000000000e+00,row,0,-1.000000000e+00,-1.000000
scheme_a_jblock_rb,double,global,global,16384,16384,8,8,1,8,11,2.900000000e-07,1.512273660e-01,3.823330000e-03,1.536265400e-01,1.536265400e-01,-1.000000000e+00,-1.000000000e+00,27.957196,28.400728,-1.000000,-1.000000000e+00,-1.000000000e+00,-1.000000000e+00,row,0,-1.000000000e+00,-1.000000
scheme_a_jblock_rb,double,global,global,16384,16384,8,8,1,8,12,5.219999997e-07,1.514072290e-01,3.543548000e-03,1.538957570e-01,1.538957570e-01,-1.000000000e+00,-1.000000000e+00,27.908289,28.366990,-1.000000,-1.000000000e+00,-1.000000000e+00,-1.000000000e+00,row,0,-1.000000000e+00,-1.000000
scheme_a_jblock_rb,double,global,global,16384,16384,8,8,1,8,13,5.509999994e-07,1.501159650e-01,3.464109000e-03,1.524523770e-01,1.524523770e-01,-1.000000000e+00,-1.000000000e+00,28.172518,28.610996,-1.000000,-1.000000000e+00,-1.000000000e+00,-1.000000000e+00,row,0,-1.000000000e+00,-1.000000
scheme_a_jblock_rb,double,global,global,16384,16384,8,8,1,8,14,3.099999999e-07,1.500008870e-01,3.394260000e-03,1.523145240e-01,1.523145240e-01,-1.000000000e+00,-1.000000000e+00,28.198015,28.632946,-1.000000,-1.000000000e+00,-1.000000000e+00,-1.000000000e+00,row,0,-1.000000000e+00,-1.000000
scheme_a_jblock_rb,double,global,global,16384,16384,8,8,1,8,15,3.069999996e-07,1.500564360e-01,3.437428000e-03,1.520033930e-01,1.520033930e-01,-1.000000000e+00,-1.000000000e+00,28.255733,28.622346,-1.000000,-1.000000000e+00,-1.000000000e+00,-1.000000000e+00,row,0,-1.000000000e+00,-1.000000
scheme_a_jblock_rb,double,global,global,16384,16384,8,8,1,8,16,2.650000006e-07,1.512465300e-01,3.749794000e-03,1.536691830e-01,1.536691830e-01,-1.000000000e+00,-1.000000000e+00,27.949438,28.397129,-1.000000,-1.000000000e+00,-1.000000000e+00,-1.000000000e+00,row,0,-1.000000000e+00,-1.000000
scheme_a_jblock_rb,double,global,global,16384,16384,8,8,1,8,17,5.010000006e-07,1.517729500e-01,3.579649000e-03,1.542194240e-01,1.542194240e-01,-1.000000000e+00,-1.000000000e+00,27.849717,28.298635,-1.000000,-1.000000000e+00,-1.000000000e+00,-1.000000000e+00,row,0,-1.000000000e+00,-1.000000
scheme_a_jblock_rb,double,global,global,16384,16384,8,8,1,8,18,5.290000002e-07,1.494229670e-01,3.346138000e-03,1.518391580e-01,1.518391580e-01,-1.000000000e+00,-1.000000000e+00,28.286296,28.743689,-1.000000,-1.000000000e+00,-1.000000000e+00,-1.000000000e+00,row,0,-1.000000000e+00,-1.000000
scheme_a_jblock_rb,double,global,global,16384,16384,8,8,1,8,19,2.333000000e-06,1.503790050e-01,2.683685000e-03,1.528223180e-01,1.528223180e-01,-1.000000000e+00,-1.000000000e+00,28.104320,28.560950,-1.000000,-1.000000000e+00,-1.000000000e+00,-1.000000000e+00,row,0,-1.000000000e+00,-1.000000
scheme_a_jblock_rb,double,global,global,16384,16384,8,8,1,8,20,6.199999998e-07,1.499656940e-01,2.733522000e-03,1.522929590e-01,1.522929590e-01,-1.000000000e+00,-1.000000000e+00,28.202008,28.639665,-1.000000,-1.000000000e+00,-1.000000000e+00,-1.000000000e+00,row,0,-1.000000000e+00,-1.000000
scheme_a_jblock_rb,double,global,global,16384,16384,20,8,1,8,1,3.930000001e-07,3.835550360e-01,8.199757000e-03,3.894896320e-01,3.894896320e-01,-1.000000000e+00,-1.000000000e+00,27.567918,27.994466,-1.000000,-1.000000000e+00,-1.000000000e+00,-1.000000000e+00,row,0,-1.000000000e+00,-1.000000
scheme_a_jblock_rb,double,global,global,16384,16384,20,8,1,8,2,3.810000000e-07,3.858268350e-01,6.844976000e-03,3.907469750e-01,3.907469750e-01,-1.000000000e+00,-1.000000000e+00,27.479210,27.829630,-1.000000,-1.000000000e+00,-1.000000000e+00,-1.000000000e+00,row,0,-1.000000000e+00,-1.000000
scheme_a_jblock_rb,double,global,global,16384,16384,20,8,1,8,3,4.159999998e-07,3.862772130e-01,6.903529000e-03,3.909087660e-01,3.909087660e-01,-1.000000000e+00,-1.000000000e+00,27.467837,27.797183,-1.000000,-1.000000000e+00,-1.000000000e+00,-1.000000000e+00,row,0,-1.000000000e+00,-1.000000
scheme_a_jblock_rb,double,global,global,16384,16384,20,8,1,8,4,3.779999993e-07,3.863450540e-01,8.701474000e-03,3.914759640e-01,3.914759640e-01,-1.000000000e+00,-1.000000000e+00,27.428040,27.792302,-1.000000,-1.000000000e+00,-1.000000000e+00,-1.000000000e+00,row,0,-1.000000000e+00,-1.000000
scheme_a_jblock_rb,double,global,global,16384,16384,20,8,1,8,5,1.203000000e-06,3.875104510e-01,7.589875000e-03,3.924083040e-01,3.924083040e-01,-1.000000000e+00,-1.000000000e+00,27.362872,27.708719,-1.000000,-1.000000000e+00,-1.000000000e+00,-1.000000000e+00,row,0,-1.000000000e+00,-1.000000
scheme_a_jblock_rb,double,global,global,16384,16384,20,8,1,8,6,4.359999997e-07,3.868212650e-01,7.286496000e-03,3.918287030e-01,3.918287030e-01,-1.000000000e+00,-1.000000000e+00,27.403348,27.758087,-1.000000,-1.000000000e+00,-1.000000000e+00,-1.000000000e+00,row,0,-1.000000000e+00,-1.000000
scheme_a_jblock_rb,double,global,global,16384,16384,20,8,1,8,7,4.060000007e-07,3.865646760e-01,6.610055000e-03,3.910169610e-01,3.910169610e-01,-1.000000000e+00,-1.000000000e+00,27.460237,27.776512,-1.000000,-1.000000000e+00,-1.000000000e+00,-1.000000000e+00,row,0,-1.000000000e+00,-1.000000
scheme_a_jblock_rb,double,global,global,16384,16384,20,8,1,8,8,3.920000005e-07,3.851367570e-01,7.432516000e-03,3.894139230e-01,3.894139230e-01,-1.000000000e+00,-1.000000000e+00,27.573278,27.879495,-1.000000,-1.000000000e+00,-1.000000000e+00,-1.000000000e+00,row,0,-1.000000000e+00,-1.000000
scheme_a_jblock_rb,double,global,global,16384,16384,20,8,1,8,9,4.679999996e-07,3.883285230e-01,7.375587000e-03,3.927466900e-01,3.927466900e-01,-1.000000000e+00,-1.000000000e+00,27.339297,27.650347,-1.000000,-1.000000000e+00,-1.000000000e+00,-1.000000000e+00,row,0,-1.000000000e+00,-1.000000
scheme_a_jblock_rb,double,global,global,16384,16384,20,8,1,8,10,6.539999999e-07,3.862341650e-01,7.830363000e-03,3.911250070e-01,3.911250070e-01,-1.000000000e+00,-1.000000000e+00,27.452651,27.800281,-1.000000,-1.000000000e+00,-1.000000000e+00,-1.000000000e+00,row,0,-1.000000000e+00,-1.000000
scheme_a_jblock_rb,double,global,global,16384,16384,20,8,1,8,11,4.370000006e-07,3.828795920e-01,6.948393000e-03,3.874410010e-01,3.874410010e-01,-1.000000000e+00,-1.000000000e+00,27.713686,28.043851,-1.000000,-1.000000000e+00,-1.000000000e+00,-1.000000000e+00,row,0,-1.000000000e+00,-1.000000
scheme_a_jblock_rb,double,global,global,16384,16384,20,8,1,8,12,5.679999999e-07,3.855875640e-01,6.858949000e-03,3.901479320e-01,3.901479320e-01,-1.000000000e+00,-1.000000000e+00,27.521402,27.846900,-1.000000,-1.000000000e+00,-1.000000000e+00,-1.000000000e+00,row,0,-1.000000000e+00,-1.000000
scheme_a_jblock_rb,double,global,global,16384,16384,20,8,1,8,13,4.049999998e-07,3.827527320e-01,7.008666000e-03,3.879048170e-01,3.879048170e-01,-1.000000000e+00,-1.000000000e+00,27.680549,28.053146,-1.000000,-1.000000000e+00,-1.000000000e+00,-1.000000000e+00,row,0,-1.000000000e+00,-1.000000
scheme_a_jblock_rb,double,global,global,16384,16384,20,8,1,8,14,5.119999997e-07,3.865146270e-01,7.156443000e-03,3.920270250e-01,3.920270250e-01,-1.000000000e+00,-1.000000000e+00,27.389485,27.780108,-1.000000,-1.000000000e+00,-1.000000000e+00,-1.000000000e+00,row,0,-1.000000000e+00,-1.000000
scheme_a_jblock_rb,double,global,global,16384,16384,20,8,1,8,15,4.090000001e-07,3.875061230e-01,7.248344000e-03,3.925975960e-01,3.925975960e-01,-1.000000000e+00,-1.000000000e+00,27.349679,27.709029,-1.000000,-1.000000000e+00,-1.000000000e+00,-1.000000000e+00,row,0,-1.000000000e+00,-1.000000
scheme_a_jblock_rb,double,global,global,16384,16384,20,8,1,8,16,5.660000006e-07,3.828773060e-01,6.330365000e-03,3.879334640e-01,3.879334640e-01,-1.000000000e+00,-1.000000000e+00,27.678505,28.044018,-1.000000,-1.000000000e+00,-1.000000000e+00,-1.000000000e+00,row,0,-1.000000000e+00,-1.000000
scheme_a_jblock_rb,double,global,global,16384,16384,20,8,1,8,17,3.829999997e-07,3.876860210e-01,6.835229000e-03,3.927958910e-01,3.927958910e-01,-1.000000000e+00,-1.000000000e+00,27.335872,27.696171,-1.000000,-1.000000000e+00,-1.000000000e+00,-1.000000000e+00,row,0,-1.000000000e+00,-1.000000
scheme_a_jblock_rb,double,global,global,16384,16384,20,8,1,8,18,1.095000000e-06,3.813439120e-01,6.768856000e-03,3.866239420e-01,3.866239420e-01,-1.000000000e+00,-1.000000000e+00,27.772254,28.156784,-1.000000,-1.000000000e+00,-1.000000000e+00,-1.000000000e+00,row,0,-1.000000000e+00,-1.000000
scheme_a_jblock_rb,double,global,global,16384,16384,20,8,1,8,19,4.639999993e-07,3.850758930e-01,6.570270000e-03,3.897337150e-01,3.897337150e-01,-1.000000000e+00,-1.000000000e+00,27.550653,27.883901,-1.000000,-1.000000000e+00,-1.000000000e+00,-1.000000000e+00,row,0,-1.000000000e+00,-1.000000
scheme_a_jblock_rb,double,global,global,16384,16384,20,8,1,8,20,3.560000010e-07,3.835664350e-01,7.741635000e-03,3.887731070e-01,3.887731070e-01,-1.000000000e+00,-1.000000000e+00,27.618727,27.993634,-1.000000,-1.000000000e+00,-1.000000000e+00,-1.000000000e+00,row,0,-1.000000000e+00,-1.000000
scheme_a_jblock_rb,double,global,global,16384,16384,32,8,1,8,1,1.510000000e-06,7.217830470e-01,9.397440000e-03,7.300264150e-01,7.300264150e-01,-1.000000000e+00,-1.000000000e+00,23.533216,23.801985,-1.000000,-1.000000000e+00,-1.000000000e+00,-1.000000000e+00,row,0,-1.000000000e+00,-1.000000
scheme_a_jblock_rb,double,global,global,16384,16384,32,8,1,8,2,4.540000003e-07,7.227381500e-01,1.021450600e-02,7.299924090e-01,7.299924090e-01,-1.000000000e+00,-1.000000000e+00,23.534312,23.770530,-1.000000,-1.000000000e+00,-1.000000000e+00,-1.000000000e+00,row,0,-1.000000000e+00,-1.000000
scheme_a_jblock_rb,double,global,global,16384,16384,32,8,1,8,3,2.316000000e-06,7.196281380e-01,9.472616000e-03,7.282616010e-01,7.282616010e-01,-1.000000000e+00,-1.000000000e+00,23.590244,23.873259,-1.000000,-1.000000000e+00,-1.000000000e+00,-1.000000000e+00,row,0,-1.000000000e+00,-1.000000
scheme_a_jblock_rb,double,global,global,16384,16384,32,8,1,8,4,5.679999999e-07,7.229223550e-01,9.612818000e-03,7.303698790e-01,7.303698790e-01,-1.000000000e+00,-1.000000000e+00,23.522149,23.764474,-1.000000,-1.000000000e+00,-1.000000000e+00,-1.000000000e+00,row,0,-1.000000000e+00,-1.000000
scheme_a_jblock_rb,double,global,global,16384,16384,32,8,1,8,5,3.589999995e-07,7.211723550e-01,9.778836000e-03,7.276789420e-01,7.276789420e-01,-1.000000000e+00,-1.000000000e+00,23.609133,23.822141,-1.000000,-1.000000000e+00,-1.000000000e+00,-1.000000000e+00,row,0,-1.000000000e+00,-1.000000
scheme_a_jblock_rb,double,global,global,16384,16384,32,8,1,8,6,4.820000008e-07,7.278111330e-01,9.775599000e-03,7.339098750e-01,7.339098750e-01,-1.000000000e+00,-1.000000000e+00,23.408691,23.604845,-1.000000,-1.000000000e+00,-1.000000000e+00,-1.000000000e+00,row,0,-1.000000000e+00,-1.000000
scheme_a_jblock_rb,double,global,global,16384,16384,32,8,1,8,7,1.254000001e-06,7.105420240e-01,1.021510400e-02,7.178711130e-01,7.178711130e-01,-1.000000000e+00,-1.000000000e+00,23.931690,24.178541,-1.000000,-1.000000000e+00,-1.000000000e+00,-1.000000000e+00,row,0,-1.000000000e+00,-1.000000
scheme_a_jblock_rb,double,global,global,16384,16384,32,8,1,8,8,1.523000000e-06,7.052465130e-01,9.274001000e-03,7.123042440e-01,7.123042440e-01,-1.000000000e+00,-1.000000000e+00,24.118724,24.360091,-1.000000,-1.000000000e+00,-1.000000000e+00,-1.000000000e+00,row,0,-1.000000000e+00,-1.000000
scheme_a_jblock_rb,double,global,global,16384,16384,32,8,1,8,9,3.870000000e-07,7.054667970e-01,1.103383500e-02,7.133612800e-01,7.133612800e-01,-1.000000000e+00,-1.000000000e+00,24.082985,24.352484,-1.000000,-1.000000000e+00,-1.000000000e+00,-1.000000000e+00,row,0,-1.000000000e+00,-1.000000
scheme_a_jblock_rb,double,global,global,16384,16384,32,8,1,8,10,2.332000001e-06,7.046647300e-01,9.725718000e-03,7.112278630e-01,7.112278630e-01,-1.000000000e+00,-1.000000000e+00,24.155225,24.380203,-1.000000,-1.000000000e+00,-1.000000000e+00,-1.000000000e+00,row,0,-1.000000000e+00,-1.000000
scheme_a_jblock_rb,double,global,global,16384,16384,32,8,1,8,11,5.830000003e-07,7.057363820e-01,9.876103000e-03,7.122969770e-01,7.122969770e-01,-1.000000000e+00,-1.000000000e+00,24.118970,24.343182,-1.000000,-1.000000000e+00,-1.000000000e+00,-1.000000000e+00,row,0,-1.000000000e+00,-1.000000
scheme_a_jblock_rb,double,global,global,16384,16384,32,8,1,8,12,3.940000006e-07,7.063962070e-01,9.864291000e-03,7.130354920e-01,7.130354920e-01,-1.000000000e+00,-1.000000000e+00,24.093989,24.320444,-1.000000,-1.000000000e+00,-1.000000000e+00,-1.000000000e+00,row,0,-1.000000000e+00,-1.000000
scheme_a_jblock_rb,double,global,global,16384,16384,32,8,1,8,13,1.374000000e-06,7.056226430e-01,1.038522700e-02,7.129152470e-01,7.129152470e-01,-1.000000000e+00,-1.000000000e+00,24.098053,24.347106,-1.000000,-1.000000000e+00,-1.000000000e+00,-1.000000000e+00,row,0,-1.000000000e+00,-1.000000
scheme_a_jblock_rb,double,global,global,16384,16384,32,8,1,8,14,3.960000008e-07,7.028451590e-01,9.190703000e-03,7.096288210e-01,7.096288210e-01,-1.000000000e+00,-1.000000000e+00,24.209655,24.443320,-1.000000,-1.000000000e+00,-1.000000000e+00,-1.000000000e+00,row,0,-1.000000000e+00,-1.000000
scheme_a_jblock_rb,double,global,global,16384,16384,32,8,1,8,15,6.629999998e-07,7.031793530e-01,8.304590000e-03,7.114787430e-01,7.114787430e-01,-1.000000000e+00,-1.000000000e+00,24.146708,24.431703,-1.000000,-1.000000000e+00,-1.000000000e+00,-1.000000000e+00,row,0,-1.000000000e+00,-1.000000
scheme_a_jblock_rb,double,global,global,16384,16384,32,8,1,8,16,4.300000001e-07,7.015895320e-01,8.335098000e-03,7.094455070e-01,7.094455070e-01,-1.000000000e+00,-1.000000000e+00,24.215911,24.487066,-1.000000,-1.000000000e+00,-1.000000000e+00,-1.000000000e+00,row,0,-1.000000000e+00,-1.000000
scheme_a_jblock_rb,double,global,global,16384,16384,32,8,1,8,17,5.230000006e-07,7.034893630e-01,1.005381600e-02,7.107267880e-01,7.107267880e-01,-1.000000000e+00,-1.000000000e+00,24.172255,24.420937,-1.000000,-1.000000000e+00,-1.000000000e+00,-1.000000000e+00,row,0,-1.000000000e+00,-1.000000
scheme_a_jblock_rb,double,global,global,16384,16384,32,8,1,8,18,3.990000010e-07,7.053638270e-01,9.091127000e-03,7.135969110e-01,7.135969110e-01,-1.000000000e+00,-1.000000000e+00,24.075033,24.356039,-1.000000,-1.000000000e+00,-1.000000000e+00,-1.000000000e+00,row,0,-1.000000000e+00,-1.000000
scheme_a_jblock_rb,double,global,global,16384,16384,32,8,1,8,19,2.253999998e-06,7.027670500e-01,7.946500000e-03,7.106446000e-01,7.106446000e-01,-1.000000000e+00,-1.000000000e+00,24.175051,24.446037,-1.000000,-1.000000000e+00,-1.000000000e+00,-1.000000000e+00,row,0,-1.000000000e+00,-1.000000
scheme_a_jblock_rb,double,global,global,16384,16384,32,8,1,8,20,3.699999986e-07,7.024043330e-01,1.123273800e-02,7.090643220e-01,7.090643220e-01,-1.000000000e+00,-1.000000000e+00,24.228929,24.458661,-1.000000,-1.000000000e+00,-1.000000000e+00,-1.000000000e+00,row,0,-1.000000000e+00,-1.000000
scheme_a_jblock_rb,double,global,global,16384,16384,3,8,2,4,1,3.768500000e-05,6.728504300e-02,1.728685000e-03,6.758704900e-02,6.758704900e-02,-1.000000000e+00,-1.000000000e+00,23.830198,23.937158,-1.000000,-1.000000000e+00,-1.000000000e+00,-1.000000000e+00,row,0,-1.000000000e+00,-1.000000
scheme_a_jblock_rb,double,global,global,16384,16384,3,8,2,4,2,2.810200000e-05,6.806371400e-02,8.116300000e-04,6.839681300e-02,6.839681300e-02,-1.000000000e+00,-1.000000000e+00,23.548067,23.663310,-1.000000,-1.000000000e+00,-1.000000000e+00,-1.000000000e+00,row,0,-1.000000000e+00,-1.000000
scheme_a_jblock_rb,double,global,global,16384,16384,3,8,2,4,3,3.251900000e-05,6.686666200e-02,7.369210000e-04,6.714252400e-02,6.714252400e-02,-1.000000000e+00,-1.000000000e+00,23.987968,24.086932,-1.000000,-1.000000000e+00,-1.000000000e+00,-1.000000000e+00,row,0,-1.000000000e+00,-1.000000
scheme_a_jblock_rb,double,global,global,16384,16384,3,8,2,4,4,3.405900000e-05,6.728064700e-02,1.051549000e-03,6.739209300e-02,6.739209300e-02,-1.000000000e+00,-1.000000000e+00,23.899135,23.938722,-1.000000,-1.000000000e+00,-1.000000000e+00,-1.000000000e+00,row,0,-1.000000000e+00,-1.000000
scheme_a_jblock_rb,double,global,global,16384,16384,3,8,2,4,5,3.121700000e-05,6.708193900e-02,1.400541000e-03,6.721313200e-02,6.721313200e-02,-1.000000000e+00,-1.000000000e+00,23.962769,24.009633,-1.000000,-1.000000000e+00,-1.000000000e+00,-1.000000000e+00,row,0,-1.000000000e+00,-1.000000
scheme_a_jblock_rb,double,global,global,16384,16384,3,8,2,4,6,3.706200000e-05,6.780035800e-02,1.704538000e-03,6.790967400e-02,6.790967400e-02,-1.000000000e+00,-1.000000000e+00,23.716985,23.755225,-1.000000,-1.000000000e+00,-1.000000000e+00,-1.000000000e+00,row,0,-1.000000000e+00,-1.000000
scheme_a_jblock_rb,double,global,global,16384,16384,3,8,2,4,7,2.632100000e-05,6.709370500e-02,1.037935000e-03,6.737925500e-02,6.737925500e-02,-1.000000000e+00,-1.000000000e+00,23.903689,24.005423,-1.000000,-1.000000000e+00,-1.000000000e+00,-1.000000000e+00,row,0,-1.000000000e+00,-1.000000
scheme_a_jblock_rb,double,global,global,16384,16384,3,8,2,4,8,2.973800000e-05,6.695631400e-02,1.236882000e-03,6.726056300e-02,6.726056300e-02,-1.000000000e+00,-1.000000000e+00,23.945871,24.054680,-1.000000,-1.000000000e+00,-1.000000000e+00,-1.000000000e+00,row,0,-1.000000000e+00,-1.000000
scheme_a_jblock_rb,double,global,global,16384,16384,3,8,2,4,9,2.901400000e-05,6.691745300e-02,8.990060000e-04,6.724113600e-02,6.724113600e-02,-1.000000000e+00,-1.000000000e+00,23.952789,24.068650,-1.000000,-1.000000000e+00,-1.000000000e+00,-1.000000000e+00,row,0,-1.000000000e+00,-1.000000
scheme_a_jblock_rb,double,global,global,16384,16384,3,8,2,4,10,2.946900000e-05,6.727452900e-02,1.500015000e-03,6.743420400e-02,6.743420400e-02,-1.000000000e+00,-1.000000000e+00,23.884211,23.940899,-1.000000,-1.000000000e+00,-1.000000000e+00,-1.000000000e+00,row,0,-1.000000000e+00,-1.000000
scheme_a_jblock_rb,double,global,global,16384,16384,3,8,2,4,11,4.486400000e-05,6.832396400e-02,7.876950000e-04,6.850693000e-02,6.850693000e-02,-1.000000000e+00,-1.000000000e+00,23.510216,23.573175,-1.000000,-1.000000000e+00,-1.000000000e+00,-1.000000000e+00,row,0,-1.000000000e+00,-1.000000
scheme_a_jblock_rb,double,global,global,16384,16384,3,8,2,4,12,4.382200000e-05,6.661873900e-02,6.131860000e-04,6.673816700e-02,6.673816700e-02,-1.000000000e+00,-1.000000000e+00,24.133308,24.176572,-1.000000,-1.000000000e+00,-1.000000000e+00,-1.000000000e+00,row,0,-1.000000000e+00,-1.000000
scheme_a_jblock_rb,double,global,global,16384,16384,3,8,2,4,13,3.140600000e-05,6.713911300e-02,1.312215000e-03,6.725394400e-02,6.725394400e-02,-1.000000000e+00,-1.000000000e+00,23.948227,23.989187,-1.000000,-1.000000000e+00,-1.000000000e+00,-1.000000000e+00,row,0,-1.000000000e+00,-1.000000
scheme_a_jblock_rb,double,global,global,16384,16384,3,8,2,4,14,3.009500000e-05,6.897232700e-02,2.023908000e-03,6.908755100e-02,6.908755100e-02,-1.000000000e+00,-1.000000000e+00,23.312633,23.351579,-1.000000,-1.000000000e+00,-1.000000000e+00,-1.000000000e+00,row,0,-1.000000000e+00,-1.000000
scheme_a_jblock_rb,double,global,global,16384,16384,3,8,2,4,15,4.044000000e-05,6.710639800e-02,1.555052000e-03,6.735492700e-02,6.735492700e-02,-1.000000000e+00,-1.000000000e+00,23.912322,24.000882,-1.000000,-1.000000000e+00,-1.000000000e+00,-1.000000000e+00,row,0,-1.000000000e+00,-1.000000
scheme_a_jblock_rb,double,global,global,16384,16384,3,8,2,4,16,3.211300000e-05,6.678739400e-02,1.141681000e-03,6.689610300e-02,6.689610300e-02,-1.000000000e+00,-1.000000000e+00,24.076331,24.115520,-1.000000,-1.000000000e+00,-1.000000000e+00,-1.000000000e+00,row,0,-1.000000000e+00,-1.000000
scheme_a_jblock_rb,double,global,global,16384,16384,3,8,2,4,17,3.275100000e-05,6.657013500e-02,8.451640000e-04,6.685504800e-02,6.685504800e-02,-1.000000000e+00,-1.000000000e+00,24.091116,24.194224,-1.000000,-1.000000000e+00,-1.000000000e+00,-1.000000000e+00,row,0,-1.000000000e+00,-1.000000
scheme_a_jblock_rb,double,global,global,16384,16384,3,8,2,4,18,3.062800000e-05,6.752254700e-02,2.765814000e-03,6.768773000e-02,6.768773000e-02,-1.000000000e+00,-1.000000000e+00,23.794752,23.852962,-1.000000,-1.000000000e+00,-1.000000000e+00,-1.000000000e+00,row,0,-1.000000000e+00,-1.000000
scheme_a_jblock_rb,double,global,global,16384,16384,3,8,2,4,19,3.710900000e-05,6.687314100e-02,8.717490000e-04,6.698706000e-02,6.698706000e-02,-1.000000000e+00,-1.000000000e+00,24.043640,24.084598,-1.000000,-1.000000000e+00,-1.000000000e+00,-1.000000000e+00,row,0,-1.000000000e+00,-1.000000
scheme_a_jblock_rb,double,global,global,16384,16384,3,8,2,4,20,3.051100000e-05,6.689797600e-02,1.073758000e-03,6.701434300e-02,6.701434300e-02,-1.000000000e+00,-1.000000000e+00,24.033851,24.075657,-1.000000,-1.000000000e+00,-1.000000000e+00,-1.000000000e+00,row,0,-1.000000000e+00,-1.000000
scheme_a_jblock_rb,double,global,global,16384,16384,6,8,2,4,1,6.527000000e-05,9.670072700e-02,6.804200000e-04,9.718538200e-02,9.718538200e-02,-1.000000000e+00,-1.000000000e+00,33.145164,33.311285,-1.000000,-1.000000000e+00,-1.000000000e+00,-1.000000000e+00,row,0,-1.000000000e+00,-1.000000
scheme_a_jblock_rb,double,global,global,16384,16384,6,8,2,4,2,6.566500000e-05,9.745187300e-02,1.058091000e-03,9.811426400e-02,9.811426400e-02,-1.000000000e+00,-1.000000000e+00,32.831368,33.054526,-1.000000,-1.000000000e+00,-1.000000000e+00,-1.000000000e+00,row,0,-1.000000000e+00,-1.000000
scheme_a_jblock_rb,double,global,global,16384,16384,6,8,2,4,3,7.518800000e-05,9.777876900e-02,7.069320000e-04,9.831147800e-02,9.831147800e-02,-1.000000000e+00,-1.000000000e+00,32.765508,32.944017,-1.000000,-1.000000000e+00,-1.000000000e+00,-1.000000000e+00,row,0,-1.000000000e+00,-1.000000
scheme_a_jblock_rb,double,global,global,16384,16384,6,8,2,4,4,7.598500000e-05,9.708028000e-02,9.134960000e-04,9.758943900e-02,9.758943900e-02,-1.000000000e+00,-1.000000000e+00,33.007931,33.181048,-1.000000,-1.000000000e+00,-1.000000000e+00,-1.000000000e+00,row,0,-1.000000000e+00,-1.000000
scheme_a_jblock_rb,double,global,global,16384,16384,6,8,2,4,5,6.692200000e-05,9.444015300e-02,5.786970000e-04,9.491012300e-02,9.491012300e-02,-1.000000000e+00,-1.000000000e+00,33.939746,34.108643,-1.000000,-1.000000000e+00,-1.000000000e+00,-1.000000000e+00,row,0,-1.000000000e+00,-1.000000
scheme_a_jblock_rb,double,global,global,16384,16384,6,8,2,4,6,6.179800000e-05,9.519744000e-02,9.856010000e-04,9.570487100e-02,9.570487100e-02,-1.000000000e+00,-1.000000000e+00,33.657905,33.837312,-1.000000,-1.000000000e+00,-1.000000000e+00,-1.000000000e+00,row,0,-1.000000000e+00,-1.000000
scheme_a_jblock_rb,double,global,global,16384,16384,6,8,2,4,7,6.333200000e-05,9.777741500e-02,7.542350000e-04,9.829979900e-02,9.829979900e-02,-1.000000000e+00,-1.000000000e+00,32.769400,32.944474,-1.000000,-1.000000000e+00,-1.000000000e+00,-1.000000000e+00,row,0,-1.000000000e+00,-1.000000
scheme_a_jblock_rb,double,global,global,16384,16384,6,8,2,4,8,7.160100000e-05,9.535173100e-02,9.482030000e-04,9.581144400e-02,9.581144400e-02,-1.000000000e+00,-1.000000000e+00,33.620467,33.782559,-1.000000,-1.000000000e+00,-1.000000000e+00,-1.000000000e+00,row,0,-1.000000000e+00,-1.000000
scheme_a_jblock_rb,double,global,global,16384,16384,6,8,2,4,9,6.102700000e-05,9.548158600e-02,9.282910000e-04,9.605198300e-02,9.605198300e-02,-1.000000000e+00,-1.000000000e+00,33.536272,33.736615,-1.000000,-1.000000000e+00,-1.000000000e+00,-1.000000000e+00,row,0,-1.000000000e+00,-1.000000
scheme_a_jblock_rb,double,global,global,16384,16384,6,8,2,4,10,6.728300000e-05,9.682314200e-02,8.344480000e-04,9.732982500e-02,9.732982500e-02,-1.000000000e+00,-1.000000000e+00,33.095975,33.269169,-1.000000,-1.000000000e+00,-1.000000000e+00,-1.000000000e+00,row,0,-1.000000000e+00,-1.000000
scheme_a_jblock_rb,double,global,global,16384,16384,6,8,2,4,11,7.213200000e-05,9.722397100e-02,9.604680000e-04,9.781603300e-02,9.781603300e-02,-1.000000000e+00,-1.000000000e+00,32.931467,33.132009,-1.000000,-1.000000000e+00,-1.000000000e+00,-1.000000000e+00,row,0,-1.000000000e+00,-1.000000
scheme_a_jblock_rb,double,global,global,16384,16384,6,8,2,4,12,6.624300000e-05,9.587579900e-02,7.294420000e-04,9.633846900e-02,9.633846900e-02,-1.000000000e+00,-1.000000000e+00,33.436544,33.597900,-1.000000,-1.000000000e+00,-1.000000000e+00,-1.000000000e+00,row,0,-1.000000000e+00,-1.000000
scheme_a_jblock_rb,double,global,global,16384,16384,6,8,2,4,13,6.332800000e-05,9.743927000e-02,8.155680000e-04,9.794823400e-02,9.794823400e-02,-1.000000000e+00,-1.000000000e+00,32.887019,33.058801,-1.000000,-1.000000000e+00,-1.000000000e+00,-1.000000000e+00,row,0,-1.000000000e+00,-1.000000
scheme_a_jblock_rb,double,global,global,16384,16384,6,8,2,4,14,7.007400000e-05,9.582713900e-02,8.561080000e-04,9.626943600e-02,9.626943600e-02,-1.000000000e+00,-1.000000000e+00,33.460521,33.614960,-1.000000,-1.000000000e+00,-1.000000000e+00,-1.000000000e+00,row,0,-1.000000000e+00,-1.000000
scheme_a_jblock_rb,double,global,global,16384,16384,6,8,2,4,15,6.069800000e-05,9.593910800e-02,8.719990000e-04,9.652333200e-02,9.652333200e-02,-1.000000000e+00,-1.000000000e+00,33.372506,33.575729,-1.000000,-1.000000000e+00,-1.000000000e+00,-1.000000000e+00,row,0,-1.000000000e+00,-1.000000
scheme_a_jblock_rb,double,global,global,16384,16384,6,8,2,4,16,6.048600000e-05,9.543019000e-02,6.051920000e-04,9.590993900e-02,9.590993900e-02,-1.000000000e+00,-1.000000000e+00,33.585940,33.754784,-1.000000,-1.000000000e+00,-1.000000000e+00,-1.000000000e+00,row,0,-1.000000000e+00,-1.000000
scheme_a_jblock_rb,double,global,global,16384,16384,6,8,2,4,17,6.123900000e-05,9.766873700e-02,1.021620000e-03,9.816450700e-02,9.816450700e-02,-1.000000000e+00,-1.000000000e+00,32.814564,32.981132,-1.000000,-1.000000000e+00,-1.000000000e+00,-1.000000000e+00,row,0,-1.000000000e+00,-1.000000
scheme_a_jblock_rb,double,global,global,16384,16384,6,8,2,4,18,6.755900000e-05,9.580629000e-02,9.507060000e-04,9.601441400e-02,9.601441400e-02,-1.000000000e+00,-1.000000000e+00,33.549395,33.622275,-1.000000,-1.000000000e+00,-1.000000000e+00,-1.000000000e+00,row,0,-1.000000000e+00,-1.000000
scheme_a_jblock_rb,double,global,global,16384,16384,6,8,2,4,19,6.205100000e-05,9.476361100e-02,6.767450000e-04,9.523200200e-02,9.523200200e-02,-1.000000000e+00,-1.000000000e+00,33.825032,33.992220,-1.000000,-1.000000000e+00,-1.000000000e+00,-1.000000000e+00,row,0,-1.000000000e+00,-1.000000
scheme_a_jblock_rb,double,global,global,16384,16384,6,8,2,4,20,6.078100000e-05,9.448929000e-02,8.882330000e-04,9.494909400e-02,9.494909400e-02,-1.000000000e+00,-1.000000000e+00,33.925816,34.090906,-1.000000,-1.000000000e+00,-1.000000000e+00,-1.000000000e+00,row,0,-1.000000000e+00,-1.000000
scheme_a_jblock_rb,double,global,global,16384,16384,8,8,2,4,1,7.952300000e-05,1.554489450e-01,1.060260000e-03,1.560853000e-01,1.560853000e-01,-1.000000000e+00,-1.000000000e+00,27.516796,27.629440,-1.000000,-1.000000000e+00,-1.000000000e+00,-1.000000000e+00,row,0,-1.000000000e+00,-1.000000
scheme_a_jblock_rb,double,global,global,16384,16384,8,8,2,4,2,8.254400000e-05,1.544224750e-01,1.005045000e-03,1.549658560e-01,1.549658560e-01,-1.000000000e+00,-1.000000000e+00,27.715572,27.813097,-1.000000,-1.000000000e+00,-1.000000000e+00,-1.000000000e+00,row,0,-1.000000000e+00,-1.000000
scheme_a_jblock_rb,double,global,global,16384,16384,8,8,2,4,3,8.663900000e-05,1.549304480e-01,9.538320000e-04,1.554771720e-01,1.554771720e-01,-1.000000000e+00,-1.000000000e+00,27.624424,27.721906,-1.000000,-1.000000000e+00,-1.000000000e+00,-1.000000000e+00,row,0,-1.000000000e+00,-1.000000
scheme_a_jblock_rb,double,global,global,16384,16384,8,8,2,4,4,8.989500000e-05,1.535575760e-01,9.480630000e-04,1.539108360e-01,1.539108360e-01,-1.000000000e+00,-1.000000000e+00,27.905555,27.969752,-1.000000,-1.000000000e+00,-1.000000000e+00,-1.000000000e+00,row,0,-1.000000000e+00,-1.000000
scheme_a_jblock_rb,double,global,global,16384,16384,8,8,2,4,5,8.536600000e-05,1.547774010e-01,1.273821000e-03,1.553293960e-01,1.553293960e-01,-1.000000000e+00,-1.000000000e+00,27.650705,27.749318,-1.000000,-1.000000000e+00,-1.000000000e+00,-1.000000000e+00,row,0,-1.000000000e+00,-1.000000
scheme_a_jblock_rb,double,global,global,16384,16384,8,8,2,4,6,8.198800000e-05,1.524787540e-01,9.634170000e-04,1.529904100e-01,1.529904100e-01,-1.000000000e+00,-1.000000000e+00,28.073441,28.167644,-1.000000,-1.000000000e+00,-1.000000000e+00,-1.000000000e+00,row,0,-1.000000000e+00,-1.000000
scheme_a_jblock_rb,double,global,global,16384,16384,8,8,2,4,7,7.795200000e-05,1.545174480e-01,9.778450000e-04,1.550644550e-01,1.550644550e-01,-1.000000000e+00,-1.000000000e+00,27.697949,27.796002,-1.000000,-1.000000000e+00,-1.000000000e+00,-1.000000000e+00,row,0,-1.000000000e+00,-1.000000
scheme_a_jblock_rb,double,global,global,16384,16384,8,8,2,4,8,8.069800000e-05,1.524179440e-01,9.282550000e-04,1.530062180e-01,1.530062180e-01,-1.000000000e+00,-1.000000000e+00,28.070541,28.178882,-1.000000,-1.000000000e+00,-1.000000000e+00,-1.000000000e+00,row,0,-1.000000000e+00,-1.000000
scheme_a_jblock_rb,double,global,global,16384,16384,8,8,2,4,9,7.966100000e-05,1.518096500e-01,8.398270000e-04,1.523215540e-01,1.523215540e-01,-1.000000000e+00,-1.000000000e+00,28.196714,28.291794,-1.000000,-1.000000000e+00,-1.000000000e+00,-1.000000000e+00,row,0,-1.000000000e+00,-1.000000
scheme_a_jblock_rb,double,global,global,16384,16384,8,8,2,4,10,8.046000000e-05,1.527456430e-01,1.160714000e-03,1.530475310e-01,1.530475310e-01,-1.000000000e+00,-1.000000000e+00,28.062964,28.118428,-1.000000,-1.000000000e+00,-1.000000000e+00,-1.000000000e+00,row,0,-1.000000000e+00,-1.000000
scheme_a_jblock_rb,double,global,global,16384,16384,8,8,2,4,11,7.901900000e-05,1.549006080e-01,1.170173000e-03,1.553992790e-01,1.553992790e-01,-1.000000000e+00,-1.000000000e+00,27.638270,27.727246,-1.000000,-1.000000000e+00,-1.000000000e+00,-1.000000000e+00,row,0,-1.000000000e+00,-1.000000
scheme_a_jblock_rb,double,global,global,16384,16384,8,8,2,4,12,8.502000000e-05,1.528149270e-01,9.794510000e-04,1.532396810e-01,1.532396810e-01,-1.000000000e+00,-1.000000000e+00,28.027775,28.105679,-1.000000,-1.000000000e+00,-1.000000000e+00,-1.000000000e+00,row,0,-1.000000000e+00,-1.000000
scheme_a_jblock_rb,double,global,global,16384,16384,8,8,2,4,13,7.763300000e-05,1.519813190e-01,9.624460000e-04,1.523673040e-01,1.523673040e-01,-1.000000000e+00,-1.000000000e+00,28.188248,28.259837,-1.000000,-1.000000000e+00,-1.000000000e+00,-1.000000000e+00,row,0,-1.000000000e+00,-1.000000
scheme_a_jblock_rb,double,global,global,16384,16384,8,8,2,4,14,7.878500000e-05,1.517848810e-01,1.036926000e-03,1.522252190e-01,1.522252190e-01,-1.000000000e+00,-1.000000000e+00,28.214558,28.296410,-1.000000,-1.000000000e+00,-1.000000000e+00,-1.000000000e+00,row,0,-1.000000000e+00,-1.000000
scheme_a_jblock_rb,double,global,global,16384,16384,8,8,2,4,15,7.759800000e-05,1.521946440e-01,1.176976000e-03,1.525156160e-01,1.525156160e-01,-1.000000000e+00,-1.000000000e+00,28.160836,28.220226,-1.000000,-1.000000000e+00,-1.000000000e+00,-1.000000000e+00,row,0,-1.000000000e+00,-1.000000
scheme_a_jblock_rb,double,global,global,16384,16384,8,8,2,4,16,8.040400000e-05,1.521919650e-01,9.584640000e-04,1.528901640e-01,1.528901640e-01,-1.000000000e+00,-1.000000000e+00,28.091848,28.220723,-1.000000,-1.000000000e+00,-1.000000000e+00,-1.000000000e+00,row,0,-1.000000000e+00,-1.000000
scheme_a_jblock_rb,double,global,global,16384,16384,8,8,2,4,17,8.401000000e-05,1.519283050e-01,9.770380000e-04,1.523911350e-01,1.523911350e-01,-1.000000000e+00,-1.000000000e+00,28.183840,28.269698,-1.000000,-1.000000000e+00,-1.000000000e+00,-1.000000000e+00,row,0,-1.000000000e+00,-1.000000
scheme_a_jblock_rb,double,global,global,16384,16384,8,8,2,4,18,7.963200000e-05,1.540137320e-01,1.295334000e-03,1.545656370e-01,1.545656370e-01,-1.000000000e+00,-1.000000000e+00,27.787336,27.886911,-1.000000,-1.000000000e+00,-1.000000000e+00,-1.000000000e+00,row,0,-1.000000000e+00,-1.000000
scheme_a_jblock_rb,double,global,global,16384,16384,8,8,2,4,19,1.499160000e-04,1.519010510e-01,1.023074000e-03,1.524082170e-01,1.524082170e-01,-1.000000000e+00,-1.000000000e+00,28.180681,28.274770,-1.000000,-1.000000000e+00,-1.000000000e+00,-1.000000000e+00,row,0,-1.000000000e+00,-1.000000
scheme_a_jblock_rb,double,global,global,16384,16384,8,8,2,4,20,7.609000000e-05,1.524884450e-01,9.643660000e-04,1.530250560e-01,1.530250560e-01,-1.000000000e+00,-1.000000000e+00,28.067085,28.165854,-1.000000,-1.000000000e+00,-1.000000000e+00,-1.000000000e+00,row,0,-1.000000000e+00,-1.000000
scheme_a_jblock_rb,double,global,global,16384,16384,20,8,2,4,1,2.235420000e-04,3.796392130e-01,2.839712000e-03,3.804022080e-01,3.804022080e-01,-1.000000000e+00,-1.000000000e+00,28.226488,28.283217,-1.000000,-1.000000000e+00,-1.000000000e+00,-1.000000000e+00,row,0,-1.000000000e+00,-1.000000
scheme_a_jblock_rb,double,global,global,16384,16384,20,8,2,4,2,2.258730000e-04,3.818981000e-01,3.565711000e-03,3.826731500e-01,3.826731500e-01,-1.000000000e+00,-1.000000000e+00,28.058980,28.115925,-1.000000,-1.000000000e+00,-1.000000000e+00,-1.000000000e+00,row,0,-1.000000000e+00,-1.000000
scheme_a_jblock_rb,double,global,global,16384,16384,20,8,2,4,3,2.109950000e-04,3.781379970e-01,4.155252000e-03,3.788971560e-01,3.788971560e-01,-1.000000000e+00,-1.000000000e+00,28.338609,28.395502,-1.000000,-1.000000000e+00,-1.000000000e+00,-1.000000000e+00,row,0,-1.000000000e+00,-1.000000
scheme_a_jblock_rb,double,global,global,16384,16384,20,8,2,4,4,2.004170000e-04,3.793643960e-01,3.581756000e-03,3.801183930e-01,3.801183930e-01,-1.000000000e+00,-1.000000000e+00,28.247563,28.303706,-1.000000,-1.000000000e+00,-1.000000000e+00,-1.000000000e+00,row,0,-1.000000000e+00,-1.000000
scheme_a_jblock_rb,double,global,global,16384,16384,20,8,2,4,5,1.948960000e-04,3.778884390e-01,2.481190000e-03,3.786450630e-01,3.786450630e-01,-1.000000000e+00,-1.000000000e+00,28.357476,28.414254,-1.000000,-1.000000000e+00,-1.000000000e+00,-1.000000000e+00,row,0,-1.000000000e+00,-1.000000
scheme_a_jblock_rb,double,global,global,16384,16384,20,8,2,4,6,2.031670000e-04,3.776602340e-01,3.589516000e-03,3.784385100e-01,3.784385100e-01,-1.000000000e+00,-1.000000000e+00,28.372953,28.431424,-1.000000,-1.000000000e+00,-1.000000000e+00,-1.000000000e+00,row,0,-1.000000000e+00,-1.000000
scheme_a_jblock_rb,double,global,global,16384,16384,20,8,2,4,7,2.013950000e-04,3.779531460e-01,3.165982000e-03,3.787022570e-01,3.787022570e-01,-1.000000000e+00,-1.000000000e+00,28.353193,28.409390,-1.000000,-1.000000000e+00,-1.000000000e+00,-1.000000000e+00,row,0,-1.000000000e+00,-1.000000
scheme_a_jblock_rb,double,global,global,16384,16384,20,8,2,4,8,1.971150000e-04,3.770719300e-01,3.894568000e-03,3.778443690e-01,3.778443690e-01,-1.000000000e+00,-1.000000000e+00,28.417569,28.475782,-1.000000,-1.000000000e+00,-1.000000000e+00,-1.000000000e+00,row,0,-1.000000000e+00,-1.000000
scheme_a_jblock_rb,double,global,global,16384,16384,20,8,2,4,9,1.963760000e-04,3.765420390e-01,3.490743000e-03,3.772740060e-01,3.772740060e-01,-1.000000000e+00,-1.000000000e+00,28.460530,28.515855,-1.000000,-1.000000000e+00,-1.000000000e+00,-1.000000000e+00,row,0,-1.000000000e+00,-1.000000
scheme_a_jblock_rb,double,global,global,16384,16384,20,8,2,4,10,2.095590000e-04,3.783901490e-01,3.072257000e-03,3.791188410e-01,3.791188410e-01,-1.000000000e+00,-1.000000000e+00,28.322038,28.376580,-1.000000,-1.000000000e+00,-1.000000000e+00,-1.000000000e+00,row,0,-1.000000000e+00,-1.000000
scheme_a_jblock_rb,double,global,global,16384,16384,20,8,2,4,11,1.974510000e-04,3.765334300e-01,3.298614000e-03,3.772917180e-01,3.772917180e-01,-1.000000000e+00,-1.000000000e+00,28.459194,28.516507,-1.000000,-1.000000000e+00,-1.000000000e+00,-1.000000000e+00,row,0,-1.000000000e+00,-1.000000
scheme_a_jblock_rb,double,global,global,16384,16384,20,8,2,4,12,2.235830000e-04,3.820249810e-01,2.765697000e-03,3.827476470e-01,3.827476470e-01,-1.000000000e+00,-1.000000000e+00,28.053519,28.106587,-1.000000,-1.000000000e+00,-1.000000000e+00,-1.000000000e+00,row,0,-1.000000000e+00,-1.000000
scheme_a_jblock_rb,double,global,global,16384,16384,20,8,2,4,13,2.143080000e-04,3.771964320e-01,2.963419000e-03,3.779560700e-01,3.779560700e-01,-1.000000000e+00,-1.000000000e+00,28.409170,28.466383,-1.000000,-1.000000000e+00,-1.000000000e+00,-1.000000000e+00,row,0,-1.000000000e+00,-1.000000
scheme_a_jblock_rb,double,global,global,16384,16384,20,8,2,4,14,3.763560000e-04,3.775180610e-01,3.935563000e-03,3.792148730e-01,3.792148730e-01,-1.000000000e+00,-1.000000000e+00,28.314866,28.442131,-1.000000,-1.000000000e+00,-1.000000000e+00,-1.000000000e+00,row,0,-1.000000000e+00,-1.000000
scheme_a_jblock_rb,double,global,global,16384,16384,20,8,2,4,15,1.924000000e-04,3.766557570e-01,3.844630000e-03,3.782670910e-01,3.782670910e-01,-1.000000000e+00,-1.000000000e+00,28.385811,28.507246,-1.000000,-1.000000000e+00,-1.000000000e+00,-1.000000000e+00,row,0,-1.000000000e+00,-1.000000
scheme_a_jblock_rb,double,global,global,16384,16384,20,8,2,4,16,1.942730000e-04,3.764678030e-01,2.865234000e-03,3.780712570e-01,3.780712570e-01,-1.000000000e+00,-1.000000000e+00,28.400515,28.521478,-1.000000,-1.000000000e+00,-1.000000000e+00,-1.000000000e+00,row,0,-1.000000000e+00,-1.000000
scheme_a_jblock_rb,double,global,global,16384,16384,20,8,2,4,17,1.926630000e-04,3.772219200e-01,3.735844000e-03,3.789056070e-01,3.789056070e-01,-1.000000000e+00,-1.000000000e+00,28.337977,28.464460,-1.000000,-1.000000000e+00,-1.000000000e+00,-1.000000000e+00,row,0,-1.000000000e+00,-1.000000
scheme_a_jblock_rb,double,global,global,16384,16384,20,8,2,4,18,1.966720000e-04,3.810506840e-01,3.787626000e-03,3.829885850e-01,3.829885850e-01,-1.000000000e+00,-1.000000000e+00,28.035870,28.178452,-1.000000,-1.000000000e+00,-1.000000000e+00,-1.000000000e+00,row,0,-1.000000000e+00,-1.000000
scheme_a_jblock_rb,double,global,global,16384,16384,20,8,2,4,19,3.137790000e-04,3.781981470e-01,3.775466000e-03,3.799026690e-01,3.799026690e-01,-1.000000000e+00,-1.000000000e+00,28.263603,28.390986,-1.000000,-1.000000000e+00,-1.000000000e+00,-1.000000000e+00,row,0,-1.000000000e+00,-1.000000
scheme_a_jblock_rb,double,global,global,16384,16384,20,8,2,4,20,1.953990000e-04,3.772475240e-01,4.088869000e-03,3.790330950e-01,3.790330950e-01,-1.000000000e+00,-1.000000000e+00,28.328445,28.462528,-1.000000,-1.000000000e+00,-1.000000000e+00,-1.000000000e+00,row,0,-1.000000000e+00,-1.000000
scheme_a_jblock_rb,double,global,global,16384,16384,32,8,2,4,1,4.890720000e-04,7.242213970e-01,5.634904000e-03,7.273964920e-01,7.273964920e-01,-1.000000000e+00,-1.000000000e+00,23.618301,23.721847,-1.000000,-1.000000000e+00,-1.000000000e+00,-1.000000000e+00,row,0,-1.000000000e+00,-1.000000
scheme_a_jblock_rb,double,global,global,16384,16384,32,8,2,4,2,3.535280000e-04,7.194828280e-01,3.568220000e-03,7.217197240e-01,7.217197240e-01,-1.000000000e+00,-1.000000000e+00,23.804073,23.878081,-1.000000,-1.000000000e+00,-1.000000000e+00,-1.000000000e+00,row,0,-1.000000000e+00,-1.000000
scheme_a_jblock_rb,double,global,global,16384,16384,32,8,2,4,3,4.174080000e-04,7.169836810e-01,4.760202000e-03,7.181728400e-01,7.181728400e-01,-1.000000000e+00,-1.000000000e+00,23.921636,23.961311,-1.000000,-1.000000000e+00,-1.000000000e+00,-1.000000000e+00,row,0,-1.000000000e+00,-1.000000
scheme_a_jblock_rb,double,global,global,16384,16384,32,8,2,4,4,3.544120000e-04,7.234390910e-01,4.641866000e-03,7.246983260e-01,7.246983260e-01,-1.000000000e+00,-1.000000000e+00,23.706236,23.747499,-1.000000,-1.000000000e+00,-1.000000000e+00,-1.000000000e+00,row,0,-1.000000000e+00,-1.000000
scheme_a_jblock_rb,double,global,global,16384,16384,32,8,2,4,5,3.800320000e-04,7.239482090e-01,4.085449000e-03,7.252393890e-01,7.252393890e-01,-1.000000000e+00,-1.000000000e+00,23.688550,23.730799,-1.000000,-1.000000000e+00,-1.000000000e+00,-1.000000000e+00,row,0,-1.000000000e+00,-1.000000
scheme_a_jblock_rb,double,global,global,16384,16384,32,8,2,4,6,3.596880000e-04,7.180500430e-01,4.079862000e-03,7.192778830e-01,7.192778830e-01,-1.000000000e+00,-1.000000000e+00,23.884885,23.925727,-1.000000,-1.000000000e+00,-1.000000000e+00,-1.000000000e+00,row,0,-1.000000000e+00,-1.000000
scheme_a_jblock_rb,double,global,global,16384,16384,32,8,2,4,7,3.671030000e-04,7.198524020e-01,4.495831000e-03,7.210496630e-01,7.210496630e-01,-1.000000000e+00,-1.000000000e+00,23.826194,23.865822,-1.000000,-1.000000000e+00,-1.000000000e+00,-1.000000000e+00,row,0,-1.000000000e+00,-1.000000
scheme_a_jblock_rb,double,global,global,16384,16384,32,8,2,4,8,3.482680000e-04,7.187557950e-01,4.142918000e-03,7.205378310e-01,7.205378310e-01,-1.000000000e+00,-1.000000000e+00,23.843119,23.902234,-1.000000,-1.000000000e+00,-1.000000000e+00,-1.000000000e+00,row,0,-1.000000000e+00,-1.000000
scheme_a_jblock_rb,double,global,global,16384,16384,32,8,2,4,9,4.616980000e-04,7.200042990e-01,4.876040000e-03,7.212901240e-01,7.212901240e-01,-1.000000000e+00,-1.000000000e+00,23.818251,23.860787,-1.000000,-1.000000000e+00,-1.000000000e+00,-1.000000000e+00,row,0,-1.000000000e+00,-1.000000
scheme_a_jblock_rb,double,global,global,16384,16384,32,8,2,4,10,3.510460000e-04,7.190084770e-01,3.939211000e-03,7.202818030e-01,7.202818030e-01,-1.000000000e+00,-1.000000000e+00,23.851594,23.893834,-1.000000,-1.000000000e+00,-1.000000000e+00,-1.000000000e+00,row,0,-1.000000000e+00,-1.000000
scheme_a_jblock_rb,double,global,global,16384,16384,32,8,2,4,11,3.762670000e-04,7.191913420e-01,4.363463000e-03,7.204250000e-01,7.204250000e-01,-1.000000000e+00,-1.000000000e+00,23.846853,23.887759,-1.000000,-1.000000000e+00,-1.000000000e+00,-1.000000000e+00,row,0,-1.000000000e+00,-1.000000
scheme_a_jblock_rb,double,global,global,16384,16384,32,8,2,4,12,3.498740000e-04,7.084884600e-01,4.311864000e-03,7.096845700e-01,7.096845700e-01,-1.000000000e+00,-1.000000000e+00,24.207754,24.248622,-1.000000,-1.000000000e+00,-1.000000000e+00,-1.000000000e+00,row,0,-1.000000000e+00,-1.000000
scheme_a_jblock_rb,double,global,global,16384,16384,32,8,2,4,13,3.846280000e-04,7.090466600e-01,4.937054000e-03,7.102776050e-01,7.102776050e-01,-1.000000000e+00,-1.000000000e+00,24.187542,24.229533,-1.000000,-1.000000000e+00,-1.000000000e+00,-1.000000000e+00,row,0,-1.000000000e+00,-1.000000
scheme_a_jblock_rb,double,global,global,16384,16384,32,8,2,4,14,3.851080000e-04,7.029785170e-01,3.763513000e-03,7.041694200e-01,7.041694200e-01,-1.000000000e+00,-1.000000000e+00,24.397352,24.438683,-1.000000,-1.000000000e+00,-1.000000000e+00,-1.000000000e+00,row,0,-1.000000000e+00,-1.000000
scheme_a_jblock_rb,double,global,global,16384,16384,32,8,2,4,15,3.860230000e-04,7.094923350e-01,4.355579000e-03,7.107049260e-01,7.107049260e-01,-1.000000000e+00,-1.000000000e+00,24.172999,24.214313,-1.000000,-1.000000000e+00,-1.000000000e+00,-1.000000000e+00,row,0,-1.000000000e+00,-1.000000
scheme_a_jblock_rb,double,global,global,16384,16384,32,8,2,4,16,3.773090000e-04,7.087901840e-01,4.338191000e-03,7.100439200e-01,7.100439200e-01,-1.000000000e+00,-1.000000000e+00,24.195502,24.238300,-1.000000,-1.000000000e+00,-1.000000000e+00,-1.000000000e+00,row,0,-1.000000000e+00,-1.000000
scheme_a_jblock_rb,double,global,global,16384,16384,32,8,2,4,17,3.872300000e-04,7.053053880e-01,3.239661000e-03,7.065552450e-01,7.065552450e-01,-1.000000000e+00,-1.000000000e+00,24.314969,24.358057,-1.000000,-1.000000000e+00,-1.000000000e+00,-1.000000000e+00,row,0,-1.000000000e+00,-1.000000
scheme_a_jblock_rb,double,global,global,16384,16384,32,8,2,4,18,3.761860000e-04,6.989860200e-01,2.562828000e-03,7.004727700e-01,7.004727700e-01,-1.000000000e+00,-1.000000000e+00,24.526106,24.578273,-1.000000,-1.000000000e+00,-1.000000000e+00,-1.000000000e+00,row,0,-1.000000000e+00,-1.000000
scheme_a_jblock_rb,double,global,global,16384,16384,32,8,2,4,19,4.122710000e-04,7.022293770e-01,3.782513000e-03,7.046929860e-01,7.046929860e-01,-1.000000000e+00,-1.000000000e+00,24.379225,24.464754,-1.000000,-1.000000000e+00,-1.000000000e+00,-1.000000000e+00,row,0,-1.000000000e+00,-1.000000
scheme_a_jblock_rb,double,global,global,16384,16384,32,8,2,4,20,3.556580000e-04,7.028804170e-01,4.847226000e-03,7.057415920e-01,7.057415920e-01,-1.000000000e+00,-1.000000000e+00,24.343002,24.442094,-1.000000,-1.000000000e+00,-1.000000000e+00,-1.000000000e+00,row,0,-1.000000000e+00,-1.000000
scheme_a_jblock_rb,double,global,global,16384,16384,3,8,4,2,1,8.257300000e-05,7.326095000e-02,6.839950000e-04,7.338567400e-02,7.338567400e-02,-1.000000000e+00,-1.000000000e+00,21.947236,21.984601,-1.000000,-1.000000000e+00,-1.000000000e+00,-1.000000000e+00,row,0,-1.000000000e+00,-1.000000
scheme_a_jblock_rb,double,global,global,16384,16384,3,8,4,2,2,8.801500000e-05,7.179385500e-02,2.119347000e-03,7.191915600e-02,7.191915600e-02,-1.000000000e+00,-1.000000000e+00,22.394767,22.433852,-1.000000,-1.000000000e+00,-1.000000000e+00,-1.000000000e+00,row,0,-1.000000000e+00,-1.000000
scheme_a_jblock_rb,double,global,global,16384,16384,3,8,4,2,3,9.521100000e-05,7.367751700e-02,2.116902000e-03,7.382519600e-02,7.382519600e-02,-1.000000000e+00,-1.000000000e+00,21.816572,21.860302,-1.000000,-1.000000000e+00,-1.000000000e+00,-1.000000000e+00,row,0,-1.000000000e+00,-1.000000
scheme_a_jblock_rb,double,global,global,16384,16384,3,8,4,2,4,9.738300000e-05,7.420501100e-02,3.667556000e-03,7.439758000e-02,7.439758000e-02,-1.000000000e+00,-1.000000000e+00,21.648725,21.704905,-1.000000,-1.000000000e+00,-1.000000000e+00,-1.000000000e+00,row,0,-1.000000000e+00,-1.000000
scheme_a_jblock_rb,double,global,global,16384,16384,3,8,4,2,5,1.046520000e-04,7.185888000e-02,1.677836000e-03,7.200403400e-02,7.200403400e-02,-1.000000000e+00,-1.000000000e+00,22.368368,22.413552,-1.000000,-1.000000000e+00,-1.000000000e+00,-1.000000000e+00,row,0,-1.000000000e+00,-1.000000
scheme_a_jblock_rb,double,global,global,16384,16384,3,8,4,2,6,9.030900000e-05,7.178780000e-02,1.201703000e-03,7.191273100e-02,7.191273100e-02,-1.000000000e+00,-1.000000000e+00,22.396768,22.435744,-1.000000,-1.000000000e+00,-1.000000000e+00,-1.000000000e+00,row,0,-1.000000000e+00,-1.000000
scheme_a_jblock_rb,double,global,global,16384,16384,3,8,4,2,7,8.616200000e-05,7.141804300e-02,2.126045000e-03,7.154025000e-02,7.154025000e-02,-1.000000000e+00,-1.000000000e+00,22.513379,22.551902,-1.000000,-1.000000000e+00,-1.000000000e+00,-1.000000000e+00,row,0,-1.000000000e+00,-1.000000
scheme_a_jblock_rb,double,global,global,16384,16384,3,8,4,2,8,8.146700000e-05,7.281367400e-02,1.780193000e-03,7.295005600e-02,7.295005600e-02,-1.000000000e+00,-1.000000000e+00,22.078293,22.119647,-1.000000,-1.000000000e+00,-1.000000000e+00,-1.000000000e+00,row,0,-1.000000000e+00,-1.000000
scheme_a_jblock_rb,double,global,global,16384,16384,3,8,4,2,9,9.680100000e-05,7.348808700e-02,1.575629000e-03,7.363591300e-02,7.363591300e-02,-1.000000000e+00,-1.000000000e+00,21.872652,21.916651,-1.000000,-1.000000000e+00,-1.000000000e+00,-1.000000000e+00,row,0,-1.000000000e+00,-1.000000
scheme_a_jblock_rb,double,global,global,16384,16384,3,8,4,2,10,1.318980000e-04,7.180548000e-02,2.055261000e-03,7.198724200e-02,7.198724200e-02,-1.000000000e+00,-1.000000000e+00,22.373586,22.430220,-1.000000,-1.000000000e+00,-1.000000000e+00,-1.000000000e+00,row,0,-1.000000000e+00,-1.000000
scheme_a_jblock_rb,double,global,global,16384,16384,3,8,4,2,11,9.210100000e-05,7.308234300e-02,1.797361000e-03,7.320841300e-02,7.320841300e-02,-1.000000000e+00,-1.000000000e+00,22.000378,22.038329,-1.000000,-1.000000000e+00,-1.000000000e+00,-1.000000000e+00,row,0,-1.000000000e+00,-1.000000
scheme_a_jblock_rb,double,global,global,16384,16384,3,8,4,2,12,9.606500000e-05,7.127662100e-02,1.863134000e-03,7.140643100e-02,7.140643100e-02,-1.000000000e+00,-1.000000000e+00,22.555570,22.596648,-1.000000,-1.000000000e+00,-1.000000000e+00,-1.000000000e+00,row,0,-1.000000000e+00,-1.000000
scheme_a_jblock_rb,double,global,global,16384,16384,3,8,4,2,13,8.768800000e-05,7.478924700e-02,1.536663000e-03,7.496558400e-02,7.496558400e-02,-1.000000000e+00,-1.000000000e+00,21.484695,21.535352,-1.000000,-1.000000000e+00,-1.000000000e+00,-1.000000000e+00,row,0,-1.000000000e+00,-1.000000
scheme_a_jblock_rb,double,global,global,16384,16384,3,8,4,2,14,1.059550000e-04,7.206751400e-02,1.790429000e-03,7.220514900e-02,7.220514900e-02,-1.000000000e+00,-1.000000000e+00,22.306065,22.348665,-1.000000,-1.000000000e+00,-1.000000000e+00,-1.000000000e+00,row,0,-1.000000000e+00,-1.000000
scheme_a_jblock_rb,double,global,global,16384,16384,3,8,4,2,15,8.480400000e-05,7.345438700e-02,1.907632000e-03,7.358844000e-02,7.358844000e-02,-1.000000000e+00,-1.000000000e+00,21.886763,21.926706,-1.000000,-1.000000000e+00,-1.000000000e+00,-1.000000000e+00,row,0,-1.000000000e+00,-1.000000
scheme_a_jblock_rb,double,global,global,16384,16384,3,8,4,2,16,8.766500000e-05,7.318047900e-02,2.306079000e-03,7.332315200e-02,7.332315200e-02,-1.000000000e+00,-1.000000000e+00,21.965951,22.008776,-1.000000,-1.000000000e+00,-1.000000000e+00,-1.000000000e+00,row,0,-1.000000000e+00,-1.000000
scheme_a_jblock_rb,double,global,global,16384,16384,3,8,4,2,17,9.466600000e-05,7.225451500e-02,1.769809000e-03,7.239346600e-02,7.239346600e-02,-1.000000000e+00,-1.000000000e+00,22.248040,22.290825,-1.000000,-1.000000000e+00,-1.000000000e+00,-1.000000000e+00,row,0,-1.000000000e+00,-1.000000
scheme_a_jblock_rb,double,global,global,16384,16384,3,8,4,2,18,9.909400000e-05,7.252659600e-02,1.621433000e-03,7.267815800e-02,7.267815800e-02,-1.000000000e+00,-1.000000000e+00,22.160891,22.207202,-1.000000,-1.000000000e+00,-1.000000000e+00,-1.000000000e+00,row,0,-1.000000000e+00,-1.000000
scheme_a_jblock_rb,double,global,global,16384,16384,3,8,4,2,19,9.393600000e-05,7.184023500e-02,1.739715000e-03,7.197460100e-02,7.197460100e-02,-1.000000000e+00,-1.000000000e+00,22.377515,22.419369,-1.000000,-1.000000000e+00,-1.000000000e+00,-1.000000000e+00,row,0,-1.000000000e+00,-1.000000
scheme_a_jblock_rb,double,global,global,16384,16384,3,8,4,2,20,8.440600000e-05,7.399312000e-02,2.682020000e-03,7.422329200e-02,7.422329200e-02,-1.000000000e+00,-1.000000000e+00,21.699559,21.767061,-1.000000,-1.000000000e+00,-1.000000000e+00,-1.000000000e+00,row,0,-1.000000000e+00,-1.000000
scheme_a_jblock_rb,double,global,global,16384,16384,6,8,4,2,1,2.089110000e-04,1.056661460e-01,1.568748000e-03,1.058933620e-01,1.058933620e-01,-1.000000000e+00,-1.000000000e+00,30.419522,30.484934,-1.000000,-1.000000000e+00,-1.000000000e+00,-1.000000000e+00,row,0,-1.000000000e+00,-1.000000
scheme_a_jblock_rb,double,global,global,16384,16384,6,8,4,2,2,1.862260000e-04,1.062583280e-01,1.496386000e-03,1.065036370e-01,1.065036370e-01,-1.000000000e+00,-1.000000000e+00,30.245216,30.315040,-1.000000,-1.000000000e+00,-1.000000000e+00,-1.000000000e+00,row,0,-1.000000000e+00,-1.000000
scheme_a_jblock_rb,double,global,global,16384,16384,6,8,4,2,3,2.099770000e-04,1.050996490e-01,1.873029000e-03,1.053636320e-01,1.053636320e-01,-1.000000000e+00,-1.000000000e+00,30.572460,30.649251,-1.000000,-1.000000000e+00,-1.000000000e+00,-1.000000000e+00,row,0,-1.000000000e+00,-1.000000
scheme_a_jblock_rb,double,global,global,16384,16384,6,8,4,2,4,1.680590000e-04,1.064067440e-01,1.448326000e-03,1.066271980e-01,1.066271980e-01,-1.000000000e+00,-1.000000000e+00,30.210167,30.272757,-1.000000,-1.000000000e+00,-1.000000000e+00,-1.000000000e+00,row,0,-1.000000000e+00,-1.000000
scheme_a_jblock_rb,double,global,global,16384,16384,6,8,4,2,5,1.852600000e-04,1.041735100e-01,6.779770000e-04,1.044179580e-01,1.044179580e-01,-1.000000000e+00,-1.000000000e+00,30.849344,30.921733,-1.000000,-1.000000000e+00,-1.000000000e+00,-1.000000000e+00,row,0,-1.000000000e+00,-1.000000
scheme_a_jblock_rb,double,global,global,16384,16384,6,8,4,2,6,1.717850000e-04,1.077647960e-01,1.302536000e-03,1.080036470e-01,1.080036470e-01,-1.000000000e+00,-1.000000000e+00,29.825155,29.891259,-1.000000,-1.000000000e+00,-1.000000000e+00,-1.000000000e+00,row,0,-1.000000000e+00,-1.000000
scheme_a_jblock_rb,double,global,global,16384,16384,6,8,4,2,7,1.699360000e-04,1.045475150e-01,2.430264000e-03,1.047943830e-01,1.047943830e-01,-1.000000000e+00,-1.000000000e+00,30.738532,30.811115,-1.000000,-1.000000000e+00,-1.000000000e+00,-1.000000000e+00,row,0,-1.000000000e+00,-1.000000
scheme_a_jblock_rb,double,global,global,16384,16384,6,8,4,2,8,1.747150000e-04,1.056626630e-01,1.435835000e-03,1.058965260e-01,1.058965260e-01,-1.000000000e+00,-1.000000000e+00,30.418613,30.485939,-1.000000,-1.000000000e+00,-1.000000000e+00,-1.000000000e+00,row,0,-1.000000000e+00,-1.000000
scheme_a_jblock_rb,double,global,global,16384,16384,6,8,4,2,9,2.080460000e-04,1.036613920e-01,2.963905000e-03,1.039120390e-01,1.039120390e-01,-1.000000000e+00,-1.000000000e+00,30.999541,31.074496,-1.000000,-1.000000000e+00,-1.000000000e+00,-1.000000000e+00,row,0,-1.000000000e+00,-1.000000
scheme_a_jblock_rb,double,global,global,16384,16384,6,8,4,2,10,1.874000000e-04,1.043300330e-01,1.831547000e-03,1.045633130e-01,1.045633130e-01,-1.000000000e+00,-1.000000000e+00,30.806460,30.875342,-1.000000,-1.000000000e+00,-1.000000000e+00,-1.000000000e+00,row,0,-1.000000000e+00,-1.000000
scheme_a_jblock_rb,double,global,global,16384,16384,6,8,4,2,11,1.603460000e-04,1.042887530e-01,1.708908000e-03,1.044984870e-01,1.044984870e-01,-1.000000000e+00,-1.000000000e+00,30.825570,30.887563,-1.000000,-1.000000000e+00,-1.000000000e+00,-1.000000000e+00,row,0,-1.000000000e+00,-1.000000
scheme_a_jblock_rb,double,global,global,16384,16384,6,8,4,2,12,1.807550000e-04,1.038032490e-01,1.899508000e-03,1.040634900e-01,1.040634900e-01,-1.000000000e+00,-1.000000000e+00,30.954425,31.032029,-1.000000,-1.000000000e+00,-1.000000000e+00,-1.000000000e+00,row,0,-1.000000000e+00,-1.000000
scheme_a_jblock_rb,double,global,global,16384,16384,6,8,4,2,13,1.678970000e-04,1.037464690e-01,2.417274000e-03,1.039407400e-01,1.039407400e-01,-1.000000000e+00,-1.000000000e+00,30.990981,31.049013,-1.000000,-1.000000000e+00,-1.000000000e+00,-1.000000000e+00,row,0,-1.000000000e+00,-1.000000
scheme_a_jblock_rb,double,global,global,16384,16384,6,8,4,2,14,1.649390000e-04,1.049830680e-01,2.461693000e-03,1.052150350e-01,1.052150350e-01,-1.000000000e+00,-1.000000000e+00,30.615638,30.683286,-1.000000,-1.000000000e+00,-1.000000000e+00,-1.000000000e+00,row,0,-1.000000000e+00,-1.000000
scheme_a_jblock_rb,double,global,global,16384,16384,6,8,4,2,15,1.712210000e-04,1.037375460e-01,2.755682000e-03,1.039612220e-01,1.039612220e-01,-1.000000000e+00,-1.000000000e+00,30.984875,31.051684,-1.000000,-1.000000000e+00,-1.000000000e+00,-1.000000000e+00,row,0,-1.000000000e+00,-1.000000
scheme_a_jblock_rb,double,global,global,16384,16384,6,8,4,2,16,1.577570000e-04,1.044019790e-01,1.536674000e-03,1.046108640e-01,1.046108640e-01,-1.000000000e+00,-1.000000000e+00,30.792456,30.854065,-1.000000,-1.000000000e+00,-1.000000000e+00,-1.000000000e+00,row,0,-1.000000000e+00,-1.000000
scheme_a_jblock_rb,double,global,global,16384,16384,6,8,4,2,17,1.883290000e-04,1.043079990e-01,1.973877000e-03,1.045318060e-01,1.045318060e-01,-1.000000000e+00,-1.000000000e+00,30.815745,30.881864,-1.000000,-1.000000000e+00,-1.000000000e+00,-1.000000000e+00,row,0,-1.000000000e+00,-1.000000
scheme_a_jblock_rb,double,global,global,16384,16384,6,8,4,2,18,1.602090000e-04,1.050186300e-01,2.540952000e-03,1.052421250e-01,1.052421250e-01,-1.000000000e+00,-1.000000000e+00,30.607758,30.672896,-1.000000,-1.000000000e+00,-1.000000000e+00,-1.000000000e+00,row,0,-1.000000000e+00,-1.000000
scheme_a_jblock_rb,double,global,global,16384,16384,6,8,4,2,19,1.645970000e-04,1.048825550e-01,2.501593000e-03,1.050959170e-01,1.050959170e-01,-1.000000000e+00,-1.000000000e+00,30.650339,30.712691,-1.000000,-1.000000000e+00,-1.000000000e+00,-1.000000000e+00,row,0,-1.000000000e+00,-1.000000
scheme_a_jblock_rb,double,global,global,16384,16384,6,8,4,2,20,1.581570000e-04,1.061628700e-01,1.700180000e-03,1.063882710e-01,1.063882710e-01,-1.000000000e+00,-1.000000000e+00,30.278013,30.342298,-1.000000,-1.000000000e+00,-1.000000000e+00,-1.000000000e+00,row,0,-1.000000000e+00,-1.000000
scheme_a_jblock_rb,double,global,global,16384,16384,8,8,4,2,1,2.387530000e-04,1.558262070e-01,1.732276000e-03,1.561374780e-01,1.561374780e-01,-1.000000000e+00,-1.000000000e+00,27.507600,27.562548,-1.000000,-1.000000000e+00,-1.000000000e+00,-1.000000000e+00,row,0,-1.000000000e+00,-1.000000
scheme_a_jblock_rb,double,global,global,16384,16384,8,8,4,2,2,2.236690000e-04,1.555688980e-01,1.279465000e-03,1.559105150e-01,1.559105150e-01,-1.000000000e+00,-1.000000000e+00,27.547644,27.608136,-1.000000,-1.000000000e+00,-1.000000000e+00,-1.000000000e+00,row,0,-1.000000000e+00,-1.000000
scheme_a_jblock_rb,double,global,global,16384,16384,8,8,4,2,3,2.445280000e-04,1.587578210e-01,1.718291000e-03,1.591135230e-01,1.591135230e-01,-1.000000000e+00,-1.000000000e+00,26.993100,27.053579,-1.000000,-1.000000000e+00,-1.000000000e+00,-1.000000000e+00,row,0,-1.000000000e+00,-1.000000
scheme_a_jblock_rb,double,global,global,16384,16384,8,8,4,2,4,2.588450000e-04,1.577642140e-01,1.816345000e-03,1.581501750e-01,1.581501750e-01,-1.000000000e+00,-1.000000000e+00,27.157525,27.223964,-1.000000,-1.000000000e+00,-1.000000000e+00,-1.000000000e+00,row,0,-1.000000000e+00,-1.000000
scheme_a_jblock_rb,double,global,global,16384,16384,8,8,4,2,5,2.463850000e-04,1.565343160e-01,1.760934000e-03,1.568863010e-01,1.568863010e-01,-1.000000000e+00,-1.000000000e+00,27.376305,27.437864,-1.000000,-1.000000000e+00,-1.000000000e+00,-1.000000000e+00,row,0,-1.000000000e+00,-1.000000
scheme_a_jblock_rb,double,global,global,16384,16384,8,8,4,2,6,2.413140000e-04,1.585525160e-01,2.789785000e-03,1.588809090e-01,1.588809090e-01,-1.000000000e+00,-1.000000000e+00,27.032620,27.088610,-1.000000,-1.000000000e+00,-1.000000000e+00,-1.000000000e+00,row,0,-1.000000000e+00,-1.000000
scheme_a_jblock_rb,double,global,global,16384,16384,8,8,4,2,7,2.602350000e-04,1.609528060e-01,2.003717000e-03,1.613342310e-01,1.613342310e-01,-1.000000000e+00,-1.000000000e+00,26.621550,26.684638,-1.000000,-1.000000000e+00,-1.000000000e+00,-1.000000000e+00,row,0,-1.000000000e+00,-1.000000
scheme_a_jblock_rb,double,global,global,16384,16384,8,8,4,2,8,2.461920000e-04,1.555959960e-01,1.240638000e-03,1.560295710e-01,1.560295710e-01,-1.000000000e+00,-1.000000000e+00,27.526624,27.603328,-1.000000,-1.000000000e+00,-1.000000000e+00,-1.000000000e+00,row,0,-1.000000000e+00,-1.000000
scheme_a_jblock_rb,double,global,global,16384,16384,8,8,4,2,9,2.306800000e-04,1.576471910e-01,1.727960000e-03,1.579712250e-01,1.579712250e-01,-1.000000000e+00,-1.000000000e+00,27.188289,27.244173,-1.000000,-1.000000000e+00,-1.000000000e+00,-1.000000000e+00,row,0,-1.000000000e+00,-1.000000
scheme_a_jblock_rb,double,global,global,16384,16384,8,8,4,2,10,2.459220000e-04,1.575953960e-01,1.736355000e-03,1.579118660e-01,1.579118660e-01,-1.000000000e+00,-1.000000000e+00,27.198509,27.253127,-1.000000,-1.000000000e+00,-1.000000000e+00,-1.000000000e+00,row,0,-1.000000000e+00,-1.000000
scheme_a_jblock_rb,double,global,global,16384,16384,8,8,4,2,11,2.520780000e-04,1.556548450e-01,1.616658000e-03,1.560079580e-01,1.560079580e-01,-1.000000000e+00,-1.000000000e+00,27.530437,27.592892,-1.000000,-1.000000000e+00,-1.000000000e+00,-1.000000000e+00,row,0,-1.000000000e+00,-1.000000
scheme_a_jblock_rb,double,global,global,16384,16384,8,8,4,2,12,2.260140000e-04,1.544114080e-01,9.816460000e-04,1.547171140e-01,1.547171140e-01,-1.000000000e+00,-1.000000000e+00,27.760131,27.815091,-1.000000,-1.000000000e+00,-1.000000000e+00,-1.000000000e+00,row,0,-1.000000000e+00,-1.000000
scheme_a_jblock_rb,double,global,global,16384,16384,8,8,4,2,13,2.670670000e-04,1.551811350e-01,1.747374000e-03,1.554941320e-01,1.554941320e-01,-1.000000000e+00,-1.000000000e+00,27.621411,27.677123,-1.000000,-1.000000000e+00,-1.000000000e+00,-1.000000000e+00,row,0,-1.000000000e+00,-1.000000
scheme_a_jblock_rb,double,global,global,16384,16384,8,8,4,2,14,2.308410000e-04,1.545478000e-01,1.442262000e-03,1.548704090e-01,1.548704090e-01,-1.000000000e+00,-1.000000000e+00,27.732653,27.790543,-1.000000,-1.000000000e+00,-1.000000000e+00,-1.000000000e+00,row,0,-1.000000000e+00,-1.000000
scheme_a_jblock_rb,double,global,global,16384,16384,8,8,4,2,15,2.454030000e-04,1.556382190e-01,9.126450000e-04,1.559683070e-01,1.559683070e-01,-1.000000000e+00,-1.000000000e+00,27.537436,27.595839,-1.000000,-1.000000000e+00,-1.000000000e+00,-1.000000000e+00,row,0,-1.000000000e+00,-1.000000
scheme_a_jblock_rb,double,global,global,16384,16384,8,8,4,2,16,2.860360000e-04,1.555131770e-01,2.501839000e-03,1.559206160e-01,1.559206160e-01,-1.000000000e+00,-1.000000000e+00,27.545859,27.618028,-1.000000,-1.000000000e+00,-1.000000000e+00,-1.000000000e+00,row,0,-1.000000000e+00,-1.000000
scheme_a_jblock_rb,double,global,global,16384,16384,8,8,4,2,17,2.177350000e-04,1.561365670e-01,1.541004000e-03,1.564358320e-01,1.564358320e-01,-1.000000000e+00,-1.000000000e+00,27.455138,27.507761,-1.000000,-1.000000000e+00,-1.000000000e+00,-1.000000000e+00,row,0,-1.000000000e+00,-1.000000
scheme_a_jblock_rb,double,global,global,16384,16384,8,8,4,2,18,2.653280000e-04,1.560261200e-01,2.027945000e-03,1.563459650e-01,1.563459650e-01,-1.000000000e+00,-1.000000000e+00,27.470919,27.527233,-1.000000,-1.000000000e+00,-1.000000000e+00,-1.000000000e+00,row,0,-1.000000000e+00,-1.000000
scheme_a_jblock_rb,double,global,global,16384,16384,8,8,4,2,19,2.740800000e-04,1.551352690e-01,1.272925000e-03,1.554798870e-01,1.554798870e-01,-1.000000000e+00,-1.000000000e+00,27.623941,27.685305,-1.000000,-1.000000000e+00,-1.000000000e+00,-1.000000000e+00,row,0,-1.000000000e+00,-1.000000
scheme_a_jblock_rb,double,global,global,16384,16384,8,8,4,2,20,2.452570000e-04,1.565803780e-01,1.836324000e-03,1.568913450e-01,1.568913450e-01,-1.000000000e+00,-1.000000000e+00,27.375425,27.429793,-1.000000,-1.000000000e+00,-1.000000000e+00,-1.000000000e+00,row,0,-1.000000000e+00,-1.000000
scheme_a_jblock_rb,double,global,global,16384,16384,20,8,4,2,1,1.025695000e-03,3.851846460e-01,2.884685000e-03,3.858092640e-01,3.858092640e-01,-1.000000000e+00,-1.000000000e+00,27.830898,27.876029,-1.000000,-1.000000000e+00,-1.000000000e+00,-1.000000000e+00,row,0,-1.000000000e+00,-1.000000
scheme_a_jblock_rb,double,global,global,16384,16384,20,8,4,2,2,1.064051000e-03,3.829392110e-01,2.562211000e-03,3.835968700e-01,3.835968700e-01,-1.000000000e+00,-1.000000000e+00,27.991413,28.039485,-1.000000,-1.000000000e+00,-1.000000000e+00,-1.000000000e+00,row,0,-1.000000000e+00,-1.000000
scheme_a_jblock_rb,double,global,global,16384,16384,20,8,4,2,3,1.070791000e-03,3.825374000e-01,3.248097000e-03,3.833454940e-01,3.833454940e-01,-1.000000000e+00,-1.000000000e+00,28.009768,28.068937,-1.000000,-1.000000000e+00,-1.000000000e+00,-1.000000000e+00,row,0,-1.000000000e+00,-1.000000
scheme_a_jblock_rb,double,global,global,16384,16384,20,8,4,2,4,1.460678000e-03,3.832111040e-01,3.799271000e-03,3.843299590e-01,3.843299590e-01,-1.000000000e+00,-1.000000000e+00,27.938020,28.019591,-1.000000,-1.000000000e+00,-1.000000000e+00,-1.000000000e+00,row,0,-1.000000000e+00,-1.000000
scheme_a_jblock_rb,double,global,global,16384,16384,20,8,4,2,5,1.678907000e-03,3.829839450e-01,2.936455000e-03,3.836374560e-01,3.836374560e-01,-1.000000000e+00,-1.000000000e+00,27.988451,28.036210,-1.000000,-1.000000000e+00,-1.000000000e+00,-1.000000000e+00,row,0,-1.000000000e+00,-1.000000
scheme_a_jblock_rb,double,global,global,16384,16384,20,8,4,2,6,9.805720000e-04,3.827760600e-01,3.277824000e-03,3.835452540e-01,3.835452540e-01,-1.000000000e+00,-1.000000000e+00,27.995180,28.051436,-1.000000,-1.000000000e+00,-1.000000000e+00,-1.000000000e+00,row,0,-1.000000000e+00,-1.000000
scheme_a_jblock_rb,double,global,global,16384,16384,20,8,4,2,7,1.053409000e-03,3.904857740e-01,2.864989000e-03,3.910938120e-01,3.910938120e-01,-1.000000000e+00,-1.000000000e+00,27.454841,27.497591,-1.000000,-1.000000000e+00,-1.000000000e+00,-1.000000000e+00,row,0,-1.000000000e+00,-1.000000
scheme_a_jblock_rb,double,global,global,16384,16384,20,8,4,2,8,1.061797000e-03,3.842395320e-01,1.908506000e-03,3.848966060e-01,3.848966060e-01,-1.000000000e+00,-1.000000000e+00,27.896890,27.944595,-1.000000,-1.000000000e+00,-1.000000000e+00,-1.000000000e+00,row,0,-1.000000000e+00,-1.000000
scheme_a_jblock_rb,double,global,global,16384,16384,20,8,4,2,9,1.125965000e-03,3.817085210e-01,1.358117000e-03,3.830283360e-01,3.830283360e-01,-1.000000000e+00,-1.000000000e+00,28.032961,28.129889,-1.000000,-1.000000000e+00,-1.000000000e+00,-1.000000000e+00,row,0,-1.000000000e+00,-1.000000
scheme_a_jblock_rb,double,global,global,16384,16384,20,8,4,2,10,1.006431000e-03,3.786345330e-01,1.493624000e-03,3.793038900e-01,3.793038900e-01,-1.000000000e+00,-1.000000000e+00,28.308221,28.358265,-1.000000,-1.000000000e+00,-1.000000000e+00,-1.000000000e+00,row,0,-1.000000000e+00,-1.000000
scheme_a_jblock_rb,double,global,global,16384,16384,20,8,4,2,11,1.145998000e-03,3.807048130e-01,1.950091000e-03,3.813821520e-01,3.813821520e-01,-1.000000000e+00,-1.000000000e+00,28.153961,28.204052,-1.000000,-1.000000000e+00,-1.000000000e+00,-1.000000000e+00,row,0,-1.000000000e+00,-1.000000
scheme_a_jblock_rb,double,global,global,16384,16384,20,8,4,2,12,1.023800000e-03,3.823174100e-01,2.998258000e-03,3.833997960e-01,3.833997960e-01,-1.000000000e+00,-1.000000000e+00,28.005801,28.085088,-1.000000,-1.000000000e+00,-1.000000000e+00,-1.000000000e+00,row,0,-1.000000000e+00,-1.000000
scheme_a_jblock_rb,double,global,global,16384,16384,20,8,4,2,13,1.491853000e-03,3.793327710e-01,2.543312000e-03,3.805354400e-01,3.805354400e-01,-1.000000000e+00,-1.000000000e+00,28.216605,28.306065,-1.000000,-1.000000000e+00,-1.000000000e+00,-1.000000000e+00,row,0,-1.000000000e+00,-1.000000
scheme_a_jblock_rb,double,global,global,16384,16384,20,8,4,2,14,1.033987000e-03,3.810899180e-01,2.286756000e-03,3.817400010e-01,3.817400010e-01,-1.000000000e+00,-1.000000000e+00,28.127569,28.175551,-1.000000,-1.000000000e+00,-1.000000000e+00,-1.000000000e+00,row,0,-1.000000000e+00,-1.000000
scheme_a_jblock_rb,double,global,global,16384,16384,20,8,4,2,15,1.062387000e-03,3.808135030e-01,2.619031000e-03,3.814638460e-01,3.814638460e-01,-1.000000000e+00,-1.000000000e+00,28.147932,28.196002,-1.000000,-1.000000000e+00,-1.000000000e+00,-1.000000000e+00,row,0,-1.000000000e+00,-1.000000
scheme_a_jblock_rb,double,global,global,16384,16384,20,8,4,2,16,1.038375000e-03,3.805032560e-01,2.104333000e-03,3.811427820e-01,3.811427820e-01,-1.000000000e+00,-1.000000000e+00,28.171643,28.218992,-1.000000,-1.000000000e+00,-1.000000000e+00,-1.000000000e+00,row,0,-1.000000000e+00,-1.000000
scheme_a_jblock_rb,double,global,global,16384,16384,20,8,4,2,17,1.064556000e-03,3.811220080e-01,2.688494000e-03,3.817831140e-01,3.817831140e-01,-1.000000000e+00,-1.000000000e+00,28.124393,28.173178,-1.000000,-1.000000000e+00,-1.000000000e+00,-1.000000000e+00,row,0,-1.000000000e+00,-1.000000
scheme_a_jblock_rb,double,global,global,16384,16384,20,8,4,2,18,9.854720000e-04,3.825401650e-01,2.594187000e-03,3.831616300e-01,3.831616300e-01,-1.000000000e+00,-1.000000000e+00,28.023208,28.068734,-1.000000,-1.000000000e+00,-1.000000000e+00,-1.000000000e+00,row,0,-1.000000000e+00,-1.000000
scheme_a_jblock_rb,double,global,global,16384,16384,20,8,4,2,19,1.385467000e-03,3.810344000e-01,3.054923000e-03,3.817043510e-01,3.817043510e-01,-1.000000000e+00,-1.000000000e+00,28.130196,28.179656,-1.000000,-1.000000000e+00,-1.000000000e+00,-1.000000000e+00,row,0,-1.000000000e+00,-1.000000
scheme_a_jblock_rb,double,global,global,16384,16384,20,8,4,2,20,1.031295000e-03,3.820640720e-01,2.674390000e-03,3.828451620e-01,3.828451620e-01,-1.000000000e+00,-1.000000000e+00,28.046373,28.103711,-1.000000,-1.000000000e+00,-1.000000000e+00,-1.000000000e+00,row,0,-1.000000000e+00,-1.000000
scheme_a_jblock_rb,double,global,global,16384,16384,32,8,4,2,1,1.759734000e-03,7.396022870e-01,5.926609000e-03,7.408407130e-01,7.408407130e-01,-1.000000000e+00,-1.000000000e+00,23.189694,23.228524,-1.000000,-1.000000000e+00,-1.000000000e+00,-1.000000000e+00,row,0,-1.000000000e+00,-1.000000
scheme_a_jblock_rb,double,global,global,16384,16384,32,8,4,2,2,1.474240000e-03,7.405953630e-01,3.875707000e-03,7.415520000e-01,7.415520000e-01,-1.000000000e+00,-1.000000000e+00,23.167450,23.197376,-1.000000,-1.000000000e+00,-1.000000000e+00,-1.000000000e+00,row,0,-1.000000000e+00,-1.000000
scheme_a_jblock_rb,double,global,global,16384,16384,32,8,4,2,3,1.456502000e-03,7.314477900e-01,4.232388000e-03,7.323783170e-01,7.323783170e-01,-1.000000000e+00,-1.000000000e+00,23.457643,23.487485,-1.000000,-1.000000000e+00,-1.000000000e+00,-1.000000000e+00,row,0,-1.000000000e+00,-1.000000
scheme_a_jblock_rb,double,global,global,16384,16384,32,8,4,2,4,1.475033000e-03,7.287031420e-01,2.961415000e-03,7.295402580e-01,7.295402580e-01,-1.000000000e+00,-1.000000000e+00,23.548898,23.575950,-1.000000,-1.000000000e+00,-1.000000000e+00,-1.000000000e+00,row,0,-1.000000000e+00,-1.000000
scheme_a_jblock_rb,double,global,global,16384,16384,32,8,4,2,5,1.577353000e-03,7.293142410e-01,1.937392000e-03,7.305508800e-01,7.305508800e-01,-1.000000000e+00,-1.000000000e+00,23.516321,23.556196,-1.000000,-1.000000000e+00,-1.000000000e+00,-1.000000000e+00,row,0,-1.000000000e+00,-1.000000
scheme_a_jblock_rb,double,global,global,16384,16384,32,8,4,2,6,1.495775000e-03,7.312001180e-01,4.249156000e-03,7.321338220e-01,7.321338220e-01,-1.000000000e+00,-1.000000000e+00,23.465477,23.495441,-1.000000,-1.000000000e+00,-1.000000000e+00,-1.000000000e+00,row,0,-1.000000000e+00,-1.000000
scheme_a_jblock_rb,double,global,global,16384,16384,32,8,4,2,7,1.477110000e-03,7.363608250e-01,3.741666000e-03,7.373149800e-01,7.373149800e-01,-1.000000000e+00,-1.000000000e+00,23.300583,23.330776,-1.000000,-1.000000000e+00,-1.000000000e+00,-1.000000000e+00,row,0,-1.000000000e+00,-1.000000
scheme_a_jblock_rb,double,global,global,16384,16384,32,8,4,2,8,1.782259000e-03,7.299043600e-01,4.023185000e-03,7.308307020e-01,7.308307020e-01,-1.000000000e+00,-1.000000000e+00,23.507317,23.537151,-1.000000,-1.000000000e+00,-1.000000000e+00,-1.000000000e+00,row,0,-1.000000000e+00,-1.000000
scheme_a_jblock_rb,double,global,global,16384,16384,32,8,4,2,9,1.477114000e-03,7.296820040e-01,4.752164000e-03,7.305937520e-01,7.305937520e-01,-1.000000000e+00,-1.000000000e+00,23.514941,23.544324,-1.000000,-1.000000000e+00,-1.000000000e+00,-1.000000000e+00,row,0,-1.000000000e+00,-1.000000
scheme_a_jblock_rb,double,global,global,16384,16384,32,8,4,2,10,1.527159000e-03,7.225707640e-01,3.996494000e-03,7.237708250e-01,7.237708250e-01,-1.000000000e+00,-1.000000000e+00,23.736615,23.776037,-1.000000,-1.000000000e+00,-1.000000000e+00,-1.000000000e+00,row,0,-1.000000000e+00,-1.000000
scheme_a_jblock_rb,double,global,global,16384,16384,32,8,4,2,11,1.485896000e-03,7.164227450e-01,2.161120000e-03,7.172716120e-01,7.172716120e-01,-1.000000000e+00,-1.000000000e+00,23.951693,23.980072,-1.000000,-1.000000000e+00,-1.000000000e+00,-1.000000000e+00,row,0,-1.000000000e+00,-1.000000
scheme_a_jblock_rb,double,global,global,16384,16384,32,8,4,2,12,1.463567000e-03,7.133333350e-01,2.063826000e-03,7.143006570e-01,7.143006570e-01,-1.000000000e+00,-1.000000000e+00,24.051314,24.083929,-1.000000,-1.000000000e+00,-1.000000000e+00,-1.000000000e+00,row,0,-1.000000000e+00,-1.000000
scheme_a_jblock_rb,double,global,global,16384,16384,32,8,4,2,13,1.537608000e-03,7.121409520e-01,4.665255000e-03,7.131168900e-01,7.131168900e-01,-1.000000000e+00,-1.000000000e+00,24.091239,24.124254,-1.000000,-1.000000000e+00,-1.000000000e+00,-1.000000000e+00,row,0,-1.000000000e+00,-1.000000
scheme_a_jblock_rb,double,global,global,16384,16384,32,8,4,2,14,1.445565000e-03,7.100027980e-01,4.087129000e-03,7.109424130e-01,7.109424130e-01,-1.000000000e+00,-1.000000000e+00,24.164924,24.196903,-1.000000,-1.000000000e+00,-1.000000000e+00,-1.000000000e+00,row,0,-1.000000000e+00,-1.000000
scheme_a_jblock_rb,double,global,global,16384,16384,32,8,4,2,15,1.451352000e-03,7.110939740e-01,3.680786000e-03,7.120055970e-01,7.120055970e-01,-1.000000000e+00,-1.000000000e+00,24.128840,24.159773,-1.000000,-1.000000000e+00,-1.000000000e+00,-1.000000000e+00,row,0,-1.000000000e+00,-1.000000
scheme_a_jblock_rb,double,global,global,16384,16384,32,8,4,2,16,1.451733000e-03,7.087478900e-01,5.127479000e-03,7.098928250e-01,7.098928250e-01,-1.000000000e+00,-1.000000000e+00,24.200652,24.239746,-1.000000,-1.000000000e+00,-1.000000000e+00,-1.000000000e+00,row,0,-1.000000000e+00,-1.000000
scheme_a_jblock_rb,double,global,global,16384,16384,32,8,4,2,17,1.456169000e-03,7.087676160e-01,3.563897000e-03,7.096794140e-01,7.096794140e-01,-1.000000000e+00,-1.000000000e+00,24.207929,24.239072,-1.000000,-1.000000000e+00,-1.000000000e+00,-1.000000000e+00,row,0,-1.000000000e+00,-1.000000
scheme_a_jblock_rb,double,global,global,16384,16384,32,8,4,2,18,1.436822000e-03,7.067078040e-01,1.905442000e-03,7.076239210e-01,7.076239210e-01,-1.000000000e+00,-1.000000000e+00,24.278248,24.309720,-1.000000,-1.000000000e+00,-1.000000000e+00,-1.000000000e+00,row,0,-1.000000000e+00,-1.000000
scheme_a_jblock_rb,double,global,global,16384,16384,32,8,4,2,19,1.477902000e-03,7.156845520e-01,1.874346000e-03,7.166245810e-01,7.166245810e-01,-1.000000000e+00,-1.000000000e+00,23.973318,24.004806,-1.000000,-1.000000000e+00,-1.000000000e+00,-1.000000000e+00,row,0,-1.000000000e+00,-1.000000
scheme_a_jblock_rb,double,global,global,16384,16384,32,8,4,2,20,1.462253000e-03,7.083603780e-01,1.323491000e-03,7.094008370e-01,7.094008370e-01,-1.000000000e+00,-1.000000000e+00,24.217436,24.253007,-1.000000,-1.000000000e+00,-1.000000000e+00,-1.000000000e+00,row,0,-1.000000000e+00,-1.000000
scheme_a_jblock_rb,double,global,global,16384,16384,3,8,8,1,1,2.468310000e-04,7.171143800e-02,1.053700000e-05,7.196307100e-02,7.196307100e-02,-1.000000000e+00,-1.000000000e+00,22.381101,22.459635,-1.000000,-1.000000000e+00,-1.000000000e+00,-1.000000000e+00,row,0,-1.000000000e+00,-1.000000
scheme_a_jblock_rb,double,global,global,16384,16384,3,8,8,1,2,2.536450000e-04,7.170374200e-02,1.208200000e-05,7.196586700e-02,7.196586700e-02,-1.000000000e+00,-1.000000000e+00,22.380231,22.462046,-1.000000,-1.000000000e+00,-1.000000000e+00,-1.000000000e+00,row,0,-1.000000000e+00,-1.000000
scheme_a_jblock_rb,double,global,global,16384,16384,3,8,8,1,3,2.340600000e-04,7.177736800e-02,1.142200000e-05,7.201977900e-02,7.201977900e-02,-1.000000000e+00,-1.000000000e+00,22.363478,22.439005,-1.000000,-1.000000000e+00,-1.000000000e+00,-1.000000000e+00,row,0,-1.000000000e+00,-1.000000
scheme_a_jblock_rb,double,global,global,16384,16384,3,8,8,1,4,2.518120000e-04,7.345349600e-02,1.112900000e-05,7.371446900e-02,7.371446900e-02,-1.000000000e+00,-1.000000000e+00,21.849343,21.926972,-1.000000,-1.000000000e+00,-1.000000000e+00,-1.000000000e+00,row,0,-1.000000000e+00,-1.000000
scheme_a_jblock_rb,double,global,global,16384,16384,3,8,8,1,5,2.745160000e-04,7.142158500e-02,2.831500000e-05,7.172441600e-02,7.172441600e-02,-1.000000000e+00,-1.000000000e+00,22.455571,22.550784,-1.000000,-1.000000000e+00,-1.000000000e+00,-1.000000000e+00,row,0,-1.000000000e+00,-1.000000
scheme_a_jblock_rb,double,global,global,16384,16384,3,8,8,1,6,2.687960000e-04,7.252676800e-02,2.820500000e-05,7.279881200e-02,7.279881200e-02,-1.000000000e+00,-1.000000000e+00,22.124162,22.207149,-1.000000,-1.000000000e+00,-1.000000000e+00,-1.000000000e+00,row,0,-1.000000000e+00,-1.000000
scheme_a_jblock_rb,double,global,global,16384,16384,3,8,8,1,7,2.690920000e-04,7.339962700e-02,1.279500000e-05,7.367742100e-02,7.367742100e-02,-1.000000000e+00,-1.000000000e+00,21.860330,21.943064,-1.000000,-1.000000000e+00,-1.000000000e+00,-1.000000000e+00,row,0,-1.000000000e+00,-1.000000
scheme_a_jblock_rb,double,global,global,16384,16384,3,8,8,1,8,2.513840000e-04,7.147563200e-02,9.619000000e-06,7.173417500e-02,7.173417500e-02,-1.000000000e+00,-1.000000000e+00,22.452516,22.533732,-1.000000,-1.000000000e+00,-1.000000000e+00,-1.000000000e+00,row,0,-1.000000000e+00,-1.000000
scheme_a_jblock_rb,double,global,global,16384,16384,3,8,8,1,9,2.595270000e-04,7.299556900e-02,1.408200000e-05,7.326210200e-02,7.326210200e-02,-1.000000000e+00,-1.000000000e+00,21.984255,22.064527,-1.000000,-1.000000000e+00,-1.000000000e+00,-1.000000000e+00,row,0,-1.000000000e+00,-1.000000
scheme_a_jblock_rb,double,global,global,16384,16384,3,8,8,1,10,2.613440000e-04,7.232855700e-02,1.127600000e-05,7.256697600e-02,7.256697600e-02,-1.000000000e+00,-1.000000000e+00,22.194844,22.268006,-1.000000,-1.000000000e+00,-1.000000000e+00,-1.000000000e+00,row,0,-1.000000000e+00,-1.000000
scheme_a_jblock_rb,double,global,global,16384,16384,3,8,8,1,11,2.577260000e-04,7.665481900e-02,1.429100000e-05,7.691810100e-02,7.691810100e-02,-1.000000000e+00,-1.000000000e+00,20.939320,21.011239,-1.000000,-1.000000000e+00,-1.000000000e+00,-1.000000000e+00,row,0,-1.000000000e+00,-1.000000
scheme_a_jblock_rb,double,global,global,16384,16384,3,8,8,1,12,2.848720000e-04,7.311963400e-02,1.209500000e-05,7.341475200e-02,7.341475200e-02,-1.000000000e+00,-1.000000000e+00,21.938544,22.027090,-1.000000,-1.000000000e+00,-1.000000000e+00,-1.000000000e+00,row,0,-1.000000000e+00,-1.000000
scheme_a_jblock_rb,double,global,global,16384,16384,3,8,8,1,13,2.717130000e-04,7.157914400e-02,1.188500000e-05,7.185290200e-02,7.185290200e-02,-1.000000000e+00,-1.000000000e+00,22.415417,22.501146,-1.000000,-1.000000000e+00,-1.000000000e+00,-1.000000000e+00,row,0,-1.000000000e+00,-1.000000
scheme_a_jblock_rb,double,global,global,16384,16384,3,8,8,1,14,2.538580000e-04,7.275753400e-02,2.786300000e-05,7.303925500e-02,7.303925500e-02,-1.000000000e+00,-1.000000000e+00,22.051330,22.136714,-1.000000,-1.000000000e+00,-1.000000000e+00,-1.000000000e+00,row,0,-1.000000000e+00,-1.000000
scheme_a_jblock_rb,double,global,global,16384,16384,3,8,8,1,15,2.629380000e-04,7.117266200e-02,2.059300000e-05,7.144189100e-02,7.144189100e-02,-1.000000000e+00,-1.000000000e+00,22.544374,22.629654,-1.000000,-1.000000000e+00,-1.000000000e+00,-1.000000000e+00,row,0,-1.000000000e+00,-1.000000
scheme_a_jblock_rb,double,global,global,16384,16384,3,8,8,1,16,2.534720000e-04,7.389651100e-02,1.083300000e-05,7.415466000e-02,7.415466000e-02,-1.000000000e+00,-1.000000000e+00,21.719643,21.795518,-1.000000,-1.000000000e+00,-1.000000000e+00,-1.000000000e+00,row,0,-1.000000000e+00,-1.000000
scheme_a_jblock_rb,double,global,global,16384,16384,3,8,8,1,17,2.760050000e-04,7.345752500e-02,3.452200000e-05,7.376101100e-02,7.376101100e-02,-1.000000000e+00,-1.000000000e+00,21.835557,21.925769,-1.000000,-1.000000000e+00,-1.000000000e+00,-1.000000000e+00,row,0,-1.000000000e+00,-1.000000
scheme_a_jblock_rb,double,global,global,16384,16384,3,8,8,1,18,3.073850000e-04,7.297820400e-02,1.044200000e-05,7.322941900e-02,7.322941900e-02,-1.000000000e+00,-1.000000000e+00,21.994067,22.069778,-1.000000,-1.000000000e+00,-1.000000000e+00,-1.000000000e+00,row,0,-1.000000000e+00,-1.000000
scheme_a_jblock_rb,double,global,global,16384,16384,3,8,8,1,19,2.400640000e-04,7.258534300e-02,1.132700000e-05,7.283470100e-02,7.283470100e-02,-1.000000000e+00,-1.000000000e+00,22.113261,22.189228,-1.000000,-1.000000000e+00,-1.000000000e+00,-1.000000000e+00,row,0,-1.000000000e+00,-1.000000
scheme_a_jblock_rb,double,global,global,16384,16384,3,8,8,1,20,2.793850000e-04,7.224746400e-02,1.090600000e-05,7.253253900e-02,7.253253900e-02,-1.000000000e+00,-1.000000000e+00,22.205382,22.293000,-1.000000,-1.000000000e+00,-1.000000000e+00,-1.000000000e+00,row,0,-1.000000000e+00,-1.000000
scheme_a_jblock_rb,double,global,global,16384,16384,6,8,8,1,1,5.092290000e-04,1.023498430e-01,1.929000000e-05,1.028723290e-01,1.028723290e-01,-1.000000000e+00,-1.000000000e+00,31.312847,31.472696,-1.000000,-1.000000000e+00,-1.000000000e+00,-1.000000000e+00,row,0,-1.000000000e+00,-1.000000
scheme_a_jblock_rb,double,global,global,16384,16384,6,8,8,1,2,5.202320000e-04,1.020707610e-01,4.924200000e-05,1.025975360e-01,1.025975360e-01,-1.000000000e+00,-1.000000000e+00,31.396714,31.558748,-1.000000,-1.000000000e+00,-1.000000000e+00,-1.000000000e+00,row,0,-1.000000000e+00,-1.000000
scheme_a_jblock_rb,double,global,global,16384,16384,6,8,8,1,3,4.962090000e-04,1.026135850e-01,1.883100000e-05,1.031180290e-01,1.031180290e-01,-1.000000000e+00,-1.000000000e+00,31.238237,31.391803,-1.000000,-1.000000000e+00,-1.000000000e+00,-1.000000000e+00,row,0,-1.000000000e+00,-1.000000
scheme_a_jblock_rb,double,global,global,16384,16384,6,8,8,1,4,4.872660000e-04,1.028060870e-01,2.145400000e-05,1.032955020e-01,1.032955020e-01,-1.000000000e+00,-1.000000000e+00,31.184567,31.333023,-1.000000,-1.000000000e+00,-1.000000000e+00,-1.000000000e+00,row,0,-1.000000000e+00,-1.000000
scheme_a_jblock_rb,double,global,global,16384,16384,6,8,8,1,5,5.462560000e-04,1.043642170e-01,1.793500000e-05,1.049107110e-01,1.049107110e-01,-1.000000000e+00,-1.000000000e+00,30.704448,30.865229,-1.000000,-1.000000000e+00,-1.000000000e+00,-1.000000000e+00,row,0,-1.000000000e+00,-1.000000
scheme_a_jblock_rb,double,global,global,16384,16384,6,8,8,1,6,5.001290000e-04,1.017250690e-01,1.832000000e-05,1.022372410e-01,1.022372410e-01,-1.000000000e+00,-1.000000000e+00,31.507359,31.665994,-1.000000,-1.000000000e+00,-1.000000000e+00,-1.000000000e+00,row,0,-1.000000000e+00,-1.000000
scheme_a_jblock_rb,double,global,global,16384,16384,6,8,8,1,7,5.011870000e-04,1.039828090e-01,3.545600000e-05,1.044746100e-01,1.044746100e-01,-1.000000000e+00,-1.000000000e+00,30.832615,30.978443,-1.000000,-1.000000000e+00,-1.000000000e+00,-1.000000000e+00,row,0,-1.000000000e+00,-1.000000
scheme_a_jblock_rb,double,global,global,16384,16384,6,8,8,1,8,5.092430000e-04,1.038580970e-01,4.060600000e-05,1.043769560e-01,1.043769560e-01,-1.000000000e+00,-1.000000000e+00,30.861462,31.015641,-1.000000,-1.000000000e+00,-1.000000000e+00,-1.000000000e+00,row,0,-1.000000000e+00,-1.000000
scheme_a_jblock_rb,double,global,global,16384,16384,6,8,8,1,9,5.241270000e-04,1.031927510e-01,2.639600000e-05,1.037296740e-01,1.037296740e-01,-1.000000000e+00,-1.000000000e+00,31.054040,31.215618,-1.000000,-1.000000000e+00,-1.000000000e+00,-1.000000000e+00,row,0,-1.000000000e+00,-1.000000
scheme_a_jblock_rb,double,global,global,16384,16384,6,8,8,1,10,4.910670000e-04,1.021125730e-01,1.957800000e-05,1.025988410e-01,1.025988410e-01,-1.000000000e+00,-1.000000000e+00,31.396314,31.545826,-1.000000,-1.000000000e+00,-1.000000000e+00,-1.000000000e+00,row,0,-1.000000000e+00,-1.000000
scheme_a_jblock_rb,double,global,global,16384,16384,6,8,8,1,11,4.913010000e-04,1.035554570e-01,5.138800000e-05,1.040970570e-01,1.040970570e-01,-1.000000000e+00,-1.000000000e+00,30.944443,31.106284,-1.000000,-1.000000000e+00,-1.000000000e+00,-1.000000000e+00,row,0,-1.000000000e+00,-1.000000
scheme_a_jblock_rb,double,global,global,16384,16384,6,8,8,1,12,5.059450000e-04,1.021158160e-01,3.413500000e-05,1.026179000e-01,1.026179000e-01,-1.000000000e+00,-1.000000000e+00,31.390483,31.544824,-1.000000,-1.000000000e+00,-1.000000000e+00,-1.000000000e+00,row,0,-1.000000000e+00,-1.000000
scheme_a_jblock_rb,double,global,global,16384,16384,6,8,8,1,13,5.124800000e-04,1.020351230e-01,1.834300000e-05,1.025536820e-01,1.025536820e-01,-1.000000000e+00,-1.000000000e+00,31.410140,31.569771,-1.000000,-1.000000000e+00,-1.000000000e+00,-1.000000000e+00,row,0,-1.000000000e+00,-1.000000
scheme_a_jblock_rb,double,global,global,16384,16384,6,8,8,1,14,5.019840000e-04,1.012304410e-01,1.729800000e-05,1.017312230e-01,1.017312230e-01,-1.000000000e+00,-1.000000000e+00,31.664079,31.820720,-1.000000,-1.000000000e+00,-1.000000000e+00,-1.000000000e+00,row,0,-1.000000000e+00,-1.000000
scheme_a_jblock_rb,double,global,global,16384,16384,6,8,8,1,15,4.810060000e-04,1.024702060e-01,2.623400000e-05,1.029774460e-01,1.029774460e-01,-1.000000000e+00,-1.000000000e+00,31.280883,31.435727,-1.000000,-1.000000000e+00,-1.000000000e+00,-1.000000000e+00,row,0,-1.000000000e+00,-1.000000
scheme_a_jblock_rb,double,global,global,16384,16384,6,8,8,1,16,4.795670000e-04,1.016068190e-01,1.721000000e-05,1.021015150e-01,1.021015150e-01,-1.000000000e+00,-1.000000000e+00,31.549243,31.702847,-1.000000,-1.000000000e+00,-1.000000000e+00,-1.000000000e+00,row,0,-1.000000000e+00,-1.000000
scheme_a_jblock_rb,double,global,global,16384,16384,6,8,8,1,17,4.891470000e-04,1.033978600e-01,5.264400000e-05,1.038878530e-01,1.038878530e-01,-1.000000000e+00,-1.000000000e+00,31.006758,31.153696,-1.000000,-1.000000000e+00,-1.000000000e+00,-1.000000000e+00,row,0,-1.000000000e+00,-1.000000
scheme_a_jblock_rb,double,global,global,16384,16384,6,8,8,1,18,5.043340000e-04,1.015954660e-01,1.809100000e-05,1.021066200e-01,1.021066200e-01,-1.000000000e+00,-1.000000000e+00,31.547665,31.706390,-1.000000,-1.000000000e+00,-1.000000000e+00,-1.000000000e+00,row,0,-1.000000000e+00,-1.000000
scheme_a_jblock_rb,double,global,global,16384,16384,6,8,8,1,19,4.848230000e-04,1.031114060e-01,1.663700000e-05,1.036097990e-01,1.036097990e-01,-1.000000000e+00,-1.000000000e+00,31.089969,31.240244,-1.000000,-1.000000000e+00,-1.000000000e+00,-1.000000000e+00,row,0,-1.000000000e+00,-1.000000
scheme_a_jblock_rb,double,global,global,16384,16384,6,8,8,1,20,4.864520000e-04,1.033006510e-01,1.870400000e-05,1.037920590e-01,1.037920590e-01,-1.000000000e+00,-1.000000000e+00,31.035375,31.183012,-1.000000,-1.000000000e+00,-1.000000000e+00,-1.000000000e+00,row,0,-1.000000000e+00,-1.000000
scheme_a_jblock_rb,double,global,global,16384,16384,8,8,8,1,1,6.919610000e-04,1.562041870e-01,2.510100000e-05,1.569110420e-01,1.569110420e-01,-1.000000000e+00,-1.000000000e+00,27.371989,27.495853,-1.000000,-1.000000000e+00,-1.000000000e+00,-1.000000000e+00,row,0,-1.000000000e+00,-1.000000
scheme_a_jblock_rb,double,global,global,16384,16384,8,8,8,1,2,6.773440000e-04,1.573599340e-01,2.762100000e-05,1.580576840e-01,1.580576840e-01,-1.000000000e+00,-1.000000000e+00,27.173417,27.293906,-1.000000,-1.000000000e+00,-1.000000000e+00,-1.000000000e+00,row,0,-1.000000000e+00,-1.000000
scheme_a_jblock_rb,double,global,global,16384,16384,8,8,8,1,3,6.780050000e-04,1.558533150e-01,2.480400000e-05,1.565440990e-01,1.565440990e-01,-1.000000000e+00,-1.000000000e+00,27.436149,27.557754,-1.000000,-1.000000000e+00,-1.000000000e+00,-1.000000000e+00,row,0,-1.000000000e+00,-1.000000
scheme_a_jblock_rb,double,global,global,16384,16384,8,8,8,1,4,6.610390000e-04,1.586342020e-01,6.637100000e-05,1.593122980e-01,1.593122980e-01,-1.000000000e+00,-1.000000000e+00,26.959421,27.074661,-1.000000,-1.000000000e+00,-1.000000000e+00,-1.000000000e+00,row,0,-1.000000000e+00,-1.000000
scheme_a_jblock_rb,double,global,global,16384,16384,8,8,8,1,5,7.891580000e-04,1.579774080e-01,6.164600000e-05,1.586967590e-01,1.586967590e-01,-1.000000000e+00,-1.000000000e+00,27.063989,27.187225,-1.000000,-1.000000000e+00,-1.000000000e+00,-1.000000000e+00,row,0,-1.000000000e+00,-1.000000
scheme_a_jblock_rb,double,global,global,16384,16384,8,8,8,1,6,7.871530000e-04,1.568837010e-01,2.536400000e-05,1.575731730e-01,1.575731730e-01,-1.000000000e+00,-1.000000000e+00,27.256970,27.376759,-1.000000,-1.000000000e+00,-1.000000000e+00,-1.000000000e+00,row,0,-1.000000000e+00,-1.000000
scheme_a_jblock_rb,double,global,global,16384,16384,8,8,8,1,7,6.568040000e-04,1.591079200e-01,2.507700000e-05,1.597836440e-01,1.597836440e-01,-1.000000000e+00,-1.000000000e+00,26.879893,26.994051,-1.000000,-1.000000000e+00,-1.000000000e+00,-1.000000000e+00,row,0,-1.000000000e+00,-1.000000
scheme_a_jblock_rb,double,global,global,16384,16384,8,8,8,1,8,7.157040000e-04,1.598549100e-01,3.211800000e-05,1.606021900e-01,1.606021900e-01,-1.000000000e+00,-1.000000000e+00,26.742894,26.867910,-1.000000,-1.000000000e+00,-1.000000000e+00,-1.000000000e+00,row,0,-1.000000000e+00,-1.000000
scheme_a_jblock_rb,double,global,global,16384,16384,8,8,8,1,9,7.212050000e-04,1.566969530e-01,5.646200000e-05,1.574322020e-01,1.574322020e-01,-1.000000000e+00,-1.000000000e+00,27.281377,27.409386,-1.000000,-1.000000000e+00,-1.000000000e+00,-1.000000000e+00,row,0,-1.000000000e+00,-1.000000
scheme_a_jblock_rb,double,global,global,16384,16384,8,8,8,1,10,6.868200000e-04,1.562541040e-01,2.522800000e-05,1.569006090e-01,1.569006090e-01,-1.000000000e+00,-1.000000000e+00,27.373809,27.487069,-1.000000,-1.000000000e+00,-1.000000000e+00,-1.000000000e+00,row,0,-1.000000000e+00,-1.000000
scheme_a_jblock_rb,double,global,global,16384,16384,8,8,8,1,11,6.667360000e-04,1.565113860e-01,2.398800000e-05,1.571839590e-01,1.571839590e-01,-1.000000000e+00,-1.000000000e+00,27.324463,27.441884,-1.000000,-1.000000000e+00,-1.000000000e+00,-1.000000000e+00,row,0,-1.000000000e+00,-1.000000
scheme_a_jblock_rb,double,global,global,16384,16384,8,8,8,1,12,6.865970000e-04,1.562930620e-01,2.655500000e-05,1.569983430e-01,1.569983430e-01,-1.000000000e+00,-1.000000000e+00,27.356768,27.480217,-1.000000,-1.000000000e+00,-1.000000000e+00,-1.000000000e+00,row,0,-1.000000000e+00,-1.000000
scheme_a_jblock_rb,double,global,global,16384,16384,8,8,8,1,13,6.799930000e-04,1.565152280e-01,3.401100000e-05,1.572120760e-01,1.572120760e-01,-1.000000000e+00,-1.000000000e+00,27.319576,27.441210,-1.000000,-1.000000000e+00,-1.000000000e+00,-1.000000000e+00,row,0,-1.000000000e+00,-1.000000
scheme_a_jblock_rb,double,global,global,16384,16384,8,8,8,1,14,6.721610000e-04,1.584289400e-01,5.798800000e-05,1.591003910e-01,1.591003910e-01,-1.000000000e+00,-1.000000000e+00,26.995328,27.109740,-1.000000,-1.000000000e+00,-1.000000000e+00,-1.000000000e+00,row,0,-1.000000000e+00,-1.000000
scheme_a_jblock_rb,double,global,global,16384,16384,8,8,8,1,15,6.622830000e-04,1.567257870e-01,3.324800000e-05,1.573968020e-01,1.573968020e-01,-1.000000000e+00,-1.000000000e+00,27.287513,27.404343,-1.000000,-1.000000000e+00,-1.000000000e+00,-1.000000000e+00,row,0,-1.000000000e+00,-1.000000
scheme_a_jblock_rb,double,global,global,16384,16384,8,8,8,1,16,6.973900000e-04,1.537890600e-01,6.240200000e-05,1.545488520e-01,1.545488520e-01,-1.000000000e+00,-1.000000000e+00,27.790354,27.927652,-1.000000,-1.000000000e+00,-1.000000000e+00,-1.000000000e+00,row,0,-1.000000000e+00,-1.000000
scheme_a_jblock_rb,double,global,global,16384,16384,8,8,8,1,17,6.643250000e-04,1.543941790e-01,2.409800000e-05,1.550811650e-01,1.550811650e-01,-1.000000000e+00,-1.000000000e+00,27.694964,27.818194,-1.000000,-1.000000000e+00,-1.000000000e+00,-1.000000000e+00,row,0,-1.000000000e+00,-1.000000
scheme_a_jblock_rb,double,global,global,16384,16384,8,8,8,1,18,6.568940000e-04,1.546203380e-01,4.660200000e-05,1.552989140e-01,1.552989140e-01,-1.000000000e+00,-1.000000000e+00,27.656132,27.777506,-1.000000,-1.000000000e+00,-1.000000000e+00,-1.000000000e+00,row,0,-1.000000000e+00,-1.000000
scheme_a_jblock_rb,double,global,global,16384,16384,8,8,8,1,19,7.625070000e-04,1.533631610e-01,2.360600000e-05,1.541370520e-01,1.541370520e-01,-1.000000000e+00,-1.000000000e+00,27.864600,28.005208,-1.000000,-1.000000000e+00,-1.000000000e+00,-1.000000000e+00,row,0,-1.000000000e+00,-1.000000
scheme_a_jblock_rb,double,global,global,16384,16384,8,8,8,1,20,6.726560000e-04,1.552892030e-01,2.744300000e-05,1.559853010e-01,1.559853010e-01,-1.000000000e+00,-1.000000000e+00,27.534436,27.657862,-1.000000,-1.000000000e+00,-1.000000000e+00,-1.000000000e+00,row,0,-1.000000000e+00,-1.000000
scheme_a_jblock_rb,double,global,global,16384,16384,20,8,8,1,1,9.461600000e-04,3.858312120e-01,1.662380000e-04,3.868823170e-01,3.868823170e-01,-1.000000000e+00,-1.000000000e+00,27.753706,27.829315,-1.000000,-1.000000000e+00,-1.000000000e+00,-1.000000000e+00,row,0,-1.000000000e+00,-1.000000
scheme_a_jblock_rb,double,global,global,16384,16384,20,8,8,1,2,9.767810000e-04,3.845554260e-01,5.459500000e-05,3.855792970e-01,3.855792970e-01,-1.000000000e+00,-1.000000000e+00,27.847497,27.921640,-1.000000,-1.000000000e+00,-1.000000000e+00,-1.000000000e+00,row,0,-1.000000000e+00,-1.000000
scheme_a_jblock_rb,double,global,global,16384,16384,20,8,8,1,3,9.463330000e-04,3.843415670e-01,1.383920000e-04,3.853400810e-01,3.853400810e-01,-1.000000000e+00,-1.000000000e+00,27.864784,27.937177,-1.000000,-1.000000000e+00,-1.000000000e+00,-1.000000000e+00,row,0,-1.000000000e+00,-1.000000
scheme_a_jblock_rb,double,global,global,16384,16384,20,8,8,1,4,1.064271000e-03,3.855351490e-01,5.785200000e-05,3.865248720e-01,3.865248720e-01,-1.000000000e+00,-1.000000000e+00,27.779372,27.850686,-1.000000,-1.000000000e+00,-1.000000000e+00,-1.000000000e+00,row,0,-1.000000000e+00,-1.000000
scheme_a_jblock_rb,double,global,global,16384,16384,20,8,8,1,5,9.675140000e-04,3.839126450e-01,1.538020000e-04,3.850109690e-01,3.850109690e-01,-1.000000000e+00,-1.000000000e+00,27.888603,27.968389,-1.000000,-1.000000000e+00,-1.000000000e+00,-1.000000000e+00,row,0,-1.000000000e+00,-1.000000
scheme_a_jblock_rb,double,global,global,16384,16384,20,8,8,1,6,9.579130000e-04,3.849542780e-01,1.602830000e-04,3.859457250e-01,3.859457250e-01,-1.000000000e+00,-1.000000000e+00,27.821058,27.892711,-1.000000,-1.000000000e+00,-1.000000000e+00,-1.000000000e+00,row,0,-1.000000000e+00,-1.000000
scheme_a_jblock_rb,double,global,global,16384,16384,20,8,8,1,7,9.568830000e-04,3.877341320e-01,5.307300000e-05,3.887390150e-01,3.887390150e-01,-1.000000000e+00,-1.000000000e+00,27.621149,27.692734,-1.000000,-1.000000000e+00,-1.000000000e+00,-1.000000000e+00,row,0,-1.000000000e+00,-1.000000
scheme_a_jblock_rb,double,global,global,16384,16384,20,8,8,1,8,9.557260000e-04,3.832714580e-01,5.695000000e-05,3.842733010e-01,3.842733010e-01,-1.000000000e+00,-1.000000000e+00,27.942140,28.015178,-1.000000,-1.000000000e+00,-1.000000000e+00,-1.000000000e+00,row,0,-1.000000000e+00,-1.000000
scheme_a_jblock_rb,double,global,global,16384,16384,20,8,8,1,9,9.431660000e-04,3.859220430e-01,5.459700000e-05,3.869077100e-01,3.869077100e-01,-1.000000000e+00,-1.000000000e+00,27.751885,27.822765,-1.000000,-1.000000000e+00,-1.000000000e+00,-1.000000000e+00,row,0,-1.000000000e+00,-1.000000
scheme_a_jblock_rb,double,global,global,16384,16384,20,8,8,1,10,9.322540000e-04,3.846458090e-01,5.439700000e-05,3.856287740e-01,3.856287740e-01,-1.000000000e+00,-1.000000000e+00,27.843924,27.915079,-1.000000,-1.000000000e+00,-1.000000000e+00,-1.000000000e+00,row,0,-1.000000000e+00,-1.000000
scheme_a_jblock_rb,double,global,global,16384,16384,20,8,8,1,11,9.563700000e-04,3.899771760e-01,1.495410000e-04,3.909846630e-01,3.909846630e-01,-1.000000000e+00,-1.000000000e+00,27.462505,27.533453,-1.000000,-1.000000000e+00,-1.000000000e+00,-1.000000000e+00,row,0,-1.000000000e+00,-1.000000
scheme_a_jblock_rb,double,global,global,16384,16384,20,8,8,1,12,9.719070000e-04,3.860784240e-01,5.544500000e-05,3.870964670e-01,3.870964670e-01,-1.000000000e+00,-1.000000000e+00,27.738352,27.811495,-1.000000,-1.000000000e+00,-1.000000000e+00,-1.000000000e+00,row,0,-1.000000000e+00,-1.000000
scheme_a_jblock_rb,double,global,global,16384,16384,20,8,8,1,13,9.367050000e-04,3.863297200e-01,1.459540000e-04,3.873105300e-01,3.873105300e-01,-1.000000000e+00,-1.000000000e+00,27.723022,27.793405,-1.000000,-1.000000000e+00,-1.000000000e+00,-1.000000000e+00,row,0,-1.000000000e+00,-1.000000
scheme_a_jblock_rb,double,global,global,16384,16384,20,8,8,1,14,9.562020000e-04,3.852201910e-01,5.486900000e-05,3.862202470e-01,3.862202470e-01,-1.000000000e+00,-1.000000000e+00,27.801283,27.873457,-1.000000,-1.000000000e+00,-1.000000000e+00,-1.000000000e+00,row,0,-1.000000000e+00,-1.000000
scheme_a_jblock_rb,double,global,global,16384,16384,20,8,8,1,15,9.429350000e-04,3.934302000e-01,1.643800000e-04,3.944261890e-01,3.944261890e-01,-1.000000000e+00,-1.000000000e+00,27.222884,27.291800,-1.000000,-1.000000000e+00,-1.000000000e+00,-1.000000000e+00,row,0,-1.000000000e+00,-1.000000
scheme_a_jblock_rb,double,global,global,16384,16384,20,8,8,1,16,9.599420000e-04,3.967427470e-01,5.687000000e-05,3.977431210e-01,3.977431210e-01,-1.000000000e+00,-1.000000000e+00,26.995862,27.063931,-1.000000,-1.000000000e+00,-1.000000000e+00,-1.000000000e+00,row,0,-1.000000000e+00,-1.000000
scheme_a_jblock_rb,double,global,global,16384,16384,20,8,8,1,17,9.646590000e-04,3.979560160e-01,5.402600000e-05,3.989739380e-01,3.989739380e-01,-1.000000000e+00,-1.000000000e+00,26.912581,26.981420,-1.000000,-1.000000000e+00,-1.000000000e+00,-1.000000000e+00,row,0,-1.000000000e+00,-1.000000
scheme_a_jblock_rb,double,global,global,16384,16384,20,8,8,1,18,9.647330000e-04,4.000830690e-01,1.664240000e-04,4.011999610e-01,4.011999610e-01,-1.000000000e+00,-1.000000000e+00,26.763258,26.837972,-1.000000,-1.000000000e+00,-1.000000000e+00,-1.000000000e+00,row,0,-1.000000000e+00,-1.000000
scheme_a_jblock_rb,double,global,global,16384,16384,20,8,8,1,19,9.908670000e-04,4.004762330e-01,5.838800000e-05,4.015039570e-01,4.015039570e-01,-1.000000000e+00,-1.000000000e+00,26.742995,26.811624,-1.000000,-1.000000000e+00,-1.000000000e+00,-1.000000000e+00,row,0,-1.000000000e+00,-1.000000
scheme_a_jblock_rb,double,global,global,16384,16384,20,8,8,1,20,9.587240000e-04,3.959163400e-01,1.574750000e-04,3.969232980e-01,3.969232980e-01,-1.000000000e+00,-1.000000000e+00,27.051620,27.120422,-1.000000,-1.000000000e+00,-1.000000000e+00,-1.000000000e+00,row,0,-1.000000000e+00,-1.000000
scheme_a_jblock_rb,double,global,global,16384,16384,32,8,8,1,1,2.316174000e-03,7.374622950e-01,2.641140000e-04,7.398270870e-01,7.398270870e-01,-1.000000000e+00,-1.000000000e+00,23.221466,23.295929,-1.000000,-1.000000000e+00,-1.000000000e+00,-1.000000000e+00,row,0,-1.000000000e+00,-1.000000
scheme_a_jblock_rb,double,global,global,16384,16384,32,8,8,1,2,2.266225000e-03,7.264992440e-01,9.095300000e-05,7.288536920e-01,7.288536920e-01,-1.000000000e+00,-1.000000000e+00,23.571081,23.647470,-1.000000,-1.000000000e+00,-1.000000000e+00,-1.000000000e+00,row,0,-1.000000000e+00,-1.000000
scheme_a_jblock_rb,double,global,global,16384,16384,32,8,8,1,3,2.271864000e-03,7.308187950e-01,3.109360000e-04,7.334013620e-01,7.334013620e-01,-1.000000000e+00,-1.000000000e+00,23.424921,23.507700,-1.000000,-1.000000000e+00,-1.000000000e+00,-1.000000000e+00,row,0,-1.000000000e+00,-1.000000
scheme_a_jblock_rb,double,global,global,16384,16384,32,8,8,1,4,2.492455000e-03,7.377713220e-01,1.004010000e-04,7.400943990e-01,7.400943990e-01,-1.000000000e+00,-1.000000000e+00,23.213078,23.286171,-1.000000,-1.000000000e+00,-1.000000000e+00,-1.000000000e+00,row,0,-1.000000000e+00,-1.000000
scheme_a_jblock_rb,double,global,global,16384,16384,32,8,8,1,5,2.274715000e-03,7.590255080e-01,2.642740000e-04,7.613883700e-01,7.613883700e-01,-1.000000000e+00,-1.000000000e+00,22.563871,22.634113,-1.000000,-1.000000000e+00,-1.000000000e+00,-1.000000000e+00,row,0,-1.000000000e+00,-1.000000
scheme_a_jblock_rb,double,global,global,16384,16384,32,8,8,1,6,2.292342000e-03,7.622716840e-01,2.682050000e-04,7.645978830e-01,7.645978830e-01,-1.000000000e+00,-1.000000000e+00,22.469156,22.537724,-1.000000,-1.000000000e+00,-1.000000000e+00,-1.000000000e+00,row,0,-1.000000000e+00,-1.000000
scheme_a_jblock_rb,double,global,global,16384,16384,32,8,8,1,7,2.243858000e-03,7.393535020e-01,2.628030000e-04,7.418560970e-01,7.418560970e-01,-1.000000000e+00,-1.000000000e+00,23.157954,23.236340,-1.000000,-1.000000000e+00,-1.000000000e+00,-1.000000000e+00,row,0,-1.000000000e+00,-1.000000
scheme_a_jblock_rb,double,global,global,16384,16384,32,8,8,1,8,2.242056000e-03,7.379101240e-01,2.800280000e-04,7.402452900e-01,7.402452900e-01,-1.000000000e+00,-1.000000000e+00,23.208346,23.281791,-1.000000,-1.000000000e+00,-1.000000000e+00,-1.000000000e+00,row,0,-1.000000000e+00,-1.000000
scheme_a_jblock_rb,double,global,global,16384,16384,32,8,8,1,9,2.308876000e-03,7.369746440e-01,8.787700000e-05,7.393298140e-01,7.393298140e-01,-1.000000000e+00,-1.000000000e+00,23.237084,23.311344,-1.000000,-1.000000000e+00,-1.000000000e+00,-1.000000000e+00,row,0,-1.000000000e+00,-1.000000
scheme_a_jblock_rb,double,global,global,16384,16384,32,8,8,1,10,2.253958000e-03,7.387623680e-01,2.674340000e-04,7.412817280e-01,7.412817280e-01,-1.000000000e+00,-1.000000000e+00,23.175897,23.254933,-1.000000,-1.000000000e+00,-1.000000000e+00,-1.000000000e+00,row,0,-1.000000000e+00,-1.000000
scheme_a_jblock_rb,double,global,global,16384,16384,32,8,8,1,11,2.363376000e-03,7.392011450e-01,8.965600000e-05,7.415673610e-01,7.415673610e-01,-1.000000000e+00,-1.000000000e+00,23.166971,23.241129,-1.000000,-1.000000000e+00,-1.000000000e+00,-1.000000000e+00,row,0,-1.000000000e+00,-1.000000
scheme_a_jblock_rb,double,global,global,16384,16384,32,8,8,1,12,2.267636000e-03,7.645421240e-01,9.156500000e-05,7.668773030e-01,7.668773030e-01,-1.000000000e+00,-1.000000000e+00,22.402370,22.470795,-1.000000,-1.000000000e+00,-1.000000000e+00,-1.000000000e+00,row,0,-1.000000000e+00,-1.000000
scheme_a_jblock_rb,double,global,global,16384,16384,32,8,8,1,13,2.279872000e-03,7.735325100e-01,2.981790000e-04,7.758698980e-01,7.758698980e-01,-1.000000000e+00,-1.000000000e+00,22.142719,22.209628,-1.000000,-1.000000000e+00,-1.000000000e+00,-1.000000000e+00,row,0,-1.000000000e+00,-1.000000
scheme_a_jblock_rb,double,global,global,16384,16384,32,8,8,1,14,2.275896000e-03,7.565882430e-01,9.651900000e-05,7.589442260e-01,7.589442260e-01,-1.000000000e+00,-1.000000000e+00,22.636537,22.707026,-1.000000,-1.000000000e+00,-1.000000000e+00,-1.000000000e+00,row,0,-1.000000000e+00,-1.000000
scheme_a_jblock_rb,double,global,global,16384,16384,32,8,8,1,15,2.350784000e-03,7.235556110e-01,2.686260000e-04,7.258803220e-01,7.258803220e-01,-1.000000000e+00,-1.000000000e+00,23.667633,23.743675,-1.000000,-1.000000000e+00,-1.000000000e+00,-1.000000000e+00,row,0,-1.000000000e+00,-1.000000
scheme_a_jblock_rb,double,global,global,16384,16384,32,8,8,1,16,2.279742000e-03,7.618454900e-01,2.757950000e-04,7.641925180e-01,7.641925180e-01,-1.000000000e+00,-1.000000000e+00,22.481075,22.550333,-1.000000,-1.000000000e+00,-1.000000000e+00,-1.000000000e+00,row,0,-1.000000000e+00,-1.000000
scheme_a_jblock_rb,double,global,global,16384,16384,32,8,8,1,17,2.341368000e-03,7.491294930e-01,9.043000000e-05,7.515242050e-01,7.515242050e-01,-1.000000000e+00,-1.000000000e+00,22.860034,22.933110,-1.000000,-1.000000000e+00,-1.000000000e+00,-1.000000000e+00,row,0,-1.000000000e+00,-1.000000
scheme_a_jblock_rb,double,global,global,16384,16384,32,8,8,1,18,2.286304000e-03,7.250706680e-01,8.885500000e-05,7.274445060e-01,7.274445060e-01,-1.000000000e+00,-1.000000000e+00,23.616742,23.694062,-1.000000,-1.000000000e+00,-1.000000000e+00,-1.000000000e+00,row,0,-1.000000000e+00,-1.000000
scheme_a_jblock_rb,double,global,global,16384,16384,32,8,8,1,19,2.286179000e-03,7.153657050e-01,8.963000000e-05,7.177383020e-01,7.177383020e-01,-1.000000000e+00,-1.000000000e+00,23.936119,24.015506,-1.000000,-1.000000000e+00,-1.000000000e+00,-1.000000000e+00,row,0,-1.000000000e+00,-1.000000
scheme_a_jblock_rb,double,global,global,16384,16384,32,8,8,1,20,2.279608000e-03,7.556041000e-01,9.170800000e-05,7.579526820e-01,7.579526820e-01,-1.000000000e+00,-1.000000000e+00,22.666150,22.736601,-1.000000,-1.000000000e+00,-1.000000000e+00,-1.000000000e+00,row,0,-1.000000000e+00,-1.000000
