kernel,scalar,a_mode,x_mode,M,N,k,P,pr,pc,rep,t_bcast_s,t_local_s,t_reduce_s,t_total_s,t_official_s,t_kernel_s,t_transfer_runtime_overhead_s,gflops,gflops_compute,gflops_kernel,t_h2d_X_s,t_d2h_Y_s,t_launch_overhead_s,x_layout,group_timing,t_local_group_s,gflops_local_group
scheme_a,double,global,global,4096,4096,3,8,1,8,1,6.280000000e-07,3.947261000e-03,3.362620000e-04,4.050773000e-03,4.050773000e-03,-1.000000000e+00,-1.000000000e+00,24.850392,25.502062,-1.000000,-1.000000000e+00,-1.000000000e+00,-1.000000000e+00,row,0,-1.000000000e+00,-1.000000
scheme_a,double,global,global,4096,4096,3,8,1,8,2,2.900000000e-07,3.936476000e-03,3.444070000e-04,4.035749000e-03,4.035749000e-03,-1.000000000e+00,-1.000000000e+00,24.942903,25.571932,-1.000000,-1.000000000e+00,-1.000000000e+00,-1.000000000e+00,row,0,-1.000000000e+00,-1.000000
scheme_a,double,global,global,4096,4096,3,8,1,8,3,4.940000000e-07,3.874853000e-03,3.053730000e-04,3.977723000e-03,3.977723000e-03,-1.000000000e+00,-1.000000000e+00,25.306764,25.978610,-1.000000,-1.000000000e+00,-1.000000000e+00,-1.000000000e+00,row,0,-1.000000000e+00,-1.000000
scheme_a,double,global,global,4096,4096,3,8,1,8,4,5.590000000e-07,3.899855000e-03,3.551890000e-04,4.001345000e-03,4.001345000e-03,-1.000000000e+00,-1.000000000e+00,25.157365,25.812061,-1.000000,-1.000000000e+00,-1.000000000e+00,-1.000000000e+00,row,0,-1.000000000e+00,-1.000000
scheme_a,double,global,global,4096,4096,3,8,1,8,5,4.990000000e-07,3.935071000e-03,3.692510000e-04,4.029080000e-03,4.029080000e-03,-1.000000000e+00,-1.000000000e+00,24.984189,25.581062,-1.000000,-1.000000000e+00,-1.000000000e+00,-1.000000000e+00,row,0,-1.000000000e+00,-1.000000
scheme_a,double,global,global,4096,4096,3,8,1,8,6,3.390000000e-07,3.917418000e-03,3.446530000e-04,4.017203000e-03,4.017203000e-03,-1.000000000e+00,-1.000000000e+00,25.058056,25.696338,-1.000000,-1.000000000e+00,-1.000000000e+00,-1.000000000e+00,row,0,-1.000000000e+00,-1.000000
scheme_a,double,global,global,4096,4096,3,8,1,8,7,3.530000000e-07,3.932450000e-03,4.238450000e-04,4.033209000e-03,4.033209000e-03,-1.000000000e+00,-1.000000000e+00,24.958611,25.598112,-1.000000,-1.000000000e+00,-1.000000000e+00,-1.000000000e+00,row,0,-1.000000000e+00,-1.000000
scheme_a,double,global,global,4096,4096,3,8,1,8,8,4.070000000e-07,3.946480000e-03,3.796090000e-04,4.050593000e-03,4.050593000e-03,-1.000000000e+00,-1.000000000e+00,24.851496,25.507109,-1.000000,-1.000000000e+00,-1.000000000e+00,-1.000000000e+00,row,0,-1.000000000e+00,-1.000000
scheme_a,double,global,global,4096,4096,3,8,1,8,9,2.780000000e-07,3.916986000e-03,3.235860000e-04,4.012032000e-03,4.012032000e-03,-1.000000000e+00,-1.000000000e+00,25.090352,25.699172,-1.000000,-1.000000000e+00,-1.000000000e+00,-1.000000000e+00,row,0,-1.000000000e+00,-1.000000
scheme_a,double,global,global,4096,4096,3,8,1,8,10,4.570000000e-07,3.939991000e-03,3.974810000e-04,4.037073000e-03,4.037073000e-03,-1.000000000e+00,-1.000000000e+00,24.934723,25.549118,-1.000000,-1.000000000e+00,-1.000000000e+00,-1.000000000e+00,row,0,-1.000000000e+00,-1.000000
scheme_a,double,global,global,4096,4096,3,8,1,8,11,3.760000000e-07,3.952520000e-03,3.870130000e-04,4.048886000e-03,4.048886000e-03,-1.000000000e+00,-1.000000000e+00,24.861973,25.468131,-1.000000,-1.000000000e+00,-1.000000000e+00,-1.000000000e+00,row,0,-1.000000000e+00,-1.000000
scheme_a,double,global,global,4096,4096,3,8,1,8,12,3.520000000e-07,3.975242000e-03,4.124220000e-04,4.089597000e-03,4.089597000e-03,-1.000000000e+00,-1.000000000e+00,24.614478,25.322558,-1.000000,-1.000000000e+00,-1.000000000e+00,-1.000000000e+00,row,0,-1.000000000e+00,-1.000000
scheme_a,double,global,global,4096,4096,3,8,1,8,13,6.680000000e-07,3.882803000e-03,3.783070000e-04,3.984105000e-03,3.984105000e-03,-1.000000000e+00,-1.000000000e+00,25.266226,25.925419,-1.000000,-1.000000000e+00,-1.000000000e+00,-1.000000000e+00,row,0,-1.000000000e+00,-1.000000
scheme_a,double,global,global,4096,4096,3,8,1,8,14,4.527000000e-06,3.925709000e-03,3.809940000e-04,4.030111000e-03,4.030111000e-03,-1.000000000e+00,-1.000000000e+00,24.977797,25.642068,-1.000000,-1.000000000e+00,-1.000000000e+00,-1.000000000e+00,row,0,-1.000000000e+00,-1.000000
scheme_a,double,global,global,4096,4096,3,8,1,8,15,4.840000000e-07,3.908964000e-03,3.611800000e-04,4.007015000e-03,4.007015000e-03,-1.000000000e+00,-1.000000000e+00,25.121767,25.751912,-1.000000,-1.000000000e+00,-1.000000000e+00,-1.000000000e+00,row,0,-1.000000000e+00,-1.000000
scheme_a,double,global,global,4096,4096,3,8,1,8,16,4.970000000e-07,3.912327000e-03,4.043690000e-04,4.015255000e-03,4.015255000e-03,-1.000000000e+00,-1.000000000e+00,25.070212,25.729776,-1.000000,-1.000000000e+00,-1.000000000e+00,-1.000000000e+00,row,0,-1.000000000e+00,-1.000000
scheme_a,double,global,global,4096,4096,3,8,1,8,17,2.750000000e-07,3.901717000e-03,3.614650000e-04,4.001509000e-03,4.001509000e-03,-1.000000000e+00,-1.000000000e+00,25.156334,25.799743,-1.000000,-1.000000000e+00,-1.000000000e+00,-1.000000000e+00,row,0,-1.000000000e+00,-1.000000
scheme_a,double,global,global,4096,4096,3,8,1,8,18,3.920000000e-07,3.960264000e-03,4.415950000e-04,4.073640000e-03,4.073640000e-03,-1.000000000e+00,-1.000000000e+00,24.710896,25.418330,-1.000000,-1.000000000e+00,-1.000000000e+00,-1.000000000e+00,row,0,-1.000000000e+00,-1.000000
scheme_a,double,global,global,4096,4096,3,8,1,8,19,2.910000000e-07,3.924074000e-03,4.032410000e-04,4.022304000e-03,4.022304000e-03,-1.000000000e+00,-1.000000000e+00,25.026277,25.652752,-1.000000,-1.000000000e+00,-1.000000000e+00,-1.000000000e+00,row,0,-1.000000000e+00,-1.000000
scheme_a,double,global,global,4096,4096,3,8,1,8,20,4.210000000e-07,3.925877000e-03,3.471300000e-04,4.026370000e-03,4.026370000e-03,-1.000000000e+00,-1.000000000e+00,25.001005,25.640970,-1.000000,-1.000000000e+00,-1.000000000e+00,-1.000000000e+00,row,0,-1.000000000e+00,-1.000000
scheme_a,double,global,global,4096,4096,6,8,1,8,1,4.080000000e-07,3.982328000e-03,3.504890000e-04,4.296413000e-03,4.296413000e-03,-1.000000000e+00,-1.000000000e+00,46.859227,50.555000,-1.000000,-1.000000000e+00,-1.000000000e+00,-1.000000000e+00,row,0,-1.000000000e+00,-1.000000
scheme_a,double,global,global,4096,4096,6,8,1,8,2,5.430000000e-07,3.963179000e-03,3.175480000e-04,4.281013000e-03,4.281013000e-03,-1.000000000e+00,-1.000000000e+00,47.027793,50.799268,-1.000000,-1.000000000e+00,-1.000000000e+00,-1.000000000e+00,row,0,-1.000000000e+00,-1.000000
scheme_a,double,global,global,4096,4096,6,8,1,8,3,4.860000000e-07,4.058786000e-03,3.754600000e-04,4.395149000e-03,4.395149000e-03,-1.000000000e+00,-1.000000000e+00,45.806545,49.602662,-1.000000,-1.000000000e+00,-1.000000000e+00,-1.000000000e+00,row,0,-1.000000000e+00,-1.000000
scheme_a,double,global,global,4096,4096,6,8,1,8,4,4.760000000e-07,4.104343000e-03,3.411320000e-04,4.445730000e-03,4.445730000e-03,-1.000000000e+00,-1.000000000e+00,45.285384,49.052088,-1.000000,-1.000000000e+00,-1.000000000e+00,-1.000000000e+00,row,0,-1.000000000e+00,-1.000000
scheme_a,double,global,global,4096,4096,6,8,1,8,5,5.790000000e-07,4.033072000e-03,3.269150000e-04,4.349204000e-03,4.349204000e-03,-1.000000000e+00,-1.000000000e+00,46.290446,49.918918,-1.000000,-1.000000000e+00,-1.000000000e+00,-1.000000000e+00,row,0,-1.000000000e+00,-1.000000
scheme_a,double,global,global,4096,4096,6,8,1,8,6,3.950000000e-07,4.038438000e-03,3.281300000e-04,4.366853000e-03,4.366853000e-03,-1.000000000e+00,-1.000000000e+00,46.103359,49.852590,-1.000000,-1.000000000e+00,-1.000000000e+00,-1.000000000e+00,row,0,-1.000000000e+00,-1.000000
scheme_a,double,global,global,4096,4096,6,8,1,8,7,3.230000000e-07,4.076844000e-03,3.177480000e-04,4.394875000e-03,4.394875000e-03,-1.000000000e+00,-1.000000000e+00,45.809401,49.382952,-1.000000,-1.000000000e+00,-1.000000000e+00,-1.000000000e+00,row,0,-1.000000000e+00,-1.000000
scheme_a,double,global,global,4096,4096,6,8,1,8,8,4.100000000e-07,3.975105000e-03,5.002320000e-04,4.309542000e-03,4.309542000e-03,-1.000000000e+00,-1.000000000e+00,46.716471,50.646861,-1.000000,-1.000000000e+00,-1.000000000e+00,-1.000000000e+00,row,0,-1.000000000e+00,-1.000000
scheme_a,double,global,global,4096,4096,6,8,1,8,9,2.990000000e-07,4.126165000e-03,3.440040000e-04,4.470464000e-03,4.470464000e-03,-1.000000000e+00,-1.000000000e+00,45.034831,48.792666,-1.000000,-1.000000000e+00,-1.000000000e+00,-1.000000000e+00,row,0,-1.000000000e+00,-1.000000
scheme_a,double,global,global,4096,4096,6,8,1,8,10,3.560000000e-07,4.055747000e-03,4.221160000e-04,4.378817000e-03,4.378817000e-03,-1.000000000e+00,-1.000000000e+00,45.977393,49.639830,-1.000000,-1.000000000e+00,-1.000000000e+00,-1.000000000e+00,row,0,-1.000000000e+00,-1.000000
scheme_a,double,global,global,4096,4096,6,8,1,8,11,3.270000000e-07,4.071543000e-03,3.424910000e-04,4.410743000e-03,4.410743000e-03,-1.000000000e+00,-1.000000000e+00,45.644598,49.447247,-1.000000,-1.000000000e+00,-1.000000000e+00,-1.000000000e+00,row,0,-1.000000000e+00,-1.000000
scheme_a,double,global,global,4096,4096,6,8,1,8,12,3.910000000e-07,4.059235000e-03,3.830150000e-04,4.385312000e-03,4.385312000e-03,-1.000000000e+00,-1.000000000e+00,45.909297,49.597176,-1.000000,-1.000000000e+00,-1.000000000e+00,-1.000000000e+00,row,0,-1.000000000e+00,-1.000000
scheme_a,double,global,global,4096,4096,6,8,1,8,13,3.740000000e-07,4.021032000e-03,3.951670000e-04,4.356298000e-03,4.356298000e-03,-1.000000000e+00,-1.000000000e+00,46.215064,50.068388,-1.000000,-1.000000000e+00,-1.000000000e+00,-1.000000000e+00,row,0,-1.000000000e+00,-1.000000
scheme_a,double,global,global,4096,4096,6,8,1,8,14,1.033700000e-05,3.948546000e-03,3.493770000e-04,4.298248000e-03,4.298248000e-03,-1.000000000e+00,-1.000000000e+00,46.839222,50.987526,-1.000000,-1.000000000e+00,-1.000000000e+00,-1.000000000e+00,row,0,-1.000000000e+00,-1.000000
scheme_a,double,global,global,4096,4096,6,8,1,8,15,4.690000000e-07,4.045820000e-03,4.047490000e-04,4.358085000e-03,4.358085000e-03,-1.000000000e+00,-1.000000000e+00,46.196114,49.761629,-1.000000,-1.000000000e+00,-1.000000000e+00,-1.000000000e+00,row,0,-1.000000000e+00,-1.000000
scheme_a,double,global,global,4096,4096,6,8,1,8,16,3.240000000e-07,3.963041000e-03,3.350410000e-04,4.297052000e-03,4.297052000e-03,-1.000000000e+00,-1.000000000e+00,46.852259,50.801037,-1.000000,-1.000000000e+00,-1.000000000e+00,-1.000000000e+00,row,0,-1.000000000e+00,-1.000000
scheme_a,double,global,global,4096,4096,6,8,1,8,17,3.390000000e-07,3.986711000e-03,4.692450000e-04,4.321889000e-03,4.321889000e-03,-1.000000000e+00,-1.000000000e+00,46.583008,50.499420,-1.000000,-1.000000000e+00,-1.000000000e+00,-1.000000000e+00,row,0,-1.000000000e+00,-1.000000
scheme_a,double,global,global,4096,4096,6,8,1,8,18,5.680000000e-07,4.036595000e-03,3.756350000e-04,4.382141000e-03,4.382141000e-03,-1.000000000e+00,-1.000000000e+00,45.942518,49.875351,-1.000000,-1.000000000e+00,-1.000000000e+00,-1.000000000e+00,row,0,-1.000000000e+00,-1.000000
scheme_a,double,global,global,4096,4096,6,8,1,8,19,5.320000000e-07,3.956141000e-03,3.318130000e-04,4.264988000e-03,4.264988000e-03,-1.000000000e+00,-1.000000000e+00,47.204492,50.889640,-1.000000,-1.000000000e+00,-1.000000000e+00,-1.000000000e+00,row,0,-1.000000000e+00,-1.000000
scheme_a,double,global,global,4096,4096,6,8,1,8,20,5.760000000e-07,4.031940000e-03,3.794660000e-04,4.411723000e-03,4.411723000e-03,-1.000000000e+00,-1.000000000e+00,45.634459,49.932934,-1.000000,-1.000000000e+00,-1.000000000e+00,-1.000000000e+00,row,0,-1.000000000e+00,-1.000000
scheme_a,double,global,global,4096,4096,8,8,1,8,1,4.490000000e-07,4.102794000e-03,6.053170000e-04,4.570308000e-03,4.570308000e-03,-1.000000000e+00,-1.000000000e+00,58.734653,65.427476,-1.000000,-1.000000000e+00,-1.000000000e+00,-1.000000000e+00,row,0,-1.000000000e+00,-1.000000
scheme_a,double,global,global,4096,4096,8,8,1,8,2,3.310000000e-07,4.167286000e-03,5.798830000e-04,4.631134000e-03,4.631134000e-03,-1.000000000e+00,-1.000000000e+00,57.963224,64.414935,-1.000000,-1.000000000e+00,-1.000000000e+00,-1.000000000e+00,row,0,-1.000000000e+00,-1.000000
scheme_a,double,global,global,4096,4096,8,8,1,8,3,3.900000000e-07,4.182083000e-03,5.489210000e-04,4.643723000e-03,4.643723000e-03,-1.000000000e+00,-1.000000000e+00,57.806087,64.187023,-1.000000,-1.000000000e+00,-1.000000000e+00,-1.000000000e+00,row,0,-1.000000000e+00,-1.000000
scheme_a,double,global,global,4096,4096,8,8,1,8,4,3.240000000e-07,4.100464000e-03,4.695750000e-04,4.561169000e-03,4.561169000e-03,-1.000000000e+00,-1.000000000e+00,58.852337,65.464654,-1.000000,-1.000000000e+00,-1.000000000e+00,-1.000000000e+00,row,0,-1.000000000e+00,-1.000000
scheme_a,double,global,global,4096,4096,8,8,1,8,5,3.340000000e-07,4.144951000e-03,5.903770000e-04,4.628041000e-03,4.628041000e-03,-1.000000000e+00,-1.000000000e+00,58.001962,64.762034,-1.000000,-1.000000000e+00,-1.000000000e+00,-1.000000000e+00,row,0,-1.000000000e+00,-1.000000
scheme_a,double,global,global,4096,4096,8,8,1,8,6,3.400000000e-07,4.088819000e-03,5.690470000e-04,4.627641000e-03,4.627641000e-03,-1.000000000e+00,-1.000000000e+00,58.006975,65.651098,-1.000000,-1.000000000e+00,-1.000000000e+00,-1.000000000e+00,row,0,-1.000000000e+00,-1.000000
scheme_a,double,global,global,4096,4096,8,8,1,8,7,4.190000000e-07,4.153646000e-03,5.993080000e-04,4.640015000e-03,4.640015000e-03,-1.000000000e+00,-1.000000000e+00,57.852282,64.626465,-1.000000,-1.000000000e+00,-1.000000000e+00,-1.000000000e+00,row,0,-1.000000000e+00,-1.000000
scheme_a,double,global,global,4096,4096,8,8,1,8,8,3.670000000e-07,4.088324000e-03,5.401110000e-04,4.562021000e-03,4.562021000e-03,-1.000000000e+00,-1.000000000e+00,58.841346,65.659047,-1.000000,-1.000000000e+00,-1.000000000e+00,-1.000000000e+00,row,0,-1.000000000e+00,-1.000000
scheme_a,double,global,global,4096,4096,8,8,1,8,9,4.100000000e-07,4.088400000e-03,4.705860000e-04,4.522503000e-03,4.522503000e-03,-1.000000000e+00,-1.000000000e+00,59.355506,65.657826,-1.000000,-1.000000000e+00,-1.000000000e+00,-1.000000000e+00,row,0,-1.000000000e+00,-1.000000
scheme_a,double,global,global,4096,4096,8,8,1,8,10,3.440000000e-07,4.124150000e-03,4.831550000e-04,4.607540000e-03,4.607540000e-03,-1.000000000e+00,-1.000000000e+00,58.260038,65.088674,-1.000000,-1.000000000e+00,-1.000000000e+00,-1.000000000e+00,row,0,-1.000000000e+00,-1.000000
scheme_a,double,global,global,4096,4096,8,8,1,8,11,2.960000000e-07,4.106824000e-03,6.670840000e-04,4.657918000e-03,4.657918000e-03,-1.000000000e+00,-1.000000000e+00,57.629923,65.363272,-1.000000,-1.000000000e+00,-1.000000000e+00,-1.000000000e+00,row,0,-1.000000000e+00,-1.000000
scheme_a,double,global,global,4096,4096,8,8,1,8,12,3.570000000e-07,4.111209000e-03,6.503420000e-04,4.621454000e-03,4.621454000e-03,-1.000000000e+00,-1.000000000e+00,58.084632,65.293556,-1.000000,-1.000000000e+00,-1.000000000e+00,-1.000000000e+00,row,0,-1.000000000e+00,-1.000000
scheme_a,double,global,global,4096,4096,8,8,1,8,13,3.330000000e-07,4.074434000e-03,4.506700000e-04,4.525374000e-03,4.525374000e-03,-1.000000000e+00,-1.000000000e+00,59.317850,65.882882,-1.000000,-1.000000000e+00,-1.000000000e+00,-1.000000000e+00,row,0,-1.000000000e+00,-1.000000
scheme_a,double,global,global,4096,4096,8,8,1,8,14,4.690000000e-07,4.216490000e-03,6.908840000e-04,4.759408000e-03,4.759408000e-03,-1.000000000e+00,-1.000000000e+00,56.401018,63.663250,-1.000000,-1.000000000e+00,-1.000000000e+00,-1.000000000e+00,row,0,-1.000000000e+00,-1.000000
scheme_a,double,global,global,4096,4096,8,8,1,8,15,5.340000000e-07,4.111011000e-03,6.315070000e-04,4.595838000e-03,4.595838000e-03,-1.000000000e+00,-1.000000000e+00,58.408381,65.296701,-1.000000,-1.000000000e+00,-1.000000000e+00,-1.000000000e+00,row,0,-1.000000000e+00,-1.000000
scheme_a,double,global,global,4096,4096,8,8,1,8,16,5.640000000e-07,4.143024000e-03,5.213840000e-04,4.591545000e-03,4.591545000e-03,-1.000000000e+00,-1.000000000e+00,58.462991,64.792156,-1.000000,-1.000000000e+00,-1.000000000e+00,-1.000000000e+00,row,0,-1.000000000e+00,-1.000000
scheme_a,double,global,global,4096,4096,8,8,1,8,17,3.290000000e-07,4.119920000e-03,5.616780000e-04,4.599670000e-03,4.599670000e-03,-1.000000000e+00,-1.000000000e+00,58.359721,65.155502,-1.000000,-1.000000000e+00,-1.000000000e+00,-1.000000000e+00,row,0,-1.000000000e+00,-1.000000
scheme_a,double,global,global,4096,4096,8,8,1,8,18,3.075000000e-06,4.128129000e-03,4.824890000e-04,4.603338000e-03,4.603338000e-03,-1.000000000e+00,-1.000000000e+00,58.313219,65.025937,-1.000000,-1.000000000e+00,-1.000000000e+00,-1.000000000e+00,row,0,-1.000000000e+00,-1.000000
scheme_a,double,global,global,4096,4096,8,8,1,8,19,3.210000000e-07,4.046542000e-03,4.602260000e-04,4.507089000e-03,4.507089000e-03,-1.000000000e+00,-1.000000000e+00,59.558499,66.337000,-1.000000,-1.000000000e+00,-1.000000000e+00,-1.000000000e+00,row,0,-1.000000000e+00,-1.000000
scheme_a,double,global,global,4096,4096,8,8,1,8,20,3.649999999e-07,4.208705000e-03,6.809240000e-04,4.806061000e-03,4.806061000e-03,-1.000000000e+00,-1.000000000e+00,55.853527,63.781010,-1.000000,-1.000000000e+00,-1.000000000e+00,-1.000000000e+00,row,0,-1.000000000e+00,-1.000000
scheme_a,double,global,global,4096,4096,20,8,1,8,1,4.360000000e-07,5.321328000e-03,1.542073000e-03,6.863837000e-03,6.863837000e-03,-1.000000000e+00,-1.000000000e+00,97.771646,126.113000,-1.000000,-1.000000000e+00,-1.000000000e+00,-1.000000000e+00,row,0,-1.000000000e+00,-1.000000
scheme_a,double,global,global,4096,4096,20,8,1,8,2,3.780000000e-07,5.268985000e-03,1.563138000e-03,6.832501000e-03,6.832501000e-03,-1.000000000e+00,-1.000000000e+00,98.220057,127.365829,-1.000000,-1.000000000e+00,-1.000000000e+00,-1.000000000e+00,row,0,-1.000000000e+00,-1.000000
scheme_a,double,global,global,4096,4096,20,8,1,8,3,4.970000000e-07,5.320550000e-03,1.430159000e-03,6.751206000e-03,6.751206000e-03,-1.000000000e+00,-1.000000000e+00,99.402779,126.131441,-1.000000,-1.000000000e+00,-1.000000000e+00,-1.000000000e+00,row,0,-1.000000000e+00,-1.000000
scheme_a,double,global,global,4096,4096,20,8,1,8,4,6.190000000e-07,5.467588000e-03,1.435228000e-03,6.882074000e-03,6.882074000e-03,-1.000000000e+00,-1.000000000e+00,97.512558,122.739431,-1.000000,-1.000000000e+00,-1.000000000e+00,-1.000000000e+00,row,0,-1.000000000e+00,-1.000000
scheme_a,double,global,global,4096,4096,20,8,1,8,5,4.000000000e-07,5.379599000e-03,1.561913000e-03,6.941912000e-03,6.941912000e-03,-1.000000000e+00,-1.000000000e+00,96.672018,124.746963,-1.000000,-1.000000000e+00,-1.000000000e+00,-1.000000000e+00,row,0,-1.000000000e+00,-1.000000
scheme_a,double,global,global,4096,4096,20,8,1,8,6,3.720000000e-07,5.370478000e-03,1.560482000e-03,6.931332000e-03,6.931332000e-03,-1.000000000e+00,-1.000000000e+00,96.819578,124.958829,-1.000000,-1.000000000e+00,-1.000000000e+00,-1.000000000e+00,row,0,-1.000000000e+00,-1.000000
scheme_a,double,global,global,4096,4096,20,8,1,8,7,3.070000000e-07,5.436122000e-03,1.438251000e-03,6.874680000e-03,6.874680000e-03,-1.000000000e+00,-1.000000000e+00,97.617437,123.449886,-1.000000,-1.000000000e+00,-1.000000000e+00,-1.000000000e+00,row,0,-1.000000000e+00,-1.000000
scheme_a,double,global,global,4096,4096,20,8,1,8,8,4.070000000e-07,5.380826000e-03,1.462370000e-03,6.843603000e-03,6.843603000e-03,-1.000000000e+00,-1.000000000e+00,98.060720,124.718517,-1.000000,-1.000000000e+00,-1.000000000e+00,-1.000000000e+00,row,0,-1.000000000e+00,-1.000000
scheme_a,double,global,global,4096,4096,20,8,1,8,9,4.750000000e-07,5.413941000e-03,1.485232000e-03,6.899648000e-03,6.899648000e-03,-1.000000000e+00,-1.000000000e+00,97.264185,123.955662,-1.000000,-1.000000000e+00,-1.000000000e+00,-1.000000000e+00,row,0,-1.000000000e+00,-1.000000
scheme_a,double,global,global,4096,4096,20,8,1,8,10,4.450000000e-07,5.373142000e-03,1.601352000e-03,6.974939000e-03,6.974939000e-03,-1.000000000e+00,-1.000000000e+00,96.214267,124.896874,-1.000000,-1.000000000e+00,-1.000000000e+00,-1.000000000e+00,row,0,-1.000000000e+00,-1.000000
scheme_a,double,global,global,4096,4096,20,8,1,8,11,5.530000000e-07,5.408508000e-03,1.549489000e-03,6.958472000e-03,6.958472000e-03,-1.000000000e+00,-1.000000000e+00,96.441954,124.080179,-1.000000,-1.000000000e+00,-1.000000000e+00,-1.000000000e+00,row,0,-1.000000000e+00,-1.000000
scheme_a,double,global,global,4096,4096,20,8,1,8,12,3.540000000e-07,5.332862000e-03,1.470152000e-03,6.803368000e-03,6.803368000e-03,-1.000000000e+00,-1.000000000e+00,98.640650,125.840241,-1.000000,-1.000000000e+00,-1.000000000e+00,-1.000000000e+00,row,0,-1.000000000e+00,-1.000000
scheme_a,double,global,global,4096,4096,20,8,1,8,13,3.710000000e-07,5.297718000e-03,1.585399000e-03,6.883461000e-03,6.883461000e-03,-1.000000000e+00,-1.000000000e+00,97.492909,126.675040,-1.000000,-1.000000000e+00,-1.000000000e+00,-1.000000000e+00,row,0,-1.000000000e+00,-1.000000
scheme_a,double,global,global,4096,4096,20,8,1,8,14,5.300000000e-07,5.363541000e-03,1.468941000e-03,6.832792000e-03,6.832792000e-03,-1.000000000e+00,-1.000000000e+00,98.215874,125.120446,-1.000000,-1.000000000e+00,-1.000000000e+00,-1.000000000e+00,row,0,-1.000000000e+00,-1.000000
scheme_a,double,global,global,4096,4096,20,8,1,8,15,5.850000000e-07,5.257256000e-03,1.453047000e-03,6.710599000e-03,6.710599000e-03,-1.000000000e+00,-1.000000000e+00,100.004283,127.649983,-1.000000,-1.000000000e+00,-1.000000000e+00,-1.000000000e+00,row,0,-1.000000000e+00,-1.000000
scheme_a,double,global,global,4096,4096,20,8,1,8,16,5.070000000e-07,5.408070000e-03,1.445807000e-03,6.854241000e-03,6.854241000e-03,-1.000000000e+00,-1.000000000e+00,97.908527,124.090228,-1.000000,-1.000000000e+00,-1.000000000e+00,-1.000000000e+00,row,0,-1.000000000e+00,-1.000000
scheme_a,double,global,global,4096,4096,20,8,1,8,17,3.170000000e-07,5.291485000e-03,1.580987000e-03,6.872768000e-03,6.872768000e-03,-1.000000000e+00,-1.000000000e+00,97.644594,126.824254,-1.000000,-1.000000000e+00,-1.000000000e+00,-1.000000000e+00,row,0,-1.000000000e+00,-1.000000
scheme_a,double,global,global,4096,4096,20,8,1,8,18,3.190000000e-07,5.374714000e-03,1.481287000e-03,6.856259000e-03,6.856259000e-03,-1.000000000e+00,-1.000000000e+00,97.879710,124.860344,-1.000000,-1.000000000e+00,-1.000000000e+00,-1.000000000e+00,row,0,-1.000000000e+00,-1.000000
scheme_a,double,global,global,4096,4096,20,8,1,8,19,3.210000000e-07,5.420641000e-03,1.527749000e-03,6.948711000e-03,6.948711000e-03,-1.000000000e+00,-1.000000000e+00,96.577429,123.802451,-1.000000,-1.000000000e+00,-1.000000000e+00,-1.000000000e+00,row,0,-1.000000000e+00,-1.000000
scheme_a,double,global,global,4096,4096,20,8,1,8,20,2.920000000e-07,5.176219000e-03,1.576838000e-03,6.753348000e-03,6.753348000e-03,-1.000000000e+00,-1.000000000e+00,99.371251,129.648425,-1.000000,-1.000000000e+00,-1.000000000e+00,-1.000000000e+00,row,0,-1.000000000e+00,-1.000000
scheme_a,double,global,global,4096,4096,32,8,1,8,1,3.990000000e-07,9.368585000e-03,2.217952000e-03,1.158693600e-02,1.158693600e-02,-1.000000000e+00,-1.000000000e+00,92.668314,114.610886,-1.000000,-1.000000000e+00,-1.000000000e+00,-1.000000000e+00,row,0,-1.000000000e+00,-1.000000
scheme_a,double,global,global,4096,4096,32,8,1,8,2,2.880000000e-07,1.076660100e-02,2.585899000e-03,1.335278800e-02,1.335278800e-02,-1.000000000e+00,-1.000000000e+00,80.413306,99.728951,-1.000000,-1.000000000e+00,-1.000000000e+00,-1.000000000e+00,row,0,-1.000000000e+00,-1.000000
scheme_a,double,global,global,4096,4096,32,8,1,8,3,5.980000000e-07,9.496148000e-03,2.267526000e-03,1.176396300e-02,1.176396300e-02,-1.000000000e+00,-1.000000000e+00,91.273819,113.071303,-1.000000,-1.000000000e+00,-1.000000000e+00,-1.000000000e+00,row,0,-1.000000000e+00,-1.000000
scheme_a,double,global,global,4096,4096,32,8,1,8,4,2.580000000e-07,9.440481000e-03,2.252590000e-03,1.169332900e-02,1.169332900e-02,-1.000000000e+00,-1.000000000e+00,91.825162,113.738042,-1.000000,-1.000000000e+00,-1.000000000e+00,-1.000000000e+00,row,0,-1.000000000e+00,-1.000000
scheme_a,double,global,global,4096,4096,32,8,1,8,5,2.800000000e-07,9.433660000e-03,2.312811000e-03,1.174670900e-02,1.174670900e-02,-1.000000000e+00,-1.000000000e+00,91.407885,113.820280,-1.000000,-1.000000000e+00,-1.000000000e+00,-1.000000000e+00,row,0,-1.000000000e+00,-1.000000
scheme_a,double,global,global,4096,4096,32,8,1,8,6,5.160000000e-07,9.412064000e-03,2.328655000e-03,1.174099600e-02,1.174099600e-02,-1.000000000e+00,-1.000000000e+00,91.452363,114.081441,-1.000000,-1.000000000e+00,-1.000000000e+00,-1.000000000e+00,row,0,-1.000000000e+00,-1.000000
scheme_a,double,global,global,4096,4096,32,8,1,8,7,3.080000000e-07,9.244666000e-03,2.279568000e-03,1.152447200e-02,1.152447200e-02,-1.000000000e+00,-1.000000000e+00,93.170587,116.147173,-1.000000,-1.000000000e+00,-1.000000000e+00,-1.000000000e+00,row,0,-1.000000000e+00,-1.000000
scheme_a,double,global,global,4096,4096,32,8,1,8,8,2.360000000e-07,9.320945000e-03,2.326644000e-03,1.164782500e-02,1.164782500e-02,-1.000000000e+00,-1.000000000e+00,92.183890,115.196670,-1.000000,-1.000000000e+00,-1.000000000e+00,-1.000000000e+00,row,0,-1.000000000e+00,-1.000000
scheme_a,double,global,global,4096,4096,32,8,1,8,9,3.210000000e-07,9.286057000e-03,2.339100000e-03,1.162538900e-02,1.162538900e-02,-1.000000000e+00,-1.000000000e+00,92.361797,115.629467,-1.000000,-1.000000000e+00,-1.000000000e+00,-1.000000000e+00,row,0,-1.000000000e+00,-1.000000
scheme_a,double,global,global,4096,4096,32,8,1,8,10,4.520000000e-07,9.466033000e-03,2.355212000e-03,1.182148800e-02,1.182148800e-02,-1.000000000e+00,-1.000000000e+00,90.829667,113.431025,-1.000000,-1.000000000e+00,-1.000000000e+00,-1.000000000e+00,row,0,-1.000000000e+00,-1.000000
scheme_a,double,global,global,4096,4096,32,8,1,8,11,3.020000000e-07,9.540898000e-03,2.268580000e-03,1.180977100e-02,1.180977100e-02,-1.000000000e+00,-1.000000000e+00,90.919784,112.540960,-1.000000,-1.000000000e+00,-1.000000000e+00,-1.000000000e+00,row,0,-1.000000000e+00,-1.000000
scheme_a,double,global,global,4096,4096,32,8,1,8,12,3.920000000e-07,9.320913000e-03,2.342550000e-03,1.166370900e-02,1.166370900e-02,-1.000000000e+00,-1.000000000e+00,92.058352,115.197065,-1.000000,-1.000000000e+00,-1.000000000e+00,-1.000000000e+00,row,0,-1.000000000e+00,-1.000000
scheme_a,double,global,global,4096,4096,32,8,1,8,13,5.490000000e-07,9.466384000e-03,2.271839000e-03,1.173850700e-02,1.173850700e-02,-1.000000000e+00,-1.000000000e+00,91.471754,113.426819,-1.000000,-1.000000000e+00,-1.000000000e+00,-1.000000000e+00,row,0,-1.000000000e+00,-1.000000
scheme_a,double,global,global,4096,4096,32,8,1,8,14,3.390000000e-07,9.731812000e-03,2.488784000e-03,1.222083400e-02,1.222083400e-02,-1.000000000e+00,-1.000000000e+00,87.861583,110.333186,-1.000000,-1.000000000e+00,-1.000000000e+00,-1.000000000e+00,row,0,-1.000000000e+00,-1.000000
scheme_a,double,global,global,4096,4096,32,8,1,8,15,5.850000000e-07,9.747527000e-03,2.495007000e-03,1.224305200e-02,1.224305200e-02,-1.000000000e+00,-1.000000000e+00,87.702137,110.155306,-1.000000,-1.000000000e+00,-1.000000000e+00,-1.000000000e+00,row,0,-1.000000000e+00,-1.000000
scheme_a,double,global,global,4096,4096,32,8,1,8,16,8.250000000e-07,9.637090000e-03,2.392320000e-03,1.203023500e-02,1.203023500e-02,-1.000000000e+00,-1.000000000e+00,89.253603,111.417640,-1.000000,-1.000000000e+00,-1.000000000e+00,-1.000000000e+00,row,0,-1.000000000e+00,-1.000000
scheme_a,double,global,global,4096,4096,32,8,1,8,17,5.490000000e-07,9.685421000e-03,2.338024000e-03,1.202372400e-02,1.202372400e-02,-1.000000000e+00,-1.000000000e+00,89.301935,110.861657,-1.000000,-1.000000000e+00,-1.000000000e+00,-1.000000000e+00,row,0,-1.000000000e+00,-1.000000
scheme_a,double,global,global,4096,4096,32,8,1,8,18,5.210000000e-07,9.640215000e-03,2.343433000e-03,1.198416900e-02,1.198416900e-02,-1.000000000e+00,-1.000000000e+00,89.596686,111.381523,-1.000000,-1.000000000e+00,-1.000000000e+00,-1.000000000e+00,row,0,-1.000000000e+00,-1.000000
scheme_a,double,global,global,4096,4096,32,8,1,8,19,2.650000000e-07,9.682480000e-03,2.332689000e-03,1.201543400e-02,1.201543400e-02,-1.000000000e+00,-1.000000000e+00,89.363549,110.895331,-1.000000,-1.000000000e+00,-1.000000000e+00,-1.000000000e+00,row,0,-1.000000000e+00,-1.000000
scheme_a,double,global,global,4096,4096,32,8,1,8,20,2.820000000e-07,9.496144000e-03,2.492165000e-03,1.198855100e-02,1.198855100e-02,-1.000000000e+00,-1.000000000e+00,89.563937,113.071350,-1.000000,-1.000000000e+00,-1.000000000e+00,-1.000000000e+00,row,0,-1.000000000e+00,-1.000000
scheme_a,double,global,global,4096,4096,3,8,2,4,1,8.962000000e-06,4.003131000e-03,3.448550000e-04,4.031060000e-03,4.031060000e-03,-1.000000000e+00,-1.000000000e+00,24.971917,25.146141,-1.000000,-1.000000000e+00,-1.000000000e+00,-1.000000000e+00,row,0,-1.000000000e+00,-1.000000
scheme_a,double,global,global,4096,4096,3,8,2,4,2,7.042000000e-06,3.937544000e-03,3.018820000e-04,4.012792000e-03,4.012792000e-03,-1.000000000e+00,-1.000000000e+00,25.085600,25.564996,-1.000000,-1.000000000e+00,-1.000000000e+00,-1.000000000e+00,row,0,-1.000000000e+00,-1.000000
scheme_a,double,global,global,4096,4096,3,8,2,4,3,1.813600000e-05,3.918765000e-03,2.573420000e-04,3.975781000e-03,3.975781000e-03,-1.000000000e+00,-1.000000000e+00,25.319125,25.687505,-1.000000,-1.000000000e+00,-1.000000000e+00,-1.000000000e+00,row,0,-1.000000000e+00,-1.000000
scheme_a,double,global,global,4096,4096,3,8,2,4,4,1.581800000e-05,3.913641000e-03,3.187330000e-04,3.959713000e-03,3.959713000e-03,-1.000000000e+00,-1.000000000e+00,25.421867,25.721137,-1.000000,-1.000000000e+00,-1.000000000e+00,-1.000000000e+00,row,0,-1.000000000e+00,-1.000000
scheme_a,double,global,global,4096,4096,3,8,2,4,5,1.788200000e-05,3.988320000e-03,3.224700000e-04,4.040459000e-03,4.040459000e-03,-1.000000000e+00,-1.000000000e+00,24.913827,25.239523,-1.000000,-1.000000000e+00,-1.000000000e+00,-1.000000000e+00,row,0,-1.000000000e+00,-1.000000
scheme_a,double,global,global,4096,4096,3,8,2,4,6,1.751100000e-05,3.956488000e-03,3.153720000e-04,4.004767000e-03,4.004767000e-03,-1.000000000e+00,-1.000000000e+00,25.135868,25.442588,-1.000000,-1.000000000e+00,-1.000000000e+00,-1.000000000e+00,row,0,-1.000000000e+00,-1.000000
scheme_a,double,global,global,4096,4096,3,8,2,4,7,8.732000000e-06,3.974382000e-03,3.199220000e-04,4.022412000e-03,4.022412000e-03,-1.000000000e+00,-1.000000000e+00,25.025606,25.328037,-1.000000,-1.000000000e+00,-1.000000000e+00,-1.000000000e+00,row,0,-1.000000000e+00,-1.000000
scheme_a,double,global,global,4096,4096,3,8,2,4,8,1.510400000e-05,3.907419000e-03,2.868680000e-04,3.975746000e-03,3.975746000e-03,-1.000000000e+00,-1.000000000e+00,25.319348,25.762094,-1.000000,-1.000000000e+00,-1.000000000e+00,-1.000000000e+00,row,0,-1.000000000e+00,-1.000000
scheme_a,double,global,global,4096,4096,3,8,2,4,9,1.431300000e-05,3.889382000e-03,2.726450000e-04,3.937725000e-03,3.937725000e-03,-1.000000000e+00,-1.000000000e+00,25.563821,25.881566,-1.000000,-1.000000000e+00,-1.000000000e+00,-1.000000000e+00,row,0,-1.000000000e+00,-1.000000
scheme_a,double,global,global,4096,4096,3,8,2,4,10,7.771000000e-06,3.912537000e-03,2.828990000e-04,3.992638000e-03,3.992638000e-03,-1.000000000e+00,-1.000000000e+00,25.212227,25.728395,-1.000000,-1.000000000e+00,-1.000000000e+00,-1.000000000e+00,row,0,-1.000000000e+00,-1.000000
scheme_a,double,global,global,4096,4096,3,8,2,4,11,1.405100000e-05,3.944858000e-03,3.893350000e-04,4.033431000e-03,4.033431000e-03,-1.000000000e+00,-1.000000000e+00,24.957238,25.517597,-1.000000,-1.000000000e+00,-1.000000000e+00,-1.000000000e+00,row,0,-1.000000000e+00,-1.000000
scheme_a,double,global,global,4096,4096,3,8,2,4,12,1.421500000e-05,3.886732000e-03,3.559330000e-04,3.946586000e-03,3.946586000e-03,-1.000000000e+00,-1.000000000e+00,25.506424,25.899212,-1.000000,-1.000000000e+00,-1.000000000e+00,-1.000000000e+00,row,0,-1.000000000e+00,-1.000000
scheme_a,double,global,global,4096,4096,3,8,2,4,13,9.051000000e-06,3.899784000e-03,2.867030000e-04,3.984314000e-03,3.984314000e-03,-1.000000000e+00,-1.000000000e+00,25.264900,25.812531,-1.000000,-1.000000000e+00,-1.000000000e+00,-1.000000000e+00,row,0,-1.000000000e+00,-1.000000
scheme_a,double,global,global,4096,4096,3,8,2,4,14,1.455500000e-05,3.880231000e-03,3.518100000e-04,3.952998000e-03,3.952998000e-03,-1.000000000e+00,-1.000000000e+00,25.465051,25.942604,-1.000000,-1.000000000e+00,-1.000000000e+00,-1.000000000e+00,row,0,-1.000000000e+00,-1.000000
scheme_a,double,global,global,4096,4096,3,8,2,4,15,1.486300000e-05,3.906786000e-03,3.150620000e-04,3.972759000e-03,3.972759000e-03,-1.000000000e+00,-1.000000000e+00,25.338385,25.766268,-1.000000,-1.000000000e+00,-1.000000000e+00,-1.000000000e+00,row,0,-1.000000000e+00,-1.000000
scheme_a,double,global,global,4096,4096,3,8,2,4,16,1.043300000e-05,3.883445000e-03,3.647080000e-04,3.954164000e-03,3.954164000e-03,-1.000000000e+00,-1.000000000e+00,25.457542,25.921133,-1.000000,-1.000000000e+00,-1.000000000e+00,-1.000000000e+00,row,0,-1.000000000e+00,-1.000000
scheme_a,double,global,global,4096,4096,3,8,2,4,17,1.553500000e-05,3.844410000e-03,3.341160000e-04,3.901171000e-03,3.901171000e-03,-1.000000000e+00,-1.000000000e+00,25.803354,26.184329,-1.000000,-1.000000000e+00,-1.000000000e+00,-1.000000000e+00,row,0,-1.000000000e+00,-1.000000
scheme_a,double,global,global,4096,4096,3,8,2,4,18,7.809000000e-06,3.862634000e-03,3.120690000e-04,3.905939000e-03,3.905939000e-03,-1.000000000e+00,-1.000000000e+00,25.771856,26.060791,-1.000000,-1.000000000e+00,-1.000000000e+00,-1.000000000e+00,row,0,-1.000000000e+00,-1.000000
scheme_a,double,global,global,4096,4096,3,8,2,4,19,7.436000000e-06,3.914869000e-03,3.437610000e-04,3.941625000e-03,3.941625000e-03,-1.000000000e+00,-1.000000000e+00,25.538527,25.713069,-1.000000,-1.000000000e+00,-1.000000000e+00,-1.000000000e+00,row,0,-1.000000000e+00,-1.000000
scheme_a,double,global,global,4096,4096,3,8,2,4,20,9.708000000e-06,3.915947000e-03,4.062270000e-04,4.108693000e-03,4.108693000e-03,-1.000000000e+00,-1.000000000e+00,24.500077,25.705990,-1.000000,-1.000000000e+00,-1.000000000e+00,-1.000000000e+00,row,0,-1.000000000e+00,-1.000000
scheme_a,double,global,global,4096,4096,6,8,2,4,1,3.164100000e-05,4.100264000e-03,1.562990000e-04,4.192135000e-03,4.192135000e-03,-1.000000000e+00,-1.000000000e+00,48.024835,49.100885,-1.000000,-1.000000000e+00,-1.000000000e+00,-1.000000000e+00,row,0,-1.000000000e+00,-1.000000
scheme_a,double,global,global,4096,4096,6,8,2,4,2,1.301700000e-05,4.112110000e-03,1.914800000e-04,4.199714000e-03,4.199714000e-03,-1.000000000e+00,-1.000000000e+00,47.938167,48.959437,-1.000000,-1.000000000e+00,-1.000000000e+00,-1.000000000e+00,row,0,-1.000000000e+00,-1.000000
scheme_a,double,global,global,4096,4096,6,8,2,4,3,3.423100000e-05,5.458090000e-03,1.461020000e-04,5.557004000e-03,5.557004000e-03,-1.000000000e+00,-1.000000000e+00,36.229341,36.885906,-1.000000,-1.000000000e+00,-1.000000000e+00,-1.000000000e+00,row,0,-1.000000000e+00,-1.000000
scheme_a,double,global,global,4096,4096,6,8,2,4,4,2.702400000e-05,4.068721000e-03,2.006420000e-04,4.162348000e-03,4.162348000e-03,-1.000000000e+00,-1.000000000e+00,48.368515,49.481543,-1.000000,-1.000000000e+00,-1.000000000e+00,-1.000000000e+00,row,0,-1.000000000e+00,-1.000000
scheme_a,double,global,global,4096,4096,6,8,2,4,5,2.505400000e-05,4.051952000e-03,1.983100000e-04,4.140263000e-03,4.140263000e-03,-1.000000000e+00,-1.000000000e+00,48.626523,49.686322,-1.000000,-1.000000000e+00,-1.000000000e+00,-1.000000000e+00,row,0,-1.000000000e+00,-1.000000
scheme_a,double,global,global,4096,4096,6,8,2,4,6,1.824300000e-05,4.036290000e-03,2.391990000e-04,4.128260000e-03,4.128260000e-03,-1.000000000e+00,-1.000000000e+00,48.767905,49.879120,-1.000000,-1.000000000e+00,-1.000000000e+00,-1.000000000e+00,row,0,-1.000000000e+00,-1.000000
scheme_a,double,global,global,4096,4096,6,8,2,4,7,1.328600000e-05,4.103413000e-03,1.620400000e-04,4.170193000e-03,4.170193000e-03,-1.000000000e+00,-1.000000000e+00,48.277524,49.063205,-1.000000,-1.000000000e+00,-1.000000000e+00,-1.000000000e+00,row,0,-1.000000000e+00,-1.000000
scheme_a,double,global,global,4096,4096,6,8,2,4,8,1.775200000e-05,4.077940000e-03,2.557520000e-04,4.168667000e-03,4.168667000e-03,-1.000000000e+00,-1.000000000e+00,48.295197,49.369680,-1.000000,-1.000000000e+00,-1.000000000e+00,-1.000000000e+00,row,0,-1.000000000e+00,-1.000000
scheme_a,double,global,global,4096,4096,6,8,2,4,9,2.249100000e-05,4.100029000e-03,2.449710000e-04,4.186837000e-03,4.186837000e-03,-1.000000000e+00,-1.000000000e+00,48.085605,49.103700,-1.000000,-1.000000000e+00,-1.000000000e+00,-1.000000000e+00,row,0,-1.000000000e+00,-1.000000
scheme_a,double,global,global,4096,4096,6,8,2,4,10,2.455000000e-05,4.149704000e-03,1.772550000e-04,4.237382000e-03,4.237382000e-03,-1.000000000e+00,-1.000000000e+00,47.512023,48.515892,-1.000000,-1.000000000e+00,-1.000000000e+00,-1.000000000e+00,row,0,-1.000000000e+00,-1.000000
scheme_a,double,global,global,4096,4096,6,8,2,4,11,1.274000000e-05,4.127874000e-03,1.549300000e-04,4.213114000e-03,4.213114000e-03,-1.000000000e+00,-1.000000000e+00,47.785698,48.772465,-1.000000,-1.000000000e+00,-1.000000000e+00,-1.000000000e+00,row,0,-1.000000000e+00,-1.000000
scheme_a,double,global,global,4096,4096,6,8,2,4,12,2.482100000e-05,4.073080000e-03,2.022280000e-04,4.160271000e-03,4.160271000e-03,-1.000000000e+00,-1.000000000e+00,48.392663,49.428588,-1.000000,-1.000000000e+00,-1.000000000e+00,-1.000000000e+00,row,0,-1.000000000e+00,-1.000000
scheme_a,double,global,global,4096,4096,6,8,2,4,13,1.970000000e-05,4.108403000e-03,1.541470000e-04,4.210091000e-03,4.210091000e-03,-1.000000000e+00,-1.000000000e+00,47.820010,49.003613,-1.000000,-1.000000000e+00,-1.000000000e+00,-1.000000000e+00,row,0,-1.000000000e+00,-1.000000
scheme_a,double,global,global,4096,4096,6,8,2,4,14,2.486300000e-05,4.168032000e-03,1.840630000e-04,4.255712000e-03,4.255712000e-03,-1.000000000e+00,-1.000000000e+00,47.307382,48.302554,-1.000000,-1.000000000e+00,-1.000000000e+00,-1.000000000e+00,row,0,-1.000000000e+00,-1.000000
scheme_a,double,global,global,4096,4096,6,8,2,4,15,1.911500000e-05,4.039294000e-03,2.668320000e-04,4.128831000e-03,4.128831000e-03,-1.000000000e+00,-1.000000000e+00,48.761161,49.842025,-1.000000,-1.000000000e+00,-1.000000000e+00,-1.000000000e+00,row,0,-1.000000000e+00,-1.000000
scheme_a,double,global,global,4096,4096,6,8,2,4,16,1.253900000e-05,4.035835000e-03,1.603900000e-04,4.116184000e-03,4.116184000e-03,-1.000000000e+00,-1.000000000e+00,48.910980,49.884743,-1.000000,-1.000000000e+00,-1.000000000e+00,-1.000000000e+00,row,0,-1.000000000e+00,-1.000000
scheme_a,double,global,global,4096,4096,6,8,2,4,17,1.995600000e-05,4.108768000e-03,2.358050000e-04,4.196625000e-03,4.196625000e-03,-1.000000000e+00,-1.000000000e+00,47.973453,48.999260,-1.000000,-1.000000000e+00,-1.000000000e+00,-1.000000000e+00,row,0,-1.000000000e+00,-1.000000
scheme_a,double,global,global,4096,4096,6,8,2,4,18,3.436900000e-05,4.059494000e-03,1.405710000e-04,4.153598000e-03,4.153598000e-03,-1.000000000e+00,-1.000000000e+00,48.470409,49.594011,-1.000000,-1.000000000e+00,-1.000000000e+00,-1.000000000e+00,row,0,-1.000000000e+00,-1.000000
scheme_a,double,global,global,4096,4096,6,8,2,4,19,2.456100000e-05,4.219128000e-03,2.550290000e-04,4.318501000e-03,4.318501000e-03,-1.000000000e+00,-1.000000000e+00,46.619554,47.717583,-1.000000,-1.000000000e+00,-1.000000000e+00,-1.000000000e+00,row,0,-1.000000000e+00,-1.000000
scheme_a,double,global,global,4096,4096,6,8,2,4,20,2.423800000e-05,4.273407000e-03,2.522130000e-04,4.368064000e-03,4.368064000e-03,-1.000000000e+00,-1.000000000e+00,46.090577,47.111495,-1.000000,-1.000000000e+00,-1.000000000e+00,-1.000000000e+00,row,0,-1.000000000e+00,-1.000000
scheme_a,double,global,global,4096,4096,8,8,2,4,1,2.467000000e-05,4.025838000e-03,2.088850000e-04,4.128510000e-03,4.128510000e-03,-1.000000000e+00,-1.000000000e+00,65.019936,66.678156,-1.000000,-1.000000000e+00,-1.000000000e+00,-1.000000000e+00,row,0,-1.000000000e+00,-1.000000
scheme_a,double,global,global,4096,4096,8,8,2,4,2,2.163200000e-05,3.939270000e-03,3.162980000e-04,4.042381000e-03,4.042381000e-03,-1.000000000e+00,-1.000000000e+00,66.405283,68.143452,-1.000000,-1.000000000e+00,-1.000000000e+00,-1.000000000e+00,row,0,-1.000000000e+00,-1.000000
scheme_a,double,global,global,4096,4096,8,8,2,4,3,2.345800000e-05,3.928880000e-03,2.310830000e-04,4.022421000e-03,4.022421000e-03,-1.000000000e+00,-1.000000000e+00,66.734799,68.323659,-1.000000,-1.000000000e+00,-1.000000000e+00,-1.000000000e+00,row,0,-1.000000000e+00,-1.000000
scheme_a,double,global,global,4096,4096,8,8,2,4,4,2.201500000e-05,4.017993000e-03,2.698250000e-04,4.131468000e-03,4.131468000e-03,-1.000000000e+00,-1.000000000e+00,64.973384,66.808343,-1.000000,-1.000000000e+00,-1.000000000e+00,-1.000000000e+00,row,0,-1.000000000e+00,-1.000000
scheme_a,double,global,global,4096,4096,8,8,2,4,5,3.007300000e-05,4.007828000e-03,2.394960000e-04,4.110620000e-03,4.110620000e-03,-1.000000000e+00,-1.000000000e+00,65.302912,66.977788,-1.000000,-1.000000000e+00,-1.000000000e+00,-1.000000000e+00,row,0,-1.000000000e+00,-1.000000
scheme_a,double,global,global,4096,4096,8,8,2,4,6,2.138200000e-05,4.081573000e-03,2.397120000e-04,4.179612000e-03,4.179612000e-03,-1.000000000e+00,-1.000000000e+00,64.224970,65.767648,-1.000000,-1.000000000e+00,-1.000000000e+00,-1.000000000e+00,row,0,-1.000000000e+00,-1.000000
scheme_a,double,global,global,4096,4096,8,8,2,4,7,2.225900000e-05,4.030016000e-03,3.294780000e-04,4.137440000e-03,4.137440000e-03,-1.000000000e+00,-1.000000000e+00,64.879601,66.609030,-1.000000,-1.000000000e+00,-1.000000000e+00,-1.000000000e+00,row,0,-1.000000000e+00,-1.000000
scheme_a,double,global,global,4096,4096,8,8,2,4,8,1.726200000e-05,4.018438000e-03,1.870440000e-04,4.126470000e-03,4.126470000e-03,-1.000000000e+00,-1.000000000e+00,65.052080,66.800945,-1.000000,-1.000000000e+00,-1.000000000e+00,-1.000000000e+00,row,0,-1.000000000e+00,-1.000000
scheme_a,double,global,global,4096,4096,8,8,2,4,9,2.263500000e-05,3.943620000e-03,3.172060000e-04,4.048572000e-03,4.048572000e-03,-1.000000000e+00,-1.000000000e+00,66.303738,68.068286,-1.000000,-1.000000000e+00,-1.000000000e+00,-1.000000000e+00,row,0,-1.000000000e+00,-1.000000
scheme_a,double,global,global,4096,4096,8,8,2,4,10,2.378000000e-05,3.954293000e-03,2.843170000e-04,4.065037000e-03,4.065037000e-03,-1.000000000e+00,-1.000000000e+00,66.035181,67.884564,-1.000000,-1.000000000e+00,-1.000000000e+00,-1.000000000e+00,row,0,-1.000000000e+00,-1.000000
scheme_a,double,global,global,4096,4096,8,8,2,4,11,2.419800000e-05,3.947856000e-03,2.779790000e-04,4.049760000e-03,4.049760000e-03,-1.000000000e+00,-1.000000000e+00,66.284287,67.995250,-1.000000,-1.000000000e+00,-1.000000000e+00,-1.000000000e+00,row,0,-1.000000000e+00,-1.000000
scheme_a,double,global,global,4096,4096,8,8,2,4,12,2.375100000e-05,3.944760000e-03,2.527350000e-04,4.047487000e-03,4.047487000e-03,-1.000000000e+00,-1.000000000e+00,66.321512,68.048615,-1.000000,-1.000000000e+00,-1.000000000e+00,-1.000000000e+00,row,0,-1.000000000e+00,-1.000000
scheme_a,double,global,global,4096,4096,8,8,2,4,13,2.254200000e-05,4.045864000e-03,2.758780000e-04,4.150600000e-03,4.150600000e-03,-1.000000000e+00,-1.000000000e+00,64.673892,66.348116,-1.000000,-1.000000000e+00,-1.000000000e+00,-1.000000000e+00,row,0,-1.000000000e+00,-1.000000
scheme_a,double,global,global,4096,4096,8,8,2,4,14,2.691400000e-05,4.031821000e-03,2.638840000e-04,4.139317000e-03,4.139317000e-03,-1.000000000e+00,-1.000000000e+00,64.850181,66.579210,-1.000000,-1.000000000e+00,-1.000000000e+00,-1.000000000e+00,row,0,-1.000000000e+00,-1.000000
scheme_a,double,global,global,4096,4096,8,8,2,4,15,2.767900000e-05,4.027497000e-03,2.004490000e-04,4.141202000e-03,4.141202000e-03,-1.000000000e+00,-1.000000000e+00,64.820662,66.650690,-1.000000,-1.000000000e+00,-1.000000000e+00,-1.000000000e+00,row,0,-1.000000000e+00,-1.000000
scheme_a,double,global,global,4096,4096,8,8,2,4,16,2.673200000e-05,4.054887000e-03,1.958520000e-04,4.151009000e-03,4.151009000e-03,-1.000000000e+00,-1.000000000e+00,64.667520,66.200478,-1.000000,-1.000000000e+00,-1.000000000e+00,-1.000000000e+00,row,0,-1.000000000e+00,-1.000000
scheme_a,double,global,global,4096,4096,8,8,2,4,17,2.205000000e-05,4.030053000e-03,2.610920000e-04,4.121757000e-03,4.121757000e-03,-1.000000000e+00,-1.000000000e+00,65.126463,66.608418,-1.000000,-1.000000000e+00,-1.000000000e+00,-1.000000000e+00,row,0,-1.000000000e+00,-1.000000
scheme_a,double,global,global,4096,4096,8,8,2,4,18,2.235600000e-05,3.963770000e-03,3.192570000e-04,4.067542000e-03,4.067542000e-03,-1.000000000e+00,-1.000000000e+00,65.994514,67.722258,-1.000000,-1.000000000e+00,-1.000000000e+00,-1.000000000e+00,row,0,-1.000000000e+00,-1.000000
scheme_a,double,global,global,4096,4096,8,8,2,4,19,1.553900000e-05,4.133124000e-03,2.743230000e-04,4.233404000e-03,4.233404000e-03,-1.000000000e+00,-1.000000000e+00,63.408892,64.947351,-1.000000,-1.000000000e+00,-1.000000000e+00,-1.000000000e+00,row,0,-1.000000000e+00,-1.000000
scheme_a,double,global,global,4096,4096,8,8,2,4,20,3.247900000e-05,4.022353000e-03,2.445600000e-04,4.153448000e-03,4.153448000e-03,-1.000000000e+00,-1.000000000e+00,64.629545,66.735927,-1.000000,-1.000000000e+00,-1.000000000e+00,-1.000000000e+00,row,0,-1.000000000e+00,-1.000000
scheme_a,double,global,global,4096,4096,20,8,2,4,1,3.725800000e-05,5.129025000e-03,3.963680000e-04,5.429972000e-03,5.429972000e-03,-1.000000000e+00,-1.000000000e+00,123.589705,130.841367,-1.000000,-1.000000000e+00,-1.000000000e+00,-1.000000000e+00,row,0,-1.000000000e+00,-1.000000
scheme_a,double,global,global,4096,4096,20,8,2,4,2,3.485200000e-05,5.675108000e-03,5.224700000e-04,6.027291000e-03,6.027291000e-03,-1.000000000e+00,-1.000000000e+00,111.341669,118.251254,-1.000000,-1.000000000e+00,-1.000000000e+00,-1.000000000e+00,row,0,-1.000000000e+00,-1.000000
scheme_a,double,global,global,4096,4096,20,8,2,4,3,3.897800000e-05,5.411770000e-03,4.436870000e-04,5.729107000e-03,5.729107000e-03,-1.000000000e+00,-1.000000000e+00,117.136692,124.005388,-1.000000,-1.000000000e+00,-1.000000000e+00,-1.000000000e+00,row,0,-1.000000000e+00,-1.000000
scheme_a,double,global,global,4096,4096,20,8,2,4,4,3.874500000e-05,5.465906000e-03,4.157910000e-04,5.798462000e-03,5.798462000e-03,-1.000000000e+00,-1.000000000e+00,115.735628,122.777201,-1.000000,-1.000000000e+00,-1.000000000e+00,-1.000000000e+00,row,0,-1.000000000e+00,-1.000000
scheme_a,double,global,global,4096,4096,20,8,2,4,5,3.851200000e-05,5.360765000e-03,3.872110000e-04,5.663870000e-03,5.663870000e-03,-1.000000000e+00,-1.000000000e+00,118.485883,125.185238,-1.000000,-1.000000000e+00,-1.000000000e+00,-1.000000000e+00,row,0,-1.000000000e+00,-1.000000
scheme_a,double,global,global,4096,4096,20,8,2,4,6,3.649600000e-05,5.361344000e-03,4.349750000e-04,5.681002000e-03,5.681002000e-03,-1.000000000e+00,-1.000000000e+00,118.128570,125.171718,-1.000000,-1.000000000e+00,-1.000000000e+00,-1.000000000e+00,row,0,-1.000000000e+00,-1.000000
scheme_a,double,global,global,4096,4096,20,8,2,4,7,3.839700000e-05,5.270276000e-03,4.211850000e-04,5.584168000e-03,5.584168000e-03,-1.000000000e+00,-1.000000000e+00,120.177015,127.334629,-1.000000,-1.000000000e+00,-1.000000000e+00,-1.000000000e+00,row,0,-1.000000000e+00,-1.000000
scheme_a,double,global,global,4096,4096,20,8,2,4,8,3.736100000e-05,5.185607000e-03,3.925160000e-04,5.484534000e-03,5.484534000e-03,-1.000000000e+00,-1.000000000e+00,122.360193,129.413710,-1.000000,-1.000000000e+00,-1.000000000e+00,-1.000000000e+00,row,0,-1.000000000e+00,-1.000000
scheme_a,double,global,global,4096,4096,20,8,2,4,9,3.649100000e-05,5.188216000e-03,4.387440000e-04,5.502155000e-03,5.502155000e-03,-1.000000000e+00,-1.000000000e+00,121.968327,129.348632,-1.000000,-1.000000000e+00,-1.000000000e+00,-1.000000000e+00,row,0,-1.000000000e+00,-1.000000
scheme_a,double,global,global,4096,4096,20,8,2,4,10,4.313100000e-05,5.203023000e-03,4.010830000e-04,5.500908000e-03,5.500908000e-03,-1.000000000e+00,-1.000000000e+00,121.995976,128.980525,-1.000000,-1.000000000e+00,-1.000000000e+00,-1.000000000e+00,row,0,-1.000000000e+00,-1.000000
scheme_a,double,global,global,4096,4096,20,8,2,4,11,3.609500000e-05,5.179818000e-03,4.097090000e-04,5.495388000e-03,5.495388000e-03,-1.000000000e+00,-1.000000000e+00,122.118518,129.558344,-1.000000,-1.000000000e+00,-1.000000000e+00,-1.000000000e+00,row,0,-1.000000000e+00,-1.000000
scheme_a,double,global,global,4096,4096,20,8,2,4,12,3.731000000e-05,5.194725000e-03,3.821670000e-04,5.491890000e-03,5.491890000e-03,-1.000000000e+00,-1.000000000e+00,122.196300,129.186558,-1.000000,-1.000000000e+00,-1.000000000e+00,-1.000000000e+00,row,0,-1.000000000e+00,-1.000000
scheme_a,double,global,global,4096,4096,20,8,2,4,13,3.660300000e-05,5.314681000e-03,4.303970000e-04,5.607063000e-03,5.607063000e-03,-1.000000000e+00,-1.000000000e+00,119.686303,126.270728,-1.000000,-1.000000000e+00,-1.000000000e+00,-1.000000000e+00,row,0,-1.000000000e+00,-1.000000
scheme_a,double,global,global,4096,4096,20,8,2,4,14,3.615000000e-05,5.492361000e-03,4.159360000e-04,5.804040000e-03,5.804040000e-03,-1.000000000e+00,-1.000000000e+00,115.624400,122.185821,-1.000000,-1.000000000e+00,-1.000000000e+00,-1.000000000e+00,row,0,-1.000000000e+00,-1.000000
scheme_a,double,global,global,4096,4096,20,8,2,4,15,4.580100000e-05,5.268453000e-03,4.252720000e-04,5.588849000e-03,5.588849000e-03,-1.000000000e+00,-1.000000000e+00,120.076359,127.378690,-1.000000,-1.000000000e+00,-1.000000000e+00,-1.000000000e+00,row,0,-1.000000000e+00,-1.000000
scheme_a,double,global,global,4096,4096,20,8,2,4,16,3.959400000e-05,5.515694000e-03,4.023670000e-04,5.827222000e-03,5.827222000e-03,-1.000000000e+00,-1.000000000e+00,115.164420,121.668940,-1.000000,-1.000000000e+00,-1.000000000e+00,-1.000000000e+00,row,0,-1.000000000e+00,-1.000000
scheme_a,double,global,global,4096,4096,20,8,2,4,17,3.886300000e-05,5.433060000e-03,4.232620000e-04,5.738293000e-03,5.738293000e-03,-1.000000000e+00,-1.000000000e+00,116.949176,123.519460,-1.000000,-1.000000000e+00,-1.000000000e+00,-1.000000000e+00,row,0,-1.000000000e+00,-1.000000
scheme_a,double,global,global,4096,4096,20,8,2,4,18,5.319600000e-05,5.477072000e-03,3.872890000e-04,5.793173000e-03,5.793173000e-03,-1.000000000e+00,-1.000000000e+00,115.841291,122.526898,-1.000000,-1.000000000e+00,-1.000000000e+00,-1.000000000e+00,row,0,-1.000000000e+00,-1.000000
scheme_a,double,global,global,4096,4096,20,8,2,4,19,3.758700000e-05,5.570351000e-03,4.441300000e-04,5.883446000e-03,5.883446000e-03,-1.000000000e+00,-1.000000000e+00,114.063873,120.475108,-1.000000,-1.000000000e+00,-1.000000000e+00,-1.000000000e+00,row,0,-1.000000000e+00,-1.000000
scheme_a,double,global,global,4096,4096,20,8,2,4,20,3.907200000e-05,5.418882000e-03,3.977680000e-04,5.748333000e-03,5.748333000e-03,-1.000000000e+00,-1.000000000e+00,116.744914,123.842638,-1.000000,-1.000000000e+00,-1.000000000e+00,-1.000000000e+00,row,0,-1.000000000e+00,-1.000000
scheme_a,double,global,global,4096,4096,32,8,2,4,1,6.744800000e-05,9.573104000e-03,6.131490000e-04,1.017811100e-02,1.017811100e-02,-1.000000000e+00,-1.000000000e+00,105.495197,112.162348,-1.000000,-1.000000000e+00,-1.000000000e+00,-1.000000000e+00,row,0,-1.000000000e+00,-1.000000
scheme_a,double,global,global,4096,4096,32,8,2,4,2,7.947000000e-05,9.648795000e-03,9.949520000e-04,1.050831900e-02,1.050831900e-02,-1.000000000e+00,-1.000000000e+00,102.180170,111.282479,-1.000000,-1.000000000e+00,-1.000000000e+00,-1.000000000e+00,row,0,-1.000000000e+00,-1.000000
scheme_a,double,global,global,4096,4096,32,8,2,4,3,7.061600000e-05,9.730113000e-03,9.435520000e-04,1.054739300e-02,1.054739300e-02,-1.000000000e+00,-1.000000000e+00,101.801632,110.352452,-1.000000,-1.000000000e+00,-1.000000000e+00,-1.000000000e+00,row,0,-1.000000000e+00,-1.000000
scheme_a,double,global,global,4096,4096,32,8,2,4,4,7.021600000e-05,9.394409000e-03,6.414450000e-04,1.009169800e-02,1.009169800e-02,-1.000000000e+00,-1.000000000e+00,106.398529,114.295835,-1.000000,-1.000000000e+00,-1.000000000e+00,-1.000000000e+00,row,0,-1.000000000e+00,-1.000000
scheme_a,double,global,global,4096,4096,32,8,2,4,5,8.860200000e-05,9.531058000e-03,7.149780000e-04,1.020734200e-02,1.020734200e-02,-1.000000000e+00,-1.000000000e+00,105.193088,112.657149,-1.000000,-1.000000000e+00,-1.000000000e+00,-1.000000000e+00,row,0,-1.000000000e+00,-1.000000
scheme_a,double,global,global,4096,4096,32,8,2,4,6,7.021800000e-05,9.430322000e-03,6.793120000e-04,1.005234700e-02,1.005234700e-02,-1.000000000e+00,-1.000000000e+00,106.815038,113.860568,-1.000000,-1.000000000e+00,-1.000000000e+00,-1.000000000e+00,row,0,-1.000000000e+00,-1.000000
scheme_a,double,global,global,4096,4096,32,8,2,4,7,6.794000000e-05,9.455698000e-03,6.397920000e-04,1.004643700e-02,1.004643700e-02,-1.000000000e+00,-1.000000000e+00,106.877874,113.555004,-1.000000,-1.000000000e+00,-1.000000000e+00,-1.000000000e+00,row,0,-1.000000000e+00,-1.000000
scheme_a,double,global,global,4096,4096,32,8,2,4,8,6.699100000e-05,9.376194000e-03,9.229140000e-04,1.019095400e-02,1.019095400e-02,-1.000000000e+00,-1.000000000e+00,105.362248,114.517876,-1.000000,-1.000000000e+00,-1.000000000e+00,-1.000000000e+00,row,0,-1.000000000e+00,-1.000000
scheme_a,double,global,global,4096,4096,32,8,2,4,9,6.883700000e-05,9.704621000e-03,6.598240000e-04,1.040187400e-02,1.040187400e-02,-1.000000000e+00,-1.000000000e+00,103.225806,110.642324,-1.000000,-1.000000000e+00,-1.000000000e+00,-1.000000000e+00,row,0,-1.000000000e+00,-1.000000
scheme_a,double,global,global,4096,4096,32,8,2,4,10,6.920300000e-05,9.450984000e-03,6.356980000e-04,1.005046200e-02,1.005046200e-02,-1.000000000e+00,-1.000000000e+00,106.835071,113.611643,-1.000000,-1.000000000e+00,-1.000000000e+00,-1.000000000e+00,row,0,-1.000000000e+00,-1.000000
scheme_a,double,global,global,4096,4096,32,8,2,4,11,6.784700000e-05,9.600475000e-03,9.183190000e-04,1.040580200e-02,1.040580200e-02,-1.000000000e+00,-1.000000000e+00,103.186840,111.842573,-1.000000,-1.000000000e+00,-1.000000000e+00,-1.000000000e+00,row,0,-1.000000000e+00,-1.000000
scheme_a,double,global,global,4096,4096,32,8,2,4,12,6.922200000e-05,9.437510000e-03,8.377780000e-04,1.024071200e-02,1.024071200e-02,-1.000000000e+00,-1.000000000e+00,104.850310,113.773848,-1.000000,-1.000000000e+00,-1.000000000e+00,-1.000000000e+00,row,0,-1.000000000e+00,-1.000000
scheme_a,double,global,global,4096,4096,32,8,2,4,13,6.920700000e-05,9.528025000e-03,6.177130000e-04,1.015962200e-02,1.015962200e-02,-1.000000000e+00,-1.000000000e+00,105.687182,112.693011,-1.000000,-1.000000000e+00,-1.000000000e+00,-1.000000000e+00,row,0,-1.000000000e+00,-1.000000
scheme_a,double,global,global,4096,4096,32,8,2,4,14,7.522700000e-05,9.422195000e-03,6.459220000e-04,1.003072300e-02,1.003072300e-02,-1.000000000e+00,-1.000000000e+00,107.045307,113.958778,-1.000000,-1.000000000e+00,-1.000000000e+00,-1.000000000e+00,row,0,-1.000000000e+00,-1.000000
scheme_a,double,global,global,4096,4096,32,8,2,4,15,6.691400000e-05,9.361816000e-03,6.376510000e-04,9.967346000e-03,9.967346000e-03,-1.000000000e+00,-1.000000000e+00,107.725951,114.693754,-1.000000,-1.000000000e+00,-1.000000000e+00,-1.000000000e+00,row,0,-1.000000000e+00,-1.000000
scheme_a,double,global,global,4096,4096,32,8,2,4,16,9.344100000e-05,9.485773000e-03,6.922490000e-04,1.014275600e-02,1.014275600e-02,-1.000000000e+00,-1.000000000e+00,105.862926,113.194974,-1.000000,-1.000000000e+00,-1.000000000e+00,-1.000000000e+00,row,0,-1.000000000e+00,-1.000000
scheme_a,double,global,global,4096,4096,32,8,2,4,17,7.607600000e-05,9.335679000e-03,6.642660000e-04,9.971159000e-03,9.971159000e-03,-1.000000000e+00,-1.000000000e+00,107.684756,115.014861,-1.000000,-1.000000000e+00,-1.000000000e+00,-1.000000000e+00,row,0,-1.000000000e+00,-1.000000
scheme_a,double,global,global,4096,4096,32,8,2,4,18,7.916300000e-05,9.342260000e-03,6.680860000e-04,9.978189000e-03,9.978189000e-03,-1.000000000e+00,-1.000000000e+00,107.608888,114.933841,-1.000000,-1.000000000e+00,-1.000000000e+00,-1.000000000e+00,row,0,-1.000000000e+00,-1.000000
scheme_a,double,global,global,4096,4096,32,8,2,4,19,6.949100000e-05,9.402441000e-03,6.360060000e-04,9.994303000e-03,9.994303000e-03,-1.000000000e+00,-1.000000000e+00,107.435388,114.198199,-1.000000,-1.000000000e+00,-1.000000000e+00,-1.000000000e+00,row,0,-1.000000000e+00,-1.000000
scheme_a,double,global,global,4096,4096,32,8,2,4,20,7.915100000e-05,9.301833000e-03,6.896600000e-04,9.935021000e-03,9.935021000e-03,-1.000000000e+00,-1.000000000e+00,108.076452,115.433359,-1.000000,-1.000000000e+00,-1.000000000e+00,-1.000000000e+00,row,0,-1.000000000e+00,-1.000000
scheme_a,double,global,global,4096,4096,3,8,4,2,1,3.218000000e-05,3.930546000e-03,3.190830000e-04,3.973016000e-03,3.973016000e-03,-1.000000000e+00,-1.000000000e+00,25.336746,25.610512,-1.000000,-1.000000000e+00,-1.000000000e+00,-1.000000000e+00,row,0,-1.000000000e+00,-1.000000
scheme_a,double,global,global,4096,4096,3,8,4,2,2,3.351800000e-05,3.886550000e-03,3.695790000e-04,3.936964000e-03,3.936964000e-03,-1.000000000e+00,-1.000000000e+00,25.568762,25.900425,-1.000000,-1.000000000e+00,-1.000000000e+00,-1.000000000e+00,row,0,-1.000000000e+00,-1.000000
scheme_a,double,global,global,4096,4096,3,8,4,2,3,3.402200000e-05,3.859973000e-03,3.440690000e-04,3.900902000e-03,3.900902000e-03,-1.000000000e+00,-1.000000000e+00,25.805133,26.078757,-1.000000,-1.000000000e+00,-1.000000000e+00,-1.000000000e+00,row,0,-1.000000000e+00,-1.000000
scheme_a,double,global,global,4096,4096,3,8,4,2,4,3.989500000e-05,3.879096000e-03,3.625600000e-04,3.932641000e-03,3.932641000e-03,-1.000000000e+00,-1.000000000e+00,25.596869,25.950195,-1.000000,-1.000000000e+00,-1.000000000e+00,-1.000000000e+00,row,0,-1.000000000e+00,-1.000000
scheme_a,double,global,global,4096,4096,3,8,4,2,5,2.858300000e-05,3.915601000e-03,2.094900000e-04,3.950851000e-03,3.950851000e-03,-1.000000000e+00,-1.000000000e+00,25.478889,25.708262,-1.000000,-1.000000000e+00,-1.000000000e+00,-1.000000000e+00,row,0,-1.000000000e+00,-1.000000
scheme_a,double,global,global,4096,4096,3,8,4,2,6,4.115600000e-05,3.858292000e-03,3.595750000e-04,3.919226000e-03,3.919226000e-03,-1.000000000e+00,-1.000000000e+00,25.684484,26.090119,-1.000000,-1.000000000e+00,-1.000000000e+00,-1.000000000e+00,row,0,-1.000000000e+00,-1.000000
scheme_a,double,global,global,4096,4096,3,8,4,2,7,3.137700000e-05,3.883095000e-03,3.539970000e-04,3.928149000e-03,3.928149000e-03,-1.000000000e+00,-1.000000000e+00,25.626140,25.923470,-1.000000,-1.000000000e+00,-1.000000000e+00,-1.000000000e+00,row,0,-1.000000000e+00,-1.000000
scheme_a,double,global,global,4096,4096,3,8,4,2,8,2.044400000e-05,3.994479000e-03,2.419450000e-04,4.026619000e-03,4.026619000e-03,-1.000000000e+00,-1.000000000e+00,24.999459,25.200607,-1.000000,-1.000000000e+00,-1.000000000e+00,-1.000000000e+00,row,0,-1.000000000e+00,-1.000000
scheme_a,double,global,global,4096,4096,3,8,4,2,9,3.104000000e-05,3.870553000e-03,3.002700000e-04,3.917096000e-03,3.917096000e-03,-1.000000000e+00,-1.000000000e+00,25.698450,26.007471,-1.000000,-1.000000000e+00,-1.000000000e+00,-1.000000000e+00,row,0,-1.000000000e+00,-1.000000
scheme_a,double,global,global,4096,4096,3,8,4,2,10,4.926600000e-05,3.888391000e-03,2.857190000e-04,3.933290000e-03,3.933290000e-03,-1.000000000e+00,-1.000000000e+00,25.592645,25.888162,-1.000000,-1.000000000e+00,-1.000000000e+00,-1.000000000e+00,row,0,-1.000000000e+00,-1.000000
scheme_a,double,global,global,4096,4096,3,8,4,2,11,3.789900000e-05,3.906768000e-03,3.036090000e-04,3.951559000e-03,3.951559000e-03,-1.000000000e+00,-1.000000000e+00,25.474324,25.766387,-1.000000,-1.000000000e+00,-1.000000000e+00,-1.000000000e+00,row,0,-1.000000000e+00,-1.000000
scheme_a,double,global,global,4096,4096,3,8,4,2,12,3.338600000e-05,3.908499000e-03,4.046850000e-04,3.954722000e-03,3.954722000e-03,-1.000000000e+00,-1.000000000e+00,25.453950,25.754976,-1.000000,-1.000000000e+00,-1.000000000e+00,-1.000000000e+00,row,0,-1.000000000e+00,-1.000000
scheme_a,double,global,global,4096,4096,3,8,4,2,13,3.091300000e-05,3.868535000e-03,3.465500000e-04,3.908590000e-03,3.908590000e-03,-1.000000000e+00,-1.000000000e+00,25.754376,26.021038,-1.000000,-1.000000000e+00,-1.000000000e+00,-1.000000000e+00,row,0,-1.000000000e+00,-1.000000
scheme_a,double,global,global,4096,4096,3,8,4,2,14,3.167000000e-05,3.901250000e-03,3.608040000e-04,3.937596000e-03,3.937596000e-03,-1.000000000e+00,-1.000000000e+00,25.564658,25.802831,-1.000000,-1.000000000e+00,-1.000000000e+00,-1.000000000e+00,row,0,-1.000000000e+00,-1.000000
scheme_a,double,global,global,4096,4096,3,8,4,2,15,2.315500000e-05,3.910687000e-03,3.025550000e-04,3.943937000e-03,3.943937000e-03,-1.000000000e+00,-1.000000000e+00,25.523556,25.740566,-1.000000,-1.000000000e+00,-1.000000000e+00,-1.000000000e+00,row,0,-1.000000000e+00,-1.000000
scheme_a,double,global,global,4096,4096,3,8,4,2,16,3.238800000e-05,3.911569000e-03,2.996340000e-04,3.958968000e-03,3.958968000e-03,-1.000000000e+00,-1.000000000e+00,25.426651,25.734762,-1.000000,-1.000000000e+00,-1.000000000e+00,-1.000000000e+00,row,0,-1.000000000e+00,-1.000000
scheme_a,double,global,global,4096,4096,3,8,4,2,17,3.058400000e-05,3.896494000e-03,3.251150000e-04,3.931765000e-03,3.931765000e-03,-1.000000000e+00,-1.000000000e+00,25.602572,25.834326,-1.000000,-1.000000000e+00,-1.000000000e+00,-1.000000000e+00,row,0,-1.000000000e+00,-1.000000
scheme_a,double,global,global,4096,4096,3,8,4,2,18,3.098000000e-05,3.874231000e-03,3.311880000e-04,3.907995000e-03,3.907995000e-03,-1.000000000e+00,-1.000000000e+00,25.758297,25.982781,-1.000000,-1.000000000e+00,-1.000000000e+00,-1.000000000e+00,row,0,-1.000000000e+00,-1.000000
scheme_a,double,global,global,4096,4096,3,8,4,2,19,3.181400000e-05,3.898804000e-03,2.794120000e-04,3.936284000e-03,3.936284000e-03,-1.000000000e+00,-1.000000000e+00,25.573179,25.819019,-1.000000,-1.000000000e+00,-1.000000000e+00,-1.000000000e+00,row,0,-1.000000000e+00,-1.000000
scheme_a,double,global,global,4096,4096,3,8,4,2,20,3.215000000e-05,3.877625000e-03,3.182670000e-04,3.929456000e-03,3.929456000e-03,-1.000000000e+00,-1.000000000e+00,25.617616,25.960039,-1.000000,-1.000000000e+00,-1.000000000e+00,-1.000000000e+00,row,0,-1.000000000e+00,-1.000000
scheme_a,double,global,global,4096,4096,6,8,4,2,1,4.958100000e-05,4.140126000e-03,2.266960000e-04,4.190882000e-03,4.190882000e-03,-1.000000000e+00,-1.000000000e+00,48.039194,48.628132,-1.000000,-1.000000000e+00,-1.000000000e+00,-1.000000000e+00,row,0,-1.000000000e+00,-1.000000
scheme_a,double,global,global,4096,4096,6,8,4,2,2,4.993700000e-05,4.024369000e-03,1.855740000e-04,4.081428000e-03,4.081428000e-03,-1.000000000e+00,-1.000000000e+00,49.327488,50.026872,-1.000000,-1.000000000e+00,-1.000000000e+00,-1.000000000e+00,row,0,-1.000000000e+00,-1.000000
scheme_a,double,global,global,4096,4096,6,8,4,2,3,5.475700000e-05,4.047454000e-03,8.265700000e-05,4.111863000e-03,4.111863000e-03,-1.000000000e+00,-1.000000000e+00,48.962378,49.741539,-1.000000,-1.000000000e+00,-1.000000000e+00,-1.000000000e+00,row,0,-1.000000000e+00,-1.000000
scheme_a,double,global,global,4096,4096,6,8,4,2,4,5.149900000e-05,3.926253000e-03,2.458310000e-04,3.982821000e-03,3.982821000e-03,-1.000000000e+00,-1.000000000e+00,50.548742,51.277030,-1.000000,-1.000000000e+00,-1.000000000e+00,-1.000000000e+00,row,0,-1.000000000e+00,-1.000000
scheme_a,double,global,global,4096,4096,6,8,4,2,5,3.146300000e-05,4.175962000e-03,1.844210000e-04,4.231814000e-03,4.231814000e-03,-1.000000000e+00,-1.000000000e+00,47.574537,48.210830,-1.000000,-1.000000000e+00,-1.000000000e+00,-1.000000000e+00,row,0,-1.000000000e+00,-1.000000
scheme_a,double,global,global,4096,4096,6,8,4,2,6,4.682000000e-05,4.116008000e-03,1.766590000e-04,4.183180000e-03,4.183180000e-03,-1.000000000e+00,-1.000000000e+00,48.127643,48.913071,-1.000000,-1.000000000e+00,-1.000000000e+00,-1.000000000e+00,row,0,-1.000000000e+00,-1.000000
scheme_a,double,global,global,4096,4096,6,8,4,2,7,3.926400000e-05,4.122703000e-03,1.185380000e-04,4.169755000e-03,4.169755000e-03,-1.000000000e+00,-1.000000000e+00,48.282595,48.833639,-1.000000,-1.000000000e+00,-1.000000000e+00,-1.000000000e+00,row,0,-1.000000000e+00,-1.000000
scheme_a,double,global,global,4096,4096,6,8,4,2,8,4.682500000e-05,4.080248000e-03,1.211000000e-04,4.144506000e-03,4.144506000e-03,-1.000000000e+00,-1.000000000e+00,48.576740,49.341754,-1.000000,-1.000000000e+00,-1.000000000e+00,-1.000000000e+00,row,0,-1.000000000e+00,-1.000000
scheme_a,double,global,global,4096,4096,6,8,4,2,9,4.190500000e-05,4.102425000e-03,6.770800000e-05,4.162882000e-03,4.162882000e-03,-1.000000000e+00,-1.000000000e+00,48.362311,49.075021,-1.000000,-1.000000000e+00,-1.000000000e+00,-1.000000000e+00,row,0,-1.000000000e+00,-1.000000
scheme_a,double,global,global,4096,4096,6,8,4,2,10,5.193200000e-05,3.979623000e-03,1.015790000e-04,4.044420000e-03,4.044420000e-03,-1.000000000e+00,-1.000000000e+00,49.778854,50.589363,-1.000000,-1.000000000e+00,-1.000000000e+00,-1.000000000e+00,row,0,-1.000000000e+00,-1.000000
scheme_a,double,global,global,4096,4096,6,8,4,2,11,5.083200000e-05,4.021320000e-03,1.456150000e-04,4.057746000e-03,4.057746000e-03,-1.000000000e+00,-1.000000000e+00,49.615376,50.064803,-1.000000,-1.000000000e+00,-1.000000000e+00,-1.000000000e+00,row,0,-1.000000000e+00,-1.000000
scheme_a,double,global,global,4096,4096,6,8,4,2,12,5.614300000e-05,4.072900000e-03,1.353740000e-04,4.147111000e-03,4.147111000e-03,-1.000000000e+00,-1.000000000e+00,48.546227,49.430772,-1.000000,-1.000000000e+00,-1.000000000e+00,-1.000000000e+00,row,0,-1.000000000e+00,-1.000000
scheme_a,double,global,global,4096,4096,6,8,4,2,13,6.565200000e-05,4.113874000e-03,1.983810000e-04,4.190841000e-03,4.190841000e-03,-1.000000000e+00,-1.000000000e+00,48.039664,48.938444,-1.000000,-1.000000000e+00,-1.000000000e+00,-1.000000000e+00,row,0,-1.000000000e+00,-1.000000
scheme_a,double,global,global,4096,4096,6,8,4,2,14,3.831700000e-05,3.995298000e-03,1.131460000e-04,4.052107000e-03,4.052107000e-03,-1.000000000e+00,-1.000000000e+00,49.684421,50.390882,-1.000000,-1.000000000e+00,-1.000000000e+00,-1.000000000e+00,row,0,-1.000000000e+00,-1.000000
scheme_a,double,global,global,4096,4096,6,8,4,2,15,4.752600000e-05,4.023019000e-03,2.119290000e-04,4.086425000e-03,4.086425000e-03,-1.000000000e+00,-1.000000000e+00,49.267169,50.043659,-1.000000,-1.000000000e+00,-1.000000000e+00,-1.000000000e+00,row,0,-1.000000000e+00,-1.000000
scheme_a,double,global,global,4096,4096,6,8,4,2,16,4.936000000e-05,3.941895000e-03,2.278620000e-04,4.007767000e-03,4.007767000e-03,-1.000000000e+00,-1.000000000e+00,50.234106,51.073555,-1.000000,-1.000000000e+00,-1.000000000e+00,-1.000000000e+00,row,0,-1.000000000e+00,-1.000000
scheme_a,double,global,global,4096,4096,6,8,4,2,17,3.585500000e-05,4.120076000e-03,1.126430000e-04,4.174792000e-03,4.174792000e-03,-1.000000000e+00,-1.000000000e+00,48.224341,48.864776,-1.000000,-1.000000000e+00,-1.000000000e+00,-1.000000000e+00,row,0,-1.000000000e+00,-1.000000
scheme_a,double,global,global,4096,4096,6,8,4,2,18,3.790300000e-05,4.076860000e-03,2.031100000e-04,4.133132000e-03,4.133132000e-03,-1.000000000e+00,-1.000000000e+00,48.710419,49.382758,-1.000000,-1.000000000e+00,-1.000000000e+00,-1.000000000e+00,row,0,-1.000000000e+00,-1.000000
scheme_a,double,global,global,4096,4096,6,8,4,2,19,4.469200000e-05,3.998942000e-03,1.847060000e-04,4.060472000e-03,4.060472000e-03,-1.000000000e+00,-1.000000000e+00,49.582066,50.344964,-1.000000,-1.000000000e+00,-1.000000000e+00,-1.000000000e+00,row,0,-1.000000000e+00,-1.000000
scheme_a,double,global,global,4096,4096,6,8,4,2,20,4.980200000e-05,3.999746000e-03,2.336670000e-04,4.100641000e-03,4.100641000e-03,-1.000000000e+00,-1.000000000e+00,49.096371,50.334844,-1.000000,-1.000000000e+00,-1.000000000e+00,-1.000000000e+00,row,0,-1.000000000e+00,-1.000000
scheme_a,double,global,global,4096,4096,8,8,4,2,1,5.672700000e-05,4.065493000e-03,2.885610000e-04,4.150060000e-03,4.150060000e-03,-1.000000000e+00,-1.000000000e+00,64.682307,66.027775,-1.000000,-1.000000000e+00,-1.000000000e+00,-1.000000000e+00,row,0,-1.000000000e+00,-1.000000
scheme_a,double,global,global,4096,4096,8,8,4,2,2,6.067300000e-05,4.047088000e-03,2.617590000e-04,4.130312000e-03,4.130312000e-03,-1.000000000e+00,-1.000000000e+00,64.991569,66.328050,-1.000000,-1.000000000e+00,-1.000000000e+00,-1.000000000e+00,row,0,-1.000000000e+00,-1.000000
scheme_a,double,global,global,4096,4096,8,8,4,2,3,5.953900000e-05,4.066716000e-03,2.833850000e-04,4.163962000e-03,4.163962000e-03,-1.000000000e+00,-1.000000000e+00,64.466356,66.007918,-1.000000,-1.000000000e+00,-1.000000000e+00,-1.000000000e+00,row,0,-1.000000000e+00,-1.000000
scheme_a,double,global,global,4096,4096,8,8,4,2,4,4.584700000e-05,4.046892000e-03,2.737120000e-04,4.120717000e-03,4.120717000e-03,-1.000000000e+00,-1.000000000e+00,65.142900,66.331263,-1.000000,-1.000000000e+00,-1.000000000e+00,-1.000000000e+00,row,0,-1.000000000e+00,-1.000000
scheme_a,double,global,global,4096,4096,8,8,4,2,5,6.496900000e-05,4.043635000e-03,1.619320000e-04,4.133871000e-03,4.133871000e-03,-1.000000000e+00,-1.000000000e+00,64.935615,66.384690,-1.000000,-1.000000000e+00,-1.000000000e+00,-1.000000000e+00,row,0,-1.000000000e+00,-1.000000
scheme_a,double,global,global,4096,4096,8,8,4,2,6,5.753300000e-05,4.073395000e-03,2.509380000e-04,4.145299000e-03,4.145299000e-03,-1.000000000e+00,-1.000000000e+00,64.756597,65.899687,-1.000000,-1.000000000e+00,-1.000000000e+00,-1.000000000e+00,row,0,-1.000000000e+00,-1.000000
scheme_a,double,global,global,4096,4096,8,8,4,2,7,6.091900000e-05,4.075515000e-03,1.956540000e-04,4.155116000e-03,4.155116000e-03,-1.000000000e+00,-1.000000000e+00,64.603601,65.865407,-1.000000,-1.000000000e+00,-1.000000000e+00,-1.000000000e+00,row,0,-1.000000000e+00,-1.000000
scheme_a,double,global,global,4096,4096,8,8,4,2,8,4.926000000e-05,4.074008000e-03,1.632230000e-04,4.148653000e-03,4.148653000e-03,-1.000000000e+00,-1.000000000e+00,64.704244,65.889771,-1.000000,-1.000000000e+00,-1.000000000e+00,-1.000000000e+00,row,0,-1.000000000e+00,-1.000000
scheme_a,double,global,global,4096,4096,8,8,4,2,9,5.917900000e-05,4.059804000e-03,2.767600000e-04,4.139546000e-03,4.139546000e-03,-1.000000000e+00,-1.000000000e+00,64.846593,66.120299,-1.000000,-1.000000000e+00,-1.000000000e+00,-1.000000000e+00,row,0,-1.000000000e+00,-1.000000
scheme_a,double,global,global,4096,4096,8,8,4,2,10,7.004700000e-05,4.065522000e-03,2.858150000e-04,4.146711000e-03,4.146711000e-03,-1.000000000e+00,-1.000000000e+00,64.734546,66.027304,-1.000000,-1.000000000e+00,-1.000000000e+00,-1.000000000e+00,row,0,-1.000000000e+00,-1.000000
scheme_a,double,global,global,4096,4096,8,8,4,2,11,4.995400000e-05,4.075809000e-03,1.378780000e-04,4.149342000e-03,4.149342000e-03,-1.000000000e+00,-1.000000000e+00,64.693500,65.860656,-1.000000,-1.000000000e+00,-1.000000000e+00,-1.000000000e+00,row,0,-1.000000000e+00,-1.000000
scheme_a,double,global,global,4096,4096,8,8,4,2,12,4.741100000e-05,4.054135000e-03,2.375920000e-04,4.124990000e-03,4.124990000e-03,-1.000000000e+00,-1.000000000e+00,65.075420,66.212757,-1.000000,-1.000000000e+00,-1.000000000e+00,-1.000000000e+00,row,0,-1.000000000e+00,-1.000000
scheme_a,double,global,global,4096,4096,8,8,4,2,13,5.885100000e-05,4.078440000e-03,2.783680000e-04,4.152762000e-03,4.152762000e-03,-1.000000000e+00,-1.000000000e+00,64.640222,65.818170,-1.000000,-1.000000000e+00,-1.000000000e+00,-1.000000000e+00,row,0,-1.000000000e+00,-1.000000
scheme_a,double,global,global,4096,4096,8,8,4,2,14,4.921100000e-05,4.090775000e-03,2.333320000e-04,4.163512000e-03,4.163512000e-03,-1.000000000e+00,-1.000000000e+00,64.473323,65.619707,-1.000000,-1.000000000e+00,-1.000000000e+00,-1.000000000e+00,row,0,-1.000000000e+00,-1.000000
scheme_a,double,global,global,4096,4096,8,8,4,2,15,5.097300000e-05,4.088749000e-03,1.488900000e-04,4.160891000e-03,4.160891000e-03,-1.000000000e+00,-1.000000000e+00,64.513936,65.652222,-1.000000,-1.000000000e+00,-1.000000000e+00,-1.000000000e+00,row,0,-1.000000000e+00,-1.000000
scheme_a,double,global,global,4096,4096,8,8,4,2,16,5.673600000e-05,4.107207000e-03,2.054650000e-04,4.185889000e-03,4.185889000e-03,-1.000000000e+00,-1.000000000e+00,64.128661,65.357177,-1.000000,-1.000000000e+00,-1.000000000e+00,-1.000000000e+00,row,0,-1.000000000e+00,-1.000000
scheme_a,double,global,global,4096,4096,8,8,4,2,17,6.158000000e-05,4.097245000e-03,2.623140000e-04,4.171205000e-03,4.171205000e-03,-1.000000000e+00,-1.000000000e+00,64.354415,65.516086,-1.000000,-1.000000000e+00,-1.000000000e+00,-1.000000000e+00,row,0,-1.000000000e+00,-1.000000
scheme_a,double,global,global,4096,4096,8,8,4,2,18,5.224600000e-05,4.060569000e-03,2.404640000e-04,4.140288000e-03,4.140288000e-03,-1.000000000e+00,-1.000000000e+00,64.834972,66.107843,-1.000000,-1.000000000e+00,-1.000000000e+00,-1.000000000e+00,row,0,-1.000000000e+00,-1.000000
scheme_a,double,global,global,4096,4096,8,8,4,2,19,5.119600000e-05,4.084367000e-03,2.498860000e-04,4.152140000e-03,4.152140000e-03,-1.000000000e+00,-1.000000000e+00,64.649905,65.722658,-1.000000,-1.000000000e+00,-1.000000000e+00,-1.000000000e+00,row,0,-1.000000000e+00,-1.000000
scheme_a,double,global,global,4096,4096,8,8,4,2,20,4.647600000e-05,4.069718000e-03,2.725620000e-04,4.169265000e-03,4.169265000e-03,-1.000000000e+00,-1.000000000e+00,64.384359,65.959228,-1.000000,-1.000000000e+00,-1.000000000e+00,-1.000000000e+00,row,0,-1.000000000e+00,-1.000000
scheme_a,double,global,global,4096,4096,20,8,4,2,1,1.141780000e-04,5.318635000e-03,6.983800000e-05,5.484381000e-03,5.484381000e-03,-1.000000000e+00,-1.000000000e+00,122.363607,126.176856,-1.000000,-1.000000000e+00,-1.000000000e+00,-1.000000000e+00,row,0,-1.000000000e+00,-1.000000
scheme_a,double,global,global,4096,4096,20,8,4,2,2,1.136190000e-04,5.308327000e-03,9.622800000e-05,5.467548000e-03,5.467548000e-03,-1.000000000e+00,-1.000000000e+00,122.740329,126.421873,-1.000000,-1.000000000e+00,-1.000000000e+00,-1.000000000e+00,row,0,-1.000000000e+00,-1.000000
scheme_a,double,global,global,4096,4096,20,8,4,2,3,1.118750000e-04,5.281238000e-03,8.756600000e-05,5.439458000e-03,5.439458000e-03,-1.000000000e+00,-1.000000000e+00,123.374174,127.070327,-1.000000,-1.000000000e+00,-1.000000000e+00,-1.000000000e+00,row,0,-1.000000000e+00,-1.000000
scheme_a,double,global,global,4096,4096,20,8,4,2,4,1.152710000e-04,5.304081000e-03,9.619200000e-05,5.458417000e-03,5.458417000e-03,-1.000000000e+00,-1.000000000e+00,122.945653,126.523075,-1.000000,-1.000000000e+00,-1.000000000e+00,-1.000000000e+00,row,0,-1.000000000e+00,-1.000000
scheme_a,double,global,global,4096,4096,20,8,4,2,5,1.255440000e-04,5.144294000e-03,9.018800000e-05,5.311733000e-03,5.311733000e-03,-1.000000000e+00,-1.000000000e+00,126.340808,130.453011,-1.000000,-1.000000000e+00,-1.000000000e+00,-1.000000000e+00,row,0,-1.000000000e+00,-1.000000
scheme_a,double,global,global,4096,4096,20,8,4,2,6,1.157640000e-04,5.235705000e-03,1.234900000e-04,5.396116000e-03,5.396116000e-03,-1.000000000e+00,-1.000000000e+00,124.365125,128.175411,-1.000000,-1.000000000e+00,-1.000000000e+00,-1.000000000e+00,row,0,-1.000000000e+00,-1.000000
scheme_a,double,global,global,4096,4096,20,8,4,2,7,1.153550000e-04,5.184158000e-03,1.116460000e-04,5.346610000e-03,5.346610000e-03,-1.000000000e+00,-1.000000000e+00,125.516662,129.449882,-1.000000,-1.000000000e+00,-1.000000000e+00,-1.000000000e+00,row,0,-1.000000000e+00,-1.000000
scheme_a,double,global,global,4096,4096,20,8,4,2,8,1.137540000e-04,5.092677000e-03,9.582500000e-05,5.249472000e-03,5.249472000e-03,-1.000000000e+00,-1.000000000e+00,127.839265,131.775222,-1.000000,-1.000000000e+00,-1.000000000e+00,-1.000000000e+00,row,0,-1.000000000e+00,-1.000000
scheme_a,double,global,global,4096,4096,20,8,4,2,9,1.168980000e-04,5.177923000e-03,1.091660000e-04,5.342180000e-03,5.342180000e-03,-1.000000000e+00,-1.000000000e+00,125.620747,129.605759,-1.000000,-1.000000000e+00,-1.000000000e+00,-1.000000000e+00,row,0,-1.000000000e+00,-1.000000
scheme_a,double,global,global,4096,4096,20,8,4,2,10,1.263570000e-04,5.259851000e-03,1.020450000e-04,5.434351000e-03,5.434351000e-03,-1.000000000e+00,-1.000000000e+00,123.490117,127.587006,-1.000000,-1.000000000e+00,-1.000000000e+00,-1.000000000e+00,row,0,-1.000000000e+00,-1.000000
scheme_a,double,global,global,4096,4096,20,8,4,2,11,1.109200000e-04,5.179286000e-03,1.136160000e-04,5.337093000e-03,5.337093000e-03,-1.000000000e+00,-1.000000000e+00,125.740481,129.571651,-1.000000,-1.000000000e+00,-1.000000000e+00,-1.000000000e+00,row,0,-1.000000000e+00,-1.000000
scheme_a,double,global,global,4096,4096,20,8,4,2,12,1.124260000e-04,5.232540000e-03,1.551910000e-04,5.401193000e-03,5.401193000e-03,-1.000000000e+00,-1.000000000e+00,124.248224,128.252940,-1.000000,-1.000000000e+00,-1.000000000e+00,-1.000000000e+00,row,0,-1.000000000e+00,-1.000000
scheme_a,double,global,global,4096,4096,20,8,4,2,13,1.376810000e-04,5.322249000e-03,1.750010000e-04,5.504312000e-03,5.504312000e-03,-1.000000000e+00,-1.000000000e+00,121.920531,126.091177,-1.000000,-1.000000000e+00,-1.000000000e+00,-1.000000000e+00,row,0,-1.000000000e+00,-1.000000
scheme_a,double,global,global,4096,4096,20,8,4,2,14,1.065390000e-04,5.487810000e-03,3.354220000e-04,5.622152000e-03,5.622152000e-03,-1.000000000e+00,-1.000000000e+00,119.365083,122.287149,-1.000000,-1.000000000e+00,-1.000000000e+00,-1.000000000e+00,row,0,-1.000000000e+00,-1.000000
scheme_a,double,global,global,4096,4096,20,8,4,2,15,1.102430000e-04,5.249172000e-03,7.744400000e-05,5.417825000e-03,5.417825000e-03,-1.000000000e+00,-1.000000000e+00,123.866799,127.846571,-1.000000,-1.000000000e+00,-1.000000000e+00,-1.000000000e+00,row,0,-1.000000000e+00,-1.000000
scheme_a,double,global,global,4096,4096,20,8,4,2,16,1.288140000e-04,5.222941000e-03,1.284360000e-04,5.383794000e-03,5.383794000e-03,-1.000000000e+00,-1.000000000e+00,124.649762,128.488650,-1.000000,-1.000000000e+00,-1.000000000e+00,-1.000000000e+00,row,0,-1.000000000e+00,-1.000000
scheme_a,double,global,global,4096,4096,20,8,4,2,17,1.135570000e-04,5.245389000e-03,9.679300000e-05,5.406808000e-03,5.406808000e-03,-1.000000000e+00,-1.000000000e+00,124.119192,127.938774,-1.000000,-1.000000000e+00,-1.000000000e+00,-1.000000000e+00,row,0,-1.000000000e+00,-1.000000
scheme_a,double,global,global,4096,4096,20,8,4,2,18,1.201270000e-04,5.285147000e-03,9.620600000e-05,5.443629000e-03,5.443629000e-03,-1.000000000e+00,-1.000000000e+00,123.279643,126.976343,-1.000000,-1.000000000e+00,-1.000000000e+00,-1.000000000e+00,row,0,-1.000000000e+00,-1.000000
scheme_a,double,global,global,4096,4096,20,8,4,2,19,1.262290000e-04,5.310982000e-03,8.967200000e-05,5.481693000e-03,5.481693000e-03,-1.000000000e+00,-1.000000000e+00,122.423609,126.358673,-1.000000,-1.000000000e+00,-1.000000000e+00,-1.000000000e+00,row,0,-1.000000000e+00,-1.000000
scheme_a,double,global,global,4096,4096,20,8,4,2,20,1.249990000e-04,5.211309000e-03,1.624580000e-04,5.415318000e-03,5.415318000e-03,-1.000000000e+00,-1.000000000e+00,123.924143,128.775446,-1.000000,-1.000000000e+00,-1.000000000e+00,-1.000000000e+00,row,0,-1.000000000e+00,-1.000000
scheme_a,double,global,global,4096,4096,32,8,4,2,1,2.478910000e-04,9.804155000e-03,2.528650000e-04,1.013379200e-02,1.013379200e-02,-1.000000000e+00,-1.000000000e+00,105.956568,109.519058,-1.000000,-1.000000000e+00,-1.000000000e+00,-1.000000000e+00,row,0,-1.000000000e+00,-1.000000
scheme_a,double,global,global,4096,4096,32,8,4,2,2,2.334670000e-04,9.830467000e-03,3.028750000e-04,1.014938000e-02,1.014938000e-02,-1.000000000e+00,-1.000000000e+00,105.793834,109.225922,-1.000000,-1.000000000e+00,-1.000000000e+00,-1.000000000e+00,row,0,-1.000000000e+00,-1.000000
scheme_a,double,global,global,4096,4096,32,8,4,2,3,2.338000000e-04,9.840879000e-03,1.539160000e-04,1.017047700e-02,1.017047700e-02,-1.000000000e+00,-1.000000000e+00,105.574382,109.110357,-1.000000,-1.000000000e+00,-1.000000000e+00,-1.000000000e+00,row,0,-1.000000000e+00,-1.000000
scheme_a,double,global,global,4096,4096,32,8,4,2,4,2.481730000e-04,9.888636000e-03,2.757770000e-04,1.016940700e-02,1.016940700e-02,-1.000000000e+00,-1.000000000e+00,105.585490,108.583411,-1.000000,-1.000000000e+00,-1.000000000e+00,-1.000000000e+00,row,0,-1.000000000e+00,-1.000000
scheme_a,double,global,global,4096,4096,32,8,4,2,5,2.241280000e-04,9.854582000e-03,2.393910000e-04,1.015045300e-02,1.015045300e-02,-1.000000000e+00,-1.000000000e+00,105.782651,108.958637,-1.000000,-1.000000000e+00,-1.000000000e+00,-1.000000000e+00,row,0,-1.000000000e+00,-1.000000
scheme_a,double,global,global,4096,4096,32,8,4,2,6,2.218680000e-04,9.851455000e-03,2.935190000e-04,1.014985700e-02,1.014985700e-02,-1.000000000e+00,-1.000000000e+00,105.788862,108.993222,-1.000000,-1.000000000e+00,-1.000000000e+00,-1.000000000e+00,row,0,-1.000000000e+00,-1.000000
scheme_a,double,global,global,4096,4096,32,8,4,2,7,2.175380000e-04,9.845714000e-03,2.835390000e-04,1.014265500e-02,1.014265500e-02,-1.000000000e+00,-1.000000000e+00,105.863980,109.056776,-1.000000,-1.000000000e+00,-1.000000000e+00,-1.000000000e+00,row,0,-1.000000000e+00,-1.000000
scheme_a,double,global,global,4096,4096,32,8,4,2,8,2.255740000e-04,9.841795000e-03,2.818150000e-04,1.015052100e-02,1.015052100e-02,-1.000000000e+00,-1.000000000e+00,105.781942,109.100202,-1.000000,-1.000000000e+00,-1.000000000e+00,-1.000000000e+00,row,0,-1.000000000e+00,-1.000000
scheme_a,double,global,global,4096,4096,32,8,4,2,9,2.259820000e-04,9.843582000e-03,3.112050000e-04,1.015732800e-02,1.015732800e-02,-1.000000000e+00,-1.000000000e+00,105.711052,109.080396,-1.000000,-1.000000000e+00,-1.000000000e+00,-1.000000000e+00,row,0,-1.000000000e+00,-1.000000
scheme_a,double,global,global,4096,4096,32,8,4,2,10,2.319480000e-04,9.831783000e-03,2.239960000e-04,1.014422900e-02,1.014422900e-02,-1.000000000e+00,-1.000000000e+00,105.847554,109.211302,-1.000000,-1.000000000e+00,-1.000000000e+00,-1.000000000e+00,row,0,-1.000000000e+00,-1.000000
scheme_a,double,global,global,4096,4096,32,8,4,2,11,2.208460000e-04,9.116160000e-03,2.647740000e-04,9.411342000e-03,9.411342000e-03,-1.000000000e+00,-1.000000000e+00,114.090193,117.784443,-1.000000,-1.000000000e+00,-1.000000000e+00,-1.000000000e+00,row,0,-1.000000000e+00,-1.000000
scheme_a,double,global,global,4096,4096,32,8,4,2,12,2.041990000e-04,9.204794000e-03,1.331550000e-04,9.491583000e-03,9.491583000e-03,-1.000000000e+00,-1.000000000e+00,113.125685,116.650283,-1.000000,-1.000000000e+00,-1.000000000e+00,-1.000000000e+00,row,0,-1.000000000e+00,-1.000000
scheme_a,double,global,global,4096,4096,32,8,4,2,13,2.200570000e-04,9.541085000e-03,2.873950000e-04,9.845641000e-03,9.845641000e-03,-1.000000000e+00,-1.000000000e+00,109.057584,112.538755,-1.000000,-1.000000000e+00,-1.000000000e+00,-1.000000000e+00,row,0,-1.000000000e+00,-1.000000
scheme_a,double,global,global,4096,4096,32,8,4,2,14,2.597950000e-04,9.858491000e-03,3.148270000e-04,1.010063600e-02,1.010063600e-02,-1.000000000e+00,-1.000000000e+00,106.304378,108.915434,-1.000000,-1.000000000e+00,-1.000000000e+00,-1.000000000e+00,row,0,-1.000000000e+00,-1.000000
scheme_a,double,global,global,4096,4096,32,8,4,2,15,2.418660000e-04,9.575498000e-03,2.949410000e-04,9.905110000e-03,9.905110000e-03,-1.000000000e+00,-1.000000000e+00,108.402817,112.134306,-1.000000,-1.000000000e+00,-1.000000000e+00,-1.000000000e+00,row,0,-1.000000000e+00,-1.000000
scheme_a,double,global,global,4096,4096,32,8,4,2,16,2.083150000e-04,9.428159000e-03,1.700510000e-04,9.718020000e-03,9.718020000e-03,-1.000000000e+00,-1.000000000e+00,110.489773,113.886690,-1.000000,-1.000000000e+00,-1.000000000e+00,-1.000000000e+00,row,0,-1.000000000e+00,-1.000000
scheme_a,double,global,global,4096,4096,32,8,4,2,17,2.241380000e-04,9.342586000e-03,2.122750000e-04,9.645290000e-03,9.645290000e-03,-1.000000000e+00,-1.000000000e+00,111.322918,114.929830,-1.000000,-1.000000000e+00,-1.000000000e+00,-1.000000000e+00,row,0,-1.000000000e+00,-1.000000
scheme_a,double,global,global,4096,4096,32,8,4,2,18,2.173250000e-04,9.273903000e-03,2.349260000e-04,9.557315000e-03,9.557315000e-03,-1.000000000e+00,-1.000000000e+00,112.347644,115.781007,-1.000000,-1.000000000e+00,-1.000000000e+00,-1.000000000e+00,row,0,-1.000000000e+00,-1.000000
scheme_a,double,global,global,4096,4096,32,8,4,2,19,1.935800000e-04,9.497878000e-03,1.631600000e-04,9.765503000e-03,9.765503000e-03,-1.000000000e+00,-1.000000000e+00,109.952536,113.050707,-1.000000,-1.000000000e+00,-1.000000000e+00,-1.000000000e+00,row,0,-1.000000000e+00,-1.000000
scheme_a,double,global,global,4096,4096,32,8,4,2,20,2.094960000e-04,9.326448000e-03,2.320070000e-04,9.613736000e-03,9.613736000e-03,-1.000000000e+00,-1.000000000e+00,111.688299,115.128699,-1.000000,-1.000000000e+00,-1.000000000e+00,-1.000000000e+00,row,0,-1.000000000e+00,-1.000000
scheme_a,double,global,global,4096,4096,3,8,8,1,1,6.385400000e-05,3.863335000e-03,3.259000000e-06,3.927019000e-03,3.927019000e-03,-1.000000000e+00,-1.000000000e+00,25.633514,26.056062,-1.000000,-1.000000000e+00,-1.000000000e+00,-1.000000000e+00,row,0,-1.000000000e+00,-1.000000
scheme_a,double,global,global,4096,4096,3,8,8,1,2,6.408100000e-05,3.939388000e-03,3.819000000e-06,4.005674000e-03,4.005674000e-03,-1.000000000e+00,-1.000000000e+00,25.130177,25.553029,-1.000000,-1.000000000e+00,-1.000000000e+00,-1.000000000e+00,row,0,-1.000000000e+00,-1.000000
scheme_a,double,global,global,4096,4096,3,8,8,1,3,6.175500000e-05,3.928765000e-03,3.277000000e-06,3.993521000e-03,3.993521000e-03,-1.000000000e+00,-1.000000000e+00,25.206652,25.622122,-1.000000,-1.000000000e+00,-1.000000000e+00,-1.000000000e+00,row,0,-1.000000000e+00,-1.000000
scheme_a,double,global,global,4096,4096,3,8,8,1,4,6.936300000e-05,3.940228000e-03,3.388000000e-06,4.005187000e-03,4.005187000e-03,-1.000000000e+00,-1.000000000e+00,25.133232,25.547582,-1.000000,-1.000000000e+00,-1.000000000e+00,-1.000000000e+00,row,0,-1.000000000e+00,-1.000000
scheme_a,double,global,global,4096,4096,3,8,8,1,5,6.577200000e-05,3.868361000e-03,3.367000000e-06,3.934100000e-03,3.934100000e-03,-1.000000000e+00,-1.000000000e+00,25.587376,26.022208,-1.000000,-1.000000000e+00,-1.000000000e+00,-1.000000000e+00,row,0,-1.000000000e+00,-1.000000
scheme_a,double,global,global,4096,4096,3,8,8,1,6,6.303900000e-05,3.946684000e-03,3.420000000e-06,4.009920000e-03,4.009920000e-03,-1.000000000e+00,-1.000000000e+00,25.103567,25.505791,-1.000000,-1.000000000e+00,-1.000000000e+00,-1.000000000e+00,row,0,-1.000000000e+00,-1.000000
scheme_a,double,global,global,4096,4096,3,8,8,1,7,6.196700000e-05,3.928980000e-03,3.732000000e-06,3.987960000e-03,3.987960000e-03,-1.000000000e+00,-1.000000000e+00,25.241802,25.620720,-1.000000,-1.000000000e+00,-1.000000000e+00,-1.000000000e+00,row,0,-1.000000000e+00,-1.000000
scheme_a,double,global,global,4096,4096,3,8,8,1,8,6.143200000e-05,3.919253000e-03,3.726000000e-06,3.979596000e-03,3.979596000e-03,-1.000000000e+00,-1.000000000e+00,25.294853,25.684307,-1.000000,-1.000000000e+00,-1.000000000e+00,-1.000000000e+00,row,0,-1.000000000e+00,-1.000000
scheme_a,double,global,global,4096,4096,3,8,8,1,9,6.292600000e-05,3.927263000e-03,1.953300000e-05,3.992526000e-03,3.992526000e-03,-1.000000000e+00,-1.000000000e+00,25.212934,25.631921,-1.000000,-1.000000000e+00,-1.000000000e+00,-1.000000000e+00,row,0,-1.000000000e+00,-1.000000
scheme_a,double,global,global,4096,4096,3,8,8,1,10,7.721800000e-05,3.798485000e-03,3.405000000e-06,3.875038000e-03,3.875038000e-03,-1.000000000e+00,-1.000000000e+00,25.977370,26.500907,-1.000000,-1.000000000e+00,-1.000000000e+00,-1.000000000e+00,row,0,-1.000000000e+00,-1.000000
scheme_a,double,global,global,4096,4096,3,8,8,1,11,6.124200000e-05,4.105049000e-03,3.879000000e-06,4.168795000e-03,4.168795000e-03,-1.000000000e+00,-1.000000000e+00,24.146857,24.521826,-1.000000,-1.000000000e+00,-1.000000000e+00,-1.000000000e+00,row,0,-1.000000000e+00,-1.000000
scheme_a,double,global,global,4096,4096,3,8,8,1,12,6.218100000e-05,3.960199000e-03,3.253000000e-06,4.019171000e-03,4.019171000e-03,-1.000000000e+00,-1.000000000e+00,25.045786,25.418747,-1.000000,-1.000000000e+00,-1.000000000e+00,-1.000000000e+00,row,0,-1.000000000e+00,-1.000000
scheme_a,double,global,global,4096,4096,3,8,8,1,13,6.014600000e-05,3.941604000e-03,3.828000000e-06,3.998221000e-03,3.998221000e-03,-1.000000000e+00,-1.000000000e+00,25.177021,25.538663,-1.000000,-1.000000000e+00,-1.000000000e+00,-1.000000000e+00,row,0,-1.000000000e+00,-1.000000
scheme_a,double,global,global,4096,4096,3,8,8,1,14,6.377400000e-05,3.940997000e-03,3.647000000e-06,3.997142000e-03,3.997142000e-03,-1.000000000e+00,-1.000000000e+00,25.183818,25.542596,-1.000000,-1.000000000e+00,-1.000000000e+00,-1.000000000e+00,row,0,-1.000000000e+00,-1.000000
scheme_a,double,global,global,4096,4096,3,8,8,1,15,6.186800000e-05,3.897328000e-03,3.417000000e-06,3.958578000e-03,3.958578000e-03,-1.000000000e+00,-1.000000000e+00,25.429156,25.828798,-1.000000,-1.000000000e+00,-1.000000000e+00,-1.000000000e+00,row,0,-1.000000000e+00,-1.000000
scheme_a,double,global,global,4096,4096,3,8,8,1,16,6.101400000e-05,3.896644000e-03,3.421000000e-06,3.958257000e-03,3.958257000e-03,-1.000000000e+00,-1.000000000e+00,25.431218,25.833331,-1.000000,-1.000000000e+00,-1.000000000e+00,-1.000000000e+00,row,0,-1.000000000e+00,-1.000000
scheme_a,double,global,global,4096,4096,3,8,8,1,17,6.161300000e-05,3.865092000e-03,3.411000000e-06,3.927108000e-03,3.927108000e-03,-1.000000000e+00,-1.000000000e+00,25.632933,26.044217,-1.000000,-1.000000000e+00,-1.000000000e+00,-1.000000000e+00,row,0,-1.000000000e+00,-1.000000
scheme_a,double,global,global,4096,4096,3,8,8,1,18,6.221000000e-05,3.850048000e-03,3.553000000e-06,3.913285000e-03,3.913285000e-03,-1.000000000e+00,-1.000000000e+00,25.723477,26.145985,-1.000000,-1.000000000e+00,-1.000000000e+00,-1.000000000e+00,row,0,-1.000000000e+00,-1.000000
scheme_a,double,global,global,4096,4096,3,8,8,1,19,6.017400000e-05,3.902399000e-03,3.213000000e-06,3.961273000e-03,3.961273000e-03,-1.000000000e+00,-1.000000000e+00,25.411855,25.795234,-1.000000,-1.000000000e+00,-1.000000000e+00,-1.000000000e+00,row,0,-1.000000000e+00,-1.000000
scheme_a,double,global,global,4096,4096,3,8,8,1,20,6.093800000e-05,3.878321000e-03,3.206000000e-06,3.941077000e-03,3.941077000e-03,-1.000000000e+00,-1.000000000e+00,25.542078,25.955380,-1.000000,-1.000000000e+00,-1.000000000e+00,-1.000000000e+00,row,0,-1.000000000e+00,-1.000000
scheme_a,double,global,global,4096,4096,6,8,8,1,1,1.241080000e-04,4.007725000e-03,1.513700000e-05,4.133926000e-03,4.133926000e-03,-1.000000000e+00,-1.000000000e+00,48.701063,50.234632,-1.000000,-1.000000000e+00,-1.000000000e+00,-1.000000000e+00,row,0,-1.000000000e+00,-1.000000
scheme_a,double,global,global,4096,4096,6,8,8,1,2,1.258690000e-04,4.037876000e-03,7.068000000e-06,4.168558000e-03,4.168558000e-03,-1.000000000e+00,-1.000000000e+00,48.296459,49.859528,-1.000000,-1.000000000e+00,-1.000000000e+00,-1.000000000e+00,row,0,-1.000000000e+00,-1.000000
scheme_a,double,global,global,4096,4096,6,8,8,1,3,1.079890000e-04,4.063623000e-03,6.219000000e-06,4.176484000e-03,4.176484000e-03,-1.000000000e+00,-1.000000000e+00,48.204804,49.543620,-1.000000,-1.000000000e+00,-1.000000000e+00,-1.000000000e+00,row,0,-1.000000000e+00,-1.000000
scheme_a,double,global,global,4096,4096,6,8,8,1,4,1.087950000e-04,4.000851000e-03,7.052000000e-06,4.108409000e-03,4.108409000e-03,-1.000000000e+00,-1.000000000e+00,49.003542,50.320942,-1.000000,-1.000000000e+00,-1.000000000e+00,-1.000000000e+00,row,0,-1.000000000e+00,-1.000000
scheme_a,double,global,global,4096,4096,6,8,8,1,5,1.281900000e-04,3.864784000e-03,7.132000000e-06,3.992521000e-03,3.992521000e-03,-1.000000000e+00,-1.000000000e+00,50.425932,52.092586,-1.000000,-1.000000000e+00,-1.000000000e+00,-1.000000000e+00,row,0,-1.000000000e+00,-1.000000
scheme_a,double,global,global,4096,4096,6,8,8,1,6,1.263620000e-04,3.873989000e-03,6.475000000e-06,4.005064000e-03,4.005064000e-03,-1.000000000e+00,-1.000000000e+00,50.268009,51.968808,-1.000000,-1.000000000e+00,-1.000000000e+00,-1.000000000e+00,row,0,-1.000000000e+00,-1.000000
scheme_a,double,global,global,4096,4096,6,8,8,1,7,1.167590000e-04,4.003833000e-03,8.371000000e-06,4.118405000e-03,4.118405000e-03,-1.000000000e+00,-1.000000000e+00,48.884603,50.283464,-1.000000,-1.000000000e+00,-1.000000000e+00,-1.000000000e+00,row,0,-1.000000000e+00,-1.000000
scheme_a,double,global,global,4096,4096,6,8,8,1,8,1.072180000e-04,3.976958000e-03,6.304000000e-06,4.086103000e-03,4.086103000e-03,-1.000000000e+00,-1.000000000e+00,49.271052,50.623263,-1.000000,-1.000000000e+00,-1.000000000e+00,-1.000000000e+00,row,0,-1.000000000e+00,-1.000000
scheme_a,double,global,global,4096,4096,6,8,8,1,9,1.036140000e-04,4.001698000e-03,6.323000000e-06,4.100258000e-03,4.100258000e-03,-1.000000000e+00,-1.000000000e+00,49.100957,50.310291,-1.000000,-1.000000000e+00,-1.000000000e+00,-1.000000000e+00,row,0,-1.000000000e+00,-1.000000
scheme_a,double,global,global,4096,4096,6,8,8,1,10,1.347680000e-04,4.138678000e-03,5.960000000e-06,4.218536000e-03,4.218536000e-03,-1.000000000e+00,-1.000000000e+00,47.724280,48.645145,-1.000000,-1.000000000e+00,-1.000000000e+00,-1.000000000e+00,row,0,-1.000000000e+00,-1.000000
scheme_a,double,global,global,4096,4096,6,8,8,1,11,1.258470000e-04,4.116356000e-03,6.356000000e-06,4.238315000e-03,4.238315000e-03,-1.000000000e+00,-1.000000000e+00,47.501564,48.908936,-1.000000,-1.000000000e+00,-1.000000000e+00,-1.000000000e+00,row,0,-1.000000000e+00,-1.000000
scheme_a,double,global,global,4096,4096,6,8,8,1,12,1.089520000e-04,4.005355000e-03,6.034000000e-06,4.111018000e-03,4.111018000e-03,-1.000000000e+00,-1.000000000e+00,48.972442,50.264357,-1.000000,-1.000000000e+00,-1.000000000e+00,-1.000000000e+00,row,0,-1.000000000e+00,-1.000000
scheme_a,double,global,global,4096,4096,6,8,8,1,13,1.225170000e-04,4.033532000e-03,1.564500000e-05,4.152612000e-03,4.152612000e-03,-1.000000000e+00,-1.000000000e+00,48.481917,49.913225,-1.000000,-1.000000000e+00,-1.000000000e+00,-1.000000000e+00,row,0,-1.000000000e+00,-1.000000
scheme_a,double,global,global,4096,4096,6,8,8,1,14,1.098700000e-04,4.079584000e-03,5.901000000e-06,4.194814000e-03,4.194814000e-03,-1.000000000e+00,-1.000000000e+00,47.994164,49.349785,-1.000000,-1.000000000e+00,-1.000000000e+00,-1.000000000e+00,row,0,-1.000000000e+00,-1.000000
scheme_a,double,global,global,4096,4096,6,8,8,1,15,1.058790000e-04,4.014422000e-03,6.381000000e-06,4.122025000e-03,4.122025000e-03,-1.000000000e+00,-1.000000000e+00,48.841672,50.150829,-1.000000,-1.000000000e+00,-1.000000000e+00,-1.000000000e+00,row,0,-1.000000000e+00,-1.000000
scheme_a,double,global,global,4096,4096,6,8,8,1,16,1.193030000e-04,4.015637000e-03,6.481000000e-06,4.125804000e-03,4.125804000e-03,-1.000000000e+00,-1.000000000e+00,48.796936,50.135655,-1.000000,-1.000000000e+00,-1.000000000e+00,-1.000000000e+00,row,0,-1.000000000e+00,-1.000000
scheme_a,double,global,global,4096,4096,6,8,8,1,17,1.081940000e-04,3.941091000e-03,6.928000000e-06,4.049489000e-03,4.049489000e-03,-1.000000000e+00,-1.000000000e+00,49.716543,51.083974,-1.000000,-1.000000000e+00,-1.000000000e+00,-1.000000000e+00,row,0,-1.000000000e+00,-1.000000
scheme_a,double,global,global,4096,4096,6,8,8,1,18,1.094920000e-04,3.929149000e-03,6.534000000e-06,4.042552000e-03,4.042552000e-03,-1.000000000e+00,-1.000000000e+00,49.801856,51.239236,-1.000000,-1.000000000e+00,-1.000000000e+00,-1.000000000e+00,row,0,-1.000000000e+00,-1.000000
scheme_a,double,global,global,4096,4096,6,8,8,1,19,1.094700000e-04,3.981625000e-03,5.741000000e-06,4.085250000e-03,4.085250000e-03,-1.000000000e+00,-1.000000000e+00,49.281339,50.563926,-1.000000,-1.000000000e+00,-1.000000000e+00,-1.000000000e+00,row,0,-1.000000000e+00,-1.000000
scheme_a,double,global,global,4096,4096,6,8,8,1,20,1.164310000e-04,3.992229000e-03,7.309000000e-06,4.110327000e-03,4.110327000e-03,-1.000000000e+00,-1.000000000e+00,48.980675,50.429620,-1.000000,-1.000000000e+00,-1.000000000e+00,-1.000000000e+00,row,0,-1.000000000e+00,-1.000000
scheme_a,double,global,global,4096,4096,8,8,8,1,1,1.429300000e-04,4.083832000e-03,7.957000000e-06,4.213376000e-03,4.213376000e-03,-1.000000000e+00,-1.000000000e+00,63.710302,65.731268,-1.000000,-1.000000000e+00,-1.000000000e+00,-1.000000000e+00,row,0,-1.000000000e+00,-1.000000
scheme_a,double,global,global,4096,4096,8,8,8,1,2,1.556420000e-04,4.011415000e-03,8.209000000e-06,4.168096000e-03,4.168096000e-03,-1.000000000e+00,-1.000000000e+00,64.402417,66.917897,-1.000000,-1.000000000e+00,-1.000000000e+00,-1.000000000e+00,row,0,-1.000000000e+00,-1.000000
scheme_a,double,global,global,4096,4096,8,8,8,1,3,1.477470000e-04,4.121225000e-03,7.696000000e-06,4.263536000e-03,4.263536000e-03,-1.000000000e+00,-1.000000000e+00,62.960757,65.134870,-1.000000,-1.000000000e+00,-1.000000000e+00,-1.000000000e+00,row,0,-1.000000000e+00,-1.000000
scheme_a,double,global,global,4096,4096,8,8,8,1,4,1.489570000e-04,4.028168000e-03,8.112000000e-06,4.179482000e-03,4.179482000e-03,-1.000000000e+00,-1.000000000e+00,64.226968,66.639588,-1.000000,-1.000000000e+00,-1.000000000e+00,-1.000000000e+00,row,0,-1.000000000e+00,-1.000000
scheme_a,double,global,global,4096,4096,8,8,8,1,5,1.631640000e-04,4.007904000e-03,8.749000000e-06,4.178007000e-03,4.178007000e-03,-1.000000000e+00,-1.000000000e+00,64.249642,66.976518,-1.000000,-1.000000000e+00,-1.000000000e+00,-1.000000000e+00,row,0,-1.000000000e+00,-1.000000
scheme_a,double,global,global,4096,4096,8,8,8,1,6,1.436690000e-04,4.055525000e-03,7.523000000e-06,4.184999000e-03,4.184999000e-03,-1.000000000e+00,-1.000000000e+00,64.142299,66.190063,-1.000000,-1.000000000e+00,-1.000000000e+00,-1.000000000e+00,row,0,-1.000000000e+00,-1.000000
scheme_a,double,global,global,4096,4096,8,8,8,1,7,1.472400000e-04,4.005169000e-03,7.403000000e-06,4.153143000e-03,4.153143000e-03,-1.000000000e+00,-1.000000000e+00,64.634292,67.022254,-1.000000,-1.000000000e+00,-1.000000000e+00,-1.000000000e+00,row,0,-1.000000000e+00,-1.000000
scheme_a,double,global,global,4096,4096,8,8,8,1,8,1.493210000e-04,4.034643000e-03,7.582000000e-06,4.186194000e-03,4.186194000e-03,-1.000000000e+00,-1.000000000e+00,64.123989,66.532641,-1.000000,-1.000000000e+00,-1.000000000e+00,-1.000000000e+00,row,0,-1.000000000e+00,-1.000000
scheme_a,double,global,global,4096,4096,8,8,8,1,9,1.452490000e-04,4.073678000e-03,7.786000000e-06,4.223394000e-03,4.223394000e-03,-1.000000000e+00,-1.000000000e+00,63.559179,65.895109,-1.000000,-1.000000000e+00,-1.000000000e+00,-1.000000000e+00,row,0,-1.000000000e+00,-1.000000
scheme_a,double,global,global,4096,4096,8,8,8,1,10,1.528660000e-04,4.020275000e-03,7.388000000e-06,4.170291000e-03,4.170291000e-03,-1.000000000e+00,-1.000000000e+00,64.368519,66.770421,-1.000000,-1.000000000e+00,-1.000000000e+00,-1.000000000e+00,row,0,-1.000000000e+00,-1.000000
scheme_a,double,global,global,4096,4096,8,8,8,1,11,1.503610000e-04,4.020994000e-03,8.027000000e-06,4.159199000e-03,4.159199000e-03,-1.000000000e+00,-1.000000000e+00,64.540181,66.758482,-1.000000,-1.000000000e+00,-1.000000000e+00,-1.000000000e+00,row,0,-1.000000000e+00,-1.000000
scheme_a,double,global,global,4096,4096,8,8,8,1,12,1.457810000e-04,4.113724000e-03,7.945000000e-06,4.266231000e-03,4.266231000e-03,-1.000000000e+00,-1.000000000e+00,62.920985,65.253638,-1.000000,-1.000000000e+00,-1.000000000e+00,-1.000000000e+00,row,0,-1.000000000e+00,-1.000000
scheme_a,double,global,global,4096,4096,8,8,8,1,13,1.488410000e-04,4.070817000e-03,8.200000000e-06,4.221600000e-03,4.221600000e-03,-1.000000000e+00,-1.000000000e+00,63.586189,65.941421,-1.000000,-1.000000000e+00,-1.000000000e+00,-1.000000000e+00,row,0,-1.000000000e+00,-1.000000
scheme_a,double,global,global,4096,4096,8,8,8,1,14,1.412160000e-04,4.106385000e-03,8.377000000e-06,4.243802000e-03,4.243802000e-03,-1.000000000e+00,-1.000000000e+00,63.253530,65.370260,-1.000000,-1.000000000e+00,-1.000000000e+00,-1.000000000e+00,row,0,-1.000000000e+00,-1.000000
scheme_a,double,global,global,4096,4096,8,8,8,1,15,1.452350000e-04,4.031747000e-03,7.960000000e-06,4.172583000e-03,4.172583000e-03,-1.000000000e+00,-1.000000000e+00,64.333161,66.580432,-1.000000,-1.000000000e+00,-1.000000000e+00,-1.000000000e+00,row,0,-1.000000000e+00,-1.000000
scheme_a,double,global,global,4096,4096,8,8,8,1,16,1.444540000e-04,4.013028000e-03,7.672000000e-06,4.160083000e-03,4.160083000e-03,-1.000000000e+00,-1.000000000e+00,64.526466,66.891000,-1.000000,-1.000000000e+00,-1.000000000e+00,-1.000000000e+00,row,0,-1.000000000e+00,-1.000000
scheme_a,double,global,global,4096,4096,8,8,8,1,17,1.728570000e-04,4.102072000e-03,7.914000000e-06,4.275912000e-03,4.275912000e-03,-1.000000000e+00,-1.000000000e+00,62.778527,65.438992,-1.000000,-1.000000000e+00,-1.000000000e+00,-1.000000000e+00,row,0,-1.000000000e+00,-1.000000
scheme_a,double,global,global,4096,4096,8,8,8,1,18,1.455030000e-04,4.045216000e-03,8.577000000e-06,4.193563000e-03,4.193563000e-03,-1.000000000e+00,-1.000000000e+00,64.011309,66.358745,-1.000000,-1.000000000e+00,-1.000000000e+00,-1.000000000e+00,row,0,-1.000000000e+00,-1.000000
scheme_a,double,global,global,4096,4096,8,8,8,1,19,1.452530000e-04,3.993719000e-03,8.222000000e-06,4.138631000e-03,4.138631000e-03,-1.000000000e+00,-1.000000000e+00,64.860930,67.214407,-1.000000,-1.000000000e+00,-1.000000000e+00,-1.000000000e+00,row,0,-1.000000000e+00,-1.000000
scheme_a,double,global,global,4096,4096,8,8,8,1,20,1.430320000e-04,3.994477000e-03,7.868000000e-06,4.137176000e-03,4.137176000e-03,-1.000000000e+00,-1.000000000e+00,64.883741,67.201653,-1.000000,-1.000000000e+00,-1.000000000e+00,-1.000000000e+00,row,0,-1.000000000e+00,-1.000000
scheme_a,double,global,global,4096,4096,20,8,8,1,1,3.657510000e-04,5.842369000e-03,1.700200000e-05,6.218934000e-03,6.218934000e-03,-1.000000000e+00,-1.000000000e+00,107.910558,114.865843,-1.000000,-1.000000000e+00,-1.000000000e+00,-1.000000000e+00,row,0,-1.000000000e+00,-1.000000
scheme_a,double,global,global,4096,4096,20,8,8,1,2,3.799670000e-04,5.799918000e-03,1.726700000e-05,6.192311000e-03,6.192311000e-03,-1.000000000e+00,-1.000000000e+00,108.374505,115.706574,-1.000000,-1.000000000e+00,-1.000000000e+00,-1.000000000e+00,row,0,-1.000000000e+00,-1.000000
scheme_a,double,global,global,4096,4096,20,8,8,1,3,4.125400000e-04,5.829931000e-03,1.681000000e-05,6.238111000e-03,6.238111000e-03,-1.000000000e+00,-1.000000000e+00,107.578823,115.110906,-1.000000,-1.000000000e+00,-1.000000000e+00,-1.000000000e+00,row,0,-1.000000000e+00,-1.000000
scheme_a,double,global,global,4096,4096,20,8,8,1,4,4.046000000e-04,5.819398000e-03,1.735900000e-05,6.219052000e-03,6.219052000e-03,-1.000000000e+00,-1.000000000e+00,107.908511,115.319255,-1.000000,-1.000000000e+00,-1.000000000e+00,-1.000000000e+00,row,0,-1.000000000e+00,-1.000000
scheme_a,double,global,global,4096,4096,20,8,8,1,5,3.723400000e-04,5.824072000e-03,1.766900000e-05,6.197383000e-03,6.197383000e-03,-1.000000000e+00,-1.000000000e+00,108.285810,115.226707,-1.000000,-1.000000000e+00,-1.000000000e+00,-1.000000000e+00,row,0,-1.000000000e+00,-1.000000
scheme_a,double,global,global,4096,4096,20,8,8,1,6,4.048880000e-04,5.793052000e-03,1.730800000e-05,6.206044000e-03,6.206044000e-03,-1.000000000e+00,-1.000000000e+00,108.134689,115.843711,-1.000000,-1.000000000e+00,-1.000000000e+00,-1.000000000e+00,row,0,-1.000000000e+00,-1.000000
scheme_a,double,global,global,4096,4096,20,8,8,1,7,3.981480000e-04,5.819826000e-03,2.642900000e-05,6.238413000e-03,6.238413000e-03,-1.000000000e+00,-1.000000000e+00,107.573615,115.310774,-1.000000,-1.000000000e+00,-1.000000000e+00,-1.000000000e+00,row,0,-1.000000000e+00,-1.000000
scheme_a,double,global,global,4096,4096,20,8,8,1,8,3.969700000e-04,5.799152000e-03,1.660200000e-05,6.201485000e-03,6.201485000e-03,-1.000000000e+00,-1.000000000e+00,108.214184,115.721857,-1.000000,-1.000000000e+00,-1.000000000e+00,-1.000000000e+00,row,0,-1.000000000e+00,-1.000000
scheme_a,double,global,global,4096,4096,20,8,8,1,9,3.740050000e-04,5.824303000e-03,1.874900000e-05,6.209512000e-03,6.209512000e-03,-1.000000000e+00,-1.000000000e+00,108.074296,115.222137,-1.000000,-1.000000000e+00,-1.000000000e+00,-1.000000000e+00,row,0,-1.000000000e+00,-1.000000
scheme_a,double,global,global,4096,4096,20,8,8,1,10,3.735280000e-04,5.858401000e-03,1.688300000e-05,6.211901000e-03,6.211901000e-03,-1.000000000e+00,-1.000000000e+00,108.032733,114.551503,-1.000000,-1.000000000e+00,-1.000000000e+00,-1.000000000e+00,row,0,-1.000000000e+00,-1.000000
scheme_a,double,global,global,4096,4096,20,8,8,1,11,3.969370000e-04,5.862731000e-03,1.733400000e-05,6.269495000e-03,6.269495000e-03,-1.000000000e+00,-1.000000000e+00,107.040302,114.466899,-1.000000,-1.000000000e+00,-1.000000000e+00,-1.000000000e+00,row,0,-1.000000000e+00,-1.000000
scheme_a,double,global,global,4096,4096,20,8,8,1,12,3.787660000e-04,5.839953000e-03,1.708100000e-05,6.232047000e-03,6.232047000e-03,-1.000000000e+00,-1.000000000e+00,107.683501,114.913363,-1.000000,-1.000000000e+00,-1.000000000e+00,-1.000000000e+00,row,0,-1.000000000e+00,-1.000000
scheme_a,double,global,global,4096,4096,20,8,8,1,13,3.862980000e-04,5.789815000e-03,1.689400000e-05,6.176587000e-03,6.176587000e-03,-1.000000000e+00,-1.000000000e+00,108.650399,115.908477,-1.000000,-1.000000000e+00,-1.000000000e+00,-1.000000000e+00,row,0,-1.000000000e+00,-1.000000
scheme_a,double,global,global,4096,4096,20,8,8,1,14,3.849320000e-04,5.863548000e-03,1.713300000e-05,6.253324000e-03,6.253324000e-03,-1.000000000e+00,-1.000000000e+00,107.317107,114.450950,-1.000000,-1.000000000e+00,-1.000000000e+00,-1.000000000e+00,row,0,-1.000000000e+00,-1.000000
scheme_a,double,global,global,4096,4096,20,8,8,1,15,3.940310000e-04,5.832929000e-03,1.951900000e-05,6.244134000e-03,6.244134000e-03,-1.000000000e+00,-1.000000000e+00,107.475054,115.051742,-1.000000,-1.000000000e+00,-1.000000000e+00,-1.000000000e+00,row,0,-1.000000000e+00,-1.000000
scheme_a,double,global,global,4096,4096,20,8,8,1,16,3.861010000e-04,5.856954000e-03,1.701200000e-05,6.251337000e-03,6.251337000e-03,-1.000000000e+00,-1.000000000e+00,107.351218,114.579804,-1.000000,-1.000000000e+00,-1.000000000e+00,-1.000000000e+00,row,0,-1.000000000e+00,-1.000000
scheme_a,double,global,global,4096,4096,20,8,8,1,17,3.829290000e-04,5.827109000e-03,1.801800000e-05,6.209871000e-03,6.209871000e-03,-1.000000000e+00,-1.000000000e+00,108.068048,115.166653,-1.000000,-1.000000000e+00,-1.000000000e+00,-1.000000000e+00,row,0,-1.000000000e+00,-1.000000
scheme_a,double,global,global,4096,4096,20,8,8,1,18,3.830460000e-04,5.814636000e-03,1.691400000e-05,6.201654000e-03,6.201654000e-03,-1.000000000e+00,-1.000000000e+00,108.211235,115.413697,-1.000000,-1.000000000e+00,-1.000000000e+00,-1.000000000e+00,row,0,-1.000000000e+00,-1.000000
scheme_a,double,global,global,4096,4096,20,8,8,1,19,4.060810000e-04,5.856959000e-03,1.744900000e-05,6.254435000e-03,6.254435000e-03,-1.000000000e+00,-1.000000000e+00,107.298044,114.579706,-1.000000,-1.000000000e+00,-1.000000000e+00,-1.000000000e+00,row,0,-1.000000000e+00,-1.000000
scheme_a,double,global,global,4096,4096,20,8,8,1,20,3.914650000e-04,5.799359000e-03,1.654600000e-05,6.195598000e-03,6.195598000e-03,-1.000000000e+00,-1.000000000e+00,108.317008,115.717727,-1.000000,-1.000000000e+00,-1.000000000e+00,-1.000000000e+00,row,0,-1.000000000e+00,-1.000000
scheme_a,double,global,global,4096,4096,32,8,8,1,1,5.964160000e-04,1.950957400e-02,3.202100000e-05,2.012825600e-02,2.012825600e-02,-1.000000000e+00,-1.000000000e+00,53.345000,55.036662,-1.000000,-1.000000000e+00,-1.000000000e+00,-1.000000000e+00,row,0,-1.000000000e+00,-1.000000
scheme_a,double,global,global,4096,4096,32,8,8,1,2,5.855570000e-04,1.947826500e-02,3.430200000e-05,2.008944800e-02,2.008944800e-02,-1.000000000e+00,-1.000000000e+00,53.448050,55.125127,-1.000000,-1.000000000e+00,-1.000000000e+00,-1.000000000e+00,row,0,-1.000000000e+00,-1.000000
scheme_a,double,global,global,4096,4096,32,8,8,1,3,5.866640000e-04,1.960893500e-02,3.291100000e-05,2.022142300e-02,2.022142300e-02,-1.000000000e+00,-1.000000000e+00,53.099222,54.757784,-1.000000,-1.000000000e+00,-1.000000000e+00,-1.000000000e+00,row,0,-1.000000000e+00,-1.000000
scheme_a,double,global,global,4096,4096,32,8,8,1,4,5.685900000e-04,1.966102500e-02,3.172900000e-05,2.025668400e-02,2.025668400e-02,-1.000000000e+00,-1.000000000e+00,53.006791,54.612708,-1.000000,-1.000000000e+00,-1.000000000e+00,-1.000000000e+00,row,0,-1.000000000e+00,-1.000000
scheme_a,double,global,global,4096,4096,32,8,8,1,5,6.267830000e-04,1.958227100e-02,3.677400000e-05,2.021616300e-02,2.021616300e-02,-1.000000000e+00,-1.000000000e+00,53.113038,54.832344,-1.000000,-1.000000000e+00,-1.000000000e+00,-1.000000000e+00,row,0,-1.000000000e+00,-1.000000
scheme_a,double,global,global,4096,4096,32,8,8,1,6,6.027260000e-04,1.991788500e-02,3.069000000e-05,2.053979600e-02,2.053979600e-02,-1.000000000e+00,-1.000000000e+00,52.276168,53.908426,-1.000000,-1.000000000e+00,-1.000000000e+00,-1.000000000e+00,row,0,-1.000000000e+00,-1.000000
scheme_a,double,global,global,4096,4096,32,8,8,1,7,6.047830000e-04,1.968456000e-02,3.099900000e-05,2.031385400e-02,2.031385400e-02,-1.000000000e+00,-1.000000000e+00,52.857613,54.547413,-1.000000,-1.000000000e+00,-1.000000000e+00,-1.000000000e+00,row,0,-1.000000000e+00,-1.000000
scheme_a,double,global,global,4096,4096,32,8,8,1,8,5.827420000e-04,1.954031500e-02,3.598200000e-05,2.015009000e-02,2.015009000e-02,-1.000000000e+00,-1.000000000e+00,53.287197,54.950078,-1.000000,-1.000000000e+00,-1.000000000e+00,-1.000000000e+00,row,0,-1.000000000e+00,-1.000000
scheme_a,double,global,global,4096,4096,32,8,8,1,9,5.960610000e-04,1.958219800e-02,3.120700000e-05,2.020674600e-02,2.020674600e-02,-1.000000000e+00,-1.000000000e+00,53.137790,54.832549,-1.000000,-1.000000000e+00,-1.000000000e+00,-1.000000000e+00,row,0,-1.000000000e+00,-1.000000
scheme_a,double,global,global,4096,4096,32,8,8,1,10,5.944500000e-04,1.965512900e-02,3.033500000e-05,2.025050900e-02,2.025050900e-02,-1.000000000e+00,-1.000000000e+00,53.022955,54.629091,-1.000000,-1.000000000e+00,-1.000000000e+00,-1.000000000e+00,row,0,-1.000000000e+00,-1.000000
scheme_a,double,global,global,4096,4096,32,8,8,1,11,5.930220000e-04,1.969496800e-02,3.963300000e-05,2.031293400e-02,2.031293400e-02,-1.000000000e+00,-1.000000000e+00,52.860007,54.518587,-1.000000,-1.000000000e+00,-1.000000000e+00,-1.000000000e+00,row,0,-1.000000000e+00,-1.000000
scheme_a,double,global,global,4096,4096,32,8,8,1,12,5.749530000e-04,1.957147000e-02,3.179300000e-05,2.017463100e-02,2.017463100e-02,-1.000000000e+00,-1.000000000e+00,53.222377,54.862605,-1.000000,-1.000000000e+00,-1.000000000e+00,-1.000000000e+00,row,0,-1.000000000e+00,-1.000000
scheme_a,double,global,global,4096,4096,32,8,8,1,13,5.921420000e-04,1.950193700e-02,3.112700000e-05,2.012303500e-02,2.012303500e-02,-1.000000000e+00,-1.000000000e+00,53.358841,55.058214,-1.000000,-1.000000000e+00,-1.000000000e+00,-1.000000000e+00,row,0,-1.000000000e+00,-1.000000
scheme_a,double,global,global,4096,4096,32,8,8,1,14,6.174730000e-04,1.959975500e-02,3.111200000e-05,2.024583400e-02,2.024583400e-02,-1.000000000e+00,-1.000000000e+00,53.035198,54.783431,-1.000000,-1.000000000e+00,-1.000000000e+00,-1.000000000e+00,row,0,-1.000000000e+00,-1.000000
scheme_a,double,global,global,4096,4096,32,8,8,1,15,6.134680000e-04,1.961168900e-02,3.136700000e-05,2.024955100e-02,2.024955100e-02,-1.000000000e+00,-1.000000000e+00,53.025463,54.750094,-1.000000,-1.000000000e+00,-1.000000000e+00,-1.000000000e+00,row,0,-1.000000000e+00,-1.000000
scheme_a,double,global,global,4096,4096,32,8,8,1,16,6.099880000e-04,1.969507400e-02,3.250700000e-05,2.031936000e-02,2.031936000e-02,-1.000000000e+00,-1.000000000e+00,52.843290,54.518293,-1.000000,-1.000000000e+00,-1.000000000e+00,-1.000000000e+00,row,0,-1.000000000e+00,-1.000000
scheme_a,double,global,global,4096,4096,32,8,8,1,17,5.892870000e-04,1.964473800e-02,3.393500000e-05,2.026235300e-02,2.026235300e-02,-1.000000000e+00,-1.000000000e+00,52.991961,54.657986,-1.000000,-1.000000000e+00,-1.000000000e+00,-1.000000000e+00,row,0,-1.000000000e+00,-1.000000
scheme_a,double,global,global,4096,4096,32,8,8,1,18,6.080900000e-04,2.098267100e-02,4.940400000e-05,2.160610600e-02,2.160610600e-02,-1.000000000e+00,-1.000000000e+00,49.696221,51.172790,-1.000000,-1.000000000e+00,-1.000000000e+00,-1.000000000e+00,row,0,-1.000000000e+00,-1.000000
scheme_a,double,global,global,4096,4096,32,8,8,1,19,6.254030000e-04,1.960497900e-02,3.131900000e-05,2.025795700e-02,2.025795700e-02,-1.000000000e+00,-1.000000000e+00,53.003461,54.768833,-1.000000,-1.000000000e+00,-1.000000000e+00,-1.000000000e+00,row,0,-1.000000000e+00,-1.000000
scheme_a,double,global,global,4096,4096,32,8,8,1,20,5.766990000e-04,1.959689900e-02,3.405700000e-05,2.020040700e-02,2.020040700e-02,-1.000000000e+00,-1.000000000e+00,53.154465,54.791415,-1.000000,-1.000000000e+00,-1.000000000e+00,-1.000000000e+00,row,0,-1.000000000e+00,-1.000000
