kernel,scalar,a_mode,x_mode,M,N,k,P,pr,pc,rep,t_bcast_s,t_local_s,t_reduce_s,t_total_s,t_official_s,t_kernel_s,t_transfer_runtime_overhead_s,gflops,gflops_compute,gflops_kernel,t_h2d_X_s,t_d2h_Y_s,t_launch_overhead_s,x_layout,group_timing,t_local_group_s,gflops_local_group
scheme_a_jblock,double,global,global,4096,4096,3,8,1,8,1,2.380000000e-07,3.940840000e-03,2.985830000e-04,4.041426000e-03,4.041426000e-03,-1.000000000e+00,-1.000000000e+00,24.907866,25.543614,-1.000000,-1.000000000e+00,-1.000000000e+00,-1.000000000e+00,row,0,-1.000000000e+00,-1.000000
scheme_a_jblock,double,global,global,4096,4096,3,8,1,8,2,2.940000000e-07,3.933739000e-03,2.883720000e-04,4.028646000e-03,4.028646000e-03,-1.000000000e+00,-1.000000000e+00,24.986880,25.589724,-1.000000,-1.000000000e+00,-1.000000000e+00,-1.000000000e+00,row,0,-1.000000000e+00,-1.000000
scheme_a_jblock,double,global,global,4096,4096,3,8,1,8,3,4.350000000e-07,3.927086000e-03,3.676280000e-04,4.021642000e-03,4.021642000e-03,-1.000000000e+00,-1.000000000e+00,25.030397,25.633077,-1.000000,-1.000000000e+00,-1.000000000e+00,-1.000000000e+00,row,0,-1.000000000e+00,-1.000000
scheme_a_jblock,double,global,global,4096,4096,3,8,1,8,4,2.689999999e-07,3.899107000e-03,2.948800000e-04,3.992136000e-03,3.992136000e-03,-1.000000000e+00,-1.000000000e+00,25.215397,25.817013,-1.000000,-1.000000000e+00,-1.000000000e+00,-1.000000000e+00,row,0,-1.000000000e+00,-1.000000
scheme_a_jblock,double,global,global,4096,4096,3,8,1,8,5,2.420000000e-07,3.921764000e-03,2.911000000e-04,4.022541000e-03,4.022541000e-03,-1.000000000e+00,-1.000000000e+00,25.024803,25.667862,-1.000000,-1.000000000e+00,-1.000000000e+00,-1.000000000e+00,row,0,-1.000000000e+00,-1.000000
scheme_a_jblock,double,global,global,4096,4096,3,8,1,8,6,4.660000000e-07,3.922068000e-03,3.480920000e-04,4.025035000e-03,4.025035000e-03,-1.000000000e+00,-1.000000000e+00,25.009297,25.665872,-1.000000,-1.000000000e+00,-1.000000000e+00,-1.000000000e+00,row,0,-1.000000000e+00,-1.000000
scheme_a_jblock,double,global,global,4096,4096,3,8,1,8,7,2.410000001e-07,3.906027000e-03,3.437310000e-04,4.013516000e-03,4.013516000e-03,-1.000000000e+00,-1.000000000e+00,25.081075,25.771275,-1.000000,-1.000000000e+00,-1.000000000e+00,-1.000000000e+00,row,0,-1.000000000e+00,-1.000000
scheme_a_jblock,double,global,global,4096,4096,3,8,1,8,8,2.920000001e-07,3.912911000e-03,3.227030000e-04,4.007821000e-03,4.007821000e-03,-1.000000000e+00,-1.000000000e+00,25.116715,25.725935,-1.000000,-1.000000000e+00,-1.000000000e+00,-1.000000000e+00,row,0,-1.000000000e+00,-1.000000
scheme_a_jblock,double,global,global,4096,4096,3,8,1,8,9,2.920000000e-07,3.930073000e-03,2.618280000e-04,4.034620000e-03,4.034620000e-03,-1.000000000e+00,-1.000000000e+00,24.949883,25.613594,-1.000000,-1.000000000e+00,-1.000000000e+00,-1.000000000e+00,row,0,-1.000000000e+00,-1.000000
scheme_a_jblock,double,global,global,4096,4096,3,8,1,8,10,3.680000000e-07,3.929535000e-03,3.909080000e-04,4.029630000e-03,4.029630000e-03,-1.000000000e+00,-1.000000000e+00,24.980779,25.617101,-1.000000,-1.000000000e+00,-1.000000000e+00,-1.000000000e+00,row,0,-1.000000000e+00,-1.000000
scheme_a_jblock,double,global,global,4096,4096,3,8,1,8,11,2.929999999e-07,3.899927000e-03,3.825400000e-04,4.010025000e-03,4.010025000e-03,-1.000000000e+00,-1.000000000e+00,25.102910,25.811585,-1.000000,-1.000000000e+00,-1.000000000e+00,-1.000000000e+00,row,0,-1.000000000e+00,-1.000000
scheme_a_jblock,double,global,global,4096,4096,3,8,1,8,12,4.490000000e-07,3.903167000e-03,3.031410000e-04,4.009494000e-03,4.009494000e-03,-1.000000000e+00,-1.000000000e+00,25.106234,25.790159,-1.000000,-1.000000000e+00,-1.000000000e+00,-1.000000000e+00,row,0,-1.000000000e+00,-1.000000
scheme_a_jblock,double,global,global,4096,4096,3,8,1,8,13,2.770000000e-07,3.944034000e-03,3.225240000e-04,4.041124000e-03,4.041124000e-03,-1.000000000e+00,-1.000000000e+00,24.909727,25.522928,-1.000000,-1.000000000e+00,-1.000000000e+00,-1.000000000e+00,row,0,-1.000000000e+00,-1.000000
scheme_a_jblock,double,global,global,4096,4096,3,8,1,8,14,8.798000000e-06,3.935793000e-03,3.776800000e-04,4.043960000e-03,4.043960000e-03,-1.000000000e+00,-1.000000000e+00,24.892258,25.576369,-1.000000,-1.000000000e+00,-1.000000000e+00,-1.000000000e+00,row,0,-1.000000000e+00,-1.000000
scheme_a_jblock,double,global,global,4096,4096,3,8,1,8,15,2.670000000e-07,3.900923000e-03,3.851360000e-04,4.002163000e-03,4.002163000e-03,-1.000000000e+00,-1.000000000e+00,25.152223,25.804994,-1.000000,-1.000000000e+00,-1.000000000e+00,-1.000000000e+00,row,0,-1.000000000e+00,-1.000000
scheme_a_jblock,double,global,global,4096,4096,3,8,1,8,16,3.180000000e-07,3.891620000e-03,3.286220000e-04,4.003678000e-03,4.003678000e-03,-1.000000000e+00,-1.000000000e+00,25.142705,25.866682,-1.000000,-1.000000000e+00,-1.000000000e+00,-1.000000000e+00,row,0,-1.000000000e+00,-1.000000
scheme_a_jblock,double,global,global,4096,4096,3,8,1,8,17,2.470000000e-07,3.922153000e-03,3.793560000e-04,4.029252000e-03,4.029252000e-03,-1.000000000e+00,-1.000000000e+00,24.983122,25.665316,-1.000000,-1.000000000e+00,-1.000000000e+00,-1.000000000e+00,row,0,-1.000000000e+00,-1.000000
scheme_a_jblock,double,global,global,4096,4096,3,8,1,8,18,3.940000001e-07,3.935796000e-03,3.206510000e-04,4.043819000e-03,4.043819000e-03,-1.000000000e+00,-1.000000000e+00,24.893126,25.576350,-1.000000,-1.000000000e+00,-1.000000000e+00,-1.000000000e+00,row,0,-1.000000000e+00,-1.000000
scheme_a_jblock,double,global,global,4096,4096,3,8,1,8,19,3.120000001e-07,3.892102000e-03,3.588620000e-04,3.997591000e-03,3.997591000e-03,-1.000000000e+00,-1.000000000e+00,25.180989,25.863478,-1.000000,-1.000000000e+00,-1.000000000e+00,-1.000000000e+00,row,0,-1.000000000e+00,-1.000000
scheme_a_jblock,double,global,global,4096,4096,3,8,1,8,20,2.810000000e-07,3.911342000e-03,3.866250000e-04,4.016137000e-03,4.016137000e-03,-1.000000000e+00,-1.000000000e+00,25.064707,25.736255,-1.000000,-1.000000000e+00,-1.000000000e+00,-1.000000000e+00,row,0,-1.000000000e+00,-1.000000
scheme_a_jblock,double,global,global,4096,4096,6,8,1,8,1,3.260000000e-07,3.937850000e-03,5.678490000e-04,4.284028000e-03,4.284028000e-03,-1.000000000e+00,-1.000000000e+00,46.994696,51.126019,-1.000000,-1.000000000e+00,-1.000000000e+00,-1.000000000e+00,row,0,-1.000000000e+00,-1.000000
scheme_a_jblock,double,global,global,4096,4096,6,8,1,8,2,3.300000000e-07,4.029300000e-03,1.795188000e-03,5.709668000e-03,5.709668000e-03,-1.000000000e+00,-1.000000000e+00,35.260648,49.965650,-1.000000,-1.000000000e+00,-1.000000000e+00,-1.000000000e+00,row,0,-1.000000000e+00,-1.000000
scheme_a_jblock,double,global,global,4096,4096,6,8,1,8,3,3.900000000e-07,4.077441000e-03,6.340450000e-04,4.467402000e-03,4.467402000e-03,-1.000000000e+00,-1.000000000e+00,45.065699,49.375722,-1.000000,-1.000000000e+00,-1.000000000e+00,-1.000000000e+00,row,0,-1.000000000e+00,-1.000000
scheme_a_jblock,double,global,global,4096,4096,6,8,1,8,4,3.730000000e-07,4.321480000e-03,5.109060000e-04,4.643356000e-03,4.643356000e-03,-1.000000000e+00,-1.000000000e+00,43.357992,46.587417,-1.000000,-1.000000000e+00,-1.000000000e+00,-1.000000000e+00,row,0,-1.000000000e+00,-1.000000
scheme_a_jblock,double,global,global,4096,4096,6,8,1,8,5,5.440000000e-07,4.043749000e-03,5.069260000e-04,4.362707000e-03,4.362707000e-03,-1.000000000e+00,-1.000000000e+00,46.147172,49.787114,-1.000000,-1.000000000e+00,-1.000000000e+00,-1.000000000e+00,row,0,-1.000000000e+00,-1.000000
scheme_a_jblock,double,global,global,4096,4096,6,8,1,8,6,3.580000000e-07,3.952851000e-03,4.617030000e-04,4.284138000e-03,4.284138000e-03,-1.000000000e+00,-1.000000000e+00,46.993489,50.931996,-1.000000,-1.000000000e+00,-1.000000000e+00,-1.000000000e+00,row,0,-1.000000000e+00,-1.000000
scheme_a_jblock,double,global,global,4096,4096,6,8,1,8,7,4.720000000e-07,3.998961000e-03,5.692550000e-04,4.303905000e-03,4.303905000e-03,-1.000000000e+00,-1.000000000e+00,46.777657,50.344725,-1.000000,-1.000000000e+00,-1.000000000e+00,-1.000000000e+00,row,0,-1.000000000e+00,-1.000000
scheme_a_jblock,double,global,global,4096,4096,6,8,1,8,8,3.530000000e-07,3.957454000e-03,4.821540000e-04,4.245063000e-03,4.245063000e-03,-1.000000000e+00,-1.000000000e+00,47.426055,50.872756,-1.000000,-1.000000000e+00,-1.000000000e+00,-1.000000000e+00,row,0,-1.000000000e+00,-1.000000
scheme_a_jblock,double,global,global,4096,4096,6,8,1,8,9,3.560000000e-07,3.917529000e-03,4.904790000e-04,4.207738000e-03,4.207738000e-03,-1.000000000e+00,-1.000000000e+00,47.846751,51.391219,-1.000000,-1.000000000e+00,-1.000000000e+00,-1.000000000e+00,row,0,-1.000000000e+00,-1.000000
scheme_a_jblock,double,global,global,4096,4096,6,8,1,8,10,3.890000000e-07,3.922477000e-03,4.629940000e-04,4.220164000e-03,4.220164000e-03,-1.000000000e+00,-1.000000000e+00,47.705869,51.326392,-1.000000,-1.000000000e+00,-1.000000000e+00,-1.000000000e+00,row,0,-1.000000000e+00,-1.000000
scheme_a_jblock,double,global,global,4096,4096,6,8,1,8,11,3.780000000e-07,3.976395000e-03,5.511070000e-04,4.312789000e-03,4.312789000e-03,-1.000000000e+00,-1.000000000e+00,46.681299,50.630431,-1.000000,-1.000000000e+00,-1.000000000e+00,-1.000000000e+00,row,0,-1.000000000e+00,-1.000000
scheme_a_jblock,double,global,global,4096,4096,6,8,1,8,12,4.030000000e-07,3.903311000e-03,3.759170000e-04,4.202383000e-03,4.202383000e-03,-1.000000000e+00,-1.000000000e+00,47.907721,51.578414,-1.000000,-1.000000000e+00,-1.000000000e+00,-1.000000000e+00,row,0,-1.000000000e+00,-1.000000
scheme_a_jblock,double,global,global,4096,4096,6,8,1,8,13,4.140000000e-07,3.910298000e-03,4.719770000e-04,4.226939000e-03,4.226939000e-03,-1.000000000e+00,-1.000000000e+00,47.629406,51.486253,-1.000000,-1.000000000e+00,-1.000000000e+00,-1.000000000e+00,row,0,-1.000000000e+00,-1.000000
scheme_a_jblock,double,global,global,4096,4096,6,8,1,8,14,6.160000000e-07,3.917289000e-03,3.393400000e-04,4.199440000e-03,4.199440000e-03,-1.000000000e+00,-1.000000000e+00,47.941295,51.394368,-1.000000,-1.000000000e+00,-1.000000000e+00,-1.000000000e+00,row,0,-1.000000000e+00,-1.000000
scheme_a_jblock,double,global,global,4096,4096,6,8,1,8,15,3.570000000e-07,3.924193000e-03,4.881350000e-04,4.243785000e-03,4.243785000e-03,-1.000000000e+00,-1.000000000e+00,47.440337,51.303948,-1.000000,-1.000000000e+00,-1.000000000e+00,-1.000000000e+00,row,0,-1.000000000e+00,-1.000000
scheme_a_jblock,double,global,global,4096,4096,6,8,1,8,16,4.600000000e-07,3.911259000e-03,3.713810000e-04,4.225987000e-03,4.225987000e-03,-1.000000000e+00,-1.000000000e+00,47.640135,51.473603,-1.000000,-1.000000000e+00,-1.000000000e+00,-1.000000000e+00,row,0,-1.000000000e+00,-1.000000
scheme_a_jblock,double,global,global,4096,4096,6,8,1,8,17,4.110000000e-07,3.963434000e-03,4.244630000e-04,4.277902000e-03,4.277902000e-03,-1.000000000e+00,-1.000000000e+00,47.061993,50.796000,-1.000000,-1.000000000e+00,-1.000000000e+00,-1.000000000e+00,row,0,-1.000000000e+00,-1.000000
scheme_a_jblock,double,global,global,4096,4096,6,8,1,8,18,4.490000000e-07,4.010329000e-03,5.060760000e-04,4.327181000e-03,4.327181000e-03,-1.000000000e+00,-1.000000000e+00,46.526039,50.202014,-1.000000,-1.000000000e+00,-1.000000000e+00,-1.000000000e+00,row,0,-1.000000000e+00,-1.000000
scheme_a_jblock,double,global,global,4096,4096,6,8,1,8,19,3.810000000e-07,3.968295000e-03,4.130650000e-04,4.236524000e-03,4.236524000e-03,-1.000000000e+00,-1.000000000e+00,47.521646,50.733777,-1.000000,-1.000000000e+00,-1.000000000e+00,-1.000000000e+00,row,0,-1.000000000e+00,-1.000000
scheme_a_jblock,double,global,global,4096,4096,6,8,1,8,20,3.950000000e-07,3.953308000e-03,4.827090000e-04,4.271791000e-03,4.271791000e-03,-1.000000000e+00,-1.000000000e+00,47.129317,50.926108,-1.000000,-1.000000000e+00,-1.000000000e+00,-1.000000000e+00,row,0,-1.000000000e+00,-1.000000
scheme_a_jblock,double,global,global,4096,4096,8,8,1,8,1,3.430000000e-07,4.036044000e-03,4.647360000e-04,4.501057000e-03,4.501057000e-03,-1.000000000e+00,-1.000000000e+00,59.638315,66.509546,-1.000000,-1.000000000e+00,-1.000000000e+00,-1.000000000e+00,row,0,-1.000000000e+00,-1.000000
scheme_a_jblock,double,global,global,4096,4096,8,8,1,8,2,3.110000000e-07,3.962968000e-03,4.875690000e-04,4.450848000e-03,4.450848000e-03,-1.000000000e+00,-1.000000000e+00,60.311081,67.735964,-1.000000,-1.000000000e+00,-1.000000000e+00,-1.000000000e+00,row,0,-1.000000000e+00,-1.000000
scheme_a_jblock,double,global,global,4096,4096,8,8,1,8,3,3.510000000e-07,3.966662000e-03,4.614030000e-04,4.428328000e-03,4.428328000e-03,-1.000000000e+00,-1.000000000e+00,60.617790,67.672884,-1.000000,-1.000000000e+00,-1.000000000e+00,-1.000000000e+00,row,0,-1.000000000e+00,-1.000000
scheme_a_jblock,double,global,global,4096,4096,8,8,1,8,4,4.830000000e-07,3.943488000e-03,4.846400000e-04,4.428611000e-03,4.428611000e-03,-1.000000000e+00,-1.000000000e+00,60.613916,68.070565,-1.000000,-1.000000000e+00,-1.000000000e+00,-1.000000000e+00,row,0,-1.000000000e+00,-1.000000
scheme_a_jblock,double,global,global,4096,4096,8,8,1,8,5,2.500000000e-07,3.967676000e-03,4.764840000e-04,4.444408000e-03,4.444408000e-03,-1.000000000e+00,-1.000000000e+00,60.398473,67.655589,-1.000000,-1.000000000e+00,-1.000000000e+00,-1.000000000e+00,row,0,-1.000000000e+00,-1.000000
scheme_a_jblock,double,global,global,4096,4096,8,8,1,8,6,7.580000000e-07,3.947307000e-03,4.474030000e-04,4.384940000e-03,4.384940000e-03,-1.000000000e+00,-1.000000000e+00,61.217589,68.004707,-1.000000,-1.000000000e+00,-1.000000000e+00,-1.000000000e+00,row,0,-1.000000000e+00,-1.000000
scheme_a_jblock,double,global,global,4096,4096,8,8,1,8,7,2.920000000e-07,4.028555000e-03,5.106580000e-04,4.539505000e-03,4.539505000e-03,-1.000000000e+00,-1.000000000e+00,59.133200,66.633186,-1.000000,-1.000000000e+00,-1.000000000e+00,-1.000000000e+00,row,0,-1.000000000e+00,-1.000000
scheme_a_jblock,double,global,global,4096,4096,8,8,1,8,8,3.320000000e-07,4.002068000e-03,5.226260000e-04,4.524954000e-03,4.524954000e-03,-1.000000000e+00,-1.000000000e+00,59.323356,67.074187,-1.000000,-1.000000000e+00,-1.000000000e+00,-1.000000000e+00,row,0,-1.000000000e+00,-1.000000
scheme_a_jblock,double,global,global,4096,4096,8,8,1,8,9,3.660000000e-07,4.003485000e-03,4.661240000e-04,4.469881000e-03,4.469881000e-03,-1.000000000e+00,-1.000000000e+00,60.054273,67.050446,-1.000000,-1.000000000e+00,-1.000000000e+00,-1.000000000e+00,row,0,-1.000000000e+00,-1.000000
scheme_a_jblock,double,global,global,4096,4096,8,8,1,8,10,6.870000000e-07,3.954190000e-03,4.810410000e-04,4.435496000e-03,4.435496000e-03,-1.000000000e+00,-1.000000000e+00,60.519828,67.886332,-1.000000,-1.000000000e+00,-1.000000000e+00,-1.000000000e+00,row,0,-1.000000000e+00,-1.000000
scheme_a_jblock,double,global,global,4096,4096,8,8,1,8,11,6.150000000e-07,3.917577000e-03,4.500020000e-04,4.368033000e-03,4.368033000e-03,-1.000000000e+00,-1.000000000e+00,61.454539,68.520786,-1.000000,-1.000000000e+00,-1.000000000e+00,-1.000000000e+00,row,0,-1.000000000e+00,-1.000000
scheme_a_jblock,double,global,global,4096,4096,8,8,1,8,12,5.550000000e-07,3.933574000e-03,4.310080000e-04,4.364904000e-03,4.364904000e-03,-1.000000000e+00,-1.000000000e+00,61.498593,68.242127,-1.000000,-1.000000000e+00,-1.000000000e+00,-1.000000000e+00,row,0,-1.000000000e+00,-1.000000
scheme_a_jblock,double,global,global,4096,4096,8,8,1,8,13,3.159999999e-07,3.944191000e-03,4.469810000e-04,4.391488000e-03,4.391488000e-03,-1.000000000e+00,-1.000000000e+00,61.126310,68.058432,-1.000000,-1.000000000e+00,-1.000000000e+00,-1.000000000e+00,row,0,-1.000000000e+00,-1.000000
scheme_a_jblock,double,global,global,4096,4096,8,8,1,8,14,4.440000000e-07,3.927605000e-03,4.747730000e-04,4.402822000e-03,4.402822000e-03,-1.000000000e+00,-1.000000000e+00,60.968955,68.345838,-1.000000,-1.000000000e+00,-1.000000000e+00,-1.000000000e+00,row,0,-1.000000000e+00,-1.000000
scheme_a_jblock,double,global,global,4096,4096,8,8,1,8,15,3.120000001e-07,3.952693000e-03,4.479730000e-04,4.400915000e-03,4.400915000e-03,-1.000000000e+00,-1.000000000e+00,60.995374,67.912043,-1.000000,-1.000000000e+00,-1.000000000e+00,-1.000000000e+00,row,0,-1.000000000e+00,-1.000000
scheme_a_jblock,double,global,global,4096,4096,8,8,1,8,16,3.669999999e-07,3.939982000e-03,4.956040000e-04,4.435845000e-03,4.435845000e-03,-1.000000000e+00,-1.000000000e+00,60.515067,68.131138,-1.000000,-1.000000000e+00,-1.000000000e+00,-1.000000000e+00,row,0,-1.000000000e+00,-1.000000
scheme_a_jblock,double,global,global,4096,4096,8,8,1,8,17,3.690000000e-07,4.133504000e-03,4.943470000e-04,4.610372000e-03,4.610372000e-03,-1.000000000e+00,-1.000000000e+00,58.224251,64.941380,-1.000000,-1.000000000e+00,-1.000000000e+00,-1.000000000e+00,row,0,-1.000000000e+00,-1.000000
scheme_a_jblock,double,global,global,4096,4096,8,8,1,8,18,5.110000000e-07,4.041263000e-03,4.479770000e-04,4.487705000e-03,4.487705000e-03,-1.000000000e+00,-1.000000000e+00,59.815753,66.423654,-1.000000,-1.000000000e+00,-1.000000000e+00,-1.000000000e+00,row,0,-1.000000000e+00,-1.000000
scheme_a_jblock,double,global,global,4096,4096,8,8,1,8,19,3.800000000e-07,3.955190000e-03,4.641270000e-04,4.419583000e-03,4.419583000e-03,-1.000000000e+00,-1.000000000e+00,60.737734,67.869168,-1.000000,-1.000000000e+00,-1.000000000e+00,-1.000000000e+00,row,0,-1.000000000e+00,-1.000000
scheme_a_jblock,double,global,global,4096,4096,8,8,1,8,20,2.855000000e-06,3.964835000e-03,4.984180000e-04,4.463536000e-03,4.463536000e-03,-1.000000000e+00,-1.000000000e+00,60.139642,67.704067,-1.000000,-1.000000000e+00,-1.000000000e+00,-1.000000000e+00,row,0,-1.000000000e+00,-1.000000
scheme_a_jblock,double,global,global,4096,4096,20,8,1,8,1,4.750000000e-07,6.320071000e-03,1.474531000e-03,7.736773000e-03,7.736773000e-03,-1.000000000e+00,-1.000000000e+00,86.740123,106.183719,-1.000000,-1.000000000e+00,-1.000000000e+00,-1.000000000e+00,row,0,-1.000000000e+00,-1.000000
scheme_a_jblock,double,global,global,4096,4096,20,8,1,8,2,5.180000000e-07,6.303108000e-03,1.485875000e-03,7.723203000e-03,7.723203000e-03,-1.000000000e+00,-1.000000000e+00,86.892529,106.469481,-1.000000,-1.000000000e+00,-1.000000000e+00,-1.000000000e+00,row,0,-1.000000000e+00,-1.000000
scheme_a_jblock,double,global,global,4096,4096,20,8,1,8,3,4.310000000e-07,6.319798000e-03,1.549780000e-03,7.812224000e-03,7.812224000e-03,-1.000000000e+00,-1.000000000e+00,85.902381,106.188305,-1.000000,-1.000000000e+00,-1.000000000e+00,-1.000000000e+00,row,0,-1.000000000e+00,-1.000000
scheme_a_jblock,double,global,global,4096,4096,20,8,1,8,4,4.230000000e-07,6.332380000e-03,1.451949000e-03,7.779116000e-03,7.779116000e-03,-1.000000000e+00,-1.000000000e+00,86.267982,105.977317,-1.000000,-1.000000000e+00,-1.000000000e+00,-1.000000000e+00,row,0,-1.000000000e+00,-1.000000
scheme_a_jblock,double,global,global,4096,4096,20,8,1,8,5,2.720000000e-07,6.428632000e-03,1.531455000e-03,7.887660000e-03,7.887660000e-03,-1.000000000e+00,-1.000000000e+00,85.080828,104.390583,-1.000000,-1.000000000e+00,-1.000000000e+00,-1.000000000e+00,row,0,-1.000000000e+00,-1.000000
scheme_a_jblock,double,global,global,4096,4096,20,8,1,8,6,3.900000000e-07,6.735125000e-03,1.733416000e-03,8.326143000e-03,8.326143000e-03,-1.000000000e+00,-1.000000000e+00,80.600182,99.640117,-1.000000,-1.000000000e+00,-1.000000000e+00,-1.000000000e+00,row,0,-1.000000000e+00,-1.000000
scheme_a_jblock,double,global,global,4096,4096,20,8,1,8,7,5.420000000e-07,6.374054000e-03,1.526288000e-03,7.829643000e-03,7.829643000e-03,-1.000000000e+00,-1.000000000e+00,85.711269,105.284430,-1.000000,-1.000000000e+00,-1.000000000e+00,-1.000000000e+00,row,0,-1.000000000e+00,-1.000000
scheme_a_jblock,double,global,global,4096,4096,20,8,1,8,8,3.590000000e-07,6.266684000e-03,1.495825000e-03,7.731073000e-03,7.731073000e-03,-1.000000000e+00,-1.000000000e+00,86.804075,107.088317,-1.000000,-1.000000000e+00,-1.000000000e+00,-1.000000000e+00,row,0,-1.000000000e+00,-1.000000
scheme_a_jblock,double,global,global,4096,4096,20,8,1,8,9,2.880000000e-07,6.303246000e-03,1.497223000e-03,7.731549000e-03,7.731549000e-03,-1.000000000e+00,-1.000000000e+00,86.798731,106.467150,-1.000000,-1.000000000e+00,-1.000000000e+00,-1.000000000e+00,row,0,-1.000000000e+00,-1.000000
scheme_a_jblock,double,global,global,4096,4096,20,8,1,8,10,5.710000000e-07,6.298629000e-03,1.594773000e-03,7.798495000e-03,7.798495000e-03,-1.000000000e+00,-1.000000000e+00,86.053609,106.545193,-1.000000,-1.000000000e+00,-1.000000000e+00,-1.000000000e+00,row,0,-1.000000000e+00,-1.000000
scheme_a_jblock,double,global,global,4096,4096,20,8,1,8,11,3.740000000e-07,6.309249000e-03,1.538235000e-03,7.752427000e-03,7.752427000e-03,-1.000000000e+00,-1.000000000e+00,86.564974,106.365851,-1.000000,-1.000000000e+00,-1.000000000e+00,-1.000000000e+00,row,0,-1.000000000e+00,-1.000000
scheme_a_jblock,double,global,global,4096,4096,20,8,1,8,12,5.210000000e-07,6.282602000e-03,1.525057000e-03,7.718468000e-03,7.718468000e-03,-1.000000000e+00,-1.000000000e+00,86.945834,106.816991,-1.000000,-1.000000000e+00,-1.000000000e+00,-1.000000000e+00,row,0,-1.000000000e+00,-1.000000
scheme_a_jblock,double,global,global,4096,4096,20,8,1,8,13,6.040000000e-07,6.294422000e-03,1.719210000e-03,7.904813000e-03,7.904813000e-03,-1.000000000e+00,-1.000000000e+00,84.896207,106.616404,-1.000000,-1.000000000e+00,-1.000000000e+00,-1.000000000e+00,row,0,-1.000000000e+00,-1.000000
scheme_a_jblock,double,global,global,4096,4096,20,8,1,8,14,4.980000000e-07,6.368344000e-03,1.598640000e-03,7.873630000e-03,7.873630000e-03,-1.000000000e+00,-1.000000000e+00,85.232433,105.378830,-1.000000,-1.000000000e+00,-1.000000000e+00,-1.000000000e+00,row,0,-1.000000000e+00,-1.000000
scheme_a_jblock,double,global,global,4096,4096,20,8,1,8,15,3.690000000e-07,6.308494000e-03,1.498535000e-03,7.791834000e-03,7.791834000e-03,-1.000000000e+00,-1.000000000e+00,86.127174,106.378581,-1.000000,-1.000000000e+00,-1.000000000e+00,-1.000000000e+00,row,0,-1.000000000e+00,-1.000000
scheme_a_jblock,double,global,global,4096,4096,20,8,1,8,16,3.570000000e-07,6.278533000e-03,1.511803000e-03,7.736945000e-03,7.736945000e-03,-1.000000000e+00,-1.000000000e+00,86.738194,106.886217,-1.000000,-1.000000000e+00,-1.000000000e+00,-1.000000000e+00,row,0,-1.000000000e+00,-1.000000
scheme_a_jblock,double,global,global,4096,4096,20,8,1,8,17,4.330000000e-07,7.813648000e-03,1.426027000e-03,9.229379000e-03,9.229379000e-03,-1.000000000e+00,-1.000000000e+00,72.712220,85.886725,-1.000000,-1.000000000e+00,-1.000000000e+00,-1.000000000e+00,row,0,-1.000000000e+00,-1.000000
scheme_a_jblock,double,global,global,4096,4096,20,8,1,8,18,3.530000000e-07,6.469360000e-03,1.507211000e-03,7.948137000e-03,7.948137000e-03,-1.000000000e+00,-1.000000000e+00,84.433452,103.733389,-1.000000,-1.000000000e+00,-1.000000000e+00,-1.000000000e+00,row,0,-1.000000000e+00,-1.000000
scheme_a_jblock,double,global,global,4096,4096,20,8,1,8,19,3.080000000e-07,6.421630000e-03,1.529930000e-03,7.911826000e-03,7.911826000e-03,-1.000000000e+00,-1.000000000e+00,84.820955,104.504408,-1.000000,-1.000000000e+00,-1.000000000e+00,-1.000000000e+00,row,0,-1.000000000e+00,-1.000000
scheme_a_jblock,double,global,global,4096,4096,20,8,1,8,20,4.550000000e-07,6.424096000e-03,1.549554000e-03,7.895808000e-03,7.895808000e-03,-1.000000000e+00,-1.000000000e+00,84.993029,104.464292,-1.000000,-1.000000000e+00,-1.000000000e+00,-1.000000000e+00,row,0,-1.000000000e+00,-1.000000
scheme_a_jblock,double,global,global,4096,4096,32,8,1,8,1,9.250000000e-07,1.001145500e-02,2.377776000e-03,1.236012100e-02,1.236012100e-02,-1.000000000e+00,-1.000000000e+00,86.871465,107.251326,-1.000000,-1.000000000e+00,-1.000000000e+00,-1.000000000e+00,row,0,-1.000000000e+00,-1.000000
scheme_a_jblock,double,global,global,4096,4096,32,8,1,8,2,7.840000000e-07,1.022304300e-02,2.451334000e-03,1.261076800e-02,1.261076800e-02,-1.000000000e+00,-1.000000000e+00,85.144840,105.031528,-1.000000,-1.000000000e+00,-1.000000000e+00,-1.000000000e+00,row,0,-1.000000000e+00,-1.000000
scheme_a_jblock,double,global,global,4096,4096,32,8,1,8,3,6.240000000e-07,1.022829700e-02,2.454924000e-03,1.262624500e-02,1.262624500e-02,-1.000000000e+00,-1.000000000e+00,85.040471,104.977576,-1.000000,-1.000000000e+00,-1.000000000e+00,-1.000000000e+00,row,0,-1.000000000e+00,-1.000000
scheme_a_jblock,double,global,global,4096,4096,32,8,1,8,4,8.410000000e-07,1.052929800e-02,2.446174000e-03,1.297587100e-02,1.297587100e-02,-1.000000000e+00,-1.000000000e+00,82.749114,101.976582,-1.000000,-1.000000000e+00,-1.000000000e+00,-1.000000000e+00,row,0,-1.000000000e+00,-1.000000
scheme_a_jblock,double,global,global,4096,4096,32,8,1,8,5,5.850000000e-07,1.008108500e-02,2.519575000e-03,1.260099000e-02,1.260099000e-02,-1.000000000e+00,-1.000000000e+00,85.210910,106.510542,-1.000000,-1.000000000e+00,-1.000000000e+00,-1.000000000e+00,row,0,-1.000000000e+00,-1.000000
scheme_a_jblock,double,global,global,4096,4096,32,8,1,8,6,1.309000000e-06,1.056508200e-02,2.819325000e-03,1.278037900e-02,1.278037900e-02,-1.000000000e+00,-1.000000000e+00,84.014866,101.631187,-1.000000,-1.000000000e+00,-1.000000000e+00,-1.000000000e+00,row,0,-1.000000000e+00,-1.000000
scheme_a_jblock,double,global,global,4096,4096,32,8,1,8,7,5.300000000e-07,1.077507600e-02,2.850518000e-03,1.305117500e-02,1.305117500e-02,-1.000000000e+00,-1.000000000e+00,82.271659,99.650510,-1.000000,-1.000000000e+00,-1.000000000e+00,-1.000000000e+00,row,0,-1.000000000e+00,-1.000000
scheme_a_jblock,double,global,global,4096,4096,32,8,1,8,8,9.930000000e-07,1.031031200e-02,2.423372000e-03,1.268442600e-02,1.268442600e-02,-1.000000000e+00,-1.000000000e+00,84.650407,104.142515,-1.000000,-1.000000000e+00,-1.000000000e+00,-1.000000000e+00,row,0,-1.000000000e+00,-1.000000
scheme_a_jblock,double,global,global,4096,4096,32,8,1,8,9,1.013000000e-06,1.002037400e-02,2.399342000e-03,1.241364300e-02,1.241364300e-02,-1.000000000e+00,-1.000000000e+00,86.496915,107.155863,-1.000000,-1.000000000e+00,-1.000000000e+00,-1.000000000e+00,row,0,-1.000000000e+00,-1.000000
scheme_a_jblock,double,global,global,4096,4096,32,8,1,8,10,6.950000000e-07,1.016816000e-02,2.775968000e-03,1.290280400e-02,1.290280400e-02,-1.000000000e+00,-1.000000000e+00,83.217712,105.598439,-1.000000,-1.000000000e+00,-1.000000000e+00,-1.000000000e+00,row,0,-1.000000000e+00,-1.000000
scheme_a_jblock,double,global,global,4096,4096,32,8,1,8,11,4.900000000e-07,1.052629200e-02,2.484552000e-03,1.299154700e-02,1.299154700e-02,-1.000000000e+00,-1.000000000e+00,82.649266,102.005704,-1.000000,-1.000000000e+00,-1.000000000e+00,-1.000000000e+00,row,0,-1.000000000e+00,-1.000000
scheme_a_jblock,double,global,global,4096,4096,32,8,1,8,12,9.170000000e-07,1.048982300e-02,3.035561000e-03,1.308711900e-02,1.308711900e-02,-1.000000000e+00,-1.000000000e+00,82.045699,102.360338,-1.000000,-1.000000000e+00,-1.000000000e+00,-1.000000000e+00,row,0,-1.000000000e+00,-1.000000
scheme_a_jblock,double,global,global,4096,4096,32,8,1,8,13,8.780000000e-07,1.050869900e-02,2.757228000e-03,1.272545800e-02,1.272545800e-02,-1.000000000e+00,-1.000000000e+00,84.377460,102.176475,-1.000000,-1.000000000e+00,-1.000000000e+00,-1.000000000e+00,row,0,-1.000000000e+00,-1.000000
scheme_a_jblock,double,global,global,4096,4096,32,8,1,8,14,6.579999999e-07,1.055133600e-02,2.709337000e-03,1.277605500e-02,1.277605500e-02,-1.000000000e+00,-1.000000000e+00,84.043300,101.763589,-1.000000,-1.000000000e+00,-1.000000000e+00,-1.000000000e+00,row,0,-1.000000000e+00,-1.000000
scheme_a_jblock,double,global,global,4096,4096,32,8,1,8,15,4.620000000e-07,1.037795800e-02,2.555916000e-03,1.264167000e-02,1.264167000e-02,-1.000000000e+00,-1.000000000e+00,84.936707,103.463689,-1.000000,-1.000000000e+00,-1.000000000e+00,-1.000000000e+00,row,0,-1.000000000e+00,-1.000000
scheme_a_jblock,double,global,global,4096,4096,32,8,1,8,16,7.190000000e-07,1.049512300e-02,2.698634000e-03,1.292624700e-02,1.292624700e-02,-1.000000000e+00,-1.000000000e+00,83.066788,102.308646,-1.000000,-1.000000000e+00,-1.000000000e+00,-1.000000000e+00,row,0,-1.000000000e+00,-1.000000
scheme_a_jblock,double,global,global,4096,4096,32,8,1,8,17,6.809999999e-07,1.028929200e-02,2.701202000e-03,1.268498500e-02,1.268498500e-02,-1.000000000e+00,-1.000000000e+00,84.646677,104.355268,-1.000000,-1.000000000e+00,-1.000000000e+00,-1.000000000e+00,row,0,-1.000000000e+00,-1.000000
scheme_a_jblock,double,global,global,4096,4096,32,8,1,8,18,6.889999999e-07,1.053916800e-02,2.716147000e-03,1.286556200e-02,1.286556200e-02,-1.000000000e+00,-1.000000000e+00,83.458602,101.881081,-1.000000,-1.000000000e+00,-1.000000000e+00,-1.000000000e+00,row,0,-1.000000000e+00,-1.000000
scheme_a_jblock,double,global,global,4096,4096,32,8,1,8,19,7.160000000e-07,1.052231800e-02,2.442409000e-03,1.296531700e-02,1.296531700e-02,-1.000000000e+00,-1.000000000e+00,82.816473,102.044229,-1.000000,-1.000000000e+00,-1.000000000e+00,-1.000000000e+00,row,0,-1.000000000e+00,-1.000000
scheme_a_jblock,double,global,global,4096,4096,32,8,1,8,20,6.069999999e-07,1.062587600e-02,2.734512000e-03,1.324401900e-02,1.324401900e-02,-1.000000000e+00,-1.000000000e+00,81.073715,101.049723,-1.000000,-1.000000000e+00,-1.000000000e+00,-1.000000000e+00,row,0,-1.000000000e+00,-1.000000
scheme_a_jblock,double,global,global,4096,4096,3,8,2,4,1,1.175800000e-05,3.896753000e-03,4.024710000e-04,3.942828000e-03,3.942828000e-03,-1.000000000e+00,-1.000000000e+00,25.530735,25.832609,-1.000000,-1.000000000e+00,-1.000000000e+00,-1.000000000e+00,row,0,-1.000000000e+00,-1.000000
scheme_a_jblock,double,global,global,4096,4096,3,8,2,4,2,1.656200000e-05,3.879108000e-03,3.858340000e-04,3.924157000e-03,3.924157000e-03,-1.000000000e+00,-1.000000000e+00,25.652209,25.950114,-1.000000,-1.000000000e+00,-1.000000000e+00,-1.000000000e+00,row,0,-1.000000000e+00,-1.000000
scheme_a_jblock,double,global,global,4096,4096,3,8,2,4,3,1.739200000e-05,3.898926000e-03,4.005700000e-04,3.961388000e-03,3.961388000e-03,-1.000000000e+00,-1.000000000e+00,25.411118,25.818211,-1.000000,-1.000000000e+00,-1.000000000e+00,-1.000000000e+00,row,0,-1.000000000e+00,-1.000000
scheme_a_jblock,double,global,global,4096,4096,3,8,2,4,4,7.354000000e-06,3.913511000e-03,3.710960000e-04,3.967451000e-03,3.967451000e-03,-1.000000000e+00,-1.000000000e+00,25.372285,25.721991,-1.000000,-1.000000000e+00,-1.000000000e+00,-1.000000000e+00,row,0,-1.000000000e+00,-1.000000
scheme_a_jblock,double,global,global,4096,4096,3,8,2,4,5,1.867300000e-05,3.893340000e-03,3.920510000e-04,3.946834000e-03,3.946834000e-03,-1.000000000e+00,-1.000000000e+00,25.504821,25.855254,-1.000000,-1.000000000e+00,-1.000000000e+00,-1.000000000e+00,row,0,-1.000000000e+00,-1.000000
scheme_a_jblock,double,global,global,4096,4096,3,8,2,4,6,8.251000000e-06,3.896196000e-03,3.860060000e-04,3.942549000e-03,3.942549000e-03,-1.000000000e+00,-1.000000000e+00,25.532542,25.836302,-1.000000,-1.000000000e+00,-1.000000000e+00,-1.000000000e+00,row,0,-1.000000000e+00,-1.000000
scheme_a_jblock,double,global,global,4096,4096,3,8,2,4,7,1.763400000e-05,3.915606000e-03,3.886690000e-04,3.960179000e-03,3.960179000e-03,-1.000000000e+00,-1.000000000e+00,25.418875,25.708229,-1.000000,-1.000000000e+00,-1.000000000e+00,-1.000000000e+00,row,0,-1.000000000e+00,-1.000000
scheme_a_jblock,double,global,global,4096,4096,3,8,2,4,8,1.693100000e-05,3.855350000e-03,3.916620000e-04,3.914402000e-03,3.914402000e-03,-1.000000000e+00,-1.000000000e+00,25.716136,26.110028,-1.000000,-1.000000000e+00,-1.000000000e+00,-1.000000000e+00,row,0,-1.000000000e+00,-1.000000
scheme_a_jblock,double,global,global,4096,4096,3,8,2,4,9,8.145000000e-06,3.884214000e-03,4.069280000e-04,3.943491000e-03,3.943491000e-03,-1.000000000e+00,-1.000000000e+00,25.526442,25.916002,-1.000000,-1.000000000e+00,-1.000000000e+00,-1.000000000e+00,row,0,-1.000000000e+00,-1.000000
scheme_a_jblock,double,global,global,4096,4096,3,8,2,4,10,7.326000000e-06,3.910717000e-03,3.906580000e-04,3.955623000e-03,3.955623000e-03,-1.000000000e+00,-1.000000000e+00,25.448152,25.740368,-1.000000,-1.000000000e+00,-1.000000000e+00,-1.000000000e+00,row,0,-1.000000000e+00,-1.000000
scheme_a_jblock,double,global,global,4096,4096,3,8,2,4,11,1.785500000e-05,3.893424000e-03,4.011790000e-04,3.958048000e-03,3.958048000e-03,-1.000000000e+00,-1.000000000e+00,25.432561,25.854697,-1.000000,-1.000000000e+00,-1.000000000e+00,-1.000000000e+00,row,0,-1.000000000e+00,-1.000000
scheme_a_jblock,double,global,global,4096,4096,3,8,2,4,12,7.576000000e-06,3.896154000e-03,4.032570000e-04,3.950121000e-03,3.950121000e-03,-1.000000000e+00,-1.000000000e+00,25.483598,25.836580,-1.000000,-1.000000000e+00,-1.000000000e+00,-1.000000000e+00,row,0,-1.000000000e+00,-1.000000
scheme_a_jblock,double,global,global,4096,4096,3,8,2,4,13,7.325000000e-06,3.893715000e-03,3.975390000e-04,3.941262000e-03,3.941262000e-03,-1.000000000e+00,-1.000000000e+00,25.540879,25.852764,-1.000000,-1.000000000e+00,-1.000000000e+00,-1.000000000e+00,row,0,-1.000000000e+00,-1.000000
scheme_a_jblock,double,global,global,4096,4096,3,8,2,4,14,1.102700000e-05,3.897688000e-03,4.073990000e-04,3.956921000e-03,3.956921000e-03,-1.000000000e+00,-1.000000000e+00,25.439804,25.826412,-1.000000,-1.000000000e+00,-1.000000000e+00,-1.000000000e+00,row,0,-1.000000000e+00,-1.000000
scheme_a_jblock,double,global,global,4096,4096,3,8,2,4,15,9.788000000e-06,3.902358000e-03,4.013220000e-04,3.956230000e-03,3.956230000e-03,-1.000000000e+00,-1.000000000e+00,25.444248,25.795505,-1.000000,-1.000000000e+00,-1.000000000e+00,-1.000000000e+00,row,0,-1.000000000e+00,-1.000000
scheme_a_jblock,double,global,global,4096,4096,3,8,2,4,16,7.811000000e-06,3.881343000e-03,3.612230000e-04,3.930161000e-03,3.930161000e-03,-1.000000000e+00,-1.000000000e+00,25.613021,25.935171,-1.000000,-1.000000000e+00,-1.000000000e+00,-1.000000000e+00,row,0,-1.000000000e+00,-1.000000
scheme_a_jblock,double,global,global,4096,4096,3,8,2,4,17,7.664000000e-06,3.887636000e-03,4.134520000e-04,3.939661000e-03,3.939661000e-03,-1.000000000e+00,-1.000000000e+00,25.551258,25.893190,-1.000000,-1.000000000e+00,-1.000000000e+00,-1.000000000e+00,row,0,-1.000000000e+00,-1.000000
scheme_a_jblock,double,global,global,4096,4096,3,8,2,4,18,1.130500000e-05,3.934444000e-03,3.818350000e-04,3.992350000e-03,3.992350000e-03,-1.000000000e+00,-1.000000000e+00,25.214046,25.585139,-1.000000,-1.000000000e+00,-1.000000000e+00,-1.000000000e+00,row,0,-1.000000000e+00,-1.000000
scheme_a_jblock,double,global,global,4096,4096,3,8,2,4,19,8.115000000e-06,3.908183000e-03,4.251350000e-04,3.959427000e-03,3.959427000e-03,-1.000000000e+00,-1.000000000e+00,25.423703,25.757058,-1.000000,-1.000000000e+00,-1.000000000e+00,-1.000000000e+00,row,0,-1.000000000e+00,-1.000000
scheme_a_jblock,double,global,global,4096,4096,3,8,2,4,20,1.329600000e-05,3.871183000e-03,4.021890000e-04,3.938479000e-03,3.938479000e-03,-1.000000000e+00,-1.000000000e+00,25.558927,26.003239,-1.000000,-1.000000000e+00,-1.000000000e+00,-1.000000000e+00,row,0,-1.000000000e+00,-1.000000
scheme_a_jblock,double,global,global,4096,4096,6,8,2,4,1,1.334700000e-05,4.020314000e-03,2.757740000e-04,4.093998000e-03,4.093998000e-03,-1.000000000e+00,-1.000000000e+00,49.176036,50.077330,-1.000000,-1.000000000e+00,-1.000000000e+00,-1.000000000e+00,row,0,-1.000000000e+00,-1.000000
scheme_a_jblock,double,global,global,4096,4096,6,8,2,4,2,1.606500000e-05,3.812317000e-03,3.240790000e-04,3.901566000e-03,3.901566000e-03,-1.000000000e+00,-1.000000000e+00,51.601483,52.809510,-1.000000,-1.000000000e+00,-1.000000000e+00,-1.000000000e+00,row,0,-1.000000000e+00,-1.000000
scheme_a_jblock,double,global,global,4096,4096,6,8,2,4,3,2.147000000e-05,3.849088000e-03,2.101060000e-04,3.924743000e-03,3.924743000e-03,-1.000000000e+00,-1.000000000e+00,51.296758,52.305011,-1.000000,-1.000000000e+00,-1.000000000e+00,-1.000000000e+00,row,0,-1.000000000e+00,-1.000000
scheme_a_jblock,double,global,global,4096,4096,6,8,2,4,4,2.170700000e-05,3.858902000e-03,4.428820000e-04,3.936688000e-03,3.936688000e-03,-1.000000000e+00,-1.000000000e+00,51.141109,52.171989,-1.000000,-1.000000000e+00,-1.000000000e+00,-1.000000000e+00,row,0,-1.000000000e+00,-1.000000
scheme_a_jblock,double,global,global,4096,4096,6,8,2,4,5,1.415100000e-05,3.920539000e-03,2.697150000e-04,3.985646000e-03,3.985646000e-03,-1.000000000e+00,-1.000000000e+00,50.512914,51.351764,-1.000000,-1.000000000e+00,-1.000000000e+00,-1.000000000e+00,row,0,-1.000000000e+00,-1.000000
scheme_a_jblock,double,global,global,4096,4096,6,8,2,4,6,2.190200000e-05,3.867718000e-03,2.546700000e-04,3.949206000e-03,3.949206000e-03,-1.000000000e+00,-1.000000000e+00,50.979005,52.053069,-1.000000,-1.000000000e+00,-1.000000000e+00,-1.000000000e+00,row,0,-1.000000000e+00,-1.000000
scheme_a_jblock,double,global,global,4096,4096,6,8,2,4,7,2.157000000e-05,3.847612000e-03,3.051950000e-04,3.939498000e-03,3.939498000e-03,-1.000000000e+00,-1.000000000e+00,51.104631,52.325076,-1.000000,-1.000000000e+00,-1.000000000e+00,-1.000000000e+00,row,0,-1.000000000e+00,-1.000000
scheme_a_jblock,double,global,global,4096,4096,6,8,2,4,8,2.032600000e-05,3.864431000e-03,1.968380000e-04,3.941663000e-03,3.941663000e-03,-1.000000000e+00,-1.000000000e+00,51.076561,52.097344,-1.000000,-1.000000000e+00,-1.000000000e+00,-1.000000000e+00,row,0,-1.000000000e+00,-1.000000
scheme_a_jblock,double,global,global,4096,4096,6,8,2,4,9,1.994700000e-05,3.818861000e-03,2.503780000e-04,3.907969000e-03,3.907969000e-03,-1.000000000e+00,-1.000000000e+00,51.516937,52.719015,-1.000000,-1.000000000e+00,-1.000000000e+00,-1.000000000e+00,row,0,-1.000000000e+00,-1.000000
scheme_a_jblock,double,global,global,4096,4096,6,8,2,4,10,1.946400000e-05,3.871285000e-03,2.151410000e-04,3.962110000e-03,3.962110000e-03,-1.000000000e+00,-1.000000000e+00,50.812974,52.005107,-1.000000,-1.000000000e+00,-1.000000000e+00,-1.000000000e+00,row,0,-1.000000000e+00,-1.000000
scheme_a_jblock,double,global,global,4096,4096,6,8,2,4,11,2.245800000e-05,3.857544000e-03,4.351310000e-04,3.949029000e-03,3.949029000e-03,-1.000000000e+00,-1.000000000e+00,50.981290,52.190355,-1.000000,-1.000000000e+00,-1.000000000e+00,-1.000000000e+00,row,0,-1.000000000e+00,-1.000000
scheme_a_jblock,double,global,global,4096,4096,6,8,2,4,12,1.356700000e-05,3.841942000e-03,2.259720000e-04,3.914711000e-03,3.914711000e-03,-1.000000000e+00,-1.000000000e+00,51.428213,52.402299,-1.000000,-1.000000000e+00,-1.000000000e+00,-1.000000000e+00,row,0,-1.000000000e+00,-1.000000
scheme_a_jblock,double,global,global,4096,4096,6,8,2,4,13,1.826600000e-05,3.803749000e-03,1.665320000e-04,3.890893000e-03,3.890893000e-03,-1.000000000e+00,-1.000000000e+00,51.743030,52.928464,-1.000000,-1.000000000e+00,-1.000000000e+00,-1.000000000e+00,row,0,-1.000000000e+00,-1.000000
scheme_a_jblock,double,global,global,4096,4096,6,8,2,4,14,2.120200000e-05,3.845425000e-03,1.942160000e-04,3.930539000e-03,3.930539000e-03,-1.000000000e+00,-1.000000000e+00,51.221115,52.354835,-1.000000,-1.000000000e+00,-1.000000000e+00,-1.000000000e+00,row,0,-1.000000000e+00,-1.000000
scheme_a_jblock,double,global,global,4096,4096,6,8,2,4,15,2.202700000e-05,3.948804000e-03,1.804060000e-04,3.992469000e-03,3.992469000e-03,-1.000000000e+00,-1.000000000e+00,50.426589,50.984195,-1.000000,-1.000000000e+00,-1.000000000e+00,-1.000000000e+00,row,0,-1.000000000e+00,-1.000000
scheme_a_jblock,double,global,global,4096,4096,6,8,2,4,16,2.144000000e-05,3.890980000e-03,2.983400000e-04,3.972052000e-03,3.972052000e-03,-1.000000000e+00,-1.000000000e+00,50.685790,51.741873,-1.000000,-1.000000000e+00,-1.000000000e+00,-1.000000000e+00,row,0,-1.000000000e+00,-1.000000
scheme_a_jblock,double,global,global,4096,4096,6,8,2,4,17,2.253900000e-05,3.871603000e-03,3.875700000e-04,3.946075000e-03,3.946075000e-03,-1.000000000e+00,-1.000000000e+00,51.019454,52.000836,-1.000000,-1.000000000e+00,-1.000000000e+00,-1.000000000e+00,row,0,-1.000000000e+00,-1.000000
scheme_a_jblock,double,global,global,4096,4096,6,8,2,4,18,2.399100000e-05,3.881939000e-03,2.538600000e-04,3.965242000e-03,3.965242000e-03,-1.000000000e+00,-1.000000000e+00,50.772839,51.862379,-1.000000,-1.000000000e+00,-1.000000000e+00,-1.000000000e+00,row,0,-1.000000000e+00,-1.000000
scheme_a_jblock,double,global,global,4096,4096,6,8,2,4,19,1.236700000e-05,3.876288000e-03,2.931310000e-04,3.945384000e-03,3.945384000e-03,-1.000000000e+00,-1.000000000e+00,51.028390,51.937986,-1.000000,-1.000000000e+00,-1.000000000e+00,-1.000000000e+00,row,0,-1.000000000e+00,-1.000000
scheme_a_jblock,double,global,global,4096,4096,6,8,2,4,20,1.774400000e-05,3.830891000e-03,4.392840000e-04,3.906389000e-03,3.906389000e-03,-1.000000000e+00,-1.000000000e+00,51.537774,52.553464,-1.000000,-1.000000000e+00,-1.000000000e+00,-1.000000000e+00,row,0,-1.000000000e+00,-1.000000
scheme_a_jblock,double,global,global,4096,4096,8,8,2,4,1,1.642600000e-05,4.137676000e-03,1.723430000e-04,4.232931000e-03,4.232931000e-03,-1.000000000e+00,-1.000000000e+00,63.415977,64.875900,-1.000000,-1.000000000e+00,-1.000000000e+00,-1.000000000e+00,row,0,-1.000000000e+00,-1.000000
scheme_a_jblock,double,global,global,4096,4096,8,8,2,4,2,2.714200000e-05,4.134420000e-03,2.665730000e-04,4.243795000e-03,4.243795000e-03,-1.000000000e+00,-1.000000000e+00,63.253634,64.926992,-1.000000,-1.000000000e+00,-1.000000000e+00,-1.000000000e+00,row,0,-1.000000000e+00,-1.000000
scheme_a_jblock,double,global,global,4096,4096,8,8,2,4,3,2.661700000e-05,5.587430000e-03,2.735620000e-04,5.713282000e-03,5.713282000e-03,-1.000000000e+00,-1.000000000e+00,46.984458,48.042742,-1.000000,-1.000000000e+00,-1.000000000e+00,-1.000000000e+00,row,0,-1.000000000e+00,-1.000000
scheme_a_jblock,double,global,global,4096,4096,8,8,2,4,4,2.977900000e-05,3.948375000e-03,3.250390000e-04,4.056940000e-03,4.056940000e-03,-1.000000000e+00,-1.000000000e+00,66.166977,67.986312,-1.000000,-1.000000000e+00,-1.000000000e+00,-1.000000000e+00,row,0,-1.000000000e+00,-1.000000
scheme_a_jblock,double,global,global,4096,4096,8,8,2,4,5,2.425200000e-05,3.963382000e-03,3.016010000e-04,4.067677000e-03,4.067677000e-03,-1.000000000e+00,-1.000000000e+00,65.992323,67.728888,-1.000000,-1.000000000e+00,-1.000000000e+00,-1.000000000e+00,row,0,-1.000000000e+00,-1.000000
scheme_a_jblock,double,global,global,4096,4096,8,8,2,4,6,2.403300000e-05,3.959915000e-03,2.950040000e-04,4.062729000e-03,4.062729000e-03,-1.000000000e+00,-1.000000000e+00,66.072695,67.788186,-1.000000,-1.000000000e+00,-1.000000000e+00,-1.000000000e+00,row,0,-1.000000000e+00,-1.000000
scheme_a_jblock,double,global,global,4096,4096,8,8,2,4,7,2.440400000e-05,4.059036000e-03,3.439180000e-04,4.162664000e-03,4.162664000e-03,-1.000000000e+00,-1.000000000e+00,64.486458,66.132810,-1.000000,-1.000000000e+00,-1.000000000e+00,-1.000000000e+00,row,0,-1.000000000e+00,-1.000000
scheme_a_jblock,double,global,global,4096,4096,8,8,2,4,8,2.471300000e-05,4.032753000e-03,3.468980000e-04,4.139483000e-03,4.139483000e-03,-1.000000000e+00,-1.000000000e+00,64.847580,66.563823,-1.000000,-1.000000000e+00,-1.000000000e+00,-1.000000000e+00,row,0,-1.000000000e+00,-1.000000
scheme_a_jblock,double,global,global,4096,4096,8,8,2,4,9,2.752900000e-05,4.110788000e-03,3.110290000e-04,4.221274000e-03,4.221274000e-03,-1.000000000e+00,-1.000000000e+00,63.591100,65.300243,-1.000000,-1.000000000e+00,-1.000000000e+00,-1.000000000e+00,row,0,-1.000000000e+00,-1.000000
scheme_a_jblock,double,global,global,4096,4096,8,8,2,4,10,2.756200000e-05,3.991656000e-03,3.024560000e-04,4.101387000e-03,4.101387000e-03,-1.000000000e+00,-1.000000000e+00,65.449921,67.249146,-1.000000,-1.000000000e+00,-1.000000000e+00,-1.000000000e+00,row,0,-1.000000000e+00,-1.000000
scheme_a_jblock,double,global,global,4096,4096,8,8,2,4,11,1.716500000e-05,3.937001000e-03,3.464500000e-04,4.044705000e-03,4.044705000e-03,-1.000000000e+00,-1.000000000e+00,66.367128,68.182725,-1.000000,-1.000000000e+00,-1.000000000e+00,-1.000000000e+00,row,0,-1.000000000e+00,-1.000000
scheme_a_jblock,double,global,global,4096,4096,8,8,2,4,12,2.714700000e-05,3.928902000e-03,1.352400000e-04,4.040959000e-03,4.040959000e-03,-1.000000000e+00,-1.000000000e+00,66.428651,68.323276,-1.000000,-1.000000000e+00,-1.000000000e+00,-1.000000000e+00,row,0,-1.000000000e+00,-1.000000
scheme_a_jblock,double,global,global,4096,4096,8,8,2,4,13,1.816800000e-05,4.031372000e-03,3.199800000e-04,4.138276000e-03,4.138276000e-03,-1.000000000e+00,-1.000000000e+00,64.866494,66.586625,-1.000000,-1.000000000e+00,-1.000000000e+00,-1.000000000e+00,row,0,-1.000000000e+00,-1.000000
scheme_a_jblock,double,global,global,4096,4096,8,8,2,4,14,2.231200000e-05,3.932740000e-03,1.206540000e-04,4.034233000e-03,4.034233000e-03,-1.000000000e+00,-1.000000000e+00,66.539403,68.256599,-1.000000,-1.000000000e+00,-1.000000000e+00,-1.000000000e+00,row,0,-1.000000000e+00,-1.000000
scheme_a_jblock,double,global,global,4096,4096,8,8,2,4,15,2.500300000e-05,4.037151000e-03,2.696300000e-04,4.145821000e-03,4.145821000e-03,-1.000000000e+00,-1.000000000e+00,64.748443,66.491309,-1.000000,-1.000000000e+00,-1.000000000e+00,-1.000000000e+00,row,0,-1.000000000e+00,-1.000000
scheme_a_jblock,double,global,global,4096,4096,8,8,2,4,16,2.439200000e-05,4.025847000e-03,3.560960000e-04,4.133183000e-03,4.133183000e-03,-1.000000000e+00,-1.000000000e+00,64.946424,66.678007,-1.000000,-1.000000000e+00,-1.000000000e+00,-1.000000000e+00,row,0,-1.000000000e+00,-1.000000
scheme_a_jblock,double,global,global,4096,4096,8,8,2,4,17,2.783500000e-05,3.977158000e-03,3.163450000e-04,4.090037000e-03,4.090037000e-03,-1.000000000e+00,-1.000000000e+00,65.631547,67.494290,-1.000000,-1.000000000e+00,-1.000000000e+00,-1.000000000e+00,row,0,-1.000000000e+00,-1.000000
scheme_a_jblock,double,global,global,4096,4096,8,8,2,4,18,2.381600000e-05,4.045516000e-03,3.591360000e-04,4.160986000e-03,4.160986000e-03,-1.000000000e+00,-1.000000000e+00,64.512463,66.353824,-1.000000,-1.000000000e+00,-1.000000000e+00,-1.000000000e+00,row,0,-1.000000000e+00,-1.000000
scheme_a_jblock,double,global,global,4096,4096,8,8,2,4,19,1.848800000e-05,3.953053000e-03,3.390520000e-04,4.052388000e-03,4.052388000e-03,-1.000000000e+00,-1.000000000e+00,66.241302,67.905858,-1.000000,-1.000000000e+00,-1.000000000e+00,-1.000000000e+00,row,0,-1.000000000e+00,-1.000000
scheme_a_jblock,double,global,global,4096,4096,8,8,2,4,20,2.466500000e-05,3.954881000e-03,3.383320000e-04,4.111591000e-03,4.111591000e-03,-1.000000000e+00,-1.000000000e+00,65.287490,67.874471,-1.000000,-1.000000000e+00,-1.000000000e+00,-1.000000000e+00,row,0,-1.000000000e+00,-1.000000
scheme_a_jblock,double,global,global,4096,4096,20,8,2,4,1,4.413600000e-05,6.133949000e-03,4.838510000e-04,6.474833000e-03,6.474833000e-03,-1.000000000e+00,-1.000000000e+00,103.645706,109.405644,-1.000000,-1.000000000e+00,-1.000000000e+00,-1.000000000e+00,row,0,-1.000000000e+00,-1.000000
scheme_a_jblock,double,global,global,4096,4096,20,8,2,4,2,4.314000000e-05,6.189526000e-03,3.285130000e-04,6.441428000e-03,6.441428000e-03,-1.000000000e+00,-1.000000000e+00,104.183209,108.423269,-1.000000,-1.000000000e+00,-1.000000000e+00,-1.000000000e+00,row,0,-1.000000000e+00,-1.000000
scheme_a_jblock,double,global,global,4096,4096,20,8,2,4,3,4.521300000e-05,6.264815000e-03,5.377320000e-04,6.628517000e-03,6.628517000e-03,-1.000000000e+00,-1.000000000e+00,101.242652,107.120265,-1.000000,-1.000000000e+00,-1.000000000e+00,-1.000000000e+00,row,0,-1.000000000e+00,-1.000000
scheme_a_jblock,double,global,global,4096,4096,20,8,2,4,4,4.573700000e-05,6.319952000e-03,4.896680000e-04,6.686524000e-03,6.686524000e-03,-1.000000000e+00,-1.000000000e+00,100.364351,106.185718,-1.000000,-1.000000000e+00,-1.000000000e+00,-1.000000000e+00,row,0,-1.000000000e+00,-1.000000
scheme_a_jblock,double,global,global,4096,4096,20,8,2,4,5,4.507200000e-05,6.217784000e-03,3.307110000e-04,6.562049000e-03,6.562049000e-03,-1.000000000e+00,-1.000000000e+00,102.268154,107.930517,-1.000000,-1.000000000e+00,-1.000000000e+00,-1.000000000e+00,row,0,-1.000000000e+00,-1.000000
scheme_a_jblock,double,global,global,4096,4096,20,8,2,4,6,4.360800000e-05,6.221067000e-03,4.888570000e-04,6.563559000e-03,6.563559000e-03,-1.000000000e+00,-1.000000000e+00,102.244627,107.873559,-1.000000,-1.000000000e+00,-1.000000000e+00,-1.000000000e+00,row,0,-1.000000000e+00,-1.000000
scheme_a_jblock,double,global,global,4096,4096,20,8,2,4,7,4.447500000e-05,6.046624000e-03,3.597410000e-04,6.384976000e-03,6.384976000e-03,-1.000000000e+00,-1.000000000e+00,105.104332,110.985674,-1.000000,-1.000000000e+00,-1.000000000e+00,-1.000000000e+00,row,0,-1.000000000e+00,-1.000000
scheme_a_jblock,double,global,global,4096,4096,20,8,2,4,8,4.391400000e-05,5.964524000e-03,4.933630000e-04,6.315248000e-03,6.315248000e-03,-1.000000000e+00,-1.000000000e+00,106.264812,112.513361,-1.000000,-1.000000000e+00,-1.000000000e+00,-1.000000000e+00,row,0,-1.000000000e+00,-1.000000
scheme_a_jblock,double,global,global,4096,4096,20,8,2,4,9,4.359300000e-05,6.107669000e-03,4.760700000e-04,6.444562000e-03,6.444562000e-03,-1.000000000e+00,-1.000000000e+00,104.132545,109.876393,-1.000000,-1.000000000e+00,-1.000000000e+00,-1.000000000e+00,row,0,-1.000000000e+00,-1.000000
scheme_a_jblock,double,global,global,4096,4096,20,8,2,4,10,4.509600000e-05,7.252673000e-03,1.644014000e-03,7.652294000e-03,7.652294000e-03,-1.000000000e+00,-1.000000000e+00,87.697707,92.529836,-1.000000,-1.000000000e+00,-1.000000000e+00,-1.000000000e+00,row,0,-1.000000000e+00,-1.000000
scheme_a_jblock,double,global,global,4096,4096,20,8,2,4,11,3.997100000e-05,6.015311000e-03,5.063330000e-04,6.343537000e-03,6.343537000e-03,-1.000000000e+00,-1.000000000e+00,105.790924,111.563415,-1.000000,-1.000000000e+00,-1.000000000e+00,-1.000000000e+00,row,0,-1.000000000e+00,-1.000000
scheme_a_jblock,double,global,global,4096,4096,20,8,2,4,12,3.627600000e-05,5.973467000e-03,3.572810000e-04,6.324358000e-03,6.324358000e-03,-1.000000000e+00,-1.000000000e+00,106.111741,112.344915,-1.000000,-1.000000000e+00,-1.000000000e+00,-1.000000000e+00,row,0,-1.000000000e+00,-1.000000
scheme_a_jblock,double,global,global,4096,4096,20,8,2,4,13,4.277000000e-05,6.080815000e-03,5.444190000e-04,6.414092000e-03,6.414092000e-03,-1.000000000e+00,-1.000000000e+00,104.627224,110.361628,-1.000000,-1.000000000e+00,-1.000000000e+00,-1.000000000e+00,row,0,-1.000000000e+00,-1.000000
scheme_a_jblock,double,global,global,4096,4096,20,8,2,4,14,3.458200000e-05,6.029668000e-03,3.375070000e-04,6.352434000e-03,6.352434000e-03,-1.000000000e+00,-1.000000000e+00,105.642757,111.297776,-1.000000,-1.000000000e+00,-1.000000000e+00,-1.000000000e+00,row,0,-1.000000000e+00,-1.000000
scheme_a_jblock,double,global,global,4096,4096,20,8,2,4,15,4.416900000e-05,5.963751000e-03,3.920730000e-04,6.298740000e-03,6.298740000e-03,-1.000000000e+00,-1.000000000e+00,106.543315,112.527944,-1.000000,-1.000000000e+00,-1.000000000e+00,-1.000000000e+00,row,0,-1.000000000e+00,-1.000000
scheme_a_jblock,double,global,global,4096,4096,20,8,2,4,16,3.462700000e-05,5.937158000e-03,4.381550000e-04,6.243805000e-03,6.243805000e-03,-1.000000000e+00,-1.000000000e+00,107.480717,113.031966,-1.000000,-1.000000000e+00,-1.000000000e+00,-1.000000000e+00,row,0,-1.000000000e+00,-1.000000
scheme_a_jblock,double,global,global,4096,4096,20,8,2,4,17,3.455300000e-05,6.058582000e-03,3.631310000e-04,6.388000000e-03,6.388000000e-03,-1.000000000e+00,-1.000000000e+00,105.054577,110.766618,-1.000000,-1.000000000e+00,-1.000000000e+00,-1.000000000e+00,row,0,-1.000000000e+00,-1.000000
scheme_a_jblock,double,global,global,4096,4096,20,8,2,4,18,3.504200000e-05,6.032274000e-03,4.183290000e-04,6.391576000e-03,6.391576000e-03,-1.000000000e+00,-1.000000000e+00,104.995801,111.249695,-1.000000,-1.000000000e+00,-1.000000000e+00,-1.000000000e+00,row,0,-1.000000000e+00,-1.000000
scheme_a_jblock,double,global,global,4096,4096,20,8,2,4,19,3.568700000e-05,6.466115000e-03,5.227250000e-04,6.843898000e-03,6.843898000e-03,-1.000000000e+00,-1.000000000e+00,98.056494,103.785448,-1.000000,-1.000000000e+00,-1.000000000e+00,-1.000000000e+00,row,0,-1.000000000e+00,-1.000000
scheme_a_jblock,double,global,global,4096,4096,20,8,2,4,20,3.853000000e-05,6.079926000e-03,3.567140000e-04,6.359577000e-03,6.359577000e-03,-1.000000000e+00,-1.000000000e+00,105.524100,110.377764,-1.000000,-1.000000000e+00,-1.000000000e+00,-1.000000000e+00,row,0,-1.000000000e+00,-1.000000
scheme_a_jblock,double,global,global,4096,4096,32,8,2,4,1,8.621100000e-05,9.757954000e-03,7.040320000e-04,1.051632100e-02,1.051632100e-02,-1.000000000e+00,-1.000000000e+00,102.102420,110.037598,-1.000000,-1.000000000e+00,-1.000000000e+00,-1.000000000e+00,row,0,-1.000000000e+00,-1.000000
scheme_a_jblock,double,global,global,4096,4096,32,8,2,4,2,7.523500000e-05,9.858357000e-03,7.000600000e-04,1.063365200e-02,1.063365200e-02,-1.000000000e+00,-1.000000000e+00,100.975829,108.916914,-1.000000,-1.000000000e+00,-1.000000000e+00,-1.000000000e+00,row,0,-1.000000000e+00,-1.000000
scheme_a_jblock,double,global,global,4096,4096,32,8,2,4,3,7.942200000e-05,9.991989000e-03,7.529880000e-04,1.079167500e-02,1.079167500e-02,-1.000000000e+00,-1.000000000e+00,99.497235,107.460269,-1.000000,-1.000000000e+00,-1.000000000e+00,-1.000000000e+00,row,0,-1.000000000e+00,-1.000000
scheme_a_jblock,double,global,global,4096,4096,32,8,2,4,4,7.625500000e-05,9.943984000e-03,7.673910000e-04,1.066032300e-02,1.066032300e-02,-1.000000000e+00,-1.000000000e+00,100.723198,107.979038,-1.000000,-1.000000000e+00,-1.000000000e+00,-1.000000000e+00,row,0,-1.000000000e+00,-1.000000
scheme_a_jblock,double,global,global,4096,4096,32,8,2,4,5,7.812400000e-05,9.881293000e-03,7.506640000e-04,1.063247900e-02,1.063247900e-02,-1.000000000e+00,-1.000000000e+00,100.986969,108.664101,-1.000000,-1.000000000e+00,-1.000000000e+00,-1.000000000e+00,row,0,-1.000000000e+00,-1.000000
scheme_a_jblock,double,global,global,4096,4096,32,8,2,4,6,7.651200000e-05,1.011792800e-02,7.625640000e-04,1.092883600e-02,1.092883600e-02,-1.000000000e+00,-1.000000000e+00,98.248507,106.122699,-1.000000,-1.000000000e+00,-1.000000000e+00,-1.000000000e+00,row,0,-1.000000000e+00,-1.000000
scheme_a_jblock,double,global,global,4096,4096,32,8,2,4,7,7.896900000e-05,1.024154900e-02,7.611190000e-04,1.098794700e-02,1.098794700e-02,-1.000000000e+00,-1.000000000e+00,97.719968,104.841741,-1.000000,-1.000000000e+00,-1.000000000e+00,-1.000000000e+00,row,0,-1.000000000e+00,-1.000000
scheme_a_jblock,double,global,global,4096,4096,32,8,2,4,8,8.019800000e-05,1.002709200e-02,7.366880000e-04,1.082854300e-02,1.082854300e-02,-1.000000000e+00,-1.000000000e+00,99.158476,107.084070,-1.000000,-1.000000000e+00,-1.000000000e+00,-1.000000000e+00,row,0,-1.000000000e+00,-1.000000
scheme_a_jblock,double,global,global,4096,4096,32,8,2,4,9,7.843600000e-05,1.001680800e-02,6.973980000e-04,1.075598100e-02,1.075598100e-02,-1.000000000e+00,-1.000000000e+00,99.827419,107.194011,-1.000000,-1.000000000e+00,-1.000000000e+00,-1.000000000e+00,row,0,-1.000000000e+00,-1.000000
scheme_a_jblock,double,global,global,4096,4096,32,8,2,4,10,8.043500000e-05,9.833400000e-03,7.333670000e-04,1.064343000e-02,1.064343000e-02,-1.000000000e+00,-1.000000000e+00,100.883063,109.193344,-1.000000,-1.000000000e+00,-1.000000000e+00,-1.000000000e+00,row,0,-1.000000000e+00,-1.000000
scheme_a_jblock,double,global,global,4096,4096,32,8,2,4,11,7.953200000e-05,9.851326000e-03,7.073000000e-04,1.058898200e-02,1.058898200e-02,-1.000000000e+00,-1.000000000e+00,101.401799,108.994649,-1.000000,-1.000000000e+00,-1.000000000e+00,-1.000000000e+00,row,0,-1.000000000e+00,-1.000000
scheme_a_jblock,double,global,global,4096,4096,32,8,2,4,12,7.934000000e-05,1.019027200e-02,1.042563000e-03,1.105224700e-02,1.105224700e-02,-1.000000000e+00,-1.000000000e+00,97.151450,105.369300,-1.000000,-1.000000000e+00,-1.000000000e+00,-1.000000000e+00,row,0,-1.000000000e+00,-1.000000
scheme_a_jblock,double,global,global,4096,4096,32,8,2,4,13,7.862700000e-05,1.006432400e-02,7.021200000e-04,1.078379500e-02,1.078379500e-02,-1.000000000e+00,-1.000000000e+00,99.569940,106.687923,-1.000000,-1.000000000e+00,-1.000000000e+00,-1.000000000e+00,row,0,-1.000000000e+00,-1.000000
scheme_a_jblock,double,global,global,4096,4096,32,8,2,4,14,8.151500000e-05,9.771371000e-03,7.752110000e-04,1.051883900e-02,1.051883900e-02,-1.000000000e+00,-1.000000000e+00,102.077979,109.886507,-1.000000,-1.000000000e+00,-1.000000000e+00,-1.000000000e+00,row,0,-1.000000000e+00,-1.000000
scheme_a_jblock,double,global,global,4096,4096,32,8,2,4,15,7.593500000e-05,1.000378500e-02,6.959520000e-04,1.075441500e-02,1.075441500e-02,-1.000000000e+00,-1.000000000e+00,99.841956,107.333557,-1.000000,-1.000000000e+00,-1.000000000e+00,-1.000000000e+00,row,0,-1.000000000e+00,-1.000000
scheme_a_jblock,double,global,global,4096,4096,32,8,2,4,16,7.885700000e-05,9.911311000e-03,7.322620000e-04,1.072217500e-02,1.072217500e-02,-1.000000000e+00,-1.000000000e+00,100.142166,108.334995,-1.000000,-1.000000000e+00,-1.000000000e+00,-1.000000000e+00,row,0,-1.000000000e+00,-1.000000
scheme_a_jblock,double,global,global,4096,4096,32,8,2,4,17,7.917400000e-05,9.917528000e-03,7.519010000e-04,1.069697800e-02,1.069697800e-02,-1.000000000e+00,-1.000000000e+00,100.378053,108.267083,-1.000000,-1.000000000e+00,-1.000000000e+00,-1.000000000e+00,row,0,-1.000000000e+00,-1.000000
scheme_a_jblock,double,global,global,4096,4096,32,8,2,4,18,8.171600000e-05,1.020765400e-02,6.937730000e-04,1.096513000e-02,1.096513000e-02,-1.000000000e+00,-1.000000000e+00,97.923310,105.189873,-1.000000,-1.000000000e+00,-1.000000000e+00,-1.000000000e+00,row,0,-1.000000000e+00,-1.000000
scheme_a_jblock,double,global,global,4096,4096,32,8,2,4,19,8.317700000e-05,1.013281900e-02,6.908770000e-04,1.089890800e-02,1.089890800e-02,-1.000000000e+00,-1.000000000e+00,98.518294,105.966743,-1.000000,-1.000000000e+00,-1.000000000e+00,-1.000000000e+00,row,0,-1.000000000e+00,-1.000000
scheme_a_jblock,double,global,global,4096,4096,32,8,2,4,20,8.149800000e-05,9.965269000e-03,7.166900000e-04,1.075803600e-02,1.075803600e-02,-1.000000000e+00,-1.000000000e+00,99.808350,107.748403,-1.000000,-1.000000000e+00,-1.000000000e+00,-1.000000000e+00,row,0,-1.000000000e+00,-1.000000
scheme_a_jblock,double,global,global,4096,4096,3,8,4,2,1,3.266700000e-05,3.819405000e-03,2.172040000e-04,3.878888000e-03,3.878888000e-03,-1.000000000e+00,-1.000000000e+00,25.951586,26.355753,-1.000000,-1.000000000e+00,-1.000000000e+00,-1.000000000e+00,row,0,-1.000000000e+00,-1.000000
scheme_a_jblock,double,global,global,4096,4096,3,8,4,2,2,3.353700000e-05,3.759363000e-03,1.367670000e-04,3.794018000e-03,3.794018000e-03,-1.000000000e+00,-1.000000000e+00,26.532108,26.776690,-1.000000,-1.000000000e+00,-1.000000000e+00,-1.000000000e+00,row,0,-1.000000000e+00,-1.000000
scheme_a_jblock,double,global,global,4096,4096,3,8,4,2,3,3.781000000e-05,3.760932000e-03,2.425770000e-04,3.813952000e-03,3.813952000e-03,-1.000000000e+00,-1.000000000e+00,26.393435,26.765519,-1.000000,-1.000000000e+00,-1.000000000e+00,-1.000000000e+00,row,0,-1.000000000e+00,-1.000000
scheme_a_jblock,double,global,global,4096,4096,3,8,4,2,4,3.552400000e-05,3.781646000e-03,2.743070000e-04,3.832696000e-03,3.832696000e-03,-1.000000000e+00,-1.000000000e+00,26.264357,26.618910,-1.000000,-1.000000000e+00,-1.000000000e+00,-1.000000000e+00,row,0,-1.000000000e+00,-1.000000
scheme_a_jblock,double,global,global,4096,4096,3,8,4,2,5,2.180200000e-05,3.736157000e-03,1.966550000e-04,3.786890000e-03,3.786890000e-03,-1.000000000e+00,-1.000000000e+00,26.582049,26.943005,-1.000000,-1.000000000e+00,-1.000000000e+00,-1.000000000e+00,row,0,-1.000000000e+00,-1.000000
scheme_a_jblock,double,global,global,4096,4096,3,8,4,2,6,3.066500000e-05,3.726941000e-03,2.654080000e-04,3.769045000e-03,3.769045000e-03,-1.000000000e+00,-1.000000000e+00,26.707905,27.009630,-1.000000,-1.000000000e+00,-1.000000000e+00,-1.000000000e+00,row,0,-1.000000000e+00,-1.000000
scheme_a_jblock,double,global,global,4096,4096,3,8,4,2,7,3.300000000e-05,3.711924000e-03,2.704410000e-04,3.758809000e-03,3.758809000e-03,-1.000000000e+00,-1.000000000e+00,26.780636,27.118900,-1.000000,-1.000000000e+00,-1.000000000e+00,-1.000000000e+00,row,0,-1.000000000e+00,-1.000000
scheme_a_jblock,double,global,global,4096,4096,3,8,4,2,8,3.634800000e-05,3.783855000e-03,1.880080000e-04,3.833770000e-03,3.833770000e-03,-1.000000000e+00,-1.000000000e+00,26.256999,26.603370,-1.000000,-1.000000000e+00,-1.000000000e+00,-1.000000000e+00,row,0,-1.000000000e+00,-1.000000
scheme_a_jblock,double,global,global,4096,4096,3,8,4,2,9,2.327900000e-05,3.837481000e-03,1.539690000e-04,3.870687000e-03,3.870687000e-03,-1.000000000e+00,-1.000000000e+00,26.006571,26.231608,-1.000000,-1.000000000e+00,-1.000000000e+00,-1.000000000e+00,row,0,-1.000000000e+00,-1.000000
scheme_a_jblock,double,global,global,4096,4096,3,8,4,2,10,5.133400000e-05,3.767389000e-03,2.718690000e-04,3.831143000e-03,3.831143000e-03,-1.000000000e+00,-1.000000000e+00,26.275004,26.719645,-1.000000,-1.000000000e+00,-1.000000000e+00,-1.000000000e+00,row,0,-1.000000000e+00,-1.000000
scheme_a_jblock,double,global,global,4096,4096,3,8,4,2,11,4.173200000e-05,3.790692000e-03,2.162340000e-04,3.829287000e-03,3.829287000e-03,-1.000000000e+00,-1.000000000e+00,26.287739,26.555388,-1.000000,-1.000000000e+00,-1.000000000e+00,-1.000000000e+00,row,0,-1.000000000e+00,-1.000000
scheme_a_jblock,double,global,global,4096,4096,3,8,4,2,12,2.952600000e-05,3.791333000e-03,1.960150000e-04,3.831843000e-03,3.831843000e-03,-1.000000000e+00,-1.000000000e+00,26.270204,26.550898,-1.000000,-1.000000000e+00,-1.000000000e+00,-1.000000000e+00,row,0,-1.000000000e+00,-1.000000
scheme_a_jblock,double,global,global,4096,4096,3,8,4,2,13,2.983900000e-05,3.721551000e-03,2.337370000e-04,3.762675000e-03,3.762675000e-03,-1.000000000e+00,-1.000000000e+00,26.753120,27.048748,-1.000000,-1.000000000e+00,-1.000000000e+00,-1.000000000e+00,row,0,-1.000000000e+00,-1.000000
scheme_a_jblock,double,global,global,4096,4096,3,8,4,2,14,2.366200000e-05,3.871551000e-03,2.272990000e-04,3.893911000e-03,3.893911000e-03,-1.000000000e+00,-1.000000000e+00,25.851463,26.000767,-1.000000,-1.000000000e+00,-1.000000000e+00,-1.000000000e+00,row,0,-1.000000000e+00,-1.000000
scheme_a_jblock,double,global,global,4096,4096,3,8,4,2,15,3.750600000e-05,3.743186000e-03,2.664150000e-04,3.793131000e-03,3.793131000e-03,-1.000000000e+00,-1.000000000e+00,26.538313,26.892411,-1.000000,-1.000000000e+00,-1.000000000e+00,-1.000000000e+00,row,0,-1.000000000e+00,-1.000000
scheme_a_jblock,double,global,global,4096,4096,3,8,4,2,16,4.149200000e-05,3.717924000e-03,2.255980000e-04,3.770968000e-03,3.770968000e-03,-1.000000000e+00,-1.000000000e+00,26.694285,27.075135,-1.000000,-1.000000000e+00,-1.000000000e+00,-1.000000000e+00,row,0,-1.000000000e+00,-1.000000
scheme_a_jblock,double,global,global,4096,4096,3,8,4,2,17,4.113500000e-05,3.834279000e-03,3.332590000e-04,3.887352000e-03,3.887352000e-03,-1.000000000e+00,-1.000000000e+00,25.895081,26.253514,-1.000000,-1.000000000e+00,-1.000000000e+00,-1.000000000e+00,row,0,-1.000000000e+00,-1.000000
scheme_a_jblock,double,global,global,4096,4096,3,8,4,2,18,2.591400000e-05,3.775268000e-03,2.667720000e-04,3.811421000e-03,3.811421000e-03,-1.000000000e+00,-1.000000000e+00,26.410962,26.663881,-1.000000,-1.000000000e+00,-1.000000000e+00,-1.000000000e+00,row,0,-1.000000000e+00,-1.000000
scheme_a_jblock,double,global,global,4096,4096,3,8,4,2,19,2.998900000e-05,3.789193000e-03,1.739160000e-04,3.830556000e-03,3.830556000e-03,-1.000000000e+00,-1.000000000e+00,26.279030,26.565893,-1.000000,-1.000000000e+00,-1.000000000e+00,-1.000000000e+00,row,0,-1.000000000e+00,-1.000000
scheme_a_jblock,double,global,global,4096,4096,3,8,4,2,20,3.899900000e-05,3.837281000e-03,1.493510000e-04,3.915575000e-03,3.915575000e-03,-1.000000000e+00,-1.000000000e+00,25.708433,26.232975,-1.000000,-1.000000000e+00,-1.000000000e+00,-1.000000000e+00,row,0,-1.000000000e+00,-1.000000
scheme_a_jblock,double,global,global,4096,4096,6,8,4,2,1,4.367200000e-05,4.202165000e-03,1.419300000e-04,4.268740000e-03,4.268740000e-03,-1.000000000e+00,-1.000000000e+00,47.163002,47.910206,-1.000000,-1.000000000e+00,-1.000000000e+00,-1.000000000e+00,row,0,-1.000000000e+00,-1.000000
scheme_a_jblock,double,global,global,4096,4096,6,8,4,2,2,3.967500000e-05,4.334896000e-03,1.856090000e-04,4.404682000e-03,4.404682000e-03,-1.000000000e+00,-1.000000000e+00,45.707407,46.443235,-1.000000,-1.000000000e+00,-1.000000000e+00,-1.000000000e+00,row,0,-1.000000000e+00,-1.000000
scheme_a_jblock,double,global,global,4096,4096,6,8,4,2,3,5.279400000e-05,4.351615000e-03,2.475440000e-04,4.423387000e-03,4.423387000e-03,-1.000000000e+00,-1.000000000e+00,45.514126,46.264799,-1.000000,-1.000000000e+00,-1.000000000e+00,-1.000000000e+00,row,0,-1.000000000e+00,-1.000000
scheme_a_jblock,double,global,global,4096,4096,6,8,4,2,4,4.161400000e-05,4.352941000e-03,1.865710000e-04,4.411185000e-03,4.411185000e-03,-1.000000000e+00,-1.000000000e+00,45.640025,46.250705,-1.000000,-1.000000000e+00,-1.000000000e+00,-1.000000000e+00,row,0,-1.000000000e+00,-1.000000
scheme_a_jblock,double,global,global,4096,4096,6,8,4,2,5,4.894600000e-05,4.382960000e-03,1.513360000e-04,4.444890000e-03,4.444890000e-03,-1.000000000e+00,-1.000000000e+00,45.293942,45.933933,-1.000000,-1.000000000e+00,-1.000000000e+00,-1.000000000e+00,row,0,-1.000000000e+00,-1.000000
scheme_a_jblock,double,global,global,4096,4096,6,8,4,2,6,4.439200000e-05,4.231536000e-03,1.028110000e-04,4.295998000e-03,4.295998000e-03,-1.000000000e+00,-1.000000000e+00,46.863754,47.577663,-1.000000,-1.000000000e+00,-1.000000000e+00,-1.000000000e+00,row,0,-1.000000000e+00,-1.000000
scheme_a_jblock,double,global,global,4096,4096,6,8,4,2,7,4.235900000e-05,4.280318000e-03,1.620400000e-04,4.338130000e-03,4.338130000e-03,-1.000000000e+00,-1.000000000e+00,46.408612,47.035429,-1.000000,-1.000000000e+00,-1.000000000e+00,-1.000000000e+00,row,0,-1.000000000e+00,-1.000000
scheme_a_jblock,double,global,global,4096,4096,6,8,4,2,8,4.779300000e-05,4.277759000e-03,1.859410000e-04,4.343172000e-03,4.343172000e-03,-1.000000000e+00,-1.000000000e+00,46.354736,47.063566,-1.000000,-1.000000000e+00,-1.000000000e+00,-1.000000000e+00,row,0,-1.000000000e+00,-1.000000
scheme_a_jblock,double,global,global,4096,4096,6,8,4,2,9,4.092500000e-05,4.427039000e-03,2.221660000e-04,4.481717000e-03,4.481717000e-03,-1.000000000e+00,-1.000000000e+00,44.921755,45.476580,-1.000000,-1.000000000e+00,-1.000000000e+00,-1.000000000e+00,row,0,-1.000000000e+00,-1.000000
scheme_a_jblock,double,global,global,4096,4096,6,8,4,2,10,6.411800000e-05,4.267669000e-03,2.132090000e-04,4.350580000e-03,4.350580000e-03,-1.000000000e+00,-1.000000000e+00,46.275805,47.174838,-1.000000,-1.000000000e+00,-1.000000000e+00,-1.000000000e+00,row,0,-1.000000000e+00,-1.000000
scheme_a_jblock,double,global,global,4096,4096,6,8,4,2,11,5.095300000e-05,4.268764000e-03,1.225550000e-04,4.334360000e-03,4.334360000e-03,-1.000000000e+00,-1.000000000e+00,46.448978,47.162737,-1.000000,-1.000000000e+00,-1.000000000e+00,-1.000000000e+00,row,0,-1.000000000e+00,-1.000000
scheme_a_jblock,double,global,global,4096,4096,6,8,4,2,12,4.659700000e-05,4.283559000e-03,2.611910000e-04,4.349635000e-03,4.349635000e-03,-1.000000000e+00,-1.000000000e+00,46.285859,46.999841,-1.000000,-1.000000000e+00,-1.000000000e+00,-1.000000000e+00,row,0,-1.000000000e+00,-1.000000
scheme_a_jblock,double,global,global,4096,4096,6,8,4,2,13,4.188200000e-05,4.327309000e-03,2.898510000e-04,4.387211000e-03,4.387211000e-03,-1.000000000e+00,-1.000000000e+00,45.889425,46.524663,-1.000000,-1.000000000e+00,-1.000000000e+00,-1.000000000e+00,row,0,-1.000000000e+00,-1.000000
scheme_a_jblock,double,global,global,4096,4096,6,8,4,2,14,4.568300000e-05,4.210804000e-03,1.796710000e-04,4.275749000e-03,4.275749000e-03,-1.000000000e+00,-1.000000000e+00,47.085690,47.811912,-1.000000,-1.000000000e+00,-1.000000000e+00,-1.000000000e+00,row,0,-1.000000000e+00,-1.000000
scheme_a_jblock,double,global,global,4096,4096,6,8,4,2,15,4.834100000e-05,4.335583000e-03,3.381740000e-04,4.403430000e-03,4.403430000e-03,-1.000000000e+00,-1.000000000e+00,45.720403,46.435875,-1.000000,-1.000000000e+00,-1.000000000e+00,-1.000000000e+00,row,0,-1.000000000e+00,-1.000000
scheme_a_jblock,double,global,global,4096,4096,6,8,4,2,16,4.847800000e-05,4.333507000e-03,2.361140000e-04,4.392743000e-03,4.392743000e-03,-1.000000000e+00,-1.000000000e+00,45.831635,46.458121,-1.000000,-1.000000000e+00,-1.000000000e+00,-1.000000000e+00,row,0,-1.000000000e+00,-1.000000
scheme_a_jblock,double,global,global,4096,4096,6,8,4,2,17,5.220300000e-05,4.352491000e-03,1.730840000e-04,4.422989000e-03,4.422989000e-03,-1.000000000e+00,-1.000000000e+00,45.518221,46.255487,-1.000000,-1.000000000e+00,-1.000000000e+00,-1.000000000e+00,row,0,-1.000000000e+00,-1.000000
scheme_a_jblock,double,global,global,4096,4096,6,8,4,2,18,4.660200000e-05,4.326823000e-03,7.827800000e-05,4.391701000e-03,4.391701000e-03,-1.000000000e+00,-1.000000000e+00,45.842509,46.529889,-1.000000,-1.000000000e+00,-1.000000000e+00,-1.000000000e+00,row,0,-1.000000000e+00,-1.000000
scheme_a_jblock,double,global,global,4096,4096,6,8,4,2,19,4.244000000e-05,4.330485000e-03,2.303080000e-04,4.387777000e-03,4.387777000e-03,-1.000000000e+00,-1.000000000e+00,45.883506,46.490541,-1.000000,-1.000000000e+00,-1.000000000e+00,-1.000000000e+00,row,0,-1.000000000e+00,-1.000000
scheme_a_jblock,double,global,global,4096,4096,6,8,4,2,20,5.173900000e-05,4.282374000e-03,1.286770000e-04,4.372296000e-03,4.372296000e-03,-1.000000000e+00,-1.000000000e+00,46.045966,47.012847,-1.000000,-1.000000000e+00,-1.000000000e+00,-1.000000000e+00,row,0,-1.000000000e+00,-1.000000
scheme_a_jblock,double,global,global,4096,4096,8,8,4,2,1,5.821000000e-05,4.213829000e-03,1.658380000e-04,4.295092000e-03,4.295092000e-03,-1.000000000e+00,-1.000000000e+00,62.498185,63.703453,-1.000000,-1.000000000e+00,-1.000000000e+00,-1.000000000e+00,row,0,-1.000000000e+00,-1.000000
scheme_a_jblock,double,global,global,4096,4096,8,8,4,2,2,6.224200000e-05,4.160347000e-03,2.691910000e-04,4.245056000e-03,4.245056000e-03,-1.000000000e+00,-1.000000000e+00,63.234844,64.522372,-1.000000,-1.000000000e+00,-1.000000000e+00,-1.000000000e+00,row,0,-1.000000000e+00,-1.000000
scheme_a_jblock,double,global,global,4096,4096,8,8,4,2,3,6.672900000e-05,4.150042000e-03,3.528150000e-04,4.246742000e-03,4.246742000e-03,-1.000000000e+00,-1.000000000e+00,63.209740,64.682588,-1.000000,-1.000000000e+00,-1.000000000e+00,-1.000000000e+00,row,0,-1.000000000e+00,-1.000000
scheme_a_jblock,double,global,global,4096,4096,8,8,4,2,4,5.873300000e-05,4.286302000e-03,3.681660000e-04,4.367059000e-03,4.367059000e-03,-1.000000000e+00,-1.000000000e+00,61.468246,62.626352,-1.000000,-1.000000000e+00,-1.000000000e+00,-1.000000000e+00,row,0,-1.000000000e+00,-1.000000
scheme_a_jblock,double,global,global,4096,4096,8,8,4,2,5,5.156000000e-05,4.143844000e-03,2.290530000e-04,4.205328000e-03,4.205328000e-03,-1.000000000e+00,-1.000000000e+00,63.832228,64.779334,-1.000000,-1.000000000e+00,-1.000000000e+00,-1.000000000e+00,row,0,-1.000000000e+00,-1.000000
scheme_a_jblock,double,global,global,4096,4096,8,8,4,2,6,5.489300000e-05,4.212709000e-03,2.146420000e-04,4.286063000e-03,4.286063000e-03,-1.000000000e+00,-1.000000000e+00,62.629844,63.720389,-1.000000,-1.000000000e+00,-1.000000000e+00,-1.000000000e+00,row,0,-1.000000000e+00,-1.000000
scheme_a_jblock,double,global,global,4096,4096,8,8,4,2,7,5.065800000e-05,4.256924000e-03,3.380000000e-04,4.328401000e-03,4.328401000e-03,-1.000000000e+00,-1.000000000e+00,62.017234,63.058550,-1.000000,-1.000000000e+00,-1.000000000e+00,-1.000000000e+00,row,0,-1.000000000e+00,-1.000000
scheme_a_jblock,double,global,global,4096,4096,8,8,4,2,8,4.603900000e-05,4.245215000e-03,2.359180000e-04,4.309918000e-03,4.309918000e-03,-1.000000000e+00,-1.000000000e+00,62.283193,63.232476,-1.000000,-1.000000000e+00,-1.000000000e+00,-1.000000000e+00,row,0,-1.000000000e+00,-1.000000
scheme_a_jblock,double,global,global,4096,4096,8,8,4,2,9,5.338700000e-05,4.326813000e-03,2.252810000e-04,4.395303000e-03,4.395303000e-03,-1.000000000e+00,-1.000000000e+00,61.073254,62.039995,-1.000000,-1.000000000e+00,-1.000000000e+00,-1.000000000e+00,row,0,-1.000000000e+00,-1.000000
scheme_a_jblock,double,global,global,4096,4096,8,8,4,2,10,6.989500000e-05,4.303326000e-03,3.648050000e-04,4.407097000e-03,4.407097000e-03,-1.000000000e+00,-1.000000000e+00,60.909813,62.378601,-1.000000,-1.000000000e+00,-1.000000000e+00,-1.000000000e+00,row,0,-1.000000000e+00,-1.000000
scheme_a_jblock,double,global,global,4096,4096,8,8,4,2,11,5.145200000e-05,4.144629000e-03,1.566690000e-04,4.220216000e-03,4.220216000e-03,-1.000000000e+00,-1.000000000e+00,63.607042,64.767065,-1.000000,-1.000000000e+00,-1.000000000e+00,-1.000000000e+00,row,0,-1.000000000e+00,-1.000000
scheme_a_jblock,double,global,global,4096,4096,8,8,4,2,12,5.851500000e-05,4.160691000e-03,1.051100000e-04,4.232237000e-03,4.232237000e-03,-1.000000000e+00,-1.000000000e+00,63.426376,64.517037,-1.000000,-1.000000000e+00,-1.000000000e+00,-1.000000000e+00,row,0,-1.000000000e+00,-1.000000
scheme_a_jblock,double,global,global,4096,4096,8,8,4,2,13,6.958800000e-05,4.132463000e-03,1.963340000e-04,4.225091000e-03,4.225091000e-03,-1.000000000e+00,-1.000000000e+00,63.533651,64.957740,-1.000000,-1.000000000e+00,-1.000000000e+00,-1.000000000e+00,row,0,-1.000000000e+00,-1.000000
scheme_a_jblock,double,global,global,4096,4096,8,8,4,2,14,4.893500000e-05,4.305568000e-03,2.332340000e-04,4.357705000e-03,4.357705000e-03,-1.000000000e+00,-1.000000000e+00,61.600190,62.346119,-1.000000,-1.000000000e+00,-1.000000000e+00,-1.000000000e+00,row,0,-1.000000000e+00,-1.000000
scheme_a_jblock,double,global,global,4096,4096,8,8,4,2,15,5.659000000e-05,4.227555000e-03,4.670070000e-04,4.298332000e-03,4.298332000e-03,-1.000000000e+00,-1.000000000e+00,62.451075,63.496621,-1.000000,-1.000000000e+00,-1.000000000e+00,-1.000000000e+00,row,0,-1.000000000e+00,-1.000000
scheme_a_jblock,double,global,global,4096,4096,8,8,4,2,16,6.489100000e-05,4.298914000e-03,2.050140000e-04,4.388778000e-03,4.388778000e-03,-1.000000000e+00,-1.000000000e+00,61.164054,62.442621,-1.000000,-1.000000000e+00,-1.000000000e+00,-1.000000000e+00,row,0,-1.000000000e+00,-1.000000
scheme_a_jblock,double,global,global,4096,4096,8,8,4,2,17,4.832000000e-05,4.265711000e-03,1.574590000e-04,4.335875000e-03,4.335875000e-03,-1.000000000e+00,-1.000000000e+00,61.910331,62.928655,-1.000000,-1.000000000e+00,-1.000000000e+00,-1.000000000e+00,row,0,-1.000000000e+00,-1.000000
scheme_a_jblock,double,global,global,4096,4096,8,8,4,2,18,4.842000000e-05,4.244436000e-03,1.645300000e-04,4.308815000e-03,4.308815000e-03,-1.000000000e+00,-1.000000000e+00,62.299137,63.244081,-1.000000,-1.000000000e+00,-1.000000000e+00,-1.000000000e+00,row,0,-1.000000000e+00,-1.000000
scheme_a_jblock,double,global,global,4096,4096,8,8,4,2,19,5.592200000e-05,4.254116000e-03,3.124900000e-04,4.331599000e-03,4.331599000e-03,-1.000000000e+00,-1.000000000e+00,61.971447,63.100173,-1.000000,-1.000000000e+00,-1.000000000e+00,-1.000000000e+00,row,0,-1.000000000e+00,-1.000000
scheme_a_jblock,double,global,global,4096,4096,8,8,4,2,20,5.916600000e-05,4.190722000e-03,2.705060000e-04,4.275195000e-03,4.275195000e-03,-1.000000000e+00,-1.000000000e+00,62.789055,64.054704,-1.000000,-1.000000000e+00,-1.000000000e+00,-1.000000000e+00,row,0,-1.000000000e+00,-1.000000
scheme_a_jblock,double,global,global,4096,4096,20,8,4,2,1,1.305130000e-04,6.162264000e-03,1.814870000e-04,6.330267000e-03,6.330267000e-03,-1.000000000e+00,-1.000000000e+00,106.012691,108.902936,-1.000000,-1.000000000e+00,-1.000000000e+00,-1.000000000e+00,row,0,-1.000000000e+00,-1.000000
scheme_a_jblock,double,global,global,4096,4096,20,8,4,2,2,1.320120000e-04,6.022047000e-03,2.416300000e-04,6.218645000e-03,6.218645000e-03,-1.000000000e+00,-1.000000000e+00,107.915573,111.438625,-1.000000,-1.000000000e+00,-1.000000000e+00,-1.000000000e+00,row,0,-1.000000000e+00,-1.000000
scheme_a_jblock,double,global,global,4096,4096,20,8,4,2,3,1.274420000e-04,5.980728000e-03,1.494220000e-04,6.161147000e-03,6.161147000e-03,-1.000000000e+00,-1.000000000e+00,108.922679,112.208520,-1.000000,-1.000000000e+00,-1.000000000e+00,-1.000000000e+00,row,0,-1.000000000e+00,-1.000000
scheme_a_jblock,double,global,global,4096,4096,20,8,4,2,4,1.275980000e-04,6.113551000e-03,1.721690000e-04,6.288319000e-03,6.288319000e-03,-1.000000000e+00,-1.000000000e+00,106.719879,109.770678,-1.000000,-1.000000000e+00,-1.000000000e+00,-1.000000000e+00,row,0,-1.000000000e+00,-1.000000
scheme_a_jblock,double,global,global,4096,4096,20,8,4,2,5,1.363560000e-04,5.968283000e-03,2.104270000e-04,6.169677000e-03,6.169677000e-03,-1.000000000e+00,-1.000000000e+00,108.772086,112.442496,-1.000000,-1.000000000e+00,-1.000000000e+00,-1.000000000e+00,row,0,-1.000000000e+00,-1.000000
scheme_a_jblock,double,global,global,4096,4096,20,8,4,2,6,1.358990000e-04,6.088644000e-03,3.443690000e-04,6.273413000e-03,6.273413000e-03,-1.000000000e+00,-1.000000000e+00,106.973451,110.219721,-1.000000,-1.000000000e+00,-1.000000000e+00,-1.000000000e+00,row,0,-1.000000000e+00,-1.000000
scheme_a_jblock,double,global,global,4096,4096,20,8,4,2,7,1.330170000e-04,5.993285000e-03,1.359410000e-04,6.171592000e-03,6.171592000e-03,-1.000000000e+00,-1.000000000e+00,108.738335,111.973424,-1.000000,-1.000000000e+00,-1.000000000e+00,-1.000000000e+00,row,0,-1.000000000e+00,-1.000000
scheme_a_jblock,double,global,global,4096,4096,20,8,4,2,8,1.360410000e-04,6.069587000e-03,1.860840000e-04,6.247068000e-03,6.247068000e-03,-1.000000000e+00,-1.000000000e+00,107.424577,110.565783,-1.000000,-1.000000000e+00,-1.000000000e+00,-1.000000000e+00,row,0,-1.000000000e+00,-1.000000
scheme_a_jblock,double,global,global,4096,4096,20,8,4,2,9,1.230240000e-04,6.060891000e-03,1.877960000e-04,6.232177000e-03,6.232177000e-03,-1.000000000e+00,-1.000000000e+00,107.681255,110.724420,-1.000000,-1.000000000e+00,-1.000000000e+00,-1.000000000e+00,row,0,-1.000000000e+00,-1.000000
scheme_a_jblock,double,global,global,4096,4096,20,8,4,2,10,1.490800000e-04,6.425976000e-03,2.121040000e-04,6.606641000e-03,6.606641000e-03,-1.000000000e+00,-1.000000000e+00,101.577888,104.433730,-1.000000,-1.000000000e+00,-1.000000000e+00,-1.000000000e+00,row,0,-1.000000000e+00,-1.000000
scheme_a_jblock,double,global,global,4096,4096,20,8,4,2,11,1.317180000e-04,6.084237000e-03,1.791400000e-04,6.254672000e-03,6.254672000e-03,-1.000000000e+00,-1.000000000e+00,107.293978,110.299556,-1.000000,-1.000000000e+00,-1.000000000e+00,-1.000000000e+00,row,0,-1.000000000e+00,-1.000000
scheme_a_jblock,double,global,global,4096,4096,20,8,4,2,12,1.548700000e-04,6.122808000e-03,2.486430000e-04,6.320334000e-03,6.320334000e-03,-1.000000000e+00,-1.000000000e+00,106.179300,109.604717,-1.000000,-1.000000000e+00,-1.000000000e+00,-1.000000000e+00,row,0,-1.000000000e+00,-1.000000
scheme_a_jblock,double,global,global,4096,4096,20,8,4,2,13,1.310250000e-04,6.208502000e-03,3.384870000e-04,6.389004000e-03,6.389004000e-03,-1.000000000e+00,-1.000000000e+00,105.038069,108.091878,-1.000000,-1.000000000e+00,-1.000000000e+00,-1.000000000e+00,row,0,-1.000000000e+00,-1.000000
scheme_a_jblock,double,global,global,4096,4096,20,8,4,2,14,1.365960000e-04,6.053572000e-03,1.197050000e-04,6.242713000e-03,6.242713000e-03,-1.000000000e+00,-1.000000000e+00,107.499518,110.858290,-1.000000,-1.000000000e+00,-1.000000000e+00,-1.000000000e+00,row,0,-1.000000000e+00,-1.000000
scheme_a_jblock,double,global,global,4096,4096,20,8,4,2,15,1.349010000e-04,6.094873000e-03,1.974410000e-04,6.279452000e-03,6.279452000e-03,-1.000000000e+00,-1.000000000e+00,106.870574,110.107075,-1.000000,-1.000000000e+00,-1.000000000e+00,-1.000000000e+00,row,0,-1.000000000e+00,-1.000000
scheme_a_jblock,double,global,global,4096,4096,20,8,4,2,16,1.310370000e-04,6.047010000e-03,1.636350000e-04,6.226590000e-03,6.226590000e-03,-1.000000000e+00,-1.000000000e+00,107.777875,110.978589,-1.000000,-1.000000000e+00,-1.000000000e+00,-1.000000000e+00,row,0,-1.000000000e+00,-1.000000
scheme_a_jblock,double,global,global,4096,4096,20,8,4,2,17,1.373480000e-04,5.970894000e-03,1.863510000e-04,6.163866000e-03,6.163866000e-03,-1.000000000e+00,-1.000000000e+00,108.874632,112.393327,-1.000000,-1.000000000e+00,-1.000000000e+00,-1.000000000e+00,row,0,-1.000000000e+00,-1.000000
scheme_a_jblock,double,global,global,4096,4096,20,8,4,2,18,1.294630000e-04,6.209359000e-03,1.401100000e-04,6.393211000e-03,6.393211000e-03,-1.000000000e+00,-1.000000000e+00,104.968949,108.076959,-1.000000,-1.000000000e+00,-1.000000000e+00,-1.000000000e+00,row,0,-1.000000000e+00,-1.000000
scheme_a_jblock,double,global,global,4096,4096,20,8,4,2,19,1.345530000e-04,6.255113000e-03,2.723320000e-04,6.436247000e-03,6.436247000e-03,-1.000000000e+00,-1.000000000e+00,104.267074,107.286414,-1.000000,-1.000000000e+00,-1.000000000e+00,-1.000000000e+00,row,0,-1.000000000e+00,-1.000000
scheme_a_jblock,double,global,global,4096,4096,20,8,4,2,20,1.326490000e-04,6.021025000e-03,2.209310000e-04,6.205169000e-03,6.205169000e-03,-1.000000000e+00,-1.000000000e+00,108.149938,111.457541,-1.000000,-1.000000000e+00,-1.000000000e+00,-1.000000000e+00,row,0,-1.000000000e+00,-1.000000
scheme_a_jblock,double,global,global,4096,4096,32,8,4,2,1,2.684600000e-04,1.023258500e-02,2.364350000e-04,1.057638700e-02,1.057638700e-02,-1.000000000e+00,-1.000000000e+00,101.522554,104.933585,-1.000000,-1.000000000e+00,-1.000000000e+00,-1.000000000e+00,row,0,-1.000000000e+00,-1.000000
scheme_a_jblock,double,global,global,4096,4096,32,8,4,2,2,2.233230000e-04,9.683446000e-03,1.941440000e-04,9.979153000e-03,9.979153000e-03,-1.000000000e+00,-1.000000000e+00,107.598493,110.884268,-1.000000,-1.000000000e+00,-1.000000000e+00,-1.000000000e+00,row,0,-1.000000000e+00,-1.000000
scheme_a_jblock,double,global,global,4096,4096,32,8,4,2,3,2.221910000e-04,1.004446400e-02,2.878190000e-04,1.034398300e-02,1.034398300e-02,-1.000000000e+00,-1.000000000e+00,103.803518,106.898867,-1.000000,-1.000000000e+00,-1.000000000e+00,-1.000000000e+00,row,0,-1.000000000e+00,-1.000000
scheme_a_jblock,double,global,global,4096,4096,32,8,4,2,4,2.377020000e-04,9.966211000e-03,2.083840000e-04,1.029771800e-02,1.029771800e-02,-1.000000000e+00,-1.000000000e+00,104.269880,107.738219,-1.000000,-1.000000000e+00,-1.000000000e+00,-1.000000000e+00,row,0,-1.000000000e+00,-1.000000
scheme_a_jblock,double,global,global,4096,4096,32,8,4,2,5,2.280200000e-04,1.056226200e-02,3.322590000e-04,1.088435600e-02,1.088435600e-02,-1.000000000e+00,-1.000000000e+00,98.650010,101.658321,-1.000000,-1.000000000e+00,-1.000000000e+00,-1.000000000e+00,row,0,-1.000000000e+00,-1.000000
scheme_a_jblock,double,global,global,4096,4096,32,8,4,2,6,2.590170000e-04,1.000103800e-02,3.073240000e-04,1.035096600e-02,1.035096600e-02,-1.000000000e+00,-1.000000000e+00,103.733490,107.363038,-1.000000,-1.000000000e+00,-1.000000000e+00,-1.000000000e+00,row,0,-1.000000000e+00,-1.000000
scheme_a_jblock,double,global,global,4096,4096,32,8,4,2,7,2.175590000e-04,9.925379000e-03,2.100690000e-04,1.020992200e-02,1.020992200e-02,-1.000000000e+00,-1.000000000e+00,105.166506,108.181443,-1.000000,-1.000000000e+00,-1.000000000e+00,-1.000000000e+00,row,0,-1.000000000e+00,-1.000000
scheme_a_jblock,double,global,global,4096,4096,32,8,4,2,8,2.028410000e-04,1.158614500e-02,2.405480000e-04,1.188361900e-02,1.188361900e-02,-1.000000000e+00,-1.000000000e+00,90.354784,92.674641,-1.000000,-1.000000000e+00,-1.000000000e+00,-1.000000000e+00,row,0,-1.000000000e+00,-1.000000
scheme_a_jblock,double,global,global,4096,4096,32,8,4,2,9,2.418700000e-04,1.018115900e-02,3.418800000e-04,1.051188800e-02,1.051188800e-02,-1.000000000e+00,-1.000000000e+00,102.145478,105.463614,-1.000000,-1.000000000e+00,-1.000000000e+00,-1.000000000e+00,row,0,-1.000000000e+00,-1.000000
scheme_a_jblock,double,global,global,4096,4096,32,8,4,2,10,2.506720000e-04,1.015658300e-02,3.145380000e-04,1.048186500e-02,1.048186500e-02,-1.000000000e+00,-1.000000000e+00,102.438051,105.718806,-1.000000,-1.000000000e+00,-1.000000000e+00,-1.000000000e+00,row,0,-1.000000000e+00,-1.000000
scheme_a_jblock,double,global,global,4096,4096,32,8,4,2,11,2.372320000e-04,1.001854100e-02,3.326620000e-04,1.034516800e-02,1.034516800e-02,-1.000000000e+00,-1.000000000e+00,103.791628,107.175468,-1.000000,-1.000000000e+00,-1.000000000e+00,-1.000000000e+00,row,0,-1.000000000e+00,-1.000000
scheme_a_jblock,double,global,global,4096,4096,32,8,4,2,12,2.196720000e-04,9.842073000e-03,1.442290000e-04,1.015461700e-02,1.015461700e-02,-1.000000000e+00,-1.000000000e+00,105.739273,109.097120,-1.000000,-1.000000000e+00,-1.000000000e+00,-1.000000000e+00,row,0,-1.000000000e+00,-1.000000
scheme_a_jblock,double,global,global,4096,4096,32,8,4,2,13,2.190600000e-04,9.733755000e-03,1.750420000e-04,1.002727600e-02,1.002727600e-02,-1.000000000e+00,-1.000000000e+00,107.082105,110.311162,-1.000000,-1.000000000e+00,-1.000000000e+00,-1.000000000e+00,row,0,-1.000000000e+00,-1.000000
scheme_a_jblock,double,global,global,4096,4096,32,8,4,2,14,2.156690000e-04,1.006414200e-02,2.097400000e-04,1.035640700e-02,1.035640700e-02,-1.000000000e+00,-1.000000000e+00,103.678991,106.689852,-1.000000,-1.000000000e+00,-1.000000000e+00,-1.000000000e+00,row,0,-1.000000000e+00,-1.000000
scheme_a_jblock,double,global,global,4096,4096,32,8,4,2,15,2.040410000e-04,9.842605000e-03,2.190310000e-04,1.014816600e-02,1.014816600e-02,-1.000000000e+00,-1.000000000e+00,105.806490,109.091224,-1.000000,-1.000000000e+00,-1.000000000e+00,-1.000000000e+00,row,0,-1.000000000e+00,-1.000000
scheme_a_jblock,double,global,global,4096,4096,32,8,4,2,16,2.370350000e-04,9.811886000e-03,3.310000000e-04,1.014287800e-02,1.014287800e-02,-1.000000000e+00,-1.000000000e+00,105.861652,109.432766,-1.000000,-1.000000000e+00,-1.000000000e+00,-1.000000000e+00,row,0,-1.000000000e+00,-1.000000
scheme_a_jblock,double,global,global,4096,4096,32,8,4,2,17,2.211890000e-04,9.722038000e-03,1.314720000e-04,1.004301500e-02,1.004301500e-02,-1.000000000e+00,-1.000000000e+00,106.914291,110.444109,-1.000000,-1.000000000e+00,-1.000000000e+00,-1.000000000e+00,row,0,-1.000000000e+00,-1.000000
scheme_a_jblock,double,global,global,4096,4096,32,8,4,2,18,2.217990000e-04,1.024945600e-02,1.964060000e-04,1.054968800e-02,1.054968800e-02,-1.000000000e+00,-1.000000000e+00,101.779486,104.760860,-1.000000,-1.000000000e+00,-1.000000000e+00,-1.000000000e+00,row,0,-1.000000000e+00,-1.000000
scheme_a_jblock,double,global,global,4096,4096,32,8,4,2,19,2.184680000e-04,9.941921000e-03,1.930840000e-04,1.024668800e-02,1.024668800e-02,-1.000000000e+00,-1.000000000e+00,104.789160,108.001444,-1.000000,-1.000000000e+00,-1.000000000e+00,-1.000000000e+00,row,0,-1.000000000e+00,-1.000000
scheme_a_jblock,double,global,global,4096,4096,32,8,4,2,20,2.294890000e-04,1.003793700e-02,1.774540000e-04,1.038278400e-02,1.038278400e-02,-1.000000000e+00,-1.000000000e+00,103.415599,106.968376,-1.000000,-1.000000000e+00,-1.000000000e+00,-1.000000000e+00,row,0,-1.000000000e+00,-1.000000
scheme_a_jblock,double,global,global,4096,4096,3,8,8,1,1,6.517000000e-05,4.177676000e-03,4.533000000e-06,4.239056000e-03,4.239056000e-03,-1.000000000e+00,-1.000000000e+00,23.746630,24.095525,-1.000000,-1.000000000e+00,-1.000000000e+00,-1.000000000e+00,row,0,-1.000000000e+00,-1.000000
scheme_a_jblock,double,global,global,4096,4096,3,8,8,1,2,6.139600000e-05,4.263416000e-03,3.316000000e-06,4.322699000e-03,4.322699000e-03,-1.000000000e+00,-1.000000000e+00,23.287140,23.610949,-1.000000,-1.000000000e+00,-1.000000000e+00,-1.000000000e+00,row,0,-1.000000000e+00,-1.000000
scheme_a_jblock,double,global,global,4096,4096,3,8,8,1,3,6.014700000e-05,4.167947000e-03,3.854000000e-06,4.221885000e-03,4.221885000e-03,-1.000000000e+00,-1.000000000e+00,23.843211,24.151770,-1.000000,-1.000000000e+00,-1.000000000e+00,-1.000000000e+00,row,0,-1.000000000e+00,-1.000000
scheme_a_jblock,double,global,global,4096,4096,3,8,8,1,4,6.939800000e-05,4.101986000e-03,3.385000000e-06,4.172540000e-03,4.172540000e-03,-1.000000000e+00,-1.000000000e+00,24.125184,24.540136,-1.000000,-1.000000000e+00,-1.000000000e+00,-1.000000000e+00,row,0,-1.000000000e+00,-1.000000
scheme_a_jblock,double,global,global,4096,4096,3,8,8,1,5,6.223800000e-05,4.316879000e-03,3.760000000e-06,4.374619000e-03,4.374619000e-03,-1.000000000e+00,-1.000000000e+00,23.010757,23.318535,-1.000000,-1.000000000e+00,-1.000000000e+00,-1.000000000e+00,row,0,-1.000000000e+00,-1.000000
scheme_a_jblock,double,global,global,4096,4096,3,8,8,1,6,6.109700000e-05,4.196239000e-03,3.205000000e-06,4.249069000e-03,4.249069000e-03,-1.000000000e+00,-1.000000000e+00,23.690671,23.988933,-1.000000,-1.000000000e+00,-1.000000000e+00,-1.000000000e+00,row,0,-1.000000000e+00,-1.000000
scheme_a_jblock,double,global,global,4096,4096,3,8,8,1,7,5.912400000e-05,4.204576000e-03,3.072000000e-06,4.261495000e-03,4.261495000e-03,-1.000000000e+00,-1.000000000e+00,23.621592,23.941367,-1.000000,-1.000000000e+00,-1.000000000e+00,-1.000000000e+00,row,0,-1.000000000e+00,-1.000000
scheme_a_jblock,double,global,global,4096,4096,3,8,8,1,8,5.848800000e-05,4.242552000e-03,3.791000000e-06,4.294137000e-03,4.294137000e-03,-1.000000000e+00,-1.000000000e+00,23.442032,23.727062,-1.000000,-1.000000000e+00,-1.000000000e+00,-1.000000000e+00,row,0,-1.000000000e+00,-1.000000
scheme_a_jblock,double,global,global,4096,4096,3,8,8,1,9,5.981200000e-05,4.174057000e-03,3.340000000e-06,4.234481000e-03,4.234481000e-03,-1.000000000e+00,-1.000000000e+00,23.772287,24.116416,-1.000000,-1.000000000e+00,-1.000000000e+00,-1.000000000e+00,row,0,-1.000000000e+00,-1.000000
scheme_a_jblock,double,global,global,4096,4096,3,8,8,1,10,7.580300000e-05,4.106438000e-03,3.155000000e-06,4.184442000e-03,4.184442000e-03,-1.000000000e+00,-1.000000000e+00,24.056564,24.513531,-1.000000,-1.000000000e+00,-1.000000000e+00,-1.000000000e+00,row,0,-1.000000000e+00,-1.000000
scheme_a_jblock,double,global,global,4096,4096,3,8,8,1,11,6.063700000e-05,4.114546000e-03,3.090000000e-06,4.175447000e-03,4.175447000e-03,-1.000000000e+00,-1.000000000e+00,24.108388,24.465226,-1.000000,-1.000000000e+00,-1.000000000e+00,-1.000000000e+00,row,0,-1.000000000e+00,-1.000000
scheme_a_jblock,double,global,global,4096,4096,3,8,8,1,12,6.045300000e-05,4.248073000e-03,3.590000000e-06,4.311058000e-03,4.311058000e-03,-1.000000000e+00,-1.000000000e+00,23.350021,23.696226,-1.000000,-1.000000000e+00,-1.000000000e+00,-1.000000000e+00,row,0,-1.000000000e+00,-1.000000
scheme_a_jblock,double,global,global,4096,4096,3,8,8,1,13,6.089200000e-05,4.268826000e-03,3.301000000e-06,4.326027000e-03,4.326027000e-03,-1.000000000e+00,-1.000000000e+00,23.269225,23.581026,-1.000000,-1.000000000e+00,-1.000000000e+00,-1.000000000e+00,row,0,-1.000000000e+00,-1.000000
scheme_a_jblock,double,global,global,4096,4096,3,8,8,1,14,6.171500000e-05,4.238768000e-03,3.055000000e-06,4.295561000e-03,4.295561000e-03,-1.000000000e+00,-1.000000000e+00,23.434261,23.748244,-1.000000,-1.000000000e+00,-1.000000000e+00,-1.000000000e+00,row,0,-1.000000000e+00,-1.000000
scheme_a_jblock,double,global,global,4096,4096,3,8,8,1,15,6.572700000e-05,4.240405000e-03,3.061000000e-06,4.300645000e-03,4.300645000e-03,-1.000000000e+00,-1.000000000e+00,23.406558,23.739076,-1.000000,-1.000000000e+00,-1.000000000e+00,-1.000000000e+00,row,0,-1.000000000e+00,-1.000000
scheme_a_jblock,double,global,global,4096,4096,3,8,8,1,16,6.158300000e-05,4.146472000e-03,3.514000000e-06,4.203501000e-03,4.203501000e-03,-1.000000000e+00,-1.000000000e+00,23.947489,24.276854,-1.000000,-1.000000000e+00,-1.000000000e+00,-1.000000000e+00,row,0,-1.000000000e+00,-1.000000
scheme_a_jblock,double,global,global,4096,4096,3,8,8,1,17,5.913900000e-05,4.198929000e-03,2.998000000e-06,4.257695000e-03,4.257695000e-03,-1.000000000e+00,-1.000000000e+00,23.642674,23.973565,-1.000000,-1.000000000e+00,-1.000000000e+00,-1.000000000e+00,row,0,-1.000000000e+00,-1.000000
scheme_a_jblock,double,global,global,4096,4096,3,8,8,1,18,6.009900000e-05,4.203039000e-03,3.586000000e-06,4.264528000e-03,4.264528000e-03,-1.000000000e+00,-1.000000000e+00,23.604792,23.950122,-1.000000,-1.000000000e+00,-1.000000000e+00,-1.000000000e+00,row,0,-1.000000000e+00,-1.000000
scheme_a_jblock,double,global,global,4096,4096,3,8,8,1,19,5.747400000e-05,4.136418000e-03,3.193000000e-06,4.195080000e-03,4.195080000e-03,-1.000000000e+00,-1.000000000e+00,23.995561,24.335862,-1.000000,-1.000000000e+00,-1.000000000e+00,-1.000000000e+00,row,0,-1.000000000e+00,-1.000000
scheme_a_jblock,double,global,global,4096,4096,3,8,8,1,20,6.220600000e-05,4.230517000e-03,3.616000000e-06,4.295179000e-03,4.295179000e-03,-1.000000000e+00,-1.000000000e+00,23.436345,23.794561,-1.000000,-1.000000000e+00,-1.000000000e+00,-1.000000000e+00,row,0,-1.000000000e+00,-1.000000
scheme_a_jblock,double,global,global,4096,4096,6,8,8,1,1,1.108140000e-04,4.372836000e-03,4.631000000e-06,4.482713000e-03,4.482713000e-03,-1.000000000e+00,-1.000000000e+00,44.911774,46.040280,-1.000000,-1.000000000e+00,-1.000000000e+00,-1.000000000e+00,row,0,-1.000000000e+00,-1.000000
scheme_a_jblock,double,global,global,4096,4096,6,8,8,1,2,1.142930000e-04,4.360566000e-03,4.782000000e-06,4.477738000e-03,4.477738000e-03,-1.000000000e+00,-1.000000000e+00,44.961673,46.169830,-1.000000,-1.000000000e+00,-1.000000000e+00,-1.000000000e+00,row,0,-1.000000000e+00,-1.000000
scheme_a_jblock,double,global,global,4096,4096,6,8,8,1,3,1.091130000e-04,4.428331000e-03,5.209000000e-06,4.539795000e-03,4.539795000e-03,-1.000000000e+00,-1.000000000e+00,44.347067,45.463312,-1.000000,-1.000000000e+00,-1.000000000e+00,-1.000000000e+00,row,0,-1.000000000e+00,-1.000000
scheme_a_jblock,double,global,global,4096,4096,6,8,8,1,4,1.103490000e-04,4.358052000e-03,4.469000000e-06,4.465751000e-03,4.465751000e-03,-1.000000000e+00,-1.000000000e+00,45.082359,46.196464,-1.000000,-1.000000000e+00,-1.000000000e+00,-1.000000000e+00,row,0,-1.000000000e+00,-1.000000
scheme_a_jblock,double,global,global,4096,4096,6,8,8,1,5,1.100280000e-04,4.373154000e-03,4.597000000e-06,4.482504000e-03,4.482504000e-03,-1.000000000e+00,-1.000000000e+00,44.913868,46.036932,-1.000000,-1.000000000e+00,-1.000000000e+00,-1.000000000e+00,row,0,-1.000000000e+00,-1.000000
scheme_a_jblock,double,global,global,4096,4096,6,8,8,1,6,1.065040000e-04,4.526050000e-03,4.655000000e-06,4.631278000e-03,4.631278000e-03,-1.000000000e+00,-1.000000000e+00,43.471066,44.481743,-1.000000,-1.000000000e+00,-1.000000000e+00,-1.000000000e+00,row,0,-1.000000000e+00,-1.000000
scheme_a_jblock,double,global,global,4096,4096,6,8,8,1,7,1.133640000e-04,4.368202000e-03,4.590000000e-06,4.483735000e-03,4.483735000e-03,-1.000000000e+00,-1.000000000e+00,44.901537,46.089121,-1.000000,-1.000000000e+00,-1.000000000e+00,-1.000000000e+00,row,0,-1.000000000e+00,-1.000000
scheme_a_jblock,double,global,global,4096,4096,6,8,8,1,8,1.175270000e-04,4.334210000e-03,5.004000000e-06,4.453877000e-03,4.453877000e-03,-1.000000000e+00,-1.000000000e+00,45.202549,46.450585,-1.000000,-1.000000000e+00,-1.000000000e+00,-1.000000000e+00,row,0,-1.000000000e+00,-1.000000
scheme_a_jblock,double,global,global,4096,4096,6,8,8,1,9,1.123650000e-04,4.306745000e-03,4.591000000e-06,4.415264000e-03,4.415264000e-03,-1.000000000e+00,-1.000000000e+00,45.597861,46.746810,-1.000000,-1.000000000e+00,-1.000000000e+00,-1.000000000e+00,row,0,-1.000000000e+00,-1.000000
scheme_a_jblock,double,global,global,4096,4096,6,8,8,1,10,1.210640000e-04,4.223991000e-03,1.026500000e-05,4.338651000e-03,4.338651000e-03,-1.000000000e+00,-1.000000000e+00,46.403039,47.662647,-1.000000,-1.000000000e+00,-1.000000000e+00,-1.000000000e+00,row,0,-1.000000000e+00,-1.000000
scheme_a_jblock,double,global,global,4096,4096,6,8,8,1,11,1.138080000e-04,4.362248000e-03,5.012000000e-06,4.471185000e-03,4.471185000e-03,-1.000000000e+00,-1.000000000e+00,45.027569,46.152028,-1.000000,-1.000000000e+00,-1.000000000e+00,-1.000000000e+00,row,0,-1.000000000e+00,-1.000000
scheme_a_jblock,double,global,global,4096,4096,6,8,8,1,12,1.107530000e-04,4.341647000e-03,4.690000000e-06,4.450701000e-03,4.450701000e-03,-1.000000000e+00,-1.000000000e+00,45.234805,46.371018,-1.000000,-1.000000000e+00,-1.000000000e+00,-1.000000000e+00,row,0,-1.000000000e+00,-1.000000
scheme_a_jblock,double,global,global,4096,4096,6,8,8,1,13,1.131430000e-04,4.409458000e-03,5.043000000e-06,4.516414000e-03,4.516414000e-03,-1.000000000e+00,-1.000000000e+00,44.576647,45.657900,-1.000000,-1.000000000e+00,-1.000000000e+00,-1.000000000e+00,row,0,-1.000000000e+00,-1.000000
scheme_a_jblock,double,global,global,4096,4096,6,8,8,1,14,1.099620000e-04,4.385561000e-03,7.849000000e-06,4.498757000e-03,4.498757000e-03,-1.000000000e+00,-1.000000000e+00,44.751604,45.906691,-1.000000,-1.000000000e+00,-1.000000000e+00,-1.000000000e+00,row,0,-1.000000000e+00,-1.000000
scheme_a_jblock,double,global,global,4096,4096,6,8,8,1,15,1.131840000e-04,4.251410000e-03,4.620000000e-06,4.366873000e-03,4.366873000e-03,-1.000000000e+00,-1.000000000e+00,46.103148,47.355252,-1.000000,-1.000000000e+00,-1.000000000e+00,-1.000000000e+00,row,0,-1.000000000e+00,-1.000000
scheme_a_jblock,double,global,global,4096,4096,6,8,8,1,16,1.111860000e-04,4.238363000e-03,4.561000000e-06,4.346472000e-03,4.346472000e-03,-1.000000000e+00,-1.000000000e+00,46.319542,47.501026,-1.000000,-1.000000000e+00,-1.000000000e+00,-1.000000000e+00,row,0,-1.000000000e+00,-1.000000
scheme_a_jblock,double,global,global,4096,4096,6,8,8,1,17,1.167820000e-04,4.390187000e-03,5.043000000e-06,4.510843000e-03,4.510843000e-03,-1.000000000e+00,-1.000000000e+00,44.631700,45.858318,-1.000000,-1.000000000e+00,-1.000000000e+00,-1.000000000e+00,row,0,-1.000000000e+00,-1.000000
scheme_a_jblock,double,global,global,4096,4096,6,8,8,1,18,1.130980000e-04,4.548891000e-03,4.536000000e-06,4.666237000e-03,4.666237000e-03,-1.000000000e+00,-1.000000000e+00,43.145385,44.258390,-1.000000,-1.000000000e+00,-1.000000000e+00,-1.000000000e+00,row,0,-1.000000000e+00,-1.000000
scheme_a_jblock,double,global,global,4096,4096,6,8,8,1,19,1.125260000e-04,4.474759000e-03,5.051000000e-06,4.590528000e-03,4.590528000e-03,-1.000000000e+00,-1.000000000e+00,43.856958,44.991606,-1.000000,-1.000000000e+00,-1.000000000e+00,-1.000000000e+00,row,0,-1.000000000e+00,-1.000000
scheme_a_jblock,double,global,global,4096,4096,6,8,8,1,20,1.239740000e-04,4.458619000e-03,5.262000000e-06,4.572139000e-03,4.572139000e-03,-1.000000000e+00,-1.000000000e+00,44.033349,45.154473,-1.000000,-1.000000000e+00,-1.000000000e+00,-1.000000000e+00,row,0,-1.000000000e+00,-1.000000
scheme_a_jblock,double,global,global,4096,4096,8,8,8,1,1,1.573160000e-04,4.404233000e-03,6.217000000e-06,4.544360000e-03,4.544360000e-03,-1.000000000e+00,-1.000000000e+00,59.070024,60.949422,-1.000000,-1.000000000e+00,-1.000000000e+00,-1.000000000e+00,row,0,-1.000000000e+00,-1.000000
scheme_a_jblock,double,global,global,4096,4096,8,8,8,1,2,1.637660000e-04,4.386790000e-03,6.605000000e-06,4.552288000e-03,4.552288000e-03,-1.000000000e+00,-1.000000000e+00,58.967151,61.191773,-1.000000,-1.000000000e+00,-1.000000000e+00,-1.000000000e+00,row,0,-1.000000000e+00,-1.000000
scheme_a_jblock,double,global,global,4096,4096,8,8,8,1,3,1.676900000e-04,4.369325000e-03,6.806000000e-06,4.538426000e-03,4.538426000e-03,-1.000000000e+00,-1.000000000e+00,59.147259,61.436367,-1.000000,-1.000000000e+00,-1.000000000e+00,-1.000000000e+00,row,0,-1.000000000e+00,-1.000000
scheme_a_jblock,double,global,global,4096,4096,8,8,8,1,4,1.664180000e-04,4.489838000e-03,6.225000000e-06,4.657768000e-03,4.657768000e-03,-1.000000000e+00,-1.000000000e+00,57.631779,59.787337,-1.000000,-1.000000000e+00,-1.000000000e+00,-1.000000000e+00,row,0,-1.000000000e+00,-1.000000
scheme_a_jblock,double,global,global,4096,4096,8,8,8,1,5,1.589850000e-04,4.373206000e-03,6.336000000e-06,4.536557000e-03,4.536557000e-03,-1.000000000e+00,-1.000000000e+00,59.171626,61.381846,-1.000000,-1.000000000e+00,-1.000000000e+00,-1.000000000e+00,row,0,-1.000000000e+00,-1.000000
scheme_a_jblock,double,global,global,4096,4096,8,8,8,1,6,1.661780000e-04,4.390419000e-03,8.739000000e-06,4.561914000e-03,4.561914000e-03,-1.000000000e+00,-1.000000000e+00,58.842726,61.141193,-1.000000,-1.000000000e+00,-1.000000000e+00,-1.000000000e+00,row,0,-1.000000000e+00,-1.000000
scheme_a_jblock,double,global,global,4096,4096,8,8,8,1,7,1.499670000e-04,4.289900000e-03,6.845000000e-06,4.437171000e-03,4.437171000e-03,-1.000000000e+00,-1.000000000e+00,60.496982,62.573826,-1.000000,-1.000000000e+00,-1.000000000e+00,-1.000000000e+00,row,0,-1.000000000e+00,-1.000000
scheme_a_jblock,double,global,global,4096,4096,8,8,8,1,8,1.522980000e-04,4.340614000e-03,1.556800000e-05,4.498507000e-03,4.498507000e-03,-1.000000000e+00,-1.000000000e+00,59.672121,61.842738,-1.000000,-1.000000000e+00,-1.000000000e+00,-1.000000000e+00,row,0,-1.000000000e+00,-1.000000
scheme_a_jblock,double,global,global,4096,4096,8,8,8,1,9,1.476690000e-04,4.392905000e-03,7.156000000e-06,4.544326000e-03,4.544326000e-03,-1.000000000e+00,-1.000000000e+00,59.070466,61.106593,-1.000000,-1.000000000e+00,-1.000000000e+00,-1.000000000e+00,row,0,-1.000000000e+00,-1.000000
scheme_a_jblock,double,global,global,4096,4096,8,8,8,1,10,1.657440000e-04,4.321755000e-03,8.848000000e-06,4.482049000e-03,4.482049000e-03,-1.000000000e+00,-1.000000000e+00,59.891236,62.112604,-1.000000,-1.000000000e+00,-1.000000000e+00,-1.000000000e+00,row,0,-1.000000000e+00,-1.000000
scheme_a_jblock,double,global,global,4096,4096,8,8,8,1,11,1.534390000e-04,4.226050000e-03,6.701000000e-06,4.377279000e-03,4.377279000e-03,-1.000000000e+00,-1.000000000e+00,61.324731,63.519233,-1.000000,-1.000000000e+00,-1.000000000e+00,-1.000000000e+00,row,0,-1.000000000e+00,-1.000000
scheme_a_jblock,double,global,global,4096,4096,8,8,8,1,12,1.621150000e-04,4.413299000e-03,6.794000000e-06,4.580608000e-03,4.580608000e-03,-1.000000000e+00,-1.000000000e+00,58.602582,60.824217,-1.000000,-1.000000000e+00,-1.000000000e+00,-1.000000000e+00,row,0,-1.000000000e+00,-1.000000
scheme_a_jblock,double,global,global,4096,4096,8,8,8,1,13,1.481420000e-04,4.193529000e-03,6.603000000e-06,4.346730000e-03,4.346730000e-03,-1.000000000e+00,-1.000000000e+00,61.755723,64.011828,-1.000000,-1.000000000e+00,-1.000000000e+00,-1.000000000e+00,row,0,-1.000000000e+00,-1.000000
scheme_a_jblock,double,global,global,4096,4096,8,8,8,1,14,1.691150000e-04,4.275325000e-03,7.043000000e-06,4.437546000e-03,4.437546000e-03,-1.000000000e+00,-1.000000000e+00,60.491870,62.787146,-1.000000,-1.000000000e+00,-1.000000000e+00,-1.000000000e+00,row,0,-1.000000000e+00,-1.000000
scheme_a_jblock,double,global,global,4096,4096,8,8,8,1,15,1.552790000e-04,4.391761000e-03,7.666000000e-06,4.549955000e-03,4.549955000e-03,-1.000000000e+00,-1.000000000e+00,58.997387,61.122510,-1.000000,-1.000000000e+00,-1.000000000e+00,-1.000000000e+00,row,0,-1.000000000e+00,-1.000000
scheme_a_jblock,double,global,global,4096,4096,8,8,8,1,16,1.474980000e-04,4.465851000e-03,7.011000000e-06,4.613929000e-03,4.613929000e-03,-1.000000000e+00,-1.000000000e+00,58.179364,60.108467,-1.000000,-1.000000000e+00,-1.000000000e+00,-1.000000000e+00,row,0,-1.000000000e+00,-1.000000
scheme_a_jblock,double,global,global,4096,4096,8,8,8,1,17,1.718960000e-04,4.545744000e-03,6.964000000e-06,4.723268000e-03,4.723268000e-03,-1.000000000e+00,-1.000000000e+00,56.832569,59.052040,-1.000000,-1.000000000e+00,-1.000000000e+00,-1.000000000e+00,row,0,-1.000000000e+00,-1.000000
scheme_a_jblock,double,global,global,4096,4096,8,8,8,1,18,1.527300000e-04,4.395845000e-03,6.471000000e-06,4.553663000e-03,4.553663000e-03,-1.000000000e+00,-1.000000000e+00,58.949346,61.065724,-1.000000,-1.000000000e+00,-1.000000000e+00,-1.000000000e+00,row,0,-1.000000000e+00,-1.000000
scheme_a_jblock,double,global,global,4096,4096,8,8,8,1,19,1.660540000e-04,4.306489000e-03,7.583000000e-06,4.477520000e-03,4.477520000e-03,-1.000000000e+00,-1.000000000e+00,59.951816,62.332786,-1.000000,-1.000000000e+00,-1.000000000e+00,-1.000000000e+00,row,0,-1.000000000e+00,-1.000000
scheme_a_jblock,double,global,global,4096,4096,8,8,8,1,20,1.513630000e-04,4.271207000e-03,1.613500000e-05,4.428648000e-03,4.428648000e-03,-1.000000000e+00,-1.000000000e+00,60.613410,62.847681,-1.000000,-1.000000000e+00,-1.000000000e+00,-1.000000000e+00,row,0,-1.000000000e+00,-1.000000
scheme_a_jblock,double,global,global,4096,4096,20,8,8,1,1,3.829970000e-04,6.373713000e-03,1.434500000e-05,6.768238000e-03,6.768238000e-03,-1.000000000e+00,-1.000000000e+00,99.152636,105.290062,-1.000000,-1.000000000e+00,-1.000000000e+00,-1.000000000e+00,row,0,-1.000000000e+00,-1.000000
scheme_a_jblock,double,global,global,4096,4096,20,8,8,1,2,3.883920000e-04,6.305275000e-03,1.420700000e-05,6.695506000e-03,6.695506000e-03,-1.000000000e+00,-1.000000000e+00,100.229712,106.432890,-1.000000,-1.000000000e+00,-1.000000000e+00,-1.000000000e+00,row,0,-1.000000000e+00,-1.000000
scheme_a_jblock,double,global,global,4096,4096,20,8,8,1,3,3.745570000e-04,6.288356000e-03,1.411300000e-05,6.670372000e-03,6.670372000e-03,-1.000000000e+00,-1.000000000e+00,100.607378,106.719251,-1.000000,-1.000000000e+00,-1.000000000e+00,-1.000000000e+00,row,0,-1.000000000e+00,-1.000000
scheme_a_jblock,double,global,global,4096,4096,20,8,8,1,4,3.708900000e-04,6.392276000e-03,1.641000000e-05,6.770103000e-03,6.770103000e-03,-1.000000000e+00,-1.000000000e+00,99.125322,104.984303,-1.000000,-1.000000000e+00,-1.000000000e+00,-1.000000000e+00,row,0,-1.000000000e+00,-1.000000
scheme_a_jblock,double,global,global,4096,4096,20,8,8,1,5,3.888190000e-04,6.237307000e-03,1.460800000e-05,6.636384000e-03,6.636384000e-03,-1.000000000e+00,-1.000000000e+00,101.122635,107.592690,-1.000000,-1.000000000e+00,-1.000000000e+00,-1.000000000e+00,row,0,-1.000000000e+00,-1.000000
scheme_a_jblock,double,global,global,4096,4096,20,8,8,1,6,3.838930000e-04,6.232042000e-03,1.392800000e-05,6.627605000e-03,6.627605000e-03,-1.000000000e+00,-1.000000000e+00,101.256584,107.683587,-1.000000,-1.000000000e+00,-1.000000000e+00,-1.000000000e+00,row,0,-1.000000000e+00,-1.000000
scheme_a_jblock,double,global,global,4096,4096,20,8,8,1,7,3.837110000e-04,6.325528000e-03,1.413900000e-05,6.722407000e-03,6.722407000e-03,-1.000000000e+00,-1.000000000e+00,99.828624,106.092114,-1.000000,-1.000000000e+00,-1.000000000e+00,-1.000000000e+00,row,0,-1.000000000e+00,-1.000000
scheme_a_jblock,double,global,global,4096,4096,20,8,8,1,8,3.890820000e-04,6.314510000e-03,1.452900000e-05,6.716464000e-03,6.716464000e-03,-1.000000000e+00,-1.000000000e+00,99.916956,106.277231,-1.000000,-1.000000000e+00,-1.000000000e+00,-1.000000000e+00,row,0,-1.000000000e+00,-1.000000
scheme_a_jblock,double,global,global,4096,4096,20,8,8,1,9,3.932060000e-04,6.332504000e-03,1.425500000e-05,6.738656000e-03,6.738656000e-03,-1.000000000e+00,-1.000000000e+00,99.587906,105.975241,-1.000000,-1.000000000e+00,-1.000000000e+00,-1.000000000e+00,row,0,-1.000000000e+00,-1.000000
scheme_a_jblock,double,global,global,4096,4096,20,8,8,1,10,4.017880000e-04,6.330574000e-03,1.405200000e-05,6.702482000e-03,6.702482000e-03,-1.000000000e+00,-1.000000000e+00,100.125392,106.007550,-1.000000,-1.000000000e+00,-1.000000000e+00,-1.000000000e+00,row,0,-1.000000000e+00,-1.000000
scheme_a_jblock,double,global,global,4096,4096,20,8,8,1,11,3.853620000e-04,6.247317000e-03,1.440800000e-05,6.630319000e-03,6.630319000e-03,-1.000000000e+00,-1.000000000e+00,101.215136,107.420296,-1.000000,-1.000000000e+00,-1.000000000e+00,-1.000000000e+00,row,0,-1.000000000e+00,-1.000000
scheme_a_jblock,double,global,global,4096,4096,20,8,8,1,12,3.811020000e-04,6.261170000e-03,1.418600000e-05,6.644612000e-03,6.644612000e-03,-1.000000000e+00,-1.000000000e+00,100.997416,107.182626,-1.000000,-1.000000000e+00,-1.000000000e+00,-1.000000000e+00,row,0,-1.000000000e+00,-1.000000
scheme_a_jblock,double,global,global,4096,4096,20,8,8,1,13,3.756420000e-04,6.473485000e-03,1.490300000e-05,6.845175000e-03,6.845175000e-03,-1.000000000e+00,-1.000000000e+00,98.038201,103.667289,-1.000000,-1.000000000e+00,-1.000000000e+00,-1.000000000e+00,row,0,-1.000000000e+00,-1.000000
scheme_a_jblock,double,global,global,4096,4096,20,8,8,1,14,3.979240000e-04,6.421540000e-03,1.559500000e-05,6.813712000e-03,6.813712000e-03,-1.000000000e+00,-1.000000000e+00,98.490902,104.505872,-1.000000,-1.000000000e+00,-1.000000000e+00,-1.000000000e+00,row,0,-1.000000000e+00,-1.000000
scheme_a_jblock,double,global,global,4096,4096,20,8,8,1,15,3.815730000e-04,6.152548000e-03,1.419600000e-05,6.536582000e-03,6.536582000e-03,-1.000000000e+00,-1.000000000e+00,102.666599,109.074913,-1.000000,-1.000000000e+00,-1.000000000e+00,-1.000000000e+00,row,0,-1.000000000e+00,-1.000000
scheme_a_jblock,double,global,global,4096,4096,20,8,8,1,16,3.935710000e-04,6.304438000e-03,1.420600000e-05,6.694601000e-03,6.694601000e-03,-1.000000000e+00,-1.000000000e+00,100.243262,106.447020,-1.000000,-1.000000000e+00,-1.000000000e+00,-1.000000000e+00,row,0,-1.000000000e+00,-1.000000
scheme_a_jblock,double,global,global,4096,4096,20,8,8,1,17,3.872730000e-04,6.217903000e-03,1.453800000e-05,6.615249000e-03,6.615249000e-03,-1.000000000e+00,-1.000000000e+00,101.445711,107.928451,-1.000000,-1.000000000e+00,-1.000000000e+00,-1.000000000e+00,row,0,-1.000000000e+00,-1.000000
scheme_a_jblock,double,global,global,4096,4096,20,8,8,1,18,3.914840000e-04,6.387131000e-03,1.420500000e-05,6.776437000e-03,6.776437000e-03,-1.000000000e+00,-1.000000000e+00,99.032669,105.068871,-1.000000,-1.000000000e+00,-1.000000000e+00,-1.000000000e+00,row,0,-1.000000000e+00,-1.000000
scheme_a_jblock,double,global,global,4096,4096,20,8,8,1,19,3.884600000e-04,6.370973000e-03,1.457300000e-05,6.764238000e-03,6.764238000e-03,-1.000000000e+00,-1.000000000e+00,99.211270,105.335345,-1.000000,-1.000000000e+00,-1.000000000e+00,-1.000000000e+00,row,0,-1.000000000e+00,-1.000000
scheme_a_jblock,double,global,global,4096,4096,20,8,8,1,20,3.882050000e-04,6.247844000e-03,1.408800000e-05,6.647653000e-03,6.647653000e-03,-1.000000000e+00,-1.000000000e+00,100.951214,107.411235,-1.000000,-1.000000000e+00,-1.000000000e+00,-1.000000000e+00,row,0,-1.000000000e+00,-1.000000
scheme_a_jblock,double,global,global,4096,4096,32,8,8,1,1,6.671600000e-04,1.078639600e-02,3.568800000e-05,1.148380100e-02,1.148380100e-02,-1.000000000e+00,-1.000000000e+00,93.500560,99.545930,-1.000000,-1.000000000e+00,-1.000000000e+00,-1.000000000e+00,row,0,-1.000000000e+00,-1.000000
scheme_a_jblock,double,global,global,4096,4096,32,8,8,1,2,6.938890000e-04,1.064077800e-02,2.312100000e-05,1.134581000e-02,1.134581000e-02,-1.000000000e+00,-1.000000000e+00,94.637741,100.908207,-1.000000,-1.000000000e+00,-1.000000000e+00,-1.000000000e+00,row,0,-1.000000000e+00,-1.000000
scheme_a_jblock,double,global,global,4096,4096,32,8,8,1,3,6.824080000e-04,1.063673500e-02,2.226500000e-05,1.133352200e-02,1.133352200e-02,-1.000000000e+00,-1.000000000e+00,94.740348,100.946562,-1.000000,-1.000000000e+00,-1.000000000e+00,-1.000000000e+00,row,0,-1.000000000e+00,-1.000000
scheme_a_jblock,double,global,global,4096,4096,32,8,8,1,4,6.642620000e-04,1.217978700e-02,2.405900000e-05,1.285090500e-02,1.285090500e-02,-1.000000000e+00,-1.000000000e+00,83.553790,88.157685,-1.000000,-1.000000000e+00,-1.000000000e+00,-1.000000000e+00,row,0,-1.000000000e+00,-1.000000
scheme_a_jblock,double,global,global,4096,4096,32,8,8,1,5,7.226440000e-04,1.067125800e-02,2.628200000e-05,1.140768400e-02,1.140768400e-02,-1.000000000e+00,-1.000000000e+00,94.124436,100.619985,-1.000000,-1.000000000e+00,-1.000000000e+00,-1.000000000e+00,row,0,-1.000000000e+00,-1.000000
scheme_a_jblock,double,global,global,4096,4096,32,8,8,1,6,6.629940000e-04,1.072611400e-02,2.292100000e-05,1.141054600e-02,1.141054600e-02,-1.000000000e+00,-1.000000000e+00,94.100828,100.105390,-1.000000,-1.000000000e+00,-1.000000000e+00,-1.000000000e+00,row,0,-1.000000000e+00,-1.000000
scheme_a_jblock,double,global,global,4096,4096,32,8,8,1,7,6.672290000e-04,1.073158300e-02,2.290200000e-05,1.140240100e-02,1.140240100e-02,-1.000000000e+00,-1.000000000e+00,94.168046,100.054374,-1.000000,-1.000000000e+00,-1.000000000e+00,-1.000000000e+00,row,0,-1.000000000e+00,-1.000000
scheme_a_jblock,double,global,global,4096,4096,32,8,8,1,8,6.741010000e-04,1.069479100e-02,2.269400000e-05,1.138414400e-02,1.138414400e-02,-1.000000000e+00,-1.000000000e+00,94.319066,100.398579,-1.000000,-1.000000000e+00,-1.000000000e+00,-1.000000000e+00,row,0,-1.000000000e+00,-1.000000
scheme_a_jblock,double,global,global,4096,4096,32,8,8,1,9,6.725940000e-04,1.070659900e-02,2.363700000e-05,1.140053300e-02,1.140053300e-02,-1.000000000e+00,-1.000000000e+00,94.183476,100.287853,-1.000000,-1.000000000e+00,-1.000000000e+00,-1.000000000e+00,row,0,-1.000000000e+00,-1.000000
scheme_a_jblock,double,global,global,4096,4096,32,8,8,1,10,6.722460000e-04,1.094482900e-02,2.266800000e-05,1.163613700e-02,1.163613700e-02,-1.000000000e+00,-1.000000000e+00,92.276485,98.104943,-1.000000,-1.000000000e+00,-1.000000000e+00,-1.000000000e+00,row,0,-1.000000000e+00,-1.000000
scheme_a_jblock,double,global,global,4096,4096,32,8,8,1,11,6.719640000e-04,1.075237700e-02,2.342300000e-05,1.142160800e-02,1.142160800e-02,-1.000000000e+00,-1.000000000e+00,94.009690,99.860880,-1.000000,-1.000000000e+00,-1.000000000e+00,-1.000000000e+00,row,0,-1.000000000e+00,-1.000000
scheme_a_jblock,double,global,global,4096,4096,32,8,8,1,12,6.798630000e-04,1.075996800e-02,2.540700000e-05,1.144312000e-02,1.144312000e-02,-1.000000000e+00,-1.000000000e+00,93.832960,99.790429,-1.000000,-1.000000000e+00,-1.000000000e+00,-1.000000000e+00,row,0,-1.000000000e+00,-1.000000
scheme_a_jblock,double,global,global,4096,4096,32,8,8,1,13,6.645220000e-04,1.070619700e-02,2.347200000e-05,1.136410800e-02,1.136410800e-02,-1.000000000e+00,-1.000000000e+00,94.485359,100.291618,-1.000000,-1.000000000e+00,-1.000000000e+00,-1.000000000e+00,row,0,-1.000000000e+00,-1.000000
scheme_a_jblock,double,global,global,4096,4096,32,8,8,1,14,6.582360000e-04,1.064800600e-02,2.324500000e-05,1.132044600e-02,1.132044600e-02,-1.000000000e+00,-1.000000000e+00,94.849781,100.839709,-1.000000,-1.000000000e+00,-1.000000000e+00,-1.000000000e+00,row,0,-1.000000000e+00,-1.000000
scheme_a_jblock,double,global,global,4096,4096,32,8,8,1,15,6.633730000e-04,1.070455200e-02,2.267000000e-05,1.138005800e-02,1.138005800e-02,-1.000000000e+00,-1.000000000e+00,94.352931,100.307031,-1.000000,-1.000000000e+00,-1.000000000e+00,-1.000000000e+00,row,0,-1.000000000e+00,-1.000000
scheme_a_jblock,double,global,global,4096,4096,32,8,8,1,16,6.703900000e-04,1.073907500e-02,2.422800000e-05,1.142787000e-02,1.142787000e-02,-1.000000000e+00,-1.000000000e+00,93.958176,99.984573,-1.000000,-1.000000000e+00,-1.000000000e+00,-1.000000000e+00,row,0,-1.000000000e+00,-1.000000
scheme_a_jblock,double,global,global,4096,4096,32,8,8,1,17,6.733610000e-04,1.066095300e-02,2.328900000e-05,1.135228100e-02,1.135228100e-02,-1.000000000e+00,-1.000000000e+00,94.583795,100.717246,-1.000000,-1.000000000e+00,-1.000000000e+00,-1.000000000e+00,row,0,-1.000000000e+00,-1.000000
scheme_a_jblock,double,global,global,4096,4096,32,8,8,1,18,6.633540000e-04,1.073970600e-02,2.300800000e-05,1.140458100e-02,1.140458100e-02,-1.000000000e+00,-1.000000000e+00,94.150046,99.978698,-1.000000,-1.000000000e+00,-1.000000000e+00,-1.000000000e+00,row,0,-1.000000000e+00,-1.000000
scheme_a_jblock,double,global,global,4096,4096,32,8,8,1,19,6.602230000e-04,1.096170100e-02,2.259700000e-05,1.164375800e-02,1.164375800e-02,-1.000000000e+00,-1.000000000e+00,92.216089,97.953942,-1.000000,-1.000000000e+00,-1.000000000e+00,-1.000000000e+00,row,0,-1.000000000e+00,-1.000000
scheme_a_jblock,double,global,global,4096,4096,32,8,8,1,20,6.724500000e-04,1.072378400e-02,2.271800000e-05,1.141790000e-02,1.141790000e-02,-1.000000000e+00,-1.000000000e+00,94.040220,100.127140,-1.000000,-1.000000000e+00,-1.000000000e+00,-1.000000000e+00,row,0,-1.000000000e+00,-1.000000
