kernel,scalar,a_mode,x_mode,M,N,k,P,pr,pc,rep,t_bcast_s,t_local_s,t_reduce_s,t_total_s,t_official_s,t_kernel_s,t_transfer_runtime_overhead_s,gflops,gflops_compute,gflops_kernel,t_h2d_X_s,t_d2h_Y_s,t_launch_overhead_s,x_layout,group_timing,t_local_group_s,gflops_local_group
cuda_warp_smem(blk64),double,local,local,16384,16384,3,1,1,1,1,1.080000001e-07,6.629084000e-03,4.722800000e-05,6.676420000e-03,6.457415956e-03,6.410079956e-03,2.190040439e-04,249.420627,251.262503,251.262503,1.209279969e-04,8.851200342e-05,9.564043590e-06,row,0,-1.000000000e+00,-1.000000
cuda_warp_smem(blk64),double,local,local,16384,16384,3,1,1,1,2,1.210000002e-07,6.626599000e-03,4.487600000e-05,6.671596000e-03,6.450180792e-03,6.405183792e-03,2.214152079e-04,249.700402,251.454570,251.454570,1.201919988e-04,9.187199920e-05,9.351209902e-06,row,0,-1.000000000e+00,-1.000000
cuda_warp_smem(blk64),double,local,local,16384,16384,3,1,1,1,3,1.110000001e-07,6.612297000e-03,6.142100000e-05,6.673829000e-03,6.456667880e-03,6.395135880e-03,2.171611205e-04,249.449525,251.849650,251.849650,1.199679971e-04,8.736000210e-05,9.833121309e-06,row,0,-1.000000000e+00,-1.000000
cuda_warp_smem(blk64),double,local,local,16384,16384,3,1,1,1,4,1.129999998e-07,6.590340000e-03,4.696900000e-05,6.637422000e-03,6.423018031e-03,6.375936031e-03,2.144039687e-04,250.756378,252.608045,252.608045,1.198719963e-04,8.563199639e-05,8.899975922e-06,row,0,-1.000000000e+00,-1.000000
cuda_warp_smem(blk64),double,local,local,16384,16384,3,1,1,1,5,1.159999998e-07,6.594214000e-03,4.325800000e-05,6.637588000e-03,6.419534145e-03,6.376160145e-03,2.180538552e-04,250.892463,252.599166,252.599166,1.193279997e-04,8.959999681e-05,9.125858738e-06,row,0,-1.000000000e+00,-1.000000
cuda_warp_smem(blk64),double,local,local,16384,16384,3,1,1,1,6,8.699999987e-08,6.599492000e-03,4.506500000e-05,6.644644000e-03,6.430112175e-03,6.384960175e-03,2.145318254e-04,250.479726,252.251023,252.251023,1.187520027e-04,8.681599796e-05,8.963824765e-06,row,0,-1.000000000e+00,-1.000000
cuda_warp_smem(blk64),double,local,local,16384,16384,3,1,1,1,7,1.159999998e-07,6.593806000e-03,4.435800000e-05,6.638280000e-03,6.418938035e-03,6.374464035e-03,2.193419650e-04,250.915763,252.666377,252.666377,1.227200031e-04,8.656000346e-05,1.006195838e-05,row,0,-1.000000000e+00,-1.000000
cuda_warp_smem(blk64),double,local,local,16384,16384,3,1,1,1,8,9.599999995e-08,6.598253000e-03,4.588200000e-05,6.644231000e-03,6.411737850e-03,6.365759850e-03,2.324931505e-04,251.197534,253.011859,253.011859,1.194880009e-04,1.032000035e-04,9.805146077e-06,row,0,-1.000000000e+00,-1.000000
cuda_warp_smem(blk64),double,local,local,16384,16384,3,1,1,1,9,1.040000002e-07,6.598014000e-03,4.450200000e-05,6.642620000e-03,6.425597936e-03,6.380991936e-03,2.170220643e-04,250.655698,252.407894,252.407894,1.196800023e-04,8.870399743e-05,8.638064505e-06,row,0,-1.000000000e+00,-1.000000
cuda_warp_smem(blk64),double,local,local,16384,16384,3,1,1,1,10,8.799999995e-08,6.600557000e-03,4.346100000e-05,6.644106000e-03,6.423293053e-03,6.379744053e-03,2.208129471e-04,250.745641,252.457265,252.457265,1.182719991e-04,9.222400188e-05,1.031694617e-05,row,0,-1.000000000e+00,-1.000000
cuda_warp_smem(blk64),double,local,local,16384,16384,3,1,1,1,11,1.130000000e-07,6.591475000e-03,4.628300000e-05,6.637871000e-03,6.423132164e-03,6.376736164e-03,2.147388359e-04,250.751922,252.576349,252.576349,1.200639978e-04,8.604799956e-05,8.626838541e-06,row,0,-1.000000000e+00,-1.000000
cuda_warp_smem(blk64),double,local,local,16384,16384,3,1,1,1,12,1.100000000e-07,6.588659000e-03,6.154300000e-05,6.650312000e-03,6.431957108e-03,6.370304108e-03,2.183548923e-04,250.407879,252.831373,252.831373,1.198400036e-04,8.876799792e-05,9.746890864e-06,row,0,-1.000000000e+00,-1.000000
cuda_warp_smem(blk64),double,local,local,16384,16384,3,1,1,1,13,1.169999999e-07,6.601536000e-03,4.327200000e-05,6.644925000e-03,6.425085224e-03,6.381696224e-03,2.198397758e-04,250.675700,252.380038,252.380038,1.201919988e-04,9.011200070e-05,9.535776304e-06,row,0,-1.000000000e+00,-1.000000
cuda_warp_smem(blk64),double,local,local,16384,16384,3,1,1,1,14,1.320000000e-07,6.583175000e-03,4.437800000e-05,6.627685000e-03,6.413598173e-03,6.369088173e-03,2.140868271e-04,251.124672,252.879642,252.879642,1.189439967e-04,8.521600068e-05,9.926829684e-06,row,0,-1.000000000e+00,-1.000000
cuda_warp_smem(blk64),double,local,local,16384,16384,3,1,1,1,15,1.029999999e-07,6.584480000e-03,4.451400000e-05,6.629097000e-03,6.410569015e-03,6.365952015e-03,2.185279851e-04,251.243335,253.004222,253.004222,1.196160018e-04,8.895999938e-05,9.951983850e-06,row,0,-1.000000000e+00,-1.000000
cuda_warp_smem(blk64),double,local,local,16384,16384,3,1,1,1,16,1.070000000e-07,6.595592000e-03,4.489500000e-05,6.640594000e-03,6.425002114e-03,6.380000114e-03,2.155918856e-04,250.678943,252.447133,252.447133,1.194240004e-04,8.748800308e-05,8.679882101e-06,row,0,-1.000000000e+00,-1.000000
cuda_warp_smem(blk64),double,local,local,16384,16384,3,1,1,1,17,1.080000001e-07,6.353067000e-03,4.441400000e-05,6.397589000e-03,6.180457783e-03,6.135935783e-03,2.171312166e-04,260.597644,262.488525,262.488525,1.182719991e-04,8.982399851e-05,9.035219042e-06,row,0,-1.000000000e+00,-1.000000
cuda_warp_smem(blk64),double,local,local,16384,16384,3,1,1,1,18,1.180000000e-07,5.995643000e-03,4.526400000e-05,6.041025000e-03,5.824326016e-03,5.778944016e-03,2.166989845e-04,276.532037,278.703641,278.703641,1.198719963e-04,8.716800064e-05,9.658987515e-06,row,0,-1.000000000e+00,-1.000000
cuda_warp_smem(blk64),double,local,local,16384,16384,3,1,1,1,19,1.060000001e-07,5.900883000e-03,4.461600000e-05,5.945605000e-03,5.725841919e-03,5.681119919e-03,2.197630812e-04,281.288369,283.502682,283.502682,1.209279969e-04,9.004800022e-05,8.787084027e-06,row,0,-1.000000000e+00,-1.000000
cuda_warp_smem(blk64),double,local,local,16384,16384,3,1,1,1,20,1.130000000e-07,5.883176000e-03,4.662000000e-05,5.929909000e-03,5.715085127e-03,5.668352127e-03,2.148238729e-04,281.817803,284.141264,284.141264,1.194560006e-04,8.518400043e-05,1.018387187e-05,row,0,-1.000000000e+00,-1.000000
cuda_warp_smem(blk64),double,local,local,16384,16384,6,1,1,1,1,1.310000000e-07,1.618915600e-02,9.275800000e-05,1.628204500e-02,1.585026472e-02,1.575737572e-02,4.317802828e-04,203.228497,204.426519,204.426519,2.290239930e-04,1.932799965e-04,9.476293307e-06,row,0,-1.000000000e+00,-1.000000
cuda_warp_smem(blk64),double,local,local,16384,16384,6,1,1,1,2,1.130000000e-07,1.619436500e-02,9.095300000e-05,1.628543100e-02,1.585829794e-02,1.576723194e-02,4.271330588e-04,203.125549,204.298731,204.298731,2.292799950e-04,1.879040003e-04,9.949063530e-06,row,0,-1.000000000e+00,-1.000000
cuda_warp_smem(blk64),double,local,local,16384,16384,6,1,1,1,3,1.440000001e-07,1.617523600e-02,9.735400000e-05,1.627273400e-02,1.585208994e-02,1.575459194e-02,4.206440582e-04,203.205097,204.462641,204.462641,2.295999974e-04,1.809280068e-04,1.011605400e-05,row,0,-1.000000000e+00,-1.000000
cuda_warp_smem(blk64),double,local,local,16384,16384,6,1,1,1,4,1.420000002e-07,1.620410700e-02,9.282800000e-05,1.629707700e-02,1.586068164e-02,1.576771164e-02,4.363953606e-04,203.095021,204.292515,204.292515,2.282879949e-04,1.879040003e-04,2.020336545e-05,row,0,-1.000000000e+00,-1.000000
cuda_warp_smem(blk64),double,local,local,16384,16384,6,1,1,1,5,1.310000000e-07,1.618768100e-02,9.379500000e-05,1.628160700e-02,1.586134963e-02,1.576742363e-02,4.202573702e-04,203.086468,204.296247,204.296247,2.300159931e-04,1.806080043e-04,9.633372789e-06,row,0,-1.000000000e+00,-1.000000
cuda_warp_smem(blk64),double,local,local,16384,16384,6,1,1,1,6,1.860000001e-07,1.616575000e-02,9.059400000e-05,1.625653000e-02,1.583429978e-02,1.574351978e-02,4.222302170e-04,203.433402,204.606436,204.606436,2.288639992e-04,1.835519969e-04,9.814220786e-06,row,0,-1.000000000e+00,-1.000000
cuda_warp_smem(blk64),double,local,local,16384,16384,6,1,1,1,7,1.629999999e-07,1.568918700e-02,9.127600000e-05,1.578062600e-02,1.535831904e-02,1.526688004e-02,4.223069646e-04,209.738153,210.994353,210.994353,2.326720059e-04,1.787199974e-04,1.091496130e-05,row,0,-1.000000000e+00,-1.000000
cuda_warp_smem(blk64),double,local,local,16384,16384,6,1,1,1,8,1.330000001e-07,1.568996000e-02,9.451900000e-05,1.578461200e-02,1.535858804e-02,1.526393604e-02,4.260239572e-04,209.734480,211.035048,211.035048,2.324479967e-04,1.845120043e-04,9.063956223e-06,row,0,-1.000000000e+00,-1.000000
cuda_warp_smem(blk64),double,local,local,16384,16384,6,1,1,1,9,1.240000000e-07,1.570838100e-02,1.004520000e-04,1.580895700e-02,1.536607988e-02,1.526550388e-02,4.428771166e-04,209.632222,211.013373,211.013373,2.334399968e-04,1.998720020e-04,9.565117794e-06,row,0,-1.000000000e+00,-1.000000
cuda_warp_smem(blk64),double,local,local,16384,16384,6,1,1,1,10,1.470000002e-07,1.568182000e-02,9.032400000e-05,1.577229100e-02,1.535799095e-02,1.526751995e-02,4.143000491e-04,209.742634,210.985509,210.985509,2.315839976e-04,1.732479930e-04,9.468058534e-06,row,0,-1.000000000e+00,-1.000000
cuda_warp_smem(blk64),double,local,local,16384,16384,6,1,1,1,11,1.789999999e-07,1.570642500e-02,9.102900000e-05,1.579763300e-02,1.535763981e-02,1.526643181e-02,4.399931915e-04,209.747429,211.000548,211.000548,2.523199916e-04,1.775680035e-04,1.010519640e-05,row,0,-1.000000000e+00,-1.000000
cuda_warp_smem(blk64),double,local,local,16384,16384,6,1,1,1,12,1.679999999e-07,1.569537300e-02,9.324400000e-05,1.578878500e-02,1.536115606e-02,1.526774406e-02,4.276289357e-04,209.699417,210.982412,210.982412,2.302719951e-04,1.739519984e-04,2.340494225e-05,row,0,-1.000000000e+00,-1.000000
cuda_warp_smem(blk64),double,local,local,16384,16384,6,1,1,1,13,1.370000000e-07,1.562295700e-02,8.953300000e-05,1.571262700e-02,1.530102998e-02,1.521135998e-02,4.115970223e-04,210.523440,211.764463,211.764463,2.308479995e-04,1.709440053e-04,9.805017574e-06,row,0,-1.000000000e+00,-1.000000
cuda_warp_smem(blk64),double,local,local,16384,16384,6,1,1,1,14,9.199999984e-08,1.557302900e-02,9.328100000e-05,1.566640200e-02,1.525202912e-02,1.515865612e-02,4.143728797e-04,211.199798,212.500729,212.500729,2.290239930e-04,1.757760048e-04,9.572881893e-06,row,0,-1.000000000e+00,-1.000000
cuda_warp_smem(blk64),double,local,local,16384,16384,6,1,1,1,15,1.550000002e-07,1.560383100e-02,9.001300000e-05,1.569399900e-02,1.527359200e-02,1.518342400e-02,4.204070040e-04,210.901632,212.154088,212.154088,2.363200039e-04,1.742399931e-04,9.847007066e-06,row,0,-1.000000000e+00,-1.000000
cuda_warp_smem(blk64),double,local,local,16384,16384,6,1,1,1,16,1.700000001e-07,1.557286600e-02,9.229700000e-05,1.566533300e-02,1.525397079e-02,1.516150379e-02,4.113622082e-04,211.172915,212.460816,212.460816,2.303999960e-04,1.715520024e-04,9.410209719e-06,row,0,-1.000000000e+00,-1.000000
cuda_warp_smem(blk64),double,local,local,16384,16384,6,1,1,1,17,1.490000001e-07,1.557416200e-02,9.335200000e-05,1.566766300e-02,1.524636546e-02,1.515286446e-02,4.212975438e-04,211.278254,212.581950,212.581950,2.319680005e-04,1.797759980e-04,9.553545296e-06,row,0,-1.000000000e+00,-1.000000
cuda_warp_smem(blk64),double,local,local,16384,16384,6,1,1,1,18,1.500000000e-07,1.558021500e-02,8.929400000e-05,1.566965900e-02,1.524992355e-02,1.516047955e-02,4.197354544e-04,211.228959,212.475170,212.475170,2.388480008e-04,1.706240028e-04,1.026345083e-05,row,0,-1.000000000e+00,-1.000000
cuda_warp_smem(blk64),double,local,local,16384,16384,6,1,1,1,19,1.640000000e-07,1.556303200e-02,9.114500000e-05,1.565434100e-02,1.524647658e-02,1.515516758e-02,4.078644203e-04,211.276714,212.549644,212.549644,2.287359983e-04,1.701440066e-04,8.984415466e-06,row,0,-1.000000000e+00,-1.000000
cuda_warp_smem(blk64),double,local,local,16384,16384,6,1,1,1,20,1.640000000e-07,1.557343200e-02,9.047000000e-05,1.566406600e-02,1.525559391e-02,1.516495991e-02,4.084720925e-04,211.150447,212.412396,212.412396,2.312320024e-04,1.679680049e-04,9.272085149e-06,row,0,-1.000000000e+00,-1.000000
cuda_warp_smem(blk64),double,local,local,16384,16384,8,1,1,1,1,2.059999997e-07,1.434916900e-02,1.298230000e-04,1.447919800e-02,1.393761281e-02,1.380758381e-02,5.415851911e-04,308.156594,311.058572,311.058572,3.047040105e-04,2.259840071e-04,1.089717349e-05,row,0,-1.000000000e+00,-1.000000
cuda_warp_smem(blk64),double,local,local,16384,16384,8,1,1,1,2,2.130000001e-07,1.433187900e-02,1.207460000e-04,1.445283800e-02,1.391395064e-02,1.379299164e-02,5.388873618e-04,308.680648,311.387653,311.387653,3.065280020e-04,2.219520062e-04,1.040735357e-05,row,0,-1.000000000e+00,-1.000000
cuda_warp_smem(blk64),double,local,local,16384,16384,8,1,1,1,3,2.660000000e-07,1.432525500e-02,1.183980000e-04,1.444391900e-02,1.390717623e-02,1.378851223e-02,5.367427701e-04,308.831011,311.488812,311.488812,3.042879999e-04,2.217919976e-04,1.066277266e-05,row,0,-1.000000000e+00,-1.000000
cuda_warp_smem(blk64),double,local,local,16384,16384,8,1,1,1,4,2.520000000e-07,1.433372900e-02,1.220080000e-04,1.445598900e-02,1.391080370e-02,1.378854370e-02,5.451852988e-04,308.750478,311.488101,311.488101,3.114239872e-04,2.237119973e-04,1.004931441e-05,row,0,-1.000000000e+00,-1.000000
cuda_warp_smem(blk64),double,local,local,16384,16384,8,1,1,1,5,1.430000001e-07,1.432780600e-02,1.250570000e-04,1.445300600e-02,1.391454383e-02,1.378934383e-02,5.384621661e-04,308.667488,311.470027,311.470027,3.059839904e-04,2.213760018e-04,1.110217381e-05,row,0,-1.000000000e+00,-1.000000
cuda_warp_smem(blk64),double,local,local,16384,16384,8,1,1,1,6,1.730000001e-07,1.433406300e-02,1.218210000e-04,1.445605700e-02,1.390948198e-02,1.378748798e-02,5.465750163e-04,308.779817,311.511952,311.511952,3.204480112e-04,2.158720046e-04,1.025500051e-05,row,0,-1.000000000e+00,-1.000000
cuda_warp_smem(blk64),double,local,local,16384,16384,8,1,1,1,7,1.329999999e-07,1.432871100e-02,1.219070000e-04,1.445075100e-02,1.390779993e-02,1.378575993e-02,5.429510742e-04,308.817162,311.551000,311.551000,3.077760041e-04,2.211199999e-04,1.405507020e-05,row,0,-1.000000000e+00,-1.000000
cuda_warp_smem(blk64),double,local,local,16384,16384,8,1,1,1,8,1.830000000e-07,1.428605800e-02,1.224400000e-04,1.440868100e-02,1.386419061e-02,1.374156761e-02,5.444903883e-04,309.788535,312.552936,312.552936,3.138880134e-04,2.203200012e-04,1.028237370e-05,row,0,-1.000000000e+00,-1.000000
cuda_warp_smem(blk64),double,local,local,16384,16384,8,1,1,1,9,1.460000001e-07,1.427833700e-02,1.200510000e-04,1.439853400e-02,1.385917252e-02,1.373897552e-02,5.393614751e-04,309.900702,312.611904,312.611904,3.070079982e-04,2.214079946e-04,1.094548224e-05,row,0,-1.000000000e+00,-1.000000
cuda_warp_smem(blk64),double,local,local,16384,16384,8,1,1,1,10,1.520000001e-07,1.426743300e-02,1.243000000e-04,1.439188500e-02,1.385523642e-02,1.373078442e-02,5.366485838e-04,309.988741,312.798393,312.798393,3.088319898e-04,2.181760073e-04,9.640586765e-06,row,0,-1.000000000e+00,-1.000000
cuda_warp_smem(blk64),double,local,local,16384,16384,8,1,1,1,11,1.519999999e-07,1.426168800e-02,1.222300000e-04,1.438407000e-02,1.384436591e-02,1.372198391e-02,5.397040904e-04,310.232142,312.999004,312.999004,3.084799945e-04,2.204799950e-04,1.074410085e-05,row,0,-1.000000000e+00,-1.000000
cuda_warp_smem(blk64),double,local,local,16384,16384,8,1,1,1,12,1.610000000e-07,1.426289000e-02,1.222060000e-04,1.438525700e-02,1.385155115e-02,1.372918415e-02,5.337058493e-04,310.071215,312.834852,312.834852,3.076159954e-04,2.160640061e-04,1.002584781e-05,row,0,-1.000000000e+00,-1.000000
cuda_warp_smem(blk64),double,local,local,16384,16384,8,1,1,1,13,1.709999999e-07,1.427179300e-02,1.224050000e-04,1.439436900e-02,1.385438371e-02,1.373180771e-02,5.399852913e-04,310.007820,312.775083,312.775083,3.117119968e-04,2.172800004e-04,1.099329402e-05,row,0,-1.000000000e+00,-1.000000
cuda_warp_smem(blk64),double,local,local,16384,16384,8,1,1,1,14,1.489999999e-07,1.430228500e-02,1.193690000e-04,1.442180300e-02,1.387689372e-02,1.375737572e-02,5.449092828e-04,309.504950,312.193792,312.193792,3.112640083e-04,2.226880044e-04,1.095727018e-05,row,0,-1.000000000e+00,-1.000000
cuda_warp_smem(blk64),double,local,local,16384,16384,8,1,1,1,15,1.610000000e-07,1.426877300e-02,1.207280000e-04,1.438966200e-02,1.385288935e-02,1.373200035e-02,5.367726490e-04,310.041262,312.770695,312.770695,3.073920012e-04,2.190719992e-04,1.030864870e-05,row,0,-1.000000000e+00,-1.000000
cuda_warp_smem(blk64),double,local,local,16384,16384,8,1,1,1,16,1.150000002e-07,1.427218300e-02,1.240600000e-04,1.439635800e-02,1.386257546e-02,1.373840046e-02,5.337825407e-04,309.824629,312.624989,312.624989,3.082239926e-04,2.161599994e-04,9.398548754e-06,row,0,-1.000000000e+00,-1.000000
cuda_warp_smem(blk64),double,local,local,16384,16384,8,1,1,1,17,1.830000000e-07,1.777817100e-02,1.227000000e-04,1.790105400e-02,1.385625855e-02,1.373337555e-02,4.044795451e-03,309.965874,312.739376,312.739376,3.077119887e-04,3.726111889e-03,1.097157311e-05,row,0,-1.000000000e+00,-1.000000
cuda_warp_smem(blk64),double,local,local,16384,16384,8,1,1,1,18,3.140000000e-07,1.434318400e-02,1.224940000e-04,1.446599200e-02,1.390939953e-02,1.378659153e-02,5.565924702e-04,308.781647,311.532208,311.532208,3.091199994e-04,2.377600074e-04,9.712463364e-06,row,0,-1.000000000e+00,-1.000000
cuda_warp_smem(blk64),double,local,local,16384,16384,8,1,1,1,19,3.160000002e-07,1.425256500e-02,1.251150000e-04,1.437799600e-02,1.382005495e-02,1.369462395e-02,5.579410529e-04,310.777874,313.624333,313.624333,3.266240060e-04,2.204480022e-04,1.086904460e-05,row,0,-1.000000000e+00,-1.000000
cuda_warp_smem(blk64),double,local,local,16384,16384,8,1,1,1,20,2.290000001e-07,1.408668400e-02,1.226100000e-04,1.420952300e-02,1.368165496e-02,1.355881596e-02,5.278680439e-04,313.921621,316.765661,316.765661,3.065600097e-04,2.112960070e-04,1.001202713e-05,row,0,-1.000000000e+00,-1.000000
cuda_warp_smem(blk64),double,local,local,16384,16384,20,1,1,1,1,3.079999999e-07,3.454363800e-02,3.049160000e-04,3.484886200e-02,3.374659973e-02,3.344137573e-02,1.102262268e-03,318.177782,321.081834,321.081834,6.173120141e-04,4.738560021e-04,1.109425138e-05,row,0,-1.000000000e+00,-1.000000
cuda_warp_smem(blk64),double,local,local,16384,16384,20,1,1,1,2,1.830000000e-07,3.373402200e-02,3.013190000e-04,3.403552400e-02,3.296034981e-02,3.265884781e-02,1.075174191e-03,325.767727,328.775170,328.775170,5.944960117e-04,4.693439901e-04,1.133418934e-05,row,0,-1.000000000e+00,-1.000000
cuda_warp_smem(blk64),double,local,local,16384,16384,20,1,1,1,3,2.210000001e-07,3.377677800e-02,3.042500000e-04,3.408124900e-02,3.300079058e-02,3.269631958e-02,1.080458420e-03,325.368515,328.398376,328.398376,5.932800174e-04,4.770559967e-04,1.012240589e-05,row,0,-1.000000000e+00,-1.000000
cuda_warp_smem(blk64),double,local,local,16384,16384,20,1,1,1,4,2.020000001e-07,3.382310200e-02,3.074200000e-04,3.413072400e-02,3.306605248e-02,3.275843048e-02,1.064671519e-03,324.726341,327.775723,327.775723,6.057919860e-04,4.477120042e-04,1.116752887e-05,row,0,-1.000000000e+00,-1.000000
cuda_warp_smem(blk64),double,local,local,16384,16384,20,1,1,1,5,2.810000002e-07,3.398078500e-02,3.145020000e-04,3.429556800e-02,3.321442976e-02,3.289964676e-02,1.081138241e-03,323.275706,326.368800,326.368800,6.075519919e-04,4.579519928e-04,1.563425628e-05,row,0,-1.000000000e+00,-1.000000
cuda_warp_smem(blk64),double,local,local,16384,16384,20,1,1,1,6,1.459999999e-07,3.374631100e-02,3.096200000e-04,3.405607700e-02,3.296643943e-02,3.265667343e-02,1.089637569e-03,325.707551,328.797061,328.797061,6.075839996e-04,4.704000056e-04,1.165356339e-05,row,0,-1.000000000e+00,-1.000000
cuda_warp_smem(blk64),double,local,local,16384,16384,20,1,1,1,7,1.330000001e-07,3.373210500e-02,3.065640000e-04,3.403880200e-02,3.296765815e-02,3.266096115e-02,1.071143849e-03,325.695510,328.753896,328.753896,6.039360166e-04,4.556159973e-04,1.159183500e-05,row,0,-1.000000000e+00,-1.000000
cuda_warp_smem(blk64),double,local,local,16384,16384,20,1,1,1,8,1.709999999e-07,3.410986000e-02,3.050170000e-04,3.441504800e-02,3.336534959e-02,3.306016159e-02,1.049698409e-03,321.813449,324.784203,324.784203,5.919039845e-04,4.479680061e-04,9.826418743e-06,row,0,-1.000000000e+00,-1.000000
cuda_warp_smem(blk64),double,local,local,16384,16384,20,1,1,1,9,2.600000000e-07,3.370914100e-02,3.084790000e-04,3.401788000e-02,3.296387511e-02,3.265513611e-02,1.054004892e-03,325.732888,328.812540,328.812540,5.881599784e-04,4.557439983e-04,1.010091492e-05,row,0,-1.000000000e+00,-1.000000
cuda_warp_smem(blk64),double,local,local,16384,16384,20,1,1,1,10,1.529999998e-07,3.373205300e-02,3.030860000e-04,3.403529200e-02,3.298586382e-02,3.268262482e-02,1.049428183e-03,325.515751,328.535982,328.535982,5.865920186e-04,4.503999949e-04,1.243616965e-05,row,0,-1.000000000e+00,-1.000000
cuda_warp_smem(blk64),double,local,local,16384,16384,20,1,1,1,11,2.160000001e-07,3.393907300e-02,3.046030000e-04,3.424389200e-02,3.319806851e-02,3.289324951e-02,1.045823488e-03,323.435029,326.432274,326.432274,5.879039764e-04,4.449920058e-04,1.292750602e-05,row,0,-1.000000000e+00,-1.000000
cuda_warp_smem(blk64),double,local,local,16384,16384,20,1,1,1,12,2.040000000e-07,3.374146600e-02,3.260570000e-04,3.406772700e-02,3.299199052e-02,3.266572952e-02,1.075736477e-03,325.455302,328.705907,328.705907,5.917440057e-04,4.725440145e-04,1.144845716e-05,row,0,-1.000000000e+00,-1.000000
cuda_warp_smem(blk64),double,local,local,16384,16384,20,1,1,1,13,2.740000000e-07,3.377392000e-02,3.096060000e-04,3.408380000e-02,3.297964166e-02,3.266976166e-02,1.104158342e-03,325.577165,328.665337,328.665337,6.125440001e-04,4.795520008e-04,1.206234138e-05,row,0,-1.000000000e+00,-1.000000
cuda_warp_smem(blk64),double,local,local,16384,16384,20,1,1,1,14,2.320000001e-07,3.371331500e-02,3.068320000e-04,3.402037900e-02,3.294709772e-02,3.264003372e-02,1.073281278e-03,325.898758,328.964680,328.964680,5.934720039e-04,4.699839950e-04,9.825279179e-06,row,0,-1.000000000e+00,-1.000000
cuda_warp_smem(blk64),double,local,local,16384,16384,20,1,1,1,15,1.510000001e-07,3.417430800e-02,3.150710000e-04,3.448953000e-02,3.340350935e-02,3.308828735e-02,1.086020646e-03,321.445814,324.508130,324.508130,6.205760241e-04,4.544320107e-04,1.101261178e-05,row,0,-1.000000000e+00,-1.000000
cuda_warp_smem(blk64),double,local,local,16384,16384,20,1,1,1,16,1.649999999e-07,3.378314400e-02,3.047920000e-04,3.408810100e-02,3.303394946e-02,3.272899246e-02,1.054151538e-03,325.041916,328.070540,328.070540,5.957120061e-04,4.467200041e-04,1.171952767e-05,row,0,-1.000000000e+00,-1.000000
cuda_warp_smem(blk64),double,local,local,16384,16384,20,1,1,1,17,3.249999998e-07,3.442886900e-02,8.849460000e-04,3.531414000e-02,3.373944657e-02,3.285417557e-02,1.574693432e-03,318.245239,326.820505,326.820505,5.955839753e-04,9.670720100e-04,1.203744702e-05,row,0,-1.000000000e+00,-1.000000
cuda_warp_smem(blk64),double,local,local,16384,16384,20,1,1,1,18,1.740000002e-07,3.384454800e-02,3.075340000e-04,3.415225600e-02,3.297593233e-02,3.266822433e-02,1.176323665e-03,325.613788,328.680804,328.680804,7.026879787e-04,4.630079865e-04,1.062769999e-05,row,0,-1.000000000e+00,-1.000000
cuda_warp_smem(blk64),double,local,local,16384,16384,20,1,1,1,19,2.559999999e-07,3.382988800e-02,3.133530000e-04,3.414349700e-02,3.307693755e-02,3.276332855e-02,1.066559448e-03,324.619479,327.726721,327.726721,6.057599783e-04,4.489600062e-04,1.183946322e-05,row,0,-1.000000000e+00,-1.000000
cuda_warp_smem(blk64),double,local,local,16384,16384,20,1,1,1,20,1.290000000e-07,3.370884000e-02,3.086170000e-04,3.401758600e-02,3.296679272e-02,3.265804672e-02,1.050793278e-03,325.704060,328.783235,328.783235,6.023359895e-04,4.378879964e-04,1.056929168e-05,row,0,-1.000000000e+00,-1.000000
cuda_warp_smem(blk64),double,local,local,16384,16384,32,1,1,1,1,1.939999998e-07,5.399907700e-02,5.541800000e-04,5.455345100e-02,5.272995689e-02,5.217558289e-02,1.823494114e-03,325.808519,329.270288,329.270288,9.809280038e-04,8.294079900e-04,1.315812049e-05,row,0,-1.000000000e+00,-1.000000
cuda_warp_smem(blk64),double,local,local,16384,16384,32,1,1,1,2,1.770000000e-07,5.374490400e-02,5.214940000e-04,5.426657500e-02,5.245261354e-02,5.193094254e-02,1.813961465e-03,327.531233,330.821440,330.821440,9.565759897e-04,8.458240032e-04,1.156147166e-05,row,0,-1.000000000e+00,-1.000000
cuda_warp_smem(blk64),double,local,local,16384,16384,32,1,1,1,3,1.589999998e-07,5.358802200e-02,5.213510000e-04,5.410953200e-02,5.230074203e-02,5.177923203e-02,1.808789975e-03,328.482322,331.790730,331.790730,9.955840111e-04,8.008639812e-04,1.234198253e-05,row,0,-1.000000000e+00,-1.000000
cuda_warp_smem(blk64),double,local,local,16384,16384,32,1,1,1,4,1.519999999e-07,5.394951400e-02,5.138760000e-04,5.446354200e-02,5.268730681e-02,5.217327881e-02,1.776235191e-03,326.072260,329.284829,329.284829,9.760959744e-04,7.878720164e-04,1.226720053e-05,row,0,-1.000000000e+00,-1.000000
cuda_warp_smem(blk64),double,local,local,16384,16384,32,1,1,1,5,1.420000002e-07,5.374473400e-02,5.180560000e-04,5.426293200e-02,5.247083853e-02,5.195264053e-02,1.792093467e-03,327.417470,330.683272,330.683272,9.628480077e-04,8.162879944e-04,1.295746449e-05,row,0,-1.000000000e+00,-1.000000
cuda_warp_smem(blk64),double,local,local,16384,16384,32,1,1,1,6,1.689999998e-07,5.358118000e-02,5.695340000e-04,5.415088300e-02,5.234566964e-02,5.177596664e-02,1.805213356e-03,328.200390,331.811655,331.811655,9.815679789e-04,8.108159900e-04,1.282938688e-05,row,0,-1.000000000e+00,-1.000000
cuda_warp_smem(blk64),double,local,local,16384,16384,32,1,1,1,7,1.869999999e-07,5.399265800e-02,5.125120000e-04,5.450535700e-02,5.267993151e-02,5.216723251e-02,1.825425487e-03,326.117910,329.322994,329.322994,9.785599709e-04,8.346880078e-04,1.217750788e-05,row,0,-1.000000000e+00,-1.000000
cuda_warp_smem(blk64),double,local,local,16384,16384,32,1,1,1,8,1.349999996e-07,5.375529100e-02,5.179210000e-04,5.427334700e-02,5.246772107e-02,5.194966507e-02,1.805625930e-03,327.436924,330.702213,330.702213,1.000416040e-03,7.932159901e-04,1.199389993e-05,row,0,-1.000000000e+00,-1.000000
cuda_warp_smem(blk64),double,local,local,16384,16384,32,1,1,1,9,1.450000000e-07,5.388568500e-02,5.442250000e-04,5.443005500e-02,5.264772922e-02,5.210335922e-02,1.782325778e-03,326.317382,329.726709,329.726709,9.684799910e-04,7.989119887e-04,1.493379789e-05,row,0,-1.000000000e+00,-1.000000
cuda_warp_smem(blk64),double,local,local,16384,16384,32,1,1,1,10,1.429999998e-07,5.475923300e-02,5.175650000e-04,5.527694100e-02,5.260746783e-02,5.208975983e-02,2.669473173e-03,326.567119,329.812793,329.812793,1.834048033e-03,8.212159872e-04,1.420915337e-05,row,0,-1.000000000e+00,-1.000000
cuda_warp_smem(blk64),double,local,local,16384,16384,32,1,1,1,11,1.470000002e-07,5.397614200e-02,5.399210000e-04,5.451621000e-02,5.271882090e-02,5.217875290e-02,1.797389101e-03,325.877341,329.250283,329.250283,9.881600142e-04,7.951679826e-04,1.406110410e-05,row,0,-1.000000000e+00,-1.000000
cuda_warp_smem(blk64),double,local,local,16384,16384,32,1,1,1,12,1.520000001e-07,5.461862300e-02,1.464114000e-03,5.608288900e-02,5.340170496e-02,5.193743896e-02,2.681184035e-03,321.710125,330.780060,330.780060,9.952639937e-04,1.669216037e-03,1.670400462e-05,row,0,-1.000000000e+00,-1.000000
cuda_warp_smem(blk64),double,local,local,16384,16384,32,1,1,1,13,9.050000003e-07,5.359252400e-02,5.403400000e-04,5.413376900e-02,5.234047748e-02,5.179923248e-02,1.793291517e-03,328.232947,331.662620,331.662620,9.932159781e-04,7.872639894e-04,1.281154950e-05,row,0,-1.000000000e+00,-1.000000
cuda_warp_smem(blk64),double,local,local,16384,16384,32,1,1,1,14,1.419999998e-07,5.398894400e-02,5.121060000e-04,5.450119200e-02,5.269279381e-02,5.218054581e-02,1.808398193e-03,326.038305,329.238971,329.238971,9.897599816e-04,8.063359857e-04,1.230222582e-05,row,0,-1.000000000e+00,-1.000000
cuda_warp_smem(blk64),double,local,local,16384,16384,32,1,1,1,15,1.400000000e-07,5.367894000e-02,5.274990000e-04,5.420657900e-02,5.246232757e-02,5.193468857e-02,1.744251432e-03,327.470587,330.797578,330.797578,9.586880207e-04,7.695680261e-04,1.599538511e-05,row,0,-1.000000000e+00,-1.000000
cuda_warp_smem(blk64),double,local,local,16384,16384,32,1,1,1,16,1.309999997e-07,5.351650700e-02,5.180300000e-04,5.403466800e-02,5.228587264e-02,5.176771164e-02,1.748795361e-03,328.575738,331.864567,331.864567,9.655359983e-04,7.701439857e-04,1.311537650e-05,row,0,-1.000000000e+00,-1.000000
cuda_warp_smem(blk64),double,local,local,16384,16384,32,1,1,1,17,1.170000004e-07,5.387392900e-02,5.097420000e-04,5.438378800e-02,5.264288131e-02,5.213302231e-02,1.740906692e-03,326.347433,329.539099,329.539099,9.662719965e-04,7.614399791e-04,1.319471608e-05,row,0,-1.000000000e+00,-1.000000
cuda_warp_smem(blk64),double,local,local,16384,16384,32,1,1,1,18,1.159999998e-07,5.377217600e-02,5.060300000e-04,5.427832200e-02,5.248537879e-02,5.197923279e-02,1.792943212e-03,327.326764,330.514097,330.514097,9.825599790e-04,7.971519828e-04,1.323125017e-05,row,0,-1.000000000e+00,-1.000000
cuda_warp_smem(blk64),double,local,local,16384,16384,32,1,1,1,19,1.290000000e-07,5.387219800e-02,5.166080000e-04,5.438893500e-02,5.265113641e-02,5.213439941e-02,1.737798586e-03,326.296265,329.530394,329.530394,9.619200230e-04,7.633919716e-04,1.248659138e-05,row,0,-1.000000000e+00,-1.000000
cuda_warp_smem(blk64),double,local,local,16384,16384,32,1,1,1,20,1.419999998e-07,5.476319900e-02,1.438704000e-03,5.620204500e-02,5.356003130e-02,5.212118530e-02,2.642013697e-03,320.759133,329.613939,329.613939,9.811840057e-04,1.645503998e-03,1.532569373e-05,row,0,-1.000000000e+00,-1.000000
cuda_warp_smem(blk128),double,local,local,16384,16384,3,1,1,1,1,1.540000001e-07,5.854094000e-03,4.380500000e-05,5.898053000e-03,5.677655079e-03,5.633696079e-03,2.203979207e-04,283.675692,285.889177,285.889177,1.193920001e-04,9.046400338e-05,1.054191722e-05,row,0,-1.000000000e+00,-1.000000
cuda_warp_smem(blk128),double,local,local,16384,16384,3,1,1,1,2,3.010000000e-07,5.853094000e-03,4.591300000e-05,5.899308000e-03,5.682854072e-03,5.636640072e-03,2.164539281e-04,283.416170,285.739858,285.739858,1.195520014e-04,8.790399879e-05,8.997927982e-06,row,0,-1.000000000e+00,-1.000000
cuda_warp_smem(blk128),double,local,local,16384,16384,3,1,1,1,3,1.429999998e-07,5.858282000e-03,4.419300000e-05,5.902618000e-03,5.684208074e-03,5.639872074e-03,2.184099259e-04,283.348659,285.576111,285.576111,1.196160018e-04,8.825600147e-05,1.053792256e-05,row,0,-1.000000000e+00,-1.000000
cuda_warp_smem(blk128),double,local,local,16384,16384,3,1,1,1,4,1.460000001e-07,5.865439000e-03,4.514000000e-05,5.910725000e-03,5.691302121e-03,5.646016121e-03,2.194228791e-04,282.995473,285.265345,285.265345,1.190719977e-04,9.062399715e-05,9.726884235e-06,row,0,-1.000000000e+00,-1.000000
cuda_warp_smem(blk128),double,local,local,16384,16384,3,1,1,1,5,1.230000000e-07,5.868636000e-03,4.466300000e-05,5.913422000e-03,5.694290185e-03,5.649504185e-03,2.191318153e-04,282.846972,285.089219,285.089219,1.190079972e-04,9.126400203e-05,8.859816037e-06,row,0,-1.000000000e+00,-1.000000
cuda_warp_smem(blk128),double,local,local,16384,16384,3,1,1,1,6,1.209999998e-07,5.863531000e-03,4.731600000e-05,5.910968000e-03,5.689389038e-03,5.641952038e-03,2.215789622e-04,283.090632,285.470831,285.470831,1.198080033e-04,9.174399823e-05,1.002696065e-05,row,0,-1.000000000e+00,-1.000000
cuda_warp_smem(blk128),double,local,local,16384,16384,3,1,1,1,7,9.700000003e-08,5.857162000e-03,4.544700000e-05,5.902706000e-03,5.682376237e-03,5.636832237e-03,2.203297628e-04,283.440003,285.730117,285.730117,1.193599999e-04,9.206400067e-05,8.905762195e-06,row,0,-1.000000000e+00,-1.000000
cuda_warp_smem(blk128),double,local,local,16384,16384,3,1,1,1,8,1.210000000e-07,5.855881000e-03,4.367600000e-05,5.899678000e-03,5.682036861e-03,5.638239861e-03,2.176411395e-04,283.456932,285.658783,285.658783,1.220159978e-04,8.556800336e-05,1.005713834e-05,row,0,-1.000000000e+00,-1.000000
cuda_warp_smem(blk128),double,local,local,16384,16384,3,1,1,1,9,1.210000000e-07,5.852572000e-03,4.513900000e-05,5.897832000e-03,5.676620054e-03,5.631360054e-03,2.212119460e-04,283.727415,286.007771,286.007771,1.188800037e-04,9.190399945e-05,1.042794285e-05,row,0,-1.000000000e+00,-1.000000
cuda_warp_smem(blk128),double,local,local,16384,16384,3,1,1,1,10,1.169999999e-07,5.865450000e-03,4.476000000e-05,5.910327000e-03,5.681197114e-03,5.636320114e-03,2.291298859e-04,283.498830,285.756079,285.756079,1.182079986e-04,1.011200026e-04,9.801884723e-06,row,0,-1.000000000e+00,-1.000000
cuda_warp_smem(blk128),double,local,local,16384,16384,3,1,1,1,11,1.240000000e-07,5.858820000e-03,4.375300000e-05,5.902697000e-03,5.680964822e-03,5.637087822e-03,2.217321780e-04,283.510422,285.717162,285.717162,1.195200011e-04,9.247999638e-05,9.732180543e-06,row,0,-1.000000000e+00,-1.000000
cuda_warp_smem(blk128),double,local,local,16384,16384,3,1,1,1,12,1.180000000e-07,5.850233000e-03,4.434100000e-05,5.894692000e-03,5.675018921e-03,5.630559921e-03,2.196730787e-04,283.807465,286.048414,286.048414,1.190079972e-04,9.065599740e-05,1.000908412e-05,row,0,-1.000000000e+00,-1.000000
cuda_warp_smem(blk128),double,local,local,16384,16384,3,1,1,1,13,1.200000002e-07,5.855251000e-03,4.453200000e-05,5.899903000e-03,5.681836143e-03,5.637184143e-03,2.180668569e-04,283.466945,285.712280,285.712280,1.195520014e-04,9.001599997e-05,8.498855604e-06,row,0,-1.000000000e+00,-1.000000
cuda_warp_smem(blk128),double,local,local,16384,16384,3,1,1,1,14,1.230000000e-07,5.854474000e-03,4.427600000e-05,5.898873000e-03,5.682735182e-03,5.638336182e-03,2.161378184e-04,283.422099,285.653903,285.653903,1.188800037e-04,8.752000332e-05,9.737811350e-06,row,0,-1.000000000e+00,-1.000000
cuda_warp_smem(blk128),double,local,local,16384,16384,3,1,1,1,15,1.459999999e-07,5.849071000e-03,4.435400000e-05,5.893571000e-03,5.678035862e-03,5.633535862e-03,2.155351380e-04,283.656668,285.897308,285.897308,1.186880022e-04,8.671999723e-05,1.012713858e-05,row,0,-1.000000000e+00,-1.000000
cuda_warp_smem(blk128),double,local,local,16384,16384,3,1,1,1,16,2.559999999e-07,5.863053000e-03,4.690200000e-05,5.910211000e-03,5.690677878e-03,5.643519878e-03,2.195331216e-04,283.026516,285.391524,285.391524,1.211839989e-04,8.816000074e-05,1.018912199e-05,row,0,-1.000000000e+00,-1.000000
cuda_warp_smem(blk128),double,local,local,16384,16384,3,1,1,1,17,1.459999999e-07,5.854665000e-03,4.419100000e-05,5.899002000e-03,5.682193007e-03,5.637856007e-03,2.168089934e-04,283.449143,285.678232,285.678232,1.185920015e-04,8.819200099e-05,1.002499089e-05,row,0,-1.000000000e+00,-1.000000
cuda_warp_smem(blk128),double,local,local,16384,16384,3,1,1,1,18,1.489999999e-07,5.822110000e-03,4.473700000e-05,5.866996000e-03,5.650902159e-03,5.606016159e-03,2.160938409e-04,285.018691,287.300766,287.300766,1.224000007e-04,8.383999765e-05,9.853842602e-06,row,0,-1.000000000e+00,-1.000000
cuda_warp_smem(blk128),double,local,local,16384,16384,3,1,1,1,19,1.110000001e-07,5.826349000e-03,4.418600000e-05,5.870646000e-03,5.650057098e-03,5.605760098e-03,2.205889025e-04,285.061320,287.313889,287.313889,1.190719977e-04,9.312000126e-05,8.396903538e-06,row,0,-1.000000000e+00,-1.000000
cuda_warp_smem(blk128),double,local,local,16384,16384,3,1,1,1,20,1.180000000e-07,5.817833000e-03,4.660500000e-05,5.864556000e-03,5.647715203e-03,5.600992203e-03,2.168407972e-04,285.179524,287.558468,287.558468,1.182079986e-04,8.822400123e-05,1.040879744e-05,row,0,-1.000000000e+00,-1.000000
cuda_warp_smem(blk128),double,local,local,16384,16384,6,1,1,1,1,1.620000001e-07,1.194994600e-02,9.193500000e-05,1.204204300e-02,9.509313301e-03,9.417216301e-03,2.532729699e-03,338.744278,342.057076,342.057076,2.291840017e-04,2.292768002e-03,1.077769579e-05,row,0,-1.000000000e+00,-1.000000
cuda_warp_smem(blk128),double,local,local,16384,16384,6,1,1,1,2,1.970000001e-07,9.846654000e-03,8.997500000e-05,9.936826000e-03,9.509340472e-03,9.419168472e-03,4.274855277e-04,338.743310,341.986183,341.986183,2.317440063e-04,1.830720007e-04,1.266952069e-05,row,0,-1.000000000e+00,-1.000000
cuda_warp_smem(blk128),double,local,local,16384,16384,6,1,1,1,3,1.679999999e-07,9.832581000e-03,9.110200000e-05,9.923851000e-03,9.508998424e-03,9.417728424e-03,4.148525759e-04,338.755495,342.038475,342.038475,2.296320051e-04,1.749760062e-04,1.024456468e-05,row,0,-1.000000000e+00,-1.000000
cuda_warp_smem(blk128),double,local,local,16384,16384,6,1,1,1,4,1.530000000e-07,9.834045000e-03,9.122900000e-05,9.925427000e-03,9.515221569e-03,9.423839569e-03,4.102054309e-04,338.533943,341.816671,341.816671,2.279359996e-04,1.720000058e-04,1.026942544e-05,row,0,-1.000000000e+00,-1.000000
cuda_warp_smem(blk128),double,local,local,16384,16384,6,1,1,1,5,1.690000000e-07,9.834782000e-03,9.047200000e-05,9.925423000e-03,9.510801294e-03,9.420160294e-03,4.146217064e-04,338.691281,341.950176,341.950176,2.284159958e-04,1.766400039e-04,9.565706665e-06,row,0,-1.000000000e+00,-1.000000
cuda_warp_smem(blk128),double,local,local,16384,16384,6,1,1,1,6,1.680000001e-07,9.822392000e-03,9.042100000e-05,9.912981000e-03,9.506205035e-03,9.415616035e-03,4.067759645e-04,338.855038,342.115212,342.115212,2.292159945e-04,1.684799939e-04,9.079976122e-06,row,0,-1.000000000e+00,-1.000000
cuda_warp_smem(blk128),double,local,local,16384,16384,6,1,1,1,7,1.670000001e-07,9.837863000e-03,9.038900000e-05,9.928419000e-03,9.505404328e-03,9.414848328e-03,4.230146724e-04,338.883583,342.143108,342.143108,2.311680019e-04,1.825920045e-04,9.254665936e-06,row,0,-1.000000000e+00,-1.000000
cuda_warp_smem(blk128),double,local,local,16384,16384,6,1,1,1,8,1.730000001e-07,9.851834000e-03,9.295800000e-05,9.944965000e-03,9.512843067e-03,9.419712067e-03,4.321219333e-04,338.618586,341.966448,341.966448,2.428160012e-04,1.787199974e-04,1.058593477e-05,row,0,-1.000000000e+00,-1.000000
cuda_warp_smem(blk128),double,local,local,16384,16384,6,1,1,1,9,1.759999999e-07,9.858725000e-03,9.744700000e-05,9.956348000e-03,9.523702750e-03,9.426079750e-03,4.326452499e-04,338.232467,341.735436,341.735436,2.303999960e-04,1.915200055e-04,1.072524843e-05,row,0,-1.000000000e+00,-1.000000
cuda_warp_smem(blk128),double,local,local,16384,16384,6,1,1,1,10,1.750000000e-07,9.828075000e-03,9.383500000e-05,9.922085000e-03,9.507001524e-03,9.412991524e-03,4.150834763e-04,338.826649,342.210599,342.210599,2.338559926e-04,1.714559942e-04,9.771489453e-06,row,0,-1.000000000e+00,-1.000000
cuda_warp_smem(blk128),double,local,local,16384,16384,6,1,1,1,11,1.270000001e-07,9.819116000e-03,9.416500000e-05,9.913408000e-03,9.500115708e-03,9.405823708e-03,4.132922924e-04,339.072236,342.471385,342.471385,2.332800031e-04,1.701759994e-04,9.836289945e-06,row,0,-1.000000000e+00,-1.000000
cuda_warp_smem(blk128),double,local,local,16384,16384,6,1,1,1,12,1.370000000e-07,9.823479000e-03,9.036600000e-05,9.913982000e-03,9.496999048e-03,9.406496048e-03,4.169829520e-04,339.183510,342.446906,342.446906,2.354560047e-04,1.712320000e-04,1.029494729e-05,row,0,-1.000000000e+00,-1.000000
cuda_warp_smem(blk128),double,local,local,16384,16384,6,1,1,1,13,1.220000001e-07,9.819619000e-03,9.328200000e-05,9.913023000e-03,9.501340096e-03,9.407936096e-03,4.116829038e-04,339.028541,342.394489,342.394489,2.317440063e-04,1.705600023e-04,9.378895205e-06,row,0,-1.000000000e+00,-1.000000
cuda_warp_smem(blk128),double,local,local,16384,16384,6,1,1,1,14,1.470000000e-07,9.819689000e-03,8.975800000e-05,9.909594000e-03,9.494961000e-03,9.405056000e-03,4.146330002e-04,339.256314,342.499340,342.499340,2.334720045e-04,1.726720035e-04,8.488992204e-06,row,0,-1.000000000e+00,-1.000000
cuda_warp_smem(blk128),double,local,local,16384,16384,6,1,1,1,15,1.310000000e-07,9.821608000e-03,9.040500000e-05,9.912144000e-03,9.497992398e-03,9.407456398e-03,4.141516020e-04,339.148036,342.411948,342.411948,2.316479981e-04,1.723199934e-04,1.018361052e-05,row,0,-1.000000000e+00,-1.000000
cuda_warp_smem(blk128),double,local,local,16384,16384,6,1,1,1,16,1.390000000e-07,9.817564000e-03,8.893300000e-05,9.906636000e-03,9.493039857e-03,9.403967857e-03,4.135961426e-04,339.324971,342.538971,342.538971,2.330880016e-04,1.708479971e-04,9.660143961e-06,row,0,-1.000000000e+00,-1.000000
cuda_warp_smem(blk128),double,local,local,16384,16384,6,1,1,1,17,1.460000001e-07,9.814801000e-03,8.911400000e-05,9.904061000e-03,9.495595831e-03,9.406335831e-03,4.084651693e-04,339.233633,342.452739,342.452739,2.317759991e-04,1.664319932e-04,1.025717700e-05,row,0,-1.000000000e+00,-1.000000
cuda_warp_smem(blk128),double,local,local,16384,16384,6,1,1,1,18,1.510000001e-07,9.814322000e-03,8.954800000e-05,9.904021000e-03,9.496738642e-03,9.407039642e-03,4.072823577e-04,339.192811,342.427118,342.427118,2.329600006e-04,1.645119935e-04,9.810363504e-06,row,0,-1.000000000e+00,-1.000000
cuda_warp_smem(blk128),double,local,local,16384,16384,6,1,1,1,19,1.489999999e-07,9.816538000e-03,9.241600000e-05,9.909103000e-03,9.501844823e-03,9.409279823e-03,4.072581767e-04,339.010532,342.345592,342.345592,2.324479967e-04,1.652159989e-04,9.594181073e-06,row,0,-1.000000000e+00,-1.000000
cuda_warp_smem(blk128),double,local,local,16384,16384,6,1,1,1,20,1.110000001e-07,9.814561000e-03,9.379500000e-05,9.908467000e-03,9.498834207e-03,9.404928207e-03,4.096327926e-04,339.117980,342.503994,342.503994,2.314880043e-04,1.677120030e-04,1.043278528e-05,row,0,-1.000000000e+00,-1.000000
cuda_warp_smem(blk128),double,local,local,16384,16384,8,1,1,1,1,1.910000000e-07,1.356264200e-02,1.210560000e-04,1.368388900e-02,1.312447900e-02,1.300323200e-02,5.594099977e-04,327.248594,330.299982,330.299982,3.062720001e-04,2.420160025e-04,1.112199513e-05,row,0,-1.000000000e+00,-1.000000
cuda_warp_smem(blk128),double,local,local,16384,16384,8,1,1,1,2,2.269999999e-07,1.355165400e-02,1.218010000e-04,1.367368200e-02,1.312606014e-02,1.300403214e-02,5.476218650e-04,327.209174,330.279659,330.279659,3.065919876e-04,2.310400009e-04,9.989876465e-06,row,0,-1.000000000e+00,-1.000000
cuda_warp_smem(blk128),double,local,local,16384,16384,8,1,1,1,3,2.180000001e-07,1.355127400e-02,1.190930000e-04,1.367058500e-02,1.311825528e-02,1.299894428e-02,5.523297175e-04,327.403851,330.408932,330.408932,3.110400140e-04,2.311359942e-04,1.015370924e-05,row,0,-1.000000000e+00,-1.000000
cuda_warp_smem(blk128),double,local,local,16384,16384,8,1,1,1,4,1.930000000e-07,1.346146800e-02,1.223790000e-04,1.358404000e-02,1.302682787e-02,1.290425587e-02,5.572121330e-04,329.701700,332.833395,332.833395,3.082560003e-04,2.389760017e-04,9.980130976e-06,row,0,-1.000000000e+00,-1.000000
cuda_warp_smem(blk128),double,local,local,16384,16384,8,1,1,1,5,2.180000003e-07,1.345480400e-02,1.215570000e-04,1.357657900e-02,1.302951941e-02,1.290774441e-02,5.470595923e-04,329.633593,332.743441,332.743441,3.072000146e-04,2.302719951e-04,9.587582687e-06,row,0,-1.000000000e+00,-1.000000
cuda_warp_smem(blk128),double,local,local,16384,16384,8,1,1,1,6,1.999999999e-07,1.345780900e-02,1.206080000e-04,1.357861700e-02,1.302999246e-02,1.290918446e-02,5.486245441e-04,329.621626,332.706323,332.706323,3.117119968e-04,2.265280038e-04,1.038454352e-05,row,0,-1.000000000e+00,-1.000000
cuda_warp_smem(blk128),double,local,local,16384,16384,8,1,1,1,7,1.970000001e-07,1.344899700e-02,1.245890000e-04,1.357378300e-02,1.303080235e-02,1.290601635e-02,5.429806502e-04,329.601139,332.787994,332.787994,3.061760068e-04,2.266239971e-04,1.018064632e-05,row,0,-1.000000000e+00,-1.000000
cuda_warp_smem(blk128),double,local,local,16384,16384,8,1,1,1,8,1.680000001e-07,1.345648100e-02,1.237060000e-04,1.358035500e-02,1.303478556e-02,1.291091156e-02,5.455694399e-04,329.500418,332.661817,332.661817,3.115200102e-04,2.240319997e-04,1.001743000e-05,row,0,-1.000000000e+00,-1.000000
cuda_warp_smem(blk128),double,local,local,16384,16384,8,1,1,1,9,2.010000002e-07,1.344443100e-02,1.231410000e-04,1.356777300e-02,1.303287836e-02,1.290953636e-02,5.348946383e-04,329.548637,332.697254,332.697254,3.062399924e-04,2.185599953e-04,1.009465063e-05,row,0,-1.000000000e+00,-1.000000
cuda_warp_smem(blk128),double,local,local,16384,16384,8,1,1,1,10,2.129999999e-07,1.344722800e-02,1.239910000e-04,1.357143200e-02,1.302977212e-02,1.290556812e-02,5.416598771e-04,329.627200,332.799552,332.799552,3.074240088e-04,2.245759964e-04,9.659871891e-06,row,0,-1.000000000e+00,-1.000000
cuda_warp_smem(blk128),double,local,local,16384,16384,8,1,1,1,11,2.530000001e-07,1.335981600e-02,1.205070000e-04,1.348057600e-02,1.294101623e-02,1.282025623e-02,5.395597668e-04,331.887946,335.014154,335.014154,3.052479923e-04,2.245759964e-04,9.735778109e-06,row,0,-1.000000000e+00,-1.000000
cuda_warp_smem(blk128),double,local,local,16384,16384,8,1,1,1,12,2.080000001e-07,1.332590500e-02,1.257010000e-04,1.345181400e-02,1.291346088e-02,1.278755188e-02,5.383531201e-04,332.596144,335.870958,335.870958,3.085759878e-04,2.183039933e-04,1.147313896e-05,row,0,-1.000000000e+00,-1.000000
cuda_warp_smem(blk128),double,local,local,16384,16384,8,1,1,1,13,1.970000003e-07,1.333295000e-02,1.240650000e-04,1.345721200e-02,1.291527000e-02,1.279100800e-02,5.419420044e-04,332.549555,335.780206,335.780206,3.100480139e-04,2.220479995e-04,9.845990968e-06,row,0,-1.000000000e+00,-1.000000
cuda_warp_smem(blk128),double,local,local,16384,16384,8,1,1,1,14,1.889999999e-07,1.333382300e-02,1.207600000e-04,1.345477200e-02,1.291429254e-02,1.279334354e-02,5.404794560e-04,332.574725,335.718906,335.718906,3.093439937e-04,2.211199999e-04,1.001546244e-05,row,0,-1.000000000e+00,-1.000000
cuda_warp_smem(blk128),double,local,local,16384,16384,8,1,1,1,15,1.940000001e-07,1.332046200e-02,1.248070000e-04,1.344546300e-02,1.290749745e-02,1.278249645e-02,5.379655477e-04,332.749808,336.003793,336.003793,3.073279858e-04,2.202239931e-04,1.041356884e-05,row,0,-1.000000000e+00,-1.000000
cuda_warp_smem(blk128),double,local,local,16384,16384,8,1,1,1,16,2.049999999e-07,1.332547800e-02,1.251870000e-04,1.345087000e-02,1.290865616e-02,1.278326416e-02,5.422138398e-04,332.719939,335.983614,335.983614,3.132160008e-04,2.193280011e-04,9.669837907e-06,row,0,-1.000000000e+00,-1.000000
cuda_warp_smem(blk128),double,local,local,16384,16384,8,1,1,1,17,2.160000001e-07,1.331533300e-02,1.211260000e-04,1.343667500e-02,1.290598231e-02,1.278464031e-02,5.306926878e-04,332.788872,335.947449,335.947449,3.065919876e-04,2.141119987e-04,9.988701518e-06,row,0,-1.000000000e+00,-1.000000
cuda_warp_smem(blk128),double,local,local,16384,16384,8,1,1,1,18,2.349999999e-07,1.332268500e-02,1.241020000e-04,1.344702200e-02,1.290571289e-02,1.278137589e-02,5.413091150e-04,332.795820,336.033251,336.033251,3.136320114e-04,2.162239999e-04,1.145310372e-05,row,0,-1.000000000e+00,-1.000000
cuda_warp_smem(blk128),double,local,local,16384,16384,8,1,1,1,19,2.239999999e-07,1.325270200e-02,1.246830000e-04,1.337760900e-02,1.283844326e-02,1.271353626e-02,5.391657375e-04,334.539571,337.826330,337.826330,3.079679906e-04,2.202560008e-04,1.094174609e-05,row,0,-1.000000000e+00,-1.000000
cuda_warp_smem(blk128),double,local,local,16384,16384,8,1,1,1,20,1.919999999e-07,1.483361900e-02,1.249600000e-04,1.495877100e-02,1.283686388e-02,1.271171188e-02,2.121907116e-03,334.580731,337.874815,337.874815,3.092159927e-04,1.802144051e-03,1.054707317e-05,row,0,-1.000000000e+00,-1.000000
cuda_warp_smem(blk128),double,local,local,16384,16384,20,1,1,1,1,9.199999984e-08,3.228472500e-02,3.072760000e-04,3.259209300e-02,3.154183265e-02,3.123446465e-02,1.050260355e-03,340.418338,343.768282,343.768282,5.919679999e-04,4.463039935e-04,1.198836122e-05,row,0,-1.000000000e+00,-1.000000
cuda_warp_smem(blk128),double,local,local,16384,16384,20,1,1,1,2,1.139999999e-07,3.228757500e-02,3.064290000e-04,3.259411800e-02,3.155457462e-02,3.124803162e-02,1.039543384e-03,340.280874,343.619028,343.619028,6.013759971e-04,4.276799858e-04,1.048740096e-05,row,0,-1.000000000e+00,-1.000000
cuda_warp_smem(blk128),double,local,local,16384,16384,20,1,1,1,3,1.509999998e-07,3.227189400e-02,3.060200000e-04,3.257806500e-02,3.154697186e-02,3.124080086e-02,1.031093142e-03,340.362881,343.698559,343.698559,5.984960198e-04,4.212479889e-04,1.134913368e-05,row,0,-1.000000000e+00,-1.000000
cuda_warp_smem(blk128),double,local,local,16384,16384,20,1,1,1,4,1.489999999e-07,3.224510200e-02,3.071920000e-04,3.255244300e-02,3.153140487e-02,3.122406387e-02,1.021038127e-03,340.530918,343.882791,343.882791,5.924800038e-04,4.177919924e-04,1.076613045e-05,row,0,-1.000000000e+00,-1.000000
cuda_warp_smem(blk128),double,local,local,16384,16384,20,1,1,1,5,1.610000000e-07,3.224607600e-02,3.048800000e-04,3.255111700e-02,3.153057735e-02,3.122553635e-02,1.020539654e-03,340.539855,343.866575,343.866575,5.964800119e-04,4.131520092e-04,1.090763238e-05,row,0,-1.000000000e+00,-1.000000
cuda_warp_smem(blk128),double,local,local,16384,16384,20,1,1,1,6,1.380000001e-07,3.223350900e-02,3.143140000e-04,3.254796100e-02,3.153185923e-02,3.121740723e-02,1.016101773e-03,340.526011,343.956119,343.956119,5.932160020e-04,4.112640023e-04,1.162176913e-05,row,0,-1.000000000e+00,-1.000000
cuda_warp_smem(blk128),double,local,local,16384,16384,20,1,1,1,7,1.550000002e-07,3.227337000e-02,3.056050000e-04,3.257913000e-02,3.153116855e-02,3.122540855e-02,1.047961446e-03,340.533470,343.867982,343.867982,5.981439948e-04,4.386239946e-04,1.119345653e-05,row,0,-1.000000000e+00,-1.000000
cuda_warp_smem(blk128),double,local,local,16384,16384,20,1,1,1,8,1.709999999e-07,3.224049100e-02,3.037030000e-04,3.254436500e-02,3.152006625e-02,3.121619225e-02,1.024298755e-03,340.653416,343.969506,343.969506,5.954880118e-04,4.176320136e-04,1.117872912e-05,row,0,-1.000000000e+00,-1.000000
cuda_warp_smem(blk128),double,local,local,16384,16384,20,1,1,1,9,2.859999999e-07,3.226855400e-02,3.072380000e-04,3.257607800e-02,3.154381207e-02,3.123628807e-02,1.032265929e-03,340.396976,343.748214,343.748214,5.994560122e-04,4.216000140e-04,1.120990310e-05,row,0,-1.000000000e+00,-1.000000
cuda_warp_smem(blk128),double,local,local,16384,16384,20,1,1,1,10,1.370000000e-07,3.224266600e-02,3.101000000e-04,3.255290300e-02,3.153250987e-02,3.122227287e-02,1.020393127e-03,340.518984,343.902517,343.902517,5.919679999e-04,4.168320000e-04,1.159312712e-05,row,0,-1.000000000e+00,-1.000000
cuda_warp_smem(blk128),double,local,local,16384,16384,20,1,1,1,11,1.080000001e-07,3.223992100e-02,3.001070000e-04,3.254013600e-02,3.151602387e-02,3.121580887e-02,1.024112132e-03,340.697110,343.973731,343.973731,5.940160155e-04,4.190079868e-04,1.108812928e-05,row,0,-1.000000000e+00,-1.000000
cuda_warp_smem(blk128),double,local,local,16384,16384,20,1,1,1,12,8.300000021e-08,3.258666500e-02,3.055030000e-04,3.289225100e-02,3.186849799e-02,3.156291199e-02,1.023753013e-03,336.928908,340.190989,340.190989,5.991359949e-04,4.128960073e-04,1.172101048e-05,row,0,-1.000000000e+00,-1.000000
cuda_warp_smem(blk128),double,local,local,16384,16384,20,1,1,1,13,1.169999999e-07,3.226057100e-02,3.233050000e-04,3.258399300e-02,3.153871779e-02,3.121529579e-02,1.045275208e-03,340.451958,343.979385,343.979385,5.968639851e-04,4.370560050e-04,1.135521831e-05,row,0,-1.000000000e+00,-1.000000
cuda_warp_smem(blk128),double,local,local,16384,16384,20,1,1,1,14,2.200000000e-07,3.226682300e-02,3.047580000e-04,3.257180100e-02,3.152104245e-02,3.121606445e-02,1.050758547e-03,340.642866,343.970915,343.970915,5.950080156e-04,4.439359903e-04,1.181454091e-05,row,0,-1.000000000e+00,-1.000000
cuda_warp_smem(blk128),double,local,local,16384,16384,20,1,1,1,15,2.189999999e-07,3.227250100e-02,3.001710000e-04,3.257289100e-02,3.153258109e-02,3.123219109e-02,1.040309914e-03,340.518215,343.793306,343.793306,6.001600027e-04,4.302400053e-04,9.909906221e-06,row,0,-1.000000000e+00,-1.000000
cuda_warp_smem(blk128),double,local,local,16384,16384,20,1,1,1,16,2.980000002e-07,3.223577600e-02,3.041850000e-04,3.254025900e-02,3.152009923e-02,3.121561623e-02,1.020159774e-03,340.653060,343.975854,343.975854,5.944960117e-04,4.141120017e-04,1.155176041e-05,row,0,-1.000000000e+00,-1.000000
cuda_warp_smem(blk128),double,local,local,16384,16384,20,1,1,1,17,1.080000001e-07,3.224337300e-02,3.061810000e-04,3.254966200e-02,3.152260904e-02,3.121632004e-02,1.027052962e-03,340.625937,343.968098,343.968098,5.983359814e-04,4.164800048e-04,1.223697600e-05,row,0,-1.000000000e+00,-1.000000
cuda_warp_smem(blk128),double,local,local,16384,16384,20,1,1,1,18,2.299999999e-07,3.222714000e-02,3.037230000e-04,3.253109300e-02,3.152267248e-02,3.121871948e-02,1.008420518e-03,340.625251,343.941661,343.941661,5.939840078e-04,4.038720131e-04,1.056449665e-05,row,0,-1.000000000e+00,-1.000000
cuda_warp_smem(blk128),double,local,local,16384,16384,20,1,1,1,19,4.110000003e-07,3.346465300e-02,8.758050000e-04,3.434086900e-02,3.209314448e-02,3.121692848e-02,2.247724518e-03,334.570464,343.961394,343.961394,1.322080016e-03,9.128959775e-04,1.274852431e-05,row,0,-1.000000000e+00,-1.000000
cuda_warp_smem(blk128),double,local,local,16384,16384,20,1,1,1,20,2.779999999e-07,3.235506400e-02,3.059140000e-04,3.266125600e-02,3.151796873e-02,3.121177673e-02,1.143287267e-03,340.676086,344.018168,344.018168,7.285119891e-04,4.033600092e-04,1.141526829e-05,row,0,-1.000000000e+00,-1.000000
cuda_warp_smem(blk128),double,local,local,16384,16384,32,1,1,1,1,4.720000000e-07,5.238362000e-02,5.384740000e-04,5.292256600e-02,5.112304100e-02,5.058409500e-02,1.799524999e-03,336.049438,339.629862,339.629862,9.584000111e-04,8.275200129e-04,1.360497486e-05,row,0,-1.000000000e+00,-1.000000
cuda_warp_smem(blk128),double,local,local,16384,16384,32,1,1,1,2,4.469999999e-07,5.239038200e-02,5.688980000e-04,5.295972700e-02,5.116041708e-02,5.059107208e-02,1.799309917e-03,335.803931,339.583023,339.583023,9.607359767e-04,8.263679743e-04,1.220596650e-05,row,0,-1.000000000e+00,-1.000000
cuda_warp_smem(blk128),double,local,local,16384,16384,32,1,1,1,3,3.749999999e-07,5.240132000e-02,5.422070000e-04,5.294390200e-02,5.112863013e-02,5.058604813e-02,1.815271874e-03,336.012703,339.616748,339.616748,9.605119824e-04,8.435840011e-04,1.117589027e-05,row,0,-1.000000000e+00,-1.000000
cuda_warp_smem(blk128),double,local,local,16384,16384,32,1,1,1,4,1.840000001e-07,5.237565700e-02,5.542950000e-04,5.293013600e-02,5.113988626e-02,5.058540726e-02,1.790249743e-03,335.938745,339.621051,339.621051,9.716799855e-04,8.065279722e-04,1.204178518e-05,row,0,-1.000000000e+00,-1.000000
cuda_warp_smem(blk128),double,local,local,16384,16384,32,1,1,1,5,1.640000000e-07,5.238244200e-02,5.538630000e-04,5.293646900e-02,5.113908330e-02,5.058505630e-02,1.797385695e-03,335.944019,339.623407,339.623407,9.739519954e-04,8.125759959e-04,1.085770377e-05,row,0,-1.000000000e+00,-1.000000
cuda_warp_smem(blk128),double,local,local,16384,16384,32,1,1,1,6,3.180000001e-07,5.258872300e-02,6.010080000e-04,5.319004900e-02,5.117998124e-02,5.057865524e-02,2.010067757e-03,335.675566,339.666389,339.666389,9.634879827e-04,1.033792019e-03,1.278775544e-05,row,0,-1.000000000e+00,-1.000000
cuda_warp_smem(blk128),double,local,local,16384,16384,32,1,1,1,7,4.040000001e-07,5.238938200e-02,5.498670000e-04,5.293965300e-02,5.113321396e-02,5.058294296e-02,1.806439037e-03,335.982581,339.637597,339.637597,9.611520171e-04,8.336319923e-04,1.165502790e-05,row,0,-1.000000000e+00,-1.000000
cuda_warp_smem(blk128),double,local,local,16384,16384,32,1,1,1,8,1.090000001e-07,5.236310100e-02,5.467380000e-04,5.290994800e-02,5.113062157e-02,5.058377457e-02,1.779326433e-03,335.999615,339.632013,339.632013,9.630079865e-04,8.040320277e-04,1.228641908e-05,row,0,-1.000000000e+00,-1.000000
cuda_warp_smem(blk128),double,local,local,16384,16384,32,1,1,1,9,1.329999999e-07,5.236007000e-02,5.440120000e-04,5.290421500e-02,5.112341059e-02,5.057926559e-02,1.780804406e-03,336.047008,339.662290,339.662290,9.632639885e-04,8.050559759e-04,1.248444111e-05,row,0,-1.000000000e+00,-1.000000
cuda_warp_smem(blk128),double,local,local,16384,16384,32,1,1,1,10,1.230000000e-07,5.321151800e-02,1.486153000e-03,5.469779400e-02,5.207386145e-02,5.058758545e-02,2.623932551e-03,329.913486,339.606428,339.606428,9.802560210e-04,1.629376054e-03,1.430047595e-05,row,0,-1.000000000e+00,-1.000000
cuda_warp_smem(blk128),double,local,local,16384,16384,32,1,1,1,11,2.100000001e-07,5.319752700e-02,5.582640000e-04,5.375600100e-02,5.115063327e-02,5.059215927e-02,2.605367729e-03,335.868162,339.575725,339.575725,1.802656054e-03,7.908160090e-04,1.189566522e-05,row,0,-1.000000000e+00,-1.000000
cuda_warp_smem(blk128),double,local,local,16384,16384,32,1,1,1,12,1.549999999e-07,5.234886700e-02,5.526890000e-04,5.290171100e-02,5.113953300e-02,5.058668900e-02,1.762178005e-03,335.941065,339.612446,339.612446,9.557120204e-04,7.943360209e-04,1.212996330e-05,row,0,-1.000000000e+00,-1.000000
cuda_warp_smem(blk128),double,local,local,16384,16384,32,1,1,1,13,8.700000009e-08,5.235245600e-02,5.537480000e-04,5.290629100e-02,5.113610658e-02,5.058227158e-02,1.770184424e-03,335.963575,339.642105,339.642105,9.575679898e-04,7.977920175e-04,1.482441679e-05,row,0,-1.000000000e+00,-1.000000
cuda_warp_smem(blk128),double,local,local,16384,16384,32,1,1,1,14,8.980000001e-07,5.236754000e-02,5.716520000e-04,5.294009000e-02,5.115942973e-02,5.058687973e-02,1.780660270e-03,335.810412,339.611165,339.611165,9.784319997e-04,7.898880243e-04,1.234024576e-05,row,0,-1.000000000e+00,-1.000000
cuda_warp_smem(blk128),double,local,local,16384,16384,32,1,1,1,15,1.220000003e-07,5.235755800e-02,5.610380000e-04,5.291871800e-02,5.114602557e-02,5.058486557e-02,1.772692430e-03,335.898420,339.624688,339.624688,9.731519818e-04,7.869120240e-04,1.262842408e-05,row,0,-1.000000000e+00,-1.000000
cuda_warp_smem(blk128),double,local,local,16384,16384,32,1,1,1,16,1.570000001e-07,5.234678100e-02,5.416860000e-04,5.288862400e-02,5.113294560e-02,5.059110260e-02,1.755678400e-03,335.984344,339.582818,339.582818,9.610239863e-04,7.829759717e-04,1.167844186e-05,row,0,-1.000000000e+00,-1.000000
cuda_warp_smem(blk128),double,local,local,16384,16384,32,1,1,1,17,1.090000001e-07,5.232304000e-02,5.461680000e-04,5.286931700e-02,5.112787719e-02,5.058160019e-02,1.741439811e-03,336.017651,339.646613,339.646613,9.634879827e-04,7.653440237e-04,1.260780434e-05,row,0,-1.000000000e+00,-1.000000
cuda_warp_smem(blk128),double,local,local,16384,16384,32,1,1,1,18,9.500000031e-08,5.233011700e-02,5.420890000e-04,5.287230100e-02,5.112871278e-02,5.058652878e-02,1.743588222e-03,336.012159,339.613522,339.613522,9.597759843e-04,7.703040242e-04,1.350821342e-05,row,0,-1.000000000e+00,-1.000000
cuda_warp_smem(blk128),double,local,local,16384,16384,32,1,1,1,19,1.410000001e-07,5.232859200e-02,5.422990000e-04,5.287103200e-02,5.113431317e-02,5.059187317e-02,1.736718831e-03,335.975358,339.577646,339.577646,9.611840248e-04,7.631999850e-04,1.233482122e-05,row,0,-1.000000000e+00,-1.000000
cuda_warp_smem(blk128),double,local,local,16384,16384,32,1,1,1,20,9.700000003e-08,5.232192100e-02,5.435950000e-04,5.286561300e-02,5.112938917e-02,5.058569717e-02,1.736223826e-03,336.007714,339.619105,339.619105,9.607040286e-04,7.623680234e-04,1.315177393e-05,row,0,-1.000000000e+00,-1.000000
cuda_warp_smem(blk192),double,local,local,16384,16384,3,1,1,1,1,1.900000000e-07,5.886190000e-03,4.473400000e-05,5.931114000e-03,5.712636212e-03,5.667712212e-03,2.184777884e-04,281.938614,284.173345,284.173345,1.194240004e-04,8.835200220e-05,1.070178581e-05,row,0,-1.000000000e+00,-1.000000
cuda_warp_smem(blk192),double,local,local,16384,16384,3,1,1,1,2,1.779999999e-07,5.871947000e-03,4.437300000e-05,5.916498000e-03,5.699079141e-03,5.654528141e-03,2.174188590e-04,282.609295,284.835922,284.835922,1.198400036e-04,8.767999709e-05,9.898858342e-06,row,0,-1.000000000e+00,-1.000000
cuda_warp_smem(blk192),double,local,local,16384,16384,3,1,1,1,3,1.549999999e-07,5.871753000e-03,4.514600000e-05,5.917054000e-03,5.697076837e-03,5.651775837e-03,2.199771631e-04,282.708621,284.974631,284.974631,1.182719991e-04,9.177599847e-05,9.929165521e-06,row,0,-1.000000000e+00,-1.000000
cuda_warp_smem(blk192),double,local,local,16384,16384,3,1,1,1,4,1.079999998e-07,5.874316000e-03,4.486000000e-05,5.919284000e-03,5.696359983e-03,5.651391983e-03,2.229240170e-04,282.744198,284.993987,284.993987,1.184960008e-04,9.276799858e-05,1.166001762e-05,row,0,-1.000000000e+00,-1.000000
cuda_warp_smem(blk192),double,local,local,16384,16384,3,1,1,1,5,7.899999988e-08,5.868650000e-03,4.426300000e-05,5.912992000e-03,5.694806058e-03,5.650464058e-03,2.181859421e-04,282.821350,285.040789,285.040789,1.183039993e-04,8.975999802e-05,1.012194475e-05,row,0,-1.000000000e+00,-1.000000
cuda_warp_smem(blk192),double,local,local,16384,16384,3,1,1,1,6,7.300000004e-08,5.873916000e-03,4.479800000e-05,5.918787000e-03,5.694822935e-03,5.649951935e-03,2.239640652e-04,282.820512,285.066626,285.066626,1.243840009e-04,8.899199963e-05,1.058806466e-05,row,0,-1.000000000e+00,-1.000000
cuda_warp_smem(blk192),double,local,local,16384,16384,3,1,1,1,7,7.699999993e-08,5.872173000e-03,4.394500000e-05,5.916195000e-03,5.699478066e-03,5.655456066e-03,2.167169339e-04,282.589514,284.789187,284.789187,1.205760017e-04,8.636800200e-05,9.772930167e-06,row,0,-1.000000000e+00,-1.000000
cuda_warp_smem(blk192),double,local,local,16384,16384,3,1,1,1,8,8.200000012e-08,5.872016000e-03,4.503600000e-05,5.917134000e-03,5.695389893e-03,5.650271893e-03,2.217441075e-04,282.792358,285.050484,285.050484,1.190399975e-04,9.337600321e-05,9.328106788e-06,row,0,-1.000000000e+00,-1.000000
cuda_warp_smem(blk192),double,local,local,16384,16384,3,1,1,1,9,1.430000001e-07,5.867713000e-03,4.660200000e-05,5.914458000e-03,5.697048841e-03,5.650303841e-03,2.174091594e-04,282.710010,285.048872,285.048872,1.188160032e-04,8.883199841e-05,9.761157752e-06,row,0,-1.000000000e+00,-1.000000
cuda_warp_smem(blk192),double,local,local,16384,16384,3,1,1,1,10,9.799999989e-08,5.866923000e-03,4.738500000e-05,5.914406000e-03,5.697210821e-03,5.649727821e-03,2.171951787e-04,282.701972,285.077934,285.077934,1.189439967e-04,8.931200206e-05,8.939179860e-06,row,0,-1.000000000e+00,-1.000000
cuda_warp_smem(blk192),double,local,local,16384,16384,3,1,1,1,11,7.699999993e-08,5.861262000e-03,4.520700000e-05,5.906546000e-03,5.693187919e-03,5.647903919e-03,2.133580808e-04,282.901734,285.169996,285.169996,1.175360009e-04,8.553600311e-05,1.028607676e-05,row,0,-1.000000000e+00,-1.000000
cuda_warp_smem(blk192),double,local,local,16384,16384,3,1,1,1,12,1.050000000e-07,5.867236000e-03,4.511900000e-05,5.912460000e-03,5.694311906e-03,5.649087906e-03,2.181480941e-04,282.845893,285.110227,285.110227,1.176960021e-04,9.068799764e-05,9.764094351e-06,row,0,-1.000000000e+00,-1.000000
cuda_warp_smem(blk192),double,local,local,16384,16384,3,1,1,1,13,1.049999998e-07,5.868381000e-03,4.685700000e-05,5.915343000e-03,5.700465895e-03,5.653503895e-03,2.148771052e-04,282.540544,284.887526,284.887526,1.191679984e-04,8.607999980e-05,9.629106956e-06,row,0,-1.000000000e+00,-1.000000
cuda_warp_smem(blk192),double,local,local,16384,16384,3,1,1,1,14,1.100000000e-07,5.864602000e-03,4.607000000e-05,5.910782000e-03,5.697124233e-03,5.650944233e-03,2.136577671e-04,282.706269,285.016569,285.016569,1.190399975e-04,8.428800106e-05,1.032976854e-05,row,0,-1.000000000e+00,-1.000000
cuda_warp_smem(blk192),double,local,local,16384,16384,3,1,1,1,15,1.029999999e-07,5.869791000e-03,4.523900000e-05,5.915133000e-03,5.693629773e-03,5.648287773e-03,2.215032269e-04,282.879780,285.150616,285.150616,1.186880022e-04,9.359999746e-05,9.215227178e-06,row,0,-1.000000000e+00,-1.000000
cuda_warp_smem(blk192),double,local,local,16384,16384,3,1,1,1,16,9.899999998e-08,5.873350000e-03,4.849000000e-05,5.921939000e-03,5.702189216e-03,5.653600216e-03,2.197497841e-04,282.455155,284.882672,284.882672,1.231679991e-04,8.620800078e-05,1.037378422e-05,row,0,-1.000000000e+00,-1.000000
cuda_warp_smem(blk192),double,local,local,16384,16384,3,1,1,1,17,1.109999999e-07,5.873197000e-03,4.320100000e-05,5.916509000e-03,5.696432041e-03,5.653120041e-03,2.200769591e-04,282.740622,284.906870,284.906870,1.193279997e-04,9.142400324e-05,9.324956212e-06,row,0,-1.000000000e+00,-1.000000
cuda_warp_smem(blk192),double,local,local,16384,16384,3,1,1,1,18,9.599999995e-08,5.874211000e-03,4.498900000e-05,5.919296000e-03,5.698429154e-03,5.653344154e-03,2.208668456e-04,282.641530,284.895575,284.895575,1.256960034e-04,8.489599824e-05,1.027484397e-05,row,0,-1.000000000e+00,-1.000000
cuda_warp_smem(blk192),double,local,local,16384,16384,3,1,1,1,19,1.300000001e-07,5.869106000e-03,4.491500000e-05,5.914151000e-03,5.693812948e-03,5.648767948e-03,2.203380518e-04,282.870679,285.126376,285.126376,1.209279969e-04,9.068799764e-05,8.722057277e-06,row,0,-1.000000000e+00,-1.000000
cuda_warp_smem(blk192),double,local,local,16384,16384,3,1,1,1,20,1.199999999e-07,5.867201000e-03,4.406800000e-05,5.911389000e-03,5.694652058e-03,5.650464058e-03,2.167369421e-04,282.828998,285.040789,285.040789,1.210239977e-04,8.636800200e-05,9.344942416e-06,row,0,-1.000000000e+00,-1.000000
cuda_warp_smem(blk192),double,local,local,16384,16384,6,1,1,1,1,1.750000000e-07,1.002641300e-02,1.055930000e-04,1.013218100e-02,9.707655703e-03,9.601887703e-03,4.245252971e-04,331.823209,335.478353,335.478353,2.356480062e-04,1.790719926e-04,9.805298221e-06,row,0,-1.000000000e+00,-1.000000
cuda_warp_smem(blk192),double,local,local,16384,16384,6,1,1,1,2,2.260000000e-07,1.002289000e-02,8.912400000e-05,1.011224000e-02,9.693062082e-03,9.603712082e-03,4.191779181e-04,332.322794,335.414623,335.414623,2.344640046e-04,1.740480065e-04,1.066590692e-05,row,0,-1.000000000e+00,-1.000000
cuda_warp_smem(blk192),double,local,local,16384,16384,6,1,1,1,3,2.180000001e-07,1.001649100e-02,8.924900000e-05,1.010595800e-02,9.688698720e-03,9.599231720e-03,4.172592800e-04,332.472457,335.571175,335.571175,2.311040014e-04,1.772799939e-04,8.875284735e-06,row,0,-1.000000000e+00,-1.000000
cuda_warp_smem(blk192),double,local,local,16384,16384,6,1,1,1,4,2.209999999e-07,1.001305800e-02,9.033100000e-05,1.010361000e-02,9.688664106e-03,9.598112106e-03,4.149458937e-04,332.473645,335.610320,335.610320,2.312320024e-04,1.738560051e-04,9.857886227e-06,row,0,-1.000000000e+00,-1.000000
cuda_warp_smem(blk192),double,local,local,16384,16384,6,1,1,1,5,2.320000001e-07,1.001474300e-02,8.908300000e-05,1.010405800e-02,9.692035261e-03,9.602720261e-03,4.120227394e-04,332.358002,335.449267,335.449267,2.318720073e-04,1.705279946e-04,9.622737496e-06,row,0,-1.000000000e+00,-1.000000
cuda_warp_smem(blk192),double,local,local,16384,16384,6,1,1,1,6,2.340000000e-07,1.001606300e-02,8.944300000e-05,1.010574000e-02,9.691436911e-03,9.601759911e-03,4.143030894e-04,332.378522,335.482818,335.482818,2.325759977e-04,1.727679968e-04,8.959094918e-06,row,0,-1.000000000e+00,-1.000000
cuda_warp_smem(blk192),double,local,local,16384,16384,6,1,1,1,7,2.280000000e-07,9.981706000e-03,9.110200000e-05,1.007303600e-02,9.652674147e-03,9.561344147e-03,4.203618533e-04,333.713272,336.900902,336.900902,2.331199944e-04,1.768639982e-04,1.037786069e-05,row,0,-1.000000000e+00,-1.000000
cuda_warp_smem(blk192),double,local,local,16384,16384,6,1,1,1,8,2.170000002e-07,9.941466000e-03,8.966400000e-05,1.003134700e-02,9.620152530e-03,9.530271530e-03,4.111944698e-04,334.841414,337.999338,337.999338,2.326399982e-04,1.682559997e-04,1.029847197e-05,row,0,-1.000000000e+00,-1.000000
cuda_warp_smem(blk192),double,local,local,16384,16384,6,1,1,1,9,2.280000000e-07,9.937477000e-03,8.881700000e-05,1.002652200e-02,9.614837122e-03,9.525792122e-03,4.116848781e-04,335.026525,338.158279,338.158279,2.344319969e-04,1.671680063e-04,1.008487487e-05,row,0,-1.000000000e+00,-1.000000
cuda_warp_smem(blk192),double,local,local,16384,16384,6,1,1,1,10,2.119999998e-07,9.942226000e-03,9.112900000e-05,1.003356700e-02,9.621325474e-03,9.529984474e-03,4.122415258e-04,334.800593,338.009519,338.009519,2.316160053e-04,1.716160029e-04,9.009517599e-06,row,0,-1.000000000e+00,-1.000000
cuda_warp_smem(blk192),double,local,local,16384,16384,6,1,1,1,11,2.170000000e-07,9.927209000e-03,8.881400000e-05,1.001624000e-02,9.609350939e-03,9.520319939e-03,4.068890613e-04,335.217799,338.352649,338.352649,2.324160039e-04,1.655039936e-04,8.969063767e-06,row,0,-1.000000000e+00,-1.000000
cuda_warp_smem(blk192),double,local,local,16384,16384,6,1,1,1,12,2.240000001e-07,9.943140000e-03,8.927600000e-05,1.003264000e-02,9.624091675e-03,9.534591675e-03,4.085483252e-04,334.704363,337.846190,337.846190,2.315839976e-04,1.668159962e-04,1.014833142e-05,row,0,-1.000000000e+00,-1.000000
cuda_warp_smem(blk192),double,local,local,16384,16384,6,1,1,1,13,2.270000001e-07,9.934047000e-03,8.720200000e-05,1.002147600e-02,9.610116912e-03,9.522687912e-03,4.113590880e-04,335.191081,338.268512,338.268512,2.349119931e-04,1.675840020e-04,8.863092849e-06,row,0,-1.000000000e+00,-1.000000
cuda_warp_smem(blk192),double,local,local,16384,16384,6,1,1,1,14,2.190000001e-07,9.933331000e-03,8.866700000e-05,1.002221700e-02,9.612470366e-03,9.523584366e-03,4.097466342e-04,335.109015,338.236671,338.236671,2.354879975e-04,1.642879993e-04,9.970637351e-06,row,0,-1.000000000e+00,-1.000000
cuda_warp_smem(blk192),double,local,local,16384,16384,6,1,1,1,15,2.139999999e-07,9.936553000e-03,8.879600000e-05,1.002556300e-02,9.612018347e-03,9.523008347e-03,4.135446534e-04,335.124774,338.257130,338.257130,2.347840071e-04,1.682559997e-04,1.050464669e-05,row,0,-1.000000000e+00,-1.000000
cuda_warp_smem(blk192),double,local,local,16384,16384,6,1,1,1,16,2.549999998e-07,9.933329000e-03,8.990000000e-05,1.002348400e-02,9.613994951e-03,9.523839951e-03,4.094890494e-04,335.055873,338.227594,338.227594,2.351360023e-04,1.647039950e-04,9.649052147e-06,row,0,-1.000000000e+00,-1.000000
cuda_warp_smem(blk192),double,local,local,16384,16384,6,1,1,1,17,2.219999999e-07,9.844726000e-03,8.945900000e-05,9.934407000e-03,9.523185105e-03,9.433504105e-03,4.112218954e-04,338.250852,341.466483,341.466483,2.364480048e-04,1.644160002e-04,1.035789030e-05,row,0,-1.000000000e+00,-1.000000
cuda_warp_smem(blk192),double,local,local,16384,16384,6,1,1,1,18,2.179999998e-07,9.837016000e-03,9.202500000e-05,9.929259000e-03,9.510930820e-03,9.418687820e-03,4.183281796e-04,338.686668,342.003635,342.003635,2.369920015e-04,1.707839966e-04,1.055218145e-05,row,0,-1.000000000e+00,-1.000000
cuda_warp_smem(blk192),double,local,local,16384,16384,6,1,1,1,19,2.260000000e-07,9.827216000e-03,8.966900000e-05,9.917111000e-03,9.506247272e-03,9.416352272e-03,4.108637280e-04,338.853533,342.088463,342.088463,2.321919948e-04,1.686400026e-04,1.003173057e-05,row,0,-1.000000000e+00,-1.000000
cuda_warp_smem(blk192),double,local,local,16384,16384,6,1,1,1,20,2.059999999e-07,9.825245000e-03,8.882500000e-05,9.914276000e-03,9.501863260e-03,9.412832260e-03,4.124127399e-04,339.009875,342.216390,342.216390,2.325119972e-04,1.701759994e-04,9.724743242e-06,row,0,-1.000000000e+00,-1.000000
cuda_warp_smem(blk192),double,local,local,16384,16384,8,1,1,1,1,2.289999999e-07,1.306282400e-02,1.237990000e-04,1.318685200e-02,1.263692358e-02,1.251289558e-02,5.499284159e-04,339.874438,343.243278,343.243278,3.064320087e-04,2.331839949e-04,1.031241226e-05,row,0,-1.000000000e+00,-1.000000
cuda_warp_smem(blk192),double,local,local,16384,16384,8,1,1,1,2,1.170000001e-07,1.305631500e-02,1.260290000e-04,1.318246100e-02,1.263158576e-02,1.250543976e-02,5.508752417e-04,340.018061,343.447922,343.447922,3.150720000e-04,2.262399942e-04,9.563247504e-06,row,0,-1.000000000e+00,-1.000000
cuda_warp_smem(blk192),double,local,local,16384,16384,8,1,1,1,3,1.349999998e-07,1.305256500e-02,1.203660000e-04,1.317306600e-02,1.262850137e-02,1.250800037e-02,5.445646262e-04,340.101107,343.377612,343.377612,3.126719892e-04,2.206400037e-04,1.125263328e-05,row,0,-1.000000000e+00,-1.000000
cuda_warp_smem(blk192),double,local,local,16384,16384,8,1,1,1,4,1.329999999e-07,1.305444000e-02,1.207590000e-04,1.317533200e-02,1.263311620e-02,1.251222420e-02,5.422158026e-04,339.976869,343.261696,343.261696,3.077439964e-04,2.235839963e-04,1.088780993e-05,row,0,-1.000000000e+00,-1.000000
cuda_warp_smem(blk192),double,local,local,16384,16384,8,1,1,1,5,1.420000000e-07,1.304462800e-02,1.232540000e-04,1.316802400e-02,1.263193997e-02,1.250854397e-02,5.360840318e-04,340.008527,343.362689,343.362689,3.083199859e-04,2.178239971e-04,9.940048793e-06,row,0,-1.000000000e+00,-1.000000
cuda_warp_smem(blk192),double,local,local,16384,16384,8,1,1,1,6,1.649999999e-07,1.304760500e-02,1.194070000e-04,1.316717700e-02,1.262881978e-02,1.250924778e-02,5.383572202e-04,340.092532,343.343371,343.343371,3.079040051e-04,2.202879936e-04,1.016522155e-05,row,0,-1.000000000e+00,-1.000000
cuda_warp_smem(blk192),double,local,local,16384,16384,8,1,1,1,7,1.470000000e-07,1.304631800e-02,1.236000000e-04,1.317006500e-02,1.263469137e-02,1.251094437e-02,5.353736335e-04,339.934484,343.296810,343.296810,3.048000038e-04,2.209600061e-04,9.613623660e-06,row,0,-1.000000000e+00,-1.000000
cuda_warp_smem(blk192),double,local,local,16384,16384,8,1,1,1,8,1.629999999e-07,1.303332400e-02,1.238450000e-04,1.315733200e-02,1.261709577e-02,1.249308777e-02,5.402362314e-04,340.408552,343.787491,343.787491,3.132160008e-04,2.169599980e-04,1.006023264e-05,row,0,-1.000000000e+00,-1.000000
cuda_warp_smem(blk192),double,local,local,16384,16384,8,1,1,1,9,1.169999999e-07,1.303673800e-02,1.216890000e-04,1.315854400e-02,1.261761365e-02,1.249580765e-02,5.409303523e-04,340.394580,343.712661,343.712661,3.064320087e-04,2.249599993e-04,9.538344229e-06,row,0,-1.000000000e+00,-1.000000
cuda_warp_smem(blk192),double,local,local,16384,16384,8,1,1,1,10,1.500000000e-07,1.301177700e-02,1.230250000e-04,1.313495200e-02,1.260330329e-02,1.248012829e-02,5.316487117e-04,340.781079,344.144483,344.144483,3.081600070e-04,2.132479995e-04,1.024070518e-05,row,0,-1.000000000e+00,-1.000000
cuda_warp_smem(blk192),double,local,local,16384,16384,8,1,1,1,11,1.479999998e-07,1.302375800e-02,1.213320000e-04,1.314523800e-02,1.261623193e-02,1.249475193e-02,5.290060698e-04,340.431860,343.741702,343.741702,3.041279912e-04,2.148160040e-04,1.006207453e-05,row,0,-1.000000000e+00,-1.000000
cuda_warp_smem(blk192),double,local,local,16384,16384,8,1,1,1,12,1.679999999e-07,1.303674100e-02,1.216740000e-04,1.315858300e-02,1.262363395e-02,1.250179195e-02,5.349490460e-04,340.232243,343.548134,343.548134,3.079040051e-04,2.160000056e-04,1.104503531e-05,row,0,-1.000000000e+00,-1.000000
cuda_warp_smem(blk192),double,local,local,16384,16384,8,1,1,1,13,1.750000000e-07,1.301219400e-02,1.227150000e-04,1.313508400e-02,1.260567427e-02,1.248278427e-02,5.294097288e-04,340.716982,344.071259,344.071259,3.028480113e-04,2.163839936e-04,1.017772388e-05,row,0,-1.000000000e+00,-1.000000
cuda_warp_smem(blk192),double,local,local,16384,16384,8,1,1,1,14,1.139999999e-07,1.302363800e-02,1.224180000e-04,1.314617000e-02,1.261193954e-02,1.248940754e-02,5.342304606e-04,340.547723,343.888794,343.888794,3.118399978e-04,2.131839991e-04,9.206463803e-06,row,0,-1.000000000e+00,-1.000000
cuda_warp_smem(blk192),double,local,local,16384,16384,8,1,1,1,15,1.150000000e-07,1.303737500e-02,1.244210000e-04,1.316191100e-02,1.262268015e-02,1.249814415e-02,5.392308502e-04,340.257952,343.648404,343.648404,3.077760041e-04,2.172800004e-04,1.417484570e-05,row,0,-1.000000000e+00,-1.000000
cuda_warp_smem(blk192),double,local,local,16384,16384,8,1,1,1,16,1.649999999e-07,1.302481900e-02,1.250020000e-04,1.314998600e-02,1.261662303e-02,1.249145603e-02,5.333629682e-04,340.421306,343.832399,343.832399,3.074240088e-04,2.167039961e-04,9.234963292e-06,row,0,-1.000000000e+00,-1.000000
cuda_warp_smem(blk192),double,local,local,16384,16384,8,1,1,1,17,1.500000000e-07,1.467750700e-02,1.256810000e-04,1.480333800e-02,1.262205540e-02,1.249622440e-02,2.181282597e-03,340.274794,343.701198,343.701198,3.051840067e-04,1.865407944e-03,1.069064620e-05,row,0,-1.000000000e+00,-1.000000
cuda_warp_smem(blk192),double,local,local,16384,16384,8,1,1,1,18,1.619999999e-07,1.303920600e-02,1.197590000e-04,1.315912700e-02,1.260228947e-02,1.248236847e-02,5.568375308e-04,340.808494,344.082720,344.082720,3.093439937e-04,2.366719991e-04,1.082153800e-05,row,0,-1.000000000e+00,-1.000000
cuda_warp_smem(blk192),double,local,local,16384,16384,8,1,1,1,19,1.619999999e-07,1.302852700e-02,1.222970000e-04,1.315098600e-02,1.261151463e-02,1.248905563e-02,5.394713665e-04,340.559197,343.898484,343.898484,3.099839985e-04,2.192319930e-04,1.025537496e-05,row,0,-1.000000000e+00,-1.000000
cuda_warp_smem(blk192),double,local,local,16384,16384,8,1,1,1,20,1.660000000e-07,1.302253300e-02,1.265400000e-04,1.314923900e-02,1.261528194e-02,1.248857594e-02,5.339570646e-04,340.457496,343.911693,343.911693,3.088319898e-04,2.144639939e-04,1.066108096e-05,row,0,-1.000000000e+00,-1.000000
cuda_warp_smem(blk192),double,local,local,16384,16384,20,1,1,1,1,1.750000000e-07,3.229360800e-02,3.122740000e-04,3.260605700e-02,3.144851353e-02,3.113606453e-02,1.157543471e-03,341.428482,344.854702,344.854702,6.253119707e-04,5.197119713e-04,1.251952859e-05,row,0,-1.000000000e+00,-1.000000
cuda_warp_smem(blk192),double,local,local,16384,16384,20,1,1,1,2,1.580000000e-07,3.220755000e-02,3.120020000e-04,3.251971000e-02,3.143807934e-02,3.112591934e-02,1.081630658e-03,341.541801,344.967104,344.967104,5.921279788e-04,4.784640074e-04,1.103867178e-05,row,0,-1.000000000e+00,-1.000000
cuda_warp_smem(blk192),double,local,local,16384,16384,20,1,1,1,3,1.240000000e-07,3.218732600e-02,3.098360000e-04,3.249728600e-02,3.139424764e-02,3.108428764e-02,1.103038357e-03,342.018651,345.429124,345.429124,6.138240099e-04,4.776639938e-04,1.155035284e-05,row,0,-1.000000000e+00,-1.000000
cuda_warp_smem(blk192),double,local,local,16384,16384,20,1,1,1,4,1.239999998e-07,3.297810000e-02,3.419030000e-04,3.332012700e-02,3.143671542e-02,3.109468842e-02,1.883411584e-03,341.556619,345.313582,345.313582,5.887039900e-04,1.282719970e-03,1.198762474e-05,row,0,-1.000000000e+00,-1.000000
cuda_warp_smem(blk192),double,local,local,16384,16384,20,1,1,1,5,1.599999999e-07,3.217558000e-02,3.272180000e-04,3.250295800e-02,3.140318557e-02,3.107580757e-02,1.099772429e-03,341.921307,345.523386,345.523386,5.983359814e-04,4.857920110e-04,1.564443620e-05,row,0,-1.000000000e+00,-1.000000
cuda_warp_smem(blk192),double,local,local,16384,16384,20,1,1,1,6,2.760000000e-07,3.216296600e-02,3.294080000e-04,3.249265000e-02,3.140472482e-02,3.107504082e-02,1.087925183e-03,341.904548,345.531911,345.531911,6.084799767e-04,4.674240053e-04,1.202120082e-05,row,0,-1.000000000e+00,-1.000000
cuda_warp_smem(blk192),double,local,local,16384,16384,20,1,1,1,7,1.359999999e-07,3.217895800e-02,3.131170000e-04,3.249221100e-02,3.139738043e-02,3.108412743e-02,1.094830574e-03,341.984525,345.430904,345.430904,5.995839834e-04,4.847039878e-04,1.054260259e-05,row,0,-1.000000000e+00,-1.000000
cuda_warp_smem(blk192),double,local,local,16384,16384,20,1,1,1,8,1.260000000e-07,3.214649500e-02,3.127160000e-04,3.245933700e-02,3.139057027e-02,3.107772827e-02,1.068766729e-03,342.058718,345.502031,345.502031,5.990399718e-04,4.576640129e-04,1.206274378e-05,row,0,-1.000000000e+00,-1.000000
cuda_warp_smem(blk192),double,local,local,16384,16384,20,1,1,1,9,1.700000001e-07,3.217148300e-02,3.161070000e-04,3.248776000e-02,3.141464469e-02,3.109836769e-02,1.073115309e-03,341.796584,345.272728,345.272728,6.034880280e-04,4.590080082e-04,1.061927267e-05,row,0,-1.000000000e+00,-1.000000
cuda_warp_smem(blk192),double,local,local,16384,16384,20,1,1,1,10,2.150000000e-07,3.215883900e-02,3.103360000e-04,3.246939000e-02,3.140159066e-02,3.109103966e-02,1.067799342e-03,341.938673,345.354107,345.354107,5.979840159e-04,4.595200121e-04,1.029531433e-05,row,0,-1.000000000e+00,-1.000000
cuda_warp_smem(blk192),double,local,local,16384,16384,20,1,1,1,11,1.899999997e-07,3.218389000e-02,3.698130000e-04,3.255389300e-02,3.146894671e-02,3.109894371e-02,1.084946290e-03,341.206788,345.266333,345.266333,6.021440029e-04,4.714879990e-04,1.131428780e-05,row,0,-1.000000000e+00,-1.000000
cuda_warp_smem(blk192),double,local,local,16384,16384,20,1,1,1,12,1.300000001e-07,3.217963800e-02,3.179760000e-04,3.249774400e-02,3.140175468e-02,3.108364868e-02,1.095989318e-03,341.936887,345.436224,345.436224,5.984960198e-04,4.863039851e-04,1.118931340e-05,row,0,-1.000000000e+00,-1.000000
cuda_warp_smem(blk192),double,local,local,16384,16384,20,1,1,1,13,1.309999997e-07,3.215348800e-02,3.210230000e-04,3.247464200e-02,3.139792288e-02,3.107676888e-02,1.076719125e-03,341.978617,345.512697,345.512697,6.040319800e-04,4.617280066e-04,1.095913824e-05,row,0,-1.000000000e+00,-1.000000
cuda_warp_smem(blk192),double,local,local,16384,16384,20,1,1,1,14,1.350000001e-07,3.215680600e-02,3.153320000e-04,3.247227300e-02,3.140119469e-02,3.108572769e-02,1.071078308e-03,341.942985,345.413122,345.413122,5.981760025e-04,4.620159864e-04,1.088631940e-05,row,0,-1.000000000e+00,-1.000000
cuda_warp_smem(blk192),double,local,local,16384,16384,20,1,1,1,15,1.510000001e-07,3.216245000e-02,3.279480000e-04,3.249054900e-02,3.142176317e-02,3.109366417e-02,1.068785831e-03,341.719151,345.324957,345.324957,6.039999723e-04,4.528000057e-04,1.198585267e-05,row,0,-1.000000000e+00,-1.000000
cuda_warp_smem(blk192),double,local,local,16384,16384,20,1,1,1,16,1.450000000e-07,3.215219000e-02,3.245760000e-04,3.247691100e-02,3.141476884e-02,3.109004784e-02,1.062142164e-03,341.795233,345.365124,345.365124,5.944640040e-04,4.551680088e-04,1.251015085e-05,row,0,-1.000000000e+00,-1.000000
cuda_warp_smem(blk192),double,local,local,16384,16384,20,1,1,1,17,1.549999999e-07,3.216144900e-02,3.160200000e-04,3.247762400e-02,3.140695907e-02,3.109078407e-02,1.070664927e-03,341.880225,345.356946,345.356946,5.938240290e-04,4.664640129e-04,1.037688529e-05,row,0,-1.000000000e+00,-1.000000
cuda_warp_smem(blk192),double,local,local,16384,16384,20,1,1,1,18,1.250000001e-07,3.216083600e-02,3.112740000e-04,3.247223500e-02,3.141085579e-02,3.109945679e-02,1.061379213e-03,341.837813,345.260636,345.260636,5.901119709e-04,4.605759978e-04,1.069124416e-05,row,0,-1.000000000e+00,-1.000000
cuda_warp_smem(blk192),double,local,local,16384,16384,20,1,1,1,19,1.379999999e-07,3.217432800e-02,3.148020000e-04,3.248926800e-02,3.139865162e-02,3.108371162e-02,1.090616376e-03,341.970680,345.435525,345.435525,5.948160291e-04,4.707520008e-04,2.504834597e-05,row,0,-1.000000000e+00,-1.000000
cuda_warp_smem(blk192),double,local,local,16384,16384,20,1,1,1,20,1.629999997e-07,3.215197400e-02,3.265480000e-04,3.247868500e-02,3.141032726e-02,3.108361626e-02,1.068357743e-03,341.843565,345.436585,345.436585,5.997440219e-04,4.575040042e-04,1.110971715e-05,row,0,-1.000000000e+00,-1.000000
cuda_warp_smem(blk192),double,local,local,16384,16384,32,1,1,1,1,2.320000001e-07,6.386028900e-02,5.200700000e-04,6.438059100e-02,6.249956531e-02,6.197926331e-02,1.881025694e-03,274.879819,277.187373,277.187373,9.782720208e-04,8.904320002e-04,1.232167336e-05,row,0,-1.000000000e+00,-1.000000
cuda_warp_smem(blk192),double,local,local,16384,16384,32,1,1,1,2,1.580000000e-07,6.382818300e-02,5.207360000e-04,6.434907700e-02,6.251782317e-02,6.199692917e-02,1.831253831e-03,274.799542,277.108389,277.108389,9.851840138e-04,8.346560001e-04,1.141381732e-05,row,0,-1.000000000e+00,-1.000000
cuda_warp_smem(blk192),double,local,local,16384,16384,32,1,1,1,3,1.450000000e-07,6.544535600e-02,5.370590000e-04,6.598256000e-02,6.247925112e-02,6.194204712e-02,3.503308881e-03,274.969192,277.353914,277.353914,9.809920192e-04,2.510368109e-03,1.194875293e-05,row,0,-1.000000000e+00,-1.000000
cuda_warp_smem(blk192),double,local,local,16384,16384,32,1,1,1,4,1.190000001e-07,6.382796200e-02,5.010590000e-04,6.432914000e-02,6.247234652e-02,6.197116852e-02,1.856793482e-03,274.999582,277.223580,277.223580,9.812800288e-04,8.632640243e-04,1.224942886e-05,row,0,-1.000000000e+00,-1.000000
cuda_warp_smem(blk192),double,local,local,16384,16384,32,1,1,1,5,1.560000000e-07,6.386175500e-02,5.114440000e-04,6.437335500e-02,6.253831814e-02,6.202671814e-02,1.835036860e-03,274.709485,276.975305,276.975305,9.826239944e-04,8.396800160e-04,1.273284996e-05,row,0,-1.000000000e+00,-1.000000
cuda_warp_smem(blk192),double,local,local,16384,16384,32,1,1,1,6,1.139999997e-07,6.468552000e-02,1.436878000e-03,6.612251200e-02,6.342032177e-02,6.198332977e-02,2.702190227e-03,270.889026,277.169188,277.169188,9.828799963e-04,1.704512000e-03,1.479823067e-05,row,0,-1.000000000e+00,-1.000000
cuda_warp_smem(blk192),double,local,local,16384,16384,32,1,1,1,7,1.759999999e-07,6.466593400e-02,5.081960000e-04,6.517430600e-02,6.252104442e-02,6.201267242e-02,2.653261576e-03,274.785384,277.038039,277.038039,1.807008028e-03,8.334720135e-04,1.278153418e-05,row,0,-1.000000000e+00,-1.000000
cuda_warp_smem(blk192),double,local,local,16384,16384,32,1,1,1,8,1.279999999e-07,6.387168700e-02,5.116670000e-04,6.438348200e-02,6.237915416e-02,6.186735916e-02,2.004327839e-03,275.410422,277.688743,277.688743,9.725760221e-04,1.015167952e-03,1.658386489e-05,row,0,-1.000000000e+00,-1.000000
cuda_warp_smem(blk192),double,local,local,16384,16384,32,1,1,1,9,8.670000002e-07,6.382648800e-02,5.130810000e-04,6.434043600e-02,6.247522882e-02,6.196128082e-02,1.865207177e-03,274.986895,277.267819,277.267819,9.867839813e-04,8.648639917e-04,1.355920419e-05,row,0,-1.000000000e+00,-1.000000
cuda_warp_smem(blk192),double,local,local,16384,16384,32,1,1,1,10,1.280000004e-07,6.382057700e-02,5.131740000e-04,6.433387900e-02,6.250514236e-02,6.199184036e-02,1.828736637e-03,274.855292,277.131137,277.131137,9.688640237e-04,8.466240168e-04,1.324859700e-05,row,0,-1.000000000e+00,-1.000000
cuda_warp_smem(blk192),double,local,local,16384,16384,32,1,1,1,11,7.000000002e-08,6.367614300e-02,5.067350000e-04,6.418294800e-02,6.235166889e-02,6.184486389e-02,1.831279108e-03,275.531826,277.789748,277.789748,9.646720290e-04,8.537600040e-04,1.284707534e-05,row,0,-1.000000000e+00,-1.000000
cuda_warp_smem(blk192),double,local,local,16384,16384,32,1,1,1,12,8.300000021e-08,6.371968700e-02,4.991130000e-04,6.421888300e-02,6.240767760e-02,6.190848160e-02,1.811205402e-03,275.284546,277.504289,277.504289,9.619200230e-04,8.356800079e-04,1.360537120e-05,row,0,-1.000000000e+00,-1.000000
cuda_warp_smem(blk192),double,local,local,16384,16384,32,1,1,1,13,1.049999998e-07,6.383298200e-02,5.054680000e-04,6.433855500e-02,6.251354190e-02,6.200796890e-02,1.825013097e-03,274.818362,277.059054,277.059054,9.747840166e-04,8.386880159e-04,1.154106487e-05,row,0,-1.000000000e+00,-1.000000
cuda_warp_smem(blk192),double,local,local,16384,16384,32,1,1,1,14,1.130000000e-07,6.367574200e-02,5.027940000e-04,6.417864900e-02,6.236380406e-02,6.186089706e-02,1.814844936e-03,275.478211,277.717751,277.717751,9.751999974e-04,8.283519745e-04,1.129296388e-05,row,0,-1.000000000e+00,-1.000000
cuda_warp_smem(blk192),double,local,local,16384,16384,32,1,1,1,15,1.000000003e-07,6.370416700e-02,5.056360000e-04,6.420990300e-02,6.236000694e-02,6.185427094e-02,1.849896065e-03,275.494985,277.747501,277.747501,9.951999784e-04,8.432000279e-04,1.149605865e-05,row,0,-1.000000000e+00,-1.000000
cuda_warp_smem(blk192),double,local,local,16384,16384,32,1,1,1,16,9.600000039e-08,6.381686300e-02,4.979860000e-04,6.431494500e-02,6.250947269e-02,6.201139069e-02,1.805472314e-03,274.836252,277.043766,277.043766,9.691839814e-04,8.248000145e-04,1.148831805e-05,row,0,-1.000000000e+00,-1.000000
cuda_warp_smem(blk192),double,local,local,16384,16384,32,1,1,1,17,1.230000000e-07,6.384624600e-02,5.146190000e-04,6.436098800e-02,6.256286822e-02,6.204812622e-02,1.798119779e-03,274.601687,276.879742,276.879742,9.639040232e-04,8.212800026e-04,1.293575353e-05,row,0,-1.000000000e+00,-1.000000
cuda_warp_smem(blk192),double,local,local,16384,16384,32,1,1,1,18,9.899999975e-08,6.383136300e-02,5.093230000e-04,6.434078500e-02,6.249940460e-02,6.198998260e-02,1.841380395e-03,274.880526,277.139442,277.139442,9.620479941e-04,8.641920090e-04,1.514039191e-05,row,0,-1.000000000e+00,-1.000000
cuda_warp_smem(blk192),double,local,local,16384,16384,32,1,1,1,19,8.010000001e-07,6.367414800e-02,4.983050000e-04,6.417325400e-02,6.234953935e-02,6.185043335e-02,1.823714650e-03,275.541237,277.764734,277.764734,9.844480157e-04,8.268799782e-04,1.238665652e-05,row,0,-1.000000000e+00,-1.000000
cuda_warp_smem(blk192),double,local,local,16384,16384,32,1,1,1,20,9.300000015e-08,6.380971400e-02,5.093650000e-04,6.431917200e-02,6.250430434e-02,6.199484634e-02,1.814867656e-03,274.858978,277.117699,277.117699,9.619519711e-04,8.405759931e-04,1.233969189e-05,row,0,-1.000000000e+00,-1.000000
cuda_warp_smem,double,local,local,16384,16384,3,1,1,1,1,1.519999999e-07,5.838566000e-03,4.715100000e-05,5.885869000e-03,5.662086764e-03,5.614783764e-03,2.237822361e-04,284.455679,286.852140,286.852140,1.218879968e-04,9.267199785e-05,9.222241477e-06,row,0,-1.000000000e+00,-1.000000
cuda_warp_smem,double,local,local,16384,16384,3,1,1,1,2,1.110000001e-07,5.832706000e-03,4.525700000e-05,5.878074000e-03,5.649400040e-03,5.604032040e-03,2.286739604e-04,285.094475,287.402485,287.402485,1.307200044e-04,8.854400367e-05,9.409952253e-06,row,0,-1.000000000e+00,-1.000000
cuda_warp_smem,double,local,local,16384,16384,3,1,1,1,3,1.020000000e-07,5.847443000e-03,4.404300000e-05,5.891588000e-03,5.655952823e-03,5.611807823e-03,2.356351768e-04,284.764174,287.004257,287.004257,1.390399933e-04,8.646400273e-05,1.013118080e-05,row,0,-1.000000000e+00,-1.000000
cuda_warp_smem,double,local,local,16384,16384,3,1,1,1,4,1.350000001e-07,5.827944000e-03,4.366400000e-05,5.871743000e-03,5.653750973e-03,5.609951973e-03,2.179920270e-04,284.875076,287.099202,287.099202,1.200319976e-04,8.841600269e-05,9.544026786e-06,row,0,-1.000000000e+00,-1.000000
cuda_warp_smem,double,local,local,16384,16384,3,1,1,1,5,1.290000000e-07,5.823062000e-03,4.414500000e-05,5.867336000e-03,5.650993971e-03,5.606719971e-03,2.163420293e-04,285.014060,287.264701,287.264701,1.190399975e-04,8.710400015e-05,1.019803169e-05,row,0,-1.000000000e+00,-1.000000
cuda_warp_smem,double,local,local,16384,16384,3,1,1,1,6,1.110000001e-07,5.825667000e-03,4.416900000e-05,5.869947000e-03,5.654104181e-03,5.609824181e-03,2.158428194e-04,284.857280,287.105742,287.105742,1.196480021e-04,8.607999980e-05,1.011481750e-05,row,0,-1.000000000e+00,-1.000000
cuda_warp_smem,double,local,local,16384,16384,3,1,1,1,7,1.080000001e-07,5.821007000e-03,4.455900000e-05,5.865674000e-03,5.652602905e-03,5.607935905e-03,2.130710945e-04,284.932935,287.202415,287.202415,1.185600013e-04,8.582399786e-05,8.687095434e-06,row,0,-1.000000000e+00,-1.000000
cuda_warp_smem,double,local,local,16384,16384,3,1,1,1,8,1.160000000e-07,5.828119000e-03,4.612700000e-05,5.874362000e-03,5.656035233e-03,5.609792233e-03,2.183267675e-04,284.760025,287.107377,287.107377,1.188160032e-04,8.937600255e-05,1.013476173e-05,row,0,-1.000000000e+00,-1.000000
cuda_warp_smem,double,local,local,16384,16384,3,1,1,1,9,1.650000001e-07,5.827392000e-03,4.456600000e-05,5.872123000e-03,5.654426911e-03,5.609695911e-03,2.176960886e-04,284.841021,287.112307,287.112307,1.177280024e-04,8.780799806e-05,1.216008816e-05,row,0,-1.000000000e+00,-1.000000
cuda_warp_smem,double,local,local,16384,16384,3,1,1,1,10,1.430000001e-07,5.825604000e-03,4.493400000e-05,5.870681000e-03,5.658676777e-03,5.613599777e-03,2.120042228e-04,284.627096,286.912641,286.912641,1.193279997e-04,8.243200183e-05,1.024422130e-05,row,0,-1.000000000e+00,-1.000000
cuda_warp_smem,double,local,local,16384,16384,3,1,1,1,11,1.750000000e-07,5.827848000e-03,4.399900000e-05,5.872022000e-03,5.656301781e-03,5.612127781e-03,2.157202191e-04,284.746606,286.987895,286.987895,1.215040013e-04,8.483199775e-05,9.384220014e-06,row,0,-1.000000000e+00,-1.000000
cuda_warp_smem,double,local,local,16384,16384,3,1,1,1,12,1.170000001e-07,5.817747000e-03,4.355600000e-05,5.861420000e-03,5.644153080e-03,5.600480080e-03,2.172669203e-04,285.359506,287.584763,287.584763,1.180159971e-04,8.934400231e-05,9.906920931e-06,row,0,-1.000000000e+00,-1.000000
cuda_warp_smem,double,local,local,16384,16384,3,1,1,1,13,1.200000002e-07,5.829914000e-03,4.355200000e-05,5.873586000e-03,5.655320083e-03,5.611648083e-03,2.182659173e-04,284.796035,287.012427,287.012427,1.189119965e-04,8.979199827e-05,9.561922516e-06,row,0,-1.000000000e+00,-1.000000
cuda_warp_smem,double,local,local,16384,16384,3,1,1,1,14,1.180000000e-07,5.824013000e-03,4.653400000e-05,5.870665000e-03,5.651995819e-03,5.605343819e-03,2.186691813e-04,284.963540,287.335227,287.335227,1.187840030e-04,9.027200192e-05,9.613176454e-06,row,0,-1.000000000e+00,-1.000000
cuda_warp_smem,double,local,local,16384,16384,3,1,1,1,15,1.459999999e-07,5.820984000e-03,4.491600000e-05,5.866046000e-03,5.650917942e-03,5.605855942e-03,2.151280582e-04,285.017895,287.308977,287.308977,1.190399975e-04,8.582399786e-05,1.026406291e-05,row,0,-1.000000000e+00,-1.000000
cuda_warp_smem,double,local,local,16384,16384,3,1,1,1,16,1.070000000e-07,5.677872000e-03,4.508200000e-05,5.723061000e-03,5.506756879e-03,5.461567879e-03,2.163041213e-04,292.479362,294.899335,294.899335,1.183679998e-04,8.905600011e-05,8.880121371e-06,row,0,-1.000000000e+00,-1.000000
cuda_warp_smem,double,local,local,16384,16384,3,1,1,1,17,1.519999999e-07,5.641497000e-03,4.700100000e-05,5.688650000e-03,5.475601200e-03,5.428448200e-03,2.130487998e-04,294.143543,296.698555,296.698555,1.201279983e-04,8.441600204e-05,8.504799447e-06,row,0,-1.000000000e+00,-1.000000
cuda_warp_smem,double,local,local,16384,16384,3,1,1,1,18,1.349999998e-07,5.651203000e-03,4.449400000e-05,5.695832000e-03,5.481460951e-03,5.436831951e-03,2.143710489e-04,293.829100,296.241037,296.241037,1.180799976e-04,8.761599660e-05,8.675054661e-06,row,0,-1.000000000e+00,-1.000000
cuda_warp_smem,double,local,local,16384,16384,3,1,1,1,19,1.120000002e-07,5.631162000e-03,4.388700000e-05,5.675161000e-03,5.464799209e-03,5.420800209e-03,2.103617910e-04,294.724961,297.117155,297.117155,1.178560033e-04,8.240000159e-05,1.010578602e-05,row,0,-1.000000000e+00,-1.000000
cuda_warp_smem,double,local,local,16384,16384,3,1,1,1,20,1.230000000e-07,5.665505000e-03,4.428200000e-05,5.709910000e-03,5.501332776e-03,5.456927776e-03,2.085772237e-04,292.767735,295.150092,295.150092,1.180479974e-04,8.118399978e-05,9.345226531e-06,row,0,-1.000000000e+00,-1.000000
cuda_warp_smem,double,local,local,16384,16384,6,1,1,1,1,2.330000000e-07,1.025571100e-02,9.901900000e-05,1.035496300e-02,9.895156160e-03,9.795904160e-03,4.598068405e-04,325.535587,328.833911,328.833911,2.529599965e-04,1.955199987e-04,1.132684532e-05,row,0,-1.000000000e+00,-1.000000
cuda_warp_smem,double,local,local,16384,16384,6,1,1,1,2,1.519999999e-07,1.021373000e-02,9.153500000e-05,1.030541700e-02,9.877127445e-03,9.785440445e-03,4.282895551e-04,326.129787,329.185537,329.185537,2.325440049e-04,1.854400039e-04,1.030554626e-05,row,0,-1.000000000e+00,-1.000000
cuda_warp_smem,double,local,local,16384,16384,6,1,1,1,3,2.260000000e-07,1.014923400e-02,9.108500000e-05,1.024054500e-02,9.818191074e-03,9.726880074e-03,4.223539265e-04,328.087470,331.167388,331.167388,2.313919961e-04,1.812800020e-04,9.681928309e-06,row,0,-1.000000000e+00,-1.000000
cuda_warp_smem,double,local,local,16384,16384,6,1,1,1,4,1.490000001e-07,1.014511500e-02,1.105490000e-04,1.025581300e-02,9.831914202e-03,9.721216202e-03,4.238987982e-04,327.629534,331.360337,331.360337,2.321600020e-04,1.812800020e-04,1.045879423e-05,row,0,-1.000000000e+00,-1.000000
cuda_warp_smem,double,local,local,16384,16384,6,1,1,1,5,1.450000000e-07,1.014286500e-02,8.987600000e-05,1.023288600e-02,9.809733257e-03,9.719712257e-03,4.231527426e-04,328.370343,331.411608,331.411608,2.336000055e-04,1.786559969e-04,1.089674019e-05,row,0,-1.000000000e+00,-1.000000
cuda_warp_smem,double,local,local,16384,16384,6,1,1,1,6,1.240000000e-07,1.014074700e-02,9.225600000e-05,1.023312700e-02,9.813275767e-03,9.720895767e-03,4.198512328e-04,328.251804,331.371259,331.371259,2.328000069e-04,1.778240055e-04,9.227220437e-06,row,0,-1.000000000e+00,-1.000000
cuda_warp_smem,double,local,local,16384,16384,6,1,1,1,7,1.869999999e-07,1.014204700e-02,8.871500000e-05,1.023094900e-02,9.808517936e-03,9.719615936e-03,4.224310637e-04,328.411029,331.414893,331.414893,2.329279929e-04,1.788479984e-04,1.065507240e-05,row,0,-1.000000000e+00,-1.000000
cuda_warp_smem,double,local,local,16384,16384,6,1,1,1,8,1.319999998e-07,1.014121800e-02,9.152000000e-05,1.023287000e-02,9.812804306e-03,9.721152306e-03,4.200656944e-04,328.267575,331.362515,331.362515,2.312639952e-04,1.796479970e-04,9.153702205e-06,row,0,-1.000000000e+00,-1.000000
cuda_warp_smem,double,local,local,16384,16384,6,1,1,1,9,1.600000001e-07,1.013971200e-02,1.011210000e-04,1.024099300e-02,9.818496538e-03,9.717215538e-03,4.224964620e-04,328.077263,331.496761,331.496761,2.347840071e-04,1.772480011e-04,1.046445380e-05,row,0,-1.000000000e+00,-1.000000
cuda_warp_smem,double,local,local,16384,16384,6,1,1,1,10,1.310000000e-07,1.013535400e-02,9.191500000e-05,1.022740000e-02,9.811694361e-03,9.719648361e-03,4.157056388e-04,328.304710,331.413787,331.413787,2.311359942e-04,1.743039936e-04,1.026565102e-05,row,0,-1.000000000e+00,-1.000000
cuda_warp_smem,double,local,local,16384,16384,6,1,1,1,11,1.290000000e-07,1.013683500e-02,9.285700000e-05,1.022982100e-02,9.816409958e-03,9.723423958e-03,4.134110422e-04,328.146999,331.285099,331.285099,2.335039973e-04,1.696960032e-04,1.021104165e-05,row,0,-1.000000000e+00,-1.000000
cuda_warp_smem,double,local,local,16384,16384,6,1,1,1,12,1.450000000e-07,9.819723000e-03,9.388800000e-05,9.913756000e-03,9.501136539e-03,9.407103539e-03,4.126194615e-04,339.035805,342.424792,342.424792,2.318720073e-04,1.708479971e-04,9.899457167e-06,row,0,-1.000000000e+00,-1.000000
cuda_warp_smem,double,local,local,16384,16384,6,1,1,1,13,1.549999999e-07,9.735872000e-03,9.135200000e-05,9.827379000e-03,9.414067310e-03,9.322560310e-03,4.133116896e-04,342.171494,345.530130,345.530130,2.324160039e-04,1.722240001e-04,8.671685597e-06,row,0,-1.000000000e+00,-1.000000
cuda_warp_smem,double,local,local,16384,16384,6,1,1,1,14,1.319999998e-07,9.738390000e-03,9.300500000e-05,9.831527000e-03,9.413329337e-03,9.320192337e-03,4.181976630e-04,342.198319,345.617918,345.617918,2.315199971e-04,1.767680049e-04,9.909660950e-06,row,0,-1.000000000e+00,-1.000000
cuda_warp_smem,double,local,local,16384,16384,6,1,1,1,15,1.160000000e-07,9.732670000e-03,1.078280000e-04,9.840614000e-03,9.425863731e-03,9.317919731e-03,4.147502689e-04,341.743268,345.702213,345.702213,2.323520035e-04,1.727360040e-04,9.662261410e-06,row,0,-1.000000000e+00,-1.000000
cuda_warp_smem,double,local,local,16384,16384,6,1,1,1,16,1.610000000e-07,9.755168000e-03,9.014500000e-05,9.845474000e-03,9.413346009e-03,9.323040009e-03,4.321279915e-04,342.197713,345.512351,345.512351,2.425920069e-04,1.802240014e-04,9.311983126e-06,row,0,-1.000000000e+00,-1.000000
cuda_warp_smem,double,local,local,16384,16384,6,1,1,1,17,1.990000000e-07,9.745000000e-03,9.014500000e-05,9.835344000e-03,9.412904310e-03,9.322560310e-03,4.224396896e-04,342.213770,345.530130,345.530130,2.366400063e-04,1.753599942e-04,1.043968916e-05,row,0,-1.000000000e+00,-1.000000
cuda_warp_smem,double,local,local,16384,16384,6,1,1,1,18,1.519999999e-07,9.725306000e-03,9.050400000e-05,9.815962000e-03,9.405759531e-03,9.315103531e-03,4.102024691e-04,342.473722,345.806728,345.806728,2.308160067e-04,1.695040017e-04,9.882460719e-06,row,0,-1.000000000e+00,-1.000000
cuda_warp_smem,double,local,local,16384,16384,6,1,1,1,19,1.629999999e-07,9.727068000e-03,9.202900000e-05,9.819260000e-03,9.409632033e-03,9.317440033e-03,4.096279670e-04,342.332778,345.720011,345.720011,2.303359956e-04,1.688320041e-04,1.045996742e-05,row,0,-1.000000000e+00,-1.000000
cuda_warp_smem,double,local,local,16384,16384,6,1,1,1,20,1.400000000e-07,9.734195000e-03,9.020500000e-05,9.824540000e-03,9.412424659e-03,9.322079659e-03,4.121153415e-04,342.231209,345.547945,345.547945,2.292799950e-04,1.734720021e-04,9.363344379e-06,row,0,-1.000000000e+00,-1.000000
cuda_warp_smem,double,local,local,16384,16384,8,1,1,1,1,2.290000001e-07,1.297855600e-02,1.204870000e-04,1.309927200e-02,1.254231634e-02,1.242160034e-02,5.569556582e-04,342.438125,345.766019,345.766019,3.064000010e-04,2.395199984e-04,1.103565872e-05,row,0,-1.000000000e+00,-1.000000
cuda_warp_smem,double,local,local,16384,16384,8,1,1,1,2,2.160000001e-07,1.300928200e-02,1.239910000e-04,1.313348900e-02,1.254711864e-02,1.242291164e-02,5.863703560e-04,342.307060,345.729521,345.729521,3.215360045e-04,2.550399899e-04,9.794361527e-06,row,0,-1.000000000e+00,-1.000000
cuda_warp_smem,double,local,local,16384,16384,8,1,1,1,3,5.729999999e-07,1.297269400e-02,1.193840000e-04,1.309265100e-02,1.253646854e-02,1.241651154e-02,5.561824644e-04,342.597860,345.907728,345.907728,3.096320033e-04,2.354239970e-04,1.112646400e-05,row,0,-1.000000000e+00,-1.000000
cuda_warp_smem,double,local,local,16384,16384,8,1,1,1,4,2.479999999e-07,1.295426900e-02,1.254470000e-04,1.307996400e-02,1.253126312e-02,1.240556812e-02,5.487008771e-04,342.740173,346.212866,346.212866,3.087039888e-04,2.287359983e-04,1.126089007e-05,row,0,-1.000000000e+00,-1.000000
cuda_warp_smem,double,local,local,16384,16384,8,1,1,1,5,2.040000000e-07,1.292150400e-02,1.193360000e-04,1.304104400e-02,1.249541166e-02,1.237587166e-02,5.456323417e-04,343.723553,347.043620,347.043620,3.116480112e-04,2.235520035e-04,1.043232696e-05,row,0,-1.000000000e+00,-1.000000
cuda_warp_smem,double,local,local,16384,16384,8,1,1,1,6,1.960000000e-07,1.291688900e-02,1.216350000e-04,1.303872000e-02,1.250362307e-02,1.238179207e-02,5.350969315e-04,343.497822,346.877679,346.877679,3.073920012e-04,2.181760073e-04,9.528923096e-06,row,0,-1.000000000e+00,-1.000000
cuda_warp_smem,double,local,local,16384,16384,8,1,1,1,7,2.350000001e-07,1.291872600e-02,1.203140000e-04,1.303927500e-02,1.250246886e-02,1.238191986e-02,5.368061392e-04,343.529534,346.874099,346.874099,3.052800000e-04,2.213760018e-04,1.015013735e-05,row,0,-1.000000000e+00,-1.000000
cuda_warp_smem,double,local,local,16384,16384,8,1,1,1,8,1.960000000e-07,1.291781300e-02,1.253280000e-04,1.304333700e-02,1.250805231e-02,1.238252831e-02,5.352846949e-04,343.376186,346.857055,346.857055,3.073599935e-04,2.186560035e-04,9.268698013e-06,row,0,-1.000000000e+00,-1.000000
cuda_warp_smem,double,local,local,16384,16384,8,1,1,1,9,2.170000000e-07,1.291221600e-02,1.244550000e-04,1.303688800e-02,1.250486380e-02,1.238019180e-02,5.320241970e-04,343.463740,346.922517,346.922517,3.069440126e-04,2.152000070e-04,9.880177418e-06,row,0,-1.000000000e+00,-1.000000
cuda_warp_smem,double,local,local,16384,16384,8,1,1,1,10,1.930000002e-07,1.291636400e-02,1.239160000e-04,1.304047300e-02,1.250590107e-02,1.238179207e-02,5.345719315e-04,343.435253,346.877679,346.877679,3.096320033e-04,2.156160027e-04,9.323925532e-06,row,0,-1.000000000e+00,-1.000000
cuda_warp_smem,double,local,local,16384,16384,8,1,1,1,11,1.860000001e-07,1.290663200e-02,1.222700000e-04,1.302908800e-02,1.250354426e-02,1.238108826e-02,5.255437432e-04,343.499988,346.897398,346.897398,3.034560084e-04,2.115519941e-04,1.053574064e-05,row,0,-1.000000000e+00,-1.000000
cuda_warp_smem,double,local,local,16384,16384,8,1,1,1,12,1.980000000e-07,1.290649900e-02,1.240660000e-04,1.303076300e-02,1.249610352e-02,1.237183952e-02,5.346594767e-04,343.704523,347.156725,347.156725,3.083199859e-04,2.153600007e-04,1.097949009e-05,row,0,-1.000000000e+00,-1.000000
cuda_warp_smem,double,local,local,16384,16384,8,1,1,1,13,1.290000000e-07,1.289211800e-02,1.230130000e-04,1.301526000e-02,1.249107813e-02,1.236793613e-02,5.241818657e-04,343.842801,347.266290,347.266290,3.041279912e-04,2.095039934e-04,1.054988107e-05,row,0,-1.000000000e+00,-1.000000
cuda_warp_smem,double,local,local,16384,16384,8,1,1,1,14,1.439999999e-07,1.289323000e-02,1.194130000e-04,1.301278700e-02,1.248682079e-02,1.236726379e-02,5.259662061e-04,343.960033,347.285169,347.285169,3.081279993e-04,2.076160014e-04,1.022220538e-05,row,0,-1.000000000e+00,-1.000000
cuda_warp_smem,double,local,local,16384,16384,8,1,1,1,15,1.270000001e-07,1.288893600e-02,1.205800000e-04,1.300964300e-02,1.248393866e-02,1.236323166e-02,5.257043411e-04,344.039442,347.398432,347.398432,3.080320060e-04,2.069759965e-04,1.069633854e-05,row,0,-1.000000000e+00,-1.000000
cuda_warp_smem,double,local,local,16384,16384,8,1,1,1,16,1.619999999e-07,1.289978000e-02,1.244550000e-04,1.302439700e-02,1.249495258e-02,1.237033558e-02,5.294444211e-04,343.736182,347.198932,347.198932,3.097279966e-04,2.092159986e-04,1.050042584e-05,row,0,-1.000000000e+00,-1.000000
cuda_warp_smem,double,local,local,16384,16384,8,1,1,1,17,1.329999999e-07,1.289236800e-02,1.216590000e-04,1.301416000e-02,1.249049584e-02,1.236870384e-02,5.236641578e-04,343.858831,347.244736,347.244736,3.074240088e-04,2.056639940e-04,1.057615504e-05,row,0,-1.000000000e+00,-1.000000
cuda_warp_smem,double,local,local,16384,16384,8,1,1,1,18,1.510000001e-07,1.290074000e-02,1.231140000e-04,1.302400500e-02,1.249280140e-02,1.236953640e-02,5.312036002e-04,343.795371,347.221364,347.221364,3.111679852e-04,2.105599940e-04,9.475620975e-06,row,0,-1.000000000e+00,-1.000000
cuda_warp_smem,double,local,local,16384,16384,8,1,1,1,19,1.620000001e-07,1.290163400e-02,1.197020000e-04,1.302149800e-02,1.248968841e-02,1.236982441e-02,5.318095905e-04,343.881061,347.213279,347.213279,3.117119968e-04,2.089280039e-04,1.116958981e-05,row,0,-1.000000000e+00,-1.000000
cuda_warp_smem,double,local,local,16384,16384,8,1,1,1,20,1.420000000e-07,1.289211500e-02,1.249870000e-04,1.301724400e-02,1.249111296e-02,1.236598396e-02,5.261310370e-04,343.841842,347.321112,347.321112,3.120320141e-04,2.042240053e-04,9.875017514e-06,row,0,-1.000000000e+00,-1.000000
cuda_warp_smem,double,local,local,16384,16384,20,1,1,1,1,1.549999999e-07,3.264529300e-02,3.031650000e-04,3.294861300e-02,3.184955985e-02,3.154623985e-02,1.099053147e-03,337.129250,340.370779,340.370779,6.177600026e-04,4.696640074e-04,1.162913706e-05,row,0,-1.000000000e+00,-1.000000
cuda_warp_smem,double,local,local,16384,16384,20,1,1,1,2,1.250000001e-07,3.218199600e-02,3.043020000e-04,3.248642300e-02,3.140058789e-02,3.109616089e-02,1.085835111e-03,341.949593,345.297231,345.297231,6.143360138e-04,4.598399997e-04,1.165909786e-05,row,0,-1.000000000e+00,-1.000000
cuda_warp_smem,double,local,local,16384,16384,20,1,1,1,3,1.039999999e-07,3.216518600e-02,3.005590000e-04,3.246584900e-02,3.139234353e-02,3.109168053e-02,1.073505473e-03,342.039397,345.346989,345.346989,5.921279788e-04,4.712640047e-04,1.011348976e-05,row,0,-1.000000000e+00,-1.000000
cuda_warp_smem,double,local,local,16384,16384,20,1,1,1,4,1.440000001e-07,3.210555100e-02,3.082400000e-04,3.241393500e-02,3.135545546e-02,3.104707146e-02,1.058479543e-03,342.441788,345.843190,345.843190,5.990399718e-04,4.476799965e-04,1.175957477e-05,row,0,-1.000000000e+00,-1.000000
cuda_warp_smem,double,local,local,16384,16384,20,1,1,1,5,1.430000001e-07,3.201960200e-02,2.980000000e-04,3.231774500e-02,3.124777564e-02,3.094963264e-02,1.069969355e-03,343.621842,346.932009,346.932009,5.996479988e-04,4.594559968e-04,1.086535978e-05,row,0,-1.000000000e+00,-1.000000
cuda_warp_smem,double,local,local,16384,16384,20,1,1,1,6,1.430000001e-07,3.205942600e-02,3.034790000e-04,3.236304800e-02,3.130170130e-02,3.099807930e-02,1.061346700e-03,343.029861,346.389792,346.389792,5.945280194e-04,4.550719857e-04,1.174669492e-05,row,0,-1.000000000e+00,-1.000000
cuda_warp_smem,double,local,local,16384,16384,20,1,1,1,7,1.640000000e-07,3.204711800e-02,3.030200000e-04,3.235030200e-02,3.127585551e-02,3.097267151e-02,1.074446491e-03,343.313334,346.673946,346.673946,5.983999968e-04,4.656319916e-04,1.041450283e-05,row,0,-1.000000000e+00,-1.000000
cuda_warp_smem,double,local,local,16384,16384,20,1,1,1,8,1.340000000e-07,3.285545300e-02,3.113010000e-04,3.316688800e-02,3.127825095e-02,3.096681595e-02,1.888637052e-03,343.287042,346.739499,346.739499,5.962880254e-04,1.279871941e-03,1.247708552e-05,row,0,-1.000000000e+00,-1.000000
cuda_warp_smem,double,local,local,16384,16384,20,1,1,1,9,1.560000000e-07,3.203709300e-02,3.009900000e-04,3.233823900e-02,3.127285811e-02,3.097171211e-02,1.065380888e-03,343.346240,346.684684,346.684684,6.114879847e-04,4.419519901e-04,1.194091279e-05,row,0,-1.000000000e+00,-1.000000
cuda_warp_smem,double,local,local,16384,16384,20,1,1,1,10,8.600000001e-08,3.201318300e-02,3.019750000e-04,3.231524400e-02,3.127284423e-02,3.097078323e-02,1.042399766e-03,343.346392,346.695082,346.695082,5.937600136e-04,4.369919896e-04,1.164776316e-05,row,0,-1.000000000e+00,-1.000000
cuda_warp_smem,double,local,local,16384,16384,20,1,1,1,11,1.000000003e-07,3.200492800e-02,3.247530000e-04,3.232978100e-02,3.128789240e-02,3.096303940e-02,1.041888602e-03,343.181257,346.781790,346.781790,5.946879983e-04,4.371199906e-04,1.008061292e-05,row,0,-1.000000000e+00,-1.000000
cuda_warp_smem,double,local,local,16384,16384,20,1,1,1,12,9.299999970e-08,3.203598600e-02,3.280360000e-04,3.236411500e-02,3.129305667e-02,3.096492767e-02,1.071058327e-03,343.124622,346.760643,346.760643,5.934720039e-04,4.665600061e-04,1.102631658e-05,row,0,-1.000000000e+00,-1.000000
cuda_warp_smem,double,local,local,16384,16384,20,1,1,1,13,8.500000037e-08,3.202732800e-02,3.019220000e-04,3.232933500e-02,3.123960618e-02,3.093759918e-02,1.089728818e-03,343.711703,347.066952,347.066952,5.955520272e-04,4.832639992e-04,1.091279142e-05,row,0,-1.000000000e+00,-1.000000
cuda_warp_smem,double,local,local,16384,16384,20,1,1,1,14,1.430000003e-07,3.200955300e-02,3.122510000e-04,3.232194700e-02,3.126884160e-02,3.095644760e-02,1.053105399e-03,343.390343,346.855633,346.855633,5.945280194e-04,4.484159946e-04,1.016138461e-05,row,0,-1.000000000e+00,-1.000000
cuda_warp_smem,double,local,local,16384,16384,20,1,1,1,15,1.009999999e-07,3.202305600e-02,3.036920000e-04,3.232684900e-02,3.127579312e-02,3.097200012e-02,1.051055878e-03,343.314019,346.681461,346.681461,5.859519839e-04,4.541119933e-04,1.099190069e-05,row,0,-1.000000000e+00,-1.000000
cuda_warp_smem,double,local,local,16384,16384,20,1,1,1,16,1.059999999e-07,3.197987300e-02,3.028800000e-04,3.228285900e-02,3.124241051e-02,3.093942451e-02,1.040448485e-03,343.680851,347.046476,347.046476,5.930240154e-04,4.373759925e-04,1.004847727e-05,row,0,-1.000000000e+00,-1.000000
cuda_warp_smem,double,local,local,16384,16384,20,1,1,1,17,1.169999999e-07,3.198238900e-02,3.155940000e-04,3.229810000e-02,3.124937532e-02,3.093366432e-02,1.048724678e-03,343.604252,347.111100,347.111100,5.909439921e-04,4.448960125e-04,1.288467342e-05,row,0,-1.000000000e+00,-1.000000
cuda_warp_smem,double,local,local,16384,16384,20,1,1,1,18,9.099999998e-08,3.215357100e-02,3.035610000e-04,3.245722300e-02,3.128003521e-02,3.097638321e-02,1.177187791e-03,343.267460,346.632406,346.632406,7.152000070e-04,4.515520036e-04,1.043578019e-05,row,0,-1.000000000e+00,-1.000000
cuda_warp_smem,double,local,local,16384,16384,20,1,1,1,19,1.539999999e-07,3.202018000e-02,3.038050000e-04,3.232413900e-02,3.126543056e-02,3.096147156e-02,1.058708442e-03,343.427807,346.799351,346.799351,5.993279815e-04,4.476479888e-04,1.173247211e-05,row,0,-1.000000000e+00,-1.000000
cuda_warp_smem,double,local,local,16384,16384,20,1,1,1,20,8.600000001e-08,3.203609000e-02,3.049010000e-04,3.234107700e-02,3.127346616e-02,3.096847916e-02,1.067610844e-03,343.339564,346.720877,346.720877,6.134399772e-04,4.431039989e-04,1.106686744e-05,row,0,-1.000000000e+00,-1.000000
cuda_warp_smem,double,local,local,16384,16384,32,1,1,1,1,2.619999999e-07,5.266311500e-02,5.105020000e-04,5.317387900e-02,5.132791412e-02,5.081715012e-02,1.845964884e-03,334.708111,338.072268,338.072268,9.799680114e-04,8.525760174e-04,1.342085527e-05,row,0,-1.000000000e+00,-1.000000
cuda_warp_smem,double,local,local,16384,16384,32,1,1,1,2,3.580000001e-07,5.264771500e-02,5.071110000e-04,5.315518400e-02,5.129642850e-02,5.078895950e-02,1.858755497e-03,334.913554,338.259916,338.259916,9.666240215e-04,8.789759874e-04,1.315548786e-05,row,0,-1.000000000e+00,-1.000000
cuda_warp_smem,double,local,local,16384,16384,32,1,1,1,3,3.730000000e-07,5.258911100e-02,5.050870000e-04,5.309457100e-02,5.127291605e-02,5.076745605e-02,1.821654945e-03,335.067137,338.403192,338.403192,9.663680196e-04,8.431360126e-04,1.215091318e-05,row,0,-1.000000000e+00,-1.000000
cuda_warp_smem,double,local,local,16384,16384,32,1,1,1,4,3.159999999e-07,5.260183100e-02,4.916690000e-04,5.309381600e-02,5.125096098e-02,5.075897598e-02,1.842855017e-03,335.210674,338.459728,338.459728,9.848319888e-04,8.464000225e-04,1.162300602e-05,row,0,-1.000000000e+00,-1.000000
cuda_warp_smem,double,local,local,16384,16384,32,1,1,1,5,2.019999998e-07,5.258921700e-02,5.625190000e-04,5.315193800e-02,5.132336019e-02,5.076063919e-02,1.828577809e-03,334.737810,338.448638,338.448638,9.668480158e-04,8.499519825e-04,1.177781104e-05,row,0,-1.000000000e+00,-1.000000
cuda_warp_smem,double,local,local,16384,16384,32,1,1,1,6,2.850000000e-07,5.262360800e-02,5.102550000e-04,5.313414800e-02,5.128398131e-02,5.077344131e-02,1.850166685e-03,334.994841,338.363301,338.363301,9.757440090e-04,8.626880050e-04,1.173467131e-05,row,0,-1.000000000e+00,-1.000000
cuda_warp_smem,double,local,local,16384,16384,32,1,1,1,7,1.950000001e-07,5.263856100e-02,4.879320000e-04,5.312668800e-02,5.127295900e-02,5.078483200e-02,1.853728999e-03,335.066856,338.287408,338.287408,9.570239782e-04,8.841919899e-04,1.251303114e-05,row,0,-1.000000000e+00,-1.000000
cuda_warp_smem,double,local,local,16384,16384,32,1,1,1,8,2.860000001e-07,5.259860800e-02,5.027350000e-04,5.310162900e-02,5.126510215e-02,5.076208115e-02,1.836526854e-03,335.118208,338.439024,338.439024,9.545279741e-04,8.688319921e-04,1.316688748e-05,row,0,-1.000000000e+00,-1.000000
cuda_warp_smem,double,local,local,16384,16384,32,1,1,1,9,1.880000000e-07,5.342755500e-02,1.468829000e-03,5.489657200e-02,5.223228070e-02,5.076326370e-02,2.664291298e-03,328.912867,338.431140,338.431140,9.702399969e-04,1.679167986e-03,1.488331478e-05,row,0,-1.000000000e+00,-1.000000
cuda_warp_smem,double,local,local,16384,16384,32,1,1,1,10,1.780000001e-07,5.305115300e-02,5.106520000e-04,5.356198300e-02,5.128327949e-02,5.077244949e-02,2.278703507e-03,334.999426,338.369910,338.369910,1.409824014e-03,8.558719754e-04,1.300751746e-05,row,0,-1.000000000e+00,-1.000000
cuda_warp_smem,double,local,local,16384,16384,32,1,1,1,11,2.460000004e-07,5.261616000e-02,5.078780000e-04,5.312428400e-02,5.127874625e-02,5.077062225e-02,1.845537747e-03,335.029041,338.382088,338.382088,9.575999975e-04,8.736960292e-04,1.424171988e-05,row,0,-1.000000000e+00,-1.000000
cuda_warp_smem,double,local,local,16384,16384,32,1,1,1,12,1.967000000e-06,5.261559500e-02,4.925780000e-04,5.311014000e-02,5.126040270e-02,5.076585770e-02,1.849737303e-03,335.148931,338.413847,338.413847,9.756479859e-04,8.619199991e-04,1.216931841e-05,row,0,-1.000000000e+00,-1.000000
cuda_warp_smem,double,local,local,16384,16384,32,1,1,1,13,2.549999998e-07,5.259523800e-02,4.949990000e-04,5.309049200e-02,5.125835749e-02,5.076310349e-02,1.832134515e-03,335.162304,338.432208,338.432208,9.716160297e-04,8.483520150e-04,1.216647013e-05,row,0,-1.000000000e+00,-1.000000
cuda_warp_smem,double,local,local,16384,16384,32,1,1,1,14,2.660000002e-07,5.260724100e-02,4.878060000e-04,5.309531300e-02,5.125447138e-02,5.076639938e-02,1.840841616e-03,335.187716,338.410236,338.410236,9.715520144e-04,8.579840064e-04,1.130559570e-05,row,0,-1.000000000e+00,-1.000000
cuda_warp_smem,double,local,local,16384,16384,32,1,1,1,15,2.500000003e-07,5.260585900e-02,4.995500000e-04,5.310565900e-02,5.126840809e-02,5.076860809e-02,1.837250907e-03,335.096599,338.395513,338.395513,9.691519737e-04,8.557760119e-04,1.232292107e-05,row,0,-1.000000000e+00,-1.000000
cuda_warp_smem,double,local,local,16384,16384,32,1,1,1,16,6.020000001e-07,5.262739100e-02,4.946130000e-04,5.312260600e-02,5.127822358e-02,5.078300858e-02,1.844382425e-03,335.032456,338.299555,338.299555,9.984959960e-04,8.343999982e-04,1.148643037e-05,row,0,-1.000000000e+00,-1.000000
cuda_warp_smem,double,local,local,16384,16384,32,1,1,1,17,2.029999999e-07,5.259942200e-02,5.001390000e-04,5.309976400e-02,5.127192556e-02,5.077158356e-02,1.827838443e-03,335.073610,338.375681,338.375681,9.652159810e-04,8.511040211e-04,1.151844079e-05,row,0,-1.000000000e+00,-1.000000
cuda_warp_smem,double,local,local,16384,16384,32,1,1,1,18,2.010000002e-07,5.259909400e-02,5.006300000e-04,5.309992500e-02,5.127171265e-02,5.077088165e-02,1.828212347e-03,335.075001,338.380359,338.380359,9.626880288e-04,8.533759713e-04,1.214834704e-05,row,0,-1.000000000e+00,-1.000000
cuda_warp_smem,double,local,local,16384,16384,32,1,1,1,19,2.180000003e-07,5.261651200e-02,5.143810000e-04,5.313111100e-02,5.129184738e-02,5.077724838e-02,1.839263617e-03,334.943467,338.337931,338.337931,9.760959744e-04,8.514879942e-04,1.167964879e-05,row,0,-1.000000000e+00,-1.000000
cuda_warp_smem,double,local,local,16384,16384,32,1,1,1,20,2.000000001e-07,5.260476900e-02,5.044670000e-04,5.310943600e-02,5.127263422e-02,5.076796722e-02,1.836801776e-03,335.068979,338.399785,338.399785,9.839680195e-04,8.402240276e-04,1.260972876e-05,row,0,-1.000000000e+00,-1.000000
cuda_warp_smem(blk384),double,local,local,16384,16384,3,1,1,1,1,9.799999989e-08,5.985779000e-03,4.381800000e-05,6.029695000e-03,5.808908237e-03,5.764992237e-03,2.207867629e-04,277.265997,279.378127,279.378127,1.199679971e-04,9.132800251e-05,9.490763322e-06,row,0,-1.000000000e+00,-1.000000
cuda_warp_smem(blk384),double,local,local,16384,16384,3,1,1,1,2,1.030000001e-07,5.981260000e-03,4.394000000e-05,6.025303000e-03,5.806411202e-03,5.762368202e-03,2.188917978e-04,277.385235,279.505349,279.505349,1.187520027e-04,9.113600105e-05,9.003794024e-06,row,0,-1.000000000e+00,-1.000000
cuda_warp_smem(blk384),double,local,local,16384,16384,3,1,1,1,3,7.899999988e-08,5.977999000e-03,4.422200000e-05,6.022300000e-03,5.802925077e-03,5.758624077e-03,2.193749232e-04,277.551875,279.687077,279.687077,1.184000000e-04,9.132800251e-05,9.646920609e-06,row,0,-1.000000000e+00,-1.000000
cuda_warp_smem(blk384),double,local,local,16384,16384,3,1,1,1,4,9.900000020e-08,5.992372000e-03,4.383300000e-05,6.036304000e-03,5.815931836e-03,5.771999836e-03,2.203721640e-04,276.931158,279.038943,279.038943,1.177920029e-04,9.183999896e-05,1.074016221e-05,row,0,-1.000000000e+00,-1.000000
cuda_warp_smem(blk384),double,local,local,16384,16384,3,1,1,1,5,1.000000001e-07,5.944697000e-03,4.344700000e-05,5.988244000e-03,5.768859233e-03,5.725312233e-03,2.193847670e-04,279.190854,281.314393,281.314393,1.200959980e-04,9.055999666e-05,8.728772316e-06,row,0,-1.000000000e+00,-1.000000
cuda_warp_smem(blk384),double,local,local,16384,16384,3,1,1,1,6,1.099999998e-07,5.649391000e-03,4.405200000e-05,5.693553000e-03,5.479265893e-03,5.435103893e-03,2.142871067e-04,293.946811,296.335225,296.335225,1.176960021e-04,8.691199869e-05,9.679105905e-06,row,0,-1.000000000e+00,-1.000000
cuda_warp_smem(blk384),double,local,local,16384,16384,3,1,1,1,7,9.499999987e-08,5.650350000e-03,4.408300000e-05,5.694528000e-03,5.474194041e-03,5.430016041e-03,2.203339592e-04,294.219153,296.612887,296.612887,1.185280010e-04,9.247999638e-05,9.325961805e-06,row,0,-1.000000000e+00,-1.000000
cuda_warp_smem(blk384),double,local,local,16384,16384,3,1,1,1,8,8.299999998e-08,5.636863000e-03,4.338900000e-05,5.680335000e-03,5.468623825e-03,5.425151825e-03,2.117111750e-04,294.518838,296.878832,296.878832,1.181759983e-04,8.403199911e-05,9.503177608e-06,row,0,-1.000000000e+00,-1.000000
cuda_warp_smem(blk384),double,local,local,16384,16384,3,1,1,1,9,9.800000011e-08,5.642272000e-03,4.404300000e-05,5.686413000e-03,5.467309182e-03,5.423168182e-03,2.191038176e-04,294.589657,296.987422,296.987422,1.182079986e-04,9.254399687e-05,8.351822183e-06,row,0,-1.000000000e+00,-1.000000
cuda_warp_smem(blk384),double,local,local,16384,16384,3,1,1,1,10,9.999999984e-08,5.653286000e-03,4.376200000e-05,5.697148000e-03,5.481782094e-03,5.437920094e-03,2.153659065e-04,293.811886,296.181759,296.181759,1.186560020e-04,8.752000332e-05,9.189901160e-06,row,0,-1.000000000e+00,-1.000000
cuda_warp_smem(blk384),double,local,local,16384,16384,3,1,1,1,11,1.009999999e-07,5.648334000e-03,4.326800000e-05,5.691703000e-03,5.478953068e-03,5.435584068e-03,2.127499317e-04,293.963594,296.309047,296.309047,1.184000000e-04,8.560000360e-05,8.749928066e-06,row,0,-1.000000000e+00,-1.000000
cuda_warp_smem(blk384),double,local,local,16384,16384,3,1,1,1,12,1.040000002e-07,5.652965000e-03,4.368000000e-05,5.696749000e-03,5.483432151e-03,5.439648151e-03,2.133168486e-04,293.723473,296.087668,296.087668,1.192639992e-04,8.502399921e-05,9.028850224e-06,row,0,-1.000000000e+00,-1.000000
cuda_warp_smem(blk384),double,local,local,16384,16384,3,1,1,1,13,8.100000004e-08,5.663656000e-03,4.459900000e-05,5.708336000e-03,5.485832096e-03,5.441152096e-03,2.225039042e-04,293.594975,296.005829,296.005829,1.192319989e-04,9.328000247e-05,9.991902810e-06,row,0,-1.000000000e+00,-1.000000
cuda_warp_smem(blk384),double,local,local,16384,16384,3,1,1,1,14,2.029999999e-07,5.648151000e-03,4.417000000e-05,5.692524000e-03,5.473237002e-03,5.428864002e-03,2.192869978e-04,294.270600,296.675830,296.675830,1.245120019e-04,8.489599824e-05,9.878997661e-06,row,0,-1.000000000e+00,-1.000000
cuda_warp_smem(blk384),double,local,local,16384,16384,3,1,1,1,15,1.059999999e-07,5.652169000e-03,4.398700000e-05,5.696262000e-03,5.479677068e-03,5.435584068e-03,2.165849317e-04,293.924754,296.309047,296.309047,1.200319976e-04,8.665599674e-05,9.896937400e-06,row,0,-1.000000000e+00,-1.000000
cuda_warp_smem(blk384),double,local,local,16384,16384,3,1,1,1,16,8.600000001e-08,5.662924000e-03,6.340600000e-05,5.726416000e-03,5.509604156e-03,5.446112156e-03,2.168118441e-04,292.328213,295.736241,295.736241,1.189759970e-04,8.816000074e-05,9.675846373e-06,row,0,-1.000000000e+00,-1.000000
cuda_warp_smem(blk384),double,local,local,16384,16384,3,1,1,1,17,1.259999998e-07,5.632409000e-03,4.512400000e-05,5.677659000e-03,5.463873924e-03,5.418623924e-03,2.137850757e-04,294.774872,297.236486,297.236486,1.199999973e-04,8.479999751e-05,8.985080918e-06,row,0,-1.000000000e+00,-1.000000
cuda_warp_smem(blk384),double,local,local,16384,16384,3,1,1,1,18,1.070000000e-07,5.644921000e-03,4.368400000e-05,5.688712000e-03,5.473614875e-03,5.429823875e-03,2.150971246e-04,294.250285,296.623385,296.623385,1.192319989e-04,8.607999980e-05,9.785125848e-06,row,0,-1.000000000e+00,-1.000000
cuda_warp_smem(blk384),double,local,local,16384,16384,3,1,1,1,19,1.089999999e-07,5.648416000e-03,4.273000000e-05,5.691255000e-03,5.476470897e-03,5.433631897e-03,2.147841030e-04,294.096831,296.415504,296.415504,1.197440028e-04,8.495999873e-05,1.008010148e-05,row,0,-1.000000000e+00,-1.000000
cuda_warp_smem(blk384),double,local,local,16384,16384,3,1,1,1,20,8.299999998e-08,5.627914000e-03,4.334600000e-05,5.671343000e-03,5.457380874e-03,5.413951874e-03,2.139621262e-04,295.125587,297.492991,297.492991,1.197760031e-04,8.511999995e-05,9.066123213e-06,row,0,-1.000000000e+00,-1.000000
cuda_warp_smem(blk384),double,local,local,16384,16384,6,1,1,1,1,2.300000002e-07,1.049998200e-02,8.832400000e-05,1.058853600e-02,1.016529045e-02,1.007673645e-02,4.232455498e-04,316.884745,319.669517,319.669517,2.352000028e-04,1.776960045e-04,1.034954251e-05,row,0,-1.000000000e+00,-1.000000
cuda_warp_smem(blk384),double,local,local,16384,16384,6,1,1,1,2,2.139999999e-07,1.048615800e-02,9.085800000e-05,1.057723000e-02,1.015561572e-02,1.006454372e-02,4.216142759e-04,317.186625,320.056782,320.056782,2.345920056e-04,1.764799953e-04,1.054227508e-05,row,0,-1.000000000e+00,-1.000000
cuda_warp_smem(blk384),double,local,local,16384,16384,6,1,1,1,3,2.200000000e-07,1.049389300e-02,9.169000000e-05,1.058580300e-02,1.016938173e-02,1.007747173e-02,4.164212669e-04,316.757258,319.646193,319.646193,2.383040041e-04,1.679040045e-04,1.021325838e-05,row,0,-1.000000000e+00,-1.000000
cuda_warp_smem(blk384),double,local,local,16384,16384,6,1,1,1,4,2.300000002e-07,1.048947900e-02,9.516200000e-05,1.058487100e-02,1.017353607e-02,1.007814407e-02,4.113349265e-04,316.627911,319.624868,319.624868,2.327360064e-04,1.691199988e-04,9.478921322e-06,row,0,-1.000000000e+00,-1.000000
cuda_warp_smem(blk384),double,local,local,16384,16384,6,1,1,1,5,3.330000000e-07,1.048858600e-02,8.909900000e-05,1.057801800e-02,1.017227960e-02,1.008284760e-02,4.057384048e-04,316.667021,319.475767,319.475767,2.324479967e-04,1.630399972e-04,1.025041083e-05,row,0,-1.000000000e+00,-1.000000
cuda_warp_smem(blk384),double,local,local,16384,16384,6,1,1,1,6,2.870000000e-07,1.047849200e-02,8.748000000e-05,1.056625900e-02,1.015499913e-02,1.006723213e-02,4.112598680e-04,317.205884,319.971312,319.971312,2.328319997e-04,1.681600064e-04,1.026786198e-05,row,0,-1.000000000e+00,-1.000000
cuda_warp_smem(blk384),double,local,local,16384,16384,6,1,1,1,7,2.640000001e-07,1.044895700e-02,9.033500000e-05,1.053955600e-02,1.013731855e-02,1.004671955e-02,4.022374489e-04,317.759125,320.624603,320.624603,2.313919961e-04,1.605760008e-04,1.026945196e-05,row,0,-1.000000000e+00,-1.000000
cuda_warp_smem(blk384),double,local,local,16384,16384,6,1,1,1,8,2.479999999e-07,1.045601900e-02,8.988900000e-05,1.054615600e-02,1.013938474e-02,1.004924774e-02,4.067712583e-04,317.694372,320.543941,320.543941,2.326720059e-04,1.644800007e-04,9.619251675e-06,row,0,-1.000000000e+00,-1.000000
cuda_warp_smem(blk384),double,local,local,16384,16384,6,1,1,1,9,3.010000000e-07,1.045910100e-02,8.790300000e-05,1.054730500e-02,1.014116440e-02,1.005296040e-02,4.061406042e-04,317.638621,320.425561,320.425561,2.312639952e-04,1.659840047e-04,8.892604281e-06,row,0,-1.000000000e+00,-1.000000
cuda_warp_smem(blk384),double,local,local,16384,16384,6,1,1,1,10,2.610000001e-07,1.045884600e-02,8.966200000e-05,1.054876900e-02,1.013613138e-02,1.004620838e-02,4.126376183e-04,317.796342,320.640917,320.640917,2.379840016e-04,1.647679955e-04,9.885621234e-06,row,0,-1.000000000e+00,-1.000000
cuda_warp_smem(blk384),double,local,local,16384,16384,6,1,1,1,11,2.429999999e-07,1.046128600e-02,9.043600000e-05,1.055196500e-02,1.014216692e-02,1.005148792e-02,4.097980773e-04,317.607223,320.472501,320.472501,2.322240025e-04,1.685120016e-04,9.062073218e-06,row,0,-1.000000000e+00,-1.000000
cuda_warp_smem(blk384),double,local,local,16384,16384,6,1,1,1,12,2.500000000e-07,1.045779900e-02,8.839000000e-05,1.054643900e-02,1.013785627e-02,1.004921627e-02,4.085827296e-04,317.742271,320.544945,320.544945,2.375040054e-04,1.617279947e-04,9.350729441e-06,row,0,-1.000000000e+00,-1.000000
cuda_warp_smem(blk384),double,local,local,16384,16384,6,1,1,1,13,2.470000000e-07,1.045673200e-02,9.311100000e-05,1.055009000e-02,1.014548584e-02,1.005212784e-02,4.046041619e-04,317.503323,320.452100,320.452100,2.326399982e-04,1.625919938e-04,9.372169859e-06,row,0,-1.000000000e+00,-1.000000
cuda_warp_smem(blk384),double,local,local,16384,16384,6,1,1,1,14,2.430000001e-07,1.046339100e-02,8.920100000e-05,1.055283500e-02,1.014275630e-02,1.005331230e-02,4.100786984e-04,317.588767,320.414345,320.414345,2.325759977e-04,1.675840020e-04,9.918698636e-06,row,0,-1.000000000e+00,-1.000000
cuda_warp_smem(blk384),double,local,local,16384,16384,6,1,1,1,15,4.799999997e-07,1.045441500e-02,9.004200000e-05,1.054493700e-02,1.013410587e-02,1.004358387e-02,4.108311301e-04,317.859860,320.724705,320.724705,2.344640046e-04,1.651840061e-04,1.118311934e-05,row,0,-1.000000000e+00,-1.000000
cuda_warp_smem(blk384),double,local,local,16384,16384,6,1,1,1,16,2.539999999e-07,1.043498100e-02,9.164200000e-05,1.052687700e-02,1.012514395e-02,1.003324795e-02,4.017330523e-04,318.141203,321.055105,321.055105,2.328640074e-04,1.589439958e-04,9.925049120e-06,row,0,-1.000000000e+00,-1.000000
cuda_warp_smem(blk384),double,local,local,16384,16384,6,1,1,1,17,2.470000000e-07,1.043465000e-02,8.921800000e-05,1.052411500e-02,1.011404119e-02,1.002457619e-02,4.100738129e-04,318.490444,321.332834,321.332834,2.329919934e-04,1.664319932e-04,1.064982619e-05,row,0,-1.000000000e+00,-1.000000
cuda_warp_smem(blk384),double,local,local,16384,16384,6,1,1,1,18,4.670000000e-07,1.042037200e-02,8.787500000e-05,1.050871400e-02,1.010686998e-02,1.001852798e-02,4.018440154e-04,318.716425,321.526823,321.526823,2.333440036e-04,1.583040059e-04,1.019600596e-05,row,0,-1.000000000e+00,-1.000000
cuda_warp_smem(blk384),double,local,local,16384,16384,6,1,1,1,19,2.340000000e-07,1.043502200e-02,9.062800000e-05,1.052588400e-02,1.011918231e-02,1.002832031e-02,4.067016875e-04,318.328633,321.212862,321.212862,2.328960001e-04,1.635839939e-04,1.022169344e-05,row,0,-1.000000000e+00,-1.000000
cuda_warp_smem(blk384),double,local,local,16384,16384,6,1,1,1,20,2.500000000e-07,1.042779300e-02,8.786400000e-05,1.051590700e-02,1.011576197e-02,1.002764797e-02,4.001450279e-04,318.436266,321.234399,321.234399,2.322880030e-04,1.582079977e-04,9.649027245e-06,row,0,-1.000000000e+00,-1.000000
cuda_warp_smem(blk384),double,local,local,16384,16384,8,1,1,1,1,2.240000001e-07,1.483490700e-02,1.317840000e-04,1.496691500e-02,1.439728777e-02,1.426527977e-02,5.696272301e-04,298.317806,301.078378,301.078378,3.063040078e-04,2.530240119e-04,1.029921048e-05,row,0,-1.000000000e+00,-1.000000
cuda_warp_smem(blk384),double,local,local,16384,16384,8,1,1,1,2,3.420000001e-07,1.481289900e-02,1.195850000e-04,1.493282600e-02,1.438818319e-02,1.426825619e-02,5.446428126e-04,298.506576,301.015572,301.015572,3.056960106e-04,2.280959934e-04,1.085080857e-05,row,0,-1.000000000e+00,-1.000000
cuda_warp_smem(blk384),double,local,local,16384,16384,8,1,1,1,3,1.930000000e-07,1.481947100e-02,1.199450000e-04,1.493960900e-02,1.438656981e-02,1.426643181e-02,5.530391915e-04,298.540052,301.054065,301.054065,3.065600097e-04,2.330880016e-04,1.339118020e-05,row,0,-1.000000000e+00,-1.000000
cuda_warp_smem(blk384),double,local,local,16384,16384,8,1,1,1,4,1.770000000e-07,1.480800200e-02,1.236080000e-04,1.493178700e-02,1.438247297e-02,1.425868797e-02,5.493140270e-04,298.625091,301.217567,301.217567,3.100480139e-04,2.287359983e-04,1.053001478e-05,row,0,-1.000000000e+00,-1.000000
cuda_warp_smem(blk384),double,local,local,16384,16384,8,1,1,1,5,1.279999999e-07,1.482832100e-02,1.233630000e-04,1.495181200e-02,1.440563459e-02,1.428214359e-02,5.461774072e-04,298.144956,300.722876,300.722876,3.061439991e-04,2.298880070e-04,1.014540102e-05,row,0,-1.000000000e+00,-1.000000
cuda_warp_smem(blk384),double,local,local,16384,16384,8,1,1,1,6,1.900000000e-07,1.480728100e-02,1.209370000e-04,1.492840800e-02,1.438442313e-02,1.426329613e-02,5.439848727e-04,298.584605,301.120250,301.120250,3.075520098e-04,2.272640020e-04,9.168860894e-06,row,0,-1.000000000e+00,-1.000000
cuda_warp_smem(blk384),double,local,local,16384,16384,8,1,1,1,7,1.349999998e-07,1.480712100e-02,1.199760000e-04,1.492723200e-02,1.437604667e-02,1.425593567e-02,5.511853311e-04,298.758580,301.275721,301.275721,3.104639947e-04,2.300799936e-04,1.064134271e-05,row,0,-1.000000000e+00,-1.000000
cuda_warp_smem(blk384),double,local,local,16384,16384,8,1,1,1,8,1.900000000e-07,1.479063600e-02,1.236230000e-04,1.491444900e-02,1.436477312e-02,1.424096012e-02,5.496758788e-04,298.993048,301.592537,301.592537,3.112640083e-04,2.275840044e-04,1.082786616e-05,row,0,-1.000000000e+00,-1.000000
cuda_warp_smem(blk384),double,local,local,16384,16384,8,1,1,1,9,1.430000001e-07,1.480467700e-02,1.205140000e-04,1.492533400e-02,1.437787345e-02,1.425721645e-02,5.474605464e-04,298.720622,301.248656,301.248656,3.121280074e-04,2.254080027e-04,9.924536301e-06,row,0,-1.000000000e+00,-1.000000
cuda_warp_smem(blk384),double,local,local,16384,16384,8,1,1,1,10,1.310000000e-07,1.479835200e-02,1.183210000e-04,1.491680400e-02,1.437221234e-02,1.425376034e-02,5.445916622e-04,298.838286,301.321700,301.321700,3.096320033e-04,2.246080041e-04,1.035165477e-05,row,0,-1.000000000e+00,-1.000000
cuda_warp_smem(blk384),double,local,local,16384,16384,8,1,1,1,11,1.829999998e-07,1.480323400e-02,1.214180000e-04,1.492483500e-02,1.438467301e-02,1.426307201e-02,5.401619861e-04,298.579418,301.124981,301.124981,3.071680069e-04,2.224960029e-04,1.049797634e-05,row,0,-1.000000000e+00,-1.000000
cuda_warp_smem(blk384),double,local,local,16384,16384,8,1,1,1,12,1.330000001e-07,1.479515100e-02,1.191630000e-04,1.491444700e-02,1.437116806e-02,1.425187206e-02,5.432789373e-04,298.860001,301.361623,301.361623,3.082880080e-04,2.248959988e-04,1.009493051e-05,row,0,-1.000000000e+00,-1.000000
cuda_warp_smem(blk384),double,local,local,16384,16384,8,1,1,1,13,1.289999998e-07,1.479073200e-02,1.219410000e-04,1.491280200e-02,1.437426154e-02,1.425219154e-02,5.385404564e-04,298.795683,301.354868,301.354868,3.048639894e-04,2.236160040e-04,1.006046308e-05,row,0,-1.000000000e+00,-1.000000
cuda_warp_smem(blk384),double,local,local,16384,16384,8,1,1,1,14,1.270000001e-07,1.479868600e-02,1.278610000e-04,1.492667400e-02,1.438072409e-02,1.425273609e-02,5.459499084e-04,298.661407,301.343354,301.343354,3.088319898e-04,2.261759937e-04,1.094192494e-05,row,0,-1.000000000e+00,-1.000000
cuda_warp_smem(blk384),double,local,local,16384,16384,8,1,1,1,15,1.450000000e-07,1.479542400e-02,1.200370000e-04,1.491560600e-02,1.437832638e-02,1.425814438e-02,5.372796213e-04,298.711212,301.229051,301.229051,3.057599962e-04,2.212159932e-04,1.030363200e-05,row,0,-1.000000000e+00,-1.000000
cuda_warp_smem(blk384),double,local,local,16384,16384,8,1,1,1,16,1.070000000e-07,1.479942000e-02,1.219160000e-04,1.492144300e-02,1.437738265e-02,1.425535965e-02,5.440603503e-04,298.730819,301.287895,301.287895,3.065600097e-04,2.274560034e-04,1.004433720e-05,row,0,-1.000000000e+00,-1.000000
cuda_warp_smem(blk384),double,local,local,16384,16384,8,1,1,1,17,1.150000000e-07,1.480329300e-02,1.225190000e-04,1.492592700e-02,1.438928992e-02,1.426665592e-02,5.366370781e-04,298.483617,301.049336,301.049336,3.033599854e-04,2.221760005e-04,1.110109224e-05,row,0,-1.000000000e+00,-1.000000
cuda_warp_smem(blk384),double,local,local,16384,16384,8,1,1,1,18,1.110000001e-07,1.477536200e-02,1.208720000e-04,1.489634500e-02,1.436293494e-02,1.424195194e-02,5.334100576e-04,299.031313,301.571534,301.571534,3.068479896e-04,2.156479955e-04,1.091407252e-05,row,0,-1.000000000e+00,-1.000000
cuda_warp_smem(blk384),double,local,local,16384,16384,8,1,1,1,19,1.210000000e-07,1.480179900e-02,1.185600000e-04,1.492048000e-02,1.437311272e-02,1.425443172e-02,5.473672755e-04,298.819565,301.307508,301.307508,3.069759905e-04,2.302719951e-04,1.011928985e-05,row,0,-1.000000000e+00,-1.000000
cuda_warp_smem(blk384),double,local,local,16384,16384,8,1,1,1,20,1.429999998e-07,1.480843400e-02,1.206720000e-04,1.492924900e-02,1.438417502e-02,1.426336002e-02,5.450739765e-04,298.589755,301.118901,301.118901,3.086400032e-04,2.270399928e-04,9.393980488e-06,row,0,-1.000000000e+00,-1.000000
cuda_warp_smem(blk384),double,local,local,16384,16384,20,1,1,1,1,4.819999999e-07,3.306758000e-02,3.180920000e-04,3.338615400e-02,3.212922959e-02,3.181065559e-02,1.256924406e-03,334.194700,337.541558,337.541558,6.318079829e-04,6.122879982e-04,1.282842501e-05,row,0,-1.000000000e+00,-1.000000
cuda_warp_smem(blk384),double,local,local,16384,16384,20,1,1,1,2,5.599999999e-07,3.293284400e-02,3.193640000e-04,3.325276800e-02,3.210257972e-02,3.178265572e-02,1.150188284e-03,334.472131,337.838925,337.838925,6.231999993e-04,5.150719881e-04,1.191629662e-05,row,0,-1.000000000e+00,-1.000000
cuda_warp_smem(blk384),double,local,local,16384,16384,20,1,1,1,3,1.809999999e-07,3.289433500e-02,3.110420000e-04,3.320555800e-02,3.210495087e-02,3.179372787e-02,1.100607125e-03,334.447428,337.721273,337.721273,6.003839970e-04,4.887999892e-04,1.142313906e-05,row,0,-1.000000000e+00,-1.000000
cuda_warp_smem(blk384),double,local,local,16384,16384,20,1,1,1,4,1.720000000e-07,3.287565800e-02,3.090130000e-04,3.318484300e-02,3.210115239e-02,3.179196739e-02,1.083690608e-03,334.487002,337.739974,337.739974,5.933759809e-04,4.787200093e-04,1.159461785e-05,row,0,-1.000000000e+00,-1.000000
cuda_warp_smem(blk384),double,local,local,16384,16384,20,1,1,1,5,9.199999984e-08,3.692760700e-02,3.126060000e-04,3.724030500e-02,3.209225046e-02,3.177955246e-02,5.148054540e-03,334.579784,337.871915,337.871915,5.926719904e-04,4.544415951e-03,1.096659911e-05,row,0,-1.000000000e+00,-1.000000
cuda_warp_smem(blk384),double,local,local,16384,16384,20,1,1,1,6,2.180000001e-07,3.292291300e-02,3.023320000e-04,3.322546300e-02,3.208757464e-02,3.178502464e-02,1.137888357e-03,334.628540,337.813746,337.813746,5.952320099e-04,5.314880013e-04,1.116834582e-05,row,0,-1.000000000e+00,-1.000000
cuda_warp_smem(blk384),double,local,local,16384,16384,20,1,1,1,7,1.020000000e-07,3.289310500e-02,3.100690000e-04,3.320327600e-02,3.209532344e-02,3.178515244e-02,1.107952565e-03,334.547750,337.812388,337.812388,5.952960253e-04,5.026879907e-04,9.968548756e-06,row,0,-1.000000000e+00,-1.000000
cuda_warp_smem(blk384),double,local,local,16384,16384,20,1,1,1,8,2.160000001e-07,3.287948300e-02,3.105060000e-04,3.319020500e-02,3.209238589e-02,3.178166389e-02,1.097819105e-03,334.578372,337.849468,337.849468,5.936959982e-04,4.929279983e-04,1.119510885e-05,row,0,-1.000000000e+00,-1.000000
cuda_warp_smem(blk384),double,local,local,16384,16384,20,1,1,1,9,2.770000000e-07,3.288006200e-02,3.068790000e-04,3.318721800e-02,3.209746018e-02,3.179030418e-02,1.089757816e-03,334.525479,337.757644,337.757644,5.896000266e-04,4.899840057e-04,1.017378374e-05,row,0,-1.000000000e+00,-1.000000
cuda_warp_smem(blk384),double,local,local,16384,16384,20,1,1,1,10,2.150000000e-07,3.286254600e-02,3.041010000e-04,3.316686200e-02,3.209058805e-02,3.178627205e-02,1.076273951e-03,334.597117,337.800489,337.800489,5.877439976e-04,4.784959853e-04,1.003396821e-05,row,0,-1.000000000e+00,-1.000000
cuda_warp_smem(blk384),double,local,local,16384,16384,20,1,1,1,11,1.509999996e-07,3.285133500e-02,3.053490000e-04,3.315683500e-02,3.208450887e-02,3.177900887e-02,1.072326135e-03,334.660514,337.877694,337.877694,5.928320289e-04,4.691199958e-04,1.037410995e-05,row,0,-1.000000000e+00,-1.000000
cuda_warp_smem(blk384),double,local,local,16384,16384,20,1,1,1,12,2.590000001e-07,3.284670600e-02,3.047910000e-04,3.315175600e-02,3.208597766e-02,3.178092766e-02,1.065778342e-03,334.645195,337.857295,337.857295,5.930240154e-04,4.628799856e-04,9.874340921e-06,row,0,-1.000000000e+00,-1.000000
cuda_warp_smem(blk384),double,local,local,16384,16384,20,1,1,1,13,1.290000000e-07,3.287686300e-02,3.600460000e-04,3.323703800e-02,3.213367926e-02,3.177350426e-02,1.103358743e-03,334.148423,337.936230,337.936230,5.938879848e-04,4.980480075e-04,1.142275056e-05,row,0,-1.000000000e+00,-1.000000
cuda_warp_smem(blk384),double,local,local,16384,16384,20,1,1,1,14,1.880000000e-07,3.289507900e-02,3.197270000e-04,3.321499400e-02,3.210801047e-02,3.178809547e-02,1.106983526e-03,334.415558,337.781112,337.781112,5.896639824e-04,5.067520142e-04,1.056752921e-05,row,0,-1.000000000e+00,-1.000000
cuda_warp_smem(blk384),double,local,local,16384,16384,20,1,1,1,15,2.509999999e-07,3.288811200e-02,3.106680000e-04,3.319903100e-02,3.208995838e-02,3.177903938e-02,1.109072617e-03,334.603682,337.877370,337.877370,5.997120142e-04,4.987199903e-04,1.064061261e-05,row,0,-1.000000000e+00,-1.000000
cuda_warp_smem(blk384),double,local,local,16384,16384,20,1,1,1,16,2.100000001e-07,3.290519000e-02,3.091200000e-04,3.321452000e-02,3.210414506e-02,3.179481506e-02,1.110374937e-03,334.455822,337.709725,337.709725,5.999040008e-04,4.991039932e-04,1.136694259e-05,row,0,-1.000000000e+00,-1.000000
cuda_warp_smem(blk384),double,local,local,16384,16384,20,1,1,1,17,2.170000002e-07,3.287000200e-02,3.045660000e-04,3.317478500e-02,3.209297575e-02,3.178819275e-02,1.081809251e-03,334.572223,337.780078,337.780078,6.000000238e-04,4.707199931e-04,1.108923402e-05,row,0,-1.000000000e+00,-1.000000
cuda_warp_smem(blk384),double,local,local,16384,16384,20,1,1,1,18,2.300000004e-07,3.339967900e-02,8.876080000e-04,3.428751700e-02,3.267542230e-02,3.178758430e-02,1.612094695e-03,328.608400,337.786544,337.786544,6.022400260e-04,9.972479939e-04,1.260667525e-05,row,0,-1.000000000e+00,-1.000000
cuda_warp_smem(blk384),double,local,local,16384,16384,20,1,1,1,19,1.749999998e-07,3.340100300e-02,3.065600000e-04,3.370773800e-02,3.209582230e-02,3.178908730e-02,1.611915704e-03,334.542550,337.770573,337.770573,1.124896049e-03,4.760960042e-04,1.092365072e-05,row,0,-1.000000000e+00,-1.000000
cuda_warp_smem(blk384),double,local,local,16384,16384,20,1,1,1,20,2.300000004e-07,3.285753400e-02,3.148560000e-04,3.317262000e-02,3.208990251e-02,3.177481651e-02,1.082717487e-03,334.604265,337.922274,337.922274,6.003839970e-04,4.707840085e-04,1.154948147e-05,row,0,-1.000000000e+00,-1.000000
cuda_warp_smem(blk384),double,local,local,16384,16384,32,1,1,1,1,3.399999999e-07,6.457638800e-02,5.392720000e-04,6.511600000e-02,6.328764362e-02,6.274803162e-02,1.828356384e-03,271.456926,273.791364,273.791364,9.627519846e-04,8.527359962e-04,1.286840295e-05,row,0,-1.000000000e+00,-1.000000
cuda_warp_smem(blk384),double,local,local,16384,16384,32,1,1,1,2,2.880000001e-07,6.456250400e-02,5.262850000e-04,6.508907700e-02,6.326718122e-02,6.274060822e-02,1.821895785e-03,271.544723,273.823759,273.823759,9.732159972e-04,8.356800079e-04,1.299977951e-05,row,0,-1.000000000e+00,-1.000000
cuda_warp_smem(blk384),double,local,local,16384,16384,32,1,1,1,3,2.310000000e-07,6.455165000e-02,5.380830000e-04,6.508996400e-02,6.327924265e-02,6.274092865e-02,1.810721350e-03,271.492965,273.822361,273.822361,9.692159891e-04,8.289920092e-04,1.251335182e-05,row,0,-1.000000000e+00,-1.000000
cuda_warp_smem(blk384),double,local,local,16384,16384,32,1,1,1,4,2.630000000e-07,6.469548700e-02,8.092390000e-04,6.550498900e-02,6.355126225e-02,6.274176025e-02,1.953726746e-03,270.330888,273.818731,273.818731,9.838079810e-04,9.564160109e-04,1.350275422e-05,row,0,-1.000000000e+00,-1.000000
cuda_warp_smem(blk384),double,local,local,16384,16384,32,1,1,1,5,4.659999999e-07,6.466122500e-02,5.626060000e-04,6.522429700e-02,6.330380610e-02,6.274073410e-02,1.920490900e-03,271.387619,273.823210,273.823210,1.003551960e-03,9.040319920e-04,1.290694771e-05,row,0,-1.000000000e+00,-1.000000
cuda_warp_smem(blk384),double,local,local,16384,16384,32,1,1,1,6,4.780000000e-07,6.525285100e-02,2.061474000e-03,6.731480300e-02,6.480368174e-02,6.274172974e-02,2.511121264e-03,265.106375,273.818864,273.818864,9.839680195e-04,1.513152003e-03,1.400124090e-05,row,0,-1.000000000e+00,-1.000000
cuda_warp_smem(blk384),double,local,local,16384,16384,32,1,1,1,7,1.799999998e-07,6.536106400e-02,5.456610000e-04,6.590690500e-02,6.328977563e-02,6.274393463e-02,2.617129369e-03,271.447781,273.809242,273.809242,1.803488016e-03,8.027520180e-04,1.088933455e-05,row,0,-1.000000000e+00,-1.000000
cuda_warp_smem(blk384),double,local,local,16384,16384,32,1,1,1,8,1.620000001e-07,6.453267000e-02,5.423360000e-04,6.507516800e-02,6.328851546e-02,6.274601746e-02,1.786652544e-03,271.453186,273.800153,273.800153,9.634240270e-04,8.112319708e-04,1.199654619e-05,row,0,-1.000000000e+00,-1.000000
cuda_warp_smem(blk384),double,local,local,16384,16384,32,1,1,1,9,1.649999999e-07,6.454675900e-02,5.317520000e-04,6.507867600e-02,6.327985325e-02,6.274793625e-02,1.798822751e-03,271.490345,273.791780,273.791780,9.735999703e-04,8.147199750e-04,1.050280589e-05,row,0,-1.000000000e+00,-1.000000
cuda_warp_smem(blk384),double,local,local,16384,16384,32,1,1,1,10,2.265000000e-06,6.452274400e-02,5.331300000e-04,6.505813900e-02,6.327773127e-02,6.274233627e-02,1.780407727e-03,271.499449,273.816217,273.816217,9.786239862e-04,7.904959917e-04,1.128774886e-05,row,0,-1.000000000e+00,-1.000000
cuda_warp_smem(blk384),double,local,local,16384,16384,32,1,1,1,11,2.980000002e-07,6.450887900e-02,5.258590000e-04,6.503503600e-02,6.327361260e-02,6.274745560e-02,1.761423403e-03,271.517122,273.793878,273.793878,9.596480131e-04,7.907199860e-04,1.105540400e-05,row,0,-1.000000000e+00,-1.000000
cuda_warp_smem(blk384),double,local,local,16384,16384,32,1,1,1,12,1.809999999e-07,6.451773500e-02,5.337100000e-04,6.505162600e-02,6.328499345e-02,6.275110245e-02,1.766632552e-03,271.468294,273.777966,273.777966,9.674879909e-04,7.864320278e-04,1.271253382e-05,row,0,-1.000000000e+00,-1.000000
cuda_warp_smem(blk384),double,local,local,16384,16384,32,1,1,1,13,1.279999999e-07,6.452614900e-02,5.413610000e-04,6.506763800e-02,6.329175984e-02,6.275027084e-02,1.775878156e-03,271.439272,273.781594,273.781594,9.711679816e-04,7.919039726e-04,1.280620224e-05,row,0,-1.000000000e+00,-1.000000
cuda_warp_smem(blk384),double,local,local,16384,16384,32,1,1,1,14,1.610000000e-07,6.453454800e-02,5.338110000e-04,6.506852000e-02,6.328334639e-02,6.274937439e-02,1.785173610e-03,271.475359,273.785505,273.785505,9.748160243e-04,7.984319925e-04,1.192559352e-05,row,0,-1.000000000e+00,-1.000000
cuda_warp_smem(blk384),double,local,local,16384,16384,32,1,1,1,15,1.709999999e-07,6.452596000e-02,5.339230000e-04,6.506005400e-02,6.328267112e-02,6.274857712e-02,1.777382882e-03,271.478256,273.788984,273.788984,9.734079838e-04,7.912319899e-04,1.274290844e-05,row,0,-1.000000000e+00,-1.000000
cuda_warp_smem(blk384),double,local,local,16384,16384,32,1,1,1,16,1.440000004e-07,6.454871400e-02,5.680350000e-04,6.511689300e-02,6.331576430e-02,6.274758530e-02,1.801128703e-03,271.336363,273.793312,273.793312,9.685119987e-04,8.197119832e-04,1.290472151e-05,row,0,-1.000000000e+00,-1.000000
cuda_warp_smem(blk384),double,local,local,16384,16384,32,1,1,1,17,1.741000000e-06,6.455555000e-02,5.217420000e-04,6.507903300e-02,6.326546832e-02,6.274198532e-02,1.813564679e-03,271.552075,273.817749,273.817749,9.795519710e-04,8.175039887e-04,1.650871925e-05,row,0,-1.000000000e+00,-1.000000
cuda_warp_smem(blk384),double,local,local,16384,16384,32,1,1,1,18,1.460000001e-07,6.453717900e-02,5.320820000e-04,6.506940700e-02,6.328054953e-02,6.274832153e-02,1.788857467e-03,271.487358,273.790099,273.790099,9.717440009e-04,8.060479760e-04,1.106548987e-05,row,0,-1.000000000e+00,-1.000000
cuda_warp_smem(blk384),double,local,local,16384,16384,32,1,1,1,19,1.650000003e-07,6.453944500e-02,5.230720000e-04,6.506268200e-02,6.328454758e-02,6.276131058e-02,1.778134423e-03,271.470206,273.733436,273.733436,9.603520036e-04,8.052800298e-04,1.250238926e-05,row,0,-1.000000000e+00,-1.000000
cuda_warp_smem(blk384),double,local,local,16384,16384,32,1,1,1,20,2.590000001e-07,6.451818100e-02,5.175720000e-04,6.503601200e-02,6.326717487e-02,6.274934387e-02,1.768837128e-03,271.544750,273.785639,273.785639,9.607359767e-04,7.960640192e-04,1.203713203e-05,row,0,-1.000000000e+00,-1.000000
cuda_warp_smem(blk512),double,local,local,16384,16384,3,1,1,1,1,2.539999999e-07,5.937329000e-03,4.720800000e-05,5.984791000e-03,5.761030211e-03,5.713568211e-03,2.237607894e-04,279.570264,281.892624,281.892624,1.211519986e-04,9.292799979e-05,9.680790965e-06,row,0,-1.000000000e+00,-1.000000
cuda_warp_smem(blk512),double,local,local,16384,16384,3,1,1,1,2,2.290000001e-07,5.930052000e-03,4.599500000e-05,5.976276000e-03,5.757007958e-03,5.710783958e-03,2.192680416e-04,279.765591,282.030059,282.030059,1.197440028e-04,8.905600011e-05,1.046803863e-05,row,0,-1.000000000e+00,-1.000000
cuda_warp_smem(blk512),double,local,local,16384,16384,3,1,1,1,3,5.050000000e-07,5.927117000e-03,4.608200000e-05,5.973704000e-03,5.755163202e-03,5.708576202e-03,2.185407976e-04,279.855267,282.139132,282.139132,1.185600013e-04,9.116800129e-05,8.812795059e-06,row,0,-1.000000000e+00,-1.000000
cuda_warp_smem(blk512),double,local,local,16384,16384,3,1,1,1,4,2.150000000e-07,5.928410000e-03,4.443700000e-05,5.973062000e-03,5.753675952e-03,5.709023952e-03,2.193860475e-04,279.927606,282.117004,282.117004,1.189439967e-04,9.100800008e-05,9.434050713e-06,row,0,-1.000000000e+00,-1.000000
cuda_warp_smem(blk512),double,local,local,16384,16384,3,1,1,1,5,2.320000001e-07,5.922381000e-03,4.329500000e-05,5.965908000e-03,5.748039119e-03,5.704512119e-03,2.178688807e-04,280.202118,282.340137,282.340137,1.193279997e-04,8.963199705e-05,8.908884006e-06,row,0,-1.000000000e+00,-1.000000
cuda_warp_smem(blk512),double,local,local,16384,16384,3,1,1,1,6,1.830000000e-07,5.930251000e-03,4.510500000e-05,5.975539000e-03,5.753767881e-03,5.708479881e-03,2.217711187e-04,279.923134,282.143893,282.143893,1.199679971e-04,9.177599847e-05,1.002712317e-05,row,0,-1.000000000e+00,-1.000000
cuda_warp_smem(blk512),double,local,local,16384,16384,3,1,1,1,7,1.470000000e-07,5.931481000e-03,4.575800000e-05,5.977386000e-03,5.759537107e-03,5.713632107e-03,2.178488932e-04,279.642740,281.889472,281.889472,1.192639992e-04,8.876799792e-05,9.816896134e-06,row,0,-1.000000000e+00,-1.000000
cuda_warp_smem(blk512),double,local,local,16384,16384,3,1,1,1,8,1.820000000e-07,5.923289000e-03,4.566500000e-05,5.969136000e-03,5.753879131e-03,5.708032131e-03,2.152568688e-04,279.917721,282.166025,282.166025,1.187840030e-04,8.687999845e-05,9.592867400e-06,row,0,-1.000000000e+00,-1.000000
cuda_warp_smem(blk512),double,local,local,16384,16384,3,1,1,1,9,1.370000000e-07,5.922461000e-03,4.527200000e-05,5.967870000e-03,5.753153122e-03,5.707744122e-03,2.147168784e-04,279.953045,282.180263,282.180263,1.180159971e-04,8.624000102e-05,1.046088031e-05,row,0,-1.000000000e+00,-1.000000
cuda_warp_smem(blk512),double,local,local,16384,16384,3,1,1,1,10,1.649999999e-07,5.920890000e-03,4.470900000e-05,5.965764000e-03,5.745737838e-03,5.700863838e-03,2.200261618e-04,280.314345,282.520822,282.520822,1.182399988e-04,9.132800251e-05,1.045816047e-05,row,0,-1.000000000e+00,-1.000000
cuda_warp_smem(blk512),double,local,local,16384,16384,3,1,1,1,11,1.910000000e-07,5.931017000e-03,4.403800000e-05,5.975246000e-03,5.750501125e-03,5.706272125e-03,2.247448748e-04,280.082153,282.253054,282.253054,1.190399975e-04,9.542399645e-05,1.028088085e-05,row,0,-1.000000000e+00,-1.000000
cuda_warp_smem(blk512),double,local,local,16384,16384,3,1,1,1,12,1.440000001e-07,5.927127000e-03,4.500000000e-05,5.972271000e-03,5.751768031e-03,5.706624031e-03,2.205029689e-04,280.020461,282.235649,282.235649,1.194880009e-04,9.087999910e-05,1.013496896e-05,row,0,-1.000000000e+00,-1.000000
cuda_warp_smem(blk512),double,local,local,16384,16384,3,1,1,1,13,1.060000001e-07,5.931295000e-03,4.513000000e-05,5.976531000e-03,5.761011967e-03,5.715775967e-03,2.155190334e-04,279.571149,281.783741,281.783741,1.191359982e-04,8.739200234e-05,8.991032822e-06,row,0,-1.000000000e+00,-1.000000
cuda_warp_smem(blk512),double,local,local,16384,16384,3,1,1,1,14,1.039999999e-07,5.920701000e-03,4.433100000e-05,5.965136000e-03,5.748466944e-03,5.704031944e-03,2.166690557e-04,280.181264,282.363905,282.363905,1.206400022e-04,8.591999859e-05,1.010905495e-05,row,0,-1.000000000e+00,-1.000000
cuda_warp_smem(blk512),double,local,local,16384,16384,3,1,1,1,15,1.259999998e-07,5.858811000e-03,4.398000000e-05,5.902917000e-03,5.685450070e-03,5.641344070e-03,2.174669296e-04,283.286761,285.501596,285.501596,1.204800010e-04,8.739200234e-05,9.594926249e-06,row,0,-1.000000000e+00,-1.000000
cuda_warp_smem(blk512),double,local,local,16384,16384,3,1,1,1,16,1.510000001e-07,5.850310000e-03,4.448300000e-05,5.894944000e-03,5.680505887e-03,5.635871887e-03,2.144381128e-04,283.533327,285.778806,285.778806,1.188800037e-04,8.607999980e-05,9.478109298e-06,row,0,-1.000000000e+00,-1.000000
cuda_warp_smem(blk512),double,local,local,16384,16384,3,1,1,1,17,1.020000000e-07,5.864464000e-03,4.659500000e-05,5.911161000e-03,5.692713121e-03,5.646016121e-03,2.184478791e-04,282.925330,285.265345,285.265345,1.191679984e-04,9.014400095e-05,9.135879709e-06,row,0,-1.000000000e+00,-1.000000
cuda_warp_smem(blk512),double,local,local,16384,16384,3,1,1,1,18,1.029999999e-07,5.853380000e-03,4.417200000e-05,5.897655000e-03,5.679794981e-03,5.635519981e-03,2.178600186e-04,283.568816,285.796651,285.796651,1.191039979e-04,9.008000046e-05,8.676020210e-06,row,0,-1.000000000e+00,-1.000000
cuda_warp_smem(blk512),double,local,local,16384,16384,3,1,1,1,19,7.699999993e-08,5.861058000e-03,4.500200000e-05,5.906137000e-03,5.683638818e-03,5.638559818e-03,2.224981817e-04,283.377038,285.642573,285.642573,1.231039986e-04,8.969599754e-05,9.698185595e-06,row,0,-1.000000000e+00,-1.000000
cuda_warp_smem(blk512),double,local,local,16384,16384,3,1,1,1,20,1.080000001e-07,5.853395000e-03,4.495700000e-05,5.898460000e-03,5.682857110e-03,5.637792110e-03,2.156028896e-04,283.416019,285.681470,285.681470,1.195840016e-04,8.607999980e-05,9.938888152e-06,row,0,-1.000000000e+00,-1.000000
cuda_warp_smem(blk512),double,local,local,16384,16384,6,1,1,1,1,2.969999999e-07,1.050798500e-02,9.049400000e-05,1.059877600e-02,1.017002322e-02,1.007923222e-02,4.287527841e-04,316.737278,319.590362,319.590362,2.352959961e-04,1.825920045e-04,1.086478351e-05,row,0,-1.000000000e+00,-1.000000
cuda_warp_smem(blk512),double,local,local,16384,16384,6,1,1,1,2,1.820000000e-07,1.050840300e-02,9.670800000e-05,1.060529300e-02,1.017842629e-02,1.008153629e-02,4.268667070e-04,316.475787,319.517321,319.517321,2.280319929e-04,1.886399984e-04,1.019471562e-05,row,0,-1.000000000e+00,-1.000000
cuda_warp_smem(blk512),double,local,local,16384,16384,6,1,1,1,3,2.310000000e-07,1.052337100e-02,8.831400000e-05,1.061191600e-02,1.016457668e-02,1.007603168e-02,4.473393151e-04,316.906997,319.691876,319.691876,2.456000000e-04,1.925120056e-04,9.227309533e-06,row,0,-1.000000000e+00,-1.000000
cuda_warp_smem(blk512),double,local,local,16384,16384,6,1,1,1,4,1.800000000e-07,1.048525100e-02,9.208900000e-05,1.057752000e-02,1.015217310e-02,1.005990410e-02,4.253469015e-04,317.294183,320.204392,320.204392,2.319359928e-04,1.842879951e-04,9.122913552e-06,row,0,-1.000000000e+00,-1.000000
cuda_warp_smem(blk512),double,local,local,16384,16384,6,1,1,1,5,1.980000000e-07,1.049919200e-02,9.429400000e-05,1.059368400e-02,1.015913205e-02,1.006464005e-02,4.345519548e-04,317.076839,320.053719,320.053719,2.308160067e-04,1.935999990e-04,1.013594922e-05,row,0,-1.000000000e+00,-1.000000
cuda_warp_smem(blk512),double,local,local,16384,16384,6,1,1,1,6,1.920000001e-07,1.048223900e-02,9.144100000e-05,1.057387200e-02,1.014500920e-02,1.005337620e-02,4.288628022e-04,317.518241,320.412308,320.412308,2.410240024e-04,1.776320040e-04,1.020679573e-05,row,0,-1.000000000e+00,-1.000000
cuda_warp_smem(blk512),double,local,local,16384,16384,6,1,1,1,7,2.360000000e-07,1.048384800e-02,9.110200000e-05,1.057518600e-02,1.015565761e-02,1.006431961e-02,4.195283894e-04,317.185316,320.063909,320.063909,2.291840017e-04,1.811839938e-04,9.160393904e-06,row,0,-1.000000000e+00,-1.000000
cuda_warp_smem(blk512),double,local,local,16384,16384,6,1,1,1,8,1.420000000e-07,1.048706100e-02,9.038300000e-05,1.057758600e-02,1.015545305e-02,1.006492805e-02,4.221329452e-04,317.191705,320.044560,320.044560,2.330559939e-04,1.800639927e-04,9.012958537e-06,row,0,-1.000000000e+00,-1.000000
cuda_warp_smem(blk512),double,local,local,16384,16384,6,1,1,1,9,1.770000000e-07,1.047966100e-02,9.341600000e-05,1.057325400e-02,1.014930475e-02,1.005571175e-02,4.239492538e-04,317.383856,320.337889,320.337889,2.307520062e-04,1.834239960e-04,9.773251640e-06,row,0,-1.000000000e+00,-1.000000
cuda_warp_smem(blk512),double,local,local,16384,16384,6,1,1,1,10,1.410000001e-07,1.046913100e-02,9.258900000e-05,1.056186100e-02,1.015016980e-02,1.005743980e-02,4.116911959e-04,317.356806,320.282849,320.282849,2.308160067e-04,1.710720062e-04,9.803183037e-06,row,0,-1.000000000e+00,-1.000000
cuda_warp_smem(blk512),double,local,local,16384,16384,6,1,1,1,11,1.020000000e-07,1.047850900e-02,8.883800000e-05,1.056744900e-02,1.015287623e-02,1.006393623e-02,4.145727665e-04,317.272209,320.076101,320.076101,2.295359969e-04,1.759040058e-04,9.132763800e-06,row,0,-1.000000000e+00,-1.000000
cuda_warp_smem(blk512),double,local,local,16384,16384,6,1,1,1,12,8.699999987e-08,1.047203200e-02,9.007200000e-05,1.056219100e-02,1.014721543e-02,1.005705643e-02,4.149755730e-04,317.449205,320.295058,320.295058,2.307839990e-04,1.736640036e-04,1.052757042e-05,row,0,-1.000000000e+00,-1.000000
cuda_warp_smem(blk512),double,local,local,16384,16384,6,1,1,1,13,7.999999996e-08,1.047467800e-02,8.982200000e-05,1.056458000e-02,1.014894207e-02,1.005904007e-02,4.156379304e-04,317.395197,320.231896,320.231896,2.334720045e-04,1.732800007e-04,8.885925200e-06,row,0,-1.000000000e+00,-1.000000
cuda_warp_smem(blk512),double,local,local,16384,16384,6,1,1,1,14,8.199999990e-08,1.046768000e-02,9.037100000e-05,1.055813300e-02,1.014776501e-02,1.005731201e-02,4.103679883e-04,317.432013,320.286918,320.286918,2.324479967e-04,1.677760035e-04,1.014398807e-05,row,0,-1.000000000e+00,-1.000000
cuda_warp_smem(blk512),double,local,local,16384,16384,6,1,1,1,15,7.900000010e-08,1.047421800e-02,9.007800000e-05,1.056437500e-02,1.014650866e-02,1.005635166e-02,4.178663383e-04,317.471317,320.317505,320.317505,2.355840057e-04,1.731200069e-04,9.162325685e-06,row,0,-1.000000000e+00,-1.000000
cuda_warp_smem(blk512),double,local,local,16384,16384,6,1,1,1,16,8.200000012e-08,1.047849800e-02,9.141500000e-05,1.056999500e-02,1.014928871e-02,1.005779171e-02,4.207062901e-04,317.384357,320.271643,320.271643,2.331520021e-04,1.763200015e-04,1.123428652e-05,row,0,-1.000000000e+00,-1.000000
cuda_warp_smem(blk512),double,local,local,16384,16384,6,1,1,1,17,7.699999993e-08,1.047274000e-02,9.254700000e-05,1.056536400e-02,1.015035181e-02,1.005772781e-02,4.150121863e-04,317.351116,320.273677,320.273677,2.322880030e-04,1.737280041e-04,8.996179214e-06,row,0,-1.000000000e+00,-1.000000
cuda_warp_smem(blk512),double,local,local,16384,16384,6,1,1,1,18,7.899999988e-08,1.047918600e-02,9.104400000e-05,1.057030900e-02,1.014552344e-02,1.005440044e-02,4.247855560e-04,317.502147,320.379668,320.379668,2.320639938e-04,1.828799993e-04,9.841562878e-06,row,0,-1.000000000e+00,-1.000000
cuda_warp_smem(blk512),double,local,local,16384,16384,6,1,1,1,19,7.800000001e-08,1.047010100e-02,8.908600000e-05,1.055926500e-02,1.014878009e-02,1.005961609e-02,4.104849111e-04,317.400263,320.213559,320.213559,2.319999933e-04,1.689279974e-04,9.556920458e-06,row,0,-1.000000000e+00,-1.000000
cuda_warp_smem(blk512),double,local,local,16384,16384,6,1,1,1,20,7.500000021e-08,1.046389800e-02,9.298400000e-05,1.055695700e-02,1.014637130e-02,1.005331230e-02,4.105856984e-04,317.475615,320.414345,320.414345,2.318720073e-04,1.686400026e-04,1.007368851e-05,row,0,-1.000000000e+00,-1.000000
cuda_warp_smem(blk512),double,local,local,16384,16384,8,1,1,1,1,1.599999999e-07,1.424864800e-02,1.191820000e-04,1.436799000e-02,1.380513397e-02,1.368579197e-02,5.628560307e-04,311.113772,313.826727,313.826727,3.101119995e-04,2.415360063e-04,1.120802486e-05,row,0,-1.000000000e+00,-1.000000
cuda_warp_smem(blk512),double,local,local,16384,16384,8,1,1,1,2,1.180000000e-07,1.422305500e-02,1.208830000e-04,1.434405600e-02,1.379751276e-02,1.367651176e-02,5.465432355e-04,311.285619,314.039674,314.039674,3.067519963e-04,2.300480008e-04,9.743238382e-06,row,0,-1.000000000e+00,-1.000000
cuda_warp_smem(blk512),double,local,local,16384,16384,8,1,1,1,3,1.359999999e-07,1.483639700e-02,1.249870000e-04,1.496152000e-02,1.381107519e-02,1.368595219e-02,1.150444813e-03,310.979937,313.823053,313.823053,3.080640137e-04,8.310400248e-04,1.134077494e-05,row,0,-1.000000000e+00,-1.000000
cuda_warp_smem(blk512),double,local,local,16384,16384,8,1,1,1,4,1.189999999e-07,1.424716300e-02,1.218150000e-04,1.436909700e-02,1.380865389e-02,1.368671989e-02,5.604431056e-04,311.034466,313.805450,313.805450,3.179199994e-04,2.315199971e-04,1.100310911e-05,row,0,-1.000000000e+00,-1.000000
cuda_warp_smem(blk512),double,local,local,16384,16384,8,1,1,1,5,1.279999999e-07,1.421474800e-02,1.204010000e-04,1.433527700e-02,1.379329664e-02,1.367276764e-02,5.419803608e-04,311.380768,314.125670,314.125670,3.076480031e-04,2.243520021e-04,9.980355595e-06,row,0,-1.000000000e+00,-1.000000
cuda_warp_smem(blk512),double,local,local,16384,16384,8,1,1,1,6,7.800000001e-08,1.418992000e-02,1.212940000e-04,1.431129200e-02,1.377775647e-02,1.365638447e-02,5.335355319e-04,311.731979,314.502518,314.502518,3.067519963e-04,2.159039974e-04,1.087953822e-05,row,0,-1.000000000e+00,-1.000000
cuda_warp_smem(blk512),double,local,local,16384,16384,8,1,1,1,7,9.700000003e-08,1.421883400e-02,1.189340000e-04,1.433786500e-02,1.377903085e-02,1.365999985e-02,5.588341526e-04,311.703148,314.419278,314.419278,3.258880079e-04,2.221120000e-04,1.083414472e-05,row,0,-1.000000000e+00,-1.000000
cuda_warp_smem(blk512),double,local,local,16384,16384,8,1,1,1,8,1.009999999e-07,1.418759500e-02,1.203650000e-04,1.430806100e-02,1.377784229e-02,1.365737629e-02,5.302187106e-04,311.730038,314.479678,314.479678,3.056640029e-04,2.143359929e-04,1.021871480e-05,row,0,-1.000000000e+00,-1.000000
cuda_warp_smem(blk512),double,local,local,16384,16384,8,1,1,1,9,1.100000000e-07,1.418583300e-02,1.215990000e-04,1.430754200e-02,1.377457346e-02,1.365286446e-02,5.329685438e-04,311.804014,314.583603,314.583603,3.049600124e-04,2.170560062e-04,1.095252519e-05,row,0,-1.000000000e+00,-1.000000
cuda_warp_smem(blk512),double,local,local,16384,16384,8,1,1,1,10,1.040000002e-07,1.420251100e-02,1.203910000e-04,1.432300600e-02,1.377655903e-02,1.365606403e-02,5.464469665e-04,311.759075,314.509897,314.509897,3.189119995e-04,2.178560048e-04,9.678962193e-06,row,0,-1.000000000e+00,-1.000000
cuda_warp_smem(blk512),double,local,local,16384,16384,8,1,1,1,11,1.239999998e-07,1.419486000e-02,1.229790000e-04,1.431796300e-02,1.378310285e-02,1.365999985e-02,5.348601526e-04,311.611061,314.419278,314.419278,3.055039942e-04,2.183679938e-04,1.098816453e-05,row,0,-1.000000000e+00,-1.000000
cuda_warp_smem(blk512),double,local,local,16384,16384,8,1,1,1,12,7.499999999e-08,1.418618000e-02,1.196460000e-04,1.430590100e-02,1.377466542e-02,1.365494442e-02,5.312355801e-04,311.801932,314.535685,314.535685,3.075520098e-04,2.127680033e-04,1.091556697e-05,row,0,-1.000000000e+00,-1.000000
cuda_warp_smem(blk512),double,local,local,16384,16384,8,1,1,1,13,9.400000001e-08,1.418202000e-02,1.203910000e-04,1.430250500e-02,1.376362102e-02,1.364313602e-02,5.388839755e-04,312.052133,314.807922,314.807922,3.095040023e-04,2.193599939e-04,1.001997926e-05,row,0,-1.000000000e+00,-1.000000
cuda_warp_smem(blk512),double,local,local,16384,16384,8,1,1,1,14,7.800000001e-08,1.417976000e-02,1.225900000e-04,1.430242800e-02,1.376071617e-02,1.363804817e-02,5.417118280e-04,312.118006,314.925365,314.925365,3.174079955e-04,2.147839963e-04,9.519836197e-06,row,0,-1.000000000e+00,-1.000000
cuda_warp_smem(blk512),double,local,local,16384,16384,8,1,1,1,15,8.200000012e-08,1.416900300e-02,1.219400000e-04,1.429102500e-02,1.376762232e-02,1.364560032e-02,5.234026811e-04,311.961441,314.751070,314.751070,3.058240116e-04,2.075520009e-04,1.002666865e-05,row,0,-1.000000000e+00,-1.000000
cuda_warp_smem(blk512),double,local,local,16384,16384,8,1,1,1,16,1.240000000e-07,1.418697400e-02,1.250220000e-04,1.431212000e-02,1.376616964e-02,1.364102364e-02,5.459503641e-04,311.994361,314.856671,314.856671,3.089280128e-04,2.259519994e-04,1.107035186e-05,row,0,-1.000000000e+00,-1.000000
cuda_warp_smem(blk512),double,local,local,16384,16384,8,1,1,1,17,8.799999995e-08,1.417182100e-02,1.205260000e-04,1.429243500e-02,1.376198954e-02,1.364137554e-02,5.304454583e-04,312.089127,314.848549,314.848549,3.068479896e-04,2.140479982e-04,9.549470564e-06,row,0,-1.000000000e+00,-1.000000
cuda_warp_smem(blk512),double,local,local,16384,16384,8,1,1,1,18,8.499999993e-08,1.417812300e-02,1.208080000e-04,1.429901600e-02,1.376876497e-02,1.364787197e-02,5.302510289e-04,311.935552,314.698680,314.698680,3.090560138e-04,2.098879963e-04,1.130701873e-05,row,0,-1.000000000e+00,-1.000000
cuda_warp_smem(blk512),double,local,local,16384,16384,8,1,1,1,19,1.110000001e-07,1.417070300e-02,1.224130000e-04,1.429322700e-02,1.376329205e-02,1.364076805e-02,5.299349489e-04,312.059592,314.862571,314.862571,3.050880134e-04,2.152000070e-04,9.646928480e-06,row,0,-1.000000000e+00,-1.000000
cuda_warp_smem(blk512),double,local,local,16384,16384,8,1,1,1,20,8.299999998e-08,1.419223700e-02,1.249600000e-04,1.431728000e-02,1.376606664e-02,1.364102364e-02,5.512133641e-04,311.996695,314.856671,314.856671,3.124479949e-04,2.288639992e-04,9.901369941e-06,row,0,-1.000000000e+00,-1.000000
cuda_warp_smem(blk512),double,local,local,16384,16384,20,1,1,1,1,1.319999998e-07,3.508769200e-02,3.045020000e-04,3.539232600e-02,3.427576819e-02,3.397113419e-02,1.116557814e-03,313.265575,316.074765,316.074765,5.925440192e-04,5.132799745e-04,1.073382053e-05,row,0,-1.000000000e+00,-1.000000
cuda_warp_smem(blk512),double,local,local,16384,16384,20,1,1,1,2,1.439999999e-07,3.508671100e-02,3.186230000e-04,3.540547800e-02,3.428602927e-02,3.396726227e-02,1.119448732e-03,313.171822,316.110794,316.110794,6.152319908e-04,4.932799935e-04,1.093674759e-05,row,0,-1.000000000e+00,-1.000000
cuda_warp_smem(blk512),double,local,local,16384,16384,20,1,1,1,3,1.459999999e-07,3.508571900e-02,3.153050000e-04,3.540117000e-02,3.428642878e-02,3.397097778e-02,1.114741217e-03,313.168172,316.076220,316.076220,5.979200006e-04,5.051199794e-04,1.170123686e-05,row,0,-1.000000000e+00,-1.000000
cuda_warp_smem(blk512),double,local,local,16384,16384,20,1,1,1,4,3.909999999e-07,3.506846600e-02,3.075920000e-04,3.537644900e-02,3.427374228e-02,3.396575928e-02,1.102706723e-03,313.284092,316.124782,316.124782,6.063359976e-04,4.858880043e-04,1.048272077e-05,row,0,-1.000000000e+00,-1.000000
cuda_warp_smem(blk512),double,local,local,16384,16384,20,1,1,1,5,2.640000001e-07,3.504533600e-02,3.259780000e-04,3.537157800e-02,3.429267266e-02,3.396643066e-02,1.078905336e-03,313.111152,316.118533,316.118533,6.030079722e-04,4.645119905e-04,1.138537315e-05,row,0,-1.000000000e+00,-1.000000
cuda_warp_smem(blk512),double,local,local,16384,16384,20,1,1,1,6,1.350000001e-07,3.505433500e-02,3.104140000e-04,3.536488400e-02,3.428174804e-02,3.397119904e-02,1.083135964e-03,313.210932,316.074161,316.074161,5.983359814e-04,4.743039906e-04,1.049599238e-05,row,0,-1.000000000e+00,-1.000000
cuda_warp_smem(blk512),double,local,local,16384,16384,20,1,1,1,7,5.249999999e-07,3.503540700e-02,3.056580000e-04,3.534159000e-02,3.427824797e-02,3.397206497e-02,1.063342028e-03,313.242913,316.066105,316.066105,5.995839834e-04,4.525119960e-04,1.124604862e-05,row,0,-1.000000000e+00,-1.000000
cuda_warp_smem(blk512),double,local,local,16384,16384,20,1,1,1,8,3.030000000e-07,3.504333900e-02,3.130400000e-04,3.535668200e-02,3.428214259e-02,3.396879959e-02,1.074539409e-03,313.207327,316.096488,316.096488,5.993279815e-04,4.633600116e-04,1.185141589e-05,row,0,-1.000000000e+00,-1.000000
cuda_warp_smem(blk512),double,local,local,16384,16384,20,1,1,1,9,1.420000000e-07,3.532714200e-02,3.007410000e-04,3.562802500e-02,3.455640287e-02,3.425551987e-02,1.071622133e-03,310.721526,313.450746,313.450746,5.985280275e-04,4.614720047e-04,1.162210087e-05,row,0,-1.000000000e+00,-1.000000
cuda_warp_smem(blk512),double,local,local,16384,16384,20,1,1,1,10,1.369999998e-07,3.503883200e-02,3.074020000e-04,3.534637100e-02,3.427717020e-02,3.396963120e-02,1.069200805e-03,313.252762,316.088749,316.088749,5.999360085e-04,4.576959908e-04,1.156880568e-05,row,0,-1.000000000e+00,-1.000000
cuda_warp_smem(blk512),double,local,local,16384,16384,20,1,1,1,11,1.820000000e-07,3.503512100e-02,3.151870000e-04,3.535049000e-02,3.428276097e-02,3.396739197e-02,1.067729032e-03,313.201677,316.109587,316.109587,5.958719850e-04,4.601280093e-04,1.172903795e-05,row,0,-1.000000000e+00,-1.000000
cuda_warp_smem(blk512),double,local,local,16384,16384,20,1,1,1,12,2.939999999e-07,3.505930700e-02,3.130670000e-04,3.537266800e-02,3.428235133e-02,3.396899033e-02,1.090316674e-03,313.205420,316.094713,316.094713,6.016319990e-04,4.772799909e-04,1.140468415e-05,row,0,-1.000000000e+00,-1.000000
cuda_warp_smem(blk512),double,local,local,16384,16384,20,1,1,1,13,1.410000001e-07,3.506384800e-02,3.151300000e-04,3.537911900e-02,3.428679047e-02,3.397151947e-02,1.092328530e-03,313.164869,316.071180,316.071180,6.158720255e-04,4.651840031e-04,1.127250118e-05,row,0,-1.000000000e+00,-1.000000
cuda_warp_smem(blk512),double,local,local,16384,16384,20,1,1,1,14,3.700000000e-07,3.502128300e-02,3.034860000e-04,3.532513900e-02,3.426919948e-02,3.396534348e-02,1.055939525e-03,313.325622,316.128652,316.128652,5.998079777e-04,4.455359876e-04,1.059555937e-05,row,0,-1.000000000e+00,-1.000000
cuda_warp_smem(blk512),double,local,local,16384,16384,20,1,1,1,15,1.489999999e-07,3.504574600e-02,3.156320000e-04,3.536152700e-02,3.428579748e-02,3.397001648e-02,1.075729521e-03,313.173939,316.085164,316.085164,6.171200275e-04,4.473919868e-04,1.121750612e-05,row,0,-1.000000000e+00,-1.000000
cuda_warp_smem(blk512),double,local,local,16384,16384,20,1,1,1,16,4.020000004e-07,3.503544200e-02,3.093920000e-04,3.534523600e-02,3.428365188e-02,3.397385788e-02,1.061584120e-03,313.193538,316.049425,316.049425,6.061760187e-04,4.442879856e-04,1.112011608e-05,row,0,-1.000000000e+00,-1.000000
cuda_warp_smem(blk512),double,local,local,16384,16384,20,1,1,1,17,1.560000000e-07,3.503220400e-02,3.225050000e-04,3.535486500e-02,3.429232653e-02,3.396966553e-02,1.062538473e-03,313.114312,316.088430,316.088430,5.960000157e-04,4.548799992e-04,1.165845776e-05,row,0,-1.000000000e+00,-1.000000
cuda_warp_smem(blk512),double,local,local,16384,16384,20,1,1,1,18,2.139999999e-07,3.503170700e-02,3.142130000e-04,3.534613400e-02,3.428380261e-02,3.396937561e-02,1.062331390e-03,313.192161,316.091128,316.091128,5.975040197e-04,4.544320107e-04,1.039535926e-05,row,0,-1.000000000e+00,-1.000000
cuda_warp_smem(blk512),double,local,local,16384,16384,20,1,1,1,19,1.319999998e-07,3.502028400e-02,3.076180000e-04,3.532803400e-02,3.427415015e-02,3.396640015e-02,1.053883854e-03,313.280364,316.118817,316.118817,5.884159803e-04,4.539839923e-04,1.148388084e-05,row,0,-1.000000000e+00,-1.000000
cuda_warp_smem(blk512),double,local,local,16384,16384,20,1,1,1,20,1.799999998e-07,3.501131400e-02,3.028550000e-04,3.531434900e-02,3.427023623e-02,3.396720123e-02,1.044112767e-03,313.316143,316.111362,316.111362,5.910720229e-04,4.431999922e-04,9.840751995e-06,row,0,-1.000000000e+00,-1.000000
cuda_warp_smem(blk512),double,local,local,16384,16384,32,1,1,1,1,3.800000001e-07,5.682327300e-02,5.383170000e-04,5.736197000e-02,5.552567362e-02,5.498697662e-02,1.836296376e-03,309.404066,312.435239,312.435239,9.727039933e-04,8.517439961e-04,1.184838700e-05,row,0,-1.000000000e+00,-1.000000
cuda_warp_smem(blk512),double,local,local,16384,16384,32,1,1,1,2,2.760000000e-07,5.682397000e-02,5.362070000e-04,5.736045300e-02,5.550915451e-02,5.497267151e-02,1.851298491e-03,309.496142,312.516542,312.516542,9.752320051e-04,8.640319705e-04,1.203451559e-05,row,0,-1.000000000e+00,-1.000000
cuda_warp_smem(blk512),double,local,local,16384,16384,32,1,1,1,3,2.610000001e-07,5.673454000e-02,5.339050000e-04,5.726870600e-02,5.543163838e-02,5.489747238e-02,1.837067618e-03,309.928945,312.944630,312.944630,9.906880260e-04,8.336319923e-04,1.274760012e-05,row,0,-1.000000000e+00,-1.000000
cuda_warp_smem(blk512),double,local,local,16384,16384,32,1,1,1,4,2.710000000e-07,5.669859400e-02,5.506850000e-04,5.724955000e-02,5.542362903e-02,5.487267303e-02,1.825920965e-03,309.973733,313.086063,313.086063,9.625599980e-04,8.470079899e-04,1.635297741e-05,row,0,-1.000000000e+00,-1.000000
cuda_warp_smem(blk512),double,local,local,16384,16384,32,1,1,1,5,2.280000002e-07,5.666169600e-02,5.689910000e-04,5.723091500e-02,5.541072214e-02,5.484150314e-02,1.820192857e-03,310.045936,313.264010,313.264010,9.718719721e-04,8.355200291e-04,1.280085554e-05,row,0,-1.000000000e+00,-1.000000
cuda_warp_smem(blk512),double,local,local,16384,16384,32,1,1,1,6,2.840000000e-07,5.669482800e-02,5.465660000e-04,5.724167800e-02,5.539222506e-02,5.484537506e-02,1.849452939e-03,310.149469,313.241894,313.241894,9.924160242e-04,8.456959724e-04,1.134094231e-05,row,0,-1.000000000e+00,-1.000000
cuda_warp_smem(blk512),double,local,local,16384,16384,32,1,1,1,7,1.699999999e-07,5.664884100e-02,5.208670000e-04,5.716987800e-02,5.536721315e-02,5.484617615e-02,1.802664853e-03,310.289578,313.237319,313.237319,9.650239944e-04,8.249920011e-04,1.264885704e-05,row,0,-1.000000000e+00,-1.000000
cuda_warp_smem(blk512),double,local,local,16384,16384,32,1,1,1,8,2.539999997e-07,5.666350900e-02,5.412180000e-04,5.720498100e-02,5.538720183e-02,5.484572983e-02,1.817779172e-03,310.177597,313.239868,313.239868,9.788479805e-04,8.277119994e-04,1.121919220e-05,row,0,-1.000000000e+00,-1.000000
cuda_warp_smem(blk512),double,local,local,16384,16384,32,1,1,1,9,2.819999998e-07,5.754187000e-02,1.511852000e-03,5.905400400e-02,5.636077444e-02,5.484864044e-02,2.693229558e-03,304.819608,313.223246,313.223246,9.652159810e-04,1.714208007e-03,1.380557024e-05,row,0,-1.000000000e+00,-1.000000
cuda_warp_smem(blk512),double,local,local,16384,16384,32,1,1,1,10,2.549999998e-07,5.753565100e-02,5.641450000e-04,5.810005100e-02,5.540772657e-02,5.484332657e-02,2.692324431e-03,310.062698,313.253595,313.253595,1.850720048e-03,8.287680149e-04,1.283636854e-05,row,0,-1.000000000e+00,-1.000000
cuda_warp_smem(blk512),double,local,local,16384,16384,32,1,1,1,11,2.610000003e-07,5.667424900e-02,5.649620000e-04,5.723947200e-02,5.541607215e-02,5.485084915e-02,1.823399848e-03,310.016003,313.210633,313.210633,9.794239998e-04,8.314880133e-04,1.248783533e-05,row,0,-1.000000000e+00,-1.000000
cuda_warp_smem(blk512),double,local,local,16384,16384,32,1,1,1,12,3.330000000e-07,5.667358700e-02,5.263390000e-04,5.720025900e-02,5.537492716e-02,5.484825516e-02,1.825331843e-03,310.246353,313.225446,313.225446,9.742079973e-04,8.381760120e-04,1.294783317e-05,row,0,-1.000000000e+00,-1.000000
cuda_warp_smem(blk512),double,local,local,16384,16384,32,1,1,1,13,2.930000003e-07,5.666333500e-02,5.336230000e-04,5.719725100e-02,5.538290739e-02,5.484899139e-02,1.814343606e-03,310.201649,313.221242,313.221242,9.851520061e-04,8.176959753e-04,1.149562450e-05,row,0,-1.000000000e+00,-1.000000
cuda_warp_smem(blk512),double,local,local,16384,16384,32,1,1,1,14,2.470000000e-07,5.666203300e-02,5.347610000e-04,5.719704100e-02,5.538496070e-02,5.484995270e-02,1.812080302e-03,310.190149,313.215752,313.215752,9.821119905e-04,8.181759715e-04,1.179234029e-05,row,0,-1.000000000e+00,-1.000000
cuda_warp_smem(blk512),double,local,local,16384,16384,32,1,1,1,15,2.440000002e-07,5.664092600e-02,5.291680000e-04,5.717033800e-02,5.538173362e-02,5.485232162e-02,1.788604375e-03,310.208223,313.202225,313.202225,9.534400105e-04,8.240320086e-04,1.113235605e-05,row,0,-1.000000000e+00,-1.000000
cuda_warp_smem(blk512),double,local,local,16384,16384,32,1,1,1,16,5.400000003e-07,5.661559200e-02,5.492520000e-04,5.716538400e-02,5.539641447e-02,5.484662247e-02,1.768969533e-03,310.126014,313.234770,313.234770,9.591680169e-04,7.983360291e-04,1.146548700e-05,row,0,-1.000000000e+00,-1.000000
cuda_warp_smem(blk512),double,local,local,16384,16384,32,1,1,1,17,2.559999999e-07,5.664464900e-02,5.203840000e-04,5.716528900e-02,5.537190495e-02,5.485126495e-02,1.793384046e-03,310.263286,313.208259,313.208259,9.766719937e-04,8.046079874e-04,1.210406525e-05,row,0,-1.000000000e+00,-1.000000
cuda_warp_smem(blk512),double,local,local,16384,16384,32,1,1,1,18,2.499999998e-07,5.663309800e-02,5.298680000e-04,5.716321600e-02,5.538195897e-02,5.485184097e-02,1.781257027e-03,310.206961,313.204970,313.204970,9.608319998e-04,8.078399897e-04,1.258503766e-05,row,0,-1.000000000e+00,-1.000000
cuda_warp_smem(blk512),double,local,local,16384,16384,32,1,1,1,19,2.380000002e-07,5.669055100e-02,5.357790000e-04,5.722656800e-02,5.539035278e-02,5.485433578e-02,1.836215215e-03,310.159952,313.190725,313.190725,9.952639937e-04,8.280640244e-04,1.288719690e-05,row,0,-1.000000000e+00,-1.000000
cuda_warp_smem(blk512),double,local,local,16384,16384,32,1,1,1,20,2.389999998e-07,5.664190200e-02,5.387690000e-04,5.718091000e-02,5.539209638e-02,5.485308838e-02,1.788813621e-03,310.150189,313.197847,313.197847,9.759680033e-04,8.004480004e-04,1.239761739e-05,row,0,-1.000000000e+00,-1.000000
cuda_warp_smem(blk1024),double,local,local,16384,16384,3,1,1,1,1,1.620000001e-07,6.101633000e-03,4.385300000e-05,6.145648000e-03,5.912686894e-03,5.868671894e-03,2.329611059e-04,272.399463,274.442457,274.442457,1.192639992e-04,1.034239978e-04,1.027310900e-05,row,0,-1.000000000e+00,-1.000000
cuda_warp_smem(blk1024),double,local,local,16384,16384,3,1,1,1,2,1.829999998e-07,6.098263000e-03,4.507500000e-05,6.143521000e-03,5.920169785e-03,5.874911785e-03,2.233512149e-04,272.055160,274.150965,274.150965,1.223040000e-04,9.068799764e-05,1.035921727e-05,row,0,-1.000000000e+00,-1.000000
cuda_warp_smem(blk1024),double,local,local,16384,16384,3,1,1,1,3,1.700000001e-07,6.090201000e-03,4.657300000e-05,6.136944000e-03,5.918231094e-03,5.871488094e-03,2.187129057e-04,272.144279,274.310824,274.310824,1.193279997e-04,8.937600255e-05,1.000890347e-05,row,0,-1.000000000e+00,-1.000000
cuda_warp_smem(blk1024),double,local,local,16384,16384,3,1,1,1,4,1.630000002e-07,6.090043000e-03,4.473200000e-05,6.134938000e-03,5.916607208e-03,5.871712208e-03,2.183307922e-04,272.218973,274.300354,274.300354,1.213440001e-04,8.783999830e-05,9.146793800e-06,row,0,-1.000000000e+00,-1.000000
cuda_warp_smem(blk1024),double,local,local,16384,16384,3,1,1,1,5,1.539999999e-07,6.084943000e-03,4.412000000e-05,6.129217000e-03,5.915569929e-03,5.871295929e-03,2.136470710e-04,272.266706,274.319802,274.319802,1.190399975e-04,8.508799970e-05,9.519073885e-06,row,0,-1.000000000e+00,-1.000000
cuda_warp_smem(blk1024),double,local,local,16384,16384,3,1,1,1,6,1.960000000e-07,6.085633000e-03,4.463500000e-05,6.130464000e-03,5.913375102e-03,5.868544102e-03,2.170888983e-04,272.367761,274.448434,274.448434,1.221119985e-04,8.499199897e-05,9.984900816e-06,row,0,-1.000000000e+00,-1.000000
cuda_warp_smem(blk1024),double,local,local,16384,16384,3,1,1,1,7,1.490000001e-07,6.085227000e-03,4.520700000e-05,6.130583000e-03,5.911659921e-03,5.866303921e-03,2.189230793e-04,272.446784,274.553238,274.553238,1.189439967e-04,9.030400217e-05,9.675080361e-06,row,0,-1.000000000e+00,-1.000000
cuda_warp_smem(blk1024),double,local,local,16384,16384,3,1,1,1,8,2.010000002e-07,6.086652000e-03,4.585800000e-05,6.132711000e-03,5.914794790e-03,5.868735790e-03,2.179162097e-04,272.302386,274.439469,274.439469,1.193599999e-04,8.905600011e-05,9.500209739e-06,row,0,-1.000000000e+00,-1.000000
cuda_warp_smem(blk1024),double,local,local,16384,16384,3,1,1,1,9,3.000000000e-07,6.079576000e-03,4.598600000e-05,6.125862000e-03,5.913741959e-03,5.867455959e-03,2.121200407e-04,272.350865,274.499331,274.499331,1.188480034e-04,8.441600204e-05,8.856035198e-06,row,0,-1.000000000e+00,-1.000000
cuda_warp_smem(blk1024),double,local,local,16384,16384,3,1,1,1,10,1.699999999e-07,6.095135000e-03,4.548700000e-05,6.140792000e-03,5.928025088e-03,5.882368088e-03,2.127669122e-04,271.694656,273.803460,273.803460,1.184640005e-04,8.492799848e-05,9.374913225e-06,row,0,-1.000000000e+00,-1.000000
cuda_warp_smem(blk1024),double,local,local,16384,16384,3,1,1,1,11,1.649999999e-07,6.091057000e-03,4.557600000e-05,6.136798000e-03,5.921325126e-03,5.875584126e-03,2.154728745e-04,272.002078,274.119594,274.119594,1.192639992e-04,8.745600283e-05,8.752872486e-06,row,0,-1.000000000e+00,-1.000000
cuda_warp_smem(blk1024),double,local,local,16384,16384,3,1,1,1,12,4.020000002e-07,6.089878000e-03,4.416900000e-05,6.134449000e-03,5.911162930e-03,5.866591930e-03,2.232860696e-04,272.469691,274.539759,274.539759,1.190719977e-04,9.369599819e-05,1.051807372e-05,row,0,-1.000000000e+00,-1.000000
cuda_warp_smem(blk1024),double,local,local,16384,16384,3,1,1,1,13,1.830000000e-07,5.715884000e-03,4.537900000e-05,5.761446000e-03,5.537786216e-03,5.492224216e-03,2.236597835e-04,290.840540,293.253275,293.253275,1.218879968e-04,9.225600213e-05,9.515784618e-06,row,0,-1.000000000e+00,-1.000000
cuda_warp_smem(blk1024),double,local,local,16384,16384,3,1,1,1,14,1.920000001e-07,5.682924000e-03,4.416200000e-05,5.727278000e-03,5.507810154e-03,5.463456154e-03,2.194678461e-04,292.423430,294.797412,294.797412,1.194880009e-04,9.001599997e-05,9.963845288e-06,row,0,-1.000000000e+00,-1.000000
cuda_warp_smem(blk1024),double,local,local,16384,16384,3,1,1,1,15,1.840000001e-07,5.673803000e-03,4.439900000e-05,5.718386000e-03,5.502471126e-03,5.457888126e-03,2.159148736e-04,292.707167,295.098159,295.098159,1.188160032e-04,8.835200220e-05,8.746868220e-06,row,0,-1.000000000e+00,-1.000000
cuda_warp_smem(blk1024),double,local,local,16384,16384,3,1,1,1,16,1.820000000e-07,5.671248000e-03,4.407900000e-05,5.715509000e-03,5.498341105e-03,5.454080105e-03,2.171678952e-04,292.927031,295.304195,295.304195,1.187520027e-04,8.879999816e-05,9.615894292e-06,row,0,-1.000000000e+00,-1.000000
cuda_warp_smem(blk1024),double,local,local,16384,16384,3,1,1,1,17,1.980000000e-07,5.671757000e-03,4.632000000e-05,5.718275000e-03,5.504501971e-03,5.457983971e-03,2.137730294e-04,292.599175,295.092977,295.092977,1.190719977e-04,8.499199897e-05,9.709032685e-06,row,0,-1.000000000e+00,-1.000000
cuda_warp_smem(blk1024),double,local,local,16384,16384,3,1,1,1,18,1.849999998e-07,5.670253000e-03,4.498000000e-05,5.715418000e-03,5.500332770e-03,5.455167770e-03,2.150852296e-04,292.820963,295.245317,295.245317,1.195200011e-04,8.553600311e-05,1.002922539e-05,row,0,-1.000000000e+00,-1.000000
cuda_warp_smem(blk1024),double,local,local,16384,16384,3,1,1,1,19,1.939999998e-07,5.664588000e-03,4.370100000e-05,5.708483000e-03,5.495126956e-03,5.451231956e-03,2.133560435e-04,293.098367,295.458485,295.458485,1.191999987e-04,8.595199883e-05,8.204046012e-06,row,0,-1.000000000e+00,-1.000000
cuda_warp_smem(blk1024),double,local,local,16384,16384,3,1,1,1,20,2.269999999e-07,5.683099000e-03,4.569500000e-05,5.729021000e-03,5.496706206e-03,5.450784206e-03,2.323147936e-04,293.014157,295.482755,295.482755,1.383679956e-04,8.508799970e-05,8.858798288e-06,row,0,-1.000000000e+00,-1.000000
cuda_warp_smem(blk1024),double,local,local,16384,16384,6,1,1,1,1,2.200000000e-07,1.014212600e-02,8.905400000e-05,1.023140000e-02,9.811194013e-03,9.721920013e-03,4.202059866e-04,328.321453,331.336348,331.336348,2.329279929e-04,1.783999950e-04,8.877998663e-06,row,0,-1.000000000e+00,-1.000000
cuda_warp_smem(blk1024),double,local,local,16384,16384,6,1,1,1,2,1.319999998e-07,1.219395600e-02,9.046500000e-05,1.228455300e-02,9.812261429e-03,9.721664429e-03,2.472291571e-03,328.285737,331.345059,331.345059,2.323520035e-04,2.230720043e-03,9.219524652e-06,row,0,-1.000000000e+00,-1.000000
cuda_warp_smem(blk1024),double,local,local,16384,16384,6,1,1,1,3,1.180000000e-07,1.013707200e-02,8.926800000e-05,1.022645800e-02,9.794121756e-03,9.704735756e-03,4.323362441e-04,328.893754,331.923048,331.923048,2.340160012e-04,1.877119988e-04,1.060824403e-05,row,0,-1.000000000e+00,-1.000000
cuda_warp_smem(blk1024),double,local,local,16384,16384,6,1,1,1,4,1.519999999e-07,1.012676400e-02,9.301600000e-05,1.021993200e-02,9.797199944e-03,9.704031944e-03,4.227320557e-04,328.790419,331.947122,331.947122,2.367680073e-04,1.765439957e-04,9.420052709e-06,row,0,-1.000000000e+00,-1.000000
cuda_warp_smem(blk1024),double,local,local,16384,16384,6,1,1,1,5,1.540000001e-07,1.012264200e-02,8.973500000e-05,1.021253100e-02,9.793217133e-03,9.703328133e-03,4.193138674e-04,328.924135,331.971199,331.971199,2.315199971e-04,1.776639968e-04,1.012987343e-05,row,0,-1.000000000e+00,-1.000000
cuda_warp_smem(blk1024),double,local,local,16384,16384,6,1,1,1,6,1.169999999e-07,1.012383300e-02,8.868100000e-05,1.021263100e-02,9.790877773e-03,9.702079773e-03,4.217532271e-04,329.002725,332.013913,332.013913,2.311680019e-04,1.803199947e-04,1.026523047e-05,row,0,-1.000000000e+00,-1.000000
cuda_warp_smem(blk1024),double,local,local,16384,16384,6,1,1,1,7,1.050000000e-07,1.011539000e-02,8.973900000e-05,1.020523400e-02,9.791187536e-03,9.701343536e-03,4.140464636e-04,328.992317,332.039110,332.039110,2.322559953e-04,1.715199947e-04,1.027047361e-05,row,0,-1.000000000e+00,-1.000000
cuda_warp_smem(blk1024),double,local,local,16384,16384,6,1,1,1,8,1.249999999e-07,1.011934500e-02,8.925400000e-05,1.020872400e-02,9.792546915e-03,9.703167915e-03,4.161770847e-04,328.946647,331.976680,331.976680,2.339199930e-04,1.724479944e-04,9.809097262e-06,row,0,-1.000000000e+00,-1.000000
cuda_warp_smem(blk1024),double,local,local,16384,16384,6,1,1,1,9,1.140000001e-07,1.012655400e-02,8.849600000e-05,1.021516400e-02,9.795234031e-03,9.706624031e-03,4.199299689e-04,328.856407,331.858477,331.858477,2.364159971e-04,1.745599955e-04,8.953976253e-06,row,0,-1.000000000e+00,-1.000000
cuda_warp_smem(blk1024),double,local,local,16384,16384,6,1,1,1,10,1.280000002e-07,1.012039500e-02,8.940900000e-05,1.020993200e-02,9.793377256e-03,9.703840256e-03,4.165547443e-04,328.918757,331.953679,331.953679,2.319359928e-04,1.748159975e-04,9.802753944e-06,row,0,-1.000000000e+00,-1.000000
cuda_warp_smem(blk1024),double,local,local,16384,16384,6,1,1,1,11,7.699999993e-08,1.011674300e-02,8.897800000e-05,1.020579800e-02,9.794078766e-03,9.705023766e-03,4.117192344e-04,328.895198,331.913198,331.913198,2.312960029e-04,1.703999937e-04,1.002323791e-05,row,0,-1.000000000e+00,-1.000000
cuda_warp_smem(blk1024),double,local,local,16384,16384,6,1,1,1,12,7.999999996e-08,1.011914400e-02,8.799700000e-05,1.020722100e-02,9.792652539e-03,9.704575539e-03,4.145684614e-04,328.943099,331.928528,331.928528,2.343679965e-04,1.691520065e-04,1.104845840e-05,row,0,-1.000000000e+00,-1.000000
cuda_warp_smem(blk1024),double,local,local,16384,16384,6,1,1,1,13,7.399999991e-08,1.010563700e-02,9.135200000e-05,1.019706300e-02,9.785089597e-03,9.693663597e-03,4.119734029e-04,329.197341,332.302172,332.302172,2.309119999e-04,1.705600023e-04,1.050140063e-05,row,0,-1.000000000e+00,-1.000000
cuda_warp_smem(blk1024),double,local,local,16384,16384,6,1,1,1,14,7.099999988e-08,1.010957700e-02,9.097900000e-05,1.020062700e-02,9.783626408e-03,9.692576408e-03,4.170005916e-04,329.246574,332.339446,332.339446,2.377920002e-04,1.687680036e-04,1.044058786e-05,row,0,-1.000000000e+00,-1.000000
cuda_warp_smem(blk1024),double,local,local,16384,16384,6,1,1,1,15,7.299999982e-08,1.010476100e-02,9.386400000e-05,1.019869800e-02,9.786896785e-03,9.692959785e-03,4.118012145e-04,329.136553,332.326301,332.326301,2.292799950e-04,1.720000058e-04,1.052121373e-05,row,0,-1.000000000e+00,-1.000000
cuda_warp_smem(blk1024),double,local,local,16384,16384,6,1,1,1,16,6.899999994e-08,1.011409100e-02,9.011800000e-05,1.020427800e-02,9.782634662e-03,9.692447662e-03,4.216433376e-04,329.279952,332.343860,332.343860,2.402240038e-04,1.716160029e-04,9.803330937e-06,row,0,-1.000000000e+00,-1.000000
cuda_warp_smem(blk1024),double,local,local,16384,16384,6,1,1,1,17,1.090000001e-07,1.010531100e-02,8.876600000e-05,1.019418600e-02,9.783819382e-03,9.694944382e-03,4.103666183e-04,329.240080,332.258272,332.258272,2.312320024e-04,1.696639955e-04,9.470620404e-06,row,0,-1.000000000e+00,-1.000000
cuda_warp_smem(blk1024),double,local,local,16384,16384,6,1,1,1,18,7.300000004e-08,1.010286200e-02,9.066000000e-05,1.019359500e-02,9.786669203e-03,9.695936203e-03,4.069257970e-04,329.144207,332.224285,332.224285,2.312320024e-04,1.670719981e-04,8.621796500e-06,row,0,-1.000000000e+00,-1.000000
cuda_warp_smem(blk1024),double,local,local,16384,16384,6,1,1,1,19,7.399999991e-08,1.010866400e-02,9.023000000e-05,1.019896800e-02,9.782527549e-03,9.692223549e-03,4.164404511e-04,329.283557,332.351545,332.351545,2.355519980e-04,1.716479957e-04,9.240457381e-06,row,0,-1.000000000e+00,-1.000000
cuda_warp_smem(blk1024),double,local,local,16384,16384,6,1,1,1,20,6.899999994e-08,1.009865600e-02,8.916600000e-05,1.018789100e-02,9.778771095e-03,9.689536095e-03,4.091199053e-04,329.410050,332.443725,332.443725,2.296960056e-04,1.702080071e-04,9.215892654e-06,row,0,-1.000000000e+00,-1.000000
cuda_warp_smem(blk1024),double,local,local,16384,16384,8,1,1,1,1,1.249999999e-07,1.347745100e-02,1.193160000e-04,1.359689200e-02,1.302907273e-02,1.290963173e-02,5.678192709e-04,329.644894,332.694796,332.694796,3.087359965e-04,2.477120012e-04,1.137127318e-05,row,0,-1.000000000e+00,-1.000000
cuda_warp_smem(blk1024),double,local,local,16384,16384,8,1,1,1,2,1.379999999e-07,1.346328300e-02,1.193540000e-04,1.358277500e-02,1.302528424e-02,1.290579224e-02,5.574907637e-04,329.740773,332.793773,332.793773,3.090240061e-04,2.391040027e-04,9.362754830e-06,row,0,-1.000000000e+00,-1.000000
cuda_warp_smem(blk1024),double,local,local,16384,16384,8,1,1,1,3,1.520000001e-07,1.346036500e-02,1.198900000e-04,1.358040700e-02,1.302602592e-02,1.290598392e-02,5.543810751e-04,329.721998,332.788830,332.788830,3.061439991e-04,2.375040054e-04,1.073307060e-05,row,0,-1.000000000e+00,-1.000000
cuda_warp_smem(blk1024),double,local,local,16384,16384,8,1,1,1,4,1.590000001e-07,1.347177100e-02,1.195550000e-04,1.359148500e-02,1.303280184e-02,1.291308784e-02,5.586831552e-04,329.550571,332.605752,332.605752,3.115839958e-04,2.369280010e-04,1.017115829e-05,row,0,-1.000000000e+00,-1.000000
cuda_warp_smem(blk1024),double,local,local,16384,16384,8,1,1,1,5,1.680000001e-07,1.343558000e-02,1.196820000e-04,1.355543000e-02,1.300602611e-02,1.288617611e-02,5.494038907e-04,330.229023,333.300372,333.300372,3.056960106e-04,2.328319997e-04,1.087588044e-05,row,0,-1.000000000e+00,-1.000000
cuda_warp_smem(blk1024),double,local,local,16384,16384,8,1,1,1,6,1.149999997e-07,1.343130500e-02,1.202210000e-04,1.355164100e-02,1.299239964e-02,1.287206364e-02,5.592413632e-04,330.575368,333.665791,333.665791,3.111039996e-04,2.376320064e-04,1.050535720e-05,row,0,-1.000000000e+00,-1.000000
cuda_warp_smem(blk1024),double,local,local,16384,16384,8,1,1,1,7,1.370000000e-07,1.341930100e-02,1.234650000e-04,1.354290300e-02,1.299633798e-02,1.287273598e-02,5.465650228e-04,330.475193,333.648364,333.648364,3.063040078e-04,2.295999974e-04,1.066101766e-05,row,0,-1.000000000e+00,-1.000000
cuda_warp_smem(blk1024),double,local,local,16384,16384,8,1,1,1,8,1.050000003e-07,1.341548600e-02,1.202080000e-04,1.353579900e-02,1.299260075e-02,1.287228775e-02,5.431982498e-04,330.570251,333.659982,333.659982,3.038400114e-04,2.292799950e-04,1.007824343e-05,row,0,-1.000000000e+00,-1.000000
cuda_warp_smem(blk1024),double,local,local,16384,16384,8,1,1,1,9,1.050000000e-07,1.341573800e-02,1.323360000e-04,1.354817900e-02,1.300296922e-02,1.287052822e-02,5.452097789e-04,330.306657,333.705596,333.705596,3.031359911e-04,2.312960029e-04,1.077778491e-05,row,0,-1.000000000e+00,-1.000000
cuda_warp_smem(blk1024),double,local,local,16384,16384,8,1,1,1,10,1.050000000e-07,1.343243200e-02,1.203060000e-04,1.355284300e-02,1.299669941e-02,1.287628841e-02,5.561435860e-04,330.466002,333.556314,333.556314,3.045760095e-04,2.409919947e-04,1.057558175e-05,row,0,-1.000000000e+00,-1.000000
cuda_warp_smem(blk1024),double,local,local,16384,16384,8,1,1,1,11,1.639999998e-07,1.341507100e-02,1.195660000e-04,1.353480100e-02,1.298900986e-02,1.286927986e-02,5.457911385e-04,330.661639,333.737967,333.737967,3.039680123e-04,2.308479995e-04,1.097512676e-05,row,0,-1.000000000e+00,-1.000000
cuda_warp_smem(blk1024),double,local,local,16384,16384,8,1,1,1,12,1.160000000e-07,1.340940700e-02,1.185400000e-04,1.352806300e-02,1.298303970e-02,1.286438370e-02,5.450233025e-04,330.813692,333.864987,333.864987,3.064959943e-04,2.273280025e-04,1.119930571e-05,row,0,-1.000000000e+00,-1.000000
cuda_warp_smem(blk1024),double,local,local,16384,16384,8,1,1,1,13,1.240000000e-07,1.341399200e-02,1.203410000e-04,1.353445700e-02,1.299172946e-02,1.287126446e-02,5.427275423e-04,330.592421,333.686508,333.686508,3.064959943e-04,2.255360037e-04,1.069554426e-05,row,0,-1.000000000e+00,-1.000000
cuda_warp_smem(blk1024),double,local,local,16384,16384,8,1,1,1,14,1.029999999e-07,1.340878900e-02,1.208020000e-04,1.352969400e-02,1.299085720e-02,1.286995220e-02,5.388367982e-04,330.614618,333.720532,333.720532,3.079999983e-04,2.203519940e-04,1.048480579e-05,row,0,-1.000000000e+00,-1.000000
cuda_warp_smem(blk1024),double,local,local,16384,16384,8,1,1,1,15,1.030000001e-07,1.340223200e-02,1.208210000e-04,1.352315600e-02,1.297884369e-02,1.285791969e-02,5.443123070e-04,330.920643,334.032829,334.032829,3.094719946e-04,2.240319997e-04,1.080831266e-05,row,0,-1.000000000e+00,-1.000000
cuda_warp_smem(blk1024),double,local,local,16384,16384,8,1,1,1,16,1.150000000e-07,1.340233500e-02,1.212760000e-04,1.352372600e-02,1.298372716e-02,1.286233616e-02,5.399988412e-04,330.796176,333.918135,333.918135,3.081600070e-04,2.210240066e-04,1.081482764e-05,row,0,-1.000000000e+00,-1.000000
cuda_warp_smem(blk1024),double,local,local,16384,16384,8,1,1,1,17,1.080000001e-07,1.343935800e-02,1.181890000e-04,1.355765500e-02,1.299410476e-02,1.287580776e-02,5.635502379e-04,330.531989,333.568765,333.568765,3.359999955e-04,2.179200053e-04,9.630237063e-06,row,0,-1.000000000e+00,-1.000000
cuda_warp_smem(blk1024),double,local,local,16384,16384,8,1,1,1,18,1.050000000e-07,1.341452300e-02,1.215350000e-04,1.353616300e-02,1.299316004e-02,1.287152004e-02,5.430029576e-04,330.556022,333.679883,333.679883,3.080320060e-04,2.236479968e-04,1.132295477e-05,row,0,-1.000000000e+00,-1.000000
cuda_warp_smem(blk1024),double,local,local,16384,16384,8,1,1,1,19,1.640000000e-07,1.341371400e-02,1.197730000e-04,1.353365100e-02,1.297408110e-02,1.285414410e-02,5.595699036e-04,331.042119,334.130944,334.130944,3.127680123e-04,2.369599938e-04,9.841897501e-06,row,0,-1.000000000e+00,-1.000000
cuda_warp_smem(blk1024),double,local,local,16384,16384,8,1,1,1,20,1.099999998e-07,1.343618900e-02,1.242230000e-04,1.356052200e-02,1.299895725e-02,1.287462425e-02,5.615647477e-04,330.408602,333.599429,333.599429,3.208639920e-04,2.296639979e-04,1.103675782e-05,row,0,-1.000000000e+00,-1.000000
