kernel,scalar,a_mode,x_mode,M,N,k,P,pr,pc,rep,t_bcast_s,t_local_s,t_reduce_s,t_total_s,t_official_s,t_kernel_s,t_transfer_runtime_overhead_s,gflops,gflops_compute,gflops_kernel,t_h2d_X_s,t_d2h_Y_s,t_launch_overhead_s,x_layout,group_timing,t_local_group_s,gflops_local_group
cuda_warp_smem,double,global,global,4096,4096,3,8,1,8,1,1.949999999e-07,1.312699000e-03,1.160278000e-03,1.406753000e-03,1.222053000e-03,6.307200342e-05,1.249690997e-03,82.372283,1596.006002,1596.006002,1.196544051e-03,4.166400060e-05,1.893299026e-05,row,0,-1.000000000e+00,-1.000000
cuda_warp_smem,double,global,global,4096,4096,3,8,1,8,2,3.060000000e-07,1.313052000e-03,6.589320000e-04,1.404611000e-03,7.219140024e-04,6.313599646e-05,1.251452000e-03,139.439456,1594.388331,1594.388331,1.193887949e-03,4.211200029e-05,2.530805160e-05,row,0,-1.000000000e+00,-1.000000
cuda_warp_smem,double,global,global,4096,4096,3,8,1,8,3,1.919999999e-07,1.316871000e-03,6.607420000e-04,1.408571000e-03,7.222569987e-04,6.326399744e-05,1.253958998e-03,139.373237,1591.162432,1591.162432,1.196480036e-03,4.383999854e-05,2.192696325e-05,row,0,-1.000000000e+00,-1.000000
cuda_warp_smem,double,global,global,4096,4096,3,8,1,8,4,1.370000000e-07,1.323570000e-03,6.525990000e-04,1.414489000e-03,7.147619998e-04,6.339199841e-05,1.260914000e-03,140.834706,1587.949560,1587.949560,1.196480036e-03,3.814399987e-05,3.166596404e-05,row,0,-1.000000000e+00,-1.000000
cuda_warp_smem,double,global,global,4096,4096,3,8,1,8,5,2.290000001e-07,1.297383000e-03,1.159950000e-03,1.390860000e-03,1.223147996e-03,6.313599646e-05,1.234694999e-03,82.298541,1594.388331,1594.388331,1.188351989e-03,4.083200172e-05,1.883699087e-05,row,0,-1.000000000e+00,-1.000000
cuda_warp_smem,double,global,global,4096,4096,3,8,1,8,6,2.930000000e-07,1.317217000e-03,6.592840000e-04,1.407588000e-03,7.215800008e-04,6.316799670e-05,1.254049003e-03,139.503999,1593.580630,1593.580630,1.196928024e-03,3.840000182e-05,2.128097805e-05,row,0,-1.000000000e+00,-1.000000
cuda_warp_smem,double,global,global,4096,4096,3,8,1,8,7,1.640000000e-07,1.311857000e-03,6.451690000e-04,1.402061000e-03,7.073309987e-04,6.342399865e-05,1.250385001e-03,142.314272,1587.148369,1587.148369,1.193024039e-03,3.993599862e-05,2.548896149e-05,row,0,-1.000000000e+00,-1.000000
cuda_warp_smem,double,global,global,4096,4096,3,8,1,8,8,2.129999999e-07,1.326387000e-03,6.628770000e-04,1.419897000e-03,7.256400005e-04,6.348799914e-05,1.262963001e-03,138.723466,1585.548409,1585.548409,1.195456028e-03,4.313600063e-05,3.221097282e-05,row,0,-1.000000000e+00,-1.000000
cuda_warp_smem,double,global,global,4096,4096,3,8,1,8,9,1.709999999e-07,1.316800000e-03,6.503570000e-04,1.406248000e-03,7.127010013e-04,6.329599768e-05,1.254208000e-03,141.241974,1590.357996,1590.357996,1.198688030e-03,3.990399837e-05,2.247197044e-05,row,0,-1.000000000e+00,-1.000000
cuda_warp_smem,double,global,global,4096,4096,3,8,1,8,10,1.430000001e-07,1.310824000e-03,6.439310000e-04,1.402327000e-03,7.062740013e-04,6.348799914e-05,1.247592003e-03,142.527257,1585.548409,1585.548409,1.193632007e-03,5.398400128e-05,2.316800468e-05,row,0,-1.000000000e+00,-1.000000
cuda_warp_smem,double,global,global,4096,4096,3,8,1,8,11,1.740000002e-07,1.316707000e-03,6.659970000e-04,1.406269000e-03,7.288230012e-04,6.342399865e-05,1.253347002e-03,138.117617,1587.148369,1587.148369,1.198528051e-03,4.556800053e-05,2.605201975e-05,row,0,-1.000000000e+00,-1.000000
cuda_warp_smem,double,global,global,4096,4096,3,8,1,8,12,1.780000001e-07,1.311505000e-03,6.444450000e-04,1.400379000e-03,7.079719991e-04,6.348799914e-05,1.249489001e-03,142.185420,1585.548409,1585.548409,1.196383953e-03,5.052800104e-05,2.723697937e-05,row,0,-1.000000000e+00,-1.000000
cuda_warp_smem,double,global,global,4096,4096,3,8,1,8,13,2.150000000e-07,1.589820000e-03,1.138690000e-04,1.699452000e-03,1.756929999e-04,6.304000318e-05,1.528348001e-03,572.949953,1596.816163,1596.816163,1.195999980e-03,1.404927969e-03,2.502196141e-05,row,0,-1.000000000e+00,-1.000000
cuda_warp_smem,double,global,global,4096,4096,3,8,1,8,14,1.780000001e-07,1.319818000e-03,1.161584000e-03,1.412794000e-03,1.223116998e-03,6.348799914e-05,1.256905998e-03,82.300627,1585.548409,1585.548409,1.205440044e-03,4.579199851e-05,1.781101356e-05,row,0,-1.000000000e+00,-1.000000
cuda_warp_smem,double,global,global,4096,4096,3,8,1,8,15,2.059999999e-07,1.303458000e-03,6.345420000e-04,1.396808000e-03,6.963000004e-04,6.284800172e-05,1.241890001e-03,144.568858,1601.694457,1601.694457,1.192352057e-03,5.814399943e-05,2.067800909e-05,row,0,-1.000000000e+00,-1.000000
cuda_warp_smem,double,global,global,4096,4096,3,8,1,8,16,3.840000000e-07,1.317895000e-03,6.473860000e-04,1.407202000e-03,7.105950027e-04,6.297600269e-05,1.255206999e-03,141.660574,1598.438956,1598.438956,1.198047996e-03,3.974400088e-05,3.368801215e-05,row,0,-1.000000000e+00,-1.000000
cuda_warp_smem,double,global,global,4096,4096,3,8,1,8,17,2.539999999e-07,1.311509000e-03,6.452820000e-04,1.401465000e-03,7.082260020e-04,6.304000318e-05,1.248949000e-03,142.134426,1596.816163,1596.816163,1.193503976e-03,4.236799851e-05,3.216001131e-05,row,0,-1.000000000e+00,-1.000000
cuda_warp_smem,double,global,global,4096,4096,3,8,1,8,18,1.670000001e-07,1.312425000e-03,6.466740000e-04,1.401463000e-03,7.088099996e-04,6.319999695e-05,1.249225003e-03,142.017319,1592.773748,1592.773748,1.195423961e-03,3.743999824e-05,3.248801942e-05,row,0,-1.000000000e+00,-1.000000
cuda_warp_smem,double,global,global,4096,4096,3,8,1,8,19,1.960000000e-07,1.317472000e-03,6.478070000e-04,1.417764000e-03,7.096990004e-04,6.348799914e-05,1.255904001e-03,141.839422,1585.548409,1585.548409,1.197088003e-03,4.236799851e-05,3.410499815e-05,row,0,-1.000000000e+00,-1.000000
cuda_warp_smem,double,global,global,4096,4096,3,8,1,8,20,2.209999999e-07,1.313693000e-03,6.585240000e-04,1.406531000e-03,7.214570020e-04,6.348799914e-05,1.251229001e-03,139.527783,1585.548409,1585.548409,1.197183967e-03,4.112000018e-05,2.316798237e-05,row,0,-1.000000000e+00,-1.000000
cuda_warp_smem,double,global,global,4096,4096,6,8,1,8,1,2.050000001e-07,1.711371000e-03,9.509200000e-04,1.844974000e-03,1.057825001e-03,1.076480001e-04,1.604875001e-03,190.321265,1870.230676,1870.230676,1.520544052e-03,6.233600155e-05,2.199494753e-05,row,0,-1.000000000e+00,-1.000000
cuda_warp_smem,double,global,global,4096,4096,6,8,1,8,2,2.959999998e-07,1.697400000e-03,1.456354000e-03,1.839452000e-03,1.562887999e-03,1.418848038e-03,1.590904001e-03,128.817031,141.894401,141.894401,1.525727987e-03,7.670400292e-05,2.330900093e-05,row,0,-1.000000000e+00,-1.000000
cuda_warp_smem,double,global,global,4096,4096,6,8,1,8,3,2.729999999e-07,1.697326000e-03,8.575430000e-04,1.883260000e-03,9.640789988e-04,1.076480001e-04,1.592014003e-03,208.827899,1870.230676,1870.230676,1.522400022e-03,7.097599655e-05,2.467802365e-05,row,0,-1.000000000e+00,-1.000000
cuda_warp_smem,double,global,global,4096,4096,6,8,1,8,4,2.550000002e-07,1.702831000e-03,8.554100000e-04,1.893483000e-03,9.621370003e-04,1.067200005e-04,1.596303001e-03,209.249402,1886.493544,1886.493544,1.523488045e-03,6.070400029e-05,2.574500230e-05,row,0,-1.000000000e+00,-1.000000
cuda_warp_smem,double,global,global,4096,4096,6,8,1,8,5,2.509999999e-07,1.690414000e-03,1.324799000e-03,1.818247000e-03,1.431429999e-03,1.077120006e-04,1.583918001e-03,140.647180,1869.119419,1869.119419,1.521376014e-03,6.467200071e-05,2.060801084e-05,row,0,-1.000000000e+00,-1.000000
cuda_warp_smem,double,global,global,4096,4096,6,8,1,8,6,5.999999999e-07,1.693684000e-03,8.409650000e-04,1.888639000e-03,9.475089988e-04,1.067520007e-04,1.587188001e-03,212.479873,1885.928044,1885.928044,1.516064048e-03,6.099199876e-05,2.357195266e-05,row,0,-1.000000000e+00,-1.000000
cuda_warp_smem,double,global,global,4096,4096,6,8,1,8,7,2.830000001e-07,1.691831000e-03,8.515860000e-04,1.896849000e-03,9.581199988e-04,1.065279990e-04,1.586231001e-03,210.126698,1889.893679,1889.893679,1.520768046e-03,6.195199862e-05,2.274200232e-05,row,0,-1.000000000e+00,-1.000000
cuda_warp_smem,double,global,global,4096,4096,6,8,1,8,8,2.990000001e-07,1.697547000e-03,8.574410000e-04,1.880721000e-03,9.639759988e-04,1.068160012e-04,1.591562998e-03,208.850212,1884.798061,1884.798061,1.524736047e-03,6.105599925e-05,2.132095551e-05,row,0,-1.000000000e+00,-1.000000
cuda_warp_smem,double,global,global,4096,4096,6,8,1,8,9,3.009999998e-07,1.696522000e-03,8.468160000e-04,1.877405000e-03,9.533509988e-04,1.069440022e-04,1.591242003e-03,211.177827,1882.542151,1882.542151,1.521792054e-03,5.964799970e-05,2.228194730e-05,row,0,-1.000000000e+00,-1.000000
cuda_warp_smem,double,global,global,4096,4096,6,8,1,8,10,3.110000000e-07,1.699777000e-03,8.515360000e-04,1.883350000e-03,9.580699988e-04,1.065919995e-04,1.593281001e-03,210.137665,1888.758940,1888.758940,1.520576000e-03,6.073600054e-05,2.145705069e-05,row,0,-1.000000000e+00,-1.000000
cuda_warp_smem,double,global,global,4096,4096,6,8,1,8,11,2.900000000e-07,1.689299000e-03,8.459310000e-04,1.882121000e-03,9.524659988e-04,1.064959988e-04,1.583059003e-03,211.374046,1890.461560,1890.461560,1.510751963e-03,5.731200054e-05,2.091504032e-05,row,0,-1.000000000e+00,-1.000000
cuda_warp_smem,double,global,global,4096,4096,6,8,1,8,12,2.930000000e-07,1.703448000e-03,8.468730000e-04,1.908184000e-03,9.534079988e-04,1.075839996e-04,1.597144003e-03,211.165201,1871.343254,1871.343254,1.518239975e-03,5.903999880e-05,2.200802659e-05,row,0,-1.000000000e+00,-1.000000
cuda_warp_smem,double,global,global,4096,4096,6,8,1,8,13,2.819999998e-07,1.695420000e-03,8.500300000e-04,1.897556000e-03,9.565639988e-04,1.072959974e-04,1.588956001e-03,210.468502,1876.366284,1876.366284,1.523936033e-03,6.265600026e-05,2.386998238e-05,row,0,-1.000000000e+00,-1.000000
cuda_warp_smem,double,global,global,4096,4096,6,8,1,8,14,2.880000001e-07,1.699579000e-03,8.652490000e-04,1.870455000e-03,9.713680031e-04,1.077120006e-04,1.593243002e-03,207.260885,1869.119419,1869.119419,1.525727987e-03,6.860800087e-05,1.903694762e-05,row,0,-1.000000000e+00,-1.000000
cuda_warp_smem,double,global,global,4096,4096,6,8,1,8,15,3.230000001e-07,1.692948000e-03,8.448740000e-04,1.888744000e-03,9.502569975e-04,1.076800004e-04,1.586324000e-03,211.865414,1869.674882,1869.674882,1.519359946e-03,6.051199883e-05,2.041402705e-05,row,0,-1.000000000e+00,-1.000000
cuda_warp_smem,double,global,global,4096,4096,6,8,1,8,16,2.800000001e-07,1.692470000e-03,8.433990000e-04,1.885103000e-03,9.499329988e-04,1.067200005e-04,1.586230003e-03,211.937676,1886.493544,1886.493544,1.516608000e-03,5.878400058e-05,2.663201781e-05,row,0,-1.000000000e+00,-1.000000
cuda_warp_smem,double,global,global,4096,4096,6,8,1,8,17,2.690000001e-07,1.695159000e-03,8.496280000e-04,1.873021000e-03,9.571949991e-04,1.075199991e-04,1.588438999e-03,210.329757,1872.457158,1872.457158,1.518847942e-03,6.041600183e-05,2.244901611e-05,row,0,-1.000000000e+00,-1.000000
cuda_warp_smem,double,global,global,4096,4096,6,8,1,8,18,2.770000003e-07,1.693802000e-03,8.545420000e-04,1.897395000e-03,9.597640037e-04,1.064959988e-04,1.587306001e-03,209.766767,1890.461560,1890.461560,1.519232035e-03,6.358399987e-05,2.133800859e-05,row,0,-1.000000000e+00,-1.000000
cuda_warp_smem,double,global,global,4096,4096,6,8,1,8,19,2.620000001e-07,1.704251000e-03,8.524130000e-04,1.913875000e-03,9.608359983e-04,1.083839983e-04,1.598779002e-03,209.532732,1857.530588,1857.530588,1.514592052e-03,6.838399917e-05,2.725894870e-05,row,0,-1.000000000e+00,-1.000000
cuda_warp_smem,double,global,global,4096,4096,6,8,1,8,20,4.560000000e-07,1.728414000e-03,9.764560000e-04,1.879870000e-03,1.083332000e-03,1.066560000e-04,1.621918001e-03,185.840160,1887.625562,1887.625562,1.525920033e-03,6.960000098e-05,1.324791999e-03,row,0,-1.000000000e+00,-1.000000
cuda_warp_smem,double,global,global,4096,4096,8,8,1,8,1,2.960000001e-07,2.054747000e-03,1.521869000e-03,2.278978000e-03,1.668279996e-03,1.474560052e-04,1.909115001e-03,160.905517,1820.444380,1820.444380,1.823423982e-03,7.705599815e-05,2.640498291e-05,row,0,-1.000000000e+00,-1.000000
cuda_warp_smem,double,global,global,4096,4096,8,8,1,8,2,2.150000000e-07,2.064218000e-03,1.789226000e-03,2.243868000e-03,1.936726005e-03,1.474560052e-04,1.917209998e-03,138.602701,1820.444380,1820.444380,1.826912045e-03,7.993599772e-05,3.165599371e-05,row,0,-1.000000000e+00,-1.000000
cuda_warp_smem,double,global,global,4096,4096,8,8,1,8,3,3.000000000e-07,2.050361000e-03,1.501188000e-03,2.300514000e-03,1.648213994e-03,1.474560052e-04,1.902904995e-03,162.864444,1820.444380,1820.444380,1.818400025e-03,8.793599904e-05,2.487298406e-05,row,0,-1.000000000e+00,-1.000000
cuda_warp_smem,double,global,global,4096,4096,8,8,1,8,4,2.120000000e-07,2.056716000e-03,1.719113000e-03,2.316289000e-03,1.866727005e-03,1.477440000e-04,1.909835999e-03,143.800060,1816.895820,1816.895820,1.832672000e-03,7.561600208e-05,2.735296719e-05,row,0,-1.000000000e+00,-1.000000
cuda_warp_smem,double,global,global,4096,4096,8,8,1,8,5,1.053700000e-05,2.044978000e-03,1.691175000e-03,2.305928000e-03,1.838743998e-03,1.478720009e-04,1.898162000e-03,145.988488,1815.323079,1815.323079,1.823711991e-03,8.915200084e-05,2.097499739e-05,row,0,-1.000000000e+00,-1.000000
cuda_warp_smem,double,global,global,4096,4096,8,8,1,8,6,3.070000001e-07,2.052804000e-03,1.521943000e-03,2.314890000e-03,1.669468005e-03,1.474560052e-04,1.905667997e-03,160.791016,1820.444380,1820.444380,1.818431973e-03,7.356800139e-05,3.070101398e-05,row,0,-1.000000000e+00,-1.000000
cuda_warp_smem,double,global,global,4096,4096,8,8,1,8,7,2.909999999e-07,2.057602000e-03,1.695235000e-03,2.296331000e-03,1.845652997e-03,1.502719969e-04,1.911201995e-03,145.441996,1786.330531,1786.330531,1.836032033e-03,8.028800040e-05,3.092295904e-05,row,0,-1.000000000e+00,-1.000000
cuda_warp_smem,double,global,global,4096,4096,8,8,1,8,8,2.210000001e-07,2.048962000e-03,1.759944000e-03,2.237886000e-03,1.907278997e-03,1.474560052e-04,1.901505995e-03,140.742627,1820.444380,1820.444380,1.815520048e-03,7.766400278e-05,2.659394516e-05,row,0,-1.000000000e+00,-1.000000
cuda_warp_smem,double,global,global,4096,4096,8,8,1,8,9,2.939999999e-07,2.044550000e-03,1.525369000e-03,2.299651000e-03,1.671236000e-03,1.471039951e-04,1.897862001e-03,160.620915,1824.800583,1824.800583,1.817535996e-03,8.575999737e-05,2.332800561e-05,row,0,-1.000000000e+00,-1.000000
cuda_warp_smem,double,global,global,4096,4096,8,8,1,8,10,3.210000001e-07,2.042675000e-03,1.695469000e-03,2.290539000e-03,1.842003997e-03,1.474560052e-04,1.896979001e-03,145.730116,1820.444380,1820.444380,1.822047949e-03,7.487999648e-05,2.367304279e-05,row,0,-1.000000000e+00,-1.000000
cuda_warp_smem,double,global,global,4096,4096,8,8,1,8,11,2.800000001e-07,2.049523000e-03,1.768276000e-03,2.236867000e-03,1.914138000e-03,1.470720023e-04,1.902611006e-03,140.238298,1825.197535,1825.197535,1.815199971e-03,8.009599894e-05,3.140400168e-05,row,0,-1.000000000e+00,-1.000000
cuda_warp_smem,double,global,global,4096,4096,8,8,1,8,12,2.650000002e-07,2.043476000e-03,1.521811000e-03,2.302351000e-03,1.667651999e-03,1.472640038e-04,1.896628007e-03,160.966111,1822.817859,1822.817859,1.814687967e-03,9.193599969e-05,2.284501826e-05,row,0,-1.000000000e+00,-1.000000
cuda_warp_smem,double,global,global,4096,4096,8,8,1,8,13,2.889999999e-07,2.047601000e-03,1.764934000e-03,2.232919000e-03,1.912332997e-03,1.487360001e-04,1.901489005e-03,140.370666,1804.777968,1804.777968,1.814623952e-03,9.775999933e-05,2.171305620e-05,row,0,-1.000000000e+00,-1.000000
cuda_warp_smem,double,global,global,4096,4096,8,8,1,8,14,3.090000000e-07,2.045607000e-03,1.508608000e-03,2.305938000e-03,1.657173006e-03,1.485120058e-04,1.899495005e-03,161.983966,1807.500037,1807.500037,1.811007977e-03,8.780799806e-05,2.323298361e-05,row,0,-1.000000000e+00,-1.000000
cuda_warp_smem,double,global,global,4096,4096,8,8,1,8,15,3.069999999e-07,2.044985000e-03,1.761926000e-03,2.233464000e-03,1.908075995e-03,1.469759941e-04,1.898009006e-03,140.683839,1826.389797,1826.389797,1.810655951e-03,9.459199756e-05,2.042302741e-05,row,0,-1.000000000e+00,-1.000000
cuda_warp_smem,double,global,global,4096,4096,8,8,1,8,16,2.680000000e-07,2.043917000e-03,1.522048000e-03,2.296202000e-03,1.668837007e-03,1.473920047e-04,1.898508995e-03,160.851812,1821.234853,1821.234853,1.812224030e-03,8.755200356e-05,2.200800586e-05,row,0,-1.000000000e+00,-1.000000
cuda_warp_smem,double,global,global,4096,4096,8,8,1,8,17,2.410000000e-07,2.045756000e-03,1.694220000e-03,2.295187000e-03,1.841536996e-03,1.473599970e-04,1.899803999e-03,145.767072,1821.630438,1821.630438,1.821280003e-03,8.495999873e-05,2.458699239e-05,row,0,-1.000000000e+00,-1.000000
cuda_warp_smem,double,global,global,4096,4096,8,8,1,8,18,2.160000001e-07,2.049021000e-03,1.771221000e-03,2.233923000e-03,1.917370995e-03,1.474560052e-04,1.903612995e-03,140.001834,1820.444380,1820.444380,1.811872005e-03,8.367999643e-05,2.985301227e-05,row,0,-1.000000000e+00,-1.000000
cuda_warp_smem,double,global,global,4096,4096,8,8,1,8,19,3.369999999e-07,2.038456000e-03,1.751174000e-03,2.219867000e-03,1.897584997e-03,1.471679956e-04,1.892375998e-03,141.461624,1824.007013,1824.007013,1.812288046e-03,6.905599684e-05,2.306099149e-05,row,0,-1.000000000e+00,-1.000000
cuda_warp_smem,double,global,global,4096,4096,8,8,1,8,20,2.920000002e-07,2.043407000e-03,1.517253000e-03,2.308408000e-03,1.664638996e-03,1.474560052e-04,1.897423006e-03,161.257460,1820.444380,1820.444380,1.814592004e-03,8.793599904e-05,2.197498371e-05,row,0,-1.000000000e+00,-1.000000
cuda_warp_smem,double,global,global,4096,4096,20,8,1,8,1,4.620000000e-07,3.680215000e-03,2.710461000e-03,4.371050000e-03,4.088732922e-03,3.361567974e-03,3.186470259e-04,164.131200,199.635600,199.635600,1.229439974e-04,2.012159973e-04,2.735202339e-05,row,0,-1.000000000e+00,-1.000000
cuda_warp_smem,double,global,global,4096,4096,20,8,1,8,2,4.350000000e-07,3.679165000e-03,3.256639000e-03,4.356716000e-03,4.076746022e-03,3.405567884e-03,3.200481188e-04,164.613797,197.056310,197.056310,1.230399981e-04,2.046079934e-04,2.383896772e-05,row,0,-1.000000000e+00,-1.000000
cuda_warp_smem,double,global,global,4096,4096,20,8,1,8,3,5.869999999e-07,3.655230000e-03,3.119646000e-03,4.191331000e-03,3.862622040e-03,3.379199982e-03,3.287089604e-04,173.739142,198.593940,198.593940,1.146880016e-04,1.909759939e-04,2.474095549e-05,row,0,-1.000000000e+00,-1.000000
cuda_warp_smem,double,global,global,4096,4096,20,8,1,8,4,3.609999999e-07,3.662794000e-03,2.726293000e-03,4.347303000e-03,4.062509977e-03,3.368000031e-03,2.947939695e-04,165.190644,199.254345,199.254345,1.211519986e-04,1.896959990e-04,2.368996897e-05,row,0,-1.000000000e+00,-1.000000
cuda_warp_smem,double,global,global,4096,4096,20,8,1,8,5,4.090000001e-07,3.680368000e-03,2.688250000e-03,4.354026000e-03,4.055937881e-03,3.357791901e-03,3.292459823e-04,165.458313,199.860104,199.860104,1.341120005e-04,1.977279931e-04,1.741801554e-05,row,0,-1.000000000e+00,-1.000000
cuda_warp_smem,double,global,global,4096,4096,20,8,1,8,6,3.740000001e-07,3.685194000e-03,3.256217000e-03,4.339317000e-03,4.074728995e-03,3.406784058e-03,3.043600283e-04,164.695282,196.985963,196.985963,1.222719997e-04,1.942719966e-04,2.385794541e-05,row,0,-1.000000000e+00,-1.000000
cuda_warp_smem,double,global,global,4096,4096,20,8,1,8,7,2.840000000e-07,3.668521000e-03,2.761823000e-03,4.352478000e-03,4.068354969e-03,3.370208025e-03,2.983129750e-04,164.953315,199.123803,199.123803,1.239999980e-04,1.963520050e-04,2.237696752e-05,row,0,-1.000000000e+00,-1.000000
cuda_warp_smem,double,global,global,4096,4096,20,8,1,8,8,3.769999999e-07,3.682577000e-03,3.249594000e-03,4.348930000e-03,4.030510998e-03,3.433183908e-03,3.245939706e-04,166.502123,195.471218,195.471218,1.147200018e-04,1.998399943e-04,2.491500192e-05,row,0,-1.000000000e+00,-1.000000
cuda_warp_smem,double,global,global,4096,4096,20,8,1,8,9,5.780000001e-07,3.681456000e-03,3.252584000e-03,4.346451000e-03,4.067531027e-03,3.404831886e-03,3.049781129e-04,164.986729,197.098906,197.098906,1.144960001e-04,1.929280013e-04,2.467996689e-05,row,0,-1.000000000e+00,-1.000000
cuda_warp_smem,double,global,global,4096,4096,20,8,1,8,10,3.489999998e-07,3.656216000e-03,3.120474000e-03,4.190051000e-03,3.860909070e-03,3.382528067e-03,3.291419296e-04,173.816225,198.398543,198.398543,1.141759977e-04,1.945279986e-04,2.494993046e-05,row,0,-1.000000000e+00,-1.000000
cuda_warp_smem,double,global,global,4096,4096,20,8,1,8,11,3.549999998e-07,3.685276000e-03,3.255984000e-03,4.358793000e-03,4.036146985e-03,3.419071913e-03,3.226460152e-04,166.269624,196.278013,196.278013,1.174079999e-04,1.891839951e-04,2.338200885e-05,row,0,-1.000000000e+00,-1.000000
cuda_warp_smem,double,global,global,4096,4096,20,8,1,8,12,3.419999999e-07,3.662350000e-03,3.135090000e-03,4.195516000e-03,3.865891097e-03,3.379136086e-03,3.296249025e-04,173.592226,198.597696,198.597696,1.138560027e-04,1.928640008e-04,2.295791463e-05,row,0,-1.000000000e+00,-1.000000
cuda_warp_smem,double,global,global,4096,4096,20,8,1,8,13,2.860000001e-07,3.657099000e-03,3.125798000e-03,4.169255000e-03,3.904148012e-03,3.360064030e-03,3.209189537e-04,171.891188,199.724956,199.724956,1.239039972e-04,1.908800006e-04,2.344299151e-05,row,0,-1.000000000e+00,-1.000000
cuda_warp_smem,double,global,global,4096,4096,20,8,1,8,14,4.389999999e-07,3.655370000e-03,3.136684000e-03,4.171651000e-03,3.843707991e-03,3.377279997e-03,3.279430086e-04,174.594075,198.706841,198.706841,1.150079966e-04,1.919039935e-04,2.448701506e-05,row,0,-1.000000000e+00,-1.000000
cuda_warp_smem,double,global,global,4096,4096,20,8,1,8,15,5.299999999e-07,3.661195000e-03,3.134970000e-03,4.187386000e-03,3.880354883e-03,3.407392025e-03,3.309339728e-04,172.945171,196.950816,196.950816,1.208959967e-04,1.934719980e-04,2.274302710e-05,row,0,-1.000000000e+00,-1.000000
cuda_warp_smem,double,global,global,4096,4096,20,8,1,8,16,5.820000000e-07,3.657702000e-03,2.720326000e-03,4.344278000e-03,4.073212005e-03,3.364896059e-03,3.003229466e-04,164.756619,199.438149,199.438149,1.228799969e-04,1.882880032e-04,2.326994494e-05,row,0,-1.000000000e+00,-1.000000
cuda_warp_smem,double,global,global,4096,4096,20,8,1,8,17,4.079999998e-07,3.656041000e-03,3.136418000e-03,4.199159000e-03,3.918515020e-03,3.351327896e-03,3.047131039e-04,171.260959,200.245592,200.245592,1.129600033e-04,1.854719967e-04,3.690299755e-05,row,0,-1.000000000e+00,-1.000000
cuda_warp_smem,double,global,global,4096,4096,20,8,1,8,18,4.240000000e-07,3.680413000e-03,3.267970000e-03,4.365152000e-03,4.088886012e-03,3.404608011e-03,3.036650187e-04,164.125055,197.111867,197.111867,1.220159978e-04,1.903679967e-04,2.222502144e-05,row,0,-1.000000000e+00,-1.000000
cuda_warp_smem,double,global,global,4096,4096,20,8,1,8,19,3.230000001e-07,3.647557000e-03,3.114197000e-03,4.181912000e-03,3.893097022e-03,3.348288059e-03,3.008669880e-04,172.379120,200.427391,200.427391,1.142399982e-04,1.934079975e-04,2.299097320e-05,row,0,-1.000000000e+00,-1.000000
cuda_warp_smem,double,global,global,4096,4096,20,8,1,8,20,3.319999999e-07,3.670578000e-03,3.293690000e-03,4.379820000e-03,4.081788016e-03,3.372031927e-03,3.261440372e-04,164.410459,199.016099,199.016099,1.133759990e-04,1.905920058e-04,2.217603229e-05,row,0,-1.000000000e+00,-1.000000
cuda_warp_smem,double,global,global,4096,4096,32,8,1,8,1,4.710000001e-07,5.527490000e-03,4.214909000e-03,6.676678000e-03,6.168819841e-03,5.095520020e-03,5.078581593e-04,174.059521,210.722717,210.722717,1.807679981e-04,3.158400059e-04,2.373199349e-05,row,0,-1.000000000e+00,-1.000000
cuda_warp_smem,double,global,global,4096,4096,32,8,1,8,2,3.829999999e-07,5.524401000e-03,4.193662000e-03,6.663458000e-03,6.145741053e-03,5.105919838e-03,5.177169465e-04,174.713157,210.293514,210.293514,1.836480051e-04,3.236800134e-04,2.446292291e-05,row,0,-1.000000000e+00,-1.000000
cuda_warp_smem,double,global,global,4096,4096,32,8,1,8,3,6.509999999e-07,5.526546000e-03,4.205637000e-03,6.663380000e-03,6.193180208e-03,5.058144093e-03,5.097699759e-04,173.374872,212.279802,212.279802,1.826560050e-04,3.214080036e-04,2.400997259e-05,row,0,-1.000000000e+00,-1.000000
cuda_warp_smem,double,global,global,4096,4096,32,8,1,8,4,4.200000001e-07,5.522378000e-03,4.174701000e-03,6.637012000e-03,6.187381085e-03,5.054975986e-03,5.147210348e-04,173.537367,212.412844,212.412844,1.791680008e-04,3.192000091e-04,2.428902565e-05,row,0,-1.000000000e+00,-1.000000
cuda_warp_smem,double,global,global,4096,4096,32,8,1,8,5,3.990000002e-07,5.521221000e-03,4.187608000e-03,6.519227000e-03,6.025144968e-03,5.047232151e-03,5.524201119e-04,178.210123,212.738743,212.738743,1.931200027e-04,3.344959915e-04,2.480411772e-05,row,0,-1.000000000e+00,-1.000000
cuda_warp_smem,double,global,global,4096,4096,32,8,1,8,6,4.590000000e-07,5.542746000e-03,4.083515000e-03,6.687468000e-03,6.204721943e-03,5.059999943e-03,5.077170761e-04,173.052368,212.201944,212.201944,1.892800033e-04,3.278400004e-04,2.637796251e-05,row,0,-1.000000000e+00,-1.000000
cuda_warp_smem,double,global,global,4096,4096,32,8,1,8,7,3.900000001e-07,5.551465000e-03,4.151299000e-03,6.698171000e-03,6.231706042e-03,5.070559978e-03,5.408379295e-04,172.303029,211.760008,211.760008,1.822720021e-04,3.436160088e-04,2.531793796e-05,row,0,-1.000000000e+00,-1.000000
cuda_warp_smem,double,global,global,4096,4096,32,8,1,8,8,4.660000001e-07,5.531587000e-03,4.219899000e-03,6.654426000e-03,6.173122816e-03,5.033696175e-03,5.059050557e-04,173.938192,213.310813,213.310813,1.876800060e-04,3.245120049e-04,2.389520292e-05,row,0,-1.000000000e+00,-1.000000
cuda_warp_smem,double,global,global,4096,4096,32,8,1,8,9,3.989999999e-07,5.537800000e-03,4.163722000e-03,6.501453000e-03,5.998510954e-03,5.057119846e-03,5.452730432e-04,179.001394,212.322796,212.322796,1.927040070e-04,3.292160034e-04,2.335303275e-05,row,0,-1.000000000e+00,-1.000000
cuda_warp_smem,double,global,global,4096,4096,32,8,1,8,10,6.010000002e-07,5.516256000e-03,4.083695000e-03,6.404287000e-03,5.896666988e-03,5.102176189e-03,5.076200118e-04,182.093007,210.447814,210.447814,1.807679981e-04,3.109120131e-04,2.325791425e-05,row,0,-1.000000000e+00,-1.000000
cuda_warp_smem,double,global,global,4096,4096,32,8,1,8,11,4.439999999e-07,5.512451000e-03,3.654916000e-03,6.634246000e-03,6.144913868e-03,5.097951889e-03,4.900349851e-04,174.736676,210.622196,210.622196,1.741120070e-04,3.157120049e-04,2.424296994e-05,row,0,-1.000000000e+00,-1.000000
cuda_warp_smem,double,global,global,4096,4096,32,8,1,8,12,5.029999999e-07,5.533626000e-03,4.145301000e-03,6.639116000e-03,6.138735024e-03,5.016672134e-03,5.169538656e-04,174.912554,214.034682,214.034682,1.786559969e-04,3.318400085e-04,2.576692583e-05,row,0,-1.000000000e+00,-1.000000
cuda_warp_smem,double,global,global,4096,4096,32,8,1,8,13,4.690000002e-07,5.525358000e-03,4.159969000e-03,6.482782000e-03,6.005363042e-03,5.070975780e-03,5.262938916e-04,178.797155,211.742645,211.742645,1.776960045e-04,3.230080009e-04,2.558988621e-05,row,0,-1.000000000e+00,-1.000000
cuda_warp_smem,double,global,global,4096,4096,32,8,1,8,14,5.730000001e-07,5.525303000e-03,4.124875000e-03,6.444105000e-03,5.939427046e-03,5.107520103e-03,5.046779539e-04,180.782055,210.227626,210.227626,1.856320053e-04,3.136959970e-04,2.731202055e-05,row,0,-1.000000000e+00,-1.000000
cuda_warp_smem,double,global,global,4096,4096,32,8,1,8,15,5.120000000e-07,5.524457000e-03,4.207850000e-03,6.661144000e-03,6.219212926e-03,5.056928158e-03,4.866060540e-04,172.649150,212.330844,212.330844,1.814080030e-04,3.169600070e-04,2.317907436e-05,row,0,-1.000000000e+00,-1.000000
cuda_warp_smem,double,global,global,4096,4096,32,8,1,8,16,5.679999999e-07,5.544301000e-03,4.154589000e-03,6.620464000e-03,6.159723019e-03,4.997856140e-03,5.464448599e-04,174.316576,214.840482,214.840482,1.858559996e-04,3.357439935e-04,3.138603465e-05,row,0,-1.000000000e+00,-1.000000
cuda_warp_smem,double,global,global,4096,4096,32,8,1,8,17,5.399999998e-07,5.509900000e-03,4.150568000e-03,6.613713000e-03,6.101517904e-03,5.026368141e-03,5.121950963e-04,175.979460,213.621803,213.621803,1.801919937e-04,3.262720108e-04,2.184676156e-05,row,0,-1.000000000e+00,-1.000000
cuda_warp_smem,double,global,global,4096,4096,32,8,1,8,18,3.870000000e-07,5.525864000e-03,4.143488000e-03,6.621205000e-03,6.156865946e-03,5.002880096e-03,5.229839036e-04,174.397467,214.624737,214.624737,1.824319959e-04,3.233279884e-04,2.865906729e-05,row,0,-1.000000000e+00,-1.000000
cuda_warp_smem,double,global,global,4096,4096,32,8,1,8,19,6.580000000e-07,5.513055000e-03,4.142296000e-03,6.460940000e-03,5.980188993e-03,5.057919979e-03,5.216580890e-04,179.549814,212.289208,212.289208,1.799360067e-04,3.326719999e-04,2.527407924e-05,row,0,-1.000000000e+00,-1.000000
cuda_warp_smem,double,global,global,4096,4096,32,8,1,8,20,3.719999999e-07,5.508977000e-03,4.219303000e-03,6.646768000e-03,6.149826227e-03,5.025599957e-03,4.969417733e-04,174.597100,213.654456,213.654456,1.785279959e-04,3.446719944e-04,2.484004635e-05,row,0,-1.000000000e+00,-1.000000
cuda_warp_smem,double,global,global,4096,4096,3,8,2,4,1,1.520200000e-05,1.310385000e-03,1.111244000e-03,1.338526000e-03,1.178881999e-03,6.348799914e-05,1.246993002e-03,85.388780,1585.548409,1585.548409,1.209056020e-03,3.132800013e-05,8.998769994e-04,row,0,-1.000000000e+00,-1.000000
cuda_warp_smem,double,global,global,4096,4096,3,8,2,4,2,5.129000000e-06,1.315080000e-03,1.116429000e-03,1.376273000e-03,1.184830999e-03,6.348799914e-05,1.252807999e-03,84.960046,1585.548409,1585.548409,1.219743967e-03,3.171199933e-05,1.962401409e-05,row,0,-1.000000000e+00,-1.000000
cuda_warp_smem,double,global,global,4096,4096,3,8,2,4,3,8.579000000e-06,1.319753000e-03,5.272890000e-04,1.377836000e-03,5.957789987e-04,6.499200314e-05,1.257896998e-03,168.960800,1548.856646,1548.856646,1.224223971e-03,2.982399985e-05,1.655197881e-05,row,0,-1.000000000e+00,-1.000000
cuda_warp_smem,double,global,global,4096,4096,3,8,2,4,4,5.588000000e-06,1.316933000e-03,5.206800000e-04,1.363429000e-03,5.862309992e-04,6.400000304e-05,1.255397001e-03,171.712680,1572.863925,1572.863925,1.207967997e-03,3.055999987e-05,2.741497840e-05,row,0,-1.000000000e+00,-1.000000
cuda_warp_smem,double,global,global,4096,4096,3,8,2,4,5,7.958000000e-06,1.313643000e-03,5.330930000e-04,1.371692000e-03,6.039280002e-04,6.460800022e-05,1.252203002e-03,166.680955,1558.062402,1558.062402,1.220031977e-03,2.883199975e-05,1.626101162e-05,row,0,-1.000000000e+00,-1.000000
cuda_warp_smem,double,global,global,4096,4096,3,8,2,4,6,6.288000000e-06,1.325057000e-03,9.569340000e-04,1.342452000e-03,1.027477998e-03,6.425599754e-05,1.262208998e-03,97.971242,1566.597670,1566.597670,1.230463982e-03,3.324799985e-05,2.343397638e-05,row,0,-1.000000000e+00,-1.000000
cuda_warp_smem,double,global,global,4096,4096,3,8,2,4,7,4.837000000e-06,1.317079000e-03,1.162639000e-03,1.379234000e-03,1.230808999e-03,6.374400109e-05,1.253591001e-03,81.786285,1579.180696,1579.180696,1.217440009e-03,2.771200053e-05,2.058400040e-05,row,0,-1.000000000e+00,-1.000000
cuda_warp_smem,double,global,global,4096,4096,3,8,2,4,8,5.538000000e-06,1.323845000e-03,5.226650000e-04,1.376433000e-03,5.898400020e-04,6.547199935e-05,1.262661000e-03,170.662037,1537.501482,1537.501482,1.216959953e-03,2.819200046e-05,2.650610018e-04,row,0,-1.000000000e+00,-1.000000
cuda_warp_smem,double,global,global,4096,4096,3,8,2,4,9,9.957000000e-06,1.309406000e-03,5.216830000e-04,1.367012000e-03,5.894879989e-04,6.438399851e-05,1.247517998e-03,170.763945,1563.483137,1563.483137,1.215551972e-03,2.787199989e-05,1.687297306e-05,row,0,-1.000000000e+00,-1.000000
cuda_warp_smem,double,global,global,4096,4096,3,8,2,4,10,8.417000000e-06,1.318658000e-03,9.717300000e-04,1.358691000e-03,1.037640002e-03,6.457599998e-05,1.256289998e-03,97.011773,1558.834490,1558.834490,1.224287987e-03,2.470399998e-05,2.300195334e-05,row,0,-1.000000000e+00,-1.000000
cuda_warp_smem,double,global,global,4096,4096,3,8,2,4,11,4.705000000e-06,1.713674000e-03,1.502311000e-03,1.797768000e-03,1.569939004e-03,6.364800036e-05,1.650186001e-03,64.119240,1581.562585,1581.562585,1.218431950e-03,1.360543966e-03,2.354902405e-05,row,0,-1.000000000e+00,-1.000000
cuda_warp_smem,double,global,global,4096,4096,3,8,2,4,12,7.715000000e-06,1.338260000e-03,1.123560000e-03,1.390323000e-03,1.194827000e-03,6.486400217e-05,1.274772001e-03,84.249265,1551.913120,1551.913120,1.068127990e-03,2.960000001e-05,1.232660001e-03,row,0,-1.000000000e+00,-1.000000
cuda_warp_smem,double,global,global,4096,4096,3,8,2,4,13,1.055600000e-05,1.307537000e-03,5.236380000e-04,1.365454000e-03,5.910780027e-04,6.473600119e-05,1.246065001e-03,170.304588,1554.981682,1554.981682,1.212416053e-03,2.864000015e-05,1.978699915e-05,row,0,-1.000000000e+00,-1.000000
cuda_warp_smem,double,global,global,4096,4096,3,8,2,4,14,1.172600000e-05,1.309328000e-03,1.114339000e-03,1.349383000e-03,1.182152000e-03,6.483200192e-05,1.244495998e-03,85.152583,1552.679125,1552.679125,1.209823966e-03,3.190400079e-05,1.899398851e-05,row,0,-1.000000000e+00,-1.000000
cuda_warp_smem,double,global,global,4096,4096,3,8,2,4,15,1.058000000e-05,1.301858000e-03,5.186570000e-04,1.359843000e-03,5.859210015e-04,6.332799792e-05,1.240418002e-03,171.803529,1589.554372,1589.554372,1.207039952e-03,3.299200162e-05,1.619402352e-05,row,0,-1.000000000e+00,-1.000000
cuda_warp_smem,double,global,global,4096,4096,3,8,2,4,16,1.052800000e-05,1.312811000e-03,5.207830000e-04,1.368670000e-03,5.898420009e-04,6.470400095e-05,1.250283001e-03,170.661458,1555.750719,1555.750719,1.210368037e-03,2.975999936e-05,2.191399251e-05,row,0,-1.000000000e+00,-1.000000
cuda_warp_smem,double,global,global,4096,4096,3,8,2,4,17,1.109800000e-05,1.305408000e-03,1.108767000e-03,1.343891000e-03,1.175650001e-03,6.313599646e-05,1.242272004e-03,85.623524,1594.388331,1594.388331,1.210847974e-03,3.014400043e-05,1.651498884e-05,row,0,-1.000000000e+00,-1.000000
cuda_warp_smem,double,global,global,4096,4096,3,8,2,4,18,5.127000000e-06,1.325743000e-03,1.123172000e-03,1.359219000e-03,1.189415000e-03,6.348799914e-05,1.262255001e-03,84.632610,1585.548409,1585.548409,1.211168051e-03,2.783999965e-05,2.786500069e-05,row,0,-1.000000000e+00,-1.000000
cuda_warp_smem,double,global,global,4096,4096,3,8,2,4,19,7.354000000e-06,1.317105000e-03,9.666240000e-04,1.357020000e-03,1.035281000e-03,6.454399973e-05,1.253617001e-03,97.232825,1559.607344,1559.607344,1.222048044e-03,3.152000159e-05,2.353200959e-05,row,0,-1.000000000e+00,-1.000000
cuda_warp_smem,double,global,global,4096,4096,3,8,2,4,20,4.839000000e-06,1.320862000e-03,5.175550000e-04,1.367899000e-03,5.857219979e-04,6.963200122e-05,1.257470002e-03,171.861901,1445.647033,1445.647033,1.219455957e-03,4.387199879e-05,2.089703167e-05,row,0,-1.000000000e+00,-1.000000
cuda_warp_smem,double,global,global,4096,4096,6,8,2,4,1,2.426700000e-05,1.648903000e-03,6.246240000e-04,1.742329000e-03,7.330330026e-04,1.023999974e-04,1.548295001e-03,274.648742,1966.080050,1966.080050,1.501376033e-03,3.855999932e-05,1.651299030e-05,row,0,-1.000000000e+00,-1.000000
cuda_warp_smem,double,global,global,4096,4096,6,8,2,4,2,9.350000000e-06,1.660130000e-03,6.227960000e-04,1.737037000e-03,7.304669996e-04,1.014719978e-04,1.558881996e-03,275.613535,1984.060592,1984.060592,1.505952001e-03,3.641600162e-05,2.328200082e-05,row,0,-1.000000000e+00,-1.000000
cuda_warp_smem,double,global,global,4096,4096,6,8,2,4,3,7.636000000e-06,1.664712000e-03,1.410859000e-03,1.734128000e-03,1.518580998e-03,1.044479981e-04,1.563176002e-03,132.575472,1927.529447,1927.529447,1.514816046e-03,4.291199893e-05,2.093295644e-05,row,0,-1.000000000e+00,-1.000000
cuda_warp_smem,double,global,global,4096,4096,6,8,2,4,4,1.025600000e-05,1.661375000e-03,6.272500000e-04,1.739085000e-03,7.348579967e-04,1.023999974e-04,1.560767001e-03,273.966661,1966.080050,1966.080050,1.511199951e-03,3.705599904e-05,1.965699843e-05,row,0,-1.000000000e+00,-1.000000
cuda_warp_smem,double,global,global,4096,4096,6,8,2,4,5,7.547000000e-06,1.658281000e-03,1.430323000e-03,1.696677000e-03,1.537504998e-03,1.023039967e-04,1.556681001e-03,130.943699,1967.924993,1967.924993,1.510687947e-03,3.724800050e-05,2.045000078e-05,row,0,-1.000000000e+00,-1.000000
cuda_warp_smem,double,global,global,4096,4096,6,8,2,4,6,1.803600000e-05,1.660442000e-03,1.415059000e-03,1.728761000e-03,1.523983001e-03,1.020480022e-04,1.558393998e-03,132.105537,1972.861670,1972.861670,1.520095944e-03,3.945599869e-05,1.672698484e-05,row,0,-1.000000000e+00,-1.000000
cuda_warp_smem,double,global,global,4096,4096,6,8,2,4,7,1.024700000e-05,1.669435000e-03,6.380900000e-04,1.749062000e-03,7.451660021e-04,1.023679972e-04,1.568699000e-03,270.176835,1966.694646,1966.694646,1.512032032e-03,3.862399980e-05,2.230901242e-05,row,0,-1.000000000e+00,-1.000000
cuda_warp_smem,double,global,global,4096,4096,6,8,2,4,8,7.487000000e-06,1.666653000e-03,6.352910000e-04,1.746639000e-03,7.423699967e-04,1.015679985e-04,1.565404996e-03,271.194408,1982.185284,1982.185284,1.509631991e-03,3.503999859e-05,2.326100338e-05,row,0,-1.000000000e+00,-1.000000
cuda_warp_smem,double,global,global,4096,4096,6,8,2,4,9,8.060000000e-06,1.661302000e-03,6.200960000e-04,1.726974000e-03,7.277020006e-04,1.023999974e-04,1.559510000e-03,276.660765,1966.080050,1966.080050,1.509024024e-03,3.551999852e-05,2.081200142e-05,row,0,-1.000000000e+00,-1.000000
cuda_warp_smem,double,global,global,4096,4096,6,8,2,4,10,1.346200000e-05,1.661931000e-03,1.418030000e-03,1.730319000e-03,1.527292003e-03,1.023999974e-04,1.559531003e-03,131.819319,1966.080050,1966.080050,1.515872002e-03,4.326400161e-05,1.854400650e-05,row,0,-1.000000000e+00,-1.000000
cuda_warp_smem,double,global,global,4096,4096,6,8,2,4,11,1.002300000e-05,1.661882000e-03,6.178670000e-04,1.723164000e-03,7.253359992e-04,1.023999974e-04,1.559482003e-03,277.563215,1966.080050,1966.080050,1.509119987e-03,4.358400032e-05,2.098698797e-05,row,0,-1.000000000e+00,-1.000000
cuda_warp_smem,double,global,global,4096,4096,6,8,2,4,12,7.602000000e-06,1.661473000e-03,6.293130000e-04,1.721416000e-03,1.619027973e-03,1.593343973e-03,1.369493998e-03,124.350286,126.354758,126.354758,1.329983950e-03,3.699199855e-05,2.572303599e-05,row,0,-1.000000000e+00,-1.000000
cuda_warp_smem,double,global,global,4096,4096,6,8,2,4,13,7.391000000e-06,1.675021000e-03,6.200950000e-04,1.753633000e-03,7.285630034e-04,1.022080034e-04,1.574317001e-03,276.333812,1969.773259,1969.773259,1.512832046e-03,4.515200108e-05,3.175695592e-05,row,0,-1.000000000e+00,-1.000000
cuda_warp_smem,double,global,global,4096,4096,6,8,2,4,14,7.708000000e-06,1.661932000e-03,6.246270000e-04,1.722019000e-03,7.329460016e-04,1.023999974e-04,1.560043999e-03,274.681343,1966.080050,1966.080050,1.508927941e-03,4.176000133e-05,2.031294889e-05,row,0,-1.000000000e+00,-1.000000
cuda_warp_smem,double,global,global,4096,4096,6,8,2,4,15,7.304000000e-06,1.671939000e-03,6.214530000e-04,1.748215000e-03,7.279559970e-04,1.017920002e-04,1.571235001e-03,276.564233,1977.823321,1977.823321,1.508607984e-03,3.759999946e-05,3.136301737e-05,row,0,-1.000000000e+00,-1.000000
cuda_warp_smem,double,global,global,4096,4096,6,8,2,4,16,7.144000000e-06,1.664520000e-03,6.287060000e-04,1.729570000e-03,7.358009982e-04,1.023999974e-04,1.562631999e-03,273.615546,1966.080050,1966.080050,1.508864045e-03,3.603199869e-05,2.096795373e-05,row,0,-1.000000000e+00,-1.000000
cuda_warp_smem,double,global,global,4096,4096,6,8,2,4,17,1.283200000e-05,1.654231000e-03,1.423557000e-03,1.723165000e-03,1.532145999e-03,1.023999974e-04,1.552214998e-03,131.401702,1966.080050,1966.080050,1.507264018e-03,3.724800050e-05,1.715599191e-05,row,0,-1.000000000e+00,-1.000000
cuda_warp_smem,double,global,global,4096,4096,6,8,2,4,18,9.829000000e-06,1.661991000e-03,6.263330000e-04,1.742636000e-03,7.353280022e-04,1.020480022e-04,1.561287001e-03,273.791548,1972.861670,1972.861670,1.506559968e-03,3.817600012e-05,2.009198571e-05,row,0,-1.000000000e+00,-1.000000
cuda_warp_smem,double,global,global,4096,4096,6,8,2,4,19,7.479000000e-06,1.670326000e-03,6.291330000e-04,1.747337000e-03,7.368960011e-04,1.016959995e-04,1.569397999e-03,273.208963,1979.690381,1979.690381,1.509407997e-03,3.766399994e-05,2.232600182e-05,row,0,-1.000000000e+00,-1.000000
cuda_warp_smem,double,global,global,4096,4096,6,8,2,4,20,7.493000000e-06,1.678128000e-03,6.387070000e-04,1.747943000e-03,7.474640005e-04,1.023999974e-04,1.576560001e-03,269.346205,1966.080050,1966.080050,1.517920017e-03,3.795199841e-05,2.340798418e-05,row,0,-1.000000000e+00,-1.000000
cuda_warp_smem,double,global,global,4096,4096,8,8,2,4,1,1.635000000e-05,1.920242000e-03,1.642027000e-03,1.986816000e-03,1.787171998e-03,1.323840022e-04,1.788018006e-03,150.201243,2027.703133,2027.703133,1.740800023e-03,4.735999927e-05,1.566399772e-05,row,0,-1.000000000e+00,-1.000000
cuda_warp_smem,double,global,global,4096,4096,8,8,2,4,2,1.385200000e-05,1.931839000e-03,1.424556000e-03,2.011342000e-03,1.565897000e-03,1.331200004e-04,1.798942994e-03,171.425998,2016.492302,2016.492302,1.744447947e-03,4.972799867e-05,1.835694414e-05,row,0,-1.000000000e+00,-1.000000
cuda_warp_smem,double,global,global,4096,4096,8,8,2,4,3,2.453100000e-05,1.929377000e-03,1.400149000e-03,1.993394000e-03,1.539511993e-03,1.331200004e-04,1.796736996e-03,174.363991,2016.492302,2016.492302,1.745504022e-03,4.806400090e-05,1.963598395e-05,row,0,-1.000000000e+00,-1.000000
cuda_warp_smem,double,global,global,4096,4096,8,8,2,4,4,1.294400000e-05,1.935957000e-03,1.423719000e-03,1.990490000e-03,1.881555046e-03,1.853440046e-03,1.582021005e-03,142.666810,144.830936,144.830936,1.526111960e-03,4.604800045e-05,1.978094972e-05,row,0,-1.000000000e+00,-1.000000
cuda_warp_smem,double,global,global,4096,4096,8,8,2,4,5,1.329400000e-05,1.925816000e-03,1.430109000e-03,2.021010000e-03,1.571265001e-03,1.331840008e-04,1.793111995e-03,170.840346,2015.523293,2015.523293,1.744575977e-03,4.534399882e-05,1.711002455e-05,row,0,-1.000000000e+00,-1.000000
cuda_warp_smem,double,global,global,4096,4096,8,8,2,4,6,1.808000000e-05,1.933376000e-03,1.421659000e-03,2.017416000e-03,1.561937993e-03,1.331200004e-04,1.801599995e-03,171.860507,2016.492302,2016.492302,1.753056049e-03,5.353600159e-05,1.770099747e-05,row,0,-1.000000000e+00,-1.000000
cuda_warp_smem,double,global,global,4096,4096,8,8,2,4,7,1.825900000e-05,1.934053000e-03,1.413688000e-03,2.016791000e-03,1.553226004e-03,1.327040046e-04,1.802181002e-03,172.824467,2022.813529,2022.813529,1.753664017e-03,4.553600028e-05,2.366099418e-05,row,0,-1.000000000e+00,-1.000000
cuda_warp_smem,double,global,global,4096,4096,8,8,2,4,8,1.820100000e-05,1.934860000e-03,1.440040000e-03,2.021147000e-03,1.579018995e-03,1.327040046e-04,1.803531998e-03,170.001410,2022.813529,2022.813529,1.753280044e-03,5.023999885e-05,1.911104032e-05,row,0,-1.000000000e+00,-1.000000
cuda_warp_smem,double,global,global,4096,4096,8,8,2,4,9,1.855300000e-05,1.930690000e-03,1.425916000e-03,2.013548000e-03,1.565428994e-03,1.328960061e-04,1.799266005e-03,171.477248,2019.891070,2019.891070,1.748767972e-03,4.927999899e-05,2.016500386e-05,row,0,-1.000000000e+00,-1.000000
cuda_warp_smem,double,global,global,4096,4096,8,8,2,4,10,1.787600000e-05,1.927376000e-03,1.427961000e-03,2.010510000e-03,1.566945995e-03,1.323519945e-04,1.795504002e-03,171.311237,2028.193508,2028.193508,1.746495962e-03,4.137599841e-05,1.962794487e-05,row,0,-1.000000000e+00,-1.000000
cuda_warp_smem,double,global,global,4096,4096,8,8,2,4,11,1.754800000e-05,1.926254000e-03,1.423531000e-03,2.009282000e-03,1.562209993e-03,1.324480027e-04,1.794702004e-03,171.830584,2026.723322,2026.723322,1.746144056e-03,4.403200001e-05,1.976202937e-05,row,0,-1.000000000e+00,-1.000000
cuda_warp_smem,double,global,global,4096,4096,8,8,2,4,12,1.833200000e-05,1.934146000e-03,1.412967000e-03,2.010801000e-03,1.553928003e-03,1.326719970e-04,1.801666005e-03,172.746392,2023.301542,2023.301542,1.756991982e-03,5.071999878e-05,1.868996691e-05,row,0,-1.000000000e+00,-1.000000
cuda_warp_smem,double,global,global,4096,4096,8,8,2,4,13,2.299600000e-05,1.918359000e-03,1.429573000e-03,1.995119000e-03,1.569332000e-03,1.326400042e-04,1.786231000e-03,171.050776,2023.789563,2023.789563,1.737920046e-03,4.848000035e-05,1.886098614e-05,row,0,-1.000000000e+00,-1.000000
cuda_warp_smem,double,global,global,4096,4096,8,8,2,4,14,1.144000000e-05,1.925027000e-03,1.426505000e-03,2.016218000e-03,1.566428004e-03,1.330240071e-04,1.792002993e-03,171.367886,2017.947451,2017.947451,1.742112041e-03,4.803200066e-05,1.481900524e-05,row,0,-1.000000000e+00,-1.000000
cuda_warp_smem,double,global,global,4096,4096,8,8,2,4,15,1.801100000e-05,1.934165000e-03,1.419561000e-03,2.009486000e-03,1.559443001e-03,1.323840022e-04,1.803093000e-03,172.135471,2027.703133,2027.703133,1.754912019e-03,4.934399948e-05,2.014095820e-05,row,0,-1.000000000e+00,-1.000000
cuda_warp_smem,double,global,global,4096,4096,8,8,2,4,16,2.281800000e-05,1.919593000e-03,1.428129000e-03,2.007333000e-03,1.567305994e-03,1.328639984e-04,1.788521000e-03,171.271888,2020.377673,2020.377673,1.734143972e-03,4.563200101e-05,1.982501678e-05,row,0,-1.000000000e+00,-1.000000
cuda_warp_smem,double,global,global,4096,4096,8,8,2,4,17,9.937000000e-06,1.926035000e-03,1.428808000e-03,2.009904000e-03,1.568931995e-03,1.324159950e-04,1.794706998e-03,171.094386,2027.213223,2027.213223,1.747519970e-03,4.556800053e-05,2.204503369e-05,row,0,-1.000000000e+00,-1.000000
cuda_warp_smem,double,global,global,4096,4096,8,8,2,4,18,1.818500000e-05,1.933598000e-03,1.437357000e-03,2.018862000e-03,1.577297998e-03,1.328639984e-04,1.800765994e-03,170.186900,2020.377673,2020.377673,1.751135945e-03,4.819199815e-05,2.025304738e-05,row,0,-1.000000000e+00,-1.000000
cuda_warp_smem,double,global,global,4096,4096,8,8,2,4,19,1.802900000e-05,1.929364000e-03,1.420788000e-03,2.006148000e-03,1.559580993e-03,1.327040046e-04,1.797171999e-03,172.120241,2022.813529,2022.813529,1.744384050e-03,4.924799874e-05,1.710794915e-05,row,0,-1.000000000e+00,-1.000000
cuda_warp_smem,double,global,global,4096,4096,8,8,2,4,20,2.322500000e-05,1.928238000e-03,1.440395000e-03,2.018459000e-03,1.581257996e-03,1.326400042e-04,1.795597996e-03,169.760695,2023.789563,2023.789563,1.743551970e-03,5.107200146e-05,2.179701443e-05,row,0,-1.000000000e+00,-1.000000
cuda_warp_smem,double,global,global,4096,4096,20,8,2,4,1,3.568800000e-05,3.454210000e-03,1.869196000e-03,3.710889000e-03,3.454784934e-03,3.226592064e-03,2.894929637e-04,194.249035,207.986825,207.986825,1.763519943e-04,1.003199965e-04,8.743800569e-05,row,0,-1.000000000e+00,-1.000000
cuda_warp_smem,double,global,global,4096,4096,20,8,2,4,2,3.370800000e-05,3.463884000e-03,1.873881000e-03,3.709376000e-03,3.466382944e-03,3.243040085e-03,2.932600556e-04,193.599106,206.931960,206.931960,1.908160001e-04,9.923200309e-05,1.910201935e-05,row,0,-1.000000000e+00,-1.000000
cuda_warp_smem,double,global,global,4096,4096,20,8,2,4,3,3.250800000e-05,3.461959000e-03,1.868030000e-03,3.702151000e-03,3.481705926e-03,3.281888008e-03,2.943840026e-04,192.747077,204.482492,204.482492,1.895039976e-04,9.302400053e-05,1.738497415e-05,row,0,-1.000000000e+00,-1.000000
cuda_warp_smem,double,global,global,4096,4096,20,8,2,4,4,3.282400000e-05,3.459154000e-03,1.869873000e-03,3.701218000e-03,3.418824944e-03,3.204895973e-03,2.823930560e-04,196.292191,209.394828,209.394828,1.740159988e-04,9.507200122e-05,1.653705821e-05,row,0,-1.000000000e+00,-1.000000
cuda_warp_smem,double,global,global,4096,4096,20,8,2,4,5,3.337400000e-05,3.452740000e-03,2.706610000e-03,3.769952000e-03,3.516258983e-03,3.167551994e-03,2.851880057e-04,190.853018,211.863496,211.863496,1.785279959e-04,9.702400118e-05,1.533200722e-05,row,0,-1.000000000e+00,-1.000000
cuda_warp_smem,double,global,global,4096,4096,20,8,2,4,6,3.285600000e-05,3.466382000e-03,1.871483000e-03,3.702526000e-03,3.445020015e-03,3.224672079e-03,2.815610521e-04,194.799635,208.110662,208.110662,1.742399931e-04,9.315200150e-05,1.813896844e-05,row,0,-1.000000000e+00,-1.000000
cuda_warp_smem,double,global,global,4096,4096,20,8,2,4,7,3.259300000e-05,3.448750000e-03,2.695768000e-03,3.758963000e-03,3.477937002e-03,3.165407896e-03,2.833421040e-04,192.955950,212.007003,212.007003,1.784639955e-04,9.596800059e-05,1.966502343e-05,row,0,-1.000000000e+00,-1.000000
cuda_warp_smem,double,global,global,4096,4096,20,8,2,4,8,3.364800000e-05,3.439978000e-03,2.703596000e-03,3.759010000e-03,3.505357981e-03,3.166271925e-03,2.737060750e-04,191.446535,211.949149,211.949149,1.730560064e-04,9.033600241e-05,1.764590707e-05,row,0,-1.000000000e+00,-1.000000
cuda_warp_smem,double,global,global,4096,4096,20,8,2,4,9,3.386500000e-05,3.460559000e-03,1.867368000e-03,3.695676000e-03,3.437567936e-03,3.223200083e-03,2.816670082e-04,195.221928,208.205703,208.205703,1.719039977e-04,9.545599669e-05,8.518200505e-05,row,0,-1.000000000e+00,-1.000000
cuda_warp_smem,double,global,global,4096,4096,20,8,2,4,10,3.191700000e-05,3.457822000e-03,2.118537000e-03,3.597932000e-03,3.361036932e-03,3.167232037e-03,2.905899634e-04,199.667143,211.884899,211.884899,1.868479997e-04,9.424000233e-05,1.730996123e-05,row,0,-1.000000000e+00,-1.000000
cuda_warp_smem,double,global,global,4096,4096,20,8,2,4,11,3.256300000e-05,3.463090000e-03,2.137824000e-03,3.617276000e-03,3.352494097e-03,3.166527987e-03,2.965620135e-04,200.175935,211.932010,211.932010,1.851519942e-04,9.478399903e-05,1.453300168e-04,row,0,-1.000000000e+00,-1.000000
cuda_warp_smem,double,global,global,4096,4096,20,8,2,4,12,3.467800000e-05,3.454729000e-03,1.864995000e-03,3.696280000e-03,3.481416042e-03,3.168256044e-03,2.864729556e-04,192.763126,211.816416,211.816416,1.834560037e-04,9.459199756e-05,1.743902004e-05,row,0,-1.000000000e+00,-1.000000
cuda_warp_smem,double,global,global,4096,4096,20,8,2,4,13,3.257300000e-05,3.458138000e-03,1.643044000e-03,3.706450000e-03,3.423516995e-03,3.201535940e-03,1.569992006e-03,196.023166,209.614589,209.614589,1.760639995e-04,1.153471947e-03,1.417224005e-03,row,0,-1.000000000e+00,-1.000000
cuda_warp_smem,double,global,global,4096,4096,20,8,2,4,14,3.675000000e-05,3.463247000e-03,2.603201000e-03,3.626380000e-03,3.425221991e-03,3.165247917e-03,2.979990828e-04,195.925590,212.017718,212.017718,1.927679926e-04,9.497600049e-05,1.403997615e-05,row,0,-1.000000000e+00,-1.000000
cuda_warp_smem,double,global,global,4096,4096,20,8,2,4,15,3.606100000e-05,3.545730000e-03,2.127862000e-03,3.690490000e-03,3.437329045e-03,3.251712084e-03,2.940179162e-04,195.235496,206.380092,206.380092,1.846719980e-04,8.972799778e-05,1.455699146e-04,row,0,-1.000000000e+00,-1.000000
cuda_warp_smem,double,global,global,4096,4096,20,8,2,4,16,3.286300000e-05,3.454759000e-03,1.881338000e-03,3.690506000e-03,3.476953034e-03,3.161119938e-03,2.936390621e-04,193.010556,212.294583,212.294583,1.873919964e-04,9.324800223e-05,1.057230653e-04,row,0,-1.000000000e+00,-1.000000
cuda_warp_smem,double,global,global,4096,4096,20,8,2,4,17,3.269800000e-05,3.443546000e-03,2.692076000e-03,3.729407000e-03,3.502944900e-03,3.177727938e-03,2.919319998e-04,191.578417,211.185052,211.185052,1.888000071e-04,9.209600091e-05,1.948609582e-05,row,0,-1.000000000e+00,-1.000000
cuda_warp_smem,double,global,global,4096,4096,20,8,2,4,18,3.218600000e-05,3.453965000e-03,2.122005000e-03,3.592542000e-03,3.347350892e-03,3.274463892e-03,2.754040610e-04,200.483505,204.946111,204.946111,1.738560051e-04,9.033600241e-05,1.793310710e-05,row,0,-1.000000000e+00,-1.000000
cuda_warp_smem,double,global,global,4096,4096,20,8,2,4,19,3.352700000e-05,3.447528000e-03,3.009807000e-03,3.747709000e-03,3.536501092e-03,3.163680077e-03,2.838479234e-04,189.760620,212.122789,212.122789,1.844480038e-04,8.915200084e-05,1.839803746e-05,row,0,-1.000000000e+00,-1.000000
cuda_warp_smem,double,global,global,4096,4096,20,8,2,4,20,3.259900000e-05,3.451817000e-03,2.695023000e-03,3.759340000e-03,3.520996024e-03,3.161695957e-03,2.901210428e-04,190.596250,212.255906,212.255906,1.868800074e-04,9.036800265e-05,1.659704359e-05,row,0,-1.000000000e+00,-1.000000
cuda_warp_smem,double,global,global,4096,4096,32,8,2,4,1,6.860800000e-05,5.149601000e-03,2.568972000e-03,5.436526000e-03,5.001730106e-03,4.789375782e-03,4.347958939e-04,214.674083,224.192436,224.192436,2.608000040e-04,1.576319933e-04,1.941981588e-05,row,0,-1.000000000e+00,-1.000000
cuda_warp_smem,double,global,global,4096,4096,32,8,2,4,2,7.019100000e-05,5.246052000e-03,4.036943000e-03,5.653065000e-03,5.231575967e-03,4.832863808e-03,4.214890332e-04,205.242518,222.175064,222.175064,2.655360103e-04,1.628160030e-04,2.066200424e-05,row,0,-1.000000000e+00,-1.000000
cuda_warp_smem,double,global,global,4096,4096,32,8,2,4,3,5.221200000e-05,5.163269000e-03,3.848687000e-03,5.524474000e-03,5.058516878e-03,4.697311878e-03,4.659571218e-04,212.264158,228.586445,228.586445,2.900159955e-04,1.608639956e-04,1.621908444e-05,row,0,-1.000000000e+00,-1.000000
cuda_warp_smem,double,global,global,4096,4096,32,8,2,4,4,6.479000000e-05,5.128756000e-03,4.371417000e-03,5.556927000e-03,5.191022177e-03,4.813824177e-03,4.580550790e-04,206.845933,223.053810,223.053810,2.963199914e-04,1.547520012e-04,1.902305024e-05,row,0,-1.000000000e+00,-1.000000
cuda_warp_smem,double,global,global,4096,4096,32,8,2,4,5,5.017800000e-05,5.162006000e-03,2.553044000e-03,5.469538000e-03,5.002261203e-03,4.844672203e-03,4.858049500e-04,214.651291,221.633535,221.633535,3.080320060e-04,1.599359959e-04,1.783694799e-05,row,0,-1.000000000e+00,-1.000000
cuda_warp_smem,double,global,global,4096,4096,32,8,2,4,6,7.260200000e-05,5.329721000e-03,2.830776000e-03,5.765398000e-03,5.415633907e-03,4.870560169e-03,4.591608308e-04,198.267062,220.455510,220.455510,2.885119915e-04,1.555200070e-04,2.038809576e-05,row,0,-1.000000000e+00,-1.000000
cuda_warp_smem,double,global,global,4096,4096,32,8,2,4,7,6.543800000e-05,5.130817000e-03,3.842644000e-03,5.520194000e-03,5.100512864e-03,4.711135864e-03,4.245729720e-04,210.516443,227.915699,227.915699,2.775039971e-04,1.619199961e-04,1.833008067e-05,row,0,-1.000000000e+00,-1.000000
cuda_warp_smem,double,global,global,4096,4096,32,8,2,4,8,8.294900000e-05,5.104331000e-03,3.834078000e-03,5.501681000e-03,5.106886076e-03,4.709536076e-03,4.408720586e-04,210.253726,227.993120,227.993120,2.876160145e-04,1.557119936e-04,1.882691517e-05,row,0,-1.000000000e+00,-1.000000
cuda_warp_smem,double,global,global,4096,4096,32,8,2,4,9,6.548800000e-05,5.145675000e-03,2.816523000e-03,5.577564000e-03,5.207443082e-03,4.682144165e-03,4.635308350e-04,206.193675,229.326946,229.326946,3.021120131e-04,1.634559929e-04,1.903793800e-05,row,0,-1.000000000e+00,-1.000000
cuda_warp_smem,double,global,global,4096,4096,32,8,2,4,10,6.802400000e-05,5.131855000e-03,3.833485000e-03,5.522420000e-03,5.134117208e-03,4.743552208e-03,4.192159069e-04,209.138549,226.358176,226.358176,2.761279941e-04,1.604160070e-04,1.892791365e-05,row,0,-1.000000000e+00,-1.000000
cuda_warp_smem,double,global,global,4096,4096,32,8,2,4,11,6.528700000e-05,5.135755000e-03,2.827634000e-03,5.583109000e-03,5.202590120e-03,4.820032120e-03,4.321730475e-04,206.386011,222.766529,222.766529,2.751359940e-04,1.586560011e-04,2.003506584e-05,row,0,-1.000000000e+00,-1.000000
cuda_warp_smem,double,global,global,4096,4096,32,8,2,4,12,6.888600000e-05,5.126690000e-03,4.370764000e-03,5.564945000e-03,5.206326143e-03,4.819136143e-03,4.497499978e-04,206.237910,222.807946,222.807946,2.923839986e-04,1.523839980e-04,1.885221304e-05,row,0,-1.000000000e+00,-1.000000
cuda_warp_smem,double,global,global,4096,4096,32,8,2,4,13,5.031700000e-05,5.126555000e-03,4.365469000e-03,5.572546000e-03,5.183775159e-03,4.808544159e-03,4.581930583e-04,207.135107,223.298734,223.298734,3.022719920e-04,1.634240001e-04,1.951483315e-05,row,0,-1.000000000e+00,-1.000000
cuda_warp_smem,double,global,global,4096,4096,32,8,2,4,14,5.229100000e-05,5.160544000e-03,3.841296000e-03,5.534149000e-03,5.191076981e-03,4.817471981e-03,4.750479673e-04,206.843749,222.884913,222.884913,2.948479950e-04,1.680639982e-04,2.151003389e-05,row,0,-1.000000000e+00,-1.000000
cuda_warp_smem,double,global,global,4096,4096,32,8,2,4,15,7.735700000e-05,5.327549000e-03,2.819297000e-03,5.763978000e-03,5.404076007e-03,4.861983776e-03,4.655652239e-04,198.691103,220.844386,220.844386,2.935039997e-04,1.623360068e-04,1.964521847e-05,row,0,-1.000000000e+00,-1.000000
cuda_warp_smem,double,global,global,4096,4096,32,8,2,4,16,6.984400000e-05,5.102848000e-03,4.362548000e-03,5.561492000e-03,5.201733967e-03,4.705632210e-03,4.351660010e-04,206.419980,228.182267,228.182267,2.624320090e-04,1.604799926e-04,1.903799146e-05,row,0,-1.000000000e+00,-1.000000
cuda_warp_smem,double,global,global,4096,4096,32,8,2,4,17,5.144400000e-05,5.142725000e-03,2.808013000e-03,5.566733000e-03,5.172594927e-03,4.814271927e-03,4.658439578e-04,207.582817,223.033065,223.033065,2.953599989e-04,1.586879939e-04,2.176192955e-05,row,0,-1.000000000e+00,-1.000000
cuda_warp_smem,double,global,global,4096,4096,32,8,2,4,18,6.458300000e-05,5.112999000e-03,2.798565000e-03,5.542307000e-03,5.185483958e-03,4.674047947e-03,4.389510531e-04,207.066849,229.724178,229.724178,2.836799920e-04,1.623679996e-04,1.859010900e-05,row,0,-1.000000000e+00,-1.000000
cuda_warp_smem,double,global,global,4096,4096,32,8,2,4,19,6.855400000e-05,5.164897000e-03,2.537525000e-03,5.463340000e-03,5.069579065e-03,4.848512173e-03,4.450469949e-04,211.800982,221.458003,221.458003,2.939519882e-04,1.645119935e-04,2.009111438e-05,row,0,-1.000000000e+00,-1.000000
cuda_warp_smem,double,global,global,4096,4096,32,8,2,4,20,7.062800000e-05,5.168785000e-03,2.561871000e-03,5.476757000e-03,5.047617969e-03,4.858399868e-03,4.692390281e-04,212.722482,221.007297,221.007297,2.782079875e-04,1.711039990e-04,1.992704151e-05,row,0,-1.000000000e+00,-1.000000
cuda_warp_smem,double,global,global,4096,4096,3,8,4,2,1,2.759700000e-05,1.305681000e-03,1.114363000e-03,1.347093000e-03,1.195270001e-03,6.245440245e-04,1.246288999e-03,84.218039,161.178863,161.178863,1.217023969e-03,2.127999999e-05,1.514801430e-05,row,0,-1.000000000e+00,-1.000000
cuda_warp_smem,double,global,global,4096,4096,3,8,4,2,2,2.016500000e-05,1.311864000e-03,9.573980000e-04,1.337890000e-03,1.031871001e-03,6.332799792e-05,1.252439998e-03,97.554148,1589.554372,1589.554372,1.225695968e-03,2.108800039e-05,1.869099687e-05,row,0,-1.000000000e+00,-1.000000
cuda_warp_smem,double,global,global,4096,4096,3,8,4,2,3,2.546200000e-05,1.308401000e-03,1.111008000e-03,1.341124000e-03,1.191102000e-03,6.121600047e-05,1.247793000e-03,84.512742,1644.395178,1644.395178,1.222623944e-03,2.294399962e-05,1.820098658e-05,row,0,-1.000000000e+00,-1.000000
cuda_warp_smem,double,global,global,4096,4096,3,8,4,2,4,2.561000000e-05,1.317671000e-03,6.433770000e-04,1.347567000e-03,7.282940004e-04,6.115199998e-05,1.258278999e-03,138.217939,1646.116170,1646.116170,1.229503989e-03,2.496000007e-05,2.019501887e-05,row,0,-1.000000000e+00,-1.000000
cuda_warp_smem,double,global,global,4096,4096,3,8,4,2,5,2.364100000e-05,1.300412000e-03,9.570340000e-04,1.332673000e-03,1.030914999e-03,6.003199890e-05,1.241019999e-03,97.644613,1676.827323,1676.827323,1.211871982e-03,2.080000006e-05,1.628699946e-05,row,0,-1.000000000e+00,-1.000000
cuda_warp_smem,double,global,global,4096,4096,3,8,4,2,6,2.612800000e-05,1.322020000e-03,6.340070000e-04,1.343690000e-03,7.196549987e-04,6.089600176e-05,1.261988001e-03,139.877158,1653.036211,1653.036211,1.225376010e-03,2.591999993e-05,2.214799092e-05,row,0,-1.000000000e+00,-1.000000
cuda_warp_smem,double,global,global,4096,4096,3,8,4,2,7,2.558900000e-05,1.323564000e-03,6.400050000e-04,1.346360000e-03,1.287210947e-03,1.267007947e-03,1.097870999e-03,78.202641,79.449617,79.449617,1.070559978e-03,2.681599930e-05,1.418602243e-05,row,0,-1.000000000e+00,-1.000000
cuda_warp_smem,double,global,global,4096,4096,3,8,4,2,8,2.537300000e-05,1.321255000e-03,6.372870000e-04,1.350357000e-03,1.294676003e-03,1.267488003e-03,1.106057001e-03,77.751728,79.419526,79.419526,1.075871944e-03,2.223999985e-05,1.992899772e-05,row,0,-1.000000000e+00,-1.000000
cuda_warp_smem,double,global,global,4096,4096,3,8,4,2,9,2.435400000e-05,1.319931000e-03,9.452980000e-04,1.349727000e-03,1.025641001e-03,9.444800019e-04,1.259835001e-03,98.146716,106.580654,106.580654,1.224544048e-03,2.367999963e-05,1.777601266e-05,row,0,-1.000000000e+00,-1.000000
cuda_warp_smem,double,global,global,4096,4096,3,8,4,2,10,3.072200000e-05,1.319505000e-03,6.322420000e-04,1.342255000e-03,7.228040012e-04,6.041600183e-05,1.259761000e-03,139.267763,1666.169441,1666.169441,1.224575996e-03,2.764800005e-05,2.142500363e-05,row,0,-1.000000000e+00,-1.000000
cuda_warp_smem,double,global,global,4096,4096,3,8,4,2,11,2.566100000e-05,1.311342000e-03,6.361840000e-04,1.339044000e-03,7.209120003e-04,5.993599817e-05,1.251917998e-03,139.633264,1679.513132,1679.513132,1.226047993e-03,2.406400070e-05,1.774800400e-05,row,0,-1.000000000e+00,-1.000000
cuda_warp_smem,double,global,global,4096,4096,3,8,4,2,12,2.834200000e-05,1.320703000e-03,6.416790000e-04,1.350506000e-03,7.316209997e-04,6.159999967e-05,1.260479000e-03,137.589402,1634.144424,1634.144424,1.230751991e-03,2.841600031e-05,1.544898985e-05,row,0,-1.000000000e+00,-1.000000
cuda_warp_smem,double,global,global,4096,4096,3,8,4,2,13,2.623200000e-05,1.319149000e-03,6.359020000e-04,1.339859000e-03,7.228200005e-04,6.121600047e-05,1.258509000e-03,139.264680,1644.395178,1644.395178,1.235008001e-03,2.998399921e-05,1.436201969e-05,row,0,-1.000000000e+00,-1.000000
cuda_warp_smem,double,global,global,4096,4096,3,8,4,2,14,2.461500000e-05,1.311159000e-03,6.370510000e-04,1.341662000e-03,7.209300005e-04,6.143999845e-05,1.253079001e-03,139.629778,1638.400041,1638.400041,1.219328046e-03,2.358400077e-05,1.848400729e-05,row,0,-1.000000000e+00,-1.000000
cuda_warp_smem,double,global,global,4096,4096,3,8,4,2,15,2.882300000e-05,1.324144000e-03,6.404580000e-04,1.357859000e-03,7.289289997e-04,6.310400367e-05,1.264176002e-03,138.097532,1595.196662,1595.196662,1.228448033e-03,2.364799939e-05,1.546800300e-05,row,0,-1.000000000e+00,-1.000000
cuda_warp_smem,double,global,global,4096,4096,3,8,4,2,16,2.888400000e-05,1.319086000e-03,6.447670000e-04,1.351389000e-03,7.333630002e-04,6.134400144e-05,1.258701998e-03,137.262578,1640.963968,1640.963968,1.228479981e-03,2.729599923e-05,1.476698978e-05,row,0,-1.000000000e+00,-1.000000
cuda_warp_smem,double,global,global,4096,4096,3,8,4,2,17,2.980000000e-05,1.328497000e-03,6.398790000e-04,1.346557000e-03,1.283162978e-03,1.267135978e-03,1.094500000e-03,78.449346,79.441589,79.441589,1.068896055e-03,2.761599980e-05,1.553700160e-05,row,0,-1.000000000e+00,-1.000000
cuda_warp_smem,double,global,global,4096,4096,3,8,4,2,18,2.603700000e-05,1.303962000e-03,6.347300000e-04,1.336969000e-03,7.211650018e-04,6.089600176e-05,1.244346001e-03,139.584278,1653.036211,1653.036211,1.212800026e-03,2.528000064e-05,1.835099737e-05,row,0,-1.000000000e+00,-1.000000
cuda_warp_smem,double,global,global,4096,4096,3,8,4,2,19,2.424900000e-05,1.322247000e-03,1.120982000e-03,1.353225000e-03,1.201969001e-03,6.063999981e-05,1.262279002e-03,83.748662,1660.014781,1660.014781,1.229248047e-03,2.108800039e-05,2.088199452e-05,row,0,-1.000000000e+00,-1.000000
cuda_warp_smem,double,global,global,4096,4096,3,8,4,2,20,2.617200000e-05,1.338625000e-03,1.133297000e-03,1.415481000e-03,1.204917999e-03,6.598400325e-05,1.273089000e-03,83.543690,1525.571215,1525.571215,1.246368051e-03,2.006400004e-05,1.565500189e-05,row,0,-1.000000000e+00,-1.000000
cuda_warp_smem,double,global,global,4096,4096,6,8,4,2,1,4.153400000e-05,1.579893000e-03,1.138926000e-03,1.638272000e-03,1.517450994e-03,1.459071994e-03,1.620460034e-04,132.674197,137.982631,137.982631,1.210879982e-04,3.903999925e-05,1.858197667e-05,row,0,-1.000000000e+00,-1.000000
cuda_warp_smem,double,global,global,4096,4096,6,8,4,2,2,4.245600000e-05,1.574857000e-03,1.131371000e-03,1.625675000e-03,1.539438997e-03,1.492799997e-03,1.780850139e-04,130.779194,134.865081,134.865081,1.220799983e-04,4.166400060e-05,1.605002517e-05,row,0,-1.000000000e+00,-1.000000
cuda_warp_smem,double,global,global,4096,4096,6,8,4,2,3,4.160800000e-05,1.586009000e-03,1.139642000e-03,1.636776000e-03,1.544407971e-03,1.471711993e-03,1.608910059e-04,130.358426,136.797548,136.797548,1.299519986e-04,2.867200039e-05,1.537397699e-05,row,0,-1.000000000e+00,-1.000000
cuda_warp_smem,double,global,global,4096,4096,6,8,4,2,4,4.013700000e-05,1.577648000e-03,7.680470000e-04,1.630278000e-03,1.548243957e-03,1.484032035e-03,1.645849965e-04,130.035445,135.661891,135.661891,1.282240003e-04,3.078399971e-05,2.463797639e-05,row,0,-1.000000000e+00,-1.000000
cuda_warp_smem,double,global,global,4096,4096,6,8,4,2,5,3.627600000e-05,1.553121000e-03,1.138795000e-03,1.589377000e-03,1.508224055e-03,1.471968055e-03,1.428790150e-04,133.485865,136.773751,136.773751,1.036159992e-04,2.716800012e-05,1.907399363e-05,row,0,-1.000000000e+00,-1.000000
cuda_warp_smem,double,global,global,4096,4096,6,8,4,2,6,4.112400000e-05,1.663355000e-03,7.622260000e-04,1.710060000e-03,1.594900988e-03,1.503999949e-03,1.752799978e-04,126.231405,133.860771,133.860771,1.358080059e-04,2.793600038e-05,1.526894306e-05,row,0,-1.000000000e+00,-1.000000
cuda_warp_smem,double,global,global,4096,4096,6,8,4,2,7,4.014400000e-05,1.576903000e-03,1.134229000e-03,1.629769000e-03,1.521698016e-03,1.468832016e-03,1.736469884e-04,132.303906,137.065770,137.065770,1.245440021e-04,3.200000152e-05,2.347098665e-05,row,0,-1.000000000e+00,-1.000000
cuda_warp_smem,double,global,global,4096,4096,6,8,4,2,8,4.470200000e-05,1.573688000e-03,1.142175000e-03,1.630924000e-03,1.544612002e-03,1.401407957e-03,1.722800429e-04,130.341207,143.660232,143.660232,1.396159977e-04,2.998399921e-05,1.531295532e-05,row,0,-1.000000000e+00,-1.000000
cuda_warp_smem,double,global,global,4096,4096,6,8,4,2,9,4.290900000e-05,1.582894000e-03,1.138546000e-03,1.629300000e-03,1.539103942e-03,1.496287942e-03,1.733180141e-04,130.807664,134.550701,134.550701,1.236800030e-04,2.876799926e-05,2.087001184e-05,row,0,-1.000000000e+00,-1.000000
cuda_warp_smem,double,global,global,4096,4096,6,8,4,2,10,5.058700000e-05,1.583829000e-03,1.148364000e-03,1.627968000e-03,1.528381028e-03,1.463199973e-03,1.563499507e-04,131.725393,137.593354,137.593354,1.165120006e-04,2.972799912e-05,1.508295890e-05,row,0,-1.000000000e+00,-1.000000
cuda_warp_smem,double,global,global,4096,4096,6,8,4,2,11,4.226800000e-05,1.582410000e-03,1.128175000e-03,1.630194000e-03,1.541031982e-03,1.496703982e-03,1.688680119e-04,130.644006,134.513300,134.513300,1.291839927e-04,3.161599860e-05,1.379102170e-05,row,0,-1.000000000e+00,-1.000000
cuda_warp_smem,double,global,global,4096,4096,6,8,4,2,12,4.452400000e-05,1.577273000e-03,1.136252000e-03,1.630776000e-03,1.479192018e-03,1.402688026e-03,1.745849736e-04,136.105786,143.529130,143.529130,1.393599957e-04,2.960000001e-05,1.744000884e-05,row,0,-1.000000000e+00,-1.000000
cuda_warp_smem,double,global,global,4096,4096,6,8,4,2,13,4.077300000e-05,1.578993000e-03,1.144673000e-03,1.620158000e-03,1.523017012e-03,1.469280005e-03,1.582370116e-04,132.189326,137.023979,137.023979,1.201599985e-04,2.931199968e-05,1.453600902e-05,row,0,-1.000000000e+00,-1.000000
cuda_warp_smem,double,global,global,4096,4096,6,8,4,2,14,3.273400000e-05,1.476445000e-03,1.143886000e-03,1.520646000e-03,1.436620002e-03,1.335136056e-03,1.504729952e-04,140.139071,150.791068,150.791068,1.136000007e-04,2.966400050e-05,2.505599736e-05,row,0,-1.000000000e+00,-1.000000
cuda_warp_smem,double,global,global,4096,4096,6,8,4,2,15,4.543200000e-05,1.586197000e-03,1.135896000e-03,1.643854000e-03,1.520441052e-03,1.462784052e-03,1.739830014e-04,132.413283,137.632477,137.632477,1.333120018e-04,3.993599862e-05,1.429500083e-05,row,0,-1.000000000e+00,-1.000000
cuda_warp_smem,double,global,global,4096,4096,6,8,4,2,16,3.752900000e-05,1.574168000e-03,1.142522000e-03,1.623072000e-03,1.545657023e-03,1.466048002e-03,1.621329954e-04,130.253083,137.326057,137.326057,1.216320023e-04,2.732799947e-05,1.893600039e-05,row,0,-1.000000000e+00,-1.000000
cuda_warp_smem,double,global,global,4096,4096,6,8,4,2,17,4.667300000e-05,1.581590000e-03,1.139808000e-03,1.626070000e-03,1.533846007e-03,1.493088007e-03,1.551939919e-04,131.256066,134.839066,134.839066,1.167360023e-04,2.726400085e-05,1.491896363e-05,row,0,-1.000000000e+00,-1.000000
cuda_warp_smem,double,global,global,4096,4096,6,8,4,2,18,4.386600000e-05,1.566929000e-03,1.137680000e-03,1.623328000e-03,1.497135055e-03,1.440736055e-03,1.642770103e-04,134.474569,139.738706,139.738706,1.294080019e-04,2.771200053e-05,1.377694731e-05,row,0,-1.000000000e+00,-1.000000
cuda_warp_smem,double,global,global,4096,4096,6,8,4,2,19,4.274400000e-05,1.572822000e-03,1.128924000e-03,1.622912000e-03,1.502890035e-03,1.452800035e-03,1.631790053e-04,133.959629,138.578323,138.578323,1.226880029e-04,2.691200003e-05,1.485900287e-05,row,0,-1.000000000e+00,-1.000000
cuda_warp_smem,double,global,global,4096,4096,6,8,4,2,20,4.548100000e-05,1.576879000e-03,1.137373000e-03,1.685391000e-03,1.575551943e-03,1.467039943e-03,1.583920080e-04,127.781628,137.233204,137.233204,1.248959973e-04,2.675200067e-05,1.327800709e-05,row,0,-1.000000000e+00,-1.000000
cuda_warp_smem,double,global,global,4096,4096,8,8,4,2,1,5.237500000e-05,1.831788000e-03,8.871120000e-04,1.898353000e-03,1.768094042e-03,1.678496003e-03,1.979430286e-04,151.821933,159.926181,159.926181,1.569280028e-04,3.257599846e-05,1.482799305e-05,row,0,-1.000000000e+00,-1.000000
cuda_warp_smem,double,global,global,4096,4096,8,8,4,2,2,5.590700000e-05,1.822604000e-03,8.895160000e-04,1.888023000e-03,1.749536017e-03,1.638656020e-03,1.883300065e-04,153.432369,163.814402,163.814402,1.523199975e-04,3.359999880e-05,1.528897463e-05,row,0,-1.000000000e+00,-1.000000
cuda_warp_smem,double,global,global,4096,4096,8,8,4,2,3,4.866400000e-05,1.816294000e-03,1.308652000e-03,1.882024000e-03,1.705091982e-03,1.645439982e-03,1.900760268e-04,157.431657,163.139014,163.139014,1.522880048e-04,3.148800135e-05,1.799103324e-05,row,0,-1.000000000e+00,-1.000000
cuda_warp_smem,double,global,global,4096,4096,8,8,4,2,4,5.922300000e-05,1.806452000e-03,8.916600000e-04,1.870839000e-03,1.750330021e-03,1.654623985e-03,1.667160407e-04,153.362768,162.233509,162.233509,1.301440001e-04,2.876799926e-05,1.400401578e-05,row,0,-1.000000000e+00,-1.000000
cuda_warp_smem,double,global,global,4096,4096,8,8,4,2,5,4.461900000e-05,1.807519000e-03,8.881280000e-04,1.856680000e-03,1.745312014e-03,1.709280014e-03,1.800430015e-04,153.803706,157.045922,157.045922,1.420799941e-04,3.529600054e-05,1.447600602e-05,row,0,-1.000000000e+00,-1.000000
cuda_warp_smem,double,global,global,4096,4096,8,8,4,2,6,6.136400000e-05,1.815726000e-03,9.017390000e-04,1.886479000e-03,1.741622989e-03,1.645696044e-03,1.714540067e-04,154.129486,163.113630,163.113630,1.350080073e-04,3.497600183e-05,1.492596150e-05,row,0,-1.000000000e+00,-1.000000
cuda_warp_smem,double,global,global,4096,4096,8,8,4,2,7,5.050200000e-05,1.813758000e-03,8.799830000e-04,1.878796000e-03,1.776150003e-03,1.687935948e-03,1.869910223e-04,151.133325,159.031779,159.031779,1.445119977e-04,3.033600003e-05,1.543599533e-05,row,0,-1.000000000e+00,-1.000000
cuda_warp_smem,double,global,global,4096,4096,8,8,4,2,8,6.080800000e-05,1.821941000e-03,1.315975000e-03,1.888577000e-03,1.772247014e-03,1.708511949e-03,1.821759860e-04,151.466163,157.116522,157.116522,1.411519945e-04,3.167999908e-05,1.436798409e-05,row,0,-1.000000000e+00,-1.000000
cuda_warp_smem,double,global,global,4096,4096,8,8,4,2,9,5.531000000e-05,1.826973000e-03,8.840120000e-04,1.895954000e-03,1.768483050e-03,1.678815961e-03,1.862060228e-04,151.788538,159.895702,159.895702,1.479679942e-04,3.180800006e-05,1.676503701e-05,row,0,-1.000000000e+00,-1.000000
cuda_warp_smem,double,global,global,4096,4096,8,8,4,2,10,6.253000000e-05,1.809367000e-03,8.780080000e-04,1.877080000e-03,1.776695990e-03,1.639039993e-03,1.712469908e-04,151.086881,163.776026,163.776026,1.301120073e-04,2.854399942e-05,6.066902025e-05,row,0,-1.000000000e+00,-1.000000
cuda_warp_smem,double,global,global,4096,4096,8,8,4,2,11,5.132300000e-05,1.803253000e-03,8.830130000e-04,1.865966000e-03,1.737920014e-03,1.643936038e-03,1.825510213e-04,154.457889,163.288260,163.288260,1.249599978e-04,3.443200141e-05,9.656702227e-05,row,0,-1.000000000e+00,-1.000000
cuda_warp_smem,double,global,global,4096,4096,8,8,4,2,12,5.308600000e-05,1.810417000e-03,8.740830000e-04,1.879471000e-03,1.759430039e-03,1.669376016e-03,1.772340101e-04,152.569554,160.799876,160.799876,1.399679929e-04,3.065600060e-05,1.617698537e-05,row,0,-1.000000000e+00,-1.000000
cuda_warp_smem,double,global,global,4096,4096,8,8,4,2,13,5.182100000e-05,1.822256000e-03,8.762510000e-04,1.891001000e-03,1.765302046e-03,1.674111962e-03,1.924320117e-04,152.062055,160.344984,160.344984,1.492159963e-04,3.344000131e-05,1.576003547e-05,row,0,-1.000000000e+00,-1.000000
cuda_warp_smem,double,global,global,4096,4096,8,8,4,2,14,5.976600000e-05,1.822120000e-03,8.827110000e-04,1.896389000e-03,1.727657995e-03,1.622720003e-03,1.993999969e-04,155.375344,165.423151,165.423151,1.488000005e-04,3.116800077e-05,1.943199555e-05,row,0,-1.000000000e+00,-1.000000
cuda_warp_smem,double,global,global,4096,4096,8,8,4,2,15,6.062900000e-05,1.815234000e-03,8.847510000e-04,1.887484000e-03,1.718372981e-03,1.622751951e-03,1.924820488e-04,156.214896,165.419894,165.419894,1.498239934e-04,3.014400043e-05,1.526605538e-05,row,0,-1.000000000e+00,-1.000000
cuda_warp_smem,double,global,global,4096,4096,8,8,4,2,16,6.284800000e-05,1.807577000e-03,8.793870000e-04,1.874441000e-03,1.762131980e-03,1.666560054e-03,1.678080225e-04,152.335613,161.071577,161.071577,1.294720024e-04,3.107200004e-05,1.432894450e-05,row,0,-1.000000000e+00,-1.000000
cuda_warp_smem,double,global,global,4096,4096,8,8,4,2,17,5.106600000e-05,1.818579000e-03,8.868000000e-04,1.887563000e-03,1.757493988e-03,1.673280001e-03,1.930549576e-04,152.737624,160.424708,160.424708,1.505919993e-04,3.071999922e-05,1.713899574e-05,row,0,-1.000000000e+00,-1.000000
cuda_warp_smem,double,global,global,4096,4096,8,8,4,2,18,6.278200000e-05,1.808164000e-03,1.310898000e-03,1.887322000e-03,1.742784986e-03,1.621279955e-03,1.879759615e-04,154.026721,165.570083,165.570083,1.515520066e-04,2.912000008e-05,1.450395754e-05,row,0,-1.000000000e+00,-1.000000
cuda_warp_smem,double,global,global,4096,4096,8,8,4,2,19,5.882100000e-05,1.811915000e-03,1.314960000e-03,1.880190000e-03,1.767484031e-03,1.704640031e-03,1.797839713e-04,151.874332,157.473397,157.473397,1.431999952e-04,3.404799849e-05,1.361798651e-05,row,0,-1.000000000e+00,-1.000000
cuda_warp_smem,double,global,global,4096,4096,8,8,4,2,20,5.918300000e-05,1.815369000e-03,8.819170000e-04,1.923973000e-03,1.766204045e-03,1.657600045e-03,1.685929849e-04,151.984397,161.942235,161.942235,1.317439973e-04,3.116800077e-05,1.472895154e-05,row,0,-1.000000000e+00,-1.000000
cuda_warp_smem,double,global,global,4096,4096,20,8,4,2,1,1.294830000e-04,3.322122000e-03,1.596568000e-03,3.485720000e-03,3.169333936e-03,2.904000044e-03,4.181219561e-04,211.744377,231.091126,231.091126,3.553920090e-04,5.961599946e-05,2.525203649e-05,row,0,-1.000000000e+00,-1.000000
cuda_warp_smem,double,global,global,4096,4096,20,8,4,2,2,1.293000000e-04,3.328885000e-03,1.605025000e-03,3.492949000e-03,3.238376114e-03,3.099136114e-03,4.040240362e-04,207.229987,216.540550,216.540550,3.178560138e-04,6.179200113e-05,2.437602128e-05,row,0,-1.000000000e+00,-1.000000
cuda_warp_smem,double,global,global,4096,4096,20,8,4,2,3,1.312270000e-04,3.321483000e-03,1.593238000e-03,3.477761000e-03,3.270987042e-03,3.140480042e-03,3.968520450e-04,205.163956,213.689828,213.689828,3.065280020e-04,6.684800237e-05,2.466005707e-05,row,0,-1.000000000e+00,-1.000000
cuda_warp_smem,double,global,global,4096,4096,20,8,4,2,4,1.318650000e-04,3.403280000e-03,1.616338000e-03,3.550634000e-03,3.261284888e-03,3.127199888e-03,3.869250500e-04,205.774308,214.597296,214.597296,3.024320006e-04,5.715199932e-05,2.734105009e-05,row,0,-1.000000000e+00,-1.000000
cuda_warp_smem,double,global,global,4096,4096,20,8,4,2,5,1.454150000e-04,3.243429000e-03,2.423919000e-03,3.430139000e-03,3.156982064e-03,2.970272064e-03,3.566428968e-04,212.572839,225.935074,225.935074,2.615360022e-04,6.431999803e-05,3.078689660e-05,row,0,-1.000000000e+00,-1.000000
cuda_warp_smem,double,global,global,4096,4096,20,8,4,2,6,1.334270000e-04,3.308363000e-03,2.780561000e-03,3.467898000e-03,3.267981010e-03,2.962239981e-03,4.062939790e-04,205.352674,226.547695,226.547695,3.221760094e-04,6.396800280e-05,2.014996677e-05,row,0,-1.000000000e+00,-1.000000
cuda_warp_smem,double,global,global,4096,4096,20,8,4,2,7,1.421350000e-04,3.310912000e-03,1.587245000e-03,3.478032000e-03,3.236893968e-03,3.095551968e-03,3.849950157e-04,207.324876,216.791269,216.791269,3.043200076e-04,5.740800127e-05,2.454701657e-05,row,0,-1.000000000e+00,-1.000000
cuda_warp_smem,double,global,global,4096,4096,20,8,4,2,8,1.288470000e-04,3.286298000e-03,2.416890000e-03,3.456741000e-03,3.239626971e-03,3.040096045e-03,3.966519939e-04,207.149973,220.745868,220.745868,3.331519961e-04,6.207999960e-05,2.418612851e-05,row,0,-1.000000000e+00,-1.000000
cuda_warp_smem,double,global,global,4096,4096,20,8,4,2,9,1.399160000e-04,3.318259000e-03,1.597689000e-03,3.479944000e-03,3.232623035e-03,3.097568035e-03,4.024560538e-04,207.598793,216.650170,216.650170,3.191359937e-04,6.825599819e-05,2.226406458e-05,row,0,-1.000000000e+00,-1.000000
cuda_warp_smem,double,global,global,4096,4096,20,8,4,2,10,1.304990000e-04,3.327658000e-03,1.597230000e-03,3.489908000e-03,3.268887089e-03,3.133984089e-03,3.953570380e-04,205.295754,214.132753,214.132753,3.153919876e-04,6.083200127e-05,1.913304919e-05,row,0,-1.000000000e+00,-1.000000
cuda_warp_smem,double,global,global,4096,4096,20,8,4,2,11,1.540720000e-04,3.169371000e-03,2.425129000e-03,3.364594000e-03,3.172885966e-03,2.940351963e-03,3.181319768e-04,211.507330,228.234119,228.234119,2.325759977e-04,6.780800223e-05,2.325197408e-05,row,0,-1.000000000e+00,-1.000000
cuda_warp_smem,double,global,global,4096,4096,20,8,4,2,12,1.315220000e-04,3.290684000e-03,2.429582000e-03,3.463814000e-03,3.170074045e-03,2.973344088e-03,4.063870870e-04,211.694942,225.701641,225.701641,3.178879917e-04,6.547199935e-05,2.302709598e-05,row,0,-1.000000000e+00,-1.000000
cuda_warp_smem,double,global,global,4096,4096,20,8,4,2,13,1.434810000e-04,3.404912000e-03,1.612795000e-03,3.558270000e-03,3.264932975e-03,3.125823975e-03,3.822710057e-04,205.544385,214.691757,214.691757,3.042559922e-04,6.051199883e-05,1.993500344e-05,row,0,-1.000000000e+00,-1.000000
cuda_warp_smem,double,global,global,4096,4096,20,8,4,2,14,1.392940000e-04,3.509235000e-03,2.423134000e-03,3.729649000e-03,3.444000020e-03,3.135999918e-03,4.172829733e-04,194.857328,213.995108,213.995108,3.446719944e-04,7.004799694e-05,3.035507886e-05,row,0,-1.000000000e+00,-1.000000
cuda_warp_smem,double,global,global,4096,4096,20,8,4,2,15,1.443940000e-04,3.309371000e-03,1.593881000e-03,3.467522000e-03,3.232490049e-03,3.100352049e-03,3.760349557e-04,207.607334,216.455625,216.455625,2.966719866e-04,6.121600047e-05,1.926696978e-05,row,0,-1.000000000e+00,-1.000000
cuda_warp_smem,double,global,global,4096,4096,20,8,4,2,16,1.334970000e-04,3.318140000e-03,1.600784000e-03,3.463270000e-03,3.265502010e-03,3.136384010e-03,3.859500031e-04,205.508567,213.968901,213.968901,3.071039915e-04,5.900799856e-05,2.783799949e-05,row,0,-1.000000000e+00,-1.000000
cuda_warp_smem,double,global,global,4096,4096,20,8,4,2,17,1.417550000e-04,3.250429000e-03,2.427808000e-03,3.433056000e-03,3.148227014e-03,2.965600014e-03,3.719869606e-04,213.163993,226.291016,226.291016,2.872959971e-04,7.036799937e-05,3.057896866e-05,row,0,-1.000000000e+00,-1.000000
cuda_warp_smem,double,global,global,4096,4096,20,8,4,2,18,1.358240000e-04,3.303441000e-03,1.592854000e-03,3.467491000e-03,3.261930905e-03,3.124543905e-03,3.793170368e-04,205.733555,214.779712,214.779712,3.173759878e-04,5.872000009e-05,2.357302510e-05,row,0,-1.000000000e+00,-1.000000
cuda_warp_smem,double,global,global,4096,4096,20,8,4,2,19,1.369340000e-04,3.417255000e-03,1.587967000e-03,3.602851000e-03,3.287302043e-03,3.131808043e-03,4.018979139e-04,204.145719,214.281537,214.281537,3.152320087e-04,6.943999976e-05,2.448992354e-05,row,0,-1.000000000e+00,-1.000000
cuda_warp_smem,double,global,global,4096,4096,20,8,4,2,20,1.365920000e-04,3.280716000e-03,2.779538000e-03,3.456530000e-03,3.195809000e-03,2.940320015e-03,3.659060567e-04,209.990222,228.236599,228.236599,2.787519991e-04,6.403200328e-05,2.312205432e-05,row,0,-1.000000000e+00,-1.000000
cuda_warp_smem,double,global,global,4096,4096,32,8,4,2,1,2.202660000e-04,4.987476000e-03,1.867028000e-03,5.239516000e-03,4.616018922e-03,4.341184139e-03,6.462918607e-04,232.612093,247.338466,247.338466,5.459200144e-04,8.752000332e-05,1.819584649e-05,row,0,-1.000000000e+00,-1.000000
cuda_warp_smem,double,global,global,4096,4096,32,8,4,2,2,1.955200000e-04,4.978800000e-03,3.009321000e-03,5.270747000e-03,4.711156927e-03,4.360000134e-03,6.187998665e-04,227.914680,246.271053,246.271053,5.269759893e-04,8.908800036e-05,1.513808183e-05,row,0,-1.000000000e+00,-1.000000
cuda_warp_smem,double,global,global,4096,4096,32,8,4,2,3,2.181340000e-04,4.938326000e-03,1.866556000e-03,5.246306000e-03,4.711564003e-03,4.403584003e-03,5.937269882e-04,227.894988,243.833619,243.833619,5.063040257e-04,8.300799876e-05,1.396995050e-05,row,0,-1.000000000e+00,-1.000000
cuda_warp_smem,double,global,global,4096,4096,32,8,4,2,4,2.208230000e-04,5.140558000e-03,3.044573000e-03,5.429953000e-03,5.096247993e-03,4.588160038e-03,5.669149442e-04,210.692617,234.024492,234.024492,4.841600060e-04,8.832000196e-05,1.643308376e-05,row,0,-1.000000000e+00,-1.000000
cuda_warp_smem,double,global,global,4096,4096,32,8,4,2,5,2.240650000e-04,4.957072000e-03,2.998944000e-03,5.216431000e-03,4.820253908e-03,4.611167908e-03,5.396249419e-04,222.756279,232.856804,232.856804,4.392639995e-04,8.243200183e-05,1.792894060e-05,row,0,-1.000000000e+00,-1.000000
cuda_warp_smem,double,global,global,4096,4096,32,8,4,2,6,2.176810000e-04,5.122503000e-03,3.043924000e-03,5.430336000e-03,5.094441005e-03,4.588799953e-03,5.695780322e-04,210.767349,233.991857,233.991857,4.872640073e-04,9.017600119e-05,1.565505067e-05,row,0,-1.000000000e+00,-1.000000
cuda_warp_smem,double,global,global,4096,4096,32,8,4,2,7,2.101990000e-04,4.926027000e-03,2.997418000e-03,5.220716000e-03,4.693381046e-03,4.360415936e-03,5.656110645e-04,228.777892,246.247569,246.247569,4.756799936e-04,8.556800336e-05,1.570999682e-05,row,0,-1.000000000e+00,-1.000000
cuda_warp_smem,double,global,global,4096,4096,32,8,4,2,8,2.129420000e-04,4.959366000e-03,1.866009000e-03,5.248561000e-03,4.688450884e-03,4.392704010e-03,6.247130261e-04,229.018465,244.437554,244.437554,5.346879959e-04,8.419200033e-05,1.545112794e-05,row,0,-1.000000000e+00,-1.000000
cuda_warp_smem,double,global,global,4096,4096,32,8,4,2,9,1.932240000e-04,5.479178000e-03,4.191708000e-03,5.775322000e-03,5.448886984e-03,4.352320194e-03,1.519913960e-03,197.057092,246.705614,246.705614,4.341759980e-04,1.264927983e-03,1.483178381e-05,row,0,-1.000000000e+00,-1.000000
cuda_warp_smem,double,global,global,4096,4096,32,8,4,2,10,2.081290000e-04,4.965138000e-03,3.007416000e-03,5.251967000e-03,4.695474979e-03,4.360064030e-03,6.050739703e-04,228.675870,246.267444,246.267444,5.152000189e-04,9.055999666e-05,2.068601543e-05,row,0,-1.000000000e+00,-1.000000
cuda_warp_smem,double,global,global,4096,4096,32,8,4,2,11,2.132710000e-04,4.938210000e-03,2.994120000e-03,5.226696000e-03,4.699486043e-03,4.364927769e-03,5.732822313e-04,228.480692,245.993034,245.993034,4.783999920e-04,8.678399771e-05,1.363423904e-05,row,0,-1.000000000e+00,-1.000000
cuda_warp_smem,double,global,global,4096,4096,32,8,4,2,12,2.092460000e-04,4.952069000e-03,2.992523000e-03,5.242687000e-03,4.680389004e-03,4.354784012e-03,5.972849882e-04,229.412945,246.566034,246.566034,5.027520061e-04,8.886399865e-05,1.594097971e-05,row,0,-1.000000000e+00,-1.000000
cuda_warp_smem,double,global,global,4096,4096,32,8,4,2,13,2.009670000e-04,4.950218000e-03,2.998933000e-03,5.236320000e-03,4.887685033e-03,4.564511776e-03,5.850869247e-04,219.683105,235.236949,235.236949,4.969600141e-04,8.912000060e-05,1.576008266e-05,row,0,-1.000000000e+00,-1.000000
cuda_warp_smem,double,global,global,4096,4096,32,8,4,2,14,2.121460000e-04,4.989221000e-03,2.993529000e-03,5.239352000e-03,4.790318115e-03,4.440896034e-03,6.048929271e-04,224.148334,241.784950,241.784950,5.049600005e-04,8.684799820e-05,1.462401222e-05,row,0,-1.000000000e+00,-1.000000
cuda_warp_smem,double,global,global,4096,4096,32,8,4,2,15,2.205850000e-04,5.151135000e-03,3.025299000e-03,5.462042000e-03,5.124190000e-03,4.595456123e-03,5.985750174e-04,209.543718,233.652938,233.652938,5.090879798e-04,8.409599960e-05,1.468393322e-05,row,0,-1.000000000e+00,-1.000000
cuda_warp_smem,double,global,global,4096,4096,32,8,4,2,16,2.139670000e-04,4.957751000e-03,1.872686000e-03,5.254117000e-03,4.696974063e-03,4.400608063e-03,6.025379754e-04,228.602886,243.998513,243.998513,4.969280064e-04,9.247999638e-05,1.613796566e-05,row,0,-1.000000000e+00,-1.000000
cuda_warp_smem,double,global,global,4096,4096,32,8,4,2,17,2.200660000e-04,4.934417000e-03,2.992019000e-03,5.225713000e-03,4.892726946e-03,4.561408043e-03,5.671659555e-04,219.456723,235.397012,235.397012,4.721600115e-04,8.508799970e-05,1.697893250e-05,row,0,-1.000000000e+00,-1.000000
cuda_warp_smem,double,global,global,4096,4096,32,8,4,2,18,1.920890000e-04,4.873268000e-03,3.030577000e-03,5.159077000e-03,4.782035158e-03,4.536352158e-03,5.870391034e-04,224.536581,236.697193,236.697193,4.822080135e-04,8.931200206e-05,1.587109045e-05,row,0,-1.000000000e+00,-1.000000
cuda_warp_smem,double,global,global,4096,4096,32,8,4,2,19,2.137730000e-04,4.983422000e-03,3.001816000e-03,5.284823000e-03,4.716245066e-03,4.358592033e-03,6.248299666e-04,227.668794,246.350614,246.350614,5.192959905e-04,8.924800158e-05,1.657397676e-05,row,0,-1.000000000e+00,-1.000000
cuda_warp_smem,double,global,global,4096,4096,32,8,4,2,20,2.119320000e-04,5.012812000e-03,1.866580000e-03,5.319592000e-03,4.680892129e-03,4.374112129e-03,6.386998708e-04,229.388286,245.476520,245.476520,5.366719961e-04,9.145600349e-05,1.800109287e-05,row,0,-1.000000000e+00,-1.000000
cuda_warp_smem,double,global,global,4096,4096,3,8,8,1,1,5.468900000e-05,1.349777000e-03,1.696000000e-06,1.400241000e-03,1.259999956e-03,1.209535956e-03,1.605679993e-04,79.891508,83.224724,83.224724,1.252480000e-04,2.233600058e-05,9.293099487e-05,row,0,-1.000000000e+00,-1.000000
cuda_warp_smem,double,global,global,4096,4096,3,8,8,1,2,5.812900000e-05,1.342530000e-03,1.908000000e-06,1.392780000e-03,1.323818034e-03,1.273568034e-03,1.417120111e-04,76.040130,79.040376,79.040376,1.161279976e-04,2.364799939e-05,1.497500188e-05,row,0,-1.000000000e+00,-1.000000
cuda_warp_smem,double,global,global,4096,4096,3,8,8,1,3,5.867600000e-05,1.350512000e-03,1.913000000e-06,1.396765000e-03,1.332780991e-03,1.286527991e-03,1.472209962e-04,75.528760,78.244155,78.244155,1.151999980e-04,2.044799924e-05,1.422899863e-05,row,0,-1.000000000e+00,-1.000000
cuda_warp_smem,double,global,global,4096,4096,3,8,8,1,4,5.639000000e-05,1.340143000e-03,1.625000000e-06,1.393393000e-03,1.301057980e-03,1.247807980e-03,1.578289834e-04,77.370338,80.672105,80.672105,1.281599998e-04,1.948799938e-05,1.181298352e-05,row,0,-1.000000000e+00,-1.000000
cuda_warp_smem,double,global,global,4096,4096,3,8,8,1,5,5.836900000e-05,1.323178000e-03,1.870000000e-06,1.367338000e-03,1.302911988e-03,1.258751988e-03,1.387580018e-04,77.260242,79.970715,79.970715,1.036799997e-04,1.884800009e-05,1.892600642e-05,row,0,-1.000000000e+00,-1.000000
cuda_warp_smem,double,global,global,4096,4096,3,8,8,1,6,5.437000000e-05,1.336708000e-03,1.762000000e-06,1.388130000e-03,1.256317973e-03,1.204895973e-03,1.524270072e-04,80.125651,83.545217,83.545217,1.200319976e-04,1.788800023e-05,1.450700939e-05,row,0,-1.000000000e+00,-1.000000
cuda_warp_smem,double,global,global,4096,4096,3,8,8,1,7,5.468800000e-05,1.348046000e-03,1.713000000e-06,1.400565000e-03,1.259782947e-03,1.207263947e-03,1.565479933e-04,79.905270,83.381349,83.381349,1.187840030e-04,2.304000035e-05,1.809405058e-05,row,0,-1.000000000e+00,-1.000000
cuda_warp_smem,double,global,global,4096,4096,3,8,8,1,8,5.392900000e-05,1.253110000e-03,1.923000000e-06,1.308291000e-03,1.166925046e-03,1.111744046e-03,1.575030103e-04,86.263720,90.545388,90.545388,1.258880049e-04,2.102399990e-05,1.840199735e-05,row,0,-1.000000000e+00,-1.000000
cuda_warp_smem,double,global,global,4096,4096,3,8,8,1,9,5.652600000e-05,1.441762000e-03,1.924000000e-06,1.488885000e-03,1.330259010e-03,1.283136010e-03,1.586259898e-04,75.671952,78.450994,78.450994,1.335999966e-04,2.432000078e-05,1.506302932e-05,row,0,-1.000000000e+00,-1.000000
cuda_warp_smem,double,global,global,4096,4096,3,8,8,1,10,6.335400000e-05,1.344215000e-03,1.907000000e-06,1.383736000e-03,1.313056967e-03,1.273535967e-03,1.359549847e-04,76.663312,79.042366,79.042366,1.058240011e-04,2.550400048e-05,1.416204620e-05,row,0,-1.000000000e+00,-1.000000
cuda_warp_smem,double,global,global,4096,4096,3,8,8,1,11,5.535400000e-05,1.335172000e-03,1.632000000e-06,1.383111000e-03,1.253186998e-03,1.205247998e-03,1.451909981e-04,80.325838,83.520816,83.520816,1.148160025e-04,1.926399954e-05,1.519797485e-05,row,0,-1.000000000e+00,-1.000000
cuda_warp_smem,double,global,global,4096,4096,3,8,8,1,12,5.398200000e-05,1.249442000e-03,1.774000000e-06,1.304929000e-03,1.182270967e-03,1.126783967e-03,1.601270051e-04,85.144014,89.336820,89.336820,1.233600006e-04,3.110400029e-05,1.596700445e-05,row,0,-1.000000000e+00,-1.000000
cuda_warp_smem,double,global,global,4096,4096,3,8,8,1,13,5.860300000e-05,1.356801000e-03,1.674000000e-06,1.404832000e-03,1.324574975e-03,1.276543975e-03,1.583300231e-04,75.996677,78.856113,78.856113,1.288000047e-04,2.460799925e-05,1.397996560e-05,row,0,-1.000000000e+00,-1.000000
cuda_warp_smem,double,global,global,4096,4096,3,8,8,1,14,5.549300000e-05,1.341245000e-03,1.739000000e-06,1.396963000e-03,1.302885945e-03,1.247167945e-03,1.487650260e-04,77.261787,80.713505,80.713505,1.220479980e-04,2.204800025e-05,1.668600109e-05,row,0,-1.000000000e+00,-1.000000
cuda_warp_smem,double,global,global,4096,4096,3,8,8,1,15,5.486300000e-05,1.349725000e-03,2.130000000e-06,1.397782000e-03,1.328601043e-03,1.280544043e-03,1.501739975e-04,75.766383,78.609788,78.609788,1.235840023e-04,2.217599936e-05,1.526100336e-05,row,0,-1.000000000e+00,-1.000000
cuda_warp_smem,double,global,global,4096,4096,3,8,8,1,16,5.370400000e-05,1.352415000e-03,1.778000000e-06,1.402180000e-03,1.242501030e-03,1.192736030e-03,1.596789704e-04,81.016670,84.396961,84.396961,1.367039979e-04,2.195199952e-05,1.877601482e-05,row,0,-1.000000000e+00,-1.000000
cuda_warp_smem,double,global,global,4096,4096,3,8,8,1,17,5.499400000e-05,1.245426000e-03,1.652000000e-06,1.302052000e-03,1.168658056e-03,1.112032056e-03,1.607560034e-04,86.135800,90.521937,90.521937,1.247999966e-04,1.968000084e-05,9.586000095e-05,row,0,-1.000000000e+00,-1.000000
cuda_warp_smem,double,global,global,4096,4096,3,8,8,1,18,5.535300000e-05,1.447252000e-03,1.827000000e-06,1.495229000e-03,1.332904964e-03,1.284927964e-03,1.623240358e-04,75.521735,78.341587,78.341587,1.347199976e-04,2.441599965e-05,1.446400285e-05,row,0,-1.000000000e+00,-1.000000
cuda_warp_smem,double,global,global,4096,4096,3,8,8,1,19,5.400300000e-05,1.343001000e-03,1.773000000e-06,1.398609000e-03,1.283415999e-03,1.227807999e-03,1.494709875e-04,78.433880,81.986187,81.986187,1.149120033e-04,2.009600028e-05,1.613997541e-05,row,0,-1.000000000e+00,-1.000000
cuda_warp_smem,double,global,global,4096,4096,3,8,8,1,20,5.331000000e-05,1.368573000e-03,1.826000000e-06,1.420186000e-03,1.333181050e-03,1.281568050e-03,1.499179778e-04,75.506096,78.546977,78.546977,1.244480014e-04,2.249599993e-05,1.544501125e-05,row,0,-1.000000000e+00,-1.000000
cuda_warp_smem,double,global,global,4096,4096,6,8,8,1,1,1.044820000e-04,1.717691000e-03,3.381000000e-06,1.809898000e-03,1.703151033e-03,1.610944033e-03,2.369979457e-04,118.208302,124.974293,124.974293,2.048320025e-04,2.639999986e-05,1.343799935e-05,row,0,-1.000000000e+00,-1.000000
cuda_warp_smem,double,global,global,4096,4096,6,8,8,1,2,9.854100000e-05,1.806551000e-03,3.231000000e-06,1.899607000e-03,1.738304055e-03,1.645248055e-03,2.437099829e-04,115.817823,122.368534,122.368534,2.171840072e-04,2.463999949e-05,1.567897217e-05,row,0,-1.000000000e+00,-1.000000
cuda_warp_smem,double,global,global,4096,4096,6,8,8,1,3,9.941300000e-05,1.810876000e-03,3.231000000e-06,1.901412000e-03,1.785799982e-03,1.695263982e-03,2.313160079e-04,112.737481,118.758255,118.758255,2.043199986e-04,2.236800082e-05,1.504797121e-05,row,0,-1.000000000e+00,-1.000000
cuda_warp_smem,double,global,global,4096,4096,6,8,8,1,4,1.047660000e-04,1.797478000e-03,3.059000000e-06,1.895279000e-03,1.788905054e-03,1.691104054e-03,2.248320237e-04,112.541798,119.050387,119.050387,1.989759952e-04,2.182400040e-05,1.446599485e-05,row,0,-1.000000000e+00,-1.000000
cuda_warp_smem,double,global,global,4096,4096,6,8,8,1,5,1.024120000e-04,1.749283000e-03,3.523000000e-06,1.839005000e-03,1.737945996e-03,1.648223996e-03,2.408500052e-04,115.841685,122.147592,122.147592,1.862719953e-04,2.457600087e-05,3.000200899e-05,row,0,-1.000000000e+00,-1.000000
cuda_warp_smem,double,global,global,4096,4096,6,8,8,1,6,1.024160000e-04,1.791958000e-03,3.208000000e-06,1.897300000e-03,1.666110008e-03,1.560768008e-03,2.311899918e-04,120.836314,128.992003,128.992003,2.046079934e-04,2.659199946e-05,1.367905187e-05,row,0,-1.000000000e+00,-1.000000
cuda_warp_smem,double,global,global,4096,4096,6,8,8,1,7,1.059830000e-04,1.811508000e-03,6.238000000e-06,1.911653000e-03,1.709169048e-03,1.609024048e-03,2.511139853e-04,117.792089,125.123420,125.123420,2.165440023e-04,2.515199967e-05,1.377300928e-05,row,0,-1.000000000e+00,-1.000000
cuda_warp_smem,double,global,global,4096,4096,6,8,8,1,8,9.998900000e-05,1.797751000e-03,3.207000000e-06,1.900623000e-03,1.659479962e-03,1.556607962e-03,2.411430383e-04,121.319086,129.336735,129.336735,2.117120028e-04,2.211200073e-05,1.466503972e-05,row,0,-1.000000000e+00,-1.000000
cuda_warp_smem,double,global,global,4096,4096,6,8,8,1,9,9.872200000e-05,1.806977000e-03,3.104000000e-06,1.904273000e-03,1.703088046e-03,1.605792046e-03,2.475720260e-04,118.212674,125.375258,125.375258,2.111999989e-04,2.809599973e-05,1.560998845e-05,row,0,-1.000000000e+00,-1.000000
cuda_warp_smem,double,global,global,4096,4096,6,8,8,1,10,1.067890000e-04,1.727746000e-03,3.018000000e-06,1.821180000e-03,1.709818029e-03,1.616384029e-03,2.110959812e-04,117.747379,124.553688,124.553688,1.811520010e-04,2.336000092e-05,1.269901196e-05,row,0,-1.000000000e+00,-1.000000
cuda_warp_smem,double,global,global,4096,4096,6,8,8,1,11,1.017680000e-04,1.711247000e-03,3.180000000e-06,1.811651000e-03,1.579828000e-03,1.479424000e-03,2.318230002e-04,127.435766,136.084444,136.084444,2.041279972e-04,3.695999831e-05,1.324000155e-05,row,0,-1.000000000e+00,-1.000000
cuda_warp_smem,double,global,global,4096,4096,6,8,8,1,12,1.060740000e-04,1.811597000e-03,3.157000000e-06,1.915516000e-03,1.663439006e-03,1.559520006e-03,2.520769938e-04,121.030342,129.095229,129.095229,2.191040069e-04,2.659199946e-05,1.630998680e-05,row,0,-1.000000000e+00,-1.000000
cuda_warp_smem,double,global,global,4096,4096,6,8,8,1,13,1.003730000e-04,1.712093000e-03,3.274000000e-06,1.811411000e-03,1.624214026e-03,1.524896026e-03,2.304629891e-04,123.953241,132.026439,132.026439,2.014719993e-04,2.649600059e-05,1.471899011e-05,row,0,-1.000000000e+00,-1.000000
cuda_warp_smem,double,global,global,4096,4096,6,8,8,1,14,9.936100000e-05,1.805569000e-03,3.426000000e-06,1.894189000e-03,1.785579972e-03,1.696959972e-03,2.253439883e-04,112.751372,118.639564,118.639564,1.987839937e-04,2.687999979e-05,1.396999872e-05,row,0,-1.000000000e+00,-1.000000
cuda_warp_smem,double,global,global,4096,4096,6,8,8,1,15,9.737700000e-05,1.787747000e-03,3.184000000e-06,1.886778000e-03,1.762102990e-03,1.663071990e-03,2.338789859e-04,114.253590,121.057052,121.057052,2.005439997e-04,2.249599993e-05,1.696096928e-05,row,0,-1.000000000e+00,-1.000000
cuda_warp_smem,double,global,global,4096,4096,6,8,8,1,16,9.944000000e-05,1.810489000e-03,3.180000000e-06,1.904956000e-03,1.791266994e-03,1.696799994e-03,2.326660269e-04,112.393402,118.650750,118.650750,2.060160041e-04,2.358400077e-05,1.346901698e-05,row,0,-1.000000000e+00,-1.000000
cuda_warp_smem,double,global,global,4096,4096,6,8,8,1,17,9.618600000e-05,1.820140000e-03,2.991000000e-06,1.909790000e-03,1.806258047e-03,1.716608047e-03,2.405070040e-04,111.460592,117.281631,117.281631,2.143359929e-04,2.233600058e-05,1.518498750e-05,row,0,-1.000000000e+00,-1.000000
cuda_warp_smem,double,global,global,4096,4096,6,8,8,1,18,1.028580000e-04,1.818075000e-03,3.283000000e-06,1.905388000e-03,1.806992952e-03,1.719679952e-03,2.377430442e-04,111.415261,117.072128,117.072128,2.107519954e-04,2.281600051e-05,1.363799836e-05,row,0,-1.000000000e+00,-1.000000
cuda_warp_smem,double,global,global,4096,4096,6,8,8,1,19,9.599700000e-05,1.724207000e-03,3.099000000e-06,1.821511000e-03,1.599640025e-03,1.502336025e-03,2.471640012e-04,125.857436,134.009029,134.009029,2.139520049e-04,3.427200019e-05,1.524001861e-05,row,0,-1.000000000e+00,-1.000000
cuda_warp_smem,double,global,global,4096,4096,6,8,8,1,20,1.001810000e-04,1.805454000e-03,2.909000000e-06,1.907903000e-03,1.670000970e-03,1.567551970e-03,2.379020295e-04,120.554775,128.433759,128.433759,2.073280066e-04,2.230400033e-05,1.460901343e-05,row,0,-1.000000000e+00,-1.000000
cuda_warp_smem,double,global,global,4096,4096,8,8,8,1,1,1.471060000e-04,2.110683000e-03,4.247000000e-06,2.261536000e-03,2.004996977e-03,1.854143977e-03,2.936299965e-04,133.883222,144.775950,144.775950,2.537600100e-04,2.371199988e-05,1.615798660e-05,row,0,-1.000000000e+00,-1.000000
cuda_warp_smem,double,global,global,4096,4096,8,8,8,1,2,1.376650000e-04,2.117522000e-03,4.434000000e-06,2.259198000e-03,2.000620058e-03,1.858944058e-03,3.022860047e-04,134.176129,144.402116,144.402116,2.653439939e-04,3.094400093e-05,1.354396460e-05,row,0,-1.000000000e+00,-1.000000
cuda_warp_smem,double,global,global,4096,4096,8,8,8,1,3,1.366750000e-04,2.120795000e-03,4.734000000e-06,2.259932000e-03,1.967936963e-03,1.828799963e-03,2.919950370e-04,136.404499,146.782295,146.782295,2.614719868e-04,2.329600044e-05,1.311504993e-05,row,0,-1.000000000e+00,-1.000000
cuda_warp_smem,double,global,global,4096,4096,8,8,8,1,4,1.323760000e-04,2.120475000e-03,4.410000000e-06,2.256140000e-03,1.989520968e-03,1.853855968e-03,3.023920061e-04,134.924668,144.798442,144.798442,2.630720139e-04,2.630399913e-05,1.304100228e-05,row,0,-1.000000000e+00,-1.000000
cuda_warp_smem,double,global,global,4096,4096,8,8,8,1,5,1.294820000e-04,2.061143000e-03,4.395000000e-06,2.179412000e-03,2.065244946e-03,1.946975946e-03,2.750619921e-04,129.977539,137.873021,137.873021,2.191040069e-04,2.694400027e-05,3.474198570e-05,row,0,-1.000000000e+00,-1.000000
cuda_warp_smem,double,global,global,4096,4096,8,8,8,1,6,1.537490000e-04,2.101303000e-03,4.259000000e-06,2.254103000e-03,1.971552050e-03,1.818752050e-03,2.825509496e-04,136.154385,147.593211,147.593211,2.482240051e-04,2.422400005e-05,1.416694373e-05,row,0,-1.000000000e+00,-1.000000
cuda_warp_smem,double,global,global,4096,4096,8,8,8,1,7,1.310230000e-04,2.113846000e-03,4.245000000e-06,2.247728000e-03,2.016954019e-03,1.883072019e-03,2.897269823e-04,133.089527,142.551880,142.551880,2.537919879e-04,2.448000014e-05,1.430299363e-05,row,0,-1.000000000e+00,-1.000000
cuda_warp_smem,double,global,global,4096,4096,8,8,8,1,8,1.430220000e-04,2.117899000e-03,7.791000000e-06,2.263803000e-03,1.976527984e-03,1.830623984e-03,2.872750157e-04,135.811614,146.636042,146.636042,2.590399981e-04,2.342399955e-05,1.395003347e-05,row,0,-1.000000000e+00,-1.000000
cuda_warp_smem,double,global,global,4096,4096,8,8,8,1,9,1.311850000e-04,2.118596000e-03,4.718000000e-06,2.252968000e-03,2.009987954e-03,1.875615954e-03,3.021810060e-04,133.550778,143.118561,143.118561,2.690240145e-04,2.505600080e-05,2.074100289e-05,row,0,-1.000000000e+00,-1.000000
cuda_warp_smem,double,global,global,4096,4096,8,8,8,1,10,1.382480000e-04,2.089657000e-03,4.659000000e-06,2.231396000e-03,1.972010959e-03,1.830271959e-03,2.593850407e-04,136.122700,146.664246,146.664246,2.324160039e-04,2.412799932e-05,1.216997970e-05,row,0,-1.000000000e+00,-1.000000
cuda_warp_smem,double,global,global,4096,4096,8,8,8,1,11,1.415970000e-04,2.121636000e-03,8.514000000e-06,2.262682000e-03,1.996661973e-03,1.855615973e-03,3.056889952e-04,134.442114,144.661104,144.661104,2.678079903e-04,2.707199939e-05,1.344701818e-05,row,0,-1.000000000e+00,-1.000000
cuda_warp_smem,double,global,global,4096,4096,8,8,8,1,12,1.343940000e-04,2.117883000e-03,4.468000000e-06,2.255558000e-03,1.993450952e-03,1.855775952e-03,3.039700098e-04,134.658671,144.648634,144.648634,2.698560059e-04,2.588799968e-05,1.452200361e-05,row,0,-1.000000000e+00,-1.000000
cuda_warp_smem,double,global,global,4096,4096,8,8,8,1,13,1.293460000e-04,2.114048000e-03,4.197000000e-06,2.246493000e-03,2.096828960e-03,1.964383960e-03,2.833580515e-04,128.019720,136.651216,136.651216,2.531839907e-04,2.252800018e-05,1.454501246e-05,row,0,-1.000000000e+00,-1.000000
cuda_warp_smem,double,global,global,4096,4096,8,8,8,1,14,1.370410000e-04,2.087247000e-03,4.169000000e-06,2.227185000e-03,1.975810054e-03,1.835872054e-03,2.938500088e-04,135.860963,146.216865,146.216865,2.566080093e-04,2.451200038e-05,1.399701451e-05,row,0,-1.000000000e+00,-1.000000
cuda_warp_smem,double,global,global,4096,4096,8,8,8,1,15,1.350940000e-04,2.124238000e-03,7.991000000e-06,2.262154000e-03,1.997947962e-03,1.860031962e-03,2.953490105e-04,134.355579,144.317658,144.317658,2.623359859e-04,2.448000014e-05,1.700095036e-05,row,0,-1.000000000e+00,-1.000000
cuda_warp_smem,double,global,global,4096,4096,8,8,8,1,16,1.305250000e-04,2.113616000e-03,4.461000000e-06,2.246801000e-03,1.988128991e-03,1.854943991e-03,2.928769877e-04,135.019135,144.713510,144.713510,2.571200132e-04,2.287999913e-05,1.576102151e-05,row,0,-1.000000000e+00,-1.000000
cuda_warp_smem,double,global,global,4096,4096,8,8,8,1,17,1.352030000e-04,2.122678000e-03,4.483000000e-06,2.260894000e-03,1.993255954e-03,1.855039954e-03,3.059500022e-04,134.671845,144.706024,144.706024,2.677119970e-04,2.435199916e-05,1.446200483e-05,row,0,-1.000000000e+00,-1.000000
cuda_warp_smem,double,global,global,4096,4096,8,8,8,1,18,1.389750000e-04,2.121883000e-03,4.570000000e-06,2.263537000e-03,1.989974007e-03,1.848320007e-03,3.136990008e-04,134.893951,145.232132,145.232132,2.725119889e-04,2.646400034e-05,2.846200499e-05,row,0,-1.000000000e+00,-1.000000
cuda_warp_smem,double,global,global,4096,4096,8,8,8,1,19,1.296780000e-04,2.093608000e-03,4.079000000e-06,2.226483000e-03,1.995659028e-03,1.862784028e-03,2.930330248e-04,134.509679,144.104444,144.104444,2.570239902e-04,2.655999921e-05,1.456796812e-05,row,0,-1.000000000e+00,-1.000000
cuda_warp_smem,double,global,global,4096,4096,8,8,8,1,20,1.306930000e-04,2.133230000e-03,4.499000000e-06,2.266969000e-03,1.996459013e-03,1.862720013e-03,2.963439926e-04,134.455781,144.109396,144.109396,2.593599856e-04,2.780799940e-05,1.496800700e-05,row,0,-1.000000000e+00,-1.000000
cuda_warp_smem,double,global,global,4096,4096,20,8,8,1,1,4.147460000e-04,4.157440000e-03,1.594600000e-05,4.535830000e-03,3.887030051e-03,3.508640051e-03,7.025530055e-04,172.648174,191.267451,191.267451,6.574079990e-04,4.172800109e-05,2.364594099e-05,row,0,-1.000000000e+00,-1.000000
cuda_warp_smem,double,global,global,4096,4096,20,8,8,1,2,4.186640000e-04,4.048709000e-03,1.588200000e-05,4.434175000e-03,3.743641993e-03,3.358175993e-03,6.905330070e-04,179.260902,199.837245,199.837245,6.484159827e-04,3.731200099e-05,2.540092350e-05,row,0,-1.000000000e+00,-1.000000
cuda_warp_smem,double,global,global,4096,4096,20,8,8,1,3,4.126670000e-04,4.044538000e-03,1.589300000e-05,4.464766000e-03,3.896899934e-03,3.476671934e-03,6.676249666e-04,172.210899,193.026162,193.026162,6.258879900e-04,4.348799959e-05,1.945005111e-05,row,0,-1.000000000e+00,-1.000000
cuda_warp_smem,double,global,global,4096,4096,20,8,8,1,4,4.070750000e-04,4.024768000e-03,1.466900000e-05,4.400427000e-03,3.855307113e-03,3.479648113e-03,6.665620064e-04,174.068789,192.861065,192.861065,6.187840104e-04,4.038399830e-05,2.328090084e-05,row,0,-1.000000000e+00,-1.000000
cuda_warp_smem,double,global,global,4096,4096,20,8,8,1,5,4.160680000e-04,4.053981000e-03,1.505700000e-05,4.447219000e-03,3.760374002e-03,3.367136002e-03,6.868449984e-04,178.463270,199.305475,199.305475,6.440640092e-04,3.958399966e-05,2.171813985e-05,row,0,-1.000000000e+00,-1.000000
cuda_warp_smem,double,global,global,4096,4096,20,8,8,1,6,4.022130000e-04,4.061913000e-03,1.455400000e-05,4.430967000e-03,3.737661998e-03,3.368607998e-03,6.933050021e-04,179.547707,199.218384,199.218384,6.497600079e-04,3.756799921e-05,2.077507988e-05,row,0,-1.000000000e+00,-1.000000
cuda_warp_smem,double,global,global,4096,4096,20,8,8,1,7,4.106410000e-04,4.156204000e-03,1.423600000e-05,4.530906000e-03,3.832814001e-03,3.458112001e-03,6.980919986e-04,175.090323,194.062147,194.062147,6.567999721e-04,3.580800071e-05,2.124406530e-05,row,0,-1.000000000e+00,-1.000000
cuda_warp_smem,double,global,global,4096,4096,20,8,8,1,8,4.318870000e-04,4.048347000e-03,1.538200000e-05,4.451528000e-03,3.756493016e-03,3.353312016e-03,6.950349845e-04,178.647647,200.127109,200.127109,6.538559794e-04,3.660799935e-05,1.849102884e-05,row,0,-1.000000000e+00,-1.000000
cuda_warp_smem,double,global,global,4096,4096,20,8,8,1,9,4.084940000e-04,4.266937000e-03,1.446400000e-05,4.650235000e-03,4.064482053e-03,3.681184053e-03,6.988290527e-04,165.110494,182.302387,182.302387,6.539199948e-04,3.536000103e-05,2.207895212e-05,row,0,-1.000000000e+00,-1.000000
cuda_warp_smem,double,global,global,4096,4096,20,8,8,1,10,4.062730000e-04,4.039231000e-03,1.460800000e-05,4.361666000e-03,4.037091115e-03,3.714656115e-03,6.247710698e-04,166.230739,180.659695,180.659695,5.821760297e-04,4.131200165e-05,2.067302694e-05,row,0,-1.000000000e+00,-1.000000
cuda_warp_smem,double,global,global,4096,4096,20,8,8,1,11,4.044230000e-04,4.243991000e-03,1.447100000e-05,4.623255000e-03,4.055168036e-03,3.675904036e-03,6.884599770e-04,165.489724,182.564244,182.564244,6.495040059e-04,3.807999939e-05,2.025904303e-05,row,0,-1.000000000e+00,-1.000000
cuda_warp_smem,double,global,global,4096,4096,20,8,8,1,12,3.892620000e-04,4.043443000e-03,1.426900000e-05,4.408059000e-03,3.727048003e-03,3.362432003e-03,6.810109970e-04,180.059028,199.584301,199.584301,6.420159936e-04,3.910399973e-05,2.403204611e-05,row,0,-1.000000000e+00,-1.000000
cuda_warp_smem,double,global,global,4096,4096,20,8,8,1,13,4.022660000e-04,4.057025000e-03,1.404200000e-05,4.429290000e-03,4.141641040e-03,3.769376040e-03,6.986999379e-04,162.034477,178.037063,178.037063,6.553279757e-04,4.291199893e-05,2.090999408e-05,row,0,-1.000000000e+00,-1.000000
cuda_warp_smem,double,global,global,4096,4096,20,8,8,1,14,3.991070000e-04,4.164417000e-03,1.459300000e-05,4.540172000e-03,3.838602948e-03,3.462847948e-03,7.015690519e-04,174.826271,193.796739,193.796739,6.607679725e-04,3.779200092e-05,2.123594925e-05,row,0,-1.000000000e+00,-1.000000
cuda_warp_smem,double,global,global,4096,4096,20,8,8,1,15,4.078070000e-04,4.034806000e-03,1.518000000e-05,4.417976000e-03,3.742498032e-03,3.359328032e-03,6.754779685e-04,179.315696,199.768714,199.768714,6.266239882e-04,3.580800071e-05,1.839095773e-05,row,0,-1.000000000e+00,-1.000000
cuda_warp_smem,double,global,global,4096,4096,20,8,8,1,16,4.008580000e-04,4.043150000e-03,1.544600000e-05,4.417282000e-03,3.732564055e-03,3.358432055e-03,6.847179455e-04,179.792933,199.822009,199.822009,6.395840049e-04,3.411199898e-05,1.971602238e-05,row,0,-1.000000000e+00,-1.000000
cuda_warp_smem,double,global,global,4096,4096,20,8,8,1,17,4.044490000e-04,4.038420000e-03,1.426500000e-05,4.409452000e-03,3.713367939e-03,3.342335939e-03,6.960840606e-04,180.722366,200.784317,200.784317,6.512960196e-04,3.776000068e-05,2.235198352e-05,row,0,-1.000000000e+00,-1.000000
cuda_warp_smem,double,global,global,4096,4096,20,8,8,1,18,3.974680000e-04,4.050878000e-03,1.521600000e-05,4.420842000e-03,4.134764072e-03,3.764800072e-03,6.969850766e-04,162.303974,178.253460,178.253460,6.533120275e-04,3.772800043e-05,2.082400314e-05,row,0,-1.000000000e+00,-1.000000
cuda_warp_smem,double,global,global,4096,4096,20,8,8,1,19,4.027440000e-04,4.062276000e-03,1.537900000e-05,4.420181000e-03,4.136561006e-03,3.778656006e-03,6.937039026e-04,162.233469,177.599824,177.599824,6.523839831e-04,3.728000075e-05,2.011298184e-05,row,0,-1.000000000e+00,-1.000000
cuda_warp_smem,double,global,global,4096,4096,20,8,8,1,20,4.472700000e-04,4.165208000e-03,1.841300000e-05,4.576791000e-03,3.872863107e-03,3.461280107e-03,7.039278925e-04,173.279721,193.884522,193.884522,6.572800279e-04,4.502400011e-05,2.338088101e-05,row,0,-1.000000000e+00,-1.000000
cuda_warp_smem,double,global,global,4096,4096,32,8,8,1,1,7.663680000e-04,6.236650000e-03,2.822300000e-05,6.940237000e-03,6.242083017e-03,5.538496017e-03,1.076189945e-03,172.016588,193.868845,193.868845,1.003455997e-03,5.615999922e-05,3.548595911e-05,row,0,-1.000000000e+00,-1.000000
cuda_warp_smem,double,global,global,4096,4096,32,8,8,1,2,7.621310000e-04,6.170723000e-03,2.773900000e-05,6.959249000e-03,6.045197906e-03,5.256671906e-03,1.158714998e-03,177.618970,204.262667,204.262667,1.091199994e-03,6.105599925e-05,3.126710413e-05,row,0,-1.000000000e+00,-1.000000
cuda_warp_smem,double,global,global,4096,4096,32,8,8,1,3,6.948710000e-04,6.158383000e-03,2.804900000e-05,6.878596000e-03,5.876501147e-03,5.156288147e-03,1.209239995e-03,182.717879,208.239298,208.239298,1.139456034e-03,5.484800041e-05,1.863882626e-05,row,0,-1.000000000e+00,-1.000000
cuda_warp_smem,double,global,global,4096,4096,32,8,8,1,4,6.837740000e-04,6.214527000e-03,2.958400000e-05,6.905361000e-03,6.219538166e-03,5.528704166e-03,1.227320111e-03,172.640121,194.212204,194.212204,1.165088058e-03,5.167999864e-05,2.165098289e-05,row,0,-1.000000000e+00,-1.000000
cuda_warp_smem,double,global,global,4096,4096,32,8,8,1,5,7.075840000e-04,6.182836000e-03,3.060800000e-05,6.889263000e-03,6.228794954e-03,5.522367954e-03,1.826088006e-03,172.383556,194.435038,194.435038,1.141919971e-03,8.461120129e-04,2.145900489e-05,row,0,-1.000000000e+00,-1.000000
cuda_warp_smem,double,global,global,4096,4096,32,8,8,1,6,6.843050000e-04,6.388773000e-03,3.097100000e-05,7.081307000e-03,5.952437908e-03,5.259903908e-03,1.199445030e-03,180.386900,204.137156,204.137156,1.135583997e-03,5.916799977e-05,2.369194423e-05,row,0,-1.000000000e+00,-1.000000
cuda_warp_smem,double,global,global,4096,4096,32,8,8,1,7,6.902610000e-04,6.201282000e-03,2.746900000e-05,6.901742000e-03,6.224299951e-03,5.523839951e-03,1.208240087e-03,172.508046,194.383225,194.383225,1.148223996e-03,5.481600016e-05,2.248601894e-05,row,0,-1.000000000e+00,-1.000000
cuda_warp_smem,double,global,global,4096,4096,32,8,8,1,8,6.915550000e-04,6.176491000e-03,2.756200000e-05,6.886584000e-03,6.231084802e-03,5.520991802e-03,1.200670893e-03,172.320207,194.483503,194.483503,1.135807991e-03,5.276799947e-05,1.589097858e-05,row,0,-1.000000000e+00,-1.000000
cuda_warp_smem,double,global,global,4096,4096,32,8,8,1,9,6.750670000e-04,6.193657000e-03,2.904300000e-05,6.881063000e-03,6.209581789e-03,5.522175789e-03,1.214753945e-03,172.916931,194.441804,194.441804,1.155679941e-03,5.353600159e-05,1.520195703e-05,row,0,-1.000000000e+00,-1.000000
cuda_warp_smem,double,global,global,4096,4096,32,8,8,1,10,6.834760000e-04,6.343841000e-03,2.771500000e-05,7.043867000e-03,5.869945968e-03,5.169919968e-03,1.173921032e-03,182.921926,207.690222,207.690222,1.110432029e-03,5.711999908e-05,2.024100687e-05,row,0,-1.000000000e+00,-1.000000
cuda_warp_smem,double,global,global,4096,4096,32,8,8,1,11,6.803450000e-04,6.271553000e-03,2.720700000e-05,6.976572000e-03,5.955611232e-03,5.250592232e-03,1.217106906e-03,180.290785,204.499183,204.499183,1.150912046e-03,5.625599995e-05,1.969394667e-05,row,0,-1.000000000e+00,-1.000000
cuda_warp_smem,double,global,global,4096,4096,32,8,8,1,12,6.908400000e-04,6.643175000e-03,2.753400000e-05,7.359293000e-03,6.165814064e-03,5.449696064e-03,1.193478936e-03,174.144373,197.027836,197.027836,1.123744011e-03,5.331199989e-05,2.008796273e-05,row,0,-1.000000000e+00,-1.000000
cuda_warp_smem,double,global,global,4096,4096,32,8,8,1,13,6.647320000e-04,6.184369000e-03,2.719800000e-05,6.868607000e-03,6.204686208e-03,5.520448208e-03,1.208761081e-03,173.053365,194.502653,194.502653,1.145184040e-03,5.766399950e-05,1.779977199e-05,row,0,-1.000000000e+00,-1.000000
cuda_warp_smem,double,global,global,4096,4096,32,8,8,1,14,6.963960000e-04,6.155096000e-03,3.059200000e-05,6.873181000e-03,6.238468835e-03,5.520383835e-03,1.216391030e-03,172.116244,194.504921,194.504921,1.143264055e-03,5.334400013e-05,1.991097512e-05,row,0,-1.000000000e+00,-1.000000
cuda_warp_smem,double,global,global,4096,4096,32,8,8,1,15,6.924310000e-04,6.282268000e-03,3.341200000e-05,6.999183000e-03,5.887762893e-03,5.170847893e-03,1.231829200e-03,182.368387,207.652951,207.652951,1.168607950e-03,5.401600152e-05,2.417601902e-05,row,0,-1.000000000e+00,-1.000000
cuda_warp_smem,double,global,global,4096,4096,32,8,8,1,16,6.816060000e-04,6.469845000e-03,2.744500000e-05,7.158400000e-03,5.943242786e-03,5.254687786e-03,1.215157214e-03,180.665987,204.339795,204.339795,1.148416042e-03,5.455999821e-05,2.006501926e-05,row,0,-1.000000000e+00,-1.000000
cuda_warp_smem,double,global,global,4096,4096,32,8,8,1,17,6.847790000e-04,6.198561000e-03,3.040600000e-05,6.901528000e-03,6.229623151e-03,5.526656151e-03,1.230329112e-03,172.360639,194.284174,194.284174,1.162688017e-03,5.366399884e-05,2.000484319e-05,row,0,-1.000000000e+00,-1.000000
cuda_warp_smem,double,global,global,4096,4096,32,8,8,1,18,6.815910000e-04,6.181726000e-03,2.787400000e-05,6.874252000e-03,6.214158195e-03,5.521632195e-03,1.198484080e-03,172.789586,194.460947,194.460947,1.134879947e-03,5.366399884e-05,2.155898475e-05,row,0,-1.000000000e+00,-1.000000
cuda_warp_smem,double,global,global,4096,4096,32,8,8,1,19,6.639060000e-04,6.181088000e-03,2.703100000e-05,6.862678000e-03,6.206518093e-03,5.524928093e-03,1.199585083e-03,173.002287,194.344941,194.344941,1.137472034e-03,5.395200104e-05,1.701098607e-05,row,0,-1.000000000e+00,-1.000000
cuda_warp_smem,double,global,global,4096,4096,32,8,8,1,20,7.029260000e-04,6.202279000e-03,3.423200000e-05,6.905789000e-03,5.698198034e-03,4.994688034e-03,1.207590966e-03,188.435329,214.976755,214.976755,1.136927962e-03,5.753599852e-05,1.796191388e-05,row,0,-1.000000000e+00,-1.000000
