kernel,scalar,a_mode,x_mode,M,N,k,P,pr,pc,rep,t_bcast_s,t_local_s,t_reduce_s,t_total_s,t_official_s,t_kernel_s,t_transfer_runtime_overhead_s,gflops,gflops_compute,gflops_kernel,t_h2d_X_s,t_d2h_Y_s,t_launch_overhead_s,x_layout,group_timing,t_local_group_s,gflops_local_group
cuda_warp(blk128)(xcol),double,global,global,4096,4096,3,8,1,8,1,1.550000002e-07,1.293153000e-03,8.489600000e-05,1.377804000e-03,1.451789996e-04,6.012799963e-05,1.233369002e-03,693.373671,1674.150090,1674.150090,1.177119970e-03,3.567999974e-05,1.097761002e-03,column,1,1.291258000e-03,77.957539
cuda_warp(blk128)(xcol),double,global,global,4096,4096,3,8,1,8,2,1.550000002e-07,1.300315000e-03,1.089500000e-04,1.409385000e-03,1.690090017e-04,6.060799956e-05,1.240429999e-03,595.609080,1660.891247,1660.891247,1.183007956e-03,3.910399973e-05,1.105491000e-03,column,1,1.296428000e-03,77.646654
cuda_warp(blk128)(xcol),double,global,global,4096,4096,3,8,1,8,3,1.589999998e-07,1.294149000e-03,8.807200000e-05,1.381614000e-03,1.480070007e-04,6.019200012e-05,1.234665999e-03,680.125234,1672.370013,1672.370013,1.034208059e-03,3.574400023e-05,1.189690999e-03,column,1,1.292252000e-03,77.897574
cuda_warp(blk128)(xcol),double,global,global,4096,4096,3,8,1,8,4,9.899999998e-08,1.289345000e-03,1.030640000e-04,1.392508000e-03,1.627789995e-04,6.047999859e-05,1.229729001e-03,618.404686,1664.406388,1664.406388,1.170143962e-03,4.572800174e-05,1.089266003e-03,column,1,1.288099000e-03,78.148726
cuda_warp(blk128)(xcol),double,global,global,4096,4096,3,8,1,8,5,1.629999999e-07,1.301320000e-03,8.858200000e-05,1.389378000e-03,1.484700004e-04,5.980800092e-05,1.241853999e-03,678.004282,1683.107518,1683.107518,1.181087971e-03,4.156799987e-05,1.109177002e-03,column,1,1.299776000e-03,77.446649
cuda_warp(blk128)(xcol),double,global,global,4096,4096,3,8,1,8,6,1.100000000e-07,1.294962000e-03,8.626500000e-05,1.381337000e-03,1.457670015e-04,6.057599932e-05,1.235569999e-03,690.576708,1661.768640,1661.768640,1.174144030e-03,4.143999889e-05,1.092092001e-03,column,1,1.293561000e-03,77.818747
cuda_warp(blk128)(xcol),double,global,global,4096,4096,3,8,1,8,7,1.160000000e-07,1.290139000e-03,8.469900000e-05,1.374708000e-03,1.443349987e-04,6.092799827e-05,1.230459000e-03,697.428184,1652.168114,1652.168114,1.175647974e-03,5.020799860e-05,1.097444000e-03,column,1,1.288911000e-03,78.099493
cuda_warp(blk128)(xcol),double,global,global,4096,4096,3,8,1,8,8,9.099999998e-08,1.301174000e-03,7.855800000e-05,1.379430000e-03,1.381369985e-04,6.089600176e-05,1.241622001e-03,728.720742,1653.036211,1653.036211,1.187904000e-03,4.742399976e-05,1.104533996e-03,column,1,1.299756000e-03,77.447841
cuda_warp(blk128)(xcol),double,global,global,4096,4096,3,8,1,8,9,8.499999993e-08,1.295432000e-03,8.370100000e-05,1.379218000e-03,1.433379990e-04,6.672000140e-05,1.235880001e-03,702.279205,1508.742414,1508.742414,1.179520011e-03,3.830400109e-05,1.098802002e-03,column,1,1.294100000e-03,77.786335
cuda_warp(blk128)(xcol),double,global,global,4096,4096,3,8,1,8,10,1.470000002e-07,1.291412000e-03,1.056550000e-04,1.396864000e-03,1.653809997e-04,6.067200005e-05,1.232019999e-03,608.675097,1659.139239,1659.139239,1.174880028e-03,3.667199984e-05,1.099769996e-03,column,1,1.290271000e-03,78.017173
cuda_warp(blk128)(xcol),double,global,global,4096,4096,3,8,1,8,11,9.299999992e-08,1.292495000e-03,1.005320000e-04,1.392627000e-03,1.604010007e-04,6.009599939e-05,1.233102999e-03,627.572743,1675.041551,1675.041551,1.172448039e-03,3.977600113e-05,1.101298998e-03,column,1,1.291382000e-03,77.950054
cuda_warp(blk128)(xcol),double,global,global,4096,4096,3,8,1,8,12,1.130000000e-07,1.293951000e-03,1.053210000e-04,1.399017000e-03,1.648580017e-04,6.083200127e-05,1.234367001e-03,610.606067,1654.775347,1654.775347,1.032608032e-03,3.676800057e-05,1.190385999e-03,column,1,1.292710000e-03,77.869975
cuda_warp(blk128)(xcol),double,global,global,4096,4096,3,8,1,8,13,1.349999998e-07,1.303034000e-03,8.786100000e-05,1.390406000e-03,1.474200017e-04,6.083200127e-05,1.243575999e-03,682.833366,1654.775347,1654.775347,1.039103985e-03,3.894399852e-05,1.198771001e-03,column,1,1.301734000e-03,77.330158
cuda_warp(blk128)(xcol),double,global,global,4096,4096,3,8,1,8,14,1.599999999e-07,1.304220000e-03,8.606500000e-05,1.390165000e-03,1.261065033e-03,1.241088033e-03,1.244827999e-03,79.824032,81.108909,81.108909,1.031648040e-03,4.332799837e-05,1.096929001e-03,column,1,1.302939000e-03,77.258641
cuda_warp(blk128)(xcol),double,global,global,4096,4096,3,8,1,8,15,9.099999998e-08,1.296206000e-03,1.013300000e-04,1.397268000e-03,1.260571988e-03,1.238175988e-03,1.236667002e-03,79.855254,81.299667,81.299667,1.027168036e-03,3.888000175e-05,1.089800997e-03,column,1,1.295077000e-03,77.727653
cuda_warp(blk128)(xcol),double,global,global,4096,4096,3,8,1,8,16,1.400000000e-07,1.294261000e-03,8.524300000e-05,1.379481000e-03,1.449669992e-04,5.980800092e-05,1.234868999e-03,694.387664,1683.107518,1683.107518,1.177600026e-03,3.907199949e-05,1.098745001e-03,column,1,1.292794000e-03,77.864916
cuda_warp(blk128)(xcol),double,global,global,4096,4096,3,8,1,8,17,1.120000002e-07,1.299087000e-03,8.551200000e-05,1.384711000e-03,1.452079992e-04,6.054399908e-05,1.239503001e-03,693.235197,1662.646960,1662.646960,1.175711989e-03,3.702399880e-05,1.098088001e-03,column,1,1.297505000e-03,77.582203
cuda_warp(blk128)(xcol),double,global,global,4096,4096,3,8,1,8,18,1.269999998e-07,1.301563000e-03,9.538700000e-05,1.396713000e-03,1.552900007e-04,6.259199977e-05,1.241697999e-03,648.227803,1608.245405,1608.245405,1.179872036e-03,3.971200064e-05,1.093122003e-03,column,1,1.300203000e-03,77.421215
cuda_warp(blk128)(xcol),double,global,global,4096,4096,3,8,1,8,19,1.189999999e-07,1.292400000e-03,8.841700000e-05,1.380565000e-03,1.480879990e-04,6.067200005e-05,1.232928999e-03,679.753233,1659.139239,1659.139239,1.172320008e-03,3.523200005e-05,1.101985001e-03,column,1,1.291126000e-03,77.965509
cuda_warp(blk128)(xcol),double,global,global,4096,4096,3,8,1,8,20,1.050000000e-07,1.297617000e-03,1.136410000e-04,1.411163000e-03,1.260133027e-03,1.239328027e-03,1.238161999e-03,79.883071,81.224094,81.224094,1.029279947e-03,4.342399910e-05,1.090386998e-03,column,1,1.296303000e-03,77.654141
cuda_warp(blk128)(xcol),double,global,global,4096,4096,6,8,1,8,1,2.340000000e-07,1.683364000e-03,1.880420000e-04,1.871475000e-03,2.927239981e-04,1.050240025e-04,1.579555999e-03,687.769343,1916.957907,1916.957907,1.505311966e-03,5.692800134e-05,1.424687996e-03,column,1,1.681924000e-03,119.700172
cuda_warp(blk128)(xcol),double,global,global,4096,4096,6,8,1,8,2,1.470000000e-07,1.679159000e-03,1.894570000e-04,1.868145000e-03,2.939349974e-04,1.044799984e-04,1.575122998e-03,684.935764,1926.939081,1926.939081,1.508895993e-03,5.532800034e-05,1.415122997e-03,column,1,1.677513000e-03,120.014922
cuda_warp(blk128)(xcol),double,global,global,4096,4096,6,8,1,8,3,1.740000000e-07,1.681844000e-03,1.921710000e-04,1.873635000e-03,2.967369981e-04,1.045119986e-04,1.578803998e-03,678.468116,1926.349077,1926.349077,1.504032016e-03,5.241600052e-05,1.426606000e-03,column,1,1.680286000e-03,119.816860
cuda_warp(blk128)(xcol),double,global,global,4096,4096,6,8,1,8,4,1.530000000e-07,1.685504000e-03,1.905070000e-04,1.875451000e-03,2.953540001e-04,1.055039987e-04,1.581343997e-03,681.645050,1908.236602,1908.236602,1.512159944e-03,5.638400093e-05,1.424447998e-03,column,1,1.684070000e-03,119.547639
cuda_warp(blk128)(xcol),double,global,global,4096,4096,6,8,1,8,5,1.789999999e-07,1.682829000e-03,1.888750000e-04,1.871236000e-03,2.936469996e-04,1.047040001e-04,1.579719000e-03,685.607523,1922.816625,1922.816625,1.504384041e-03,5.379199982e-05,1.420412002e-03,column,1,1.681286000e-03,119.745595
cuda_warp(blk128)(xcol),double,global,global,4096,4096,6,8,1,8,6,2.120000000e-07,1.678048000e-03,1.804740000e-04,1.857842000e-03,2.861899987e-04,1.055039987e-04,1.574008998e-03,703.471795,1908.236602,1908.236602,1.511520028e-03,5.987200141e-05,1.421983995e-03,column,1,1.676070000e-03,120.118248
cuda_warp(blk128)(xcol),double,global,global,4096,4096,6,8,1,8,7,1.779999999e-07,1.678316000e-03,1.939270000e-04,1.871678000e-03,2.985039981e-04,1.047360003e-04,1.574245998e-03,674.451911,1922.229142,1922.229142,1.512032032e-03,6.102399901e-05,1.420428003e-03,column,1,1.676915000e-03,120.057720
cuda_warp(blk128)(xcol),double,global,global,4096,4096,6,8,1,8,8,2.380000002e-07,1.681606000e-03,1.884330000e-04,1.869678000e-03,2.930169981e-04,1.044479981e-04,1.578374004e-03,687.081614,1927.529447,1927.529447,1.510239959e-03,6.003199890e-05,1.422960002e-03,column,1,1.680423000e-03,119.807091
cuda_warp(blk128)(xcol),double,global,global,4096,4096,6,8,1,8,9,1.750000000e-07,1.682245000e-03,1.896920000e-04,1.871668000e-03,2.942739981e-04,1.057600006e-04,1.577799004e-03,684.146725,1903.617538,1903.617538,1.504511952e-03,5.980800092e-05,1.426281999e-03,column,1,1.680916000e-03,119.771953
cuda_warp(blk128)(xcol),double,global,global,4096,4096,6,8,1,8,10,2.070000000e-07,1.693951000e-03,1.905740000e-04,1.883878000e-03,2.952469988e-04,1.056319997e-04,1.589663003e-03,681.892086,1905.924271,1905.924271,1.525056005e-03,6.943999976e-05,1.434367002e-03,column,1,1.692588000e-03,118.946012
cuda_warp(blk128)(xcol),double,global,global,4096,4096,6,8,1,8,11,1.800000000e-07,1.677840000e-03,1.922350000e-04,1.869766000e-03,2.957619975e-04,1.044479981e-04,1.574620996e-03,680.704735,1927.529447,1927.529447,1.504799962e-03,6.137600169e-05,1.422527007e-03,column,1,1.676301000e-03,120.101695
cuda_warp(blk128)(xcol),double,global,global,4096,4096,6,8,1,8,12,1.740000000e-07,1.680648000e-03,1.907310000e-04,1.871000000e-03,2.951149966e-04,1.044479981e-04,1.576200002e-03,682.197090,1927.529447,1927.529447,1.508352041e-03,6.614399701e-05,1.423560002e-03,column,1,1.679148000e-03,119.898063
cuda_warp(blk128)(xcol),double,global,global,4096,4096,6,8,1,8,13,1.740000000e-07,1.678686000e-03,1.848260000e-04,1.863327000e-03,2.895279991e-04,1.052159965e-04,1.575902000e-03,695.361390,1913.459918,1913.459918,1.510463953e-03,5.587200075e-05,1.511572004e-03,column,1,1.677020000e-03,120.050203
cuda_warp(blk128)(xcol),double,global,global,4096,4096,6,8,1,8,14,1.670000001e-07,1.680889000e-03,2.183870000e-04,1.898822000e-03,3.229679981e-04,1.055999994e-04,1.576988002e-03,623.363903,1906.501829,1906.501829,1.510751963e-03,6.598400325e-05,1.424505007e-03,column,1,1.679552000e-03,119.869222
cuda_warp(blk128)(xcol),double,global,global,4096,4096,6,8,1,8,15,1.770000000e-07,1.692582000e-03,1.927990000e-04,1.885328000e-03,2.973929981e-04,1.048320010e-04,1.588528998e-03,676.971527,1920.468846,1920.468846,1.511039972e-03,5.663999915e-05,1.431243002e-03,column,1,1.691247000e-03,119.040325
cuda_warp(blk128)(xcol),double,global,global,4096,4096,6,8,1,8,16,1.720000000e-07,1.677700000e-03,1.800520000e-04,1.857377000e-03,2.847739993e-04,1.046079993e-04,1.574627997e-03,706.969711,1924.581230,1924.581230,1.507776022e-03,6.310400367e-05,1.423524002e-03,column,1,1.676296000e-03,120.102054
cuda_warp(blk128)(xcol),double,global,global,4096,4096,6,8,1,8,17,1.670000001e-07,1.682936000e-03,1.831070000e-04,1.865774000e-03,2.876869981e-04,1.044479981e-04,1.579348004e-03,699.811230,1927.529447,1927.529447,1.509600043e-03,5.814399943e-05,1.424478993e-03,column,1,1.681405000e-03,119.737120
cuda_warp(blk128)(xcol),double,global,global,4096,4096,6,8,1,8,18,1.740000000e-07,1.687415000e-03,1.916550000e-04,1.878713000e-03,2.962969986e-04,1.046399996e-04,1.583544000e-03,679.475637,1923.992668,1923.992668,1.512032032e-03,5.987200141e-05,1.418158003e-03,column,1,1.685492000e-03,119.446780
cuda_warp(blk128)(xcol),double,global,global,4096,4096,6,8,1,8,19,2.019999998e-07,1.681552000e-03,1.734760000e-04,1.854243000e-03,2.781139986e-04,1.045119986e-04,1.577519998e-03,723.899527,1926.349077,1926.349077,1.511039972e-03,5.219199881e-05,1.421529998e-03,column,1,1.679677000e-03,119.860302
cuda_warp(blk128)(xcol),double,global,global,4096,4096,6,8,1,8,20,1.620000001e-07,1.684074000e-03,2.538390000e-04,1.937519000e-03,3.584709986e-04,1.047680005e-04,1.581033998e-03,561.625885,1921.642018,1921.642018,1.513375998e-03,6.278400123e-05,1.428713996e-03,column,1,1.682741000e-03,119.642055
cuda_warp(blk128)(xcol),double,global,global,4096,4096,8,8,1,8,1,2.139999999e-07,1.956218000e-03,2.568000000e-04,2.212343000e-03,3.925979968e-04,1.365759969e-04,1.820698004e-03,683.741278,1965.465837,1965.465837,1.512544036e-03,7.299199700e-05,1.743905998e-03,column,1,1.953878000e-03,137.385986
cuda_warp(blk128)(xcol),double,global,global,4096,4096,8,8,1,8,2,1.370000000e-07,1.952879000e-03,2.382560000e-04,2.190480000e-03,3.745960016e-04,1.372160017e-04,1.817103002e-03,716.599896,1956.298483,1956.298483,1.730208039e-03,7.830400020e-05,1.656111002e-03,column,1,1.950035000e-03,137.656737
cuda_warp(blk128)(xcol),double,global,global,4096,4096,8,8,1,8,3,1.990000000e-07,1.947349000e-03,2.404700000e-04,2.187420000e-03,1.906512014e-03,1.858016014e-03,1.812021005e-03,140.799247,144.474242,144.474242,1.505663991e-03,7.145600021e-05,1.641813006e-03,column,1,1.945731000e-03,137.961237
cuda_warp(blk128)(xcol),double,global,global,4096,4096,8,8,1,8,4,1.760000001e-07,1.944827000e-03,2.422720000e-04,2.186534000e-03,3.777620025e-04,1.366080046e-04,1.809277997e-03,710.594115,1965.005322,1965.005322,1.731935978e-03,6.758400053e-05,1.643194994e-03,column,1,1.943506000e-03,138.119180
cuda_warp(blk128)(xcol),double,global,global,4096,4096,8,8,1,8,5,1.760000001e-07,1.962507000e-03,2.859200000e-04,2.247879000e-03,1.928836961e-03,1.866719961e-03,1.826890999e-03,139.169594,143.800603,143.800603,1.520223975e-03,7.398399711e-05,1.637355005e-03,column,1,1.961025000e-03,136.885280
cuda_warp(blk128)(xcol),double,global,global,4096,4096,8,8,1,8,6,1.640000000e-07,1.951702000e-03,2.454490000e-04,2.196709000e-03,3.818229944e-04,1.366080046e-04,1.815812005e-03,703.036380,1965.005322,1965.005322,1.729727983e-03,7.215999812e-05,1.652278000e-03,column,1,1.949974000e-03,137.661044
cuda_warp(blk128)(xcol),double,global,global,4096,4096,8,8,1,8,7,2.580000000e-07,1.945102000e-03,2.508350000e-04,2.195420000e-03,3.864240030e-04,1.365759969e-04,1.809872999e-03,694.665585,1965.465837,1965.465837,1.732607961e-03,6.735999882e-05,1.648526007e-03,column,1,1.943738000e-03,138.102695
cuda_warp(blk128)(xcol),double,global,global,4096,4096,8,8,1,8,8,1.680000001e-07,1.945671000e-03,2.609630000e-04,2.206277000e-03,3.962480011e-04,1.363839954e-04,1.810215004e-03,677.443054,1968.232821,1968.232821,1.729215980e-03,7.222399861e-05,1.646951005e-03,column,1,1.944019000e-03,138.082733
cuda_warp(blk128)(xcol),double,global,global,4096,4096,8,8,1,8,9,2.510000001e-07,1.960288000e-03,2.529260000e-04,2.212552000e-03,3.882240011e-04,1.365440041e-04,1.824873999e-03,691.444772,1965.926353,1965.926353,1.734752059e-03,6.470400095e-05,1.659551997e-03,column,1,1.958548000e-03,137.058400
cuda_warp(blk128)(xcol),double,global,global,4096,4096,8,8,1,8,10,1.400000000e-07,1.945954000e-03,2.463110000e-04,2.191959000e-03,3.817780025e-04,1.358720064e-04,1.810337996e-03,703.119232,1975.649459,1975.649459,1.728127956e-03,7.129599899e-05,1.646849995e-03,column,1,1.944347000e-03,138.059439
cuda_warp(blk128)(xcol),double,global,global,4096,4096,8,8,1,8,11,1.450000000e-07,1.953334000e-03,2.572870000e-04,2.210283000e-03,3.925800011e-04,1.363839954e-04,1.817702999e-03,683.772620,1968.232821,1968.232821,1.743935943e-03,7.376000285e-05,1.654774006e-03,column,1,1.951862000e-03,137.527887
cuda_warp(blk128)(xcol),double,global,global,4096,4096,8,8,1,8,12,1.770000000e-07,1.960995000e-03,2.508960000e-04,2.211080000e-03,3.862390015e-04,1.356479973e-04,1.825506997e-03,694.998317,1978.912048,1978.912048,1.742176056e-03,7.817599922e-05,1.662754005e-03,column,1,1.958791000e-03,137.041397
cuda_warp(blk128)(xcol),double,global,global,4096,4096,8,8,1,8,13,1.600000001e-07,1.960234000e-03,2.511640000e-04,2.210799000e-03,1.923438052e-03,1.871808052e-03,1.825065999e-03,139.560230,143.409713,143.409713,1.522143960e-03,7.145600021e-05,1.650697997e-03,column,1,1.958854000e-03,137.036990
cuda_warp(blk128)(xcol),double,global,global,4096,4096,8,8,1,8,14,1.940000001e-07,1.950748000e-03,2.531180000e-04,2.203542000e-03,3.884020011e-04,1.357759982e-04,1.815164003e-03,691.127891,1977.046455,1977.046455,1.730687976e-03,7.180800289e-05,1.652348008e-03,column,1,1.949040000e-03,137.727012
cuda_warp(blk128)(xcol),double,global,global,4096,4096,8,8,1,8,15,1.710000002e-07,1.953611000e-03,2.647410000e-04,2.218127000e-03,4.013540036e-04,1.364800036e-04,1.817994996e-03,668.824663,1966.848248,1966.848248,1.509888053e-03,8.566399664e-05,1.736753996e-03,column,1,1.951979000e-03,137.519643
cuda_warp(blk128)(xcol),double,global,global,4096,4096,8,8,1,8,16,2.219999999e-07,1.943553000e-03,2.387410000e-04,2.181664000e-03,3.740410011e-04,1.354880035e-04,1.808334006e-03,717.663185,1981.248886,1981.248886,1.733567953e-03,6.451199949e-05,1.646158004e-03,column,1,1.941527000e-03,138.259965
cuda_warp(blk128)(xcol),double,global,global,4096,4096,8,8,1,8,17,1.660000000e-07,1.948662000e-03,2.495300000e-04,2.197705000e-03,3.853669977e-04,1.368000060e-04,1.812981995e-03,696.570951,1962.247399,1962.247399,1.730559945e-03,7.900799811e-05,1.652917994e-03,column,1,1.947102000e-03,137.864095
cuda_warp(blk128)(xcol),double,global,global,4096,4096,8,8,1,8,18,1.680000001e-07,1.946488000e-03,2.400590000e-04,2.186107000e-03,1.907583029e-03,1.858080029e-03,1.810840006e-03,140.720195,144.469265,144.469265,1.507392049e-03,7.273600250e-05,1.637911994e-03,column,1,1.944604000e-03,138.041193
cuda_warp(blk128)(xcol),double,global,global,4096,4096,8,8,1,8,19,1.660000000e-07,1.945839000e-03,2.636680000e-04,2.209187000e-03,3.990090015e-04,1.362880021e-04,1.810478997e-03,672.755389,1969.619129,1969.619129,1.732159972e-03,8.060800284e-05,1.650190999e-03,column,1,1.944195000e-03,138.070233
cuda_warp(blk128)(xcol),double,global,global,4096,4096,8,8,1,8,20,1.770000000e-07,1.956313000e-03,3.181140000e-04,2.273892000e-03,1.915553974e-03,1.863551974e-03,1.820952997e-03,140.134634,144.045060,144.045060,1.514143944e-03,7.462400198e-05,1.650584993e-03,column,1,1.954318000e-03,137.355055
cuda_warp(blk128)(xcol),double,global,global,4096,4096,20,8,1,8,1,3.620000000e-07,3.603608000e-03,7.097090000e-04,4.312739000e-03,3.590213989e-03,3.343039989e-03,3.223512011e-03,186.921627,200.742032,200.742032,1.177280024e-04,1.770559996e-04,2.959352012e-03,column,1,3.601029000e-03,186.360243
cuda_warp(blk128)(xcol),double,global,global,4096,4096,20,8,1,8,2,2.630000000e-07,3.605469000e-03,7.165090000e-04,4.321459000e-03,3.647459904e-03,3.324448109e-03,3.185597014e-03,183.987942,201.864676,201.864676,1.196480021e-04,1.720959991e-04,2.969757010e-03,column,1,3.602378000e-03,186.290456
cuda_warp(blk128)(xcol),double,global,global,4096,4096,20,8,1,8,3,2.760000002e-07,3.610173000e-03,6.966310000e-04,4.306427000e-03,3.593929103e-03,3.379872084e-03,3.201628996e-03,186.728402,198.554449,198.554449,1.220159978e-04,1.716160029e-04,2.974044992e-03,column,1,3.608123000e-03,185.993837
cuda_warp(blk128)(xcol),double,global,global,4096,4096,20,8,1,8,4,2.729999999e-07,3.613822000e-03,6.951560000e-04,4.308864000e-03,3.953438081e-03,3.318880081e-03,3.193030007e-03,169.748109,202.203341,202.203341,1.215040013e-04,1.769600064e-04,2.983366005e-03,column,1,3.611625000e-03,185.813488
cuda_warp(blk128)(xcol),double,global,global,4096,4096,20,8,1,8,5,2.879999998e-07,3.601667000e-03,7.104290000e-04,4.311851000e-03,4.018044986e-03,3.307327986e-03,3.190591986e-03,167.018697,202.909612,202.909612,1.129920036e-04,1.752959937e-04,2.984767980e-03,column,1,3.599840000e-03,186.421797
cuda_warp(blk128)(xcol),double,global,global,4096,4096,20,8,1,8,6,3.000000002e-07,3.609395000e-03,6.927560000e-04,4.301868000e-03,3.573376072e-03,3.340640068e-03,3.229683014e-03,187.802411,200.886245,200.886245,1.141759977e-04,1.765120029e-04,3.016371011e-03,column,1,3.606300000e-03,186.087857
cuda_warp(blk128)(xcol),double,global,global,4096,4096,20,8,1,8,7,2.190000001e-07,3.613114000e-03,7.115870000e-04,4.323998000e-03,3.989843032e-03,3.342720032e-03,3.263302002e-03,168.199259,200.761246,200.761246,1.236800030e-04,1.822399944e-04,2.986150008e-03,column,1,3.610814000e-03,185.855223
cuda_warp(blk128)(xcol),double,global,global,4096,4096,20,8,1,8,8,5.240000001e-07,3.603474000e-03,7.015570000e-04,4.304646000e-03,3.609569108e-03,3.302848101e-03,3.183442005e-03,185.919322,203.184833,203.184833,1.210239977e-04,1.712639928e-04,2.969682009e-03,column,1,3.600563000e-03,186.384363
cuda_warp(blk128)(xcol),double,global,global,4096,4096,20,8,1,8,9,3.479999999e-07,3.612035000e-03,7.028080000e-04,4.314544000e-03,3.958605075e-03,3.317120075e-03,3.193062008e-03,169.526545,202.310626,202.310626,1.210879982e-04,1.785279959e-04,2.981478010e-03,column,1,3.609893000e-03,185.902640
cuda_warp(blk128)(xcol),double,global,global,4096,4096,20,8,1,8,10,2.660000000e-07,3.605562000e-03,7.044160000e-04,4.309863000e-03,4.053052904e-03,3.348383904e-03,3.243577985e-03,165.576087,200.421654,200.421654,1.160319969e-04,1.881600022e-04,2.956953986e-03,column,1,3.604154000e-03,186.198659
cuda_warp(blk128)(xcol),double,global,global,4096,4096,20,8,1,8,11,2.180000001e-07,3.601316000e-03,6.998880000e-04,4.301186000e-03,3.967953994e-03,3.328927994e-03,3.177562007e-03,169.127122,201.593018,201.593018,1.285440028e-04,1.849599928e-04,2.975834006e-03,column,1,3.599449000e-03,186.442047
cuda_warp(blk128)(xcol),double,global,global,4096,4096,20,8,1,8,12,2.440000000e-07,3.591020000e-03,7.046370000e-04,4.295525000e-03,3.600272941e-03,3.368959904e-03,3.176940006e-03,186.399379,199.197574,199.197574,1.110400036e-04,1.690240055e-04,2.960715999e-03,column,1,3.588761000e-03,186.997306
cuda_warp(blk128)(xcol),double,global,global,4096,4096,20,8,1,8,13,3.959999999e-07,3.597064000e-03,6.960630000e-04,4.292492000e-03,3.970382896e-03,3.334719896e-03,3.244636013e-03,169.023658,201.242881,201.242881,1.103039980e-04,1.729599983e-04,2.975004016e-03,column,1,3.595124000e-03,186.666340
cuda_warp(blk128)(xcol),double,global,global,4096,4096,20,8,1,8,14,4.410000001e-07,3.599595000e-03,7.078100000e-04,4.307310000e-03,3.957583101e-03,3.310784101e-03,3.182166991e-03,169.570322,202.697796,202.697796,1.203199998e-04,1.697279960e-04,2.971062986e-03,column,1,3.597425000e-03,186.546944
cuda_warp(blk128)(xcol),double,global,global,4096,4096,20,8,1,8,15,3.940000000e-07,3.597113000e-03,7.145990000e-04,4.311587000e-03,3.987412033e-03,3.334048033e-03,3.243192987e-03,168.301804,201.283435,201.283435,1.096640006e-04,1.709440053e-04,2.969624998e-03,column,1,3.595121000e-03,186.666496
cuda_warp(blk128)(xcol),double,global,global,4096,4096,20,8,1,8,16,2.559999999e-07,3.598081000e-03,7.001790000e-04,4.297947000e-03,3.600272117e-03,3.294336081e-03,3.180897005e-03,186.399422,203.709829,203.709829,1.219519973e-04,1.715199947e-04,2.971137009e-03,column,1,3.590382000e-03,186.912880
cuda_warp(blk128)(xcol),double,global,global,4096,4096,20,8,1,8,17,2.820000000e-07,3.595591000e-03,7.057990000e-04,4.300862000e-03,3.579636006e-03,3.335520029e-03,3.216678998e-03,187.473989,201.194607,201.194607,1.146880016e-04,1.750079989e-04,2.968487008e-03,column,1,3.593412000e-03,186.755273
cuda_warp(blk128)(xcol),double,global,global,4096,4096,20,8,1,8,18,3.190000000e-07,3.595762000e-03,7.077880000e-04,4.302135000e-03,3.545289963e-03,3.371711969e-03,3.230514005e-03,189.290198,199.034985,199.034985,1.205120012e-04,1.682240069e-04,2.966802002e-03,column,1,3.594089000e-03,186.720095
cuda_warp(blk128)(xcol),double,global,global,4096,4096,20,8,1,8,19,2.299999999e-07,3.594111000e-03,6.998960000e-04,4.293186000e-03,3.552066999e-03,3.306688070e-03,3.224031006e-03,188.929049,202.948880,202.948880,1.115199998e-04,1.724800020e-04,2.968606998e-03,column,1,3.592135000e-03,186.821665
cuda_warp(blk128)(xcol),double,global,global,4096,4096,20,8,1,8,20,5.520000002e-07,3.595141000e-03,7.467300000e-04,4.341492000e-03,3.598683101e-03,3.321023941e-03,3.213157005e-03,186.481727,202.072810,202.072810,1.134399995e-04,1.755519956e-04,3.013348996e-03,column,1,3.593492000e-03,186.751116
cuda_warp(blk128)(xcol),double,global,global,4096,4096,32,8,1,8,1,3.550000001e-07,5.319398000e-03,1.200700000e-03,6.519195000e-03,5.562179854e-03,4.851647854e-03,4.707427002e-03,193.043349,221.314872,221.314872,1.901119947e-04,3.105280101e-04,4.304418995e-03,column,1,5.316463000e-03,201.965447
cuda_warp(blk128)(xcol),double,global,global,4096,4096,32,8,1,8,2,3.190000000e-07,5.371323000e-03,1.215723000e-03,6.585077000e-03,5.152272775e-03,4.887263775e-03,4.825338970e-03,208.401587,219.702041,219.702041,1.975039989e-04,3.130879998e-04,4.352986957e-03,column,1,5.368508000e-03,200.007493
cuda_warp(blk128)(xcol),double,global,global,4096,4096,32,8,1,8,3,4.210000000e-07,5.312775000e-03,1.220047000e-03,6.532535000e-03,5.595134123e-03,4.851776123e-03,4.701555971e-03,191.906360,221.309021,221.309021,1.875839978e-04,3.063040078e-04,4.298899960e-03,column,1,5.311084000e-03,202.169995
cuda_warp(blk128)(xcol),double,global,global,4096,4096,32,8,1,8,4,6.140000002e-07,5.352182000e-03,1.195708000e-03,6.547153000e-03,6.028511892e-03,4.832223892e-03,4.775596009e-03,178.110592,222.204486,222.204486,1.953279972e-04,3.110400140e-04,4.348684007e-03,column,1,5.350048000e-03,200.697606
cuda_warp(blk128)(xcol),double,global,global,4096,4096,32,8,1,8,5,3.750000002e-07,5.314740000e-03,1.195039000e-03,6.509811000e-03,5.566183027e-03,4.848896027e-03,4.702999021e-03,192.904513,221.440472,221.440472,1.861120015e-04,3.051199913e-04,4.308919023e-03,column,1,5.312753000e-03,202.106483
cuda_warp(blk128)(xcol),double,global,global,4096,4096,32,8,1,8,6,5.000000001e-07,5.444257000e-03,1.208432000e-03,6.651344000e-03,5.178389063e-03,4.921184063e-03,4.742214018e-03,207.350551,218.187698,218.187698,1.990720034e-04,3.069440126e-04,4.378598006e-03,column,1,5.442711000e-03,197.280698
cuda_warp(blk128)(xcol),double,global,global,4096,4096,32,8,1,8,7,3.559999999e-07,5.335642000e-03,1.200416000e-03,6.535166000e-03,6.043235970e-03,4.842463970e-03,4.727386998e-03,177.676634,221.734603,221.734603,1.894399971e-04,3.083199859e-04,4.333435001e-03,column,1,5.333670000e-03,201.313884
cuda_warp(blk128)(xcol),double,global,global,4096,4096,32,8,1,8,8,5.270000001e-07,5.301737000e-03,1.189508000e-03,6.491039000e-03,5.582929931e-03,4.874527931e-03,4.757475976e-03,192.325864,220.276063,220.276063,1.960960031e-04,3.115839958e-04,4.292131979e-03,column,1,5.299884000e-03,202.597231
cuda_warp(blk128)(xcol),double,global,global,4096,4096,32,8,1,8,9,2.710000000e-07,5.303677000e-03,1.206345000e-03,6.509113000e-03,5.608535040e-03,4.880928040e-03,4.740368007e-03,191.447823,219.987227,219.987227,1.942400038e-04,3.062720001e-04,4.289776026e-03,column,1,5.301245000e-03,202.545218
cuda_warp(blk128)(xcol),double,global,global,4096,4096,32,8,1,8,10,3.519999998e-07,5.435305000e-03,1.202539000e-03,6.636044000e-03,5.163942081e-03,4.913824081e-03,4.734012997e-03,207.930648,218.514502,218.514502,2.006399930e-04,3.024640083e-04,4.372572986e-03,column,1,5.433948000e-03,197.598840
cuda_warp(blk128)(xcol),double,global,global,4096,4096,32,8,1,8,11,4.170000001e-07,5.334718000e-03,1.203811000e-03,6.537776000e-03,6.059300021e-03,4.855072021e-03,4.724852998e-03,177.205588,221.158784,221.158784,1.893119961e-04,3.074879944e-04,4.334420998e-03,column,1,5.332685000e-03,201.351069
cuda_warp(blk128)(xcol),double,global,global,4096,4096,32,8,1,8,12,2.760000000e-07,5.396765000e-03,1.161407000e-03,6.558393000e-03,5.623462932e-03,4.915679932e-03,4.779037005e-03,190.939611,218.432005,218.432005,1.944320053e-04,3.188799918e-04,4.311805001e-03,column,1,5.394290000e-03,199.051557
cuda_warp(blk128)(xcol),double,global,global,4096,4096,32,8,1,8,13,2.730000002e-07,5.302873000e-03,1.206217000e-03,6.509046000e-03,5.587536105e-03,4.859136105e-03,4.763098021e-03,192.167317,220.973811,220.973811,1.940159947e-04,3.029760122e-04,4.295354013e-03,column,1,5.301100000e-03,202.550758
cuda_warp(blk128)(xcol),double,global,global,4096,4096,32,8,1,8,14,3.050000001e-07,5.332910000e-03,1.179922000e-03,6.511966000e-03,6.066178996e-03,4.885951996e-03,4.793745011e-03,177.004639,219.761026,219.761026,1.890880018e-04,3.100480139e-04,4.322833002e-03,column,1,5.331390000e-03,201.399977
cuda_warp(blk128)(xcol),double,global,global,4096,4096,32,8,1,8,15,4.600000001e-07,5.354538000e-03,1.231211000e-03,6.584622000e-03,5.199224852e-03,4.910143852e-03,4.778794027e-03,206.519598,218.678282,218.678282,1.910399944e-04,3.087359965e-04,4.339370034e-03,column,1,5.352760000e-03,200.595921
cuda_warp(blk128)(xcol),double,global,global,4096,4096,32,8,1,8,16,3.399999999e-07,5.310107000e-03,1.778028000e-03,7.087825000e-03,6.189004118e-03,4.891168118e-03,4.737331991e-03,173.491858,219.526665,219.526665,1.912000030e-04,3.083519936e-04,4.301811997e-03,column,1,5.308454000e-03,202.270157
cuda_warp(blk128)(xcol),double,global,global,4096,4096,32,8,1,8,17,3.639999999e-07,5.329810000e-03,1.202620000e-03,6.532273000e-03,5.572485219e-03,4.846720219e-03,4.801928995e-03,192.686348,221.539882,221.539882,1.982720047e-04,3.078399897e-04,4.302217005e-03,column,1,5.328004000e-03,201.527969
cuda_warp(blk128)(xcol),double,global,global,4096,4096,32,8,1,8,18,3.020000001e-07,5.305133000e-03,1.193506000e-03,6.497422000e-03,5.614817148e-03,4.907904148e-03,4.713451018e-03,191.233623,218.778075,218.778075,1.856320053e-04,3.112640083e-04,4.297803019e-03,column,1,5.302401000e-03,202.501060
cuda_warp(blk128)(xcol),double,global,global,4096,4096,32,8,1,8,19,2.760000000e-07,5.441413000e-03,1.220611000e-03,6.661407000e-03,5.170756987e-03,4.914175987e-03,4.741585008e-03,207.656602,218.498854,218.498854,2.014719993e-04,3.191359937e-04,4.372817002e-03,column,1,5.439714000e-03,197.389389
cuda_warp(blk128)(xcol),double,global,global,4096,4096,32,8,1,8,20,4.140000001e-07,5.306987000e-03,1.303604000e-03,6.610278000e-03,5.646414786e-03,4.841695786e-03,4.697610977e-03,190.163469,221.769783,221.769783,1.877759993e-04,3.064639866e-04,4.294762994e-03,column,1,5.304959000e-03,202.403416
cuda_warp(blk128)(xcol),double,global,global,4096,4096,3,8,2,4,1,4.627000000e-06,1.289308000e-03,5.513800000e-05,1.348085000e-03,1.168569989e-04,6.041600183e-05,1.231228001e-03,861.422909,1666.169441,1666.169441,1.195584059e-03,2.819200046e-05,1.188588998e-03,column,1,1.286875000e-03,78.223057
cuda_warp(blk128)(xcol),double,global,global,4096,4096,3,8,2,4,2,1.090900000e-05,1.295795000e-03,4.404500000e-05,1.343107000e-03,1.085659996e-04,5.929600075e-05,1.238276998e-03,927.208300,1697.640561,1697.640561,1.177888036e-03,2.918400057e-05,1.106009002e-03,column,1,1.285207000e-03,78.324578
cuda_warp(blk128)(xcol),double,global,global,4096,4096,3,8,2,4,3,1.096300000e-05,1.296636000e-03,4.253700000e-05,1.342785000e-03,1.134129981e-04,6.726399809e-05,1.238835999e-03,887.581650,1496.540480,1496.540480,1.189087987e-03,2.831999958e-05,1.093828005e-03,column,1,1.283864000e-03,78.406510
cuda_warp(blk128)(xcol),double,global,global,4096,4096,3,8,2,4,4,1.456300000e-05,1.288098000e-03,4.483100000e-05,1.336537000e-03,1.129729996e-04,5.894400179e-05,1.229967999e-03,891.038534,1707.778450,1707.778450,1.179775953e-03,3.033600003e-05,1.095106002e-03,column,1,1.276560000e-03,78.855123
cuda_warp(blk128)(xcol),double,global,global,4096,4096,3,8,2,4,5,4.182000000e-06,1.284527000e-03,4.136500000e-05,1.329862000e-03,1.026790008e-04,5.872000009e-05,1.227182999e-03,980.368870,1714.293185,1714.293185,1.185407996e-03,2.655999921e-05,1.100243004e-03,column,1,1.281003000e-03,78.581624
cuda_warp(blk128)(xcol),double,global,global,4096,4096,3,8,2,4,6,4.379000000e-06,1.292442000e-03,4.368100000e-05,1.339584000e-03,1.063799993e-04,5.926400051e-05,1.235097999e-03,946.261484,1698.557221,1698.557221,1.182464004e-03,3.052799962e-05,1.087850002e-03,column,1,1.280782000e-03,78.595183
cuda_warp(blk128)(xcol),double,global,global,4096,4096,3,8,2,4,7,4.243000000e-06,1.286489000e-03,4.595000000e-05,1.335783000e-03,1.086860015e-04,5.939200148e-05,1.229702002e-03,926.184556,1694.896509,1694.896509,1.189535975e-03,2.998399921e-05,1.096507002e-03,column,1,1.284459000e-03,78.370190
cuda_warp(blk128)(xcol),double,global,global,4096,4096,3,8,2,4,8,4.096000000e-06,1.283878000e-03,4.465800000e-05,1.331706000e-03,1.059099990e-04,5.939200148e-05,1.226879000e-03,950.460740,1694.896509,1694.896509,1.176704049e-03,2.620800026e-05,1.091496002e-03,column,1,1.281824000e-03,78.531293
cuda_warp(blk128)(xcol),double,global,global,4096,4096,3,8,2,4,9,5.071000000e-06,1.298943000e-03,4.266700000e-05,1.344839000e-03,1.068850004e-04,6.169600040e-05,1.239642999e-03,941.790669,1631.601649,1631.601649,1.192960024e-03,2.672000043e-05,1.109292004e-03,column,1,1.293890000e-03,77.798960
cuda_warp(blk128)(xcol),double,global,global,4096,4096,3,8,2,4,10,4.327000000e-06,1.291754000e-03,4.660100000e-05,1.341656000e-03,1.085959997e-04,5.939200148e-05,1.233801998e-03,926.952156,1694.896509,1694.896509,1.187999964e-03,2.716800012e-05,1.096727998e-03,column,1,1.289559000e-03,78.060249
cuda_warp(blk128)(xcol),double,global,global,4096,4096,3,8,2,4,11,4.436000000e-06,1.293809000e-03,5.919500000e-05,1.356524000e-03,1.205070005e-04,5.884800106e-05,1.236027999e-03,835.331521,1710.564406,1710.564406,1.188895941e-03,2.969600074e-05,1.093357000e-03,column,1,1.289965000e-03,78.035680
cuda_warp(blk128)(xcol),double,global,global,4096,4096,3,8,2,4,12,1.001700000e-05,1.298184000e-03,4.261100000e-05,1.344545000e-03,1.118969998e-04,6.553599983e-05,1.240799998e-03,899.606747,1536.000004,1536.000004,1.188959956e-03,3.289600089e-05,1.097927996e-03,column,1,1.286114000e-03,78.269342
cuda_warp(blk128)(xcol),double,global,global,4096,4096,3,8,2,4,13,1.427800000e-05,1.299182000e-03,4.208900000e-05,1.344827000e-03,1.111300008e-04,5.900799856e-05,1.240974000e-03,905.815669,1705.926289,1705.926289,1.175519943e-03,3.071999922e-05,1.104682002e-03,column,1,1.287525000e-03,78.183566
cuda_warp(blk128)(xcol),double,global,global,4096,4096,3,8,2,4,14,1.435000000e-05,1.296921000e-03,4.152500000e-05,1.342131000e-03,1.105549999e-04,5.939200148e-05,1.239306998e-03,910.526852,1694.896509,1694.896509,1.175135970e-03,2.809599973e-05,1.110141003e-03,column,1,1.285101000e-03,78.331039
cuda_warp(blk128)(xcol),double,global,global,4096,4096,3,8,2,4,15,1.437400000e-05,1.304457000e-03,4.275100000e-05,1.350493000e-03,1.122840014e-04,5.987200141e-05,1.246377001e-03,896.506134,1681.308352,1681.308352,1.187551975e-03,3.539200127e-05,1.112649005e-03,column,1,1.292876000e-03,77.859977
cuda_warp(blk128)(xcol),double,global,global,4096,4096,3,8,2,4,16,1.441400000e-05,1.301558000e-03,4.370200000e-05,1.348923000e-03,1.107530004e-04,6.214400008e-05,1.244296999e-03,908.899043,1619.839339,1619.839339,1.185760021e-03,3.791999817e-05,1.112939001e-03,column,1,1.289972000e-03,78.035257
cuda_warp(blk128)(xcol),double,global,global,4096,4096,3,8,2,4,17,9.893000000e-06,1.288234000e-03,4.312900000e-05,1.334969000e-03,1.052269999e-04,5.878400058e-05,1.232006001e-03,956.629915,1712.426766,1712.426766,1.180960059e-03,3.094400093e-05,1.084438001e-03,column,1,1.277134000e-03,78.819682
cuda_warp(blk128)(xcol),double,global,global,4096,4096,3,8,2,4,18,4.273000000e-06,1.283274000e-03,4.261900000e-05,1.329437000e-03,1.042749992e-04,5.900799856e-05,1.225605999e-03,965.363671,1705.926289,1705.926289,1.176512003e-03,2.921600081e-05,1.097190002e-03,column,1,1.281134000e-03,78.573589
cuda_warp(blk128)(xcol),double,global,global,4096,4096,3,8,2,4,19,4.499000000e-06,1.283305000e-03,4.224600000e-05,1.328879000e-03,1.038809986e-04,5.878400058e-05,1.226973000e-03,969.025109,1712.426766,1712.426766,1.172320008e-03,2.713599987e-05,1.093013000e-03,column,1,1.281432000e-03,78.555316
cuda_warp(blk128)(xcol),double,global,global,4096,4096,3,8,2,4,20,4.666000000e-06,1.282584000e-03,4.660100000e-05,1.332800000e-03,1.089009996e-04,5.907199904e-05,1.226584001e-03,924.356033,1704.078034,1704.078034,1.185407996e-03,2.819200046e-05,1.098591998e-03,column,1,1.280287000e-03,78.625571
cuda_warp(blk128)(xcol),double,global,global,4096,4096,6,8,2,4,1,7.030000000e-06,1.598865000e-03,6.681100000e-05,1.671455000e-03,5.904250084e-04,5.627520084e-04,1.507725001e-03,340.985882,357.753662,357.753662,1.450880051e-03,4.383999854e-05,1.341840995e-03,column,1,1.596866000e-03,126.076072
cuda_warp(blk128)(xcol),double,global,global,4096,4096,6,8,2,4,2,6.418000000e-06,1.594663000e-03,6.541100000e-05,1.665571000e-03,1.621490036e-04,9.219200164e-05,1.503421996e-03,1241.614734,2183.775039,2183.775039,1.455263972e-03,4.300799966e-05,1.347660001e-03,column,1,1.592499000e-03,126.421801
cuda_warp(blk128)(xcol),double,global,global,4096,4096,6,8,2,4,3,1.995800000e-05,1.605433000e-03,6.535700000e-05,1.675968000e-03,1.638089997e-04,9.193599969e-05,1.514457000e-03,1229.032546,2189.855907,2189.855907,1.443904042e-03,4.099199921e-05,1.369048999e-03,column,1,1.590057000e-03,126.615959
cuda_warp(blk128)(xcol),double,global,global,4096,4096,6,8,2,4,4,6.335000000e-06,1.607160000e-03,6.498600000e-05,1.677465000e-03,1.615459969e-04,1.061759964e-04,1.515919003e-03,1246.249340,1896.159197,1896.159197,1.468703985e-03,4.211200029e-05,1.365437996e-03,column,1,1.602911000e-03,125.600605
cuda_warp(blk128)(xcol),double,global,global,4096,4096,6,8,2,4,5,2.039000000e-05,1.600393000e-03,6.522800000e-05,1.671113000e-03,1.765939998e-04,9.216000140e-05,1.509789997e-03,1140.053412,2184.533300,2184.533300,1.438336015e-03,3.571199998e-05,1.360596006e-03,column,1,1.584690000e-03,127.044780
cuda_warp(blk128)(xcol),double,global,global,4096,4096,6,8,2,4,6,6.569000000e-06,1.597539000e-03,6.981800000e-05,1.672608000e-03,1.685360029e-04,9.235200286e-05,1.506317001e-03,1194.561332,2179.991617,2179.991617,1.457983971e-03,4.675199836e-05,1.352899004e-03,column,1,1.595624000e-03,126.174206
cuda_warp(blk128)(xcol),double,global,global,4096,4096,6,8,2,4,7,5.831000000e-06,1.605536000e-03,6.601200000e-05,1.675888000e-03,1.633839985e-04,9.216000140e-05,1.514418000e-03,1232.229557,2184.533300,2184.533300,1.442495942e-03,4.214400053e-05,1.341641999e-03,column,1,1.603891000e-03,125.523862
cuda_warp(blk128)(xcol),double,global,global,4096,4096,6,8,2,4,8,1.434100000e-05,1.601751000e-03,6.688700000e-05,1.673695000e-03,1.696129965e-04,9.328000247e-05,1.510039002e-03,1186.976211,2158.303888,2158.303888,1.438303947e-03,4.723199829e-05,1.358229002e-03,column,1,1.591804000e-03,126.476998
cuda_warp(blk128)(xcol),double,global,global,4096,4096,6,8,2,4,9,6.867000000e-06,1.592382000e-03,7.033900000e-05,1.667949000e-03,1.693660014e-04,9.216000140e-05,1.501277999e-03,1188.707240,2184.533300,2184.533300,1.454239964e-03,3.721600026e-05,1.357785001e-03,column,1,1.590183000e-03,126.605926
cuda_warp(blk128)(xcol),double,global,global,4096,4096,6,8,2,4,10,6.618000000e-06,1.595630000e-03,6.587300000e-05,1.666856000e-03,1.646000021e-04,9.225600213e-05,1.504031999e-03,1223.126303,2182.260095,2182.260095,1.441023946e-03,3.875200078e-05,1.358366997e-03,column,1,1.593678000e-03,126.328275
cuda_warp(blk128)(xcol),double,global,global,4096,4096,6,8,2,4,11,6.119000000e-06,1.591222000e-03,6.551500000e-05,1.661949000e-03,1.637300009e-04,9.216000140e-05,1.500455003e-03,1229.625547,2184.533300,2184.533300,1.436319947e-03,4.287999868e-05,1.356982003e-03,column,1,1.589343000e-03,126.672840
cuda_warp(blk128)(xcol),double,global,global,4096,4096,6,8,2,4,12,5.842000000e-06,1.590885000e-03,6.681800000e-05,1.662275000e-03,1.628779967e-04,9.216000140e-05,1.500063002e-03,1236.057639,2184.533300,2184.533300,1.442975998e-03,4.003199935e-05,1.347199000e-03,column,1,1.589526000e-03,126.658257
cuda_warp(blk128)(xcol),double,global,global,4096,4096,6,8,2,4,13,6.570000000e-06,1.591994000e-03,6.552600000e-05,1.662244000e-03,1.639910002e-04,9.216000140e-05,1.500432002e-03,1227.668541,2184.533300,2184.533300,1.452991962e-03,3.843199834e-05,1.351538002e-03,column,1,1.589586000e-03,126.653476
cuda_warp(blk128)(xcol),double,global,global,4096,4096,6,8,2,4,14,6.376000000e-06,1.592889000e-03,6.591700000e-05,1.663573000e-03,1.629090006e-04,9.216000140e-05,1.501902999e-03,1235.822400,2184.533300,2184.533300,1.442752004e-03,3.916800022e-05,1.348975000e-03,column,1,1.591364000e-03,126.511968
cuda_warp(blk128)(xcol),double,global,global,4096,4096,6,8,2,4,15,6.634000000e-06,1.586578000e-03,6.784300000e-05,1.659805000e-03,1.658690030e-04,9.366399795e-05,1.495181003e-03,1213.768627,2149.455462,2149.455462,1.439903975e-03,4.339199886e-05,1.353201996e-03,column,1,1.584571000e-03,127.054321
cuda_warp(blk128)(xcol),double,global,global,4096,4096,6,8,2,4,16,6.403000000e-06,1.594377000e-03,6.450600000e-05,1.663796000e-03,1.629330014e-04,9.244800359e-05,1.502857003e-03,1235.640357,2177.727849,2177.727849,1.455711961e-03,4.495999962e-05,1.348888996e-03,column,1,1.592418000e-03,126.428232
cuda_warp(blk128)(xcol),double,global,global,4096,4096,6,8,2,4,17,6.360000000e-06,1.590457000e-03,6.708700000e-05,1.662471000e-03,1.644799987e-04,9.216000140e-05,1.498822999e-03,1224.018687,2184.533300,2184.533300,1.433279991e-03,3.920000046e-05,1.347128995e-03,column,1,1.588609000e-03,126.731368
cuda_warp(blk128)(xcol),double,global,global,4096,4096,6,8,2,4,18,7.548000000e-06,1.591615000e-03,6.694000000e-05,1.663323000e-03,1.663850014e-04,9.216000140e-05,1.500725004e-03,1210.004449,2184.533300,2184.533300,1.453312039e-03,3.728000075e-05,1.355797996e-03,column,1,1.588509000e-03,126.739346
cuda_warp(blk128)(xcol),double,global,global,4096,4096,6,8,2,4,19,6.521000000e-06,1.586996000e-03,6.074000000e-05,1.653270000e-03,1.592930004e-04,9.216000140e-05,1.495269003e-03,1263.875949,2184.533300,2184.533300,1.432160020e-03,3.235200047e-05,1.350452000e-03,column,1,1.585273000e-03,126.998058
cuda_warp(blk128)(xcol),double,global,global,4096,4096,6,8,2,4,20,6.250000000e-06,1.592935000e-03,6.862100000e-05,1.666687000e-03,1.656490006e-04,9.216000140e-05,1.501638998e-03,1215.380662,2184.533300,2184.533300,1.454367995e-03,3.635200113e-05,1.355661995e-03,column,1,1.591107000e-03,126.532403
cuda_warp(blk128)(xcol),double,global,global,4096,4096,8,8,2,4,1,2.077200000e-05,1.848461000e-03,8.278700000e-05,1.938147000e-03,2.223430030e-04,1.206080019e-04,1.729708997e-03,1207.303367,2225.685292,2225.685292,1.653120041e-03,5.043200031e-05,1.565469000e-03,column,1,1.833679000e-03,146.391738
cuda_warp(blk128)(xcol),double,global,global,4096,4096,8,8,2,4,2,2.294600000e-05,1.844245000e-03,7.540200000e-05,1.926512000e-03,2.171320030e-04,1.187840030e-04,1.726484997e-03,1236.277713,2259.862013,2259.862013,1.651103973e-03,4.707200080e-05,1.553606997e-03,column,1,1.827051000e-03,146.922804
cuda_warp(blk128)(xcol),double,global,global,4096,4096,8,8,2,4,3,1.976900000e-05,1.836508000e-03,8.065100000e-05,1.923235000e-03,2.192000030e-04,1.187840030e-04,1.718630998e-03,1224.614290,2259.862013,2259.862013,1.642112017e-03,4.521600157e-05,1.554132996e-03,column,1,1.822163000e-03,147.316928
cuda_warp(blk128)(xcol),double,global,global,4096,4096,8,8,2,4,4,1.971900000e-05,1.845965000e-03,7.944400000e-05,1.931259000e-03,2.179470030e-04,1.192319989e-04,1.728460999e-03,1231.654725,2251.370928,2251.370928,1.649536014e-03,4.361600056e-05,1.557893002e-03,column,1,1.831395000e-03,146.574309
cuda_warp(blk128)(xcol),double,global,global,4096,4096,8,8,2,4,5,8.598000000e-06,1.832153000e-03,7.633900000e-05,1.914517000e-03,2.034420030e-04,1.208320037e-04,1.714490999e-03,1319.469196,2221.559255,2221.559255,1.646911979e-03,4.969599843e-05,1.544985999e-03,column,1,1.829054000e-03,146.761909
cuda_warp(blk128)(xcol),double,global,global,4096,4096,8,8,2,4,6,8.635000000e-06,1.825793000e-03,7.727100000e-05,1.908057000e-03,2.040539995e-04,1.224000007e-04,1.707427001e-03,1315.511858,2193.100118,2193.100118,1.653471947e-03,4.428799823e-05,1.542848995e-03,column,1,1.821951000e-03,147.334070
cuda_warp(blk128)(xcol),double,global,global,4096,4096,8,8,2,4,7,8.692000000e-06,1.826073000e-03,7.553300000e-05,1.907137000e-03,2.023159998e-04,1.188480034e-04,1.707224997e-03,1326.812789,2258.645061,2258.645061,1.657631993e-03,4.752000049e-05,1.541400997e-03,column,1,1.822956000e-03,147.252844
cuda_warp(blk128)(xcol),double,global,global,4096,4096,8,8,2,4,8,1.914200000e-05,1.839140000e-03,7.760600000e-05,1.922851000e-03,2.122710030e-04,1.187840030e-04,1.721121997e-03,1264.588438,2259.862013,2259.862013,1.641407967e-03,4.012800008e-05,1.563636993e-03,column,1,1.825051000e-03,147.083811
cuda_warp(blk128)(xcol),double,global,global,4096,4096,8,8,2,4,9,1.568500000e-05,1.837509000e-03,7.820900000e-05,1.921622000e-03,2.101870030e-04,1.189759970e-04,1.719363998e-03,1277.126807,2256.215227,2256.215227,1.647647977e-03,4.335999861e-05,1.550331999e-03,column,1,1.826634000e-03,146.956345
cuda_warp(blk128)(xcol),double,global,global,4096,4096,8,8,2,4,10,1.575600000e-05,1.842853000e-03,7.961400000e-05,1.928438000e-03,2.117060017e-04,1.200639978e-04,1.724996997e-03,1267.963373,2235.769764,2235.769764,1.646623969e-03,4.998400062e-05,1.556836003e-03,column,1,1.831839000e-03,146.538782
cuda_warp(blk128)(xcol),double,global,global,4096,4096,8,8,2,4,11,1.702300000e-05,1.831187000e-03,7.830800000e-05,1.914662000e-03,2.115400030e-04,1.189439967e-04,1.713622000e-03,1268.958364,2256.822231,2256.822231,1.651551962e-03,4.399999976e-05,1.551187006e-03,column,1,1.818839000e-03,147.586156
cuda_warp(blk128)(xcol),double,global,global,4096,4096,8,8,2,4,12,1.724400000e-05,1.847278000e-03,8.007600000e-05,1.933243000e-03,2.160400025e-04,1.187840030e-04,1.728557998e-03,1242.526629,2259.862013,2259.862013,1.653695941e-03,4.329600185e-05,1.562936997e-03,column,1,1.834925000e-03,146.292331
cuda_warp(blk128)(xcol),double,global,global,4096,4096,8,8,2,4,13,1.878800000e-05,1.845227000e-03,7.546300000e-05,1.926004000e-03,2.119470021e-04,1.198080033e-04,1.726442997e-03,1266.521599,2240.546947,2240.546947,1.657055974e-03,4.790399969e-05,1.554825999e-03,column,1,1.830911000e-03,146.613055
cuda_warp(blk128)(xcol),double,global,global,4096,4096,8,8,2,4,14,2.013200000e-05,1.841413000e-03,7.850800000e-05,1.925579000e-03,2.174240030e-04,1.187840030e-04,1.722628997e-03,1234.617394,2259.862013,2259.862013,1.650655985e-03,4.435199872e-05,1.563848996e-03,column,1,1.826358000e-03,146.978553
cuda_warp(blk128)(xcol),double,global,global,4096,4096,8,8,2,4,15,1.830300000e-05,1.841200000e-03,8.068900000e-05,1.927738000e-03,2.177760030e-04,1.187840030e-04,1.723177998e-03,1232.621833,2259.862013,2259.862013,1.665151954e-03,5.926400051e-05,1.533971997e-03,column,1,1.828019000e-03,146.845003
cuda_warp(blk128)(xcol),double,global,global,4096,4096,8,8,2,4,16,1.933000000e-05,1.834999000e-03,7.651300000e-05,1.917071000e-03,2.141810008e-04,1.187840030e-04,1.716342998e-03,1253.311242,2259.862013,2259.862013,1.648671985e-03,4.483199865e-05,1.560438001e-03,column,1,1.820707000e-03,147.434736
cuda_warp(blk128)(xcol),double,global,global,4096,4096,8,8,2,4,17,8.440000000e-06,1.830319000e-03,7.686300000e-05,1.913038000e-03,2.042469967e-04,1.189439967e-04,1.711983000e-03,1314.268803,2256.822231,2256.822231,1.648607969e-03,4.704000056e-05,1.541319001e-03,column,1,1.826943000e-03,146.931489
cuda_warp(blk128)(xcol),double,global,global,4096,4096,8,8,2,4,18,1.903600000e-05,1.846276000e-03,7.900500000e-05,1.930985000e-03,2.164730003e-04,1.201599985e-04,1.727542000e-03,1240.041278,2233.983516,2233.983516,1.646271944e-03,5.107200146e-05,1.561462002e-03,column,1,1.832198000e-03,146.510069
cuda_warp(blk128)(xcol),double,global,global,4096,4096,8,8,2,4,19,2.038900000e-05,1.839409000e-03,7.643900000e-05,1.921670000e-03,2.155730030e-04,1.191039979e-04,1.721041000e-03,1245.218336,2253.790474,2253.790474,1.646752000e-03,4.864000157e-05,1.559853001e-03,column,1,1.824291000e-03,147.145086
cuda_warp(blk128)(xcol),double,global,global,4096,4096,8,8,2,4,20,1.899000000e-05,1.840853000e-03,7.693200000e-05,1.923243000e-03,2.133940004e-04,1.191039979e-04,1.722068997e-03,1257.933473,2253.790474,2253.790474,1.644703984e-03,4.416000098e-05,1.554404992e-03,column,1,1.826735000e-03,146.948220
cuda_warp(blk128)(xcol),double,global,global,4096,4096,20,8,2,4,1,3.260000000e-05,3.204734000e-03,2.614290000e-04,3.480955000e-03,3.256339031e-03,3.041280031e-03,2.843964003e-03,206.086846,220.659930,220.659930,1.844799966e-04,8.598399907e-05,2.692956008e-03,column,1,3.185965000e-03,210.639050
cuda_warp(blk128)(xcol),double,global,global,4096,4096,20,8,2,4,2,3.200000000e-05,3.205780000e-03,2.621110000e-04,3.482926000e-03,3.261273937e-03,3.041631937e-03,2.846026005e-03,205.774999,220.634401,220.634401,1.849599928e-04,8.403199911e-05,2.696778008e-03,column,1,3.188029000e-03,210.502677
cuda_warp(blk128)(xcol),double,global,global,4096,4096,20,8,2,4,3,3.305400000e-05,3.206761000e-03,2.706900000e-04,3.490824000e-03,3.242767087e-03,3.043744087e-03,2.844333986e-03,206.949381,220.481296,220.481296,1.821440011e-04,8.121600002e-05,2.702317985e-03,column,1,3.186045000e-03,210.633761
cuda_warp(blk128)(xcol),double,global,global,4096,4096,20,8,2,4,4,3.409300000e-05,3.218080000e-03,2.583580000e-04,3.489452000e-03,3.256874033e-03,3.044512033e-03,2.857401002e-03,206.052992,220.425682,220.425682,1.855999976e-04,9.945599735e-05,2.711033005e-03,column,1,3.195891000e-03,209.984834
cuda_warp(blk128)(xcol),double,global,global,4096,4096,20,8,2,4,5,3.262500000e-05,3.207688000e-03,2.742150000e-04,3.495099000e-03,3.257112945e-03,3.042655945e-03,2.846688009e-03,206.037878,220.560146,220.560146,1.851200014e-04,8.515200019e-05,2.700128010e-03,column,1,3.187198000e-03,210.557562
cuda_warp(blk128)(xcol),double,global,global,4096,4096,20,8,2,4,6,3.150500000e-05,3.210393000e-03,2.648010000e-04,3.489174000e-03,3.263167091e-03,3.042272091e-03,2.851671989e-03,205.655617,220.587975,220.587975,1.853760034e-04,8.531200141e-05,2.700631994e-03,column,1,3.192011000e-03,210.240077
cuda_warp(blk128)(xcol),double,global,global,4096,4096,20,8,2,4,7,3.214400000e-05,3.201207000e-03,2.581060000e-04,3.472182000e-03,3.123164998e-03,2.905791998e-03,2.822027992e-03,214.874539,230.948616,230.948616,1.858559996e-04,7.968000323e-05,2.691179990e-03,column,1,3.181211000e-03,210.953829
cuda_warp(blk128)(xcol),double,global,global,4096,4096,20,8,2,4,8,3.224600000e-05,3.208202000e-03,2.710950000e-04,3.492391000e-03,3.247687881e-03,3.043135881e-03,2.846500005e-03,206.635817,220.525361,220.525361,1.849599928e-04,7.734400034e-05,2.699108008e-03,column,1,3.188127000e-03,210.496207
cuda_warp(blk128)(xcol),double,global,global,4096,4096,20,8,2,4,9,3.250000000e-05,3.202358000e-03,2.611770000e-04,3.475812000e-03,3.263285079e-03,3.042720079e-03,2.842422989e-03,205.648181,220.555497,220.555497,1.860480011e-04,7.907199860e-05,2.691446987e-03,column,1,3.181778000e-03,210.916236
cuda_warp(blk128)(xcol),double,global,global,4096,4096,20,8,2,4,10,3.274200000e-05,3.208638000e-03,3.231650000e-04,3.537764000e-03,3.028460075e-03,2.961888075e-03,2.825326011e-03,221.594019,226.574612,226.574612,1.851200014e-04,7.612799853e-05,2.696206008e-03,column,1,3.181693000e-03,210.921871
cuda_warp(blk128)(xcol),double,global,global,4096,4096,20,8,2,4,11,3.416100000e-05,3.204469000e-03,2.851310000e-04,3.503576000e-03,3.179646067e-03,2.903104067e-03,2.825832999e-03,211.057654,231.162447,231.162447,1.831039935e-04,8.268799633e-05,2.697321000e-03,column,1,3.183248000e-03,210.818837
cuda_warp(blk128)(xcol),double,global,global,4096,4096,20,8,2,4,12,3.303200000e-05,3.205528000e-03,2.737640000e-04,3.486550000e-03,2.993316976e-03,2.918591976e-03,2.840789012e-03,224.195648,229.935752,229.935752,1.867520064e-04,8.035200089e-05,2.690613016e-03,column,1,3.179124000e-03,211.092313
cuda_warp(blk128)(xcol),double,global,global,4096,4096,20,8,2,4,13,3.267900000e-05,3.195869000e-03,2.570220000e-04,3.465675000e-03,3.189670053e-03,2.900320053e-03,2.818747988e-03,210.394376,231.384340,231.384340,1.806399971e-04,7.619199902e-05,2.693083988e-03,column,1,3.175683000e-03,211.321042
cuda_warp(blk128)(xcol),double,global,global,4096,4096,20,8,2,4,14,3.173000000e-05,3.203223000e-03,2.635000000e-04,3.479767000e-03,3.189434949e-03,2.900383949e-03,2.827482001e-03,210.409885,231.379242,231.379242,1.825280041e-04,7.718399912e-05,2.696569999e-03,column,1,3.183884000e-03,210.776724
cuda_warp(blk128)(xcol),double,global,global,4096,4096,20,8,2,4,15,3.201400000e-05,3.204176000e-03,2.530530000e-04,3.470202000e-03,3.183152959e-03,2.900671959e-03,2.827762012e-03,210.825131,231.356268,231.356268,1.830399930e-04,7.731200010e-05,2.697938011e-03,column,1,3.184362000e-03,210.745085
cuda_warp(blk128)(xcol),double,global,global,4096,4096,20,8,2,4,16,3.151200000e-05,3.197450000e-03,2.733910000e-04,3.483857000e-03,3.186919011e-03,2.900640011e-03,2.821963992e-03,210.575994,231.358817,231.358817,1.835200042e-04,7.715199888e-05,2.690795991e-03,column,1,3.177874000e-03,211.175346
cuda_warp(blk128)(xcol),double,global,global,4096,4096,20,8,2,4,17,3.297000000e-05,3.201384000e-03,2.683020000e-04,3.482655000e-03,3.188233080e-03,2.901920080e-03,2.825119997e-03,210.489203,231.256762,231.256762,1.823360026e-04,8.163200319e-05,2.698911997e-03,column,1,3.180373000e-03,211.009413
cuda_warp(blk128)(xcol),double,global,global,4096,4096,20,8,2,4,18,3.282000000e-05,3.209739000e-03,2.667830000e-04,3.489117000e-03,3.122614905e-03,2.901439905e-03,2.833079986e-03,214.912392,231.295033,231.295033,1.816319972e-04,8.575999737e-05,2.704919982e-03,column,1,3.188769000e-03,210.453827
cuda_warp(blk128)(xcol),double,global,global,4096,4096,20,8,2,4,19,3.267400000e-05,3.193629000e-03,2.573880000e-04,3.464091000e-03,3.253516898e-03,3.036511898e-03,2.834237992e-03,206.265608,221.006425,221.006425,1.846079975e-04,8.131200075e-05,2.689245990e-03,column,1,3.172991000e-03,211.500329
cuda_warp(blk128)(xcol),double,global,global,4096,4096,20,8,2,4,20,3.229600000e-05,3.225365000e-03,2.875960000e-04,3.525344000e-03,3.258312072e-03,3.049632072e-03,2.866109001e-03,205.962052,220.055608,220.055608,1.837439984e-04,8.528000116e-05,2.719549003e-03,column,1,3.204666000e-03,209.409854
cuda_warp(blk128)(xcol),double,global,global,4096,4096,32,8,2,4,1,5.220400000e-05,4.659967000e-03,3.712340000e-04,5.061906000e-03,4.367386936e-03,4.232255936e-03,4.101075973e-03,245.854521,253.704370,253.704370,2.762239873e-04,1.351040006e-04,3.868563976e-03,column,1,4.638236000e-03,231.497885
cuda_warp(blk128)(xcol),double,global,global,4096,4096,32,8,2,4,2,4.927400000e-05,4.656015000e-03,3.934540000e-04,5.081985000e-03,4.682266238e-03,4.293504238e-03,4.100150994e-03,229.320968,250.085190,250.085190,2.891199887e-04,1.398400068e-04,3.876726999e-03,column,1,4.638563000e-03,231.481565
cuda_warp(blk128)(xcol),double,global,global,4096,4096,32,8,2,4,3,5.116200000e-05,4.662562000e-03,3.873160000e-04,5.081858000e-03,4.666509777e-03,4.295551777e-03,4.104868011e-03,230.095269,249.965983,249.965983,2.903999984e-04,1.366720051e-04,3.878020013e-03,column,1,4.642627000e-03,231.278934
cuda_warp(blk128)(xcol),double,global,global,4096,4096,32,8,2,4,4,4.840700000e-05,4.657462000e-03,3.603460000e-04,5.048427000e-03,4.381067192e-03,4.241504192e-03,4.103061973e-03,245.086819,253.151188,253.151188,2.889600098e-04,1.462720037e-04,3.860853969e-03,column,1,4.638712000e-03,231.474130
cuda_warp(blk128)(xcol),double,global,global,4096,4096,32,8,2,4,5,4.796000000e-05,4.659066000e-03,4.000240000e-04,5.086900000e-03,4.404563029e-03,4.244544029e-03,4.104995989e-03,243.779421,252.969887,252.969887,2.674239874e-04,1.424639970e-04,3.869507991e-03,column,1,4.638667000e-03,231.476375
cuda_warp(blk128)(xcol),double,global,global,4096,4096,32,8,2,4,6,4.986500000e-05,4.675817000e-03,3.700300000e-04,5.077938000e-03,4.662971946e-03,4.294271946e-03,4.119897971e-03,230.269844,250.040481,250.040481,2.912319899e-04,1.343040019e-04,3.887833970e-03,column,1,4.656968000e-03,230.566717
cuda_warp(blk128)(xcol),double,global,global,4096,4096,32,8,2,4,7,5.205200000e-05,4.669867000e-03,3.802750000e-04,5.081089000e-03,4.522549080e-03,4.385312080e-03,4.171466997e-03,237.419607,244.849581,244.849581,2.760959864e-04,1.462720037e-04,3.899659006e-03,column,1,4.647610000e-03,231.030965
cuda_warp(blk128)(xcol),double,global,global,4096,4096,32,8,2,4,8,4.975500000e-05,4.659424000e-03,3.746410000e-04,5.063668000e-03,4.543256038e-03,4.406208038e-03,4.131984001e-03,236.337511,243.688408,243.688408,2.742399871e-04,1.319359988e-04,3.883920005e-03,column,1,4.638868000e-03,231.466346
cuda_warp(blk128)(xcol),double,global,global,4096,4096,32,8,2,4,9,5.046100000e-05,4.644234000e-03,3.582810000e-04,5.033639000e-03,4.642989082e-03,4.285664082e-03,4.089928029e-03,231.260898,250.542694,250.542694,2.859520018e-04,1.348800063e-04,3.869640028e-03,column,1,4.624085000e-03,232.206334
cuda_warp(blk128)(xcol),double,global,global,4096,4096,32,8,2,4,10,4.872800000e-05,4.656451000e-03,3.775210000e-04,5.063871000e-03,4.382821015e-03,4.237792015e-03,4.104707016e-03,244.988746,253.372940,253.372940,2.901760042e-04,1.406400055e-04,3.875459021e-03,column,1,4.637477000e-03,231.535773
cuda_warp(blk128)(xcol),double,global,global,4096,4096,32,8,2,4,11,5.018600000e-05,4.637847000e-03,3.599010000e-04,5.027669000e-03,4.637025175e-03,4.277376175e-03,4.090486997e-03,231.558334,251.028149,251.028149,2.881599963e-04,1.368640065e-04,3.863318996e-03,column,1,4.616621000e-03,232.581757
cuda_warp(blk128)(xcol),double,global,global,4096,4096,32,8,2,4,12,4.831800000e-05,4.644316000e-03,3.676920000e-04,5.042020000e-03,4.356988179e-03,4.222112179e-03,4.089723987e-03,246.441298,254.313902,254.313902,2.817920148e-04,1.318719983e-04,3.866683987e-03,column,1,4.625098000e-03,232.155475
cuda_warp(blk128)(xcol),double,global,global,4096,4096,32,8,2,4,13,5.026500000e-05,4.643109000e-03,3.642530000e-04,5.037573000e-03,4.526091027e-03,4.390048027e-03,4.116677022e-03,237.233811,244.585439,244.585439,2.872320116e-04,1.297599971e-04,3.863941027e-03,column,1,4.622533000e-03,232.284296
cuda_warp(blk128)(xcol),double,global,global,4096,4096,32,8,2,4,14,4.814100000e-05,4.639387000e-03,3.772330000e-04,5.047010000e-03,4.533318008e-03,4.389472008e-03,4.116250980e-03,236.855615,244.617535,244.617535,2.832959890e-04,1.320959926e-04,3.872954983e-03,column,1,4.620546000e-03,232.384187
cuda_warp(blk128)(xcol),double,global,global,4096,4096,32,8,2,4,15,4.972200000e-05,4.643817000e-03,3.731150000e-04,5.046258000e-03,4.521159902e-03,4.386303902e-03,4.121343973e-03,237.492557,244.794216,244.794216,2.709760070e-04,1.327040046e-04,3.864223967e-03,column,1,4.622523000e-03,232.284799
cuda_warp(blk128)(xcol),double,global,global,4096,4096,32,8,2,4,16,4.937100000e-05,4.639991000e-03,3.563460000e-04,5.026724000e-03,4.632766892e-03,4.278431892e-03,4.094002993e-03,231.771175,250.966207,250.966207,2.912960052e-04,1.346240044e-04,3.866738999e-03,column,1,4.620153000e-03,232.403954
cuda_warp(blk128)(xcol),double,global,global,4096,4096,32,8,2,4,17,5.382400000e-05,4.651441000e-03,3.639260000e-04,5.044617000e-03,4.367888863e-03,4.236415863e-03,4.097056992e-03,245.826269,253.455246,253.455246,2.846080065e-04,1.335680038e-04,3.877857000e-03,column,1,4.625640000e-03,232.128273
cuda_warp(blk128)(xcol),double,global,global,4096,4096,32,8,2,4,18,6.762600000e-05,4.652809000e-03,3.778430000e-04,5.077129000e-03,4.389828048e-03,4.237184048e-03,4.096761979e-03,244.597695,253.409295,253.409295,2.720960081e-04,1.350080073e-04,3.881177977e-03,column,1,4.630806000e-03,231.869317
cuda_warp(blk128)(xcol),double,global,global,4096,4096,32,8,2,4,19,5.046500000e-05,4.636130000e-03,3.846460000e-04,5.050734000e-03,4.652088105e-03,4.272128105e-03,4.089583986e-03,230.808574,251.336523,251.336523,2.903999984e-04,1.297920048e-04,3.867503986e-03,column,1,4.614707000e-03,232.678223
cuda_warp(blk128)(xcol),double,global,global,4096,4096,32,8,2,4,20,5.151400000e-05,4.643856000e-03,4.270560000e-04,5.101022000e-03,4.367522215e-03,4.232672215e-03,4.096390986e-03,245.846906,253.679418,253.679418,2.709439993e-04,1.402560025e-04,3.876806982e-03,column,1,4.621567000e-03,232.332848
cuda_warp(blk128)(xcol),double,global,global,4096,4096,3,8,4,2,1,2.596400000e-05,1.295548000e-03,9.543000000e-06,1.326195000e-03,9.026400051e-05,5.612799898e-05,1.240316000e-03,1115.209778,1793.459554,1793.459554,1.190176010e-03,3.260799870e-05,1.096272999e-03,column,1,1.289546000e-03,78.061035
cuda_warp(blk128)(xcol),double,global,global,4096,4096,3,8,4,2,2,2.433500000e-05,1.306788000e-03,9.406000000e-06,1.320885000e-03,9.066100079e-05,5.734400079e-05,1.251652001e-03,1110.326327,1755.428547,1755.428547,1.189664006e-03,2.160000056e-05,1.099165998e-03,column,1,1.283768000e-03,78.412374
cuda_warp(blk128)(xcol),double,global,global,4096,4096,3,8,4,2,3,2.168700000e-05,1.302898000e-03,9.223000000e-06,1.324971000e-03,8.697100044e-05,5.641600117e-05,1.247090000e-03,1157.435185,1784.303990,1784.303990,1.203487992e-03,2.716800012e-05,1.099982002e-03,column,1,1.293092000e-03,77.846971
cuda_warp(blk128)(xcol),double,global,global,4096,4096,3,8,4,2,4,2.842400000e-05,1.308275000e-03,8.763000000e-06,1.328223000e-03,1.254880941e-03,1.226079941e-03,1.253043000e-03,80.217408,82.101740,82.101740,1.047935963e-03,2.448000014e-05,1.090751002e-03,column,1,1.289897000e-03,78.039794
cuda_warp(blk128)(xcol),double,global,global,4096,4096,3,8,4,2,5,2.611900000e-05,1.294620000e-03,9.260000000e-06,1.317451000e-03,9.026000061e-05,5.683200061e-05,1.239804000e-03,1115.259199,1771.243224,1771.243224,1.198591948e-03,2.406400070e-05,1.098825001e-03,column,1,1.281702000e-03,78.538768
cuda_warp(blk128)(xcol),double,global,global,4096,4096,3,8,4,2,6,2.667100000e-05,1.292433000e-03,9.001000000e-06,1.321311000e-03,1.252149981e-03,1.226495981e-03,1.236724001e-03,80.392363,82.073890,82.073890,1.049023986e-03,2.979199961e-05,1.093972000e-03,column,1,1.285049000e-03,78.334208
cuda_warp(blk128)(xcol),double,global,global,4096,4096,3,8,4,2,7,2.584800000e-05,1.295433000e-03,8.478000000e-06,1.317362000e-03,8.881800009e-05,5.660799891e-05,1.240137000e-03,1133.365938,1778.252154,1778.252154,1.188287973e-03,2.099199966e-05,1.104078001e-03,column,1,1.282032000e-03,78.518552
cuda_warp(blk128)(xcol),double,global,global,4096,4096,3,8,4,2,8,1.739900000e-05,1.301002000e-03,8.365000000e-06,1.322302000e-03,7.887000009e-05,5.555199832e-05,1.245993998e-03,1276.319207,1812.055354,1812.055354,1.210016012e-03,2.067199908e-05,1.102744003e-03,column,1,1.295655000e-03,77.692978
cuda_warp(blk128)(xcol),double,global,global,4096,4096,3,8,4,2,9,2.049600000e-05,1.291280000e-03,8.682000000e-06,1.314290000e-03,8.424800156e-05,5.548800156e-05,1.235919999e-03,1194.844912,1814.145278,1814.145278,1.183264017e-03,2.003199980e-05,1.103083999e-03,column,1,1.283921000e-03,78.403029
cuda_warp(blk128)(xcol),double,global,global,4096,4096,3,8,4,2,10,2.524300000e-05,1.294264000e-03,8.782000000e-06,1.322913000e-03,8.932100009e-05,5.734400079e-05,1.237592001e-03,1126.983530,1755.428547,1755.428547,1.195359945e-03,2.595200017e-05,1.095063997e-03,column,1,1.288253000e-03,78.139384
cuda_warp(blk128)(xcol),double,global,global,4096,4096,3,8,4,2,11,2.292000000e-05,1.297692000e-03,8.936000000e-06,1.317231000e-03,9.349949970e-04,9.154559970e-04,1.241856999e-03,107.661855,109.959732,109.959732,1.186400056e-03,2.227200009e-05,1.093276001e-03,column,1,1.284896000e-03,78.343536
cuda_warp(blk128)(xcol),double,global,global,4096,4096,3,8,4,2,12,2.646800000e-05,1.305902000e-03,8.609000000e-06,1.327267000e-03,9.002499929e-05,5.567999929e-05,1.250606000e-03,1118.170473,1807.889678,1807.889678,1.196959972e-03,2.393599972e-05,1.118160003e-03,column,1,1.291452000e-03,77.945828
cuda_warp(blk128)(xcol),double,global,global,4096,4096,3,8,4,2,13,1.622100000e-05,1.283329000e-03,8.676000000e-06,1.305816000e-03,7.993099947e-05,5.619199947e-05,1.229057000e-03,1259.377421,1791.416874,1791.416874,1.181759953e-03,3.232000023e-05,1.092673999e-03,column,1,1.280215000e-03,78.629993
cuda_warp(blk128)(xcol),double,global,global,4096,4096,3,8,4,2,14,1.662400000e-05,1.295830000e-03,1.003200000e-05,1.318849000e-03,7.973900027e-05,5.580800027e-05,1.240352999e-03,1262.409808,1803.743111,1803.743111,1.199903965e-03,2.809599973e-05,1.105363003e-03,column,1,1.292167000e-03,77.902698
cuda_warp(blk128)(xcol),double,global,global,4096,4096,3,8,4,2,15,1.721600000e-05,1.289564000e-03,9.143000000e-06,1.311580000e-03,8.007800107e-05,5.628800020e-05,1.234268000e-03,1257.065544,1788.361563,1788.361563,1.187423944e-03,3.011200018e-05,1.093049999e-03,column,1,1.284535000e-03,78.365553
cuda_warp(blk128)(xcol),double,global,global,4096,4096,3,8,4,2,16,1.520300000e-05,1.294349000e-03,8.479000000e-06,1.313547000e-03,7.855700009e-05,5.654399842e-05,1.238087000e-03,1281.404533,1780.264905,1780.264905,1.203520060e-03,2.175999992e-05,1.099212005e-03,column,1,1.288993000e-03,78.094525
cuda_warp(blk128)(xcol),double,global,global,4096,4096,3,8,4,2,17,1.621000000e-05,1.280900000e-03,8.891000000e-06,1.302655000e-03,8.027800100e-05,5.663999915e-05,1.225604000e-03,1253.933765,1777.247484,1777.247484,1.196383953e-03,2.153600007e-05,1.090097999e-03,column,1,1.276895000e-03,78.834435
cuda_warp(blk128)(xcol),double,global,global,4096,4096,3,8,4,2,18,1.605500000e-05,1.290496000e-03,9.379000000e-06,1.308811000e-03,8.006000134e-05,5.692800134e-05,1.235200000e-03,1257.348168,1768.256282,1768.256282,1.193632007e-03,2.480000071e-05,1.088344003e-03,column,1,1.282687000e-03,78.478457
cuda_warp(blk128)(xcol),double,global,global,4096,4096,3,8,4,2,19,2.600400000e-05,1.300459000e-03,8.732000000e-06,1.327850000e-03,8.929800009e-05,5.721599981e-05,1.245163000e-03,1127.273801,1759.355710,1759.355710,1.189728022e-03,2.179200016e-05,1.108441998e-03,column,1,1.292875000e-03,77.860038
cuda_warp(blk128)(xcol),double,global,global,4096,4096,3,8,4,2,20,1.578900000e-05,1.286859000e-03,8.681000000e-06,1.309567000e-03,8.106900079e-05,5.734400079e-05,1.232011000e-03,1241.698985,1755.428547,1755.428547,1.202304006e-03,3.055999987e-05,1.091086999e-03,column,1,1.284282000e-03,78.380991
cuda_warp(blk128)(xcol),double,global,global,4096,4096,6,8,4,2,1,5.342300000e-05,1.559498000e-03,1.601700000e-05,1.610290000e-03,1.468353036e-03,1.400992036e-03,1.370353994e-03,137.110482,143.702881,143.702881,1.267199963e-04,2.988800034e-05,1.306673993e-03,column,1,1.539802000e-03,130.748364
cuda_warp(blk128)(xcol),double,global,global,4096,4096,6,8,4,2,2,3.976900000e-05,1.663783000e-03,1.656600000e-05,1.690723000e-03,1.495149059e-03,1.461824059e-03,1.418817999e-03,134.653191,137.722861,137.722861,1.340160072e-04,2.960000001e-05,1.317441996e-03,column,1,1.629753000e-03,123.531966
cuda_warp(blk128)(xcol),double,global,global,4096,4096,6,8,4,2,3,4.031000000e-05,1.557487000e-03,1.729900000e-05,1.597970000e-03,1.428395004e-03,1.372352004e-03,1.361433993e-03,140.946021,146.701860,146.701860,1.225920022e-04,2.790400013e-05,1.294617995e-03,column,1,1.539647000e-03,130.761527
cuda_warp(blk128)(xcol),double,global,global,4096,4096,6,8,4,2,4,4.890000000e-05,1.561996000e-03,1.551000000e-05,1.603199000e-03,1.448348971e-03,1.385599971e-03,1.367486996e-03,139.004201,145.299218,145.299218,1.244480014e-04,3.075199947e-05,1.301662996e-03,column,1,1.538157000e-03,130.888194
cuda_warp(blk128)(xcol),double,global,global,4096,4096,6,8,4,2,5,4.625100000e-05,1.545348000e-03,1.573100000e-05,1.598681000e-03,1.460125941e-03,1.399359941e-03,1.357763007e-03,137.883032,143.870484,143.870484,1.250240058e-04,3.094400093e-05,1.294179006e-03,column,1,1.535908000e-03,131.079851
cuda_warp(blk128)(xcol),double,global,global,4096,4096,6,8,4,2,6,4.538100000e-05,1.557736000e-03,1.572700000e-05,1.601870000e-03,1.444478944e-03,1.385983944e-03,1.363199007e-03,139.376619,145.258964,145.258964,1.242239997e-04,3.001599945e-05,1.295231008e-03,column,1,1.540154000e-03,130.718481
cuda_warp(blk128)(xcol),double,global,global,4096,4096,6,8,4,2,7,3.950300000e-05,1.634243000e-03,1.551200000e-05,1.686383000e-03,1.512450041e-03,1.465216041e-03,1.370835009e-03,133.112887,137.404032,137.404032,1.321599931e-04,3.180800006e-05,1.291251011e-03,column,1,1.629922000e-03,123.519157
cuda_warp(blk128)(xcol),double,global,global,4096,4096,6,8,4,2,8,4.393300000e-05,1.545728000e-03,1.569100000e-05,1.597245000e-03,1.459716947e-03,1.401119947e-03,1.359935999e-03,137.921665,143.689762,143.689762,1.255040020e-04,2.889600024e-05,1.295807997e-03,column,1,1.537296000e-03,130.961501
cuda_warp(blk128)(xcol),double,global,global,4096,4096,6,8,4,2,9,3.829500000e-05,1.555983000e-03,1.597500000e-05,1.600012000e-03,1.472122014e-03,1.432384014e-03,1.451509997e-03,136.759447,140.553504,140.553504,1.253760010e-04,2.611199953e-05,1.308693995e-03,column,1,1.545343000e-03,130.279551
cuda_warp(blk128)(xcol),double,global,global,4096,4096,6,8,4,2,10,4.723300000e-05,1.567054000e-03,1.577500000e-05,1.608049000e-03,1.489132039e-03,1.445376039e-03,1.440618000e-03,135.197274,139.290113,139.290113,1.225600019e-04,2.649600059e-05,1.308682000e-03,column,1,1.544562000e-03,130.345426
cuda_warp(blk128)(xcol),double,global,global,4096,4096,6,8,4,2,11,3.638300000e-05,1.551662000e-03,1.623700000e-05,1.596068000e-03,1.451878028e-03,1.414592028e-03,1.370390998e-03,138.666326,142.321311,142.321311,1.265600026e-04,2.886399999e-05,1.297558999e-03,column,1,1.542550000e-03,130.515440
cuda_warp(blk128)(xcol),double,global,global,4096,4096,6,8,4,2,12,4.808900000e-05,1.640506000e-03,1.558100000e-05,1.691124000e-03,1.514025998e-03,1.463551998e-03,1.377031001e-03,132.974330,137.560259,137.560259,1.325760037e-04,2.710399963e-05,1.307463002e-03,column,1,1.627132000e-03,123.730952
cuda_warp(blk128)(xcol),double,global,global,4096,4096,6,8,4,2,13,4.765100000e-05,1.553202000e-03,1.503300000e-05,1.606532000e-03,1.440890039e-03,1.391584039e-03,1.443507996e-03,139.723773,144.674404,144.674404,1.322239935e-04,2.848000079e-05,1.301299996e-03,column,1,1.542931000e-03,130.483211
cuda_warp(blk128)(xcol),double,global,global,4096,4096,6,8,4,2,14,4.378500000e-05,1.555120000e-03,1.537700000e-05,1.606589000e-03,1.480436976e-03,1.433215976e-03,1.451565997e-03,135.991329,140.471914,140.471914,1.256960034e-04,2.870400064e-05,1.306797995e-03,column,1,1.546941000e-03,130.144971
cuda_warp(blk128)(xcol),double,global,global,4096,4096,6,8,4,2,15,4.844600000e-05,1.547492000e-03,1.506400000e-05,1.600128000e-03,1.473631000e-03,1.427616000e-03,1.362317007e-03,136.619406,141.022931,141.022931,1.239039972e-04,2.774400078e-05,1.298221006e-03,column,1,1.535667000e-03,131.100422
cuda_warp(blk128)(xcol),double,global,global,4096,4096,6,8,4,2,16,4.921400000e-05,1.556583000e-03,1.588600000e-05,1.612667000e-03,1.508290998e-03,1.459583998e-03,1.435909998e-03,133.479940,137.934228,137.934228,1.300799996e-04,2.451200038e-05,1.308805999e-03,column,1,1.546533000e-03,130.179306
cuda_warp(blk128)(xcol),double,global,global,4096,4096,6,8,4,2,17,4.742700000e-05,1.553200000e-03,1.530100000e-05,1.603345000e-03,1.458395955e-03,1.414783955e-03,1.378351993e-03,138.046592,142.302004,142.302004,1.256320029e-04,2.809599973e-05,1.307855995e-03,column,1,1.539634000e-03,130.762631
cuda_warp(blk128)(xcol),double,global,global,4096,4096,6,8,4,2,18,4.295300000e-05,1.556095000e-03,1.654300000e-05,1.598476000e-03,1.429222942e-03,1.372095942e-03,1.356155994e-03,140.864372,146.729238,146.729238,1.223040000e-04,2.803199925e-05,1.289563995e-03,column,1,1.538278000e-03,130.877899
cuda_warp(blk128)(xcol),double,global,global,4096,4096,6,8,4,2,19,4.847300000e-05,1.633374000e-03,1.542900000e-05,1.690397000e-03,1.514407000e-03,1.462816000e-03,1.368595003e-03,132.940875,137.629471,137.629471,1.332159936e-04,2.899199910e-05,1.292051003e-03,column,1,1.625643000e-03,123.844283
cuda_warp(blk128)(xcol),double,global,global,4096,4096,6,8,4,2,20,3.923200000e-05,1.549638000e-03,1.612200000e-05,1.598232000e-03,1.419694020e-03,1.376384020e-03,1.371384996e-03,141.809847,146.272108,146.272108,1.348479986e-04,2.816000022e-05,1.298936997e-03,column,1,1.542096000e-03,130.553864
cuda_warp(blk128)(xcol),double,global,global,4096,4096,8,8,4,2,1,5.131100000e-05,1.808594000e-03,2.071200000e-05,1.866535000e-03,1.738608012e-03,1.687456012e-03,1.611057002e-03,154.396767,159.077009,159.077009,1.554879993e-04,3.046399914e-05,1.505617002e-03,column,1,1.793396000e-03,149.679968
cuda_warp(blk128)(xcol),double,global,global,4096,4096,8,8,4,2,2,4.241800000e-05,1.818192000e-03,2.113900000e-05,1.855290000e-03,1.648529961e-03,1.587839961e-03,1.591554993e-03,162.833229,169.056997,169.056997,1.660480052e-04,3.263999894e-05,1.495746998e-03,column,1,1.789268000e-03,150.025293
cuda_warp(blk128)(xcol),double,global,global,4096,4096,8,8,4,2,3,5.085500000e-05,1.897584000e-03,2.156800000e-05,1.958445000e-03,1.747418957e-03,1.694911957e-03,1.608433986e-03,153.618258,158.377227,158.377227,1.550720036e-04,3.184000030e-05,1.520433982e-03,column,1,1.885678000e-03,142.354875
cuda_warp(blk128)(xcol),double,global,global,4096,4096,8,8,4,2,4,5.105100000e-05,1.795380000e-03,2.024400000e-05,1.855682000e-03,1.656286984e-03,1.603551984e-03,1.595697002e-03,162.070619,167.400533,167.400533,1.531520039e-04,2.860799991e-05,1.506641002e-03,column,1,1.784095000e-03,150.460293
cuda_warp(blk128)(xcol),double,global,global,4096,4096,8,8,4,2,5,4.797300000e-05,1.802867000e-03,2.075300000e-05,1.859713000e-03,1.657415013e-03,1.602432013e-03,1.598492005e-03,161.960314,167.517532,167.517532,1.535679996e-04,2.876799926e-05,1.508604003e-03,column,1,1.790312000e-03,149.937807
cuda_warp(blk128)(xcol),double,global,global,4096,4096,8,8,4,2,6,5.362400000e-05,1.808372000e-03,1.957500000e-05,1.866157000e-03,1.657070961e-03,1.583871961e-03,1.594622998e-03,161.993941,169.480528,169.480528,1.548160017e-04,3.433600068e-05,1.509630999e-03,column,1,1.792183000e-03,149.781276
cuda_warp(blk128)(xcol),double,global,global,4096,4096,8,8,4,2,7,5.881600000e-05,1.900463000e-03,2.002800000e-05,1.956004000e-03,1.730040038e-03,1.677152038e-03,1.595281001e-03,155.161413,160.054336,160.054336,1.643200070e-04,3.254399821e-05,1.499953001e-03,column,1,1.876372000e-03,143.060894
cuda_warp(blk128)(xcol),double,global,global,4096,4096,8,8,4,2,8,7.060800000e-05,1.912232000e-03,2.070500000e-05,1.973987000e-03,1.753689026e-03,1.679584026e-03,1.593690991e-03,153.069017,159.822582,159.822582,1.631039977e-04,3.036800027e-05,1.500794992e-03,column,1,1.881878000e-03,142.642326
cuda_warp(blk128)(xcol),double,global,global,4096,4096,8,8,4,2,9,6.182400000e-05,1.806425000e-03,2.048500000e-05,1.873863000e-03,1.667655038e-03,1.586176038e-03,1.614521007e-03,160.965817,169.234341,169.234341,1.534399986e-04,3.353599831e-05,1.513113005e-03,column,1,1.791050000e-03,149.876026
cuda_warp(blk128)(xcol),double,global,global,4096,4096,8,8,4,2,10,5.513900000e-05,1.808439000e-03,2.060500000e-05,1.865519000e-03,1.750947971e-03,1.683071971e-03,1.646391003e-03,153.308642,159.491371,159.491371,1.671359986e-04,3.068800084e-05,1.523767000e-03,column,1,1.789117000e-03,150.037955
cuda_warp(blk128)(xcol),double,global,global,4096,4096,8,8,4,2,11,5.875100000e-05,1.903221000e-03,2.023300000e-05,1.962322000e-03,1.745678041e-03,1.694272041e-03,1.610410003e-03,153.771457,158.437045,158.437045,1.537919939e-04,2.908799984e-05,1.527050003e-03,column,1,1.882448000e-03,142.599135
cuda_warp(blk128)(xcol),double,global,global,4096,4096,8,8,4,2,12,4.600700000e-05,1.802242000e-03,1.991900000e-05,1.859590000e-03,1.669954959e-03,1.605183959e-03,1.603874002e-03,160.744129,167.230338,167.230338,1.602559984e-04,3.123199940e-05,1.513986003e-03,column,1,1.792810000e-03,149.728893
cuda_warp(blk128)(xcol),double,global,global,4096,4096,8,8,4,2,13,4.769400000e-05,1.804966000e-03,2.013000000e-05,1.859076000e-03,1.650124982e-03,1.602303982e-03,1.593715995e-03,162.675833,167.530917,167.530917,1.560640037e-04,3.001599945e-05,1.513203994e-03,column,1,1.790318000e-03,149.937305
cuda_warp(blk128)(xcol),double,global,global,4096,4096,8,8,4,2,14,4.766700000e-05,1.794261000e-03,2.088500000e-05,1.854128000e-03,1.654001980e-03,1.601055980e-03,1.594079001e-03,162.294519,167.661506,167.661506,1.535679996e-04,2.751999907e-05,1.505119001e-03,column,1,1.784867000e-03,150.395215
cuda_warp(blk128)(xcol),double,global,global,4096,4096,8,8,4,2,15,4.983300000e-05,1.801910000e-03,2.045600000e-05,1.860062000e-03,1.654982966e-03,1.602239966e-03,1.598408005e-03,162.198320,167.537611,167.537611,1.536000073e-04,2.755199932e-05,1.509128007e-03,column,1,1.789527000e-03,150.003580
cuda_warp(blk128)(xcol),double,global,global,4096,4096,8,8,4,2,16,6.943700000e-05,1.813424000e-03,2.004800000e-05,1.871543000e-03,1.639313972e-03,1.581439972e-03,1.587391997e-03,163.748654,169.741160,169.741160,1.558080018e-04,2.912000008e-05,1.509727998e-03,column,1,1.781241000e-03,150.701368
cuda_warp(blk128)(xcol),double,global,global,4096,4096,8,8,4,2,17,5.116800000e-05,1.878943000e-03,2.056000000e-05,1.947733000e-03,1.736442957e-03,1.674335957e-03,1.589265987e-03,154.589274,160.323533,160.323533,1.522880048e-04,2.995200083e-05,1.502097984e-03,column,1,1.875239000e-03,143.147330
cuda_warp(blk128)(xcol),double,global,global,4096,4096,8,8,4,2,18,6.044600000e-05,1.806281000e-03,2.071800000e-05,1.871264000e-03,1.656948004e-03,1.576864004e-03,1.594543007e-03,162.005962,170.233739,170.233739,1.558080018e-04,3.139200062e-05,1.517551007e-03,column,1,1.789402000e-03,150.014058
cuda_warp(blk128)(xcol),double,global,global,4096,4096,8,8,4,2,19,5.969500000e-05,1.889944000e-03,1.987900000e-05,1.951524000e-03,1.749317037e-03,1.691776037e-03,1.597414000e-03,153.451576,158.670799,158.670799,1.515839994e-04,3.388800099e-05,1.514661999e-03,column,1,1.871230000e-03,143.454015
cuda_warp(blk128)(xcol),double,global,global,4096,4096,8,8,4,2,20,5.975400000e-05,1.810128000e-03,2.209000000e-05,1.868559000e-03,1.655746007e-03,1.600672007e-03,1.606734997e-03,162.123571,167.701725,167.701725,1.539520025e-04,2.998399921e-05,1.516398996e-03,column,1,1.786052000e-03,150.295431
cuda_warp(blk128)(xcol),double,global,global,4096,4096,20,8,4,2,1,1.163330000e-04,3.318017000e-03,5.829500000e-05,3.471103000e-03,3.099929996e-03,2.927103996e-03,2.932465990e-03,216.485095,229.267098,229.267098,3.323200047e-04,5.344000086e-05,2.758321987e-03,column,1,3.295774000e-03,203.620952
cuda_warp(blk128)(xcol),double,global,global,4096,4096,20,8,4,2,2,1.083590000e-04,3.311068000e-03,5.598200000e-05,3.463633000e-03,3.218900946e-03,3.054559946e-03,2.918690000e-03,208.483781,219.700596,219.700596,3.458240032e-04,5.398400128e-05,2.746402000e-03,column,1,3.295679000e-03,203.626822
cuda_warp(blk128)(xcol),double,global,global,4096,4096,20,8,4,2,3,1.179330000e-04,3.327220000e-03,5.526900000e-05,3.471141000e-03,3.096139000e-03,2.925632000e-03,2.939488013e-03,216.750165,229.382451,229.382451,3.306559920e-04,4.934399948e-05,2.770496011e-03,column,1,3.297897000e-03,203.489872
cuda_warp(blk128)(xcol),double,global,global,4096,4096,20,8,4,2,4,1.407500000e-04,3.329447000e-03,5.534100000e-05,3.476722000e-03,3.093107987e-03,2.910207987e-03,2.982145992e-03,216.962564,230.598171,230.598171,3.475199938e-04,5.609599873e-05,2.775777996e-03,column,1,3.279574000e-03,204.626772
cuda_warp(blk128)(xcol),double,global,global,4096,4096,20,8,4,2,5,1.375220000e-04,3.345091000e-03,6.259400000e-05,3.507325000e-03,3.250586928e-03,3.065887928e-03,2.957218990e-03,206.451529,218.888836,218.888836,3.407999873e-04,5.888000131e-05,2.780898988e-03,column,1,3.306575000e-03,202.955820
cuda_warp(blk128)(xcol),double,global,global,4096,4096,20,8,4,2,6,1.043610000e-04,3.304655000e-03,5.618800000e-05,3.446223000e-03,3.080182896e-03,2.921727896e-03,2.922658992e-03,217.872984,229.688959,229.688959,3.277119994e-04,4.812800139e-05,2.768418991e-03,column,1,3.285700000e-03,204.245257
cuda_warp(blk128)(xcol),double,global,global,4096,4096,20,8,4,2,7,1.154520000e-04,3.325828000e-03,5.799500000e-05,3.472442000e-03,3.216632092e-03,3.054176092e-03,2.930964996e-03,208.630835,219.728208,219.728208,3.447040021e-04,4.611200094e-05,2.768756998e-03,column,1,3.298387000e-03,203.459643
cuda_warp(blk128)(xcol),double,global,global,4096,4096,20,8,4,2,8,1.164480000e-04,3.332214000e-03,5.926700000e-05,3.482487000e-03,3.103016883e-03,2.943487883e-03,2.939004011e-03,216.269735,227.990964,227.990964,3.271360099e-04,6.393600255e-05,2.779836010e-03,column,1,3.306386000e-03,202.967421
cuda_warp(blk128)(xcol),double,global,global,4096,4096,20,8,4,2,9,1.035420000e-04,3.311458000e-03,5.594800000e-05,3.458335000e-03,3.180297081e-03,3.054624081e-03,2.931905993e-03,211.014450,219.695983,219.695983,3.454720080e-04,4.857600108e-05,2.768193998e-03,column,1,3.298543000e-03,203.450020
cuda_warp(blk128)(xcol),double,global,global,4096,4096,20,8,4,2,10,1.222470000e-04,3.434029000e-03,5.620200000e-05,3.580714000e-03,3.153787892e-03,3.034751892e-03,2.948133013e-03,212.788134,221.134598,221.134598,3.329919875e-04,4.662400112e-05,2.759717009e-03,column,1,3.402387000e-03,197.240537
cuda_warp(blk128)(xcol),double,global,global,4096,4096,20,8,4,2,11,1.162970000e-04,3.335387000e-03,5.601400000e-05,3.468987000e-03,3.122160107e-03,2.957312107e-03,2.948093996e-03,214.943698,226.925200,226.925200,3.367359936e-04,4.678399861e-05,2.786301993e-03,column,1,3.295932000e-03,203.611191
cuda_warp(blk128)(xcol),double,global,global,4096,4096,20,8,4,2,12,1.156340000e-04,3.310913000e-03,5.602800000e-05,3.458726000e-03,3.095214065e-03,2.924416065e-03,2.930367007e-03,216.814936,229.477826,229.477826,3.289279938e-04,5.043200031e-05,2.765279002e-03,column,1,3.286819000e-03,204.175721
cuda_warp(blk128)(xcol),double,global,global,4096,4096,20,8,4,2,13,1.157820000e-04,3.317682000e-03,5.703800000e-05,3.467126000e-03,3.191418992e-03,3.019551992e-03,2.929275009e-03,210.279077,222.247751,222.247751,3.444800079e-04,5.385600030e-05,2.759163010e-03,column,1,3.294206000e-03,203.717873
cuda_warp(blk128)(xcol),double,global,global,4096,4096,20,8,4,2,14,1.152350000e-04,3.310230000e-03,5.782200000e-05,3.454805000e-03,3.085191901e-03,2.915551901e-03,2.932460011e-03,217.519254,230.175508,230.175508,3.357439935e-04,4.825599864e-05,2.775180013e-03,column,1,3.281382000e-03,204.514025
cuda_warp(blk128)(xcol),double,global,global,4096,4096,20,8,4,2,15,1.133720000e-04,3.315595000e-03,5.867000000e-05,3.468647000e-03,3.215645919e-03,3.048991919e-03,2.937420005e-03,208.694818,220.101810,220.101810,3.514879942e-04,4.720000178e-05,2.772044009e-03,column,1,3.295534000e-03,203.635781
cuda_warp(blk128)(xcol),double,global,global,4096,4096,20,8,4,2,16,1.175210000e-04,3.320474000e-03,5.806700000e-05,3.465212000e-03,3.094923957e-03,2.921983957e-03,2.940772993e-03,216.835260,229.668831,229.668831,3.300800025e-04,4.892800003e-05,2.783012995e-03,column,1,3.289268000e-03,204.023704
cuda_warp(blk128)(xcol),double,global,global,4096,4096,20,8,4,2,17,1.159870000e-04,3.319292000e-03,5.752200000e-05,3.472942000e-03,3.132954979e-03,2.962975979e-03,2.918511000e-03,214.203091,226.491421,226.491421,3.410879970e-04,5.801599845e-05,2.742670998e-03,column,1,3.299022000e-03,203.420480
cuda_warp(blk128)(xcol),double,global,global,4096,4096,20,8,4,2,18,1.478370000e-04,3.353015000e-03,5.719700000e-05,3.502730000e-03,3.118577991e-03,2.929311991e-03,3.002031010e-03,215.190591,229.094286,229.094286,3.417280018e-04,5.827200040e-05,2.795695007e-03,column,1,3.296798000e-03,203.557707
cuda_warp(blk128)(xcol),double,global,global,4096,4096,20,8,4,2,19,1.152360000e-04,3.319827000e-03,5.619100000e-05,3.468613000e-03,3.100516912e-03,2.931711912e-03,2.931379003e-03,216.444115,228.906748,228.906748,3.328320086e-04,4.806400090e-05,2.770483004e-03,column,1,3.296937000e-03,203.549125
cuda_warp(blk128)(xcol),double,global,global,4096,4096,20,8,4,2,20,1.183750000e-04,3.312820000e-03,6.262500000e-05,3.477716000e-03,3.145351892e-03,2.964351892e-03,2.926612002e-03,213.358843,226.386294,226.386294,3.280319870e-04,6.697600335e-05,2.768019998e-03,column,1,3.296374000e-03,203.583889
cuda_warp(blk128)(xcol),double,global,global,4096,4096,32,8,4,2,1,1.980370000e-04,4.749156000e-03,9.466200000e-05,5.014371000e-03,4.325080164e-03,4.099840164e-03,4.213864985e-03,248.259404,261.898460,261.898460,5.304960012e-04,6.748799980e-05,3.946664992e-03,column,1,4.721403000e-03,227.420075
cuda_warp(blk128)(xcol),double,global,global,4096,4096,32,8,4,2,2,1.792370000e-04,4.730770000e-03,9.416400000e-05,4.992973000e-03,4.314606887e-03,4.094719887e-03,4.189534981e-03,248.862029,262.225953,262.225953,5.309119821e-04,6.668800116e-05,3.938558978e-03,column,1,4.710704000e-03,227.936594
cuda_warp(blk128)(xcol),double,global,global,4096,4096,32,8,4,2,3,1.774820000e-04,4.723224000e-03,9.516100000e-05,4.989918000e-03,4.321805916e-03,4.095583916e-03,4.190038005e-03,248.447488,262.170632,262.170632,5.337600112e-04,6.896000355e-05,3.926710008e-03,column,1,4.716754000e-03,227.644228
cuda_warp(blk128)(xcol),double,global,global,4096,4096,32,8,4,2,4,1.996770000e-04,4.738227000e-03,9.351000000e-05,5.008001000e-03,4.328881957e-03,4.099967957e-03,4.199726012e-03,248.041373,261.890297,261.890297,5.244799852e-04,6.902399659e-05,3.942254011e-03,column,1,4.714752000e-03,227.740892
cuda_warp(blk128)(xcol),double,global,global,4096,4096,32,8,4,2,5,1.878280000e-04,4.748090000e-03,8.992200000e-05,4.994715000e-03,4.316053206e-03,4.099520206e-03,4.201788977e-03,248.778635,261.918900,261.918900,5.335040092e-04,6.441599876e-05,3.946684979e-03,column,1,4.716220000e-03,227.670004
cuda_warp(blk128)(xcol),double,global,global,4096,4096,32,8,4,2,6,2.049460000e-04,4.739110000e-03,9.558800000e-05,5.009564000e-03,4.325259047e-03,4.101088047e-03,4.199533012e-03,248.249137,261.818769,261.818769,5.256000161e-04,6.652799994e-05,3.944813009e-03,column,1,4.707929000e-03,228.070947
cuda_warp(blk128)(xcol),double,global,global,4096,4096,32,8,4,2,7,2.051250000e-04,4.744776000e-03,9.368600000e-05,5.012365000e-03,4.321887925e-03,4.095871925e-03,4.208675026e-03,248.442774,262.152197,262.152197,5.409600139e-04,6.572800130e-05,3.956387023e-03,column,1,4.713376000e-03,227.807377
cuda_warp(blk128)(xcol),double,global,global,4096,4096,32,8,4,2,8,2.528750000e-04,4.781610000e-03,9.364700000e-05,5.048670000e-03,4.366432042e-03,4.140480042e-03,4.241221977e-03,245.908287,259.327859,259.327859,5.268480182e-04,6.441599876e-05,3.991205977e-03,column,1,4.701485000e-03,228.383548
cuda_warp(blk128)(xcol),double,global,global,4096,4096,32,8,4,2,9,1.980710000e-04,4.743100000e-03,8.994900000e-05,4.999526000e-03,4.311928134e-03,4.091040134e-03,4.207378020e-03,249.016633,262.461816,262.461816,5.372480154e-04,6.719999760e-05,3.946546016e-03,column,1,4.711114000e-03,227.916757
cuda_warp(blk128)(xcol),double,global,global,4096,4096,32,8,4,2,10,2.545690000e-04,4.788671000e-03,9.335800000e-05,5.045191000e-03,4.361948186e-03,4.144800186e-03,4.245557997e-03,246.161068,259.057560,259.057560,5.233280063e-04,6.864000112e-05,3.991830002e-03,column,1,4.696311000e-03,228.635162
cuda_warp(blk128)(xcol),double,global,global,4096,4096,32,8,4,2,11,1.955450000e-04,4.767434000e-03,9.716400000e-05,5.001395000e-03,4.325499867e-03,4.094143867e-03,4.196669976e-03,248.235315,262.262846,262.262846,5.286399722e-04,6.768000126e-05,3.933981980e-03,column,1,4.708456000e-03,228.045420
cuda_warp(blk128)(xcol),double,global,global,4096,4096,32,8,4,2,12,2.271750000e-04,4.777507000e-03,9.632100000e-05,5.032630000e-03,4.306532817e-03,4.089471817e-03,4.238700027e-03,249.328606,262.562471,262.562471,5.322560072e-04,6.534399837e-05,3.988492033e-03,column,1,4.708432000e-03,228.046582
cuda_warp(blk128)(xcol),double,global,global,4096,4096,32,8,4,2,13,1.866740000e-04,4.732363000e-03,9.384700000e-05,4.987995000e-03,4.315757928e-03,4.099103928e-03,4.197001993e-03,248.795656,261.945499,261.945499,5.252159834e-04,6.543999910e-05,3.936041988e-03,column,1,4.706532000e-03,228.138643
cuda_warp(blk128)(xcol),double,global,global,4096,4096,32,8,4,2,14,1.817760000e-04,4.726544000e-03,1.078780000e-04,4.991755000e-03,4.312036223e-03,4.088928223e-03,4.187336012e-03,249.010391,262.597377,262.597377,5.322880149e-04,6.723199785e-05,3.931496008e-03,column,1,4.701961000e-03,228.360427
cuda_warp(blk128)(xcol),double,global,global,4096,4096,32,8,4,2,15,2.184100000e-04,4.766906000e-03,9.569800000e-05,5.026179000e-03,4.554916068e-03,4.340640068e-03,4.234007986e-03,235.732516,247.369468,247.369468,5.377920270e-04,6.607999653e-05,3.974487980e-03,column,1,4.711552000e-03,227.895569
cuda_warp(blk128)(xcol),double,global,global,4096,4096,32,8,4,2,16,2.119800000e-04,4.957828000e-03,8.966600000e-05,5.206867000e-03,4.696398026e-03,4.394752026e-03,4.237540021e-03,228.630925,244.323643,244.323643,5.298879743e-04,6.601600349e-05,3.982980024e-03,column,1,4.904824000e-03,218.915464
cuda_warp(blk128)(xcol),double,global,global,4096,4096,32,8,4,2,17,1.896230000e-04,4.750238000e-03,9.281500000e-05,4.998611000e-03,4.303304079e-03,4.092544079e-03,4.211419995e-03,249.515675,262.365366,262.365366,5.330560207e-04,6.668800116e-05,3.955835997e-03,column,1,4.716321000e-03,227.665128
cuda_warp(blk128)(xcol),double,global,global,4096,4096,32,8,4,2,18,1.706040000e-04,4.712131000e-03,9.372700000e-05,4.966171000e-03,4.305908994e-03,4.093183994e-03,4.179117001e-03,249.364728,262.324348,262.324348,5.256320238e-04,6.604799628e-05,3.926636997e-03,column,1,4.701465000e-03,228.384519
cuda_warp(blk128)(xcol),double,global,global,4096,4096,32,8,4,2,19,1.999840000e-04,4.746155000e-03,9.291500000e-05,5.003096000e-03,4.659990033e-03,4.445600033e-03,4.258692992e-03,230.417193,241.529111,241.529111,5.373119712e-04,6.627199799e-05,3.957476986e-03,column,1,4.709736000e-03,227.983442
cuda_warp(blk128)(xcol),double,global,global,4096,4096,32,8,4,2,20,2.467410000e-04,4.783529000e-03,9.788500000e-05,5.051960000e-03,4.327623780e-03,4.104191780e-03,4.245092025e-03,248.113486,261.620773,261.620773,5.227519870e-04,6.614399701e-05,3.991364031e-03,column,1,4.706805000e-03,228.125411
cuda_warp(blk128)(xcol),double,global,global,4096,4096,3,8,8,1,1,5.252400000e-05,1.249034000e-03,2.907000000e-06,1.278372000e-03,1.131524052e-03,1.076320052e-03,1.094106006e-03,88.962577,93.525430,93.525430,1.273919940e-04,2.057600021e-05,1.020730006e-03,column,1,1.221867000e-03,82.384823
cuda_warp(blk128)(xcol),double,global,global,4096,4096,3,8,8,1,2,4.819500000e-05,1.258192000e-03,3.037000000e-06,1.271875000e-03,1.140606019e-03,1.089568019e-03,1.091138002e-03,88.254221,92.388262,92.388262,1.234880015e-04,1.897599921e-05,1.024834000e-03,column,1,1.219649000e-03,82.534644
cuda_warp(blk128)(xcol),double,global,global,4096,4096,3,8,8,1,3,5.055000000e-05,1.245715000e-03,2.851000000e-06,1.283344000e-03,1.144127958e-03,1.091295958e-03,1.095565007e-03,87.982551,92.241976,92.241976,1.323840022e-04,2.256000042e-05,1.023117006e-03,column,1,1.229270000e-03,81.888679
cuda_warp(blk128)(xcol),double,global,global,4096,4096,3,8,8,1,4,5.092000000e-05,1.335852000e-03,2.807000000e-06,1.367334000e-03,1.206562958e-03,1.155007958e-03,1.129713007e-03,83.429791,87.153768,87.153768,1.324799955e-04,2.259200066e-05,1.025649005e-03,column,1,1.312974000e-03,76.668156
cuda_warp(blk128)(xcol),double,global,global,4096,4096,3,8,8,1,5,5.016700000e-05,1.238066000e-03,2.838000000e-06,1.275806000e-03,1.130217994e-03,1.093183994e-03,1.166622999e-03,89.065381,92.082665,92.082665,1.309760064e-04,1.913600042e-05,1.028190995e-03,column,1,1.221771000e-03,82.391296
cuda_warp(blk128)(xcol),double,global,global,4096,4096,3,8,8,1,6,5.157000000e-05,1.239888000e-03,2.956000000e-06,1.283784000e-03,1.128746014e-03,1.075168014e-03,1.100136001e-03,89.181530,93.625642,93.625642,1.282880008e-04,2.047999948e-05,1.027751999e-03,column,1,1.228371000e-03,81.948610
cuda_warp(blk128)(xcol),double,global,global,4096,4096,3,8,8,1,7,4.985000000e-05,1.321736000e-03,2.722000000e-06,1.364757000e-03,1.198990016e-03,1.150784016e-03,1.129880007e-03,83.956742,87.473665,87.473665,1.353919953e-04,2.422400005e-05,1.022072004e-03,column,1,1.311246000e-03,76.769192
cuda_warp(blk128)(xcol),double,global,global,4096,4096,3,8,8,1,8,5.277600000e-05,1.232852000e-03,2.788000000e-06,1.278325000e-03,1.119318049e-03,1.067136049e-03,1.088541995e-03,89.932701,94.330330,94.330330,1.333439946e-04,2.169599943e-05,1.020957997e-03,column,1,1.221950000e-03,82.379227
cuda_warp(blk128)(xcol),double,global,global,4096,4096,3,8,8,1,9,5.199900000e-05,1.252033000e-03,3.024000000e-06,1.282293000e-03,1.129265960e-03,1.075935960e-03,1.107393001e-03,89.140468,93.558817,93.558817,1.240959987e-04,2.153600007e-05,1.046337002e-03,column,1,1.223910000e-03,82.247302
cuda_warp(blk128)(xcol),double,global,global,4096,4096,3,8,8,1,10,5.851600000e-05,1.259334000e-03,2.886000000e-06,1.283844000e-03,1.166336948e-03,1.105631948e-03,1.160027000e-03,86.307217,91.045936,91.045936,1.245760024e-04,2.025599964e-05,1.031898999e-03,column,1,1.221506000e-03,82.409170
cuda_warp(blk128)(xcol),double,global,global,4096,4096,3,8,8,1,11,4.966400000e-05,1.252261000e-03,2.939000000e-06,1.277512000e-03,1.115902046e-03,1.091168046e-03,1.163605000e-03,90.208004,92.252789,92.252789,1.329600066e-04,1.843200065e-05,1.023381002e-03,column,1,1.224392000e-03,82.214925
cuda_warp(blk128)(xcol),double,global,global,4096,4096,3,8,8,1,12,5.122000000e-05,1.322969000e-03,2.416000000e-06,1.366428000e-03,1.203199054e-03,1.153920054e-03,1.129752994e-03,83.663044,87.235936,87.235936,1.326719970e-04,2.393599972e-05,1.024568994e-03,column,1,1.312090000e-03,76.719810
cuda_warp(blk128)(xcol),double,global,global,4096,4096,3,8,8,1,13,4.977300000e-05,1.253517000e-03,2.940000000e-06,1.281473000e-03,1.119861944e-03,1.067935944e-03,1.120812995e-03,89.889023,94.259676,94.259676,1.360000074e-04,2.099199966e-05,1.053804995e-03,column,1,1.228001000e-03,81.973301
cuda_warp(blk128)(xcol),double,global,global,4096,4096,3,8,8,1,14,4.999800000e-05,1.254769000e-03,2.634000000e-06,1.275851000e-03,1.199167994e-03,1.146975994e-03,1.147056999e-03,83.944282,87.764083,87.764083,1.249279976e-04,1.964800060e-05,1.052368996e-03,column,1,1.222610000e-03,82.334756
cuda_warp(blk128)(xcol),double,global,global,4096,4096,3,8,8,1,15,4.969800000e-05,1.238173000e-03,2.798000000e-06,1.276672000e-03,1.128818031e-03,1.091104031e-03,1.163406997e-03,89.175840,92.258202,92.258202,1.323840022e-04,1.920000091e-05,1.024430999e-03,column,1,1.223824000e-03,82.253082
cuda_warp(blk128)(xcol),double,global,global,4096,4096,3,8,8,1,16,5.169800000e-05,1.320859000e-03,2.771000000e-06,1.364737000e-03,1.202209966e-03,1.152063966e-03,1.125747999e-03,83.731876,87.376482,87.376482,1.340480000e-04,2.204800025e-05,1.021235997e-03,column,1,1.309170000e-03,76.890928
cuda_warp(blk128)(xcol),double,global,global,4096,4096,3,8,8,1,17,5.042000000e-05,1.246771000e-03,3.033000000e-06,1.277495000e-03,1.105684033e-03,1.075744033e-03,1.086355998e-03,91.041648,93.575510,93.575510,1.235200018e-04,2.323199995e-05,1.022835997e-03,column,1,1.223216000e-03,82.293966
cuda_warp(blk128)(xcol),double,global,global,4096,4096,3,8,8,1,18,5.160300000e-05,1.233290000e-03,2.816000000e-06,1.273259000e-03,1.129860950e-03,1.075647950e-03,1.091463996e-03,89.093526,93.583868,93.583868,1.235840023e-04,2.060800046e-05,1.019015995e-03,column,1,1.218125000e-03,82.637903
cuda_warp(blk128)(xcol),double,global,global,4096,4096,3,8,8,1,19,4.743800000e-05,1.248241000e-03,2.908000000e-06,1.274737000e-03,1.116661040e-03,1.066848040e-03,1.078475998e-03,90.146689,94.355796,94.355796,1.381440014e-04,2.377600037e-05,1.013355999e-03,column,1,1.223905000e-03,82.247639
cuda_warp(blk128)(xcol),double,global,global,4096,4096,3,8,8,1,20,4.908800000e-05,1.240901000e-03,2.830000000e-06,1.276632000e-03,1.112389954e-03,1.061535954e-03,1.110085002e-03,90.492813,94.827967,94.827967,1.374399960e-04,2.076799981e-05,1.039941003e-03,column,1,1.224068000e-03,82.236686
cuda_warp(blk128)(xcol),double,global,global,4096,4096,6,8,8,1,1,9.966500000e-05,1.555791000e-03,5.663000000e-06,1.647579000e-03,1.374178022e-03,1.282688022e-03,1.378467003e-03,146.506922,156.956788,156.956788,2.174080014e-04,2.358400077e-05,1.285795000e-03,column,1,1.541488000e-03,130.605358
cuda_warp(blk128)(xcol),double,global,global,4096,4096,6,8,8,1,2,9.785500000e-05,1.575563000e-03,5.721000000e-06,1.641745000e-03,1.375412001e-03,1.282848001e-03,1.365357999e-03,146.375480,156.937215,156.937215,2.246080041e-04,2.217599936e-05,1.270542000e-03,column,1,1.537892000e-03,130.910748
cuda_warp(blk128)(xcol),double,global,global,4096,4096,6,8,8,1,3,9.795200000e-05,1.555963000e-03,5.672000000e-06,1.647118000e-03,1.406755984e-03,1.304095984e-03,1.371215999e-03,143.114083,154.380195,154.380195,2.171840072e-04,2.374400012e-05,1.277039998e-03,column,1,1.542808000e-03,130.493614
cuda_warp(blk128)(xcol),double,global,global,4096,4096,6,8,8,1,4,9.616600000e-05,1.558229000e-03,5.378000000e-06,1.645383000e-03,1.371898958e-03,1.285151958e-03,1.377863994e-03,146.750306,156.655865,156.655865,2.199040055e-04,2.457600087e-05,1.281831998e-03,column,1,1.543013000e-03,130.476277
cuda_warp(blk128)(xcol),double,global,global,4096,4096,6,8,8,1,5,9.597100000e-05,1.546122000e-03,5.504000000e-06,1.637961000e-03,1.403616964e-03,1.305503964e-03,1.363724002e-03,143.434140,154.213696,154.213696,2.169280052e-04,2.364799939e-05,1.266860004e-03,column,1,1.535780000e-03,131.090776
cuda_warp(blk128)(xcol),double,global,global,4096,4096,6,8,8,1,6,9.564600000e-05,1.555674000e-03,5.657000000e-06,1.640025000e-03,1.366760979e-03,1.283007979e-03,1.375763996e-03,147.301975,156.917646,156.917646,2.189439982e-04,2.319999970e-05,1.280499998e-03,column,1,1.538432000e-03,130.864797
cuda_warp(blk128)(xcol),double,global,global,4096,4096,6,8,8,1,7,1.156400000e-04,1.551359000e-03,5.752000000e-06,1.658986000e-03,1.425373007e-03,1.305184007e-03,1.370556998e-03,141.244847,154.251501,154.251501,2.165119946e-04,2.691200003e-05,1.274685000e-03,column,1,1.537141000e-03,130.974707
cuda_warp(blk128)(xcol),double,global,global,4096,4096,6,8,8,1,8,9.471500000e-05,1.558304000e-03,5.794000000e-06,1.643067000e-03,1.403443045e-03,1.304352045e-03,1.370435007e-03,143.451915,154.349888,154.349888,2.194239944e-04,2.345599979e-05,1.274499010e-03,column,1,1.542028000e-03,130.559621
cuda_warp(blk128)(xcol),double,global,global,4096,4096,6,8,8,1,9,9.365200000e-05,1.547511000e-03,5.521000000e-06,1.634849000e-03,1.400068964e-03,1.303519964e-03,1.364156005e-03,143.797625,154.448415,154.448415,2.178879976e-04,2.339199930e-05,1.269436007e-03,column,1,1.535097000e-03,131.149101
cuda_warp(blk128)(xcol),double,global,global,4096,4096,6,8,8,1,10,1.025350000e-04,1.576979000e-03,6.088000000e-06,1.651641000e-03,1.356638954e-03,1.282655954e-03,1.399364002e-03,148.401011,156.960712,156.960712,2.185599953e-04,2.473600022e-05,1.304388000e-03,column,1,1.542333000e-03,130.533803
cuda_warp(blk128)(xcol),double,global,global,4096,4096,6,8,8,1,11,9.961200000e-05,1.553141000e-03,5.674000000e-06,1.646132000e-03,1.407625032e-03,1.305536032e-03,1.374294003e-03,143.025726,154.209909,154.209909,2.181120068e-04,2.400000021e-05,1.279606005e-03,column,1,1.540279000e-03,130.707873
cuda_warp(blk128)(xcol),double,global,global,4096,4096,6,8,8,1,12,9.451500000e-05,1.560469000e-03,5.471000000e-06,1.645841000e-03,1.379803957e-03,1.285887957e-03,1.386261000e-03,145.909563,156.566201,156.566201,2.161920071e-04,2.339199930e-05,1.292245001e-03,column,1,1.545311000e-03,130.282249
cuda_warp(blk128)(xcol),double,global,global,4096,4096,6,8,8,1,13,9.462300000e-05,1.559370000e-03,5.383000000e-06,1.643450000e-03,1.404922032e-03,1.305536032e-03,1.370201007e-03,143.300900,154.209909,154.209909,2.166080028e-04,2.185600065e-05,1.275705008e-03,column,1,1.542790000e-03,130.495137
cuda_warp(blk128)(xcol),double,global,global,4096,4096,6,8,8,1,14,9.783600000e-05,1.568509000e-03,5.636000000e-06,1.651946000e-03,1.409801032e-03,1.307520032e-03,1.381582001e-03,142.804969,153.975914,153.975914,2.195840031e-04,2.400000021e-05,1.285166004e-03,column,1,1.547744000e-03,130.077450
cuda_warp(blk128)(xcol),double,global,global,4096,4096,6,8,8,1,15,9.438300000e-05,1.558936000e-03,5.726000000e-06,1.641623000e-03,1.403035958e-03,1.303743958e-03,1.369426998e-03,143.493537,154.421879,154.421879,2.178560048e-04,2.377600037e-05,1.273171001e-03,column,1,1.541180000e-03,130.631459
cuda_warp(blk128)(xcol),double,global,global,4096,4096,6,8,8,1,16,9.601800000e-05,1.555943000e-03,5.588000000e-06,1.639361000e-03,1.400389953e-03,1.303967953e-03,1.366132994e-03,143.764665,154.395353,154.395353,2.197120041e-04,2.348800004e-05,1.270324997e-03,column,1,1.537493000e-03,130.944721
cuda_warp(blk128)(xcol),double,global,global,4096,4096,6,8,8,1,17,9.389100000e-05,1.547828000e-03,5.589000000e-06,1.637921000e-03,1.399833989e-03,1.303871989e-03,1.367628999e-03,143.821763,154.406716,154.406716,2.172479928e-04,2.496000007e-05,1.271596996e-03,column,1,1.538109000e-03,130.892279
cuda_warp(blk128)(xcol),double,global,global,4096,4096,6,8,8,1,18,9.729700000e-05,1.551406000e-03,5.805000000e-06,1.641471000e-03,1.408503001e-03,1.307392001e-03,1.368830005e-03,142.936573,153.990993,153.990993,2.162880003e-04,2.441599965e-05,1.275774000e-03,column,1,1.537992000e-03,130.902236
cuda_warp(blk128)(xcol),double,global,global,4096,4096,6,8,8,1,19,1.117700000e-04,1.556667000e-03,5.705000000e-06,1.659803000e-03,1.384671052e-03,1.282816052e-03,1.381045006e-03,145.396693,156.941123,156.941123,2.159679979e-04,2.323199995e-05,1.288725007e-03,column,1,1.541390000e-03,130.613662
cuda_warp(blk128)(xcol),double,global,global,4096,4096,6,8,8,1,20,9.410100000e-05,1.564156000e-03,5.741000000e-06,1.638290000e-03,1.378577051e-03,1.283552051e-03,1.369043998e-03,146.039419,156.851132,156.851132,2.275200039e-04,2.563199960e-05,1.273812001e-03,column,1,1.537722000e-03,130.925221
cuda_warp(blk128)(xcol),double,global,global,4096,4096,8,8,8,1,1,1.256580000e-04,1.806324000e-03,7.931000000e-06,1.927794000e-03,1.594750949e-03,1.472767949e-03,1.603120004e-03,168.324375,182.265954,182.265954,2.763519883e-04,2.748800069e-05,1.476784003e-03,column,1,1.793905000e-03,149.637498
cuda_warp(blk128)(xcol),double,global,global,4096,4096,8,8,8,1,2,1.263070000e-04,1.832073000e-03,7.854000000e-06,1.927828000e-03,1.755496051e-03,1.634816051e-03,1.596737004e-03,152.911455,164.199181,164.199181,2.855040133e-04,2.473600022e-05,1.477089004e-03,column,1,1.793156000e-03,149.700002
cuda_warp(blk128)(xcol),double,global,global,4096,4096,8,8,8,1,3,1.274350000e-04,1.805922000e-03,7.654000000e-06,1.927736000e-03,1.606024030e-03,1.471616030e-03,1.598027995e-03,167.142864,182.408625,182.408625,2.853760123e-04,2.601600066e-05,1.472875991e-03,column,1,1.792499000e-03,149.754871
cuda_warp(blk128)(xcol),double,global,global,4096,4096,8,8,8,1,4,1.292390000e-04,1.805379000e-03,7.287000000e-06,1.927286000e-03,1.593257049e-03,1.472192049e-03,1.602127006e-03,168.482202,182.337254,182.337254,2.789120078e-04,2.800000086e-05,1.473071004e-03,column,1,1.789544000e-03,150.002155
cuda_warp(blk128)(xcol),double,global,global,4096,4096,8,8,8,1,5,1.251140000e-04,1.808006000e-03,7.602000000e-06,1.922926000e-03,1.625050013e-03,1.492864013e-03,1.595678999e-03,165.185966,179.812397,179.812397,2.948800027e-04,2.419199981e-05,1.475166999e-03,column,1,1.789543000e-03,150.002239
cuda_warp(blk128)(xcol),double,global,global,4096,4096,8,8,8,1,6,1.251900000e-04,1.815799000e-03,7.936000000e-06,1.927733000e-03,1.602871985e-03,1.470687985e-03,1.599965002e-03,167.471550,182.523729,182.523729,2.888639867e-04,2.915200032e-05,1.468157002e-03,column,1,1.794743000e-03,149.567629
cuda_warp(blk128)(xcol),double,global,global,4096,4096,8,8,8,1,7,1.237550000e-04,1.799377000e-03,7.729000000e-06,1.916217000e-03,1.587479951e-03,1.472031951e-03,1.592555993e-03,169.095336,182.357085,182.357085,2.752960026e-04,2.796800062e-05,1.466347990e-03,column,1,1.783881000e-03,150.478342
cuda_warp(blk128)(xcol),double,global,global,4096,4096,8,8,8,1,8,1.236250000e-04,1.806121000e-03,7.983000000e-06,1.928609000e-03,1.595121040e-03,1.473888040e-03,1.607979001e-03,168.285321,182.127440,182.127440,2.811839879e-04,2.816000022e-05,1.476491004e-03,column,1,1.796390000e-03,149.430500
cuda_warp(blk128)(xcol),double,global,global,4096,4096,8,8,8,1,9,1.225200000e-04,1.804793000e-03,7.899000000e-06,1.920942000e-03,1.763802025e-03,1.634464025e-03,1.595076002e-03,152.191375,164.234545,164.234545,2.770240009e-04,2.940800041e-05,1.469252005e-03,column,1,1.789756000e-03,149.984387
cuda_warp(blk128)(xcol),double,global,global,4096,4096,8,8,8,1,10,1.293430000e-04,1.833172000e-03,7.460000000e-06,1.934719000e-03,1.607358987e-03,1.471935987e-03,1.665172002e-03,167.004047,182.368974,182.368974,2.814719975e-04,2.912000008e-05,1.507540007e-03,column,1,1.796593000e-03,149.413616
cuda_warp(blk128)(xcol),double,global,global,4096,4096,8,8,8,1,11,1.252670000e-04,1.798590000e-03,7.461000000e-06,1.914842000e-03,1.586374964e-03,1.470847964e-03,1.595321003e-03,169.213119,182.503877,182.503877,2.745279968e-04,2.883199975e-05,1.469817005e-03,column,1,1.781433000e-03,150.685126
cuda_warp(blk128)(xcol),double,global,global,4096,4096,8,8,8,1,12,1.661990000e-04,1.812212000e-03,7.474000000e-06,1.971049000e-03,1.636245951e-03,1.472031951e-03,1.602368996e-03,164.055688,182.357085,182.357085,2.858879864e-04,2.774400078e-05,1.469536992e-03,column,1,1.796225000e-03,149.444227
cuda_warp(blk128)(xcol),double,global,global,4096,4096,8,8,8,1,13,1.247190000e-04,1.808656000e-03,7.450000000e-06,1.921599000e-03,1.598239016e-03,1.470816016e-03,1.600158994e-03,167.957016,182.507841,182.507841,2.841599882e-04,2.883199975e-05,1.473342993e-03,column,1,1.789271000e-03,150.025041
cuda_warp(blk128)(xcol),double,global,global,4096,4096,8,8,8,1,14,1.223960000e-04,1.812170000e-03,7.608000000e-06,1.921690000e-03,1.761117975e-03,1.633759975e-03,1.595461996e-03,152.423324,164.305320,164.305320,2.820799947e-04,2.816000022e-05,1.465253994e-03,column,1,1.790542000e-03,149.918548
cuda_warp(blk128)(xcol),double,global,global,4096,4096,8,8,8,1,15,1.362670000e-04,1.819058000e-03,7.486000000e-06,1.930905000e-03,1.583005039e-03,1.471904039e-03,1.596050999e-03,169.573343,182.372932,182.372932,2.744959891e-04,2.902399935e-05,1.470387002e-03,column,1,1.786645000e-03,150.245547
cuda_warp(blk128)(xcol),double,global,global,4096,4096,8,8,8,1,16,1.257330000e-04,1.810040000e-03,7.331000000e-06,1.924204000e-03,1.584128047e-03,1.470944047e-03,1.602852006e-03,169.453130,182.491956,182.491956,2.800320089e-04,2.921600081e-05,1.471780005e-03,column,1,1.790487000e-03,149.923153
cuda_warp(blk128)(xcol),double,global,global,4096,4096,8,8,8,1,17,1.334700000e-04,1.815834000e-03,7.292000000e-06,1.931871000e-03,1.775559980e-03,1.660799980e-03,1.630191993e-03,151.183547,161.630214,161.630214,2.770560086e-04,2.438399941e-05,1.485711991e-03,column,1,1.789933000e-03,149.969555
cuda_warp(blk128)(xcol),double,global,global,4096,4096,8,8,8,1,18,1.266660000e-04,1.813975000e-03,7.535000000e-06,1.927514000e-03,1.583909057e-03,1.471232057e-03,1.596371994e-03,169.476559,182.456231,182.456231,2.800320089e-04,2.864000015e-05,1.465683992e-03,column,1,1.792114000e-03,149.787043
cuda_warp(blk128)(xcol),double,global,global,4096,4096,8,8,8,1,19,1.256230000e-04,1.809167000e-03,7.496000000e-06,1.925728000e-03,1.602156959e-03,1.471071959e-03,1.598609996e-03,167.546291,182.476088,182.476088,2.862719893e-04,3.023999929e-05,1.468050000e-03,column,1,1.792213000e-03,149.778768
cuda_warp(blk128)(xcol),double,global,global,4096,4096,8,8,8,1,20,1.239160000e-04,1.800378000e-03,7.477000000e-06,1.921628000e-03,1.593145955e-03,1.472543955e-03,1.597265001e-03,168.493951,182.293680,182.293680,2.800320089e-04,2.598400041e-05,1.475121002e-03,column,1,1.789697000e-03,149.989331
cuda_warp(blk128)(xcol),double,global,global,4096,4096,20,8,8,1,1,3.593610000e-04,3.226999000e-03,1.962900000e-05,3.590507000e-03,2.882752893e-03,2.509471893e-03,2.878595988e-03,232.794369,267.422258,267.422258,6.475840211e-04,5.561599880e-05,2.580739993e-03,column,1,3.210879000e-03,209.004650
cuda_warp(blk128)(xcol),double,global,global,4096,4096,20,8,8,1,2,3.368960000e-04,3.266159000e-03,1.933400000e-05,3.574910000e-03,2.846883991e-03,2.503679991e-03,2.884878986e-03,235.727428,268.040901,268.040901,6.583359838e-04,5.728000030e-05,2.588206989e-03,column,1,3.217876000e-03,208.550187
cuda_warp(blk128)(xcol),double,global,global,4096,4096,20,8,8,1,3,3.562890000e-04,3.251791000e-03,1.939800000e-05,3.603685000e-03,2.878087924e-03,2.513567924e-03,2.902132009e-03,233.171695,266.986475,266.986475,6.690239906e-04,5.632000044e-05,2.591923998e-03,column,1,3.227897000e-03,207.902743
cuda_warp(blk128)(xcol),double,global,global,4096,4096,20,8,8,1,4,3.453410000e-04,3.235006000e-03,1.887400000e-05,3.583153000e-03,2.850547060e-03,2.504960060e-03,2.890668012e-03,235.424508,267.903928,267.903928,6.683840156e-04,5.203200132e-05,2.591852009e-03,column,1,3.218156000e-03,208.532041
cuda_warp(blk128)(xcol),double,global,global,4096,4096,20,8,8,1,5,3.376500000e-04,3.232909000e-03,1.932400000e-05,3.571412000e-03,2.855077946e-03,2.500767946e-03,2.885531996e-03,235.050900,268.353024,268.353024,6.630079746e-04,4.620800167e-05,2.590683993e-03,column,1,3.214508000e-03,208.768695
cuda_warp(blk128)(xcol),double,global,global,4096,4096,20,8,8,1,6,3.558660000e-04,3.255822000e-03,1.955700000e-05,3.590261000e-03,2.870081028e-03,2.509536028e-03,2.883574992e-03,233.822193,267.415424,267.415424,6.482880116e-04,5.100800097e-05,2.590966984e-03,column,1,3.214164000e-03,208.791039
cuda_warp(blk128)(xcol),double,global,global,4096,4096,20,8,8,1,7,3.391380000e-04,3.237005000e-03,1.976700000e-05,3.572575000e-03,2.859630987e-03,2.505151987e-03,2.881424000e-03,234.676657,267.883403,267.883403,6.540160179e-04,6.003199890e-05,2.574959995e-03,column,1,3.213469000e-03,208.836195
cuda_warp(blk128)(xcol),double,global,global,4096,4096,20,8,8,1,8,3.354860000e-04,3.219954000e-03,1.948400000e-05,3.563888000e-03,2.859518058e-03,2.505696058e-03,2.882548998e-03,234.685925,267.825237,267.825237,6.587520242e-04,5.696000159e-05,2.582260992e-03,column,1,3.208414000e-03,209.165226
cuda_warp(blk128)(xcol),double,global,global,4096,4096,20,8,8,1,9,3.312060000e-04,3.242172000e-03,1.948700000e-05,3.569889000e-03,2.866464996e-03,2.518079996e-03,2.913372007e-03,234.117159,266.508070,266.508070,6.629440188e-04,5.071999878e-05,2.618908008e-03,column,1,3.218614000e-03,208.502368
cuda_warp(blk128)(xcol),double,global,global,4096,4096,20,8,8,1,10,3.513490000e-04,3.265251000e-03,2.005700000e-05,3.579602000e-03,2.869416999e-03,2.504703999e-03,2.895026012e-03,233.876303,267.931317,267.931317,6.570879817e-04,5.404800177e-05,2.597106008e-03,column,1,3.207716000e-03,209.210741
cuda_warp(blk128)(xcol),double,global,global,4096,4096,20,8,8,1,11,3.466510000e-04,3.324086000e-03,2.115100000e-05,3.677810000e-03,3.316705055e-03,2.953376055e-03,3.003722007e-03,202.335942,227.227630,227.227630,6.594240069e-04,3.107200004e-05,2.607114010e-03,column,1,3.309597000e-03,202.770500
cuda_warp(blk128)(xcol),double,global,global,4096,4096,20,8,8,1,12,3.388760000e-04,3.421597000e-03,1.914500000e-05,3.757553000e-03,3.292160089e-03,2.935424089e-03,3.129532989e-03,203.844473,228.617269,228.617269,6.560000181e-04,3.385600075e-05,2.625628983e-03,column,1,3.398547000e-03,197.463398
cuda_warp(blk128)(xcol),double,global,global,4096,4096,20,8,8,1,13,3.438740000e-04,3.310296000e-03,1.903700000e-05,3.657216000e-03,3.293482012e-03,2.949728012e-03,2.989142013e-03,203.762655,227.508651,227.508651,6.516479850e-04,3.331200033e-05,2.599894004e-03,column,1,3.293802000e-03,203.742860
cuda_warp(blk128)(xcol),double,global,global,4096,4096,20,8,8,1,14,3.443010000e-04,3.232856000e-03,2.011100000e-05,3.579502000e-03,2.865020976e-03,2.505599976e-03,2.884409994e-03,234.235158,267.835507,267.835507,6.563199759e-04,5.020799860e-05,2.585497995e-03,column,1,3.214571000e-03,208.764603
cuda_warp(blk128)(xcol),double,global,global,4096,4096,20,8,8,1,15,3.342100000e-04,3.250115000e-03,1.983900000e-05,3.568321000e-03,2.857832924e-03,2.505631924e-03,2.885246986e-03,234.824308,267.832092,267.832092,6.550719738e-04,4.764800146e-05,2.589502980e-03,column,1,3.213961000e-03,208.804226
cuda_warp(blk128)(xcol),double,global,global,4096,4096,20,8,8,1,16,3.283380000e-04,3.233137000e-03,1.994500000e-05,3.547625000e-03,2.851935968e-03,2.504575968e-03,2.871467996e-03,235.309855,267.945013,267.945013,6.535680294e-04,5.503999814e-05,2.581227995e-03,column,1,3.199088000e-03,209.774986
cuda_warp(blk128)(xcol),double,global,global,4096,4096,20,8,8,1,17,3.384530000e-04,3.420170000e-03,1.984000000e-05,3.747507000e-03,3.277278113e-03,2.925856113e-03,3.103763000e-03,204.770122,229.364881,229.364881,6.495680213e-04,3.232000023e-05,2.605555012e-03,column,1,3.388314000e-03,198.059755
cuda_warp(blk128)(xcol),double,global,global,4096,4096,20,8,8,1,18,3.338520000e-04,3.248000000e-03,1.940100000e-05,3.557091000e-03,2.854764081e-03,2.504800081e-03,2.875404004e-03,235.076742,267.921039,267.921039,6.488639712e-04,4.067200050e-05,2.590283998e-03,column,1,3.203609000e-03,209.478947
cuda_warp(blk128)(xcol),double,global,global,4096,4096,20,8,8,1,19,3.331950000e-04,3.303664000e-03,1.941500000e-05,3.644736000e-03,3.295497108e-03,2.944672108e-03,3.000368000e-03,203.638061,227.899276,227.899276,6.564800143e-04,3.270399943e-05,2.614447997e-03,column,1,3.291417000e-03,203.890495
cuda_warp(blk128)(xcol),double,global,global,4096,4096,20,8,8,1,20,3.369530000e-04,3.307552000e-03,1.981900000e-05,3.645809000e-03,3.283966075e-03,2.949248075e-03,2.983935008e-03,204.353098,227.545674,227.545674,6.468160152e-04,3.254399821e-05,2.593758999e-03,column,1,3.288458000e-03,204.073958
cuda_warp(blk128)(xcol),double,global,global,4096,4096,32,8,8,1,1,6.010620000e-04,5.115155000e-03,3.158500000e-05,5.707255000e-03,4.579841115e-03,3.962304115e-03,4.497077988e-03,234.449580,270.989251,270.989251,1.054239988e-03,4.998400062e-05,3.764629983e-03,column,1,5.073424000e-03,211.640467
cuda_warp(blk128)(xcol),double,global,global,4096,4096,32,8,8,1,2,5.746570000e-04,4.781577000e-03,3.157500000e-05,5.300610000e-03,4.359274036e-03,3.770848036e-03,4.225413008e-03,246.312073,284.748103,284.748103,1.045279980e-03,5.020799860e-05,3.768773007e-03,column,1,4.694022000e-03,228.746654
cuda_warp(blk128)(xcol),double,global,global,4096,4096,32,8,8,1,3,5.682470000e-04,4.714916000e-03,3.172700000e-05,5.293414000e-03,4.356028993e-03,3.767199993e-03,4.225848997e-03,246.495564,285.023844,285.023844,1.040608048e-03,4.870399833e-05,3.767960989e-03,column,1,4.692785000e-03,228.806950
cuda_warp(blk128)(xcol),double,global,global,4096,4096,32,8,8,1,4,5.592350000e-04,4.812816000e-03,3.098300000e-05,5.373288000e-03,4.812384081e-03,4.223936081e-03,4.221928013e-03,223.120559,254.204089,254.204089,1.046975970e-03,5.894400179e-05,3.748872009e-03,column,1,4.782463000e-03,224.516494
cuda_warp(blk128)(xcol),double,global,global,4096,4096,32,8,8,1,5,5.654390000e-04,4.724884000e-03,3.070000000e-05,5.277254000e-03,4.332773972e-03,3.746783972e-03,4.225540007e-03,247.818564,286.576924,286.576924,1.052127957e-03,5.779200047e-05,3.749444011e-03,column,1,4.680502000e-03,229.407406
cuda_warp(blk128)(xcol),double,global,global,4096,4096,32,8,8,1,6,5.756370000e-04,4.707210000e-03,3.137700000e-05,5.291443000e-03,4.352648092e-03,3.756704092e-03,4.222065994e-03,246.687029,285.820176,285.820176,1.049440026e-03,5.030399933e-05,3.759538000e-03,column,1,4.684239000e-03,229.224389
cuda_warp(blk128)(xcol),double,global,global,4096,4096,32,8,8,1,7,5.856100000e-04,4.717467000e-03,3.083100000e-05,5.305889000e-03,4.369170043e-03,3.767904043e-03,4.223016992e-03,245.754185,284.970586,284.970586,1.040544033e-03,4.716800153e-05,3.771400992e-03,column,1,4.688675000e-03,229.007518
cuda_warp(blk128)(xcol),double,global,global,4096,4096,32,8,8,1,8,5.935650000e-04,4.698177000e-03,3.218600000e-05,5.305291000e-03,4.374318061e-03,3.756576061e-03,4.216476010e-03,245.464964,285.829917,285.829917,1.039935946e-03,4.752000049e-05,3.760604022e-03,column,1,4.678896000e-03,229.486149
cuda_warp(blk128)(xcol),double,global,global,4096,4096,32,8,8,1,9,5.670830000e-04,4.718887000e-03,3.120500000e-05,5.290816000e-03,4.351311978e-03,3.765151978e-03,4.227787009e-03,246.762776,285.178880,285.178880,1.043712020e-03,5.206400156e-05,3.765387020e-03,column,1,4.692725000e-03,228.809876
cuda_warp(blk128)(xcol),double,global,global,4096,4096,32,8,8,1,10,5.579640000e-04,4.946804000e-03,3.095300000e-05,5.465993000e-03,4.416339956e-03,3.839679956e-03,4.402664008e-03,243.129341,279.643573,279.643573,1.065951943e-03,5.001600087e-05,3.765511988e-03,column,1,4.876159000e-03,220.202381
cuda_warp(blk128)(xcol),double,global,global,4096,4096,32,8,8,1,11,5.917120000e-04,4.703749000e-03,3.216900000e-05,5.310148000e-03,4.373677996e-03,3.757791996e-03,4.222089006e-03,245.500886,285.737429,285.737429,1.044064045e-03,5.001600087e-05,3.759625016e-03,column,1,4.685736000e-03,229.151157
cuda_warp(blk128)(xcol),double,global,global,4096,4096,32,8,8,1,12,5.557700000e-04,4.844078000e-03,3.130700000e-05,5.385945000e-03,4.818327967e-03,4.236351967e-03,4.224224990e-03,222.845317,253.459069,253.459069,1.059967995e-03,5.817599967e-05,3.749568985e-03,column,1,4.798061000e-03,223.786614
cuda_warp(blk128)(xcol),double,global,global,4096,4096,32,8,8,1,13,5.758370000e-04,4.694233000e-03,3.124100000e-05,5.285245000e-03,4.358507929e-03,3.759743929e-03,4.215140002e-03,246.355368,285.589084,285.589084,1.050816059e-03,6.614399701e-05,3.742692003e-03,column,1,4.677863000e-03,229.536826
cuda_warp(blk128)(xcol),double,global,global,4096,4096,32,8,8,1,14,5.708040000e-04,4.721776000e-03,3.118700000e-05,5.286282000e-03,4.356947048e-03,3.761728048e-03,4.214852013e-03,246.443625,285.438450,285.438450,1.051552057e-03,5.999999866e-05,3.748324018e-03,column,1,4.683941000e-03,229.238973
cuda_warp(blk128)(xcol),double,global,global,4096,4096,32,8,8,1,15,5.806380000e-04,5.090232000e-03,3.286600000e-05,5.682716000e-03,4.564131028e-03,3.955744028e-03,4.579896012e-03,235.256573,271.438651,271.438651,1.053120017e-03,5.081599951e-05,3.759096006e-03,column,1,5.068581000e-03,211.842688
cuda_warp(blk128)(xcol),double,global,global,4096,4096,32,8,8,1,16,5.738250000e-04,4.717593000e-03,3.047100000e-05,5.292264000e-03,4.354563082e-03,3.756416082e-03,4.221096997e-03,246.578544,285.842090,285.842090,1.045375943e-03,4.873599857e-05,3.761224997e-03,column,1,4.686543000e-03,229.111698
cuda_warp(blk128)(xcol),double,global,global,4096,4096,32,8,8,1,17,5.672600000e-04,5.073425000e-03,3.087900000e-05,5.649198000e-03,4.709560876e-03,4.119711876e-03,4.307777017e-03,227.991919,260.635175,260.635175,1.059584022e-03,4.796800017e-05,3.753217033e-03,column,1,5.050469000e-03,212.602399
cuda_warp(blk128)(xcol),double,global,global,4096,4096,32,8,8,1,18,5.621100000e-04,4.694021000e-03,3.097600000e-05,5.271454000e-03,4.346283990e-03,3.759999990e-03,4.212466010e-03,247.048243,285.569635,285.569635,1.041440010e-03,4.726399854e-05,3.759249998e-03,column,1,4.677883000e-03,229.535844
cuda_warp(blk128)(xcol),double,global,global,4096,4096,32,8,8,1,19,5.627790000e-04,4.712860000e-03,3.098400000e-05,5.282966000e-03,4.357658972e-03,3.771327972e-03,4.219796986e-03,246.403363,284.711866,284.711866,1.033439994e-03,5.056000128e-05,3.771508981e-03,column,1,4.689201000e-03,228.981830
cuda_warp(blk128)(xcol),double,global,global,4096,4096,32,8,8,1,20,5.614500000e-04,5.182862000e-03,3.282800000e-05,5.762240000e-03,4.726394855e-03,4.136479855e-03,4.681848014e-03,227.179882,259.578642,259.578642,1.059103966e-03,4.857600108e-05,3.753431997e-03,column,1,5.167314000e-03,207.794963
