kernel,scalar,a_mode,x_mode,M,N,k,P,pr,pc,rep,t_bcast_s,t_local_s,t_reduce_s,t_total_s,t_official_s,t_kernel_s,t_transfer_runtime_overhead_s,gflops,gflops_compute,gflops_kernel,t_h2d_X_s,t_d2h_Y_s,t_launch_overhead_s,x_layout,group_timing,t_local_group_s,gflops_local_group
cublas,double,global,global,4096,4096,3,8,1,8,1,3.300000000e-07,7.067420000e-03,3.565430000e-03,7.118629000e-03,4.347921997e-03,7.823359966e-04,6.288124019e-03,23.152047,128.670158,128.670158,6.231616020e-03,4.627199844e-05,2.099291051e-05,row,0,-1.000000000e+00,-1.000000
cublas,double,global,global,4096,4096,3,8,1,8,2,1.950000001e-07,7.063565000e-03,6.148395000e-03,7.140101000e-03,6.929000020e-03,7.816640139e-04,6.282701000e-03,14.527824,128.780773,128.780773,6.239007950e-03,4.243199900e-05,2.460701069e-05,row,0,-1.000000000e+00,-1.000000
cublas,double,global,global,4096,4096,3,8,1,8,3,2.390000000e-07,7.061281000e-03,3.554625000e-03,7.118645000e-03,4.336207975e-03,7.815039754e-04,6.280993019e-03,23.214591,128.807145,128.807145,6.225664139e-03,4.025600106e-05,2.595123108e-05,row,0,-1.000000000e+00,-1.000000
cublas,double,global,global,4096,4096,3,8,1,8,4,2.319999999e-07,7.055434000e-03,3.551468000e-03,7.111413000e-03,4.333565972e-03,7.819839716e-04,6.277193975e-03,23.228744,128.728081,128.728081,5.348735809e-03,3.968000039e-05,6.228425975e-03,row,0,-1.000000000e+00,-1.000000
cublas,double,global,global,4096,4096,3,8,1,8,5,1.629999999e-07,7.018715000e-03,3.549100000e-03,7.096810000e-03,4.328255987e-03,7.790719867e-04,6.241754985e-03,23.257242,129.209236,129.209236,6.201695919e-03,4.495999962e-05,2.733810815e-05,row,0,-1.000000000e+00,-1.000000
cublas,double,global,global,4096,4096,3,8,1,8,6,1.629999999e-07,7.049777000e-03,3.542922000e-03,7.107773000e-03,7.000937995e-03,6.985599995e-03,5.408381991e-03,14.378544,14.410115,14.410115,5.339007854e-03,4.176000133e-05,3.097413427e-05,row,0,-1.000000000e+00,-1.000000
cublas,double,global,global,4096,4096,3,8,1,8,7,2.459999999e-07,7.039421000e-03,3.551241000e-03,7.094831000e-03,4.329618973e-03,7.795199752e-04,6.261853017e-03,23.249920,129.134979,129.134979,6.219840050e-03,3.791999817e-05,2.657383272e-05,row,0,-1.000000000e+00,-1.000000
cublas,double,global,global,4096,4096,3,8,1,8,8,2.150000000e-07,7.041375000e-03,6.132485000e-03,7.132951000e-03,6.910844002e-03,7.792959809e-04,6.262079019e-03,14.565992,129.172097,129.172097,6.217887878e-03,3.820800036e-05,2.683799359e-05,row,0,-1.000000000e+00,-1.000000
cublas,double,global,global,4096,4096,3,8,1,8,9,1.960000000e-07,7.032707000e-03,6.125944000e-03,7.122624000e-03,6.903923000e-03,7.782719731e-04,6.254466975e-03,14.580594,129.342055,129.342055,6.204959869e-03,4.112000018e-05,2.401021941e-05,row,0,-1.000000000e+00,-1.000000
cublas,double,global,global,4096,4096,3,8,1,8,10,1.790000002e-07,7.039257000e-03,6.133590000e-03,7.114425000e-03,6.911898025e-03,7.782400250e-04,6.261016975e-03,14.563770,129.347364,129.347364,6.203264236e-03,3.996799886e-05,2.309106152e-05,row,0,-1.000000000e+00,-1.000000
cublas,double,global,global,4096,4096,3,8,1,8,11,2.699999999e-07,7.051394000e-03,3.497461000e-03,7.118742000e-03,4.274030027e-03,7.784640193e-04,6.275201991e-03,23.552314,129.310146,129.310146,6.199327946e-03,4.464000091e-05,3.123404393e-05,row,0,-1.000000000e+00,-1.000000
cublas,double,global,global,4096,4096,3,8,1,8,12,1.350000001e-07,7.047307000e-03,3.512993000e-03,7.113976000e-03,4.291062971e-03,7.785279751e-04,6.271146998e-03,23.458825,129.299523,129.299523,6.202176094e-03,3.984000161e-05,2.938690453e-05,row,0,-1.000000000e+00,-1.000000
cublas,double,global,global,4096,4096,3,8,1,8,13,2.150000000e-07,7.039797000e-03,3.552198000e-03,7.095347000e-03,4.330521025e-03,7.783359885e-04,6.262485019e-03,23.245077,129.331417,129.331417,6.206079960e-03,4.291199893e-05,2.533898797e-05,row,0,-1.000000000e+00,-1.000000
cublas,double,global,global,4096,4096,3,8,1,8,14,2.260000000e-07,7.040887000e-03,6.123952000e-03,7.116704000e-03,6.902296981e-03,7.793599963e-04,6.262390973e-03,14.584029,129.161487,129.161487,6.218495846e-03,3.932800144e-05,1.784700330e-05,row,0,-1.000000000e+00,-1.000000
cublas,double,global,global,4096,4096,3,8,1,8,15,1.800000000e-07,7.045815000e-03,3.510637000e-03,7.123779000e-03,4.287138011e-03,7.782400250e-04,6.269622991e-03,23.480302,129.347364,129.347364,6.206719875e-03,4.217600077e-05,2.482311583e-05,row,0,-1.000000000e+00,-1.000000
cublas,double,global,global,4096,4096,3,8,1,8,16,1.480000000e-07,7.038349000e-03,6.128033000e-03,7.117580000e-03,6.906153987e-03,7.794240117e-04,6.258924988e-03,14.575884,129.150879,129.150879,6.218272209e-03,4.054399952e-05,2.374905307e-05,row,0,-1.000000000e+00,-1.000000
cublas,double,global,global,4096,4096,3,8,1,8,17,2.370000001e-07,7.042692000e-03,3.549361000e-03,7.099943000e-03,4.327775981e-03,7.783039808e-04,6.265348012e-03,23.259821,129.336735,129.336735,6.203743935e-03,3.686400130e-05,2.909507580e-05,row,0,-1.000000000e+00,-1.000000
cublas,double,global,global,4096,4096,3,8,1,8,18,2.849999998e-07,7.040740000e-03,6.135832000e-03,7.118917000e-03,6.912703985e-03,7.793599963e-04,6.262275981e-03,14.562072,129.161487,129.161487,6.214623928e-03,3.830400109e-05,2.612202948e-05,row,0,-1.000000000e+00,-1.000000
cublas,double,global,global,4096,4096,3,8,1,8,19,1.780000001e-07,7.046163000e-03,3.505418000e-03,7.115519000e-03,4.282366000e-03,7.782400250e-04,6.269811012e-03,23.506467,129.347364,129.347364,6.204991817e-03,3.999999911e-05,2.718719451e-05,row,0,-1.000000000e+00,-1.000000
cublas,double,global,global,4096,4096,3,8,1,8,20,1.539999999e-07,7.043928000e-03,3.505244000e-03,7.145658000e-03,4.281776019e-03,7.785919905e-04,6.267384025e-03,23.509706,129.288892,129.288892,6.204927921e-03,4.236799851e-05,2.716010329e-05,row,0,-1.000000000e+00,-1.000000
cublas,double,global,global,4096,4096,6,8,1,8,1,3.479999999e-07,7.096840000e-03,6.210226000e-03,7.263001000e-03,6.990580981e-03,7.807360291e-04,6.316552019e-03,28.799694,257.867684,257.867684,6.244319916e-03,6.371200085e-05,2.420403621e-05,row,0,-1.000000000e+00,-1.000000
cublas,double,global,global,4096,4096,6,8,1,8,2,2.719999999e-07,7.109521000e-03,6.234860000e-03,7.292429000e-03,7.016483991e-03,7.815679908e-04,6.329296975e-03,28.693373,257.593190,257.593190,6.237760067e-03,1.027871966e-03,2.979099017e-05,row,0,-1.000000000e+00,-1.000000
cublas,double,global,global,4096,4096,6,8,1,8,3,3.179999999e-07,7.102150000e-03,4.533476000e-03,7.278782000e-03,5.312647979e-03,7.823359966e-04,6.319814003e-03,37.895715,257.340315,257.340315,6.243135929e-03,7.500799745e-05,2.302187521e-05,row,0,-1.000000000e+00,-1.000000
cublas,double,global,global,4096,4096,6,8,1,8,4,1.949999999e-07,7.104643000e-03,4.521355000e-03,7.276887000e-03,5.301776981e-03,7.809919715e-04,6.323651029e-03,37.973418,257.783177,257.783177,6.245984077e-03,7.145600021e-05,2.362992706e-05,row,0,-1.000000000e+00,-1.000000
cublas,double,global,global,4096,4096,6,8,1,8,5,2.360000000e-07,7.112830000e-03,4.527791000e-03,7.235561000e-03,5.308204981e-03,7.823039889e-04,6.332542019e-03,37.927434,257.350844,257.350844,6.251391888e-03,6.556800008e-05,1.948613115e-05,row,0,-1.000000000e+00,-1.000000
cublas,double,global,global,4096,4096,6,8,1,8,6,2.299999999e-07,7.097088000e-03,6.205640000e-03,7.260776000e-03,6.986311998e-03,7.807999849e-04,6.316800019e-03,28.817292,257.846562,257.846562,6.242879868e-03,6.335999817e-05,3.613986025e-03,row,0,-1.000000000e+00,-1.000000
cublas,double,global,global,4096,4096,6,8,1,8,7,3.039999998e-07,7.096762000e-03,4.523111000e-03,7.253954000e-03,5.303195023e-03,7.821440101e-04,6.314617990e-03,37.963264,257.403482,257.403482,6.238111973e-03,6.678400189e-05,2.524189290e-05,row,0,-1.000000000e+00,-1.000000
cublas,double,global,global,4096,4096,6,8,1,8,8,2.339999998e-07,7.091970000e-03,4.518290000e-03,7.261546000e-03,5.298307008e-03,7.808960080e-04,6.311073992e-03,37.998287,257.814856,257.814856,6.239327908e-03,6.656000018e-05,2.345701384e-05,row,0,-1.000000000e+00,-1.000000
cublas,double,global,global,4096,4096,6,8,1,8,9,2.750000001e-07,7.099732000e-03,4.524177000e-03,7.267257000e-03,5.303562025e-03,7.817599773e-04,6.317972023e-03,37.960637,257.529930,257.529930,6.244383812e-03,6.579200178e-05,2.454194871e-05,row,0,-1.000000000e+00,-1.000000
cublas,double,global,global,4096,4096,6,8,1,8,10,2.240000001e-07,7.107997000e-03,4.521960000e-03,7.273519000e-03,5.301844985e-03,7.816960216e-04,6.326844990e-03,37.972931,257.551000,257.551000,6.246431828e-03,6.400000304e-05,2.390116431e-05,row,0,-1.000000000e+00,-1.000000
cublas,double,global,global,4096,4096,6,8,1,8,11,2.310000000e-07,7.106811000e-03,6.216221000e-03,7.271126000e-03,6.997188016e-03,7.827519774e-04,6.326459004e-03,28.772500,257.203556,257.203556,6.243391991e-03,6.499200314e-05,3.131197598e-05,row,0,-1.000000000e+00,-1.000000
cublas,double,global,global,4096,4096,6,8,1,8,12,2.779999999e-07,7.096183000e-03,4.511149000e-03,7.265002000e-03,5.291234023e-03,7.823359966e-04,6.313847003e-03,38.049081,257.340315,257.340315,6.244575977e-03,6.803199649e-05,2.706208682e-05,row,0,-1.000000000e+00,-1.000000
cublas,double,global,global,4096,4096,6,8,1,8,13,2.379999999e-07,7.103580000e-03,4.530098000e-03,7.277736000e-03,5.310463981e-03,7.813119888e-04,6.322588029e-03,37.911300,257.677592,257.677592,6.245312214e-03,6.467200071e-05,2.241119908e-05,row,0,-1.000000000e+00,-1.000000
cublas,double,global,global,4096,4096,6,8,1,8,14,2.379999999e-07,7.102952000e-03,6.279631000e-03,7.260796000e-03,7.060080981e-03,7.823359966e-04,6.322823998e-03,28.516187,257.340315,257.340315,6.246335983e-03,6.508799642e-05,2.635976571e-05,row,0,-1.000000000e+00,-1.000000
cublas,double,global,global,4096,4096,6,8,1,8,15,2.370000001e-07,7.098897000e-03,6.207398000e-03,7.259530000e-03,6.987755989e-03,7.820159793e-04,6.318672975e-03,28.811337,257.445624,257.445624,6.239007950e-03,7.548800111e-05,3.024301084e-05,row,0,-1.000000000e+00,-1.000000
cublas,double,global,global,4096,4096,6,8,1,8,16,2.840000000e-07,7.099365000e-03,4.527818000e-03,7.269519000e-03,5.307926979e-03,7.817919850e-04,6.317956988e-03,37.929420,257.519386,257.519386,6.241343975e-03,6.953600049e-05,2.241196888e-05,row,0,-1.000000000e+00,-1.000000
cublas,double,global,global,4096,4096,6,8,1,8,17,1.950000001e-07,7.103484000e-03,4.512040000e-03,7.263275000e-03,5.291491989e-03,7.822719812e-04,6.321212019e-03,38.047226,257.361374,257.361374,6.245056152e-03,6.316799670e-05,2.275187041e-05,row,0,-1.000000000e+00,-1.000000
cublas,double,global,global,4096,4096,6,8,1,8,18,2.030000001e-07,7.076537000e-03,6.183041000e-03,7.234896000e-03,6.964424997e-03,7.813439965e-04,6.300312983e-03,28.907856,257.667036,257.667036,6.217376232e-03,6.172800064e-05,3.182697331e-05,row,0,-1.000000000e+00,-1.000000
cublas,double,global,global,4096,4096,6,8,1,8,19,2.580000000e-07,7.076817000e-03,4.499607000e-03,7.246070000e-03,5.275857009e-03,7.782400250e-04,6.298576975e-03,38.159979,258.694729,258.694729,6.219647884e-03,6.355199963e-05,2.286707029e-05,row,0,-1.000000000e+00,-1.000000
cublas,double,global,global,4096,4096,6,8,1,8,20,2.200000000e-07,7.085931000e-03,4.522046000e-03,7.265465000e-03,5.298710983e-03,7.782400250e-04,6.307690975e-03,37.995390,258.694729,258.694729,6.225503922e-03,7.046400011e-05,2.337808263e-05,row,0,-1.000000000e+00,-1.000000
cublas,double,global,global,4096,4096,8,8,1,8,1,2.349999999e-07,7.166358000e-03,5.335956000e-03,7.420310000e-03,6.118823993e-03,7.854080200e-04,6.382997996e-03,43.870433,341.778349,341.778349,6.281151772e-03,8.425600082e-05,2.349505147e-05,row,0,-1.000000000e+00,-1.000000
cublas,double,global,global,4096,4096,8,8,1,8,2,2.180000001e-07,7.150282000e-03,6.236697000e-03,7.377092000e-03,7.019085997e-03,7.848320007e-04,6.367817973e-03,38.243648,342.029193,342.029193,6.280223846e-03,7.475200295e-05,2.414708099e-05,row,0,-1.000000000e+00,-1.000000
cublas,double,global,global,4096,4096,8,8,1,8,3,1.770000002e-07,7.156020000e-03,5.341044000e-03,7.418996000e-03,6.124558012e-03,7.856320143e-04,6.375891998e-03,43.829360,341.680903,341.680903,6.277023792e-03,7.820799947e-05,2.282499059e-05,row,0,-1.000000000e+00,-1.000000
cublas,double,global,global,4096,4096,8,8,1,8,4,1.889999999e-07,7.126513000e-03,6.208501000e-03,7.363667000e-03,6.988877981e-03,7.823359966e-04,6.346320982e-03,38.408949,343.120420,343.120420,6.258783817e-03,7.376000285e-05,2.488914024e-05,row,0,-1.000000000e+00,-1.000000
cublas,double,global,global,4096,4096,8,8,1,8,5,1.490000001e-07,7.117374000e-03,3.718783000e-03,7.340679000e-03,4.499191981e-03,7.837439775e-04,6.333630022e-03,59.663037,342.504011,342.504011,6.260992050e-03,7.311999798e-05,1.659090688e-05,row,0,-1.000000000e+00,-1.000000
cublas,double,global,global,4096,4096,8,8,1,8,6,2.569999999e-07,7.132866000e-03,5.329008000e-03,7.397019000e-03,6.109500012e-03,7.824959755e-04,6.351522003e-03,43.937385,343.050270,343.050270,6.256639957e-03,7.641600072e-05,2.323698971e-05,row,0,-1.000000000e+00,-1.000000
cublas,double,global,global,4096,4096,8,8,1,8,7,2.600000000e-07,7.129490000e-03,5.322930000e-03,7.382679000e-03,6.103336981e-03,7.823359966e-04,6.349202019e-03,43.981752,343.120420,343.120420,6.246431828e-03,7.289600372e-05,2.987418770e-05,row,0,-1.000000000e+00,-1.000000
cublas,double,global,global,4096,4096,8,8,1,8,8,3.840000000e-07,7.130409000e-03,5.320224000e-03,7.387884000e-03,6.100579981e-03,7.825279832e-04,6.350121019e-03,44.001629,343.036239,343.036239,6.256832123e-03,7.382400334e-05,2.441800900e-05,row,0,-1.000000000e+00,-1.000000
cublas,double,global,global,4096,4096,8,8,1,8,9,2.850000000e-07,7.138945000e-03,5.328935000e-03,7.397992000e-03,6.110371004e-03,7.839679718e-04,6.356897013e-03,43.931122,342.406151,342.406151,5.395455837e-03,7.593599707e-05,6.261729017e-03,row,0,-1.000000000e+00,-1.000000
cublas,double,global,global,4096,4096,8,8,1,8,10,2.330000000e-07,7.126892000e-03,5.331337000e-03,7.388596000e-03,6.112078014e-03,7.829120159e-04,6.346604019e-03,43.918853,342.867973,342.867973,6.259327888e-03,6.934399903e-05,2.291201628e-05,row,0,-1.000000000e+00,-1.000000
cublas,double,global,global,4096,4096,8,8,1,8,11,3.479999999e-07,7.136982000e-03,5.333641000e-03,7.396134000e-03,6.113739979e-03,7.824640274e-04,6.356694019e-03,43.906914,343.064277,343.064277,6.261439800e-03,7.660800219e-05,2.389591573e-05,row,0,-1.000000000e+00,-1.000000
cublas,double,global,global,4096,4096,8,8,1,8,12,5.380000001e-07,7.137605000e-03,6.233051000e-03,7.380750000e-03,7.012256002e-03,7.821440101e-04,6.357188988e-03,38.280898,343.204643,343.204643,6.258624077e-03,7.686399668e-05,2.438881584e-05,row,0,-1.000000000e+00,-1.000000
cublas,double,global,global,4096,4096,8,8,1,8,13,1.840000001e-07,7.129037000e-03,5.327017000e-03,7.386003000e-03,6.106696983e-03,7.825919986e-04,6.349100984e-03,43.957553,343.008179,343.008179,6.261951923e-03,7.635200024e-05,3.238902031e-05,row,0,-1.000000000e+00,-1.000000
cublas,double,global,global,4096,4096,8,8,1,8,14,2.150000000e-07,7.123103000e-03,6.213468000e-03,7.323075000e-03,6.996032975e-03,7.824959755e-04,6.342622973e-03,38.369667,343.050270,343.050270,6.261087894e-03,7.344000041e-05,2.385400815e-05,row,0,-1.000000000e+00,-1.000000
cublas,double,global,global,4096,4096,8,8,1,8,15,1.629999999e-07,7.123841000e-03,6.210490000e-03,7.317688000e-03,6.994412001e-03,7.838400006e-04,6.343553019e-03,38.378559,342.462053,342.462053,6.259295940e-03,7.225599885e-05,2.346993450e-05,row,0,-1.000000000e+00,-1.000000
cublas,double,global,global,4096,4096,8,8,1,8,16,4.869999999e-07,7.133396000e-03,6.220496000e-03,7.342136000e-03,7.003863972e-03,7.829759717e-04,6.353971988e-03,38.326766,342.839967,342.839967,6.264160156e-03,7.257600129e-05,2.422101729e-05,row,0,-1.000000000e+00,-1.000000
cublas,double,global,global,4096,4096,8,8,1,8,17,1.850000000e-07,7.120868000e-03,5.330163000e-03,7.384554000e-03,6.110557989e-03,7.826240063e-04,6.342691990e-03,43.929778,342.994150,342.994150,6.247744083e-03,7.545600086e-05,2.402899599e-05,row,0,-1.000000000e+00,-1.000000
cublas,double,global,global,4096,4096,8,8,1,8,18,1.880000000e-07,7.105873000e-03,6.191082000e-03,7.317703000e-03,6.970456025e-03,7.792320251e-04,6.328241002e-03,38.510458,344.487197,344.487197,6.236864090e-03,7.519999892e-05,2.373603935e-05,row,0,-1.000000000e+00,-1.000000
cublas,double,global,global,4096,4096,8,8,1,8,19,2.380000002e-07,7.104552000e-03,5.307689000e-03,7.367643000e-03,6.085898994e-03,7.802879810e-04,6.327944010e-03,44.107774,344.021006,344.021006,6.237535954e-03,7.411199808e-05,2.271596260e-05,row,0,-1.000000000e+00,-1.000000
cublas,double,global,global,4096,4096,8,8,1,8,20,4.619999998e-07,7.114577000e-03,6.201556000e-03,7.391666000e-03,6.981651023e-03,7.799680233e-04,6.337616985e-03,38.448707,344.162130,344.162130,6.243519783e-03,7.971200347e-05,2.797498417e-05,row,0,-1.000000000e+00,-1.000000
cublas,double,global,global,4096,4096,20,8,1,8,1,3.879999999e-07,7.283570000e-03,6.258853000e-03,7.912943000e-03,7.572925017e-03,6.943552017e-03,3.400179828e-04,88.616834,96.649185,96.649185,1.138880029e-04,2.016319931e-04,8.701397708e-05,row,0,-1.000000000e+00,-1.000000
cublas,double,global,global,4096,4096,20,8,1,8,2,3.030000002e-07,7.284666000e-03,5.430499000e-03,7.964450000e-03,7.655920912e-03,6.997344017e-03,3.272750329e-04,87.656162,95.906195,95.906195,1.249599978e-04,1.955520064e-04,5.703102567e-05,row,0,-1.000000000e+00,-1.000000
cublas,double,global,global,4096,4096,20,8,1,8,3,2.520000002e-07,7.269435000e-03,5.655231000e-03,7.944144000e-03,7.609362035e-03,7.009247780e-03,3.347819649e-04,88.192497,95.743318,95.743318,1.184000000e-04,1.943680048e-04,8.620596828e-05,row,0,-1.000000000e+00,-1.000000
cublas,double,global,global,4096,4096,20,8,1,8,4,3.490000000e-07,7.190404000e-03,5.444898000e-03,7.855440000e-03,7.545763962e-03,6.846047878e-03,3.443561217e-04,88.935811,98.025701,98.025701,1.257279962e-04,2.012159973e-04,2.593203066e-05,row,0,-1.000000000e+00,-1.000000
cublas,double,global,global,4096,4096,20,8,1,8,5,2.989999999e-07,7.274343000e-03,5.386810000e-03,7.784509000e-03,7.490193092e-03,6.985727787e-03,3.276132250e-04,89.595639,96.065673,96.065673,1.372800022e-04,2.024639994e-04,1.690791188e-05,row,0,-1.000000000e+00,-1.000000
cublas,double,global,global,4096,4096,20,8,1,8,6,3.749999999e-07,7.170316000e-03,6.270142000e-03,7.794563000e-03,7.472662852e-03,6.848415852e-03,3.219001484e-04,89.805823,97.991806,97.991806,1.269119978e-04,1.917760074e-04,2.346814098e-05,row,0,-1.000000000e+00,-1.000000
cublas,double,global,global,4096,4096,20,8,1,8,7,2.840000000e-07,7.276235000e-03,6.247426000e-03,7.899800000e-03,7.587724966e-03,6.964159966e-03,3.465908909e-04,88.443986,96.363186,96.363186,1.212799996e-04,2.012480050e-04,2.406288622e-05,row,0,-1.000000000e+00,-1.000000
cublas,double,global,global,4096,4096,20,8,1,8,8,3.030000000e-07,7.258112000e-03,6.259058000e-03,7.872891000e-03,7.545691018e-03,6.930912018e-03,3.271999822e-04,88.936671,96.825445,96.825445,1.199999973e-04,1.999679953e-04,2.230503253e-05,row,0,-1.000000000e+00,-1.000000
cublas,double,global,global,4096,4096,20,8,1,8,9,2.690000001e-07,7.274536000e-03,6.277140000e-03,7.922044000e-03,7.580915784e-03,6.933407784e-03,3.411282165e-04,88.523426,96.790591,96.790591,1.268800050e-04,1.984959990e-04,2.355401517e-05,row,0,-1.000000000e+00,-1.000000
cublas,double,global,global,4096,4096,20,8,1,8,10,2.190000001e-07,7.259610000e-03,5.650460000e-03,7.954030000e-03,7.631792902e-03,6.944128036e-03,3.392600148e-04,87.933288,96.641167,96.641167,1.267520040e-04,2.031999975e-04,2.468405847e-05,row,0,-1.000000000e+00,-1.000000
cublas,double,global,global,4096,4096,20,8,1,8,11,2.570000002e-07,7.256995000e-03,6.229730000e-03,7.890984000e-03,7.545701170e-03,6.911712170e-03,3.452828304e-04,88.936551,97.094414,97.094414,1.220479980e-04,2.006720006e-04,2.445083862e-05,row,0,-1.000000000e+00,-1.000000
cublas,double,global,global,4096,4096,20,8,1,8,12,2.370000001e-07,7.245177000e-03,6.229716000e-03,7.847951000e-03,7.546773767e-03,6.943999767e-03,3.368840041e-04,88.923911,96.642953,96.642953,1.263359934e-04,1.948159933e-04,2.456922753e-05,row,0,-1.000000000e+00,-1.000000
cublas,double,global,global,4096,4096,20,8,1,8,13,2.410000000e-07,7.252854000e-03,5.412431000e-03,7.924228000e-03,7.659244031e-03,6.923200130e-03,3.296538695e-04,87.618130,96.933301,96.933301,1.202879995e-04,2.034559995e-04,2.224794328e-05,row,0,-1.000000000e+00,-1.000000
cublas,double,global,global,4096,4096,20,8,1,8,14,4.489999998e-07,7.252663000e-03,6.227470000e-03,7.862492000e-03,7.552516988e-03,6.942687988e-03,3.117748862e-04,88.856290,96.661213,96.661213,1.192959994e-04,2.009599954e-04,2.265488257e-05,row,0,-1.000000000e+00,-1.000000
cublas,double,global,global,4096,4096,20,8,1,8,15,3.420000001e-07,7.225208000e-03,6.221299000e-03,7.832717000e-03,7.539668901e-03,6.932159901e-03,3.215149448e-04,89.007707,96.808015,96.808015,1.168320030e-04,1.839359999e-04,2.078205300e-05,row,0,-1.000000000e+00,-1.000000
cublas,double,global,global,4096,4096,20,8,1,8,16,6.640000001e-07,7.221933000e-03,6.238759000e-03,7.749836000e-03,7.460247153e-03,6.926303864e-03,3.321860135e-04,89.955282,96.889864,96.889864,1.168640032e-04,1.922560036e-04,2.306600661e-05,row,0,-1.000000000e+00,-1.000000
cublas,double,global,global,4096,4096,20,8,1,8,17,1.919999999e-07,7.208012000e-03,6.276728000e-03,7.749333000e-03,7.459094110e-03,6.918272018e-03,3.243459815e-04,89.969188,97.002349,97.002349,1.143039986e-04,1.861439943e-04,2.389798848e-05,row,0,-1.000000000e+00,-1.000000
cublas,double,global,global,4096,4096,20,8,1,8,18,5.340000000e-07,7.230549000e-03,6.227648000e-03,7.832132000e-03,7.535182949e-03,6.933599949e-03,3.212719619e-04,89.060696,96.787909,96.787909,1.191679984e-04,1.874240041e-04,7.387008658e-05,row,0,-1.000000000e+00,-1.000000
cublas,double,global,global,4096,4096,20,8,1,8,19,2.990000001e-07,7.224007000e-03,6.230756000e-03,7.840980000e-03,7.547404843e-03,6.930431843e-03,3.203680638e-04,88.916476,96.832153,96.832153,1.202239990e-04,1.849280000e-04,2.183115926e-05,row,0,-1.000000000e+00,-1.000000
cublas,double,global,global,4096,4096,20,8,1,8,20,2.370000001e-07,7.241943000e-03,6.267003000e-03,7.911677000e-03,7.615493773e-03,6.945759773e-03,3.382059875e-04,88.121488,96.618464,96.618464,1.204480007e-04,1.936960071e-04,2.409398735e-05,row,0,-1.000000000e+00,-1.000000
cublas,double,global,global,4096,4096,32,8,1,8,1,6.450000001e-07,7.459377000e-03,6.427852000e-03,8.731084000e-03,8.265242995e-03,6.993535995e-03,5.186331278e-04,129.910497,153.533466,153.533466,1.897280067e-04,3.279039860e-04,2.459700139e-05,row,0,-1.000000000e+00,-1.000000
cublas,double,global,global,4096,4096,32,8,1,8,2,3.550000001e-07,7.432816000e-03,6.394632000e-03,8.401655000e-03,7.897850122e-03,6.926400185e-03,5.064158154e-04,135.953685,155.021627,155.021627,1.892800033e-04,3.240000010e-04,2.079686566e-05,row,0,-1.000000000e+00,-1.000000
cublas,double,global,global,4096,4096,32,8,1,8,3,3.390000001e-07,7.464746000e-03,6.441858000e-03,8.734486000e-03,8.189196005e-03,6.919456005e-03,5.452899949e-04,131.116879,155.177202,155.177202,1.901440024e-04,3.309440017e-04,2.420199079e-05,row,0,-1.000000000e+00,-1.000000
cublas,double,global,global,4096,4096,32,8,1,8,4,3.840000000e-07,7.443443000e-03,6.405177000e-03,8.693931000e-03,8.172856050e-03,6.922368050e-03,5.210749504e-04,131.379021,155.111924,155.111924,1.869439930e-04,3.273600042e-04,2.172802069e-05,row,0,-1.000000000e+00,-1.000000
cublas,double,global,global,4096,4096,32,8,1,8,5,6.079999999e-07,7.447588000e-03,6.396879000e-03,8.687479000e-03,8.243442960e-03,7.003551960e-03,5.082041142e-04,130.254049,153.313894,153.313894,1.945600063e-04,3.234240115e-04,1.975610527e-05,row,0,-1.000000000e+00,-1.000000
cublas,double,global,global,4096,4096,32,8,1,8,6,4.290000000e-07,7.421059000e-03,3.556473000e-03,8.383045000e-03,7.907618146e-03,6.916704178e-03,5.236828979e-04,135.785745,155.238940,155.238940,1.981759965e-04,3.296639919e-04,2.232904372e-05,row,0,-1.000000000e+00,-1.000000
cublas,double,global,global,4096,4096,32,8,1,8,7,5.000000001e-07,7.448941000e-03,6.399422000e-03,8.685666000e-03,8.227348951e-03,6.990623951e-03,5.164278149e-04,130.508847,153.597423,153.597423,1.993599981e-04,3.333440125e-04,2.970004076e-05,row,0,-1.000000000e+00,-1.000000
cublas,double,global,global,4096,4096,32,8,1,8,8,3.610000001e-07,7.415202000e-03,6.381975000e-03,8.374708000e-03,7.887515064e-03,6.917024136e-03,5.293799883e-04,136.131825,155.231759,155.231759,1.950719953e-04,3.221760094e-04,2.254990406e-05,row,0,-1.000000000e+00,-1.000000
cublas,double,global,global,4096,4096,32,8,1,8,9,5.699999999e-07,7.414300000e-03,6.401576000e-03,8.376476000e-03,7.836483106e-03,6.983359814e-03,5.399928939e-04,137.018329,153.757196,153.757196,1.972160041e-04,3.236159980e-04,2.361794943e-05,row,0,-1.000000000e+00,-1.000000
cublas,double,global,global,4096,4096,32,8,1,8,10,3.480000001e-07,7.403477000e-03,6.439250000e-03,8.389972000e-03,7.854619074e-03,6.981984138e-03,5.353529265e-04,136.701960,153.787491,153.787491,1.946880072e-04,3.240320086e-04,2.389397230e-05,row,0,-1.000000000e+00,-1.000000
cublas,double,global,global,4096,4096,32,8,1,8,11,7.780000000e-07,7.407521000e-03,6.385204000e-03,8.357138000e-03,7.855164891e-03,6.912320137e-03,5.219591133e-04,136.692461,155.337398,155.337398,1.875199974e-04,3.286080062e-04,2.215993444e-05,row,0,-1.000000000e+00,-1.000000
cublas,double,global,global,4096,4096,32,8,1,8,12,4.730000001e-07,7.436890000e-03,6.404087000e-03,8.679189000e-03,8.133050839e-03,6.890751839e-03,5.461381613e-04,132.022023,155.823610,155.823610,1.925120056e-04,3.294079900e-04,2.421816577e-05,row,0,-1.000000000e+00,-1.000000
cublas,double,global,global,4096,4096,32,8,1,8,13,5.720000000e-07,7.436884000e-03,6.417184000e-03,8.591169000e-03,8.084398012e-03,6.947999954e-03,5.067709884e-04,132.816546,154.539699,154.539699,1.947200000e-04,3.241919875e-04,2.466006487e-05,row,0,-1.000000000e+00,-1.000000
cublas,double,global,global,4096,4096,32,8,1,8,14,6.120000000e-07,7.423647000e-03,6.387779000e-03,8.404824000e-03,7.846556065e-03,6.994656086e-03,5.582679353e-04,136.842433,153.508880,153.508880,1.905280054e-04,3.360320032e-04,3.170792678e-05,row,0,-1.000000000e+00,-1.000000
cublas,double,global,global,4096,4096,32,8,1,8,15,4.179999999e-07,7.414920000e-03,6.399146000e-03,8.387351000e-03,7.865347010e-03,6.894015789e-03,5.220039901e-04,136.515506,155.749835,155.749835,1.961279958e-04,3.234879971e-04,2.242290999e-05,row,0,-1.000000000e+00,-1.000000
cublas,double,global,global,4096,4096,32,8,1,8,16,4.109999998e-07,7.444302000e-03,6.410761000e-03,8.706884000e-03,8.166454013e-03,6.903872013e-03,5.404299869e-04,131.482014,155.527481,155.527481,1.913280040e-04,3.286080062e-04,2.413294617e-05,row,0,-1.000000000e+00,-1.000000
cublas,double,global,global,4096,4096,32,8,1,8,17,5.960000000e-07,7.440699000e-03,6.408760000e-03,8.693896000e-03,8.153644845e-03,6.900447845e-03,5.402511545e-04,131.688569,155.604658,155.604658,1.946240067e-04,3.264960051e-04,2.334009299e-05,row,0,-1.000000000e+00,-1.000000
cublas,double,global,global,4096,4096,32,8,1,8,18,3.700000000e-07,7.435591000e-03,6.434404000e-03,8.594891000e-03,8.169387992e-03,6.913152218e-03,5.224387821e-04,131.434794,155.318701,155.318701,1.952320039e-04,3.246079981e-04,2.445479004e-05,row,0,-1.000000000e+00,-1.000000
cublas,double,global,global,4096,4096,32,8,1,8,19,4.280000001e-07,7.408770000e-03,6.375433000e-03,8.401043000e-03,7.898119087e-03,6.917119980e-03,5.088639976e-04,135.949055,155.229608,155.229608,1.930560023e-04,3.253760040e-04,2.417191060e-05,row,0,-1.000000000e+00,-1.000000
cublas,double,global,global,4096,4096,32,8,1,8,20,5.519999999e-07,7.443070000e-03,3.662286000e-03,8.507570000e-03,8.019895933e-03,6.941504002e-03,5.388398974e-04,133.884758,154.684320,154.684320,1.981759965e-04,3.384000063e-04,2.405690593e-05,row,0,-1.000000000e+00,-1.000000
cublas,double,global,global,4096,4096,3,8,2,4,1,1.160300000e-05,8.104386000e-03,7.065206000e-03,8.178378000e-03,7.986144002e-03,9.125120044e-04,7.193089990e-03,12.604743,110.314490,110.314490,7.156896114e-03,3.232000023e-05,1.673796242e-05,row,0,-1.000000000e+00,-1.000000
cublas,double,global,global,4096,4096,3,8,2,4,2,6.165000000e-06,8.111224000e-03,6.088124000e-03,8.130020000e-03,7.002808983e-03,9.111040235e-04,7.200599973e-03,14.374703,110.484965,110.484965,7.156864166e-03,2.828799933e-05,2.421201854e-05,row,0,-1.000000000e+00,-1.000000
cublas,double,global,global,4096,4096,3,8,2,4,3,6.124000000e-06,8.118332000e-03,6.076792000e-03,8.137619000e-03,6.992861985e-03,9.119359851e-04,7.207963975e-03,14.395150,110.384169,110.384169,7.169951916e-03,3.023999929e-05,2.665685778e-05,row,0,-1.000000000e+00,-1.000000
cublas,double,global,global,4096,4096,3,8,2,4,4,5.974000000e-06,8.115141000e-03,3.084007000e-03,8.173353000e-03,4.000252018e-03,9.113280177e-04,7.204036977e-03,25.164239,110.457809,110.457809,7.165535927e-03,3.059200011e-05,2.210110146e-05,row,0,-1.000000000e+00,-1.000000
cublas,double,global,global,4096,4096,3,8,2,4,5,1.279500000e-05,8.113593000e-03,6.091169000e-03,8.135095000e-03,7.007954000e-03,9.129279852e-04,7.200665015e-03,14.364149,110.264224,110.264224,7.158592224e-03,3.014400043e-05,2.139001885e-05,row,0,-1.000000000e+00,-1.000000
cublas,double,global,global,4096,4096,3,8,2,4,6,6.102000000e-06,8.110462000e-03,6.083629000e-03,8.131131000e-03,6.998326981e-03,9.115840197e-04,7.200318029e-03,14.383909,110.426789,110.426789,6.154719830e-03,3.228799999e-05,7.162462029e-03,row,0,-1.000000000e+00,-1.000000
cublas,double,global,global,4096,4096,3,8,2,4,7,7.005000000e-06,8.119588000e-03,3.088957000e-03,8.187533000e-03,4.003922027e-03,9.118080139e-04,7.208420021e-03,25.141173,110.399661,110.399661,7.155551910e-03,2.960000001e-05,2.595611033e-05,row,0,-1.000000000e+00,-1.000000
cublas,double,global,global,4096,4096,3,8,2,4,8,1.599400000e-05,8.102714000e-03,7.058238000e-03,8.134057000e-03,7.974205998e-03,9.113280177e-04,7.193754015e-03,12.623614,110.457809,110.457809,7.154463768e-03,3.222399950e-05,1.847594018e-05,row,0,-1.000000000e+00,-1.000000
cublas,double,global,global,4096,4096,3,8,2,4,9,5.286000000e-06,8.099532000e-03,6.070818000e-03,8.118132000e-03,6.984174981e-03,9.094399810e-04,7.190155975e-03,14.413055,110.687124,110.687124,7.136256218e-03,3.459199890e-05,3.005975599e-05,row,0,-1.000000000e+00,-1.000000
cublas,double,global,global,4096,4096,3,8,2,4,10,5.515000000e-06,8.098552000e-03,6.075151000e-03,8.117074000e-03,6.988979008e-03,9.095360041e-04,7.189719986e-03,14.403148,110.675438,110.675438,7.156223774e-03,3.280000016e-05,2.126788357e-05,row,0,-1.000000000e+00,-1.000000
cublas,double,global,global,4096,4096,3,8,2,4,11,6.206000000e-06,8.093330000e-03,3.102314000e-03,8.175813000e-03,4.016734025e-03,9.104639888e-04,7.184497986e-03,25.060981,110.562633,110.562633,7.152351856e-03,2.854399942e-05,2.897699830e-05,row,0,-1.000000000e+00,-1.000000
cublas,double,global,global,4096,4096,3,8,2,4,12,1.629200000e-05,8.095758000e-03,7.097670000e-03,8.152231000e-03,8.012024010e-03,9.105600119e-04,7.186318019e-03,12.564028,110.550974,110.550974,7.151584148e-03,3.263999894e-05,1.464411114e-05,row,0,-1.000000000e+00,-1.000000
cublas,double,global,global,4096,4096,3,8,2,4,13,6.535000000e-06,8.111066000e-03,6.076440000e-03,8.130523000e-03,6.991067008e-03,9.094719887e-04,7.201594011e-03,14.398846,110.683229,110.683229,7.162816048e-03,2.950399928e-05,2.547376634e-05,row,0,-1.000000000e+00,-1.000000
cublas,double,global,global,4096,4096,3,8,2,4,14,1.642700000e-05,8.091812000e-03,7.058872000e-03,8.174769000e-03,7.977320973e-03,9.103040099e-04,7.182628021e-03,12.618684,110.582064,110.582064,7.147136211e-03,2.566399984e-05,2.382704057e-05,row,0,-1.000000000e+00,-1.000000
cublas,double,global,global,4096,4096,3,8,2,4,15,1.566100000e-05,8.098562000e-03,3.074033000e-03,8.166143000e-03,3.998974002e-03,9.103680253e-04,7.190402029e-03,25.172281,110.574288,110.574288,7.153024197e-03,2.851199917e-05,2.107425894e-05,row,0,-1.000000000e+00,-1.000000
cublas,double,global,global,4096,4096,3,8,2,4,16,1.549500000e-05,8.097910000e-03,7.100211000e-03,8.158399000e-03,8.014681996e-03,9.095039964e-04,7.188597990e-03,12.559862,110.679333,110.679333,7.147327900e-03,2.777599916e-05,1.911881221e-05,row,0,-1.000000000e+00,-1.000000
cublas,double,global,global,4096,4096,3,8,2,4,17,1.025800000e-05,8.110744000e-03,6.088973000e-03,8.130911000e-03,7.008543010e-03,9.095039964e-04,7.201240004e-03,14.362942,110.679333,110.679333,7.160511971e-03,3.052799962e-05,1.533890948e-05,row,0,-1.000000000e+00,-1.000000
cublas,double,global,global,4096,4096,3,8,2,4,18,7.086000000e-06,8.100586000e-03,6.071046000e-03,8.120090000e-03,6.985578018e-03,9.094399810e-04,7.191529992e-03,14.410160,110.687124,110.687124,7.155583858e-03,3.190400079e-05,2.042600132e-05,row,0,-1.000000000e+00,-1.000000
cublas,double,global,global,4096,4096,3,8,2,4,19,6.610000000e-06,8.109160000e-03,3.076582000e-03,8.173336000e-03,3.991590010e-03,9.096000195e-04,7.199847990e-03,25.218847,110.667649,110.667649,7.162208080e-03,2.899199910e-05,2.160212599e-05,row,0,-1.000000000e+00,-1.000000
cublas,double,global,global,4096,4096,3,8,2,4,20,1.570800000e-05,8.111897000e-03,6.084708000e-03,8.150466000e-03,7.008448000e-03,9.096639752e-04,7.202584990e-03,14.363137,110.659869,110.659869,7.164319992e-03,3.193600103e-05,2.174991423e-05,row,0,-1.000000000e+00,-1.000000
cublas,double,global,global,4096,4096,6,8,2,4,1,9.829000000e-06,8.154514000e-03,7.096215000e-03,8.205488000e-03,8.015121006e-03,9.124799967e-04,7.242034003e-03,25.118347,220.636718,220.636718,7.198880196e-03,4.297599941e-05,1.942493996e-05,row,0,-1.000000000e+00,-1.000000
cublas,double,global,global,4096,4096,6,8,2,4,2,1.539800000e-05,8.163745000e-03,6.093267000e-03,8.232207000e-03,7.011305006e-03,9.124799967e-04,7.252513005e-03,28.714568,220.636718,220.636718,7.204383850e-03,4.147199914e-05,2.327376416e-05,row,0,-1.000000000e+00,-1.000000
cublas,double,global,global,4096,4096,6,8,2,4,3,1.952100000e-05,8.166910000e-03,5.074688000e-03,8.204653000e-03,5.991971973e-03,9.119039774e-04,7.255006023e-03,33.599388,220.776087,220.776087,7.202303886e-03,4.454400018e-05,2.265314875e-05,row,0,-1.000000000e+00,-1.000000
cublas,double,global,global,4096,4096,6,8,2,4,4,1.750100000e-05,8.167042000e-03,5.069390000e-03,8.206175000e-03,5.988310025e-03,9.115840197e-04,7.256257994e-03,33.619935,220.853578,220.853578,7.200895786e-03,4.326400161e-05,2.128220886e-05,row,0,-1.000000000e+00,-1.000000
cublas,double,global,global,4096,4096,6,8,2,4,5,1.008200000e-05,8.171368000e-03,4.112738000e-03,8.243570000e-03,5.031269987e-03,9.124799967e-04,7.258888003e-03,40.015064,220.636718,220.636718,7.206431866e-03,4.191999882e-05,2.160289801e-05,row,0,-1.000000000e+00,-1.000000
cublas,double,global,global,4096,4096,6,8,2,4,6,1.867400000e-05,8.154613000e-03,6.079407000e-03,8.220689000e-03,6.998398025e-03,9.119039774e-04,7.243445021e-03,28.767525,220.776087,220.776087,7.195775986e-03,4.364800081e-05,2.328906110e-05,row,0,-1.000000000e+00,-1.000000
cublas,double,global,global,4096,4096,6,8,2,4,7,8.138000000e-06,8.161773000e-03,5.062626000e-03,8.198809000e-03,5.980124023e-03,9.115520120e-04,7.250412975e-03,33.665956,220.861332,220.861332,7.188928127e-03,4.531199858e-05,2.907696564e-05,row,0,-1.000000000e+00,-1.000000
cublas,double,global,global,4096,4096,6,8,2,4,8,1.487100000e-05,8.155344000e-03,6.095869000e-03,8.208142000e-03,7.020874025e-03,9.123839736e-04,7.242960026e-03,28.675431,220.659939,220.659939,7.192351818e-03,3.900799900e-05,1.973598656e-05,row,0,-1.000000000e+00,-1.000000
cublas,double,global,global,4096,4096,6,8,2,4,9,1.818600000e-05,8.172995000e-03,7.112354000e-03,8.242311000e-03,8.033277020e-03,9.119039774e-04,7.261763005e-03,25.061577,220.776087,220.776087,7.203584194e-03,4.380799830e-05,2.461081263e-05,row,0,-1.000000000e+00,-1.000000
cublas,double,global,global,4096,4096,6,8,2,4,10,9.260000000e-06,8.156641000e-03,6.066111000e-03,8.226519000e-03,6.984736998e-03,9.103360176e-04,7.247328990e-03,28.823790,221.156351,221.156351,7.190271854e-03,4.691199958e-05,3.038385591e-05,row,0,-1.000000000e+00,-1.000000
cublas,double,global,global,4096,4096,6,8,2,4,11,1.047100000e-05,8.150631000e-03,6.065621000e-03,8.218114000e-03,6.982092010e-03,9.095360041e-04,7.241094996e-03,28.834709,221.350877,221.350877,7.186880112e-03,4.777599871e-05,2.708190233e-05,row,0,-1.000000000e+00,-1.000000
cublas,double,global,global,4096,4096,6,8,2,4,12,2.045400000e-05,8.149260000e-03,6.082226000e-03,8.187609000e-03,7.002293012e-03,9.106879830e-04,7.239820019e-03,28.751523,221.070878,221.070878,7.182655811e-03,3.907199949e-05,2.241220758e-05,row,0,-1.000000000e+00,-1.000000
cublas,double,global,global,4096,4096,6,8,2,4,13,1.751700000e-05,8.137748000e-03,6.081912000e-03,8.199221000e-03,7.000970010e-03,6.052864075e-03,7.228435990e-03,28.756957,33.261377,33.261377,7.178304195e-03,4.112000018e-05,1.913889710e-05,row,0,-1.000000000e+00,-1.000000
cublas,double,global,global,4096,4096,6,8,2,4,14,1.858700000e-05,8.144442000e-03,5.063377000e-03,8.194256000e-03,5.979998002e-03,9.106240273e-04,7.235002019e-03,33.666665,221.086404,221.086404,7.184288025e-03,4.278400168e-05,1.742087903e-05,row,0,-1.000000000e+00,-1.000000
cublas,double,global,global,4096,4096,6,8,2,4,15,8.997000000e-06,8.147926000e-03,6.068835000e-03,8.183743000e-03,6.984935010e-03,9.095360041e-04,7.238613990e-03,28.822973,221.350877,221.350877,7.175839901e-03,4.214400053e-05,2.626299691e-05,row,0,-1.000000000e+00,-1.000000
cublas,double,global,global,4096,4096,6,8,2,4,16,1.248100000e-05,8.146186000e-03,6.069846000e-03,8.211963000e-03,6.986304973e-03,5.044511795e-03,7.236970013e-03,28.817321,39.910025,39.910025,7.190559864e-03,4.518400133e-05,2.422096352e-05,row,0,-1.000000000e+00,-1.000000
cublas,double,global,global,4096,4096,6,8,2,4,17,9.433000000e-06,8.156263000e-03,5.062092000e-03,8.192601000e-03,5.978342993e-03,9.103999734e-04,7.246950990e-03,33.675986,221.140815,221.140815,7.185984135e-03,4.073600098e-05,2.926688842e-05,row,0,-1.000000000e+00,-1.000000
cublas,double,global,global,4096,4096,6,8,2,4,18,1.806900000e-05,8.149369000e-03,5.068088000e-03,8.188791000e-03,5.984783010e-03,9.108480215e-04,7.239449023e-03,33.639748,221.032035,221.032035,7.177599907e-03,4.998400062e-05,2.345909094e-05,row,0,-1.000000000e+00,-1.000000
cublas,double,global,global,4096,4096,6,8,2,4,19,1.773000000e-05,8.146350000e-03,5.054742000e-03,8.184445000e-03,5.971333018e-03,9.094719887e-04,7.237037990e-03,33.715519,221.366457,221.366457,7.181824207e-03,4.387199879e-05,2.120985454e-05,row,0,-1.000000000e+00,-1.000000
cublas,double,global,global,4096,4096,6,8,2,4,20,1.526600000e-05,8.159266000e-03,6.081404000e-03,8.229511000e-03,7.005325029e-03,9.108800292e-04,7.249506002e-03,28.739079,221.024268,221.024268,7.184895992e-03,4.153599963e-05,2.621000758e-05,row,0,-1.000000000e+00,-1.000000
cublas,double,global,global,4096,4096,8,8,2,4,1,1.828700000e-05,8.208187000e-03,6.130497000e-03,8.275101000e-03,7.056337008e-03,9.154559970e-04,7.292731003e-03,38.041757,293.225952,293.225952,7.230112076e-03,4.764800146e-05,1.830395324e-05,row,0,-1.000000000e+00,-1.000000
cublas,double,global,global,4096,4096,8,8,2,4,2,1.150400000e-05,8.212521000e-03,7.185031000e-03,8.303886000e-03,8.110014001e-03,9.159680009e-04,7.297256990e-03,33.099259,293.062046,293.062046,7.238080025e-03,5.088000000e-05,2.697796459e-05,row,0,-1.000000000e+00,-1.000000
cublas,double,global,global,4096,4096,8,8,2,4,3,2.135200000e-05,8.211807000e-03,7.150909000e-03,8.300719000e-03,8.082107978e-03,6.087776184e-03,7.296542990e-03,33.213545,44.094173,44.094173,7.236608028e-03,4.783999920e-05,2.303722148e-05,row,0,-1.000000000e+00,-1.000000
cublas,double,global,global,4096,4096,8,8,2,4,4,1.184600000e-05,8.219511000e-03,6.127167000e-03,8.279644000e-03,7.052595005e-03,9.157119989e-04,7.304055003e-03,38.061941,293.143976,293.143976,7.234655857e-03,4.886399955e-05,2.530091154e-05,row,0,-1.000000000e+00,-1.000000
cublas,double,global,global,4096,4096,8,8,2,4,5,1.209100000e-05,8.194622000e-03,7.187186000e-03,8.292512000e-03,8.111377997e-03,9.154559970e-04,7.280222019e-03,33.093693,293.225952,293.225952,7.224031925e-03,4.675199836e-05,1.746300320e-05,row,0,-1.000000000e+00,-1.000000
cublas,double,global,global,4096,4096,8,8,2,4,6,2.031600000e-05,8.205445000e-03,6.136065000e-03,8.299468000e-03,7.060557995e-03,9.167039990e-04,7.290596970e-03,38.019014,292.826754,292.826754,7.236767769e-03,5.471999943e-05,1.823009118e-05,row,0,-1.000000000e+00,-1.000000
cublas,double,global,global,4096,4096,8,8,2,4,7,1.815400000e-05,8.208840000e-03,7.187273000e-03,8.298335000e-03,8.109673030e-03,9.156479836e-04,7.293384003e-03,33.100651,293.164470,293.164470,7.236864090e-03,5.078399926e-05,1.579206552e-05,row,0,-1.000000000e+00,-1.000000
cublas,double,global,global,4096,4096,8,8,2,4,8,2.038700000e-05,8.205652000e-03,7.143949000e-03,8.295200000e-03,8.073655026e-03,6.088928223e-03,7.290387990e-03,33.248319,44.085830,44.085830,7.235295773e-03,4.908800125e-05,1.771694037e-05,row,0,-1.000000000e+00,-1.000000
cublas,double,global,global,4096,4096,8,8,2,4,9,2.337100000e-05,8.221864000e-03,6.137665000e-03,8.281254000e-03,7.062884974e-03,9.168639779e-04,7.306791976e-03,38.006488,292.775660,292.775660,7.241695881e-03,4.796800017e-05,2.128379544e-05,row,0,-1.000000000e+00,-1.000000
cublas,double,global,global,4096,4096,8,8,2,4,10,1.151000000e-05,8.206943000e-03,7.184116000e-03,8.293678000e-03,8.106286008e-03,9.165760279e-04,7.295231009e-03,33.114481,292.867638,292.867638,7.231232166e-03,4.652800038e-05,2.614997303e-05,row,0,-1.000000000e+00,-1.000000
cublas,double,global,global,4096,4096,8,8,2,4,11,1.973500000e-05,8.169624000e-03,6.104235000e-03,8.263181000e-03,7.025869023e-03,9.117760062e-04,7.257912009e-03,38.206726,294.409432,294.409432,7.207488060e-03,5.238400027e-05,1.741610964e-05,row,0,-1.000000000e+00,-1.000000
cublas,double,global,global,4096,4096,8,8,2,4,12,1.731000000e-05,8.175151000e-03,7.159955000e-03,8.259439000e-03,8.079432012e-03,9.115520120e-04,7.264078984e-03,33.224545,294.481777,294.481777,7.204063892e-03,4.796800017e-05,1.763590975e-05,row,0,-1.000000000e+00,-1.000000
cublas,double,global,global,4096,4096,8,8,2,4,13,2.034000000e-05,8.177863000e-03,6.095045000e-03,8.241882000e-03,7.015748997e-03,4.039519787e-03,7.266054986e-03,38.261839,66.452319,66.452319,7.203360081e-03,5.040000007e-05,1.779107616e-05,row,0,-1.000000000e+00,-1.000000
cublas,double,global,global,4096,4096,8,8,2,4,14,1.009200000e-05,8.172645000e-03,7.160474000e-03,8.255315000e-03,8.080586012e-03,9.125440121e-04,7.261348990e-03,33.219801,294.161654,294.161654,7.205855846e-03,4.915200174e-05,2.701999999e-05,row,0,-1.000000000e+00,-1.000000
cublas,double,global,global,4096,4096,8,8,2,4,15,2.046000000e-05,8.173711000e-03,6.095949000e-03,8.240412000e-03,7.017719020e-03,4.038656235e-03,7.260335026e-03,38.251098,66.466528,66.466528,7.201632023e-03,4.864000157e-05,1.665500364e-05,row,0,-1.000000000e+00,-1.000000
cublas,double,global,global,4096,4096,8,8,2,4,16,9.964000000e-06,8.175396000e-03,7.112893000e-03,8.248396000e-03,8.034068020e-03,9.128000140e-04,7.264164005e-03,33.412146,294.079154,294.079154,7.204959869e-03,4.956800118e-05,2.349213600e-05,row,0,-1.000000000e+00,-1.000000
cublas,double,global,global,4096,4096,8,8,2,4,17,9.687000000e-06,8.173972000e-03,7.149883000e-03,8.251370000e-03,8.067552002e-03,9.115520120e-04,7.262867977e-03,33.273471,294.481777,294.481777,7.210879803e-03,4.761600122e-05,2.464522045e-05,row,0,-1.000000000e+00,-1.000000
cublas,double,global,global,4096,4096,8,8,2,4,18,1.991500000e-05,8.166893000e-03,6.080323000e-03,8.246517000e-03,7.000443991e-03,5.050784111e-03,7.256012971e-03,38.345490,53.147284,53.147284,7.207071781e-03,5.187200010e-05,1.972321465e-05,row,0,-1.000000000e+00,-1.000000
cublas,double,global,global,4096,4096,8,8,2,4,19,1.749500000e-05,8.179514000e-03,7.150144000e-03,8.257448000e-03,8.070382979e-03,9.131519794e-04,7.267001996e-03,33.261799,293.965804,293.965804,7.215871811e-03,5.084799975e-05,2.395702834e-05,row,0,-1.000000000e+00,-1.000000
cublas,double,global,global,4096,4096,8,8,2,4,20,1.953900000e-05,8.177422000e-03,6.094497000e-03,8.248829000e-03,7.014835020e-03,9.130560160e-04,7.266061975e-03,38.266824,293.996700,293.996700,7.206560135e-03,4.992000014e-05,1.703375418e-05,row,0,-1.000000000e+00,-1.000000
cublas,double,global,global,4096,4096,20,8,2,4,1,3.468700000e-05,8.248534000e-03,4.143833000e-03,8.503335000e-03,8.224960029e-03,7.982175827e-03,2.783749711e-04,81.591721,84.073397,84.073397,1.809599996e-04,8.604799956e-05,1.766981005e-05,row,0,-1.000000000e+00,-1.000000
cublas,double,global,global,4096,4096,20,8,2,4,2,2.657400000e-05,8.249200000e-03,6.271668000e-03,8.549975000e-03,8.285626962e-03,8.090463638e-03,2.827430973e-04,80.994310,82.948107,82.948107,1.844159961e-04,8.726400137e-05,2.171909903e-05,row,0,-1.000000000e+00,-1.000000
cublas,double,global,global,4096,4096,20,8,2,4,3,3.471100000e-05,8.227143000e-03,7.296329000e-03,8.545653000e-03,8.335712046e-03,7.958111763e-03,2.690312370e-04,80.507656,84.327622,84.327622,1.725440025e-04,8.633600175e-05,1.897723405e-05,row,0,-1.000000000e+00,-1.000000
cublas,double,global,global,4096,4096,20,8,2,4,4,3.467100000e-05,8.225138000e-03,7.314758000e-03,8.548787000e-03,8.352926994e-03,7.960192204e-03,2.649457965e-04,80.341734,84.305582,84.305582,1.720959991e-04,7.919999957e-05,1.804102877e-05,row,0,-1.000000000e+00,-1.000000
cublas,double,global,global,4096,4096,20,8,2,4,5,3.432100000e-05,8.221184000e-03,4.149330000e-03,8.484301000e-03,8.306711999e-03,7.943168163e-03,2.780158367e-04,80.788721,84.486269,84.486269,1.891839951e-04,8.227200061e-05,1.724092510e-05,row,0,-1.000000000e+00,-1.000000
cublas,double,global,global,4096,4096,20,8,2,4,6,2.715400000e-05,8.234589000e-03,6.273407000e-03,8.543142000e-03,8.289353152e-03,7.980800152e-03,2.822789524e-04,80.957902,84.087889,84.087889,1.843519956e-04,8.403199911e-05,1.885100090e-05,row,0,-1.000000000e+00,-1.000000
cublas,double,global,global,4096,4096,20,8,2,4,7,2.625000000e-05,8.214072000e-03,5.149903000e-03,8.357466000e-03,8.117180029e-03,8.036447525e-03,2.800830171e-04,82.675096,83.505633,83.505633,1.868160069e-04,8.633600175e-05,1.771500858e-05,row,0,-1.000000000e+00,-1.000000
cublas,double,global,global,4096,4096,20,8,2,4,8,2.693300000e-05,8.207624000e-03,4.329479000e-03,8.538995000e-03,8.283118020e-03,7.983488083e-03,2.788150191e-04,81.018843,84.059578,84.059578,1.827519983e-04,8.947200328e-05,1.800988880e-05,row,0,-1.000000000e+00,-1.000000
cublas,double,global,global,4096,4096,20,8,2,4,9,2.707200000e-05,8.191493000e-03,5.362126000e-03,8.512162000e-03,8.258813207e-03,7.938144207e-03,2.798308905e-04,81.257273,84.539739,84.539739,1.835840046e-04,8.636800200e-05,1.527502779e-05,row,0,-1.000000000e+00,-1.000000
cublas,double,global,global,4096,4096,20,8,2,4,10,2.713200000e-05,8.193139000e-03,4.134516000e-03,8.454466000e-03,8.204253192e-03,7.979296207e-03,2.773499803e-04,81.797651,84.103738,84.103738,1.768960059e-04,8.646400273e-05,1.494881216e-05,row,0,-1.000000000e+00,-1.000000
cublas,double,global,global,4096,4096,20,8,2,4,11,2.660000000e-05,8.208469000e-03,6.266926000e-03,8.525777000e-03,8.269716133e-03,8.059136391e-03,2.763700296e-04,81.150142,83.270540,83.270540,1.847999990e-04,8.067200333e-05,1.877002760e-05,row,0,-1.000000000e+00,-1.000000
cublas,double,global,global,4096,4096,20,8,2,4,12,3.626200000e-05,8.207270000e-03,6.300671000e-03,8.506540000e-03,8.308569069e-03,8.025888443e-03,2.581169920e-04,80.770664,83.615496,83.615496,1.652159989e-04,8.687999845e-05,1.750899277e-05,row,0,-1.000000000e+00,-1.000000
cublas,double,global,global,4096,4096,20,8,2,4,13,3.501500000e-05,8.205653000e-03,4.306417000e-03,8.507206000e-03,8.261729117e-03,7.984864235e-03,2.611950232e-04,81.228594,84.045091,84.045091,1.717119962e-04,8.438400179e-05,1.858889105e-05,row,0,-1.000000000e+00,-1.000000
cublas,double,global,global,4096,4096,20,8,2,4,14,2.656300000e-05,8.095499000e-03,4.127384000e-03,8.330190000e-03,8.144270184e-03,7.818943977e-03,2.765550226e-04,82.400095,85.828552,85.828552,1.889600009e-04,8.463999629e-05,1.707706581e-05,row,0,-1.000000000e+00,-1.000000
cublas,double,global,global,4096,4096,20,8,2,4,15,3.153500000e-05,8.195343000e-03,6.271358000e-03,8.503633000e-03,8.256734978e-03,7.914688110e-03,2.806548896e-04,81.277726,84.790282,84.790282,1.882880032e-04,8.521600068e-05,1.790288568e-05,row,0,-1.000000000e+00,-1.000000
cublas,double,global,global,4096,4096,20,8,2,4,16,3.598700000e-05,8.188589000e-03,6.262559000e-03,8.490313000e-03,8.257538889e-03,7.910592079e-03,2.779969208e-04,81.269813,84.834186,84.834186,1.891839951e-04,8.169600368e-05,1.799010744e-05,row,0,-1.000000000e+00,-1.000000
cublas,double,global,global,4096,4096,20,8,2,4,17,3.985400000e-05,8.205253000e-03,4.162410000e-03,8.520843000e-03,8.269801185e-03,7.974559784e-03,1.468368085e-03,81.149308,84.153691,84.153691,1.715839952e-04,1.302335978e-03,1.931209995e-05,row,0,-1.000000000e+00,-1.000000
cublas,double,global,global,4096,4096,20,8,2,4,18,2.899700000e-05,8.210543000e-03,5.150170000e-03,8.361847000e-03,8.124474795e-03,8.044511795e-03,2.954100544e-04,82.600864,83.421923,83.421923,1.854079962e-04,8.796799928e-05,2.203405896e-05,row,0,-1.000000000e+00,-1.000000
cublas,double,global,global,4096,4096,20,8,2,4,19,2.764000000e-05,8.187049000e-03,6.260570000e-03,8.506280000e-03,8.281104946e-03,7.952288151e-03,2.803809046e-04,81.038538,84.389377,84.389377,1.864320040e-04,8.716800064e-05,1.533902481e-05,row,0,-1.000000000e+00,-1.000000
cublas,double,global,global,4096,4096,20,8,2,4,20,2.667000000e-05,8.214032000e-03,5.148721000e-03,8.366364000e-03,8.125906769e-03,8.025247574e-03,2.953199003e-04,82.586308,83.622173,83.622173,1.889600009e-04,9.641599655e-05,1.769704593e-05,row,0,-1.000000000e+00,-1.000000
cublas,double,global,global,4096,4096,32,8,2,4,1,9.014400000e-05,8.343235000e-03,6.227933000e-03,8.809451000e-03,8.392867941e-03,7.950560093e-03,1.279452786e-03,127.935031,135.052350,135.052350,2.431679964e-04,1.112864017e-03,2.758979196e-05,row,0,-1.000000000e+00,-1.000000
cublas,double,global,global,4096,4096,32,8,2,4,2,9.355200000e-05,8.346281000e-03,6.205951000e-03,8.797667000e-03,8.432822457e-03,8.045280457e-03,4.354950677e-04,127.328878,133.462324,133.462324,2.409919947e-04,1.694079936e-04,2.509507946e-05,row,0,-1.000000000e+00,-1.000000
cublas,double,global,global,4096,4096,32,8,2,4,3,9.252000000e-05,8.306017000e-03,5.263551000e-03,8.742717000e-03,8.384379996e-03,7.947679996e-03,4.228119280e-04,128.064547,135.101290,135.101290,2.716160119e-04,1.684159935e-04,2.685797638e-05,row,0,-1.000000000e+00,-1.000000
cublas,double,global,global,4096,4096,32,8,2,4,4,7.686700000e-05,8.325981000e-03,5.254360000e-03,8.752044000e-03,8.367791115e-03,7.941728115e-03,4.545679748e-04,128.318431,135.202541,135.202541,2.828480005e-04,1.857919991e-04,2.693294318e-05,row,0,-1.000000000e+00,-1.000000
cublas,double,global,global,4096,4096,32,8,2,4,5,7.444700000e-05,8.365335000e-03,6.244629000e-03,8.833544000e-03,8.429389965e-03,8.030591965e-03,4.883219403e-04,127.380727,133.706435,133.706435,2.753280103e-04,1.822080016e-04,3.078592840e-05,row,0,-1.000000000e+00,-1.000000
cublas,double,global,global,4096,4096,32,8,2,4,6,9.151100000e-05,8.333939000e-03,6.276345000e-03,8.793575000e-03,8.456398221e-03,7.903615952e-03,4.496818829e-04,126.973896,135.854504,135.854504,2.705920041e-04,2.200320065e-04,2.648187162e-05,row,0,-1.000000000e+00,-1.000000
cublas,double,global,global,4096,4096,32,8,2,4,7,8.805700000e-05,8.357132000e-03,4.443777000e-03,8.829246000e-03,8.418386770e-03,7.948800087e-03,4.328680852e-04,127.547219,135.082253,135.082253,2.351679951e-04,1.699520051e-04,2.774808496e-05,row,0,-1.000000000e+00,-1.000000
cublas,double,global,global,4096,4096,32,8,2,4,8,7.302600000e-05,8.339792000e-03,6.233526000e-03,8.810961000e-03,8.426705107e-03,7.900095940e-03,4.396960604e-04,127.421312,135.915036,135.915036,2.607359886e-04,1.780479997e-04,2.669207178e-05,row,0,-1.000000000e+00,-1.000000
cublas,double,global,global,4096,4096,32,8,2,4,9,8.848900000e-05,8.312354000e-03,6.220464000e-03,8.776469000e-03,8.358215082e-03,7.929215908e-03,4.182539184e-04,128.465445,135.415889,135.415889,2.416960001e-04,1.791999936e-04,2.958699052e-05,row,0,-1.000000000e+00,-1.000000
cublas,double,global,global,4096,4096,32,8,2,4,10,8.113800000e-05,8.306714000e-03,5.266605000e-03,8.743667000e-03,8.426553182e-03,7.989600182e-03,4.248611601e-04,127.423610,134.392435,134.392435,2.670719922e-04,1.743039936e-04,2.650404701e-05,row,0,-1.000000000e+00,-1.000000
cublas,double,global,global,4096,4096,32,8,2,4,11,7.418200000e-05,8.442739000e-03,4.414356000e-03,8.910766000e-03,8.497816123e-03,8.030431747e-03,4.669399200e-04,126.355032,133.709103,133.709103,2.550399899e-04,1.823039949e-04,2.959593516e-05,row,0,-1.000000000e+00,-1.000000
cublas,double,global,global,4096,4096,32,8,2,4,12,6.077400000e-05,8.331374000e-03,5.275919000e-03,8.759858000e-03,8.329956092e-03,7.901472092e-03,4.757920126e-04,128.901259,135.891364,135.891364,2.719359994e-04,1.760639995e-04,2.779201365e-05,row,0,-1.000000000e+00,-1.000000
cublas,double,global,global,4096,4096,32,8,2,4,13,8.704900000e-05,8.339262000e-03,4.427151000e-03,8.834286000e-03,8.473274016e-03,7.988351822e-03,4.410359621e-04,126.721008,134.413437,134.413437,2.794559896e-04,1.860159934e-04,3.093590165e-05,row,0,-1.000000000e+00,-1.000000
cublas,double,global,global,4096,4096,32,8,2,4,14,6.399400000e-05,8.349641000e-03,6.217189000e-03,8.795976000e-03,8.434196217e-03,8.053952217e-03,4.871298158e-04,127.308139,133.318624,133.318624,2.830399871e-04,1.786880046e-04,2.540182410e-05,row,0,-1.000000000e+00,-1.000000
cublas,double,global,global,4096,4096,32,8,2,4,15,8.594400000e-05,8.306676000e-03,5.258944000e-03,8.742076000e-03,8.342120161e-03,7.906720161e-03,4.441390120e-04,128.713301,135.801167,135.801167,2.415039986e-04,1.728319973e-04,2.980301605e-05,row,0,-1.000000000e+00,-1.000000
cublas,double,global,global,4096,4096,32,8,2,4,16,7.724500000e-05,8.315800000e-03,5.244490000e-03,8.738467000e-03,8.357611153e-03,7.934944153e-03,4.427049767e-04,128.474729,135.318132,135.318132,2.819199860e-04,1.822720021e-04,3.161695080e-05,row,0,-1.000000000e+00,-1.000000
cublas,double,global,global,4096,4096,32,8,2,4,17,7.137700000e-05,8.324254000e-03,6.227686000e-03,8.769571000e-03,8.416340996e-03,7.881919861e-03,4.423341392e-04,127.578222,136.228462,136.228462,2.795200050e-04,1.799360067e-04,3.036199687e-05,row,0,-1.000000000e+00,-1.000000
cublas,double,global,global,4096,4096,32,8,2,4,18,7.887100000e-05,8.315245000e-03,5.268865000e-03,8.744381000e-03,8.367471896e-03,7.938335896e-03,4.251159170e-04,128.323326,135.260316,135.260316,2.747519910e-04,1.772480011e-04,2.774397975e-05,row,0,-1.000000000e+00,-1.000000
cublas,double,global,global,4096,4096,32,8,2,4,19,7.340500000e-05,8.322080000e-03,5.248436000e-03,8.735930000e-03,8.348570039e-03,7.934720039e-03,4.405179574e-04,128.613861,135.321954,135.321954,2.790400088e-04,1.791680008e-04,3.283795254e-05,row,0,-1.000000000e+00,-1.000000
cublas,double,global,global,4096,4096,32,8,2,4,20,7.450300000e-05,8.353456000e-03,4.470235000e-03,8.864508000e-03,8.443381810e-03,7.944416046e-03,4.600570319e-04,127.169640,135.156797,135.156797,2.499839962e-04,1.800000072e-04,3.007302855e-05,row,0,-1.000000000e+00,-1.000000
cublas,double,global,global,4096,4096,3,8,4,2,1,2.849100000e-05,7.000098000e-03,4.352632000e-03,7.036917000e-03,5.140507972e-03,7.695680261e-04,6.232001970e-03,19.582364,130.804935,130.804935,6.193247795e-03,2.444799989e-05,2.063702851e-05,row,0,-1.000000000e+00,-1.000000
cublas,double,global,global,4096,4096,3,8,4,2,2,2.601300000e-05,6.997622000e-03,4.349421000e-03,7.025861000e-03,5.136675007e-03,7.683200240e-04,6.230133997e-03,19.596976,131.017405,131.017405,6.193535805e-03,3.254399821e-05,1.958618580e-05,row,0,-1.000000000e+00,-1.000000
cublas,double,global,global,4096,4096,3,8,4,2,3,2.949400000e-05,7.001084000e-03,4.349789000e-03,7.030799000e-03,5.147603024e-03,7.688320279e-04,6.232251972e-03,19.555373,130.930154,130.930154,6.208799839e-03,2.195199952e-05,2.320099474e-05,row,0,-1.000000000e+00,-1.000000
cublas,double,global,global,4096,4096,3,8,4,2,4,2.829500000e-05,6.992421000e-03,4.352570000e-03,7.020707000e-03,5.149153016e-03,7.682880163e-04,6.225221007e-03,19.549486,131.022864,131.022864,6.197984219e-03,2.591999993e-05,1.840693979e-05,row,0,-1.000000000e+00,-1.000000
cublas,double,global,global,4096,4096,3,8,4,2,5,3.113000000e-05,6.996580000e-03,4.353120000e-03,7.021721000e-03,5.137564986e-03,7.693120241e-04,6.228323991e-03,19.593581,130.848463,130.848463,6.203008175e-03,2.150399983e-05,2.328502464e-05,row,0,-1.000000000e+00,-1.000000
cublas,double,global,global,4096,4096,3,8,4,2,6,2.972300000e-05,6.984789000e-03,4.344911000e-03,7.005726000e-03,5.141253982e-03,7.680000067e-04,6.217972980e-03,19.579522,131.071999,131.071999,6.188608170e-03,3.155200183e-05,1.762300604e-05,row,0,-1.000000000e+00,-1.000000
cublas,double,global,global,4096,4096,3,8,4,2,7,2.795600000e-05,6.985985000e-03,4.343968000e-03,7.015841000e-03,5.140948014e-03,7.690240145e-04,6.219968994e-03,19.580687,130.897468,130.897468,6.186944008e-03,3.296000138e-05,1.877701091e-05,row,0,-1.000000000e+00,-1.000000
cublas,double,global,global,4096,4096,3,8,4,2,8,2.653300000e-05,6.972967000e-03,4.337411000e-03,7.003170000e-03,5.127740012e-03,7.659519911e-04,6.208646984e-03,19.631123,131.422461,131.422461,6.181952000e-03,2.876799926e-05,1.869601422e-05,row,0,-1.000000000e+00,-1.000000
cublas,double,global,global,4096,4096,3,8,4,2,9,2.907000000e-05,6.980573000e-03,4.344489000e-03,7.008908000e-03,5.139319005e-03,7.660800219e-04,6.214780988e-03,19.586894,131.400498,131.400498,6.182015896e-03,2.243199944e-05,2.701501023e-05,row,0,-1.000000000e+00,-1.000000
cublas,double,global,global,4096,4096,3,8,4,2,10,3.660000000e-05,6.972422000e-03,4.339657000e-03,7.000592000e-03,5.141696987e-03,7.659199834e-04,6.207750019e-03,19.577835,131.427954,131.427954,6.180352211e-03,3.036800027e-05,1.852004005e-05,row,0,-1.000000000e+00,-1.000000
cublas,double,global,global,4096,4096,3,8,4,2,11,2.874300000e-05,8.368276000e-03,4.333473000e-03,8.406199000e-03,8.254354075e-03,4.775968075e-03,7.602324009e-03,12.195175,21.077045,21.077045,7.563680172e-03,2.287999913e-05,2.446519047e-05,row,0,-1.000000000e+00,-1.000000
cublas,double,global,global,4096,4096,3,8,4,2,12,3.091200000e-05,6.976398000e-03,4.337352000e-03,7.007104000e-03,5.133695991e-03,7.659519911e-04,6.210990021e-03,19.608348,131.422461,131.422461,6.181375980e-03,3.369599953e-05,1.843197140e-05,row,0,-1.000000000e+00,-1.000000
cublas,double,global,global,4096,4096,3,8,4,2,13,3.068600000e-05,6.975789000e-03,4.346522000e-03,7.003760000e-03,5.143159991e-03,7.660160065e-04,6.209837009e-03,19.572266,131.411479,131.411479,6.179488182e-03,2.899199910e-05,1.884004223e-05,row,0,-1.000000000e+00,-1.000000
cublas,double,global,global,4096,4096,3,8,4,2,14,3.087100000e-05,6.976410000e-03,4.333752000e-03,6.998299000e-03,5.122670972e-03,7.661439776e-04,6.210585980e-03,19.650549,131.389529,131.389529,6.181024075e-03,2.326400019e-05,1.885611667e-05,row,0,-1.000000000e+00,-1.000000
cublas,double,global,global,4096,4096,3,8,4,2,15,1.841100000e-05,6.979242000e-03,4.337496000e-03,6.998962000e-03,5.120023997e-03,7.670080066e-04,6.213290009e-03,19.660708,131.241519,131.241519,6.183712006e-03,2.966400050e-05,2.068678649e-05,row,0,-1.000000000e+00,-1.000000
cublas,double,global,global,4096,4096,3,8,4,2,16,2.967400000e-05,6.986417000e-03,4.345574000e-03,7.008596000e-03,5.140975997e-03,7.659519911e-04,6.220848982e-03,19.580581,131.422461,131.422461,6.189792156e-03,2.655999921e-05,1.764190231e-05,row,0,-1.000000000e+00,-1.000000
cublas,double,global,global,4096,4096,3,8,4,2,17,2.743100000e-05,6.970655000e-03,4.338412000e-03,6.998632000e-03,5.131794991e-03,7.670400143e-04,6.203614986e-03,19.615611,131.236043,131.236043,6.178431988e-03,3.404799849e-05,1.778097923e-05,row,0,-1.000000000e+00,-1.000000
cublas,double,global,global,4096,4096,3,8,4,2,18,2.755200000e-05,6.986746000e-03,4.326832000e-03,7.015694000e-03,6.959152066e-03,6.932352066e-03,5.354167009e-03,14.464879,14.520800,14.520800,5.329023838e-03,2.927999943e-05,1.975695789e-05,row,0,-1.000000000e+00,-1.000000
cublas,double,global,global,4096,4096,3,8,4,2,19,2.513500000e-05,6.997274000e-03,4.346211000e-03,7.015107000e-03,5.137297991e-03,7.663999796e-04,6.230874020e-03,19.594599,131.345640,131.345640,6.200767994e-03,2.233600058e-05,2.581002806e-05,row,0,-1.000000000e+00,-1.000000
cublas,double,global,global,4096,4096,3,8,4,2,20,2.857600000e-05,6.975394000e-03,4.345204000e-03,7.001033000e-03,5.139507997e-03,7.657279968e-04,6.210018028e-03,19.586174,131.460906,131.460906,6.185279846e-03,2.969600074e-05,1.992495202e-05,row,0,-1.000000000e+00,-1.000000
cublas,double,global,global,4096,4096,6,8,4,2,1,4.035200000e-05,6.969366000e-03,3.461655000e-03,7.014445000e-03,6.883126981e-03,6.838047981e-03,1.519648902e-04,29.249292,29.442115,29.442115,1.111039966e-04,3.043200076e-05,6.546202019e-05,row,0,-1.000000000e+00,-1.000000
cublas,double,global,global,4096,4096,6,8,4,2,2,3.639500000e-05,6.962053000e-03,3.452480000e-03,7.013179000e-03,6.908616024e-03,6.822112083e-03,1.660020182e-04,29.141378,29.510889,29.510889,1.172479987e-04,3.007999994e-05,1.867401955e-05,row,0,-1.000000000e+00,-1.000000
cublas,double,global,global,4096,4096,6,8,4,2,3,3.272200000e-05,6.971027000e-03,3.461598000e-03,7.014926000e-03,6.900606967e-03,6.841407776e-03,1.558169932e-04,29.175201,29.427656,29.427656,1.150399968e-04,2.831999958e-05,1.880322595e-05,row,0,-1.000000000e+00,-1.000000
cublas,double,global,global,4096,4096,6,8,4,2,4,3.799500000e-05,6.951969000e-03,3.444431000e-03,7.007112000e-03,6.899302071e-03,6.793119907e-03,1.820329833e-04,29.180719,29.636838,29.636838,1.425600052e-04,2.835199982e-05,1.584193088e-05,row,0,-1.000000000e+00,-1.000000
cublas,double,global,global,4096,4096,6,8,4,2,5,3.362200000e-05,6.956051000e-03,3.461247000e-03,6.998825000e-03,6.912461192e-03,6.866079807e-03,1.475241467e-04,29.125168,29.321913,29.321913,1.101119965e-04,3.071999922e-05,1.736291301e-05,row,0,-1.000000000e+00,-1.000000
cublas,double,global,global,4096,4096,6,8,4,2,6,4.320000000e-05,6.946763000e-03,5.177210000e-03,7.011311000e-03,6.917695979e-03,6.815552235e-03,1.479679658e-04,29.103128,29.539293,29.539293,1.111039966e-04,3.100799955e-05,1.377076331e-05,row,0,-1.000000000e+00,-1.000000
cublas,double,global,global,4096,4096,6,8,4,2,7,3.899500000e-05,6.967050000e-03,3.457793000e-03,7.022766000e-03,6.922182815e-03,6.810751915e-03,1.673549870e-04,29.084264,29.560112,29.560112,1.346240044e-04,3.007999994e-05,1.696799172e-05,row,0,-1.000000000e+00,-1.000000
cublas,double,global,global,4096,4096,6,8,4,2,8,3.315500000e-05,6.955397000e-03,3.447017000e-03,7.004798000e-03,6.896808973e-03,6.796192169e-03,1.592048308e-04,29.191267,29.623440,29.623440,1.242880002e-04,3.116800077e-05,1.653915610e-05,row,0,-1.000000000e+00,-1.000000
cublas,double,global,global,4096,4096,6,8,4,2,9,3.314300000e-05,6.971724000e-03,3.459278000e-03,7.019788000e-03,6.897632869e-03,6.853695869e-03,1.616031563e-04,29.187780,29.374894,29.374894,1.278720051e-04,3.049599938e-05,6.493400615e-05,row,0,-1.000000000e+00,-1.000000
cublas,double,global,global,4096,4096,6,8,4,2,10,3.442300000e-05,6.959911000e-03,3.447100000e-03,6.999832000e-03,6.892957947e-03,6.838399887e-03,1.647559938e-04,29.207576,29.440599,29.440599,1.237440035e-04,3.567999974e-05,1.425998964e-05,row,0,-1.000000000e+00,-1.000000
cublas,double,global,global,4096,4096,6,8,4,2,11,3.849200000e-05,6.859514000e-03,6.035549000e-03,6.912262000e-03,6.831839996e-03,6.755167961e-03,1.535400147e-04,29.468868,29.803344,29.803344,1.147840023e-04,2.969600074e-05,1.400717711e-05,row,0,-1.000000000e+00,-1.000000
cublas,double,global,global,4096,4096,6,8,4,2,12,4.519100000e-05,6.951994000e-03,6.020817000e-03,6.997691000e-03,6.915132025e-03,6.829728127e-03,1.573910097e-04,29.113919,29.477980,29.477980,1.157120019e-04,2.889600024e-05,1.450892397e-05,row,0,-1.000000000e+00,-1.000000
cublas,double,global,global,4096,4096,6,8,4,2,13,4.521900000e-05,6.956125000e-03,6.034994000e-03,7.005103000e-03,6.928071028e-03,6.853600025e-03,1.669739259e-04,29.059545,29.375305,29.375305,1.286720037e-04,2.780799940e-05,1.314992252e-05,row,0,-1.000000000e+00,-1.000000
cublas,double,global,global,4096,4096,6,8,4,2,14,4.482600000e-05,6.936213000e-03,6.017971000e-03,6.989538000e-03,6.911119971e-03,6.840032101e-03,1.630429274e-04,29.130820,29.433574,29.433574,1.222399995e-04,2.992000058e-05,1.379377930e-05,row,0,-1.000000000e+00,-1.000000
cublas,double,global,global,4096,4096,6,8,4,2,15,4.626000000e-05,6.938374000e-03,6.021361000e-03,6.997688000e-03,6.897618043e-03,6.838304043e-03,1.734291170e-04,29.187843,29.441012,29.441012,1.345919967e-04,2.873600088e-05,1.337899743e-05,row,0,-1.000000000e+00,-1.000000
cublas,double,global,global,4096,4096,6,8,4,2,16,3.682600000e-05,6.928898000e-03,6.005937000e-03,6.973881000e-03,6.868215174e-03,6.823232174e-03,1.738388849e-04,29.312796,29.506044,29.506044,1.316480041e-04,2.716800012e-05,1.502288073e-05,row,0,-1.000000000e+00,-1.000000
cublas,double,global,global,4096,4096,6,8,4,2,17,4.097000000e-05,6.953233000e-03,6.021629000e-03,6.999835000e-03,6.908261006e-03,6.780223846e-03,1.730091536e-04,29.142876,29.693207,29.693207,1.402239949e-04,2.604800090e-05,1.514400894e-05,row,0,-1.000000000e+00,-1.000000
cublas,double,global,global,4096,4096,6,8,4,2,18,3.771000000e-05,6.944177000e-03,5.159030000e-03,6.999204000e-03,6.894982023e-03,6.803679943e-03,1.626699829e-04,29.199002,29.590838,29.590838,1.195200011e-04,3.116800077e-05,9.230198170e-05,row,0,-1.000000000e+00,-1.000000
cublas,double,global,global,4096,4096,6,8,4,2,19,3.521400000e-05,6.943646000e-03,3.445522000e-03,6.994844000e-03,6.886884221e-03,6.790976048e-03,1.722079718e-04,29.233335,29.646194,29.646194,1.357440054e-04,3.030399978e-05,1.338794190e-05,row,0,-1.000000000e+00,-1.000000
cublas,double,global,global,4096,4096,6,8,4,2,20,3.136200000e-05,6.941477000e-03,3.444539000e-03,7.026544000e-03,6.925482955e-03,6.840415955e-03,1.540900290e-04,29.070405,29.431922,29.431922,1.183039993e-04,3.078399971e-05,5.179902670e-05,row,0,-1.000000000e+00,-1.000000
cublas,double,global,global,4096,4096,8,8,4,2,1,5.557900000e-05,7.005280000e-03,6.059057000e-03,7.087937000e-03,6.915744921e-03,6.833087921e-03,2.020709933e-04,38.815118,39.284648,39.284648,1.551039964e-04,3.507199883e-05,2.103176927e-05,row,0,-1.000000000e+00,-1.000000
cublas,double,global,global,4096,4096,8,8,4,2,2,5.186700000e-05,7.072752000e-03,1.736690000e-03,7.144274000e-03,6.953773170e-03,6.868959904e-03,2.037920963e-04,38.602849,39.079491,39.079491,1.606719941e-04,3.536000103e-05,1.737697747e-05,row,0,-1.000000000e+00,-1.000000
cublas,double,global,global,4096,4096,8,8,4,2,3,5.219300000e-05,6.984241000e-03,5.186823000e-03,7.060760000e-03,6.911686885e-03,6.835167885e-03,1.946308214e-04,38.837908,39.272694,39.272694,1.562239975e-04,3.212799877e-05,1.561498865e-05,row,0,-1.000000000e+00,-1.000000
cublas,double,global,global,4096,4096,8,8,4,2,4,5.359400000e-05,7.086717000e-03,1.746696000e-03,7.162952000e-03,6.973072786e-03,6.875552177e-03,2.111648226e-04,38.496007,39.042022,39.042022,1.666239947e-04,3.862399980e-05,1.828209238e-05,row,0,-1.000000000e+00,-1.000000
cublas,double,global,global,4096,4096,8,8,4,2,5,4.656200000e-05,6.990853000e-03,5.175835000e-03,7.058069000e-03,6.929240999e-03,6.795680046e-03,1.951729539e-04,38.739518,39.500897,39.500897,1.449600011e-04,3.622400016e-05,2.806401550e-05,row,0,-1.000000000e+00,-1.000000
cublas,double,global,global,4096,4096,8,8,4,2,6,5.809600000e-05,6.964410000e-03,5.178404000e-03,7.043692000e-03,6.938261997e-03,6.805856228e-03,1.980910714e-04,38.689150,39.441835,39.441835,1.492159963e-04,3.497600183e-05,1.492502595e-05,row,0,-1.000000000e+00,-1.000000
cublas,double,global,global,4096,4096,8,8,4,2,7,5.486800000e-05,6.958013000e-03,5.169866000e-03,7.046195000e-03,6.932310132e-03,6.844128132e-03,1.998460247e-04,38.722367,39.221279,39.221279,1.598079950e-04,3.500799835e-05,6.166202678e-05,row,0,-1.000000000e+00,-1.000000
cublas,double,global,global,4096,4096,8,8,4,2,8,5.717300000e-05,6.950295000e-03,5.152095000e-03,7.026417000e-03,6.917626097e-03,6.841504097e-03,1.993479462e-04,38.804563,39.236322,39.236322,1.605120003e-04,3.590400144e-05,1.469694315e-05,row,0,-1.000000000e+00,-1.000000
cublas,double,global,global,4096,4096,8,8,4,2,9,5.342000000e-05,6.964782000e-03,6.021798000e-03,7.040923000e-03,6.925916010e-03,6.762047768e-03,2.027342324e-04,38.758116,39.697362,39.697362,1.544640064e-04,3.663999960e-05,1.656280727e-05,row,0,-1.000000000e+00,-1.000000
cublas,double,global,global,4096,4096,8,8,4,2,10,7.526800000e-05,6.928261000e-03,6.018248000e-03,7.033649000e-03,6.915271025e-03,6.755392075e-03,1.890481974e-04,38.817778,39.736473,39.736473,1.426880062e-04,3.443200141e-05,1.532019146e-05,row,0,-1.000000000e+00,-1.000000
cublas,double,global,global,4096,4096,8,8,4,2,11,5.005600000e-05,6.953085000e-03,5.157272000e-03,7.016909000e-03,6.912815871e-03,6.848991871e-03,1.986670877e-04,38.831565,39.193426,39.193426,1.543679982e-04,3.471999988e-05,1.527601285e-05,row,0,-1.000000000e+00,-1.000000
cublas,double,global,global,4096,4096,8,8,4,2,12,4.437900000e-05,6.953523000e-03,1.733429000e-03,7.016202000e-03,6.836807141e-03,6.772287846e-03,2.068449924e-04,39.263278,39.637337,39.637337,1.638080031e-04,3.244800121e-05,1.503210958e-05,row,0,-1.000000000e+00,-1.000000
cublas,double,global,global,4096,4096,8,8,4,2,13,5.169400000e-05,7.058247000e-03,5.160970000e-03,7.116585000e-03,6.925353162e-03,6.850783825e-03,2.074631751e-04,38.761266,39.183174,39.183174,1.655039936e-04,3.219199926e-05,1.489111397e-05,row,0,-1.000000000e+00,-1.000000
cublas,double,global,global,4096,4096,8,8,4,2,14,5.323000000e-05,6.960925000e-03,6.015136000e-03,7.036700000e-03,6.922564010e-03,6.762944221e-03,1.979807785e-04,38.776883,39.692100,39.692100,1.572799981e-04,3.407999873e-05,1.594305244e-05,row,0,-1.000000000e+00,-1.000000
cublas,double,global,global,4096,4096,8,8,4,2,15,4.473900000e-05,6.958537000e-03,5.150273000e-03,7.019366000e-03,6.866973238e-03,6.806144238e-03,2.116090997e-04,39.090797,39.440166,39.440166,1.609279960e-04,3.625600040e-05,1.819704128e-05,row,0,-1.000000000e+00,-1.000000
cublas,double,global,global,4096,4096,8,8,4,2,16,5.224200000e-05,6.948572000e-03,5.160102000e-03,7.017742000e-03,6.909620016e-03,6.769951820e-03,1.953502087e-04,38.849525,39.651014,39.651014,1.555200070e-04,3.567999974e-05,1.436417501e-05,row,0,-1.000000000e+00,-1.000000
cublas,double,global,global,4096,4096,8,8,4,2,17,5.287700000e-05,6.945176000e-03,5.162433000e-03,7.015349000e-03,6.909853195e-03,6.839680195e-03,1.965792332e-04,38.848214,39.246785,39.246785,1.611520052e-04,3.296000138e-05,1.330889024e-05,row,0,-1.000000000e+00,-1.000000
cublas,double,global,global,4096,4096,8,8,4,2,18,5.179600000e-05,6.949797000e-03,5.164795000e-03,7.018114000e-03,6.908798954e-03,6.788991928e-03,1.956469362e-04,38.854142,39.539811,39.539811,1.527040005e-04,3.315199912e-05,1.491982199e-05,row,0,-1.000000000e+00,-1.000000
cublas,double,global,global,4096,4096,8,8,4,2,19,5.387100000e-05,6.946584000e-03,6.013184000e-03,7.022082000e-03,6.888087012e-03,6.758080006e-03,1.885039944e-04,38.970973,39.720669,39.720669,1.516160071e-04,3.551999852e-05,1.627597277e-05,row,0,-1.000000000e+00,-1.000000
cublas,double,global,global,4096,4096,8,8,4,2,20,4.515200000e-05,7.055703000e-03,6.021119000e-03,7.182276000e-03,7.009079019e-03,6.848864079e-03,2.086418295e-04,38.298249,39.194157,39.194157,1.706240028e-04,3.091200069e-05,2.118582890e-05,row,0,-1.000000000e+00,-1.000000
cublas,double,global,global,4096,4096,20,8,4,2,1,1.241820000e-04,7.175585000e-03,4.370102000e-03,7.332525000e-03,7.051915969e-03,6.784607887e-03,3.909771127e-04,95.164015,98.913401,98.913401,3.353280127e-04,5.395200104e-05,1.730009076e-05,row,0,-1.000000000e+00,-1.000000
cublas,double,global,global,4096,4096,20,8,4,2,2,1.254170000e-04,7.083907000e-03,6.080719000e-03,7.244183000e-03,7.041239997e-03,6.686751842e-03,3.971551575e-04,95.308304,100.360931,100.360931,3.373439908e-04,5.174399912e-05,1.657788261e-05,row,0,-1.000000000e+00,-1.000000
cublas,double,global,global,4096,4096,20,8,4,2,3,1.235750000e-04,7.077050000e-03,2.620809000e-03,7.256570000e-03,6.986832817e-03,6.751840115e-03,4.025390172e-04,96.050479,99.393444,99.393444,3.381119967e-04,5.171199888e-05,1.678403743e-05,row,0,-1.000000000e+00,-1.000000
cublas,double,global,global,4096,4096,20,8,4,2,4,1.147120000e-04,7.266927000e-03,6.068970000e-03,7.423905000e-03,7.221631036e-03,6.878367901e-03,3.885590992e-04,92.927572,97.565098,97.565098,3.346880078e-04,5.190400034e-05,1.434895015e-05,row,0,-1.000000000e+00,-1.000000
cublas,double,global,global,4096,4096,20,8,4,2,5,1.110380000e-04,7.083863000e-03,5.230940000e-03,7.252341000e-03,6.921094082e-03,6.785664082e-03,4.138990421e-04,96.962797,98.898005,98.898005,3.486720026e-04,5.353600159e-05,1.430189541e-05,row,0,-1.000000000e+00,-1.000000
cublas,double,global,global,4096,4096,20,8,4,2,6,1.130780000e-04,7.284264000e-03,6.080878000e-03,7.450003000e-03,7.235660025e-03,6.880159855e-03,4.041041451e-04,92.747398,97.539687,97.539687,3.465920091e-04,4.643199965e-05,1.575783854e-05,row,0,-1.000000000e+00,-1.000000
cublas,double,global,global,4096,4096,20,8,4,2,7,1.121200000e-04,7.262562000e-03,6.073711000e-03,7.420199000e-03,7.224105034e-03,6.910975933e-03,3.994840156e-04,92.895748,97.104757,97.104757,3.341439962e-04,4.908800125e-05,1.625201814e-05,row,0,-1.000000000e+00,-1.000000
cublas,double,global,global,4096,4096,20,8,4,2,8,1.229720000e-04,7.068475000e-03,6.070470000e-03,7.239385000e-03,7.035822019e-03,6.757247925e-03,3.850860285e-04,95.381696,99.313899,99.313899,3.185279965e-04,5.548800156e-05,1.702203104e-05,row,0,-1.000000000e+00,-1.000000
cublas,double,global,global,4096,4096,20,8,4,2,9,1.232200000e-04,7.263949000e-03,6.074130000e-03,7.439309000e-03,7.229851048e-03,6.879007816e-03,3.849411837e-04,92.821918,97.556022,97.556022,3.314560056e-04,5.411199853e-05,1.322980624e-05,row,0,-1.000000000e+00,-1.000000
cublas,double,global,global,4096,4096,20,8,4,2,10,1.372750000e-04,7.046068000e-03,6.072046000e-03,7.225949000e-03,7.036655980e-03,6.686751842e-03,3.593161575e-04,95.370392,100.360931,100.360931,3.007999957e-04,4.988799989e-05,1.521705474e-05,row,0,-1.000000000e+00,-1.000000
cublas,double,global,global,4096,4096,20,8,4,2,11,1.118460000e-04,6.992620000e-03,2.625052000e-03,7.148748000e-03,6.967989048e-03,6.785535812e-03,3.111551042e-04,96.310232,98.899874,98.899874,2.474880069e-04,5.392000079e-05,2.714818841e-05,row,0,-1.000000000e+00,-1.000000
cublas,double,global,global,4096,4096,20,8,4,2,12,1.072830000e-04,7.084045000e-03,6.082021000e-03,7.238807000e-03,7.045019997e-03,6.685632229e-03,3.984127711e-04,95.257166,100.377738,100.377738,3.428480029e-04,5.145600066e-05,1.809413634e-05,row,0,-1.000000000e+00,-1.000000
cublas,double,global,global,4096,4096,20,8,4,2,13,1.108960000e-04,7.065707000e-03,6.061176000e-03,7.231886000e-03,7.021567982e-03,6.682367802e-03,3.833391983e-04,95.575325,100.426774,100.426774,3.319039941e-04,5.308799818e-05,1.343198357e-05,row,0,-1.000000000e+00,-1.000000
cublas,double,global,global,4096,4096,20,8,4,2,14,1.350710000e-04,7.214624000e-03,6.058102000e-03,7.404929000e-03,7.211604006e-03,6.866047859e-03,3.485761408e-04,93.056779,97.740163,97.740163,2.944639921e-04,4.912000149e-05,1.305615644e-05,row,0,-1.000000000e+00,-1.000000
cublas,double,global,global,4096,4096,20,8,4,2,15,1.313450000e-04,7.029137000e-03,6.049195000e-03,7.215151000e-03,7.009698018e-03,6.666399956e-03,3.627370443e-04,95.737168,100.667323,100.667323,3.074879944e-04,5.302400142e-05,1.342504800e-05,row,0,-1.000000000e+00,-1.000000
cublas,double,global,global,4096,4096,20,8,4,2,16,1.145090000e-04,7.067122000e-03,6.056156000e-03,7.235931000e-03,7.025624983e-03,6.680640221e-03,3.864817794e-04,95.520134,100.452744,100.452744,3.338879943e-04,5.135999992e-05,1.834616951e-05,row,0,-1.000000000e+00,-1.000000
cublas,double,global,global,4096,4096,20,8,4,2,17,1.094920000e-04,7.056927000e-03,4.711330000e-03,7.227555000e-03,6.836676050e-03,6.666048050e-03,1.534655974e-03,98.160076,100.672638,100.672638,3.327040076e-04,1.402848005e-03,1.510002445e-05,row,0,-1.000000000e+00,-1.000000
cublas,double,global,global,4096,4096,20,8,4,2,18,1.200080000e-04,7.271187000e-03,6.056232000e-03,7.432218000e-03,7.050278894e-03,6.889247894e-03,4.157479855e-04,95.186113,97.411016,97.411016,3.533119857e-04,4.969599843e-05,1.501995754e-05,row,0,-1.000000000e+00,-1.000000
cublas,double,global,global,4096,4096,20,8,4,2,19,1.128180000e-04,7.250955000e-03,6.051047000e-03,7.419232000e-03,7.058484767e-03,6.890207767e-03,4.113430028e-04,95.075453,97.397446,97.397446,3.439359963e-04,5.164799839e-05,1.815900780e-05,row,0,-1.000000000e+00,-1.000000
cublas,double,global,global,4096,4096,20,8,4,2,20,1.102840000e-04,7.276311000e-03,6.072982000e-03,7.500708000e-03,7.222921041e-03,6.862143993e-03,4.141670066e-04,92.910976,97.795768,97.795768,3.472000062e-04,5.030399933e-05,1.784804209e-05,row,0,-1.000000000e+00,-1.000000
cublas,double,global,global,4096,4096,32,8,4,2,1,1.934630000e-04,7.212815000e-03,6.116065000e-03,7.485034000e-03,7.158925008e-03,6.867968082e-03,6.476599244e-04,149.986461,156.340538,156.340538,5.556160212e-04,8.438400179e-05,1.902291763e-05,row,0,-1.000000000e+00,-1.000000
cublas,double,global,global,4096,4096,32,8,4,2,2,1.907210000e-04,7.412238000e-03,5.248468000e-03,7.680522000e-03,7.301152942e-03,6.774655819e-03,6.375821811e-04,147.064694,158.493930,158.493930,5.485439897e-04,8.348800242e-05,1.598104457e-05,row,0,-1.000000000e+00,-1.000000
cublas,double,global,global,4096,4096,32,8,4,2,3,2.231980000e-04,7.144904000e-03,5.239530000e-03,7.445353000e-03,7.101613988e-03,6.571936131e-03,5.729678695e-04,151.196872,163.382876,163.382876,4.782080054e-04,8.054400235e-05,1.562386496e-05,row,0,-1.000000000e+00,-1.000000
cublas,double,global,global,4096,4096,32,8,4,2,4,1.881450000e-04,7.185312000e-03,5.235726000e-03,7.462177000e-03,7.092830975e-03,6.562464237e-03,6.228477628e-04,151.384099,163.618693,163.618693,5.331519842e-04,8.166400343e-05,1.487691501e-05,row,0,-1.000000000e+00,-1.000000
cublas,double,global,global,4096,4096,32,8,4,2,5,2.089080000e-04,7.175301000e-03,5.231669000e-03,7.475269000e-03,7.108769988e-03,6.566592216e-03,6.087087835e-04,151.044671,163.515837,163.515837,5.151039958e-04,8.022399992e-05,1.590999991e-05,row,0,-1.000000000e+00,-1.000000
cublas,double,global,global,4096,4096,32,8,4,2,6,2.235380000e-04,7.178290000e-03,6.096218000e-03,7.473379000e-03,7.146668986e-03,6.622784138e-03,5.879120175e-04,150.243677,162.128465,162.128465,4.963839948e-04,7.948800176e-05,1.791605372e-05,row,0,-1.000000000e+00,-1.000000
cublas,double,global,global,4096,4096,32,8,4,2,7,2.230720000e-04,7.427463000e-03,6.099616000e-03,7.738991000e-03,7.418943989e-03,6.842751980e-03,5.847110202e-04,144.729739,156.916666,156.916666,4.872640073e-04,8.406399935e-05,1.511101174e-05,row,0,-1.000000000e+00,-1.000000
cublas,double,global,global,4096,4096,32,8,4,2,8,1.975790000e-04,7.437827000e-03,6.086672000e-03,7.716796000e-03,7.187417219e-03,6.908448219e-03,6.019250236e-04,149.391887,155.424459,155.424459,5.143679976e-04,8.035200089e-05,1.634311613e-05,row,0,-1.000000000e+00,-1.000000
cublas,double,global,global,4096,4096,32,8,4,2,9,1.929280000e-04,7.171533000e-03,5.234216000e-03,7.446348000e-03,7.080604986e-03,6.560800076e-03,6.107329245e-04,151.645492,163.660196,163.660196,5.180799961e-04,7.763200253e-05,1.627493659e-05,row,0,-1.000000000e+00,-1.000000
cublas,double,global,global,4096,4096,32,8,4,2,10,2.375590000e-04,7.099885000e-03,5.235993000e-03,7.424402000e-03,6.999045122e-03,6.674528122e-03,5.341279487e-04,153.412616,160.871571,160.871571,4.485439956e-04,7.817599922e-05,1.582086653e-05,row,0,-1.000000000e+00,-1.000000
cublas,double,global,global,4096,4096,32,8,4,2,11,2.167790000e-04,7.330601000e-03,5.225289000e-03,7.635972000e-03,7.279314035e-03,6.756896019e-03,5.737049810e-04,147.505908,158.910515,158.910515,4.853120148e-04,8.217599988e-05,1.540096920e-05,row,0,-1.000000000e+00,-1.000000
cublas,double,global,global,4096,4096,32,8,4,2,12,2.125970000e-04,7.347939000e-03,5.239577000e-03,7.639908000e-03,7.287722947e-03,6.759871960e-03,5.880670403e-04,147.335709,158.840557,158.840557,4.967040122e-04,8.105599880e-05,1.464002731e-05,row,0,-1.000000000e+00,-1.000000
cublas,double,global,global,4096,4096,32,8,4,2,13,1.956310000e-04,7.470163000e-03,6.092382000e-03,7.746895000e-03,7.423680969e-03,6.902976036e-03,6.077389743e-04,144.637388,155.547668,155.547668,5.197759867e-04,8.774399757e-05,1.497691749e-05,row,0,-1.000000000e+00,-1.000000
cublas,double,global,global,4096,4096,32,8,4,2,14,1.792470000e-04,7.093549000e-03,3.525749000e-03,7.341678000e-03,6.919519960e-03,6.490784168e-03,6.027648318e-04,155.175768,165.425594,165.425594,5.035520196e-04,8.566399664e-05,1.648013074e-05,row,0,-1.000000000e+00,-1.000000
cublas,double,global,global,4096,4096,32,8,4,2,15,1.883510000e-04,7.193307000e-03,5.231398000e-03,7.466678000e-03,7.078354050e-03,6.555391788e-03,6.379152115e-04,151.693715,163.795218,163.795218,5.487040281e-04,8.467199653e-05,1.694222772e-05,row,0,-1.000000000e+00,-1.000000
cublas,double,global,global,4096,4096,32,8,4,2,16,2.119550000e-04,7.161350000e-03,5.239575000e-03,7.472047000e-03,7.106417000e-03,6.562431812e-03,5.989181877e-04,151.094683,163.619502,163.619502,5.042240024e-04,8.345600218e-05,2.096101045e-05,row,0,-1.000000000e+00,-1.000000
cublas,double,global,global,4096,4096,32,8,4,2,17,2.047150000e-04,7.132852000e-03,5.210900000e-03,7.427172000e-03,7.063841948e-03,6.537824154e-03,5.950278461e-04,152.005358,164.235348,164.235348,5.005120039e-04,8.028800040e-05,1.624384225e-05,row,0,-1.000000000e+00,-1.000000
cublas,double,global,global,4096,4096,32,8,4,2,18,2.247250000e-04,7.309646000e-03,5.215722000e-03,7.622294000e-03,7.259741963e-03,6.744192123e-03,5.654538766e-04,147.903580,159.209851,159.209851,4.688639939e-04,8.463999629e-05,1.623994831e-05,row,0,-1.000000000e+00,-1.000000
cublas,double,global,global,4096,4096,32,8,4,2,19,2.198970000e-04,7.139250000e-03,6.080011000e-03,7.448426000e-03,7.125179016e-03,6.583231926e-03,5.977779477e-04,150.696821,163.102536,163.102536,5.050240159e-04,8.572799712e-05,1.664689597e-05,row,0,-1.000000000e+00,-1.000000
cublas,double,global,global,4096,4096,32,8,4,2,20,1.898880000e-04,7.108623000e-03,3.556760000e-03,7.387754000e-03,7.073797134e-03,6.748256207e-03,5.562708312e-04,151.791436,159.113968,159.113968,4.608640075e-04,8.624000102e-05,1.582004259e-05,row,0,-1.000000000e+00,-1.000000
cublas,double,global,global,4096,4096,3,8,8,1,1,8.010400000e-05,6.965433000e-03,3.510000000e-06,7.048155000e-03,6.928002170e-03,6.845280170e-03,1.435089458e-04,14.529917,14.705504,14.705504,1.026559994e-04,2.540799975e-05,2.379694878e-05,row,0,-1.000000000e+00,-1.000000
cublas,double,global,global,4096,4096,3,8,8,1,2,6.939800000e-05,6.931208000e-03,4.057000000e-06,7.002733000e-03,6.894245051e-03,6.822720051e-03,1.410532335e-04,14.601062,14.754130,14.754130,9.926400334e-05,2.905599959e-05,2.262122952e-05,row,0,-1.000000000e+00,-1.000000
cublas,double,global,global,4096,4096,3,8,8,1,3,6.862200000e-05,6.952007000e-03,4.282000000e-06,7.022615000e-03,6.933296065e-03,6.862688065e-03,1.496230129e-04,14.518823,14.668202,14.668202,1.132159978e-04,2.864000015e-05,2.577189314e-05,row,0,-1.000000000e+00,-1.000000
cublas,double,global,global,4096,4096,3,8,8,1,4,7.057000000e-05,6.942931000e-03,3.908000000e-06,7.015649000e-03,6.906542158e-03,6.833824158e-03,1.498267862e-04,14.575064,14.730156,14.730156,1.029760018e-04,2.687999979e-05,2.574323518e-05,row,0,-1.000000000e+00,-1.000000
cublas,double,global,global,4096,4096,3,8,8,1,5,7.692300000e-05,6.916378000e-03,3.635000000e-06,6.994795000e-03,6.899440941e-03,6.821023941e-03,1.313779473e-04,14.590066,14.757798,14.757798,9.340800345e-05,2.281600051e-05,2.311492295e-05,row,0,-1.000000000e+00,-1.000000
cublas,double,global,global,4096,4096,3,8,8,1,6,7.256500000e-05,6.958940000e-03,3.418000000e-06,7.013751000e-03,6.923099040e-03,6.868288040e-03,1.511539469e-04,14.540207,14.656243,14.656243,1.123839989e-04,2.515199967e-05,2.023702960e-05,row,0,-1.000000000e+00,-1.000000
cublas,double,global,global,4096,4096,3,8,8,1,7,7.153200000e-05,6.954752000e-03,3.724000000e-06,7.027738000e-03,6.940378063e-03,6.867392063e-03,1.607989429e-04,14.504008,14.658155,14.658155,1.286080033e-04,2.188800089e-05,1.889217118e-05,row,0,-1.000000000e+00,-1.000000
cublas,double,global,global,4096,4096,3,8,8,1,8,6.934700000e-05,6.941045000e-03,3.442000000e-06,7.000712000e-03,6.898579010e-03,6.838912010e-03,1.402470444e-04,14.591889,14.719197,14.719197,1.001280025e-04,2.294399962e-05,2.244509484e-05,row,0,-1.000000000e+00,-1.000000
cublas,double,global,global,4096,4096,3,8,8,1,9,7.069300000e-05,6.968705000e-03,3.378000000e-06,7.030372000e-03,6.871810948e-03,6.810143948e-03,1.585610524e-04,14.648729,14.781376,14.781376,1.278080046e-04,2.822400071e-05,2.067911762e-05,row,0,-1.000000000e+00,-1.000000
cublas,double,global,global,4096,4096,3,8,8,1,10,8.466100000e-05,6.914617000e-03,3.888000000e-06,6.979072000e-03,6.881094900e-03,6.816639900e-03,1.262141776e-04,14.628965,14.767290,14.767290,7.135999948e-05,2.268799953e-05,4.861417902e-05,row,0,-1.000000000e+00,-1.000000
cublas,double,global,global,4096,4096,3,8,8,1,11,7.065800000e-05,6.962438000e-03,4.411000000e-06,7.020211000e-03,6.869261152e-03,6.811488152e-03,1.509498484e-04,14.654166,14.778459,14.778459,1.174079999e-04,2.444799989e-05,9.526984730e-05,row,0,-1.000000000e+00,-1.000000
cublas,double,global,global,4096,4096,3,8,8,1,12,7.367000000e-05,6.947076000e-03,4.357000000e-06,7.022341000e-03,6.913920949e-03,6.838655949e-03,1.427082126e-04,14.559509,14.719749,14.719749,9.715200216e-05,2.185600065e-05,2.723284358e-05,row,0,-1.000000000e+00,-1.000000
cublas,double,global,global,4096,4096,3,8,8,1,13,6.806800000e-05,6.950112000e-03,3.679000000e-06,7.020466000e-03,6.911729828e-03,6.841375828e-03,1.457101125e-04,14.564125,14.713897,14.713897,1.064959988e-04,2.287999913e-05,2.275985332e-05,row,0,-1.000000000e+00,-1.000000
cublas,double,global,global,4096,4096,3,8,8,1,14,6.772700000e-05,6.932231000e-03,3.470000000e-06,6.988306000e-03,6.871850871e-03,6.815775871e-03,1.478170092e-04,14.648644,14.769162,14.769162,9.657599777e-05,2.579200082e-05,2.544901065e-05,row,0,-1.000000000e+00,-1.000000
cublas,double,global,global,4096,4096,3,8,8,1,15,6.925700000e-05,6.940740000e-03,4.623000000e-06,7.000854000e-03,6.851634119e-03,6.791520119e-03,1.492198813e-04,14.691867,14.821909,14.821909,1.049600020e-04,3.103999980e-05,9.273988149e-05,row,0,-1.000000000e+00,-1.000000
cublas,double,global,global,4096,4096,3,8,8,1,16,7.087500000e-05,6.933918000e-03,4.559000000e-06,6.996810000e-03,6.852716009e-03,6.789824009e-03,1.440939911e-04,14.689547,14.825612,14.825612,1.219199970e-04,2.790400013e-05,2.759398358e-05,row,0,-1.000000000e+00,-1.000000
cublas,double,global,global,4096,4096,3,8,8,1,17,6.985100000e-05,6.947820000e-03,4.192000000e-06,7.012333000e-03,6.938913139e-03,6.874400139e-03,1.665431568e-04,14.507070,14.643212,14.643212,1.228479967e-04,2.287999913e-05,2.081516099e-05,row,0,-1.000000000e+00,-1.000000
cublas,double,global,global,4096,4096,3,8,8,1,18,7.364200000e-05,6.947139000e-03,4.455000000e-06,7.024431000e-03,6.881067787e-03,6.803775787e-03,1.602460254e-04,14.629023,14.795211,14.795211,1.057280004e-04,2.783999965e-05,2.667802533e-05,row,0,-1.000000000e+00,-1.000000
cublas,double,global,global,4096,4096,3,8,8,1,19,6.747300000e-05,6.933097000e-03,3.493000000e-06,6.997243000e-03,6.872273880e-03,6.808127880e-03,1.446588553e-04,14.647742,14.785753,14.785753,1.035839990e-04,2.892800048e-05,5.243921735e-05,row,0,-1.000000000e+00,-1.000000
cublas,double,global,global,4096,4096,3,8,8,1,20,6.582100000e-05,6.953026000e-03,4.170000000e-06,7.005373000e-03,6.934363182e-03,6.882016182e-03,1.591019058e-04,14.516588,14.627007,14.627007,1.137280017e-04,2.528000064e-05,2.226194493e-05,row,0,-1.000000000e+00,-1.000000
cublas,double,global,global,4096,4096,6,8,8,1,1,1.114070000e-04,7.000074000e-03,3.525000000e-06,7.114774000e-03,6.899243991e-03,6.784543991e-03,2.548429854e-04,29.180964,29.674300,29.674300,2.190719992e-04,2.537599951e-05,1.418601525e-05,row,0,-1.000000000e+00,-1.000000
cublas,double,global,global,4096,4096,6,8,8,1,2,1.086680000e-04,6.999902000e-03,3.933000000e-06,7.112482000e-03,6.891587912e-03,6.779007912e-03,2.482460531e-04,29.213382,29.698533,29.698533,2.106879950e-04,2.758399956e-05,1.464605878e-05,row,0,-1.000000000e+00,-1.000000
cublas,double,global,global,4096,4096,6,8,8,1,3,1.095840000e-04,7.000952000e-03,3.581000000e-06,7.113961000e-03,6.875121141e-03,6.762112141e-03,2.388398593e-04,29.283352,29.772738,29.772738,2.054080069e-04,2.329600044e-05,1.538385285e-05,row,0,-1.000000000e+00,-1.000000
cublas,double,global,global,4096,4096,6,8,8,1,4,1.143970000e-04,7.004314000e-03,3.954000000e-06,7.109595000e-03,6.927137022e-03,6.821856022e-03,2.421411077e-04,29.063463,29.511997,29.511997,2.048639953e-04,2.672000043e-05,1.311711286e-05,row,0,-1.000000000e+00,-1.000000
cublas,double,global,global,4096,4096,6,8,8,1,5,1.155980000e-04,7.114508000e-03,3.495000000e-06,7.223216000e-03,7.009636020e-03,6.900928020e-03,2.460361862e-04,28.721405,29.173843,29.173843,2.128639966e-04,2.131200023e-05,1.458018962e-05,row,0,-1.000000000e+00,-1.000000
cublas,double,global,global,4096,4096,6,8,8,1,6,1.148170000e-04,6.997687000e-03,3.786000000e-06,7.112581000e-03,6.915149775e-03,6.800255775e-03,2.412379961e-04,29.113844,29.605738,29.605738,2.041600049e-04,2.483199909e-05,1.454999109e-05,row,0,-1.000000000e+00,-1.000000
cublas,double,global,global,4096,4096,6,8,8,1,7,1.071800000e-04,7.001487000e-03,3.418000000e-06,7.106712000e-03,6.977065000e-03,6.871840000e-03,2.391568973e-04,28.855485,29.297334,29.297334,2.016319931e-04,2.831999958e-05,1.477290426e-05,row,0,-1.000000000e+00,-1.000000
cublas,double,global,global,4096,4096,6,8,8,1,8,1.065140000e-04,6.987133000e-03,3.367000000e-06,7.096726000e-03,6.907289114e-03,6.797696114e-03,2.374448047e-04,29.146976,29.616886,29.616886,2.011840045e-04,2.371199988e-05,1.462879931e-05,row,0,-1.000000000e+00,-1.000000
cublas,double,global,global,4096,4096,6,8,8,1,9,1.042560000e-04,6.999487000e-03,3.515000000e-06,7.106580000e-03,6.884149217e-03,6.777056217e-03,2.532739883e-04,29.244949,29.707086,29.707086,2.200960070e-04,2.508799918e-05,1.433477592e-05,row,0,-1.000000000e+00,-1.000000
cublas,double,global,global,4096,4096,6,8,8,1,10,1.152350000e-04,6.940948000e-03,3.100000000e-06,7.059094000e-03,6.862753925e-03,6.744607925e-03,1.963400746e-04,29.336123,29.850007,29.850007,1.548479944e-04,2.393599972e-05,2.238807996e-05,row,0,-1.000000000e+00,-1.000000
cublas,double,global,global,4096,4096,6,8,8,1,11,1.136490000e-04,6.985818000e-03,3.068000000e-06,7.097350000e-03,6.890923766e-03,6.779391766e-03,2.324970513e-04,29.216198,29.696852,29.696852,2.018560022e-04,2.287999913e-05,1.383596811e-05,row,0,-1.000000000e+00,-1.000000
cublas,double,global,global,4096,4096,6,8,8,1,12,1.019630000e-04,6.989688000e-03,3.305000000e-06,7.094569000e-03,6.885553073e-03,6.780672073e-03,2.426440470e-04,29.238986,29.691244,29.691244,2.073280066e-04,2.739199996e-05,1.403992652e-05,row,0,-1.000000000e+00,-1.000000
cublas,double,global,global,4096,4096,6,8,8,1,13,1.064020000e-04,6.998468000e-03,3.416000000e-06,7.107747000e-03,6.869055115e-03,6.759776115e-03,2.386918846e-04,29.309212,29.783027,29.783027,2.063039988e-04,2.409599908e-05,1.344388493e-05,row,0,-1.000000000e+00,-1.000000
cublas,double,global,global,4096,4096,6,8,8,1,14,1.084690000e-04,6.982841000e-03,4.297000000e-06,7.091676000e-03,6.911491174e-03,6.802656174e-03,2.529568701e-04,29.129255,29.595291,29.595291,2.143680006e-04,2.806399949e-05,1.839282554e-05,row,0,-1.000000000e+00,-1.000000
cublas,double,global,global,4096,4096,6,8,8,1,15,1.050800000e-04,6.985636000e-03,3.366000000e-06,7.093249000e-03,6.877149018e-03,6.769536018e-03,2.465250069e-04,29.274717,29.740087,29.740087,2.060800046e-04,2.595200017e-05,1.583806293e-05,row,0,-1.000000000e+00,-1.000000
cublas,double,global,global,4096,4096,6,8,8,1,16,1.125720000e-04,6.973724000e-03,3.802000000e-06,7.088658000e-03,6.918806108e-03,6.803872108e-03,2.442020255e-04,29.098458,29.590002,29.590002,2.065919936e-04,2.908799984e-05,1.527599527e-05,row,0,-1.000000000e+00,-1.000000
cublas,double,global,global,4096,4096,6,8,8,1,17,1.089290000e-04,7.090857000e-03,3.802000000e-06,7.188768000e-03,6.936503052e-03,6.838592052e-03,2.522649475e-04,29.024220,29.439772,29.439772,2.269120067e-04,2.908799984e-05,1.457904916e-05,row,0,-1.000000000e+00,-1.000000
cublas,double,global,global,4096,4096,6,8,8,1,18,1.092640000e-04,6.982658000e-03,3.726000000e-06,7.088911000e-03,6.985645147e-03,6.879392147e-03,2.567378946e-04,28.820043,29.265172,29.265172,2.184000015e-04,2.899199910e-05,1.529789272e-05,row,0,-1.000000000e+00,-1.000000
cublas,double,global,global,4096,4096,6,8,8,1,19,1.138250000e-04,6.999034000e-03,3.410000000e-06,7.107163000e-03,6.874496912e-03,6.766367912e-03,2.554919819e-04,29.286011,29.754012,29.754012,2.180159986e-04,2.649600059e-05,1.428798602e-05,row,0,-1.000000000e+00,-1.000000
cublas,double,global,global,4096,4096,6,8,8,1,20,1.123180000e-04,6.885541000e-03,3.775000000e-06,7.001634000e-03,6.783644994e-03,6.667551994e-03,2.465079460e-04,29.678232,30.194979,30.194979,2.082879990e-04,2.675200067e-05,1.447594689e-05,row,0,-1.000000000e+00,-1.000000
cublas,double,global,global,4096,4096,8,8,8,1,1,1.572690000e-04,7.008880000e-03,5.687000000e-06,7.151048000e-03,6.961399987e-03,6.819231987e-03,2.872400721e-04,38.560556,39.364470,39.364470,2.392639965e-04,2.432000078e-05,2.365607485e-05,row,0,-1.000000000e+00,-1.000000
cublas,double,global,global,4096,4096,8,8,8,1,2,1.672680000e-04,6.998591000e-03,6.436000000e-06,7.139276000e-03,6.946605124e-03,6.805920124e-03,2.734920095e-04,38.642682,39.441464,39.441464,2.226559967e-04,2.569600008e-05,2.514001277e-05,row,0,-1.000000000e+00,-1.000000
cublas,double,global,global,4096,4096,8,8,8,1,3,1.515490000e-04,7.003428000e-03,4.953000000e-06,7.140177000e-03,6.952429027e-03,6.815680027e-03,2.891089861e-04,38.610312,39.384985,39.384985,2.407680005e-04,2.652800083e-05,2.258098509e-05,row,0,-1.000000000e+00,-1.000000
cublas,double,global,global,4096,4096,8,8,8,1,4,1.526780000e-04,6.995412000e-03,5.599000000e-06,7.132145000e-03,6.940285151e-03,6.803552151e-03,2.897260274e-04,38.677871,39.455192,39.455192,2.380159944e-04,2.963200025e-05,2.486203342e-05,row,0,-1.000000000e+00,-1.000000
cublas,double,global,global,4096,4096,8,8,8,1,5,1.446070000e-04,7.003261000e-03,5.246000000e-06,7.137598000e-03,6.859713129e-03,6.725376129e-03,3.092200119e-04,39.132169,39.913821,39.913821,2.725119889e-04,2.982399985e-05,1.795788025e-05,row,0,-1.000000000e+00,-1.000000
cublas,double,global,global,4096,4096,8,8,8,1,6,1.606660000e-04,6.983870000e-03,6.456000000e-06,7.150992000e-03,6.859953993e-03,6.692831993e-03,2.910380069e-04,39.130795,40.107903,40.107903,2.421440035e-04,2.630399913e-05,2.326200379e-05,row,0,-1.000000000e+00,-1.000000
cublas,double,global,global,4096,4096,8,8,8,1,7,1.513640000e-04,6.997845000e-03,5.275000000e-06,7.139828000e-03,6.878015009e-03,6.736032009e-03,3.001150145e-04,39.028042,39.850680,39.850680,2.588160038e-04,3.097599931e-05,1.761081115e-05,row,0,-1.000000000e+00,-1.000000
cublas,double,global,global,4096,4096,8,8,8,1,8,1.557090000e-04,6.997498000e-03,5.162000000e-06,7.139762000e-03,6.835672012e-03,6.693408012e-03,3.040899876e-04,39.269798,40.104451,40.104451,2.668479979e-04,2.678400092e-05,2.868797931e-05,row,0,-1.000000000e+00,-1.000000
cublas,double,global,global,4096,4096,8,8,8,1,9,1.579150000e-04,6.998104000e-03,5.253000000e-06,7.139208000e-03,6.926319855e-03,6.785215855e-03,2.883389576e-04,38.755856,39.561815,39.561815,2.307520062e-04,3.296000138e-05,2.462695007e-05,row,0,-1.000000000e+00,-1.000000
cublas,double,global,global,4096,4096,8,8,8,1,10,1.537600000e-04,7.002356000e-03,6.447000000e-06,7.098635000e-03,6.988470887e-03,6.892191887e-03,2.582010732e-04,38.411186,38.947763,38.947763,2.286079973e-04,2.588799968e-05,2.577378507e-05,row,0,-1.000000000e+00,-1.000000
cublas,double,global,global,4096,4096,8,8,8,1,11,1.555980000e-04,7.009193000e-03,5.926000000e-06,7.142732000e-03,6.992802897e-03,6.859263897e-03,3.037747659e-04,38.387391,39.134732,39.134732,2.705279887e-04,3.331200033e-05,2.144498737e-05,row,0,-1.000000000e+00,-1.000000
cublas,double,global,global,4096,4096,8,8,8,1,12,1.597100000e-04,6.889600000e-03,5.556000000e-06,7.025381000e-03,6.730276773e-03,6.594495773e-03,2.951042267e-04,39.884757,40.705987,40.705987,2.604160011e-04,2.950399928e-05,2.742406911e-05,row,0,-1.000000000e+00,-1.000000
cublas,double,global,global,4096,4096,8,8,8,1,13,1.530290000e-04,6.993786000e-03,4.988000000e-06,7.127987000e-03,6.830008934e-03,6.695807934e-03,1.041307992e-03,39.302358,40.090077,40.090077,2.564480007e-04,8.285440207e-04,2.667889237e-05,row,0,-1.000000000e+00,-1.000000
cublas,double,global,global,4096,4096,8,8,8,1,14,1.538890000e-04,7.017607000e-03,6.172000000e-06,7.177222000e-03,6.924991091e-03,6.765376091e-03,2.935920331e-04,38.763293,39.677832,39.677832,2.647039890e-04,2.950399928e-05,1.939891120e-05,row,0,-1.000000000e+00,-1.000000
cublas,double,global,global,4096,4096,8,8,8,1,15,1.546250000e-04,6.980593000e-03,5.437000000e-06,7.123409000e-03,6.936799936e-03,6.793983936e-03,2.888570949e-04,38.697304,39.510758,39.510758,2.415039986e-04,3.113600053e-05,1.898304648e-05,row,0,-1.000000000e+00,-1.000000
cublas,double,global,global,4096,4096,8,8,8,1,16,1.630270000e-04,6.988772000e-03,5.670000000e-06,7.126237000e-03,6.818777084e-03,6.681312084e-03,3.074599158e-04,39.367097,40.177057,40.177057,2.671999931e-04,2.758399956e-05,2.201194528e-05,row,0,-1.000000000e+00,-1.000000
cublas,double,global,global,4096,4096,8,8,8,1,17,1.553830000e-04,6.963320000e-03,8.176000000e-06,7.120764000e-03,6.845027923e-03,6.687583923e-03,2.757360767e-04,39.216123,40.139378,40.139378,2.411520034e-04,2.912000008e-05,2.303195553e-05,row,0,-1.000000000e+00,-1.000000
cublas,double,global,global,4096,4096,8,8,8,1,18,1.549010000e-04,6.974500000e-03,6.070000000e-06,7.113501000e-03,6.922233212e-03,6.783232212e-03,2.865658899e-04,38.778736,39.573384,39.573384,2.362239957e-04,2.720000036e-05,2.317389412e-05,row,0,-1.000000000e+00,-1.000000
cublas,double,global,global,4096,4096,8,8,8,1,19,1.494190000e-04,6.978983000e-03,5.250000000e-06,7.108529000e-03,6.975849940e-03,6.846303940e-03,2.855830085e-04,38.480681,39.208814,39.208814,2.569920123e-04,3.359999880e-05,1.892203606e-05,row,0,-1.000000000e+00,-1.000000
cublas,double,global,global,4096,4096,8,8,8,1,20,1.550000000e-04,6.988504000e-03,6.434000000e-06,7.129809000e-03,6.828793079e-03,6.687488079e-03,3.010159209e-04,39.309356,40.139953,40.139953,2.687360048e-04,3.212799877e-05,2.674803522e-05,row,0,-1.000000000e+00,-1.000000
cublas,double,global,global,4096,4096,20,8,8,1,1,4.043320000e-04,7.569125000e-03,1.807500000e-05,7.988293000e-03,7.269120221e-03,6.849952221e-03,7.191727791e-04,92.320476,97.969828,97.969828,6.552640200e-04,4.057599977e-05,2.605275771e-05,row,0,-1.000000000e+00,-1.000000
cublas,double,global,global,4096,4096,20,8,8,1,2,3.914980000e-04,7.192676000e-03,1.623900000e-05,7.598912000e-03,6.961756058e-03,6.555520058e-03,6.993159974e-04,96.396460,102.370008,102.370008,6.473600268e-04,3.942399845e-05,1.556588424e-05,row,0,-1.000000000e+00,-1.000000
cublas,double,global,global,4096,4096,20,8,8,1,3,3.726440000e-04,7.381523000e-03,1.668500000e-05,7.766051000e-03,7.056368191e-03,6.671840191e-03,7.096828091e-04,95.103972,100.585239,100.585239,6.613119841e-04,4.041599855e-05,1.576899341e-05,row,0,-1.000000000e+00,-1.000000
cublas,double,global,global,4096,4096,20,8,8,1,4,3.866050000e-04,7.565695000e-03,1.682000000e-05,7.967298000e-03,7.258530872e-03,6.856927872e-03,7.087671283e-04,92.455161,97.870162,97.870162,6.593919992e-04,4.131200165e-05,1.551912830e-05,row,0,-1.000000000e+00,-1.000000
cublas,double,global,global,4096,4096,20,8,8,1,5,3.729840000e-04,7.139970000e-03,1.688000000e-05,7.511669000e-03,6.945010806e-03,6.573311806e-03,6.836819420e-04,96.628883,102.092927,102.092927,6.345279813e-04,4.630399868e-05,1.635396058e-05,row,0,-1.000000000e+00,-1.000000
cublas,double,global,global,4096,4096,20,8,8,1,6,3.782390000e-04,7.300275000e-03,1.722700000e-05,7.682510000e-03,6.939451167e-03,6.557216167e-03,7.430588326e-04,96.706299,102.343529,102.343529,6.890239716e-04,3.865600005e-05,2.301395922e-05,row,0,-1.000000000e+00,-1.000000
cublas,double,global,global,4096,4096,20,8,8,1,7,3.869720000e-04,7.192876000e-03,1.646600000e-05,7.585396000e-03,6.935559799e-03,6.543039799e-03,6.955609697e-04,96.760559,102.565269,102.565269,6.537280083e-04,3.657599911e-05,1.476190506e-05,row,0,-1.000000000e+00,-1.000000
cublas,double,global,global,4096,4096,20,8,8,1,8,3.820950000e-04,8.355664000e-03,1.811900000e-05,8.752772000e-03,7.010579985e-03,6.613471985e-03,1.742192015e-03,95.725124,101.472969,101.472969,6.864640117e-04,1.098016024e-03,1.648596613e-05,row,0,-1.000000000e+00,-1.000000
cublas,double,global,global,4096,4096,20,8,8,1,9,3.944780000e-04,7.234779000e-03,1.836500000e-05,7.638525000e-03,6.957921854e-03,6.554175854e-03,7.375929553e-04,96.449580,102.391003,102.391003,6.831679940e-04,4.073600098e-05,1.980894408e-05,row,0,-1.000000000e+00,-1.000000
cublas,double,global,global,4096,4096,20,8,8,1,10,3.871100000e-04,7.156192000e-03,1.720400000e-05,7.553926000e-03,6.895397975e-03,6.497663975e-03,6.585280252e-04,97.324135,103.281524,103.281524,6.076800227e-04,4.339199886e-05,1.733603239e-05,row,0,-1.000000000e+00,-1.000000
cublas,double,global,global,4096,4096,20,8,8,1,11,3.896170000e-04,7.299811000e-03,1.758000000e-05,7.698885000e-03,7.017474097e-03,6.618400097e-03,7.313142256e-04,95.631082,101.397412,101.397412,6.775680184e-04,4.460800067e-05,2.690123738e-05,row,0,-1.000000000e+00,-1.000000
cublas,double,global,global,4096,4096,20,8,8,1,12,4.082300000e-04,7.489819000e-03,1.719700000e-05,7.906948000e-03,7.168520888e-03,6.751391888e-03,7.384271123e-04,93.616054,99.400042,99.400042,6.885120273e-04,4.313600063e-05,1.546400840e-05,row,0,-1.000000000e+00,-1.000000
cublas,double,global,global,4096,4096,20,8,8,1,13,3.774550000e-04,7.366775000e-03,1.673900000e-05,7.760632000e-03,7.092257021e-03,6.698400021e-03,7.341950575e-04,94.622719,100.186408,100.186408,6.864960194e-04,3.647999838e-05,1.594680215e-05,row,0,-1.000000000e+00,-1.000000
cublas,double,global,global,4096,4096,20,8,8,1,14,3.758820000e-04,7.366497000e-03,1.741700000e-05,7.751389000e-03,7.013916029e-03,6.629024029e-03,7.374729712e-04,95.679594,101.234908,101.234908,6.816959977e-04,4.016000032e-05,1.777009794e-05,row,0,-1.000000000e+00,-1.000000
cublas,double,global,global,4096,4096,20,8,8,1,15,3.777860000e-04,7.170147000e-03,1.554500000e-05,7.563326000e-03,7.201914847e-03,6.808735847e-03,7.254029901e-04,93.181974,98.562884,98.562884,6.785600185e-04,3.884800151e-05,1.644697424e-05,row,0,-1.000000000e+00,-1.000000
cublas,double,global,global,4096,4096,20,8,8,1,16,3.718450000e-04,7.152396000e-03,1.580300000e-05,7.529073000e-03,6.891140902e-03,6.514463902e-03,6.985420843e-04,97.384257,103.015175,103.015175,6.552640200e-04,3.564799950e-05,1.395791917e-05,row,0,-1.000000000e+00,-1.000000
cublas,double,global,global,4096,4096,20,8,8,1,17,3.680000000e-04,7.150347000e-03,1.624000000e-05,7.527925000e-03,6.898090104e-03,6.520512104e-03,6.911980243e-04,97.286152,102.919622,102.919622,6.506239772e-04,3.968000039e-05,1.577295701e-05,row,0,-1.000000000e+00,-1.000000
cublas,double,global,global,4096,4096,20,8,8,1,18,3.761410000e-04,7.165442000e-03,1.607200000e-05,7.549789000e-03,6.891994991e-03,6.507647991e-03,7.141318945e-04,97.372189,103.123070,103.123070,6.708480120e-04,4.131200165e-05,1.472502040e-05,row,0,-1.000000000e+00,-1.000000
cublas,double,global,global,4096,4096,20,8,8,1,19,3.705220000e-04,7.154790000e-03,1.640800000e-05,7.541720000e-03,6.826801788e-03,6.439871788e-03,7.149182120e-04,98.302054,104.208385,104.208385,6.607999802e-04,4.038399830e-05,1.680623082e-05,row,0,-1.000000000e+00,-1.000000
cublas,double,global,global,4096,4096,20,8,8,1,20,3.782580000e-04,7.161403000e-03,1.979400000e-05,7.538750000e-03,6.967906959e-03,6.590559959e-03,6.919540549e-04,96.311366,101.825739,101.825739,6.395840049e-04,4.236799851e-05,1.548305118e-05,row,0,-1.000000000e+00,-1.000000
cublas,double,global,global,4096,4096,32,8,8,1,1,5.951820000e-04,7.646895000e-03,2.670200000e-05,8.254152000e-03,7.216152779e-03,6.608895779e-03,1.146040992e-03,148.796992,162.469172,162.469172,1.078752041e-03,5.715199932e-05,1.625200036e-05,row,0,-1.000000000e+00,-1.000000
cublas,double,global,global,4096,4096,32,8,8,1,2,5.838600000e-04,7.345651000e-03,2.823600000e-05,7.953428000e-03,6.839969039e-03,6.232192039e-03,1.113458961e-03,156.980509,172.289592,172.289592,1.051200032e-03,5.152000114e-05,1.459087525e-05,row,0,-1.000000000e+00,-1.000000
cublas,double,global,global,4096,4096,32,8,8,1,3,5.857180000e-04,7.354275000e-03,2.649600000e-05,7.964070000e-03,6.840195085e-03,6.230400085e-03,1.123874915e-03,156.975322,172.339145,172.339145,1.061087966e-03,5.427199975e-05,1.729905079e-05,row,0,-1.000000000e+00,-1.000000
cublas,double,global,global,4096,4096,32,8,8,1,4,6.056120000e-04,7.345200000e-03,2.729800000e-05,7.975810000e-03,7.024913799e-03,6.394303799e-03,1.136147994e-03,152.847687,167.921616,167.921616,1.067263961e-03,5.440000072e-05,1.840789327e-05,row,0,-1.000000000e+00,-1.000000
cublas,double,global,global,4096,4096,32,8,8,1,5,6.089730000e-04,7.633947000e-03,2.645600000e-05,8.269376000e-03,7.309156989e-03,6.673727989e-03,1.160482024e-03,146.903648,160.890858,160.890858,1.083840013e-03,5.785600096e-05,1.960710527e-05,row,0,-1.000000000e+00,-1.000000
cublas,double,global,global,4096,4096,32,8,8,1,6,6.037180000e-04,7.332290000e-03,2.671800000e-05,7.959761000e-03,6.855791122e-03,6.228320122e-03,1.103969878e-03,156.618223,172.396698,172.396698,1.047647953e-03,5.612799898e-05,1.799498750e-05,row,0,-1.000000000e+00,-1.000000
cublas,double,global,global,4096,4096,32,8,8,1,7,5.864590000e-04,7.318919000e-03,2.656600000e-05,7.930868000e-03,6.821453128e-03,6.209504128e-03,1.678729978e-03,157.406612,172.919093,172.919093,1.045855999e-03,1.074399948e-03,1.549800881e-05,row,0,-1.000000000e+00,-1.000000
cublas,double,global,global,4096,4096,32,8,8,1,8,6.006590000e-04,7.305424000e-03,2.696900000e-05,7.929546000e-03,6.847577906e-03,6.223455906e-03,1.081968094e-03,156.806076,172.531442,172.531442,1.026687980e-03,5.436800048e-05,2.281901088e-05,row,0,-1.000000000e+00,-1.000000
cublas,double,global,global,4096,4096,32,8,8,1,9,5.842980000e-04,7.337195000e-03,2.840100000e-05,7.946206000e-03,6.826834982e-03,6.217823982e-03,1.119371018e-03,157.282522,172.687716,172.687716,1.061023951e-03,5.827200040e-05,1.670703723e-05,row,0,-1.000000000e+00,-1.000000
cublas,double,global,global,4096,4096,32,8,8,1,10,5.926550000e-04,7.277501000e-03,2.582500000e-05,7.895981000e-03,6.857136044e-03,6.238656044e-03,1.038844956e-03,156.587505,172.111079,172.111079,9.838399887e-04,5.231999978e-05,1.640104246e-05,row,0,-1.000000000e+00,-1.000000
cublas,double,global,global,4096,4096,32,8,8,1,11,5.856260000e-04,7.333456000e-03,2.522600000e-05,7.942950000e-03,6.816469937e-03,6.206975937e-03,1.126480063e-03,157.521684,172.989526,172.989526,1.072128057e-03,5.708799884e-05,2.155386719e-05,row,0,-1.000000000e+00,-1.000000
cublas,double,global,global,4096,4096,32,8,8,1,12,5.802250000e-04,7.329173000e-03,2.593300000e-05,7.927317000e-03,6.985248034e-03,6.387104034e-03,1.125926952e-03,153.715633,168.110903,168.110903,1.054080009e-03,5.600000173e-05,1.596187125e-05,row,0,-1.000000000e+00,-1.000000
cublas,double,global,global,4096,4096,32,8,8,1,13,5.856240000e-04,7.329817000e-03,2.635100000e-05,7.934794000e-03,6.816464770e-03,6.211487770e-03,1.118329230e-03,157.521803,172.863872,172.863872,1.059712052e-03,5.443200096e-05,1.522312019e-05,row,0,-1.000000000e+00,-1.000000
cublas,double,global,global,4096,4096,32,8,8,1,14,5.832310000e-04,7.625062000e-03,2.814600000e-05,8.226195000e-03,7.384012829e-03,6.782879829e-03,1.107388093e-03,145.414404,158.301761,158.301761,1.054496050e-03,5.427199975e-05,1.606908046e-05,row,0,-1.000000000e+00,-1.000000
cublas,double,global,global,4096,4096,32,8,8,1,15,6.076820000e-04,7.716434000e-03,2.721900000e-05,8.344424000e-03,7.389878027e-03,6.761888027e-03,1.141539038e-03,145.298991,158.793198,158.793198,1.073408008e-03,5.587200075e-05,2.408024076e-05,row,0,-1.000000000e+00,-1.000000
cublas,double,global,global,4096,4096,32,8,8,1,16,5.877520000e-04,7.891993000e-03,2.638400000e-05,8.505755000e-03,7.386017898e-03,6.772255898e-03,1.119737102e-03,145.374929,158.550096,158.550096,1.065631986e-03,5.615999922e-05,1.907503443e-05,row,0,-1.000000000e+00,-1.000000
cublas,double,global,global,4096,4096,32,8,8,1,17,5.945430000e-04,7.334948000e-03,2.562300000e-05,7.942695000e-03,6.992195051e-03,6.384448051e-03,1.137989985e-03,153.562911,168.180838,168.180838,1.066975951e-03,5.724800006e-05,2.137788932e-05,row,0,-1.000000000e+00,-1.000000
cublas,double,global,global,4096,4096,32,8,8,1,18,5.793230000e-04,7.320692000e-03,2.681500000e-05,7.923726000e-03,6.826362114e-03,6.223328114e-03,1.097363886e-03,157.293417,172.534985,172.534985,1.028704047e-03,5.449600145e-05,1.819904745e-05,row,0,-1.000000000e+00,-1.000000
cublas,double,global,global,4096,4096,32,8,8,1,19,5.837450000e-04,7.308797000e-03,2.463200000e-05,7.910481000e-03,6.818196203e-03,6.216512203e-03,1.092284797e-03,157.481802,172.724156,172.724156,1.030624032e-03,5.478399992e-05,1.506876389e-05,row,0,-1.000000000e+00,-1.000000
cublas,double,global,global,4096,4096,32,8,8,1,20,5.785590000e-04,7.323156000e-03,2.872200000e-05,7.928621000e-03,6.816568916e-03,6.211103916e-03,1.112052084e-03,157.519397,172.874555,172.874555,1.054111958e-03,5.350400135e-05,1.831194083e-05,row,0,-1.000000000e+00,-1.000000
