kernel,scalar,a_mode,x_mode,M,N,k,P,pr,pc,rep,t_bcast_s,t_local_s,t_reduce_s,t_total_s,t_official_s,t_kernel_s,t_transfer_runtime_overhead_s,gflops,gflops_compute,gflops_kernel,t_h2d_X_s,t_d2h_Y_s,t_launch_overhead_s,x_layout,group_timing,t_local_group_s,gflops_local_group
cuda_naive(blk128),double,global,global,4096,4096,3,8,1,8,1,2.539999999e-07,1.396587000e-03,5.406860000e-04,1.456981000e-03,6.110049979e-04,7.308799773e-05,1.324970999e-03,164.750364,1377.289009,1377.289009,1.098847985e-03,4.102399945e-05,1.276138999e-03,row,0,-1.000000000e+00,-1.000000
cuda_naive(blk128),double,global,global,4096,4096,3,8,1,8,2,1.949999999e-07,2.724634000e-03,1.971823000e-03,2.798607000e-03,2.040470001e-03,1.345535994e-03,1.379098006e-03,49.333387,74.812786,74.812786,1.098495960e-03,1.356320024e-03,3.365301372e-05,row,0,-1.000000000e+00,-1.000000
cuda_naive(blk128),double,global,global,4096,4096,3,8,1,8,3,2.349999999e-07,1.387256000e-03,5.562160000e-04,1.460743000e-03,1.352021979e-03,1.334815979e-03,1.152940997e-03,74.453890,75.413613,75.413613,1.091007948e-03,5.123199895e-05,3.737198517e-05,row,0,-1.000000000e+00,-1.000000
cuda_naive(blk128),double,global,global,4096,4096,3,8,1,8,4,1.930000000e-07,1.393682000e-03,5.521780000e-04,1.450960000e-03,1.352129958e-03,1.336959958e-03,1.152248997e-03,74.447944,75.292678,75.292678,1.092447996e-03,5.628800020e-05,3.068100124e-05,row,0,-1.000000000e+00,-1.000000
cuda_naive(blk128),double,global,global,4096,4096,3,8,1,8,5,1.820000000e-07,1.398663000e-03,1.051450000e-03,1.464665000e-03,1.122927999e-03,7.129599899e-05,1.329030999e-03,89.643589,1411.906663,1411.906663,1.274783969e-03,4.819199815e-05,3.026698974e-05,row,0,-1.000000000e+00,-1.000000
cuda_naive(blk128),double,global,global,4096,4096,3,8,1,8,6,1.279999999e-07,1.397500000e-03,1.025604000e-03,1.482911000e-03,1.097323002e-03,7.311999798e-05,1.326524003e-03,91.735338,1376.686253,1376.686253,1.262336016e-03,4.604800045e-05,3.205800152e-05,row,0,-1.000000000e+00,-1.000000
cuda_naive(blk128),double,global,global,4096,4096,3,8,1,8,7,1.210000000e-07,1.404066000e-03,1.038517000e-03,1.473983000e-03,1.108859999e-03,7.168000191e-05,1.333026003e-03,90.780889,1404.342820,1404.342820,1.271936059e-03,4.675199836e-05,3.459602268e-05,row,0,-1.000000000e+00,-1.000000
cuda_naive(blk128),double,global,global,4096,4096,3,8,1,8,8,1.489999999e-07,1.394488000e-03,1.021586000e-03,1.476968000e-03,1.091750997e-03,7.187200338e-05,1.324855999e-03,92.203530,1400.591208,1400.591208,1.258304000e-03,4.268800095e-05,3.360799354e-05,row,0,-1.000000000e+00,-1.000000
cuda_naive(blk128),double,global,global,4096,4096,3,8,1,8,9,1.200000002e-07,1.397579000e-03,5.519560000e-04,1.454886000e-03,6.217080012e-04,7.187200338e-05,1.326826998e-03,161.914107,1400.591208,1400.591208,1.258656025e-03,4.979199916e-05,3.668297142e-05,row,0,-1.000000000e+00,-1.000000
cuda_naive(blk128),double,global,global,4096,4096,3,8,1,8,10,1.170000001e-07,1.395645000e-03,5.496920000e-04,1.452553000e-03,1.349129975e-03,1.334303975e-03,1.155867002e-03,74.613490,75.442551,75.442551,1.091007948e-03,5.033599958e-05,3.657105435e-05,row,0,-1.000000000e+00,-1.000000
cuda_naive(blk128),double,global,global,4096,4096,3,8,1,8,11,1.830000000e-07,1.386973000e-03,5.391720000e-04,1.443146000e-03,1.347341035e-03,1.333312035e-03,1.154875001e-03,74.712559,75.498678,75.498678,1.091231942e-03,4.873599857e-05,3.416000041e-05,row,0,-1.000000000e+00,-1.000000
cuda_naive(blk128),double,global,global,4096,4096,3,8,1,8,12,1.569999999e-07,1.393150000e-03,5.468020000e-04,1.450271000e-03,1.353606010e-03,1.338912010e-03,1.155374003e-03,74.366762,75.182906,75.182906,1.094048023e-03,5.088000000e-05,3.390197915e-05,row,0,-1.000000000e+00,-1.000000
cuda_naive(blk128),double,global,global,4096,4096,3,8,1,8,13,2.569999999e-07,1.380383000e-03,5.375910000e-04,1.437028000e-03,1.343180051e-03,1.328672051e-03,1.147323999e-03,74.944008,75.762334,75.762334,1.085312009e-03,4.662400112e-05,3.300800103e-05,row,0,-1.000000000e+00,-1.000000
cuda_naive(blk128),double,global,global,4096,4096,3,8,1,8,14,1.920000001e-07,1.383527000e-03,1.030134000e-03,1.449611000e-03,1.100680000e-03,7.129599899e-05,1.314215001e-03,91.455551,1411.906663,1411.906663,1.273856044e-03,4.169600084e-05,2.853602515e-05,row,0,-1.000000000e+00,-1.000000
cuda_naive(blk128),double,global,global,4096,4096,3,8,1,8,15,2.250000000e-07,1.393526000e-03,1.023282000e-03,1.475990000e-03,1.093341997e-03,7.206399739e-05,1.322262001e-03,92.069358,1396.859731,1396.859731,1.259328008e-03,5.023999885e-05,3.380500802e-05,row,0,-1.000000000e+00,-1.000000
cuda_naive(blk128),double,global,global,4096,4096,3,8,1,8,16,2.050000001e-07,1.387990000e-03,1.029452000e-03,1.475638000e-03,1.099604997e-03,7.168000191e-05,1.316309998e-03,91.544960,1404.342820,1404.342820,1.256672025e-03,4.150399938e-05,3.175600987e-05,row,0,-1.000000000e+00,-1.000000
cuda_naive(blk128),double,global,global,4096,4096,3,8,1,8,17,1.830000000e-07,1.399029000e-03,5.472930000e-04,1.455856000e-03,6.183160033e-04,7.168000191e-05,1.327444999e-03,162.802346,1404.342820,1404.342820,1.286592007e-03,4.086399823e-05,3.209398878e-05,row,0,-1.000000000e+00,-1.000000
cuda_naive(blk128),double,global,global,4096,4096,3,8,1,8,18,2.120000000e-07,1.394199000e-03,5.409690000e-04,1.449581000e-03,6.111429969e-04,7.126399875e-05,1.323191003e-03,164.713163,1412.540662,1412.540662,1.093119979e-03,5.228799954e-05,1.275991004e-03,row,0,-1.000000000e+00,-1.000000
cuda_naive(blk128),double,global,global,4096,4096,3,8,1,8,19,1.999999999e-07,1.389264000e-03,5.387480000e-04,1.446875000e-03,1.352850008e-03,1.337664008e-03,1.159011997e-03,74.408320,75.253050,75.253050,1.096384048e-03,5.417599902e-05,3.499300380e-05,row,0,-1.000000000e+00,-1.000000
cuda_naive(blk128),double,global,global,4096,4096,3,8,1,8,20,2.309999998e-07,1.383727000e-03,5.425820000e-04,1.441690000e-03,6.143800019e-04,7.168000191e-05,1.314766996e-03,163.845333,1404.342820,1404.342820,1.086176038e-03,5.145600066e-05,1.271470996e-03,row,0,-1.000000000e+00,-1.000000
cuda_naive(blk128),double,global,global,4096,4096,6,8,1,8,1,3.220000000e-07,1.546681000e-03,9.093940000e-04,1.724155000e-03,9.958760013e-04,9.052799642e-05,1.456153004e-03,202.160301,2223.915252,2223.915252,1.385280013e-03,6.351999938e-05,2.449202801e-05,row,0,-1.000000000e+00,-1.000000
cuda_naive(blk128),double,global,global,4096,4096,6,8,1,8,2,1.710000002e-07,1.547716000e-03,1.221769000e-03,1.684331000e-03,1.308717998e-03,9.132800251e-05,1.459748001e-03,153.834969,2204.434417,2204.434417,1.392223954e-03,7.068800181e-05,2.658901195e-05,row,0,-1.000000000e+00,-1.000000
cuda_naive(blk128),double,global,global,4096,4096,6,8,1,8,3,1.860000003e-07,1.553338000e-03,9.071760000e-04,1.727631000e-03,9.938260030e-04,9.100800008e-05,1.462330000e-03,202.577304,2212.185652,2212.185652,1.389727950e-03,6.032000110e-05,2.450198213e-05,row,0,-1.000000000e+00,-1.000000
cuda_naive(blk128),double,global,global,4096,4096,6,8,1,8,4,1.870000002e-07,1.555441000e-03,9.487030000e-04,1.724412000e-03,1.038914001e-03,9.014400095e-05,1.465296999e-03,193.785618,2233.388688,2233.388688,1.392384052e-03,6.511999667e-05,2.473000131e-05,row,0,-1.000000000e+00,-1.000000
cuda_naive(blk128),double,global,global,4096,4096,6,8,1,8,5,1.899999997e-07,1.552875000e-03,1.422822000e-03,1.752653000e-03,1.513021001e-03,9.449599683e-05,1.466859001e-03,133.062655,2130.530380,2130.530380,1.394144058e-03,6.976000220e-05,2.079196601e-05,row,0,-1.000000000e+00,-1.000000
cuda_naive(blk128),double,global,global,4096,4096,6,8,1,8,6,1.860000001e-07,1.543791000e-03,8.939670000e-04,1.712821000e-03,9.802210000e-04,9.161599725e-05,1.452175003e-03,205.388981,2197.504781,2197.504781,1.384799957e-03,7.692799717e-05,2.261997534e-05,row,0,-1.000000000e+00,-1.000000
cuda_naive(blk128),double,global,global,4096,4096,6,8,1,8,7,2.340000000e-07,1.554506000e-03,1.221241000e-03,1.689781000e-03,1.308516000e-03,9.091199934e-05,1.465961996e-03,153.858716,2214.521663,2214.521663,1.395712018e-03,8.070400357e-05,2.520099316e-05,row,0,-1.000000000e+00,-1.000000
cuda_naive(blk128),double,global,global,4096,4096,6,8,1,8,8,2.430000001e-07,1.548566000e-03,9.107180000e-04,1.736910000e-03,9.973600030e-04,9.129600227e-05,1.457269998e-03,201.859500,2205.207096,2205.207096,1.387680054e-03,6.611199677e-05,2.423905409e-05,row,0,-1.000000000e+00,-1.000000
cuda_naive(blk128),double,global,global,4096,4096,6,8,1,8,9,2.170000000e-07,1.539611000e-03,1.211005000e-03,1.672166000e-03,1.299225000e-03,8.969599754e-05,1.451547000e-03,154.958989,2244.543765,2244.543765,1.384799957e-03,7.443200052e-05,2.622098995e-05,row,0,-1.000000000e+00,-1.000000
cuda_naive(blk128),double,global,global,4096,4096,6,8,1,8,10,2.440000000e-07,1.546118000e-03,9.063820000e-04,1.727318000e-03,9.928710015e-04,9.011200070e-05,1.456005999e-03,202.772154,2234.181801,2234.181801,1.388864040e-03,6.032000110e-05,2.316701243e-05,row,0,-1.000000000e+00,-1.000000
cuda_naive(blk128),double,global,global,4096,4096,6,8,1,8,11,2.319999999e-07,1.544972000e-03,1.231462000e-03,1.688433000e-03,1.318801001e-03,9.049600363e-05,1.455020001e-03,152.658810,2224.701467,2224.701467,1.387359977e-03,8.051200211e-05,2.607999109e-05,row,0,-1.000000000e+00,-1.000000
cuda_naive(blk128),double,global,global,4096,4096,6,8,1,8,12,2.260000000e-07,1.545796000e-03,9.045010000e-04,1.725349000e-03,9.915869989e-04,9.020800143e-05,1.455587999e-03,203.034723,2231.804150,2231.804150,1.385215998e-03,6.371200085e-05,2.165501433e-05,row,0,-1.000000000e+00,-1.000000
cuda_naive(blk128),double,global,global,4096,4096,6,8,1,8,13,2.250000000e-07,1.549919000e-03,1.233015000e-03,1.693012000e-03,1.319178999e-03,9.190399945e-05,1.461919000e-03,152.615067,2190.618398,2190.618398,1.389600039e-03,6.889600307e-05,2.541699263e-05,row,0,-1.000000000e+00,-1.000000
cuda_naive(blk128),double,global,global,4096,4096,6,8,1,8,14,3.449999999e-07,1.548200000e-03,9.201840000e-04,1.738794000e-03,1.006914004e-03,9.040000290e-05,1.458087999e-03,199.944177,2227.063999,2227.063999,1.384191990e-03,6.339199841e-05,2.429094627e-05,row,0,-1.000000000e+00,-1.000000
cuda_naive(blk128),double,global,global,4096,4096,6,8,1,8,15,2.480000001e-07,1.545319000e-03,1.216430000e-03,1.676275000e-03,1.304211997e-03,9.276799858e-05,1.456006998e-03,154.366462,2170.215970,2170.215970,1.389536023e-03,7.561600208e-05,2.591901265e-05,row,0,-1.000000000e+00,-1.000000
cuda_naive(blk128),double,global,global,4096,4096,6,8,1,8,16,2.150000000e-07,1.544131000e-03,1.232461000e-03,1.685613000e-03,1.318810001e-03,9.011200070e-05,1.456483003e-03,152.657769,2234.181801,2234.181801,1.385375977e-03,6.598400325e-05,2.651499345e-05,row,0,-1.000000000e+00,-1.000000
cuda_naive(blk128),double,global,global,4096,4096,6,8,1,8,17,1.859999998e-07,1.545200000e-03,9.179840000e-04,1.731173000e-03,1.004398001e-03,9.011200070e-05,1.455087999e-03,200.445034,2234.181801,2234.181801,1.386047959e-03,6.374400109e-05,2.365994268e-05,row,0,-1.000000000e+00,-1.000000
cuda_naive(blk128),double,global,global,4096,4096,6,8,1,8,18,1.770000000e-07,1.544486000e-03,1.223351000e-03,1.675636000e-03,1.309535999e-03,9.174399823e-05,1.457574001e-03,153.738876,2194.438829,2194.438829,1.386752009e-03,7.007999718e-05,2.619599784e-05,row,0,-1.000000000e+00,-1.000000
cuda_naive(blk128),double,global,global,4096,4096,6,8,1,8,19,1.749999998e-07,1.547735000e-03,9.140730000e-04,1.726253000e-03,1.000865996e-03,9.161599725e-05,1.457494998e-03,201.152395,2197.504781,2197.504781,1.382591963e-03,5.817599967e-05,2.542004758e-05,row,0,-1.000000000e+00,-1.000000
cuda_naive(blk128),double,global,global,4096,4096,6,8,1,8,20,1.880000000e-07,1.550920000e-03,1.306129000e-03,1.758278000e-03,1.392770003e-03,9.455999732e-05,1.459591997e-03,144.551212,2129.088385,2129.088385,1.394335985e-03,7.913599908e-05,2.566798722e-05,row,0,-1.000000000e+00,-1.000000
cuda_naive(blk128),double,global,global,4096,4096,8,8,1,8,1,4.990000000e-07,1.785236000e-03,1.534958000e-03,2.007177000e-03,1.649277998e-03,1.142399982e-04,1.671251996e-03,162.759375,2349.750178,2349.750178,1.583616018e-03,9.273599833e-05,2.551399664e-05,row,0,-1.000000000e+00,-1.000000
cuda_naive(blk128),double,global,global,4096,4096,8,8,1,8,2,1.750000000e-07,1.780408000e-03,1.537860000e-03,2.004914000e-03,1.651061997e-03,1.148160025e-04,1.667288003e-03,162.583511,2337.962044,2337.962044,1.581408024e-03,8.444800228e-05,2.504997167e-05,row,0,-1.000000000e+00,-1.000000
cuda_naive(blk128),double,global,global,4096,4096,8,8,1,8,3,1.999999999e-07,1.774702000e-03,1.525448000e-03,1.993964000e-03,1.639868999e-03,1.146880016e-04,1.661550003e-03,163.693232,2340.571396,2340.571396,1.574784040e-03,8.380799741e-05,2.460297414e-05,row,0,-1.000000000e+00,-1.000000
cuda_naive(blk128),double,global,global,4096,4096,8,8,1,8,4,1.860000001e-07,1.773794000e-03,1.505035000e-03,2.022051000e-03,1.618165004e-03,1.146240011e-04,1.661153999e-03,165.888803,2341.878258,2341.878258,1.583135962e-03,7.523199916e-05,2.618998895e-05,row,0,-1.000000000e+00,-1.000000
cuda_naive(blk128),double,global,global,4096,4096,8,8,1,8,5,1.880000000e-07,1.772214000e-03,1.307990000e-03,1.968112000e-03,1.421085004e-03,1.140479967e-04,1.658742000e-03,188.894722,2353.706016,2353.706016,1.581408024e-03,8.019199967e-05,2.078300058e-05,row,0,-1.000000000e+00,-1.000000
cuda_naive(blk128),double,global,global,4096,4096,8,8,1,8,6,2.029999999e-07,1.770909000e-03,1.566738000e-03,2.016225000e-03,1.679938997e-03,1.141119972e-04,1.658268999e-03,159.788812,2352.385925,2352.385925,1.575135946e-03,8.374399692e-05,7.336789980e-04,row,0,-1.000000000e+00,-1.000000
cuda_naive(blk128),double,global,global,4096,4096,8,8,1,8,7,2.000000001e-07,1.772243000e-03,1.522751000e-03,1.992722000e-03,1.635451001e-03,1.146880016e-04,1.658195003e-03,164.135432,2340.571396,2340.571396,1.576895952e-03,8.118399978e-05,2.424998325e-05,row,0,-1.000000000e+00,-1.000000
cuda_naive(blk128),double,global,global,4096,4096,8,8,1,8,8,1.840000001e-07,1.776724000e-03,1.509060000e-03,2.038794000e-03,1.623032002e-03,1.146560013e-04,1.663540002e-03,165.391351,2341.224645,2341.224645,1.584735990e-03,8.300799876e-05,2.497799471e-05,row,0,-1.000000000e+00,-1.000000
cuda_naive(blk128),double,global,global,4096,4096,8,8,1,8,9,2.049999999e-07,1.776067000e-03,1.525455000e-03,1.994389000e-03,1.640194002e-03,1.153599992e-04,1.663426999e-03,163.660796,2326.937047,2326.937047,1.575103998e-03,8.371199667e-05,2.434401149e-05,row,0,-1.000000000e+00,-1.000000
cuda_naive(blk128),double,global,global,4096,4096,8,8,1,8,10,2.229999998e-07,1.778681000e-03,1.512649000e-03,2.031743000e-03,1.625815996e-03,1.146880016e-04,1.664313001e-03,165.108141,2340.571396,2340.571396,1.585600019e-03,8.252800256e-05,2.551100525e-05,row,0,-1.000000000e+00,-1.000000
cuda_naive(blk128),double,global,global,4096,4096,8,8,1,8,11,1.680000001e-07,1.772886000e-03,1.524350000e-03,1.991426000e-03,1.637901000e-03,1.145920008e-04,1.660149998e-03,163.889915,2342.532236,2342.532236,1.570495963e-03,7.532799989e-05,2.197403403e-05,row,0,-1.000000000e+00,-1.000000
cuda_naive(blk128),double,global,global,4096,4096,8,8,1,8,12,2.120000000e-07,1.780210000e-03,1.529459000e-03,1.999520000e-03,1.642451003e-03,1.139520034e-04,1.667249997e-03,163.435899,2355.688781,2355.688781,1.575359941e-03,8.448000252e-05,2.024295924e-05,row,0,-1.000000000e+00,-1.000000
cuda_naive(blk128),double,global,global,4096,4096,8,8,1,8,13,2.500000000e-07,1.777820000e-03,1.516029000e-03,2.035634000e-03,1.628973002e-03,1.143679991e-04,1.665179999e-03,164.788155,2347.120331,2347.120331,1.583359957e-03,7.811199874e-05,2.608500573e-05,row,0,-1.000000000e+00,-1.000000
cuda_naive(blk128),double,global,global,4096,4096,8,8,1,8,14,2.210000001e-07,1.770118000e-03,1.506678000e-03,2.027049000e-03,1.619781004e-03,1.139840037e-04,1.656229997e-03,165.723302,2355.027437,2355.027437,1.583647966e-03,7.667200267e-05,2.345101056e-05,row,0,-1.000000000e+00,-1.000000
cuda_naive(blk128),double,global,global,4096,4096,8,8,1,8,15,1.839999999e-07,1.782825000e-03,1.529331000e-03,2.001944000e-03,1.642501997e-03,1.141439974e-04,1.670152999e-03,163.430825,2351.726434,2351.726434,1.580064058e-03,8.841600269e-05,2.224901170e-05,row,0,-1.000000000e+00,-1.000000
cuda_naive(blk128),double,global,global,4096,4096,8,8,1,8,16,1.909999998e-07,1.775826000e-03,1.535198000e-03,2.012619000e-03,1.649994001e-03,1.146240011e-04,1.662674003e-03,162.688747,2341.878258,2341.878258,1.572864056e-03,8.163200319e-05,2.107394519e-05,row,0,-1.000000000e+00,-1.000000
cuda_naive(blk128),double,global,global,4096,4096,8,8,1,8,17,4.751000000e-06,1.784562000e-03,1.534016000e-03,2.023455000e-03,1.647656001e-03,1.142719984e-04,1.670482003e-03,162.919600,2349.092164,2349.092164,1.580896020e-03,8.822400123e-05,2.173201472e-05,row,0,-1.000000000e+00,-1.000000
cuda_naive(blk128),double,global,global,4096,4096,8,8,1,8,18,1.820000000e-07,1.783250000e-03,1.533984000e-03,2.013335000e-03,1.648232998e-03,1.142079979e-04,1.670385997e-03,162.862566,2350.408561,2350.408561,1.581696033e-03,9.449599683e-05,2.463197370e-05,row,0,-1.000000000e+00,-1.000000
cuda_naive(blk128),double,global,global,4096,4096,8,8,1,8,19,1.940000001e-07,1.772032000e-03,1.517023000e-03,2.033172000e-03,1.630541999e-03,1.145280004e-04,1.658816002e-03,164.629587,2343.841289,2343.841289,1.582368016e-03,7.334399968e-05,2.509400215e-05,row,0,-1.000000000e+00,-1.000000
cuda_naive(blk128),double,global,global,4096,4096,8,8,1,8,20,3.099999999e-07,1.773725000e-03,1.519655000e-03,2.037659000e-03,1.632637001e-03,1.139840037e-04,1.660796997e-03,164.418334,2355.027437,2355.027437,1.582496047e-03,7.526399940e-05,2.598201095e-05,row,0,-1.000000000e+00,-1.000000
cuda_naive(blk128),double,global,global,4096,4096,20,8,1,8,1,3.070000001e-07,3.035227000e-03,2.575658000e-03,3.675295000e-03,3.383651918e-03,2.743583918e-03,3.195989453e-04,198.332647,244.602921,244.602921,1.183359995e-04,1.919039935e-04,2.807898256e-05,row,0,-1.000000000e+00,-1.000000
cuda_naive(blk128),double,global,global,4096,4096,20,8,1,8,2,2.840000000e-07,2.990480000e-03,2.761671000e-03,3.687341000e-03,3.407747007e-03,2.741951942e-03,3.192229825e-04,196.930300,244.748505,244.748505,1.201919988e-04,1.834560037e-04,3.926900624e-05,row,0,-1.000000000e+00,-1.000000
cuda_naive(blk128),double,global,global,4096,4096,20,8,1,8,3,2.710000000e-07,3.040539000e-03,2.578510000e-03,3.675816000e-03,3.371532884e-03,2.736255884e-03,3.044029882e-04,199.045557,245.257998,245.257998,1.108480021e-04,1.990080029e-04,2.488198582e-05,row,0,-1.000000000e+00,-1.000000
cuda_naive(blk128),double,global,global,4096,4096,20,8,1,8,4,5.359999999e-07,3.025500000e-03,2.572626000e-03,3.679252000e-03,3.369239957e-03,2.715487957e-03,3.191110105e-04,199.181017,247.133720,247.133720,1.210239977e-04,1.931519955e-04,2.509500687e-05,row,0,-1.000000000e+00,-1.000000
cuda_naive(blk128),double,global,global,4096,4096,20,8,1,8,5,2.769999998e-07,3.010982000e-03,2.263737000e-03,3.548964000e-03,3.234651001e-03,2.734175920e-03,3.143129992e-04,207.468639,245.444573,245.444573,1.364479959e-04,1.870079935e-04,2.345005341e-05,row,0,-1.000000000e+00,-1.000000
cuda_naive(blk128),double,global,global,4096,4096,20,8,1,8,6,2.980000000e-07,3.026245000e-03,2.583548000e-03,3.668505000e-03,3.373011991e-03,2.730751991e-03,3.096889834e-04,198.958273,245.752321,245.752321,1.153279990e-04,1.897280067e-04,1.005060028e-04,row,0,-1.000000000e+00,-1.000000
cuda_naive(blk128),double,global,global,4096,4096,20,8,1,8,7,2.660000000e-07,3.019857000e-03,1.951886000e-03,3.569046000e-03,3.283801956e-03,2.769088030e-03,3.216790698e-04,204.363311,242.350056,242.350056,1.167360023e-04,1.809920073e-04,2.676706684e-05,row,0,-1.000000000e+00,-1.000000
cuda_naive(blk128),double,global,global,4096,4096,20,8,1,8,8,2.870000000e-07,3.024698000e-03,2.566189000e-03,3.667386000e-03,3.374400103e-03,2.731712103e-03,3.049039900e-04,198.876428,245.665947,245.665947,1.124799997e-04,1.845439970e-04,2.498100672e-05,row,0,-1.000000000e+00,-1.000000
cuda_naive(blk128),double,global,global,4096,4096,20,8,1,8,9,3.019999999e-07,3.021155000e-03,2.581777000e-03,3.656575000e-03,3.358683979e-03,2.723263979e-03,3.114390141e-04,199.807021,246.428053,246.428053,1.157760024e-04,1.900160015e-04,2.363101303e-05,row,0,-1.000000000e+00,-1.000000
cuda_naive(blk128),double,global,global,4096,4096,20,8,1,8,10,4.809999998e-07,3.022213000e-03,2.574159000e-03,3.666503000e-03,3.368514091e-03,2.724224091e-03,3.049699832e-04,199.223937,246.341203,246.341203,1.160959974e-04,1.902080029e-04,2.436198482e-05,row,0,-1.000000000e+00,-1.000000
cuda_naive(blk128),double,global,global,4096,4096,20,8,1,8,11,5.050000000e-07,3.009089000e-03,2.573445000e-03,3.647014000e-03,3.387059052e-03,2.708832026e-03,3.168399729e-04,198.133138,247.740958,247.740958,1.219839975e-04,1.813119948e-04,2.515407460e-05,row,0,-1.000000000e+00,-1.000000
cuda_naive(blk128),double,global,global,4096,4096,20,8,1,8,12,2.830000001e-07,3.035144000e-03,2.581827000e-03,3.682438000e-03,3.370589927e-03,2.723295927e-03,3.118480730e-04,199.101242,246.425162,246.425162,1.114879996e-04,1.986559927e-04,2.979298436e-05,row,0,-1.000000000e+00,-1.000000
cuda_naive(blk128),double,global,global,4096,4096,20,8,1,8,13,2.250000000e-07,3.002184000e-03,2.564094000e-03,3.649183000e-03,3.375716977e-03,2.685760021e-03,3.164239788e-04,198.798846,249.869175,249.869175,1.126400009e-04,1.842560023e-04,2.461597709e-05,row,0,-1.000000000e+00,-1.000000
cuda_naive(blk128),double,global,global,4096,4096,20,8,1,8,14,4.320000000e-07,3.028334000e-03,2.578021000e-03,3.675949000e-03,3.374655052e-03,2.727040052e-03,3.077879791e-04,198.861403,246.086829,246.086829,1.096000001e-04,1.884800047e-04,9.418798437e-05,row,0,-1.000000000e+00,-1.000000
cuda_naive(blk128),double,global,global,4096,4096,20,8,1,8,15,2.930000000e-07,3.044307000e-03,2.597740000e-03,3.683710000e-03,3.374474898e-03,2.735071898e-03,3.092351025e-04,198.872020,245.364168,245.364168,1.161599979e-04,1.984640062e-04,2.458599695e-05,row,0,-1.000000000e+00,-1.000000
cuda_naive(blk128),double,global,global,4096,4096,20,8,1,8,16,2.900000000e-07,3.023257000e-03,2.570687000e-03,3.667248000e-03,3.360374934e-03,2.716383934e-03,3.146709990e-04,199.706477,247.052205,247.052205,1.177280024e-04,1.893759966e-04,2.423900032e-05,row,0,-1.000000000e+00,-1.000000
cuda_naive(blk128),double,global,global,4096,4096,20,8,1,8,17,4.030000000e-07,3.026058000e-03,2.584100000e-03,3.657513000e-03,3.353406962e-03,2.721951962e-03,3.241519759e-04,200.121443,246.546835,246.546835,1.199679971e-04,1.959359944e-04,2.405597071e-05,row,0,-1.000000000e+00,-1.000000
cuda_naive(blk128),double,global,global,4096,4096,20,8,1,8,18,2.950000000e-07,3.038323000e-03,1.984817000e-03,3.612887000e-03,3.316312004e-03,2.759615898e-03,3.033850117e-04,202.359922,243.181901,243.181901,1.184640005e-04,1.849280000e-04,2.787099924e-05,row,0,-1.000000000e+00,-1.000000
cuda_naive(blk128),double,global,global,4096,4096,20,8,1,8,19,3.500000001e-07,3.048353000e-03,2.582462000e-03,3.701896000e-03,3.398758893e-03,2.745215893e-03,3.193059845e-04,197.451088,244.457509,244.457509,1.128640026e-04,1.959359944e-04,2.845798269e-05,row,0,-1.000000000e+00,-1.000000
cuda_naive(blk128),double,global,global,4096,4096,20,8,1,8,20,3.380000000e-07,2.995613000e-03,2.783236000e-03,3.718516000e-03,3.419317976e-03,2.727103949e-03,3.302699774e-04,196.263888,246.081064,246.081064,1.246400028e-04,1.879040003e-04,2.534197263e-05,row,0,-1.000000000e+00,-1.000000
cuda_naive(blk128),double,global,global,4096,4096,32,8,1,8,1,4.360000001e-07,4.273357000e-03,3.599879000e-03,5.358880000e-03,4.861010900e-03,3.775487900e-03,4.978691002e-04,220.888586,284.398163,284.398163,1.889600009e-04,3.211840093e-04,2.756510546e-05,row,0,-1.000000000e+00,-1.000000
cuda_naive(blk128),double,global,global,4096,4096,32,8,1,8,2,3.790000001e-07,4.293823000e-03,3.632406000e-03,5.399658000e-03,4.923466960e-03,3.817631960e-03,5.211020188e-04,218.086530,281.258601,281.258601,1.920319945e-04,3.169279993e-04,2.940703552e-05,row,0,-1.000000000e+00,-1.000000
cuda_naive(blk128),double,global,global,4096,4096,32,8,1,8,3,3.759999998e-07,4.295277000e-03,3.626193000e-03,5.387617000e-03,4.892116077e-03,3.799776077e-03,5.253929908e-04,219.484127,282.580290,282.580290,2.019519955e-04,3.168320060e-04,2.678498022e-05,row,0,-1.000000000e+00,-1.000000
cuda_naive(blk128),double,global,global,4096,4096,32,8,1,8,4,5.199999999e-07,4.288927000e-03,3.614481000e-03,5.384128000e-03,4.904513105e-03,3.809312105e-03,5.265240241e-04,218.929341,281.872893,281.872893,1.956160069e-04,3.151040077e-04,2.656796143e-05,row,0,-1.000000000e+00,-1.000000
cuda_naive(blk128),double,global,global,4096,4096,32,8,1,8,5,6.520000000e-07,4.322412000e-03,3.611792000e-03,5.421398000e-03,4.945129961e-03,3.846143961e-03,5.220100719e-04,217.131164,279.173592,279.173592,1.961919963e-04,3.190720081e-04,2.095702514e-05,row,0,-1.000000000e+00,-1.000000
cuda_naive(blk128),double,global,global,4096,4096,32,8,1,8,6,3.390000001e-07,4.293393000e-03,3.604026000e-03,5.388168000e-03,4.882647076e-03,3.787872076e-03,5.055209240e-04,219.909776,283.468344,283.468344,1.881600022e-04,3.210879862e-04,1.127300109e-04,row,0,-1.000000000e+00,-1.000000
cuda_naive(blk128),double,global,global,4096,4096,32,8,1,8,7,3.380000000e-07,4.305717000e-03,3.648627000e-03,5.422234000e-03,4.886309080e-03,3.769792080e-03,5.359249201e-04,219.744966,284.827864,284.827864,1.880639941e-04,3.179840147e-04,2.987691127e-05,row,0,-1.000000000e+00,-1.000000
cuda_naive(blk128),double,global,global,4096,4096,32,8,1,8,8,5.350000001e-07,4.297784000e-03,3.622887000e-03,5.391430000e-03,4.882542084e-03,3.788896084e-03,5.088879162e-04,219.914505,283.391732,283.391732,1.886399984e-04,3.132799864e-04,2.839800658e-05,row,0,-1.000000000e+00,-1.000000
cuda_naive(blk128),double,global,global,4096,4096,32,8,1,8,9,3.120000001e-07,4.295515000e-03,3.623907000e-03,5.389258000e-03,4.863375101e-03,3.769632101e-03,5.258828989e-04,220.781207,284.839951,284.839951,1.821119934e-04,3.175680041e-04,2.917890169e-05,row,0,-1.000000000e+00,-1.000000
cuda_naive(blk128),double,global,global,4096,4096,32,8,1,8,10,7.129999999e-07,4.318531000e-03,3.187496000e-03,5.431977000e-03,4.924055028e-03,3.814111948e-03,5.079219724e-04,218.060484,281.518172,281.518172,1.815039963e-04,3.258239925e-04,2.980997512e-05,row,0,-1.000000000e+00,-1.000000
cuda_naive(blk128),double,global,global,4096,4096,32,8,1,8,11,3.680000000e-07,4.309952000e-03,3.611815000e-03,5.396394000e-03,4.875753886e-03,3.789311886e-03,5.206401142e-04,220.220677,283.360635,283.360635,1.924799979e-04,3.215039968e-04,2.648599115e-05,row,0,-1.000000000e+00,-1.000000
cuda_naive(blk128),double,global,global,4096,4096,32,8,1,8,12,3.589999999e-07,4.307679000e-03,3.169822000e-03,5.441009000e-03,4.922131004e-03,3.807071924e-03,5.188779958e-04,218.145722,282.038755,282.038755,1.830720007e-04,3.228799999e-04,2.966199592e-05,row,0,-1.000000000e+00,-1.000000
cuda_naive(blk128),double,global,global,4096,4096,32,8,1,8,13,6.890000002e-07,4.391303000e-03,3.143556000e-03,5.288642000e-03,4.774330049e-03,3.862816095e-03,5.284869046e-04,224.898952,277.968663,277.968663,2.071039975e-04,3.315519989e-04,2.745287310e-05,row,0,-1.000000000e+00,-1.000000
cuda_naive(blk128),double,global,global,4096,4096,32,8,1,8,14,3.800000001e-07,4.303793000e-03,3.624613000e-03,5.415501000e-03,4.904412105e-03,3.792704105e-03,5.110888946e-04,218.933850,283.107196,283.107196,1.850239933e-04,3.221440017e-04,2.888598892e-05,row,0,-1.000000000e+00,-1.000000
cuda_naive(blk128),double,global,global,4096,4096,32,8,1,8,15,4.350000000e-07,4.317091000e-03,3.167313000e-03,5.440252000e-03,4.900677022e-03,3.807647943e-03,5.395749783e-04,219.100712,281.996088,281.996088,1.901759952e-04,3.233599961e-04,2.984697875e-05,row,0,-1.000000000e+00,-1.000000
cuda_naive(blk128),double,global,global,4096,4096,32,8,1,8,16,3.880000001e-07,4.266675000e-03,3.595513000e-03,5.211792000e-03,4.690976931e-03,3.757855892e-03,5.208150694e-04,228.895141,285.732571,285.732571,2.080959976e-04,3.188160062e-04,2.692706381e-05,row,0,-1.000000000e+00,-1.000000
cuda_naive(blk128),double,global,global,4096,4096,32,8,1,8,17,3.600000000e-07,4.302592000e-03,3.626991000e-03,5.406003000e-03,4.887603085e-03,3.784192085e-03,5.183999147e-04,219.686788,283.744007,283.744007,1.876160055e-04,3.214400113e-04,2.879700975e-05,row,0,-1.000000000e+00,-1.000000
cuda_naive(blk128),double,global,global,4096,4096,32,8,1,8,18,3.950000000e-07,4.303247000e-03,3.633772000e-03,5.409312000e-03,4.898896898e-03,3.792831898e-03,5.104151023e-04,219.180327,283.097657,283.097657,1.866240054e-04,3.169920146e-04,2.921601925e-05,row,0,-1.000000000e+00,-1.000000
cuda_naive(blk128),double,global,global,4096,4096,32,8,1,8,19,4.249999999e-07,4.294363000e-03,3.604982000e-03,5.378956000e-03,4.851664962e-03,3.767071962e-03,5.272910376e-04,221.314092,285.033531,285.033531,1.844480038e-04,3.129920065e-04,2.985102733e-05,row,0,-1.000000000e+00,-1.000000
cuda_naive(blk128),double,global,global,4096,4096,32,8,1,8,20,4.490000001e-07,4.291786000e-03,3.653760000e-03,5.513197000e-03,5.018004947e-03,3.833631992e-03,5.216019545e-04,213.977833,280.084741,280.084741,1.961279958e-04,3.261120021e-04,2.582597179e-05,row,0,-1.000000000e+00,-1.000000
cuda_naive(blk128),double,global,global,4096,4096,3,8,2,4,1,1.488200000e-05,1.494845000e-03,7.366770000e-04,1.524239000e-03,8.225769964e-04,8.396799862e-05,1.412957002e-03,122.375530,1198.829288,1198.829288,1.378432035e-03,3.350400180e-05,2.149599947e-05,row,0,-1.000000000e+00,-1.000000
cuda_naive(blk128),double,global,global,4096,4096,3,8,2,4,2,5.662000000e-06,1.478254000e-03,1.123883000e-03,1.534961000e-03,1.209665003e-03,8.163200319e-05,1.397837999e-03,83.215845,1233.135193,1233.135193,1.346624017e-03,2.828799933e-05,3.018104103e-05,row,0,-1.000000000e+00,-1.000000
cuda_naive(blk128),double,global,global,4096,4096,3,8,2,4,3,1.481000000e-05,1.479865000e-03,1.276374000e-03,1.508136000e-03,1.360927999e-03,8.240000159e-05,1.397464998e-03,73.966658,1221.641918,1221.641918,1.360512018e-03,3.100799955e-05,2.049401807e-05,row,0,-1.000000000e+00,-1.000000
cuda_naive(blk128),double,global,global,4096,4096,3,8,2,4,4,4.814000000e-06,1.471999000e-03,1.254199000e-03,1.522511000e-03,1.340900999e-03,8.201599866e-05,1.390015002e-03,75.071386,1227.361706,1227.361706,1.345695972e-03,3.046399914e-05,2.510499637e-05,row,0,-1.000000000e+00,-1.000000
cuda_naive(blk128),double,global,global,4096,4096,3,8,2,4,5,1.056600000e-05,1.480409000e-03,1.112888000e-03,1.539893000e-03,1.199538001e-03,8.300799876e-05,1.397401001e-03,83.918389,1212.693927,1212.693927,1.362496018e-03,2.662399970e-05,1.191039000e-03,row,0,-1.000000000e+00,-1.000000
cuda_naive(blk128),double,global,global,4096,4096,3,8,2,4,6,4.792000000e-06,1.492722000e-03,1.124636000e-03,1.511313000e-03,1.210960001e-03,8.294399828e-05,1.411858003e-03,83.126855,1213.629655,1213.629655,1.370751977e-03,2.860799991e-05,2.683095638e-05,row,0,-1.000000000e+00,-1.000000
cuda_naive(blk128),double,global,global,4096,4096,3,8,2,4,7,5.437000000e-06,1.472299000e-03,1.109380000e-03,1.490086000e-03,1.196409002e-03,8.345600218e-05,1.391946999e-03,84.137862,1206.184018,1206.184018,1.356448054e-03,2.854399942e-05,3.133498787e-05,row,0,-1.000000000e+00,-1.000000
cuda_naive(blk128),double,global,global,4096,4096,3,8,2,4,8,4.330000000e-06,1.476534000e-03,1.262406000e-03,1.493392000e-03,1.349514001e-03,8.336000144e-05,1.396213999e-03,74.592258,1207.573108,1207.573108,1.357056022e-03,3.315199912e-05,2.636099538e-05,row,0,-1.000000000e+00,-1.000000
cuda_naive(blk128),double,global,global,4096,4096,3,8,2,4,9,4.190000000e-06,1.482681000e-03,1.264811000e-03,1.540236000e-03,1.350725997e-03,8.396799862e-05,1.399737002e-03,74.525327,1198.829288,1198.829288,1.355872035e-03,2.896000072e-05,2.642699667e-05,row,0,-1.000000000e+00,-1.000000
cuda_naive(blk128),double,global,global,4096,4096,3,8,2,4,10,4.654000000e-06,1.476872000e-03,1.262400000e-03,1.494126000e-03,1.347884998e-03,8.211199939e-05,1.397000003e-03,74.682407,1225.926743,1225.926743,1.359040022e-03,2.601600066e-05,2.872294684e-05,row,0,-1.000000000e+00,-1.000000
cuda_naive(blk128),double,global,global,4096,4096,3,8,2,4,11,4.305000000e-06,1.476037000e-03,1.264057000e-03,1.539499000e-03,1.350218998e-03,8.230400085e-05,1.394117002e-03,74.553310,1223.066861,1223.066861,1.351008058e-03,2.659199946e-05,2.675398828e-05,row,0,-1.000000000e+00,-1.000000
cuda_naive(blk128),double,global,global,4096,4096,3,8,2,4,12,4.656000000e-06,1.480551000e-03,1.113145000e-03,1.499231000e-03,1.198851998e-03,8.214399964e-05,1.399335000e-03,83.966408,1225.449168,1225.449168,1.363680005e-03,3.142400086e-05,3.232602527e-05,row,0,-1.000000000e+00,-1.000000
cuda_naive(blk128),double,global,global,4096,4096,3,8,2,4,13,4.344000000e-06,1.481316000e-03,1.120782000e-03,1.500205000e-03,1.205116004e-03,8.185599744e-05,1.399747997e-03,83.529964,1229.760789,1229.760789,1.363935947e-03,2.924799919e-05,3.652699241e-05,row,0,-1.000000000e+00,-1.000000
cuda_naive(blk128),double,global,global,4096,4096,3,8,2,4,14,4.558000000e-06,1.491084000e-03,7.337770000e-04,1.523104000e-03,8.201900011e-04,8.310399950e-05,1.409164002e-03,122.731679,1211.293038,1211.293038,1.359200001e-03,3.091200069e-05,2.426797591e-05,row,0,-1.000000000e+00,-1.000000
cuda_naive(blk128),double,global,global,4096,4096,3,8,2,4,15,1.035500000e-05,1.481351000e-03,1.121645000e-03,1.538167000e-03,1.207321002e-03,8.217599988e-05,1.399431002e-03,83.377408,1224.971964,1224.971964,1.359743953e-03,3.177599981e-05,2.461200559e-05,row,0,-1.000000000e+00,-1.000000
cuda_naive(blk128),double,global,global,4096,4096,3,8,2,4,16,4.280000000e-06,1.478813000e-03,1.259617000e-03,1.524609000e-03,1.345700998e-03,8.313599974e-05,1.396508999e-03,74.803613,1210.826794,1210.826794,1.349920034e-03,2.607999928e-05,3.253899301e-05,row,0,-1.000000000e+00,-1.000000
cuda_naive(blk128),double,global,global,4096,4096,3,8,2,4,17,1.063400000e-05,1.464300000e-03,7.336210000e-04,1.510575000e-03,8.195709982e-04,8.227200061e-05,1.384428003e-03,122.824375,1223.542581,1223.542581,1.352159977e-03,3.136000037e-05,1.970999431e-05,row,0,-1.000000000e+00,-1.000000
cuda_naive(blk128),double,global,global,4096,4096,3,8,2,4,18,4.357000000e-06,1.488474000e-03,1.114502000e-03,1.539150000e-03,1.197047003e-03,8.361600339e-05,1.406458001e-03,84.093019,1203.875956,1203.875956,1.352735996e-03,3.593600169e-05,3.161101988e-05,row,0,-1.000000000e+00,-1.000000
cuda_naive(blk128),double,global,global,4096,4096,3,8,2,4,19,4.325000000e-06,1.482699000e-03,1.132489000e-03,1.538921000e-03,1.217654999e-03,8.217599988e-05,1.400843003e-03,82.669801,1224.971964,1224.971964,1.359295964e-03,2.979199961e-05,2.637798607e-05,row,0,-1.000000000e+00,-1.000000
cuda_naive(blk128),double,global,global,4096,4096,3,8,2,4,20,1.024600000e-05,1.473201000e-03,1.104675000e-03,1.526565000e-03,1.190842998e-03,8.294399828e-05,1.392496996e-03,84.531123,1213.629655,1213.629655,1.360255957e-03,3.286400065e-05,2.492898794e-05,row,0,-1.000000000e+00,-1.000000
cuda_naive(blk128),double,global,global,4096,4096,6,8,2,4,1,1.070900000e-05,1.580636000e-03,1.338187000e-03,1.630638000e-03,1.436204997e-03,9.276799858e-05,1.488219997e-03,140.179565,2170.215970,2170.215970,1.442495942e-03,4.416000098e-05,2.226900522e-05,row,0,-1.000000000e+00,-1.000000
cuda_naive(blk128),double,global,global,4096,4096,6,8,2,4,2,1.794200000e-05,1.577341000e-03,1.352703000e-03,1.635659000e-03,1.452362001e-03,9.449599683e-05,1.485309000e-03,138.620118,2130.530380,2130.530380,1.441056013e-03,4.399999976e-05,2.174000245e-05,row,0,-1.000000000e+00,-1.000000
cuda_naive(blk128),double,global,global,4096,4096,6,8,2,4,3,1.731000000e-05,1.593724000e-03,1.177260000e-03,1.628336000e-03,1.274747997e-03,9.305600077e-05,1.501948002e-03,157.934425,2163.499294,2163.499294,1.459488034e-03,3.734400123e-05,2.165396162e-05,row,0,-1.000000000e+00,-1.000000
cuda_naive(blk128),double,global,global,4096,4096,6,8,2,4,4,1.651000000e-05,1.578232000e-03,1.161062000e-03,1.618589000e-03,1.265554002e-03,9.401600063e-05,1.486488002e-03,159.081787,2141.407746,2141.407746,1.449183941e-03,4.598399997e-05,2.004800343e-05,row,0,-1.000000000e+00,-1.000000
cuda_naive(blk128),double,global,global,4096,4096,6,8,2,4,5,9.306000000e-06,1.596140000e-03,6.342060000e-04,1.664853000e-03,7.363369975e-04,9.359999746e-05,1.505003999e-03,273.416374,2150.925187,2150.925187,1.445024014e-03,4.307200015e-05,2.101901464e-05,row,0,-1.000000000e+00,-1.000000
cuda_naive(blk128),double,global,global,4096,4096,6,8,2,4,6,8.243000000e-06,1.589735000e-03,1.165494000e-03,1.621928000e-03,1.264693002e-03,9.388799965e-05,1.498983002e-03,159.190089,2144.327206,2144.327206,1.450207949e-03,3.695999831e-05,2.753698830e-05,row,0,-1.000000000e+00,-1.000000
cuda_naive(blk128),double,global,global,4096,4096,6,8,2,4,7,1.851100000e-05,1.579929000e-03,1.159910000e-03,1.618422000e-03,1.263182003e-03,9.312000126e-05,1.487961000e-03,159.380510,2162.012342,2162.012342,1.448096037e-03,3.683200106e-05,1.942096919e-05,row,0,-1.000000000e+00,-1.000000
cuda_naive(blk128),double,global,global,4096,4096,6,8,2,4,8,1.802000000e-05,1.585121000e-03,1.155367000e-03,1.623319000e-03,1.259842002e-03,9.411200136e-05,1.494081000e-03,159.803048,2139.223363,2139.223363,1.454079986e-03,4.383999854e-05,2.057701573e-05,row,0,-1.000000000e+00,-1.000000
cuda_naive(blk128),double,global,global,4096,4096,6,8,2,4,9,1.829500000e-05,1.589536000e-03,9.732370000e-04,1.631428000e-03,1.077057997e-03,9.436800331e-05,1.496992003e-03,186.922703,2133.420068,2133.420068,1.440575957e-03,4.112000018e-05,1.723599101e-05,row,0,-1.000000000e+00,-1.000000
cuda_naive(blk128),double,global,global,4096,4096,6,8,2,4,10,1.345800000e-05,1.579249000e-03,1.354240000e-03,1.643955000e-03,1.452762004e-03,9.244800359e-05,1.487377001e-03,138.581950,2177.727849,2177.727849,1.446655989e-03,4.099199921e-05,2.026599891e-05,row,0,-1.000000000e+00,-1.000000
cuda_naive(blk128),double,global,global,4096,4096,6,8,2,4,11,7.741000000e-06,1.602734000e-03,9.741950000e-04,1.637980000e-03,1.072966000e-03,9.625600278e-05,1.506477997e-03,187.635575,2091.574408,2091.574408,1.437343955e-03,4.032000154e-05,2.881404063e-05,row,0,-1.000000000e+00,-1.000000
cuda_naive(blk128),double,global,global,4096,4096,6,8,2,4,12,1.359500000e-05,1.584478000e-03,1.164284000e-03,1.621043000e-03,1.262471001e-03,9.417600185e-05,1.490301998e-03,159.470270,2137.769581,2137.769581,1.451071978e-03,4.438399896e-05,1.955598849e-05,row,0,-1.000000000e+00,-1.000000
cuda_naive(blk128),double,global,global,4096,4096,6,8,2,4,13,1.780200000e-05,1.583446000e-03,1.344917000e-03,1.649071000e-03,1.446165003e-03,9.433600307e-05,1.491606001e-03,139.214123,2134.143757,2134.143757,1.451264024e-03,4.054399952e-05,1.884099746e-05,row,0,-1.000000000e+00,-1.000000
cuda_naive(blk128),double,global,global,4096,4096,6,8,2,4,14,1.775500000e-05,1.570210000e-03,1.382454000e-03,1.651318000e-03,1.481450001e-03,9.216000140e-05,1.478466002e-03,135.898337,2184.533300,2184.533300,1.440511942e-03,4.803200066e-05,2.403601486e-05,row,0,-1.000000000e+00,-1.000000
cuda_naive(blk128),double,global,global,4096,4096,6,8,2,4,15,2.264700000e-05,1.585421000e-03,1.349390000e-03,1.634466000e-03,1.447616001e-03,9.408000112e-05,1.493100997e-03,139.074583,2139.950995,2139.950995,1.439903975e-03,3.526400030e-05,2.006804828e-05,row,0,-1.000000000e+00,-1.000000
cuda_naive(blk128),double,global,global,4096,4096,6,8,2,4,16,1.715700000e-05,1.579099000e-03,1.347355000e-03,1.640274000e-03,1.446845001e-03,9.305600077e-05,1.488858998e-03,139.148694,2163.499294,2163.499294,1.442175984e-03,4.918399826e-05,2.086300872e-05,row,0,-1.000000000e+00,-1.000000
cuda_naive(blk128),double,global,global,4096,4096,6,8,2,4,17,7.867000000e-06,1.584140000e-03,1.345138000e-03,1.645551000e-03,1.573291977e-03,1.515519977e-03,1.311303000e-03,127.965181,132.843245,132.843245,1.270208001e-03,4.403200001e-05,2.212002359e-05,row,0,-1.000000000e+00,-1.000000
cuda_naive(blk128),double,global,global,4096,4096,6,8,2,4,18,7.556000000e-06,1.594094000e-03,9.777920000e-04,1.628836000e-03,1.076693001e-03,9.366399795e-05,1.501933999e-03,186.986069,2149.455462,2149.455462,1.434048057e-03,3.984000161e-05,2.977394237e-05,row,0,-1.000000000e+00,-1.000000
cuda_naive(blk128),double,global,global,4096,4096,6,8,2,4,19,1.246200000e-05,1.583007000e-03,1.356417000e-03,1.642339000e-03,1.454936003e-03,9.273599833e-05,1.492095001e-03,138.374878,2170.964842,2170.964842,1.446720004e-03,4.041599855e-05,1.875400418e-05,row,0,-1.000000000e+00,-1.000000
cuda_naive(blk128),double,global,global,4096,4096,6,8,2,4,20,7.689000000e-06,1.611808000e-03,9.872710000e-04,1.699802000e-03,1.085712000e-03,9.830400348e-05,1.518783999e-03,185.432778,2047.999928,2047.999928,1.450528026e-03,4.428799823e-05,3.017597446e-05,row,0,-1.000000000e+00,-1.000000
cuda_naive(blk128),double,global,global,4096,4096,8,8,2,4,1,2.940900000e-05,1.752561000e-03,1.503874000e-03,1.833022000e-03,1.623902000e-03,1.122559980e-04,1.640528996e-03,165.302744,2391.279405,2391.279405,1.596447945e-03,5.305600166e-05,2.345798657e-05,row,0,-1.000000000e+00,-1.000000
cuda_naive(blk128),double,global,global,4096,4096,8,8,2,4,2,2.824400000e-05,1.765839000e-03,1.495935000e-03,1.841690000e-03,1.615756003e-03,1.126400009e-04,1.655054998e-03,166.136134,2383.127254,2383.127254,1.606176019e-03,4.812800139e-05,1.998701446e-05,row,0,-1.000000000e+00,-1.000000
cuda_naive(blk128),double,global,global,4096,4096,8,8,2,4,3,2.530000000e-05,1.762002000e-03,1.496203000e-03,1.839495000e-03,1.616449998e-03,1.126400009e-04,1.649361999e-03,166.064806,2383.127254,2383.127254,1.599135995e-03,4.710400105e-05,1.869201039e-05,row,0,-1.000000000e+00,-1.000000
cuda_naive(blk128),double,global,global,4096,4096,8,8,2,4,4,2.831200000e-05,1.749390000e-03,1.290658000e-03,1.823322000e-03,1.429850002e-03,1.121919975e-04,1.637517998e-03,187.736794,2392.643522,2392.643522,1.588160038e-03,4.787199944e-05,2.141494516e-05,row,0,-1.000000000e+00,-1.000000
cuda_naive(blk128),double,global,global,4096,4096,8,8,2,4,5,2.043900000e-05,1.769498000e-03,1.290860000e-03,1.845198000e-03,1.422915001e-03,1.125440001e-04,1.657402003e-03,188.651786,2385.160076,2385.160076,1.600703955e-03,4.700800031e-05,1.826504350e-05,row,0,-1.000000000e+00,-1.000000
cuda_naive(blk128),double,global,global,4096,4096,8,8,2,4,6,1.960000000e-05,1.759404000e-03,1.504952000e-03,1.838454000e-03,1.624731001e-03,1.130239964e-04,1.648427997e-03,165.218400,2375.030654,2375.030654,1.588287950e-03,4.867200181e-05,2.660904572e-05,row,0,-1.000000000e+00,-1.000000
cuda_naive(blk128),double,global,global,4096,4096,8,8,2,4,7,2.820600000e-05,1.752950000e-03,1.276904000e-03,1.834773000e-03,1.417020997e-03,1.120959967e-04,1.642037997e-03,189.436470,2394.692619,2394.692619,1.594048023e-03,4.707200080e-05,1.727301117e-05,row,0,-1.000000000e+00,-1.000000
cuda_naive(blk128),double,global,global,4096,4096,8,8,2,4,8,1.825200000e-05,1.761100000e-03,1.080928000e-03,1.813355000e-03,1.199588000e-03,1.120000035e-04,1.650508000e-03,223.773042,2396.745069,2396.745069,1.598464012e-03,5.542400107e-05,2.191594887e-05,row,0,-1.000000000e+00,-1.000000
cuda_naive(blk128),double,global,global,4096,4096,8,8,2,4,9,2.315200000e-05,1.763479000e-03,1.511415000e-03,1.841603000e-03,1.629822003e-03,1.118080020e-04,1.652375003e-03,164.702314,2400.860862,2400.860862,1.602432013e-03,6.454399973e-05,2.009197029e-05,row,0,-1.000000000e+00,-1.000000
cuda_naive(blk128),double,global,global,4096,4096,8,8,2,4,10,3.655600000e-05,1.756704000e-03,1.282952000e-03,1.831159000e-03,1.430996000e-03,1.120959967e-04,1.646112000e-03,187.586448,2394.692619,2394.692619,1.595775962e-03,5.404800177e-05,2.432600909e-05,row,0,-1.000000000e+00,-1.000000
cuda_naive(blk128),double,global,global,4096,4096,8,8,2,4,11,1.898500000e-05,1.762388000e-03,1.085527000e-03,1.826992000e-03,1.206115001e-03,1.126400009e-04,1.650611998e-03,222.562074,2383.127254,2383.127254,1.595903993e-03,4.966399819e-05,2.075906244e-05,row,0,-1.000000000e+00,-1.000000
cuda_naive(blk128),double,global,global,4096,4096,8,8,2,4,12,2.008800000e-05,1.761602000e-03,1.274688000e-03,1.827875000e-03,1.405656002e-03,1.126400009e-04,1.649889999e-03,190.968100,2383.127254,2383.127254,1.600319982e-03,5.107200146e-05,2.001894067e-05,row,0,-1.000000000e+00,-1.000000
cuda_naive(blk128),double,global,global,4096,4096,8,8,2,4,13,2.006800000e-05,1.761464000e-03,1.273225000e-03,1.832905000e-03,1.405099997e-03,1.121279970e-04,1.649336003e-03,191.043667,2394.009197,2394.009197,1.597408056e-03,4.883199930e-05,1.923399061e-05,row,0,-1.000000000e+00,-1.000000
cuda_naive(blk128),double,global,global,4096,4096,8,8,2,4,14,1.928900000e-05,1.771387000e-03,1.291074000e-03,1.844130000e-03,1.421453000e-03,1.124799997e-04,1.660346996e-03,188.845819,2386.517219,2386.517219,1.603999972e-03,4.927999899e-05,2.046102469e-05,row,0,-1.000000000e+00,-1.000000
cuda_naive(blk128),double,global,global,4096,4096,8,8,2,4,15,1.958600000e-05,1.760213000e-03,1.276858000e-03,1.831269000e-03,1.408690001e-03,1.126400009e-04,1.649045003e-03,190.556798,2383.127254,2383.127254,1.593407989e-03,4.848000035e-05,2.029900301e-05,row,0,-1.000000000e+00,-1.000000
cuda_naive(blk128),double,global,global,4096,4096,8,8,2,4,16,1.909000000e-05,1.766080000e-03,1.278897000e-03,1.838476000e-03,1.408764999e-03,1.123199984e-04,1.653760002e-03,190.546653,2389.916842,2389.916842,1.601119995e-03,5.369599909e-05,1.996303461e-05,row,0,-1.000000000e+00,-1.000000
cuda_naive(blk128),double,global,global,4096,4096,8,8,2,4,17,1.982600000e-05,1.765239000e-03,1.512816000e-03,1.843829000e-03,1.632265000e-03,1.126400009e-04,1.653302997e-03,164.455806,2383.127254,2383.127254,1.599167943e-03,5.094400048e-05,1.895801097e-05,row,0,-1.000000000e+00,-1.000000
cuda_naive(blk128),double,global,global,4096,4096,8,8,2,4,18,2.944300000e-05,1.749290000e-03,1.289440000e-03,1.835214000e-03,1.430082997e-03,1.119040027e-04,1.637994002e-03,187.706208,2398.801200,2398.801200,1.589056015e-03,5.023999885e-05,2.147302096e-05,row,0,-1.000000000e+00,-1.000000
cuda_naive(blk128),double,global,global,4096,4096,8,8,2,4,19,1.986500000e-05,1.765045000e-03,1.077811000e-03,1.830256000e-03,1.198367001e-03,1.126400009e-04,1.653813002e-03,224.001041,2383.127254,2383.127254,1.593951941e-03,5.004800111e-05,2.355301392e-05,row,0,-1.000000000e+00,-1.000000
cuda_naive(blk128),double,global,global,4096,4096,8,8,2,4,20,2.015100000e-05,1.755173000e-03,1.082892000e-03,1.825395000e-03,1.202141998e-03,1.126400009e-04,1.643140996e-03,223.297627,2383.127254,2383.127254,1.596192002e-03,4.591999948e-05,1.989096660e-05,row,0,-1.000000000e+00,-1.000000
cuda_naive(blk128),double,global,global,4096,4096,20,8,2,4,1,2.506500000e-05,2.943655000e-03,2.656422000e-03,3.238658000e-03,3.022883009e-03,2.656480074e-03,2.871749261e-04,222.002849,252.623254,252.623254,1.865279973e-04,8.748800308e-05,1.807004961e-05,row,0,-1.000000000e+00,-1.000000
cuda_naive(blk128),double,global,global,4096,4096,20,8,2,4,2,3.441900000e-05,2.926756000e-03,2.673712000e-03,3.230867000e-03,3.037042989e-03,2.697632074e-03,2.651630090e-04,220.967778,248.769521,248.769521,1.675200015e-04,8.403199911e-05,1.720201831e-05,row,0,-1.000000000e+00,-1.000000
cuda_naive(blk128),double,global,global,4096,4096,20,8,2,4,3,3.229500000e-05,2.927171000e-03,2.660281000e-03,3.230307000e-03,2.987848997e-03,2.658432007e-03,2.687389932e-04,224.605943,252.437767,252.437767,1.714240015e-04,8.377599716e-05,1.254869908e-04,row,0,-1.000000000e+00,-1.000000
cuda_naive(blk128),double,global,global,4096,4096,20,8,2,4,4,3.403500000e-05,2.928183000e-03,2.675557000e-03,3.233829000e-03,3.038344995e-03,2.697727919e-03,2.742930071e-04,220.873088,248.760683,248.760683,1.679359972e-04,9.129600227e-05,1.711110469e-05,row,0,-1.000000000e+00,-1.000000
cuda_naive(blk128),double,global,global,4096,4096,20,8,2,4,5,3.276000000e-05,3.041209000e-03,1.326948000e-03,3.336421000e-03,3.139958048e-03,2.786688089e-03,3.027819905e-04,213.725352,240.819431,240.819431,1.944639981e-04,9.484799951e-05,1.089529123e-04,row,0,-1.000000000e+00,-1.000000
cuda_naive(blk128),double,global,global,4096,4096,20,8,2,4,6,2.446400000e-05,2.944967000e-03,2.639296000e-03,3.223488000e-03,3.004489998e-03,2.657824039e-03,2.871429605e-04,223.361915,252.495511,252.495511,1.869120002e-04,8.569599688e-05,1.814404472e-05,row,0,-1.000000000e+00,-1.000000
cuda_naive(blk128),double,global,global,4096,4096,20,8,2,4,7,3.820900000e-05,2.921388000e-03,2.651731000e-03,3.231140000e-03,3.018844008e-03,2.655967951e-03,2.654200492e-04,222.299873,252.671965,252.671965,1.713919938e-04,8.595199883e-05,1.788900967e-05,row,0,-1.000000000e+00,-1.000000
cuda_naive(blk128),double,global,global,4096,4096,20,8,2,4,8,3.318600000e-05,2.921044000e-03,2.647579000e-03,3.222028000e-03,3.010470998e-03,2.655231953e-03,2.658120473e-04,222.918155,252.742002,252.742002,1.726399958e-04,8.435200155e-05,1.798692222e-05,row,0,-1.000000000e+00,-1.000000
cuda_naive(blk128),double,global,global,4096,4096,20,8,2,4,9,3.288300000e-05,2.939652000e-03,2.208553000e-03,3.074947000e-03,2.842310021e-03,2.675040007e-03,2.755500036e-04,236.106771,250.870506,250.870506,1.721920073e-04,8.921600133e-05,1.289319959e-04,row,0,-1.000000000e+00,-1.000000
cuda_naive(blk128),double,global,global,4096,4096,20,8,2,4,10,3.243900000e-05,2.937207000e-03,2.195003000e-03,3.076216000e-03,2.865457073e-03,2.678911924e-03,2.704009877e-04,234.199509,250.507915,250.507915,1.716160029e-04,8.876799792e-05,1.839106683e-05,row,0,-1.000000000e+00,-1.000000
cuda_naive(blk128),double,global,global,4096,4096,20,8,2,4,11,3.378900000e-05,2.939640000e-03,2.206726000e-03,3.078424000e-03,2.866492026e-03,2.675904036e-03,2.664979974e-04,234.114951,250.789502,250.789502,1.705600023e-04,8.675199747e-05,1.807196392e-05,row,0,-1.000000000e+00,-1.000000
cuda_naive(blk128),double,global,global,4096,4096,20,8,2,4,12,3.475300000e-05,2.922497000e-03,2.672929000e-03,3.236362000e-03,3.034754989e-03,2.656672001e-03,2.658249991e-04,221.134372,252.605003,252.605003,1.670400053e-04,8.342400193e-05,1.906993849e-05,row,0,-1.000000000e+00,-1.000000
cuda_naive(blk128),double,global,global,4096,4096,20,8,2,4,13,3.294300000e-05,2.940970000e-03,2.215638000e-03,3.083483000e-03,2.875319119e-03,2.680831909e-03,2.714430221e-04,233.396229,250.328504,250.328504,1.703040004e-04,8.777599782e-05,1.786609379e-05,row,0,-1.000000000e+00,-1.000000
cuda_naive(blk128),double,global,global,4096,4096,20,8,2,4,14,3.282000000e-05,2.924256000e-03,2.200309000e-03,3.081739000e-03,2.889299986e-03,2.696000099e-03,2.834030073e-04,232.266862,248.920110,248.920110,1.849599928e-04,8.832000196e-05,1.478101446e-05,row,0,-1.000000000e+00,-1.000000
cuda_naive(blk128),double,global,global,4096,4096,20,8,2,4,15,3.321400000e-05,2.942203000e-03,2.201895000e-03,3.081374000e-03,2.876209954e-03,2.795295954e-03,2.692069723e-04,233.323940,240.077849,240.077849,1.700800061e-04,8.547200263e-05,1.691896603e-05,row,0,-1.000000000e+00,-1.000000
cuda_naive(blk128),double,global,global,4096,4096,20,8,2,4,16,3.267300000e-05,2.935312000e-03,2.199852000e-03,3.074641000e-03,2.875966006e-03,2.795264006e-03,2.809990271e-04,233.343732,240.080593,240.080593,1.863999963e-04,8.963199705e-05,1.799102863e-05,row,0,-1.000000000e+00,-1.000000
cuda_naive(blk128),double,global,global,4096,4096,20,8,2,4,17,3.300600000e-05,2.936048000e-03,2.200623000e-03,3.070890000e-03,2.871951002e-03,2.792768002e-03,2.716520262e-04,233.669948,240.295162,240.295162,1.684480011e-04,8.643200248e-05,1.677202261e-05,row,0,-1.000000000e+00,-1.000000
cuda_naive(blk128),double,global,global,4096,4096,20,8,2,4,18,3.304700000e-05,2.933736000e-03,2.209979000e-03,3.070348000e-03,2.863007113e-03,2.675487995e-03,2.671319955e-04,234.399921,250.828500,250.828500,1.693439931e-04,8.227200061e-05,1.773600632e-05,row,0,-1.000000000e+00,-1.000000
cuda_naive(blk128),double,global,global,4096,4096,20,8,2,4,19,3.520500000e-05,2.923874000e-03,2.683196000e-03,3.248012000e-03,3.026878990e-03,2.656352043e-03,2.675219568e-04,221.709768,252.635430,252.635430,1.662719995e-04,8.460800350e-05,2.339396058e-05,row,0,-1.000000000e+00,-1.000000
cuda_naive(blk128),double,global,global,4096,4096,20,8,2,4,20,3.449900000e-05,2.924173000e-03,2.669851000e-03,3.231150000e-03,3.031450013e-03,2.697535992e-03,2.659529726e-04,221.375460,248.778382,248.778382,1.660159975e-04,8.521600068e-05,1.750801377e-05,row,0,-1.000000000e+00,-1.000000
cuda_naive(blk128),double,global,global,4096,4096,32,8,2,4,1,6.395100000e-05,4.145752000e-03,2.830518000e-03,4.593123000e-03,4.188372024e-03,3.738719940e-03,4.314220588e-04,256.362572,287.195040,287.195040,2.745600045e-04,1.673280001e-04,2.060902657e-05,row,0,-1.000000000e+00,-1.000000
cuda_naive(blk128),double,global,global,4096,4096,32,8,2,4,2,7.253400000e-05,4.138107000e-03,2.805372000e-03,4.576119000e-03,4.220850026e-03,3.870464087e-03,4.419630816e-04,254.389949,277.419400,277.419400,2.567679882e-04,1.846719980e-04,1.842800364e-05,row,0,-1.000000000e+00,-1.000000
cuda_naive(blk128),double,global,global,4096,4096,32,8,2,4,3,6.898700000e-05,4.134498000e-03,2.524390000e-03,4.555119000e-03,4.199780011e-03,3.867968082e-03,4.308269181e-04,255.666207,277.598419,277.598419,2.575359941e-04,1.769600064e-04,1.950005408e-05,row,0,-1.000000000e+00,-1.000000
cuda_naive(blk128),double,global,global,4096,4096,32,8,2,4,4,7.657200000e-05,4.113767000e-03,2.785288000e-03,4.524014000e-03,4.130650938e-03,3.867935896e-03,4.010019710e-04,259.944943,277.600729,277.600729,2.332160026e-04,1.802559942e-04,1.913711000e-05,row,0,-1.000000000e+00,-1.000000
cuda_naive(blk128),double,global,global,4096,4096,32,8,2,4,5,6.478900000e-05,4.027514000e-03,3.524914000e-03,4.463690000e-03,4.118570033e-03,3.622112036e-03,4.417568865e-04,260.707434,296.440810,296.440810,2.652800083e-04,1.690559983e-04,1.862005885e-05,row,0,-1.000000000e+00,-1.000000
cuda_naive(blk128),double,global,global,4096,4096,32,8,2,4,6,6.577400000e-05,4.118819000e-03,2.771909000e-03,4.521367000e-03,4.143242976e-03,3.737440109e-03,4.194780360e-04,259.154925,287.293386,287.293386,2.496639937e-04,1.681600064e-04,1.867708890e-05,row,0,-1.000000000e+00,-1.000000
cuda_naive(blk128),double,global,global,4096,4096,32,8,2,4,7,6.174400000e-05,4.006430000e-03,3.497201000e-03,4.409046000e-03,4.019718902e-03,3.667167902e-03,4.125289534e-04,267.118634,292.798654,292.798654,2.524160147e-04,1.668159962e-04,1.854596147e-05,row,0,-1.000000000e+00,-1.000000
cuda_naive(blk128),double,global,global,4096,4096,32,8,2,4,8,7.554100000e-05,4.087889000e-03,3.494950000e-03,4.495865000e-03,4.116032902e-03,3.758143902e-03,3.973589574e-04,260.868134,285.710673,285.710673,2.380159944e-04,1.680960059e-04,1.901494021e-05,row,0,-1.000000000e+00,-1.000000
cuda_naive(blk128),double,global,global,4096,4096,32,8,2,4,9,6.430800000e-05,4.124455000e-03,2.778436000e-03,4.516286000e-03,4.189278015e-03,3.820480108e-03,4.120250600e-04,256.307130,281.048924,281.048924,2.350080013e-04,1.658239961e-04,1.923198101e-05,row,0,-1.000000000e+00,-1.000000
cuda_naive(blk128),double,global,global,4096,4096,32,8,2,4,10,6.312400000e-05,4.121877000e-03,2.523984000e-03,4.520973000e-03,4.175629026e-03,3.869280100e-03,4.322949874e-04,257.144928,277.504289,277.504289,2.546559870e-04,1.710080057e-04,1.849597376e-05,row,0,-1.000000000e+00,-1.000000
cuda_naive(blk128),double,global,global,4096,4096,32,8,2,4,11,6.167000000e-05,4.128593000e-03,2.794699000e-03,4.546495000e-03,4.199643015e-03,3.842303991e-03,4.367550278e-04,255.674547,279.452596,279.452596,2.606720030e-04,1.647360027e-04,2.261101847e-05,row,0,-1.000000000e+00,-1.000000
cuda_naive(blk128),double,global,global,4096,4096,32,8,2,4,12,6.269700000e-05,4.120819000e-03,2.783661000e-03,4.532701000e-03,4.192437946e-03,3.871680021e-03,4.203759603e-04,256.113946,277.332274,277.332274,2.529279888e-04,1.691199988e-04,1.795809374e-05,row,0,-1.000000000e+00,-1.000000
cuda_naive(blk128),double,global,global,4096,4096,32,8,2,4,13,6.488100000e-05,4.136760000e-03,2.517432000e-03,4.539140000e-03,4.118785898e-03,3.871007919e-03,4.208660034e-04,260.693770,277.380426,277.380426,2.503359914e-04,1.676159948e-04,2.565706886e-05,row,0,-1.000000000e+00,-1.000000
cuda_naive(blk128),double,global,global,4096,4096,32,8,2,4,14,6.907000000e-05,4.036206000e-03,3.508568000e-03,4.445044000e-03,4.100350007e-03,3.618335962e-03,4.466020638e-04,261.865895,296.750173,296.750173,2.662720084e-04,1.614080071e-04,2.206895387e-05,row,0,-1.000000000e+00,-1.000000
cuda_naive(blk128),double,global,global,4096,4096,32,8,2,4,15,5.960700000e-05,4.114008000e-03,3.489392000e-03,4.508956000e-03,4.161543972e-03,3.705600023e-03,4.400820873e-04,258.015254,289.761933,289.761933,2.629440129e-04,1.659519970e-04,1.787407618e-05,row,0,-1.000000000e+00,-1.000000
cuda_naive(blk128),double,global,global,4096,4096,32,8,2,4,16,5.991100000e-05,4.110952000e-03,3.483968000e-03,4.485057000e-03,4.127737069e-03,3.753632069e-03,4.320449718e-04,260.128445,286.054095,286.054095,2.647680044e-04,1.647679955e-04,1.912502786e-05,row,0,-1.000000000e+00,-1.000000
cuda_naive(blk128),double,global,global,4096,4096,32,8,2,4,17,5.613100000e-05,4.127997000e-03,3.499731000e-03,4.540885000e-03,4.195822040e-03,3.712383986e-03,4.463960828e-04,255.907380,289.232425,289.232425,2.698560059e-04,1.657599956e-04,1.799310000e-05,row,0,-1.000000000e+00,-1.000000
cuda_naive(blk128),double,global,global,4096,4096,32,8,2,4,18,6.344100000e-05,4.123398000e-03,2.791598000e-03,4.533141000e-03,4.198086968e-03,3.870431900e-03,4.240060163e-04,255.769314,277.421707,277.421707,2.502720058e-04,1.691520065e-04,1.837401219e-05,row,0,-1.000000000e+00,-1.000000
cuda_naive(blk128),double,global,global,4096,4096,32,8,2,4,19,6.776000000e-05,4.150578000e-03,2.534543000e-03,4.582000000e-03,4.146396058e-03,3.870719910e-03,4.356039419e-04,258.957854,277.401065,277.401065,2.534720004e-04,1.752640009e-04,1.896108258e-05,row,0,-1.000000000e+00,-1.000000
cuda_naive(blk128),double,global,global,4096,4096,32,8,2,4,20,6.811300000e-05,4.136199000e-03,2.820753000e-03,4.594028000e-03,4.183537057e-03,3.738559961e-03,4.435410571e-04,256.658853,287.207330,287.207330,2.850880027e-04,1.683519930e-04,1.880093423e-05,row,0,-1.000000000e+00,-1.000000
cuda_naive(blk128),double,global,global,4096,4096,3,8,4,2,1,3.016900000e-05,1.740466000e-03,1.077260000e-03,1.781126000e-03,1.201599002e-03,1.194240004e-04,1.623986000e-03,83.774450,842.906750,842.906750,1.589535952e-03,2.761599980e-05,2.041300423e-05,row,0,-1.000000000e+00,-1.000000
cuda_naive(blk128),double,global,global,4096,4096,3,8,4,2,2,2.250600000e-05,1.745251000e-03,1.077417000e-03,1.776614000e-03,1.200371002e-03,1.187840030e-04,1.628835000e-03,83.860153,847.448255,847.448255,1.601567984e-03,2.659199946e-05,1.669605097e-05,row,0,-1.000000000e+00,-1.000000
cuda_naive(blk128),double,global,global,4096,4096,3,8,4,2,3,2.551500000e-05,1.746220000e-03,1.073483000e-03,1.780497000e-03,1.196766997e-03,1.187840030e-04,1.629996002e-03,84.112694,847.448255,847.448255,1.604063988e-03,3.212799877e-05,2.020499911e-05,row,0,-1.000000000e+00,-1.000000
cuda_naive(blk128),double,global,global,4096,4096,3,8,4,2,4,2.505600000e-05,1.744077000e-03,1.074657000e-03,1.778109000e-03,1.198548001e-03,1.181439981e-04,1.628557000e-03,83.987705,852.039017,852.039017,1.600831985e-03,2.771200053e-05,1.562896580e-05,row,0,-1.000000000e+00,-1.000000
cuda_naive(blk128),double,global,global,4096,4096,3,8,4,2,5,2.274800000e-05,1.746661000e-03,1.079456000e-03,1.777876000e-03,1.202001002e-03,1.176640019e-04,1.629924998e-03,83.746433,855.514808,855.514808,1.604735970e-03,2.924799919e-05,1.803699621e-05,row,0,-1.000000000e+00,-1.000000
cuda_naive(blk128),double,global,global,4096,4096,3,8,4,2,6,2.563300000e-05,1.763004000e-03,8.767100000e-04,1.796026000e-03,1.010059002e-03,1.208320037e-04,1.646267998e-03,99.660808,833.084721,833.084721,1.621472001e-03,2.742400020e-05,2.279902439e-05,row,0,-1.000000000e+00,-1.000000
cuda_naive(blk128),double,global,global,4096,4096,3,8,4,2,7,2.655400000e-05,1.763911000e-03,8.607400000e-04,1.796175000e-03,1.003578002e-03,1.188480034e-04,1.647174998e-03,100.304407,846.991898,846.991898,1.619007945e-03,2.582399920e-05,2.161500473e-05,row,0,-1.000000000e+00,-1.000000
cuda_naive(blk128),double,global,global,4096,4096,3,8,4,2,8,2.561000000e-05,1.760314000e-03,1.293195000e-03,1.791908000e-03,1.422094998e-03,1.191359982e-04,1.644154002e-03,70.785212,844.944413,844.944413,1.617663980e-03,2.528000064e-05,1.717299572e-05,row,0,-1.000000000e+00,-1.000000
cuda_naive(blk128),double,global,global,4096,4096,3,8,4,2,9,2.510000000e-05,1.768680000e-03,8.603800000e-04,1.797552000e-03,9.985050023e-04,1.188160032e-04,1.652871997e-03,100.814013,847.220015,847.220015,1.620831966e-03,2.569600008e-05,1.876796904e-05,row,0,-1.000000000e+00,-1.000000
cuda_naive(blk128),double,global,global,4096,4096,3,8,4,2,10,3.452500000e-05,1.755708000e-03,1.298202000e-03,1.794007000e-03,1.425977001e-03,1.228799969e-04,1.639484002e-03,70.592510,819.200021,819.200021,1.610496044e-03,2.700800076e-05,1.555994406e-05,row,0,-1.000000000e+00,-1.000000
cuda_naive(blk128),double,global,global,4096,4096,3,8,4,2,11,2.841000000e-05,1.759212000e-03,1.294967000e-03,1.796570000e-03,1.423537999e-03,1.229439974e-04,1.642796000e-03,70.713459,818.773573,818.773573,1.618271947e-03,2.454400063e-05,1.521299462e-05,row,0,-1.000000000e+00,-1.000000
cuda_naive(blk128),double,global,global,4096,4096,3,8,4,2,12,3.055600000e-05,1.763586000e-03,1.085360000e-03,1.804349000e-03,1.222462002e-03,1.191039979e-04,1.646402002e-03,82.344724,845.171428,845.171428,1.613504052e-03,2.639999986e-05,1.637300360e-05,row,0,-1.000000000e+00,-1.000000
cuda_naive(blk128),double,global,global,4096,4096,3,8,4,2,13,2.487500000e-05,1.763618000e-03,1.303134000e-03,1.796725000e-03,1.430481002e-03,1.198719963e-04,1.647009999e-03,70.370243,839.756566,839.756566,1.611359954e-03,2.313599922e-05,1.979700992e-05,row,0,-1.000000000e+00,-1.000000
cuda_naive(blk128),double,global,global,4096,4096,3,8,4,2,14,3.336200000e-05,1.765916000e-03,1.091327000e-03,1.802245000e-03,1.224651002e-03,1.190719977e-04,1.649019997e-03,82.197537,845.398565,845.398565,1.616991997e-03,2.262400091e-05,1.475102591e-05,row,0,-1.000000000e+00,-1.000000
cuda_naive(blk128),double,global,global,4096,4096,3,8,4,2,15,2.645400000e-05,1.764091000e-03,8.613870000e-04,1.798927000e-03,1.001938002e-03,1.191359982e-04,1.648603000e-03,100.468588,844.944413,844.944413,1.616448045e-03,2.796800062e-05,2.117000305e-05,row,0,-1.000000000e+00,-1.000000
cuda_naive(blk128),double,global,global,4096,4096,3,8,4,2,16,2.918100000e-05,1.760021000e-03,8.639490000e-04,1.796788000e-03,1.008584003e-03,1.185600013e-04,1.643669001e-03,99.806556,849.049384,849.049384,1.617984056e-03,2.374400012e-05,2.049801124e-05,row,0,-1.000000000e+00,-1.000000
cuda_naive(blk128),double,global,global,4096,4096,3,8,4,2,17,2.681400000e-05,1.769008000e-03,1.515105000e-03,1.802237000e-03,1.653544002e-03,1.187520027e-04,1.650255997e-03,60.877301,847.676618,847.676618,1.614207983e-03,2.601600066e-05,2.132101660e-05,row,0,-1.000000000e+00,-1.000000
cuda_naive(blk128),double,global,global,4096,4096,3,8,4,2,18,2.846600000e-05,1.767209000e-03,1.078307000e-03,1.804602000e-03,1.216351999e-03,1.192639992e-04,1.650536998e-03,82.758360,844.037570,844.037570,1.616096020e-03,2.828799933e-05,2.057700303e-05,row,0,-1.000000000e+00,-1.000000
cuda_naive(blk128),double,global,global,4096,4096,3,8,4,2,19,2.839600000e-05,1.754653000e-03,1.082441000e-03,1.792734000e-03,1.211258002e-03,1.176320016e-04,1.637884997e-03,83.106403,855.747540,855.747540,1.612032056e-03,2.364799939e-05,1.608002008e-05,row,0,-1.000000000e+00,-1.000000
cuda_naive(blk128),double,global,global,4096,4096,3,8,4,2,20,2.392500000e-05,1.764678000e-03,1.513566000e-03,1.796441000e-03,1.649088999e-03,1.190719977e-04,1.645606002e-03,61.041761,845.398565,845.398565,1.611616015e-03,2.422400005e-05,2.050303835e-05,row,0,-1.000000000e+00,-1.000000
cuda_naive(blk128),double,global,global,4096,4096,6,8,4,2,1,4.086400000e-05,1.718780000e-03,1.245082000e-03,1.773618000e-03,1.683567985e-03,1.586784005e-03,1.686890258e-04,119.583286,126.877125,126.877125,1.273279935e-04,2.735999972e-05,1.866300391e-05,row,0,-1.000000000e+00,-1.000000
cuda_naive(blk128),double,global,global,4096,4096,6,8,4,2,2,4.238200000e-05,1.711636000e-03,1.238482000e-03,1.777446000e-03,1.658951981e-03,1.556352019e-03,1.552839807e-04,121.357697,129.358005,129.358005,1.191039979e-04,2.992000058e-05,1.438798258e-05,row,0,-1.000000000e+00,-1.000000
cuda_naive(blk128),double,global,global,4096,4096,6,8,4,2,3,4.517600000e-05,1.706637000e-03,1.239079000e-03,1.764661000e-03,1.663633011e-03,1.567039967e-03,1.545209818e-04,121.016228,128.475723,128.475723,1.197440028e-04,2.691200003e-05,1.447703250e-05,row,0,-1.000000000e+00,-1.000000
cuda_naive(blk128),double,global,global,4096,4096,6,8,4,2,4,3.473500000e-05,1.714167000e-03,1.248776000e-03,1.762314000e-03,1.666803971e-03,1.623327971e-03,1.605459986e-04,120.786005,124.020898,124.020898,1.288000047e-04,2.700800076e-05,1.406398982e-05,row,0,-1.000000000e+00,-1.000000
cuda_naive(blk128),double,global,global,4096,4096,6,8,4,2,5,4.372300000e-05,1.714679000e-03,1.247653000e-03,1.772769000e-03,1.644614974e-03,1.557919979e-03,1.567590209e-04,122.415638,129.227813,129.227813,1.224320009e-04,2.979199961e-05,1.806999234e-05,row,0,-1.000000000e+00,-1.000000
cuda_naive(blk128),double,global,global,4096,4096,6,8,4,2,6,4.209900000e-05,1.713405000e-03,1.245232000e-03,1.767373000e-03,1.671697008e-03,1.572191954e-03,1.537319945e-04,120.432465,128.054715,128.054715,1.192959994e-04,2.844800055e-05,1.396405891e-05,row,0,-1.000000000e+00,-1.000000
cuda_naive(blk128),double,global,global,4096,4096,6,8,4,2,7,4.168300000e-05,1.816714000e-03,1.030462000e-03,1.858288000e-03,1.713894026e-03,1.647840023e-03,1.688739770e-04,117.467352,122.176054,122.176054,1.176960021e-04,3.046399914e-05,1.045539752e-04,row,0,-1.000000000e+00,-1.000000
cuda_naive(blk128),double,global,global,4096,4096,6,8,4,2,8,4.451700000e-05,1.716599000e-03,1.250088000e-03,1.764165000e-03,1.676763962e-03,1.632959962e-03,1.631549678e-04,120.068535,123.289362,123.289362,1.272320002e-04,3.132800013e-05,1.489304068e-05,row,0,-1.000000000e+00,-1.000000
cuda_naive(blk128),double,global,global,4096,4096,6,8,4,2,9,4.136800000e-05,1.706007000e-03,1.232423000e-03,1.759677000e-03,1.665070987e-03,1.570271969e-03,1.505350260e-04,120.911717,128.211288,128.211288,1.134399995e-04,3.049599938e-05,1.461598953e-05,row,0,-1.000000000e+00,-1.000000
cuda_naive(blk128),double,global,global,4096,4096,6,8,4,2,10,4.625800000e-05,1.716588000e-03,1.240306000e-03,1.769654000e-03,1.680358002e-03,1.596896052e-03,1.535749951e-04,119.811726,126.073699,126.073699,1.220479980e-04,2.870400064e-05,1.936798937e-05,row,0,-1.000000000e+00,-1.000000
cuda_naive(blk128),double,global,global,4096,4096,6,8,4,2,11,4.268500000e-05,1.709089000e-03,1.245752000e-03,1.762947000e-03,1.679147017e-03,1.622784019e-03,1.575280563e-04,119.898133,124.062469,124.062469,1.185920015e-04,2.924799919e-05,1.400805496e-05,row,0,-1.000000000e+00,-1.000000
cuda_naive(blk128),double,global,global,4096,4096,6,8,4,2,12,4.431800000e-05,1.708391000e-03,1.240557000e-03,1.764535000e-03,1.650476980e-03,1.554847956e-03,1.535430443e-04,121.980854,129.483138,129.483138,1.174720004e-04,2.681599930e-05,1.470201277e-05,row,0,-1.000000000e+00,-1.000000
cuda_naive(blk128),double,global,global,4096,4096,6,8,4,2,13,4.165600000e-05,1.712296000e-03,1.249791000e-03,1.754469000e-03,1.622065010e-03,1.582368016e-03,1.541880024e-04,124.117462,127.231207,127.231207,1.141119972e-04,2.742400020e-05,8.993200115e-05,row,0,-1.000000000e+00,-1.000000
cuda_naive(blk128),double,global,global,4096,4096,6,8,4,2,14,3.743200000e-05,1.715771000e-03,1.245121000e-03,1.760239000e-03,1.629491999e-03,1.585023999e-03,1.522419896e-04,123.551752,127.018009,127.018009,1.108800024e-04,3.145600110e-05,1.588899512e-05,row,0,-1.000000000e+00,-1.000000
cuda_naive(blk128),double,global,global,4096,4096,6,8,4,2,15,3.804800000e-05,1.710804000e-03,1.243684000e-03,1.759415000e-03,1.659575988e-03,1.566400051e-03,1.642280108e-04,121.312066,128.528208,128.528208,1.253120005e-04,3.033600003e-05,1.772196973e-05,row,0,-1.000000000e+00,-1.000000
cuda_naive(blk128),double,global,global,4096,4096,6,8,4,2,16,4.505000000e-05,1.715486000e-03,1.251450000e-03,1.766007000e-03,1.627164995e-03,1.580543995e-03,1.562439824e-04,123.728443,127.378037,127.378037,1.236480027e-04,2.624000050e-05,1.391800743e-05,row,0,-1.000000000e+00,-1.000000
cuda_naive(blk128),double,global,global,4096,4096,6,8,4,2,17,4.321300000e-05,1.709228000e-03,1.233429000e-03,1.764666000e-03,1.674422000e-03,1.594815969e-03,1.589210240e-04,120.236471,126.238134,126.238134,1.199359968e-04,2.940800041e-05,1.397600478e-05,row,0,-1.000000000e+00,-1.000000
cuda_naive(blk128),double,global,global,4096,4096,6,8,4,2,18,4.286500000e-05,1.707551000e-03,1.445991000e-03,1.764257000e-03,1.670682005e-03,1.580639958e-03,1.538169764e-04,120.505633,127.370304,127.370304,1.200959980e-04,3.071999922e-05,1.470798639e-05,row,0,-1.000000000e+00,-1.000000
cuda_naive(blk128),double,global,global,4096,4096,6,8,4,2,19,3.586700000e-05,1.720140000e-03,1.240815000e-03,1.764591000e-03,1.663897945e-03,1.622975945e-03,1.618219851e-04,120.996959,124.047798,124.047798,1.256320029e-04,2.812799998e-05,1.766297380e-05,row,0,-1.000000000e+00,-1.000000
cuda_naive(blk128),double,global,global,4096,4096,6,8,4,2,20,4.338300000e-05,1.759133000e-03,1.068244000e-03,1.832623000e-03,1.746577955e-03,1.673087955e-03,1.541279955e-04,115.269170,120.332342,120.332342,1.184960008e-04,3.030399978e-05,1.390399510e-05,row,0,-1.000000000e+00,-1.000000
cuda_naive(blk128),double,global,global,4096,4096,8,8,4,2,1,4.675400000e-05,1.983648000e-03,1.203081000e-03,2.053327000e-03,1.922075016e-03,1.833024025e-03,1.914720010e-04,139.659198,146.444047,146.444047,1.509439945e-04,3.449599817e-05,1.945597277e-05,row,0,-1.000000000e+00,-1.000000
cuda_naive(blk128),double,global,global,4096,4096,8,8,4,2,2,5.038600000e-05,1.995237000e-03,7.094800000e-04,2.062643000e-03,1.930005057e-03,1.867616057e-03,2.113019909e-04,139.085364,143.731606,143.731606,1.574400067e-04,3.750399873e-05,2.532700825e-05,row,0,-1.000000000e+00,-1.000000
cuda_naive(blk128),double,global,global,4096,4096,8,8,4,2,3,4.691800000e-05,2.095245000e-03,1.453964000e-03,2.149753000e-03,2.015462959e-03,1.902528048e-03,2.001909976e-04,133.187988,141.094086,141.094086,1.546240002e-04,3.305599838e-05,1.900699823e-05,row,0,-1.000000000e+00,-1.000000
cuda_naive(blk128),double,global,global,4096,4096,8,8,4,2,4,5.079400000e-05,2.000523000e-03,1.205349000e-03,2.068624000e-03,1.943638026e-03,1.855744004e-03,1.977959626e-04,138.109798,144.651124,144.651124,1.579519957e-04,3.584000096e-05,1.129290169e-04,row,0,-1.000000000e+00,-1.000000
cuda_naive(blk128),double,global,global,4096,4096,8,8,4,2,5,5.365400000e-05,1.964061000e-03,1.448211000e-03,2.029303000e-03,1.927922011e-03,1.867424011e-03,1.739300142e-04,139.235640,143.746388,143.746388,1.292800009e-04,3.471999988e-05,8.220296231e-05,row,0,-1.000000000e+00,-1.000000
cuda_naive(blk128),double,global,global,4096,4096,8,8,4,2,6,5.417400000e-05,1.986688000e-03,1.206696000e-03,2.054865000e-03,1.946790000e-03,1.843359947e-03,1.980229770e-04,137.886190,145.622919,145.622919,1.545280069e-04,3.459199890e-05,2.032005492e-05,row,0,-1.000000000e+00,-1.000000
cuda_naive(blk128),double,global,global,4096,4096,8,8,4,2,7,4.861400000e-05,2.097670000e-03,1.442307000e-03,2.154611000e-03,2.026651037e-03,1.910527945e-03,2.095879996e-04,132.452727,140.503287,140.503287,1.606719941e-04,3.724800050e-05,1.118140537e-04,row,0,-1.000000000e+00,-1.000000
cuda_naive(blk128),double,global,global,4096,4096,8,8,4,2,8,5.053100000e-05,1.981451000e-03,1.203990000e-03,2.049735000e-03,1.933782981e-03,1.845952034e-03,1.895579846e-04,138.813641,145.418435,145.418435,1.523520052e-04,3.145600110e-05,1.525703333e-05,row,0,-1.000000000e+00,-1.000000
cuda_naive(blk128),double,global,global,4096,4096,8,8,4,2,9,4.839300000e-05,1.993564000e-03,1.453163000e-03,2.058628000e-03,1.949547004e-03,1.798496008e-03,2.130060334e-04,137.691195,149.255520,149.255520,1.707520038e-04,3.548799828e-05,2.034798788e-05,row,0,-1.000000000e+00,-1.000000
cuda_naive(blk128),double,global,global,4096,4096,8,8,4,2,10,5.716600000e-05,1.977306000e-03,1.206268000e-03,2.057473000e-03,1.916526011e-03,1.814720035e-03,1.992170122e-04,140.063560,147.921140,147.921140,1.601279974e-04,3.033600003e-05,1.760898234e-05,row,0,-1.000000000e+00,-1.000000
cuda_naive(blk128),double,global,global,4096,4096,8,8,4,2,11,4.328000000e-05,1.976202000e-03,1.444701000e-03,2.032232000e-03,1.927354009e-03,1.786432028e-03,1.897699722e-04,139.276674,150.263459,150.263459,1.471360028e-04,3.321599960e-05,1.840996935e-05,row,0,-1.000000000e+00,-1.000000
cuda_naive(blk128),double,global,global,4096,4096,8,8,4,2,12,5.080700000e-05,1.983470000e-03,1.448398000e-03,2.049706000e-03,1.876158990e-03,1.815775990e-03,1.962790148e-04,143.077137,147.835117,147.835117,1.586560011e-04,3.440000117e-05,1.496097998e-05,row,0,-1.000000000e+00,-1.000000
cuda_naive(blk128),double,global,global,4096,4096,8,8,4,2,13,4.978100000e-05,1.982064000e-03,1.441616000e-03,2.048489000e-03,1.917064987e-03,1.856415987e-03,1.941650467e-04,140.024182,144.598763,144.598763,1.615680009e-04,2.985600010e-05,1.573801333e-05,row,0,-1.000000000e+00,-1.000000
cuda_naive(blk128),double,global,global,4096,4096,8,8,4,2,14,5.140100000e-05,1.992534000e-03,1.450724000e-03,2.051970000e-03,1.907308041e-03,1.855648041e-03,1.942800468e-04,140.740484,144.658604,144.658604,1.530559957e-04,2.883199975e-05,1.698195705e-05,row,0,-1.000000000e+00,-1.000000
cuda_naive(blk128),double,global,global,4096,4096,8,8,4,2,15,5.378000000e-05,2.074373000e-03,1.441648000e-03,2.132964000e-03,2.006789045e-03,1.893983960e-03,1.922940061e-04,133.763664,141.730586,141.730586,1.548479944e-04,2.831999958e-05,1.459402927e-05,row,0,-1.000000000e+00,-1.000000
cuda_naive(blk128),double,global,global,4096,4096,8,8,4,2,16,4.899900000e-05,1.984083000e-03,1.204476000e-03,2.050619000e-03,1.936591004e-03,1.837504029e-03,1.896369756e-04,138.612363,146.087003,146.087003,1.515199989e-04,3.206399828e-05,1.658096873e-05,row,0,-1.000000000e+00,-1.000000
cuda_naive(blk128),double,global,global,4096,4096,8,8,4,2,17,4.960500000e-05,2.075340000e-03,1.439337000e-03,2.134439000e-03,2.005605966e-03,1.891935945e-03,2.001600039e-04,133.842570,141.884009,141.884009,1.511359960e-04,3.718400002e-05,1.724800806e-05,row,0,-1.000000000e+00,-1.000000
cuda_naive(blk128),double,global,global,4096,4096,8,8,4,2,18,5.032400000e-05,1.982164000e-03,1.190803000e-03,2.049292000e-03,1.927174971e-03,1.839231968e-03,1.957129680e-04,139.289613,145.949755,145.949755,1.594880074e-04,3.372799978e-05,1.783604015e-05,row,0,-1.000000000e+00,-1.000000
cuda_naive(blk128),double,global,global,4096,4096,8,8,4,2,19,5.040900000e-05,1.976700000e-03,1.193517000e-03,2.048939000e-03,1.901978017e-03,1.820351958e-03,1.970739932e-04,141.134889,147.463492,147.463492,1.524800062e-04,3.401599824e-05,1.633302429e-05,row,0,-1.000000000e+00,-1.000000
cuda_naive(blk128),double,global,global,4096,4096,8,8,4,2,20,5.003800000e-05,1.997316000e-03,1.454074000e-03,2.063939000e-03,1.946510998e-03,1.812448025e-03,1.940020324e-04,137.905954,148.106568,148.106568,1.569920033e-04,3.158399835e-05,1.744397631e-05,row,0,-1.000000000e+00,-1.000000
cuda_naive(blk128),double,global,global,4096,4096,20,8,4,2,1,1.361670000e-04,3.211813000e-03,1.963028000e-03,3.368673000e-03,3.136335975e-03,3.001631975e-03,3.643979577e-04,213.972178,223.574591,223.574591,3.045440018e-04,5.792000145e-05,1.441798685e-05,row,0,-1.000000000e+00,-1.000000
cuda_naive(blk128),double,global,global,4096,4096,20,8,4,2,2,1.109090000e-04,3.217387000e-03,1.938312000e-03,3.370743000e-03,3.157342967e-03,3.029855967e-03,4.046360580e-04,212.548541,221.491928,221.491928,3.439039886e-04,5.526399985e-05,1.527097927e-05,row,0,-1.000000000e+00,-1.000000
cuda_naive(blk128),double,global,global,4096,4096,20,8,4,2,3,1.152280000e-04,3.206887000e-03,1.957666000e-03,3.366867000e-03,3.119735967e-03,2.792191982e-03,4.146950177e-04,215.110717,240.344734,240.344734,3.544960022e-04,5.702399835e-05,1.229002269e-05,row,0,-1.000000000e+00,-1.000000
cuda_naive(blk128),double,global,global,4096,4096,20,8,4,2,4,1.322620000e-04,3.194016000e-03,1.540111000e-03,3.346290000e-03,3.036674973e-03,2.823519945e-03,3.704960549e-04,220.994557,237.678024,237.678024,3.086400032e-04,5.200000107e-05,1.481692257e-05,row,0,-1.000000000e+00,-1.000000
cuda_naive(blk128),double,global,global,4096,4096,20,8,4,2,5,1.069380000e-04,3.285670000e-03,1.943530000e-03,3.431774000e-03,3.207867946e-03,3.001471996e-03,4.182729505e-04,209.200831,223.586507,223.586507,3.586879969e-04,5.574399978e-05,1.971405670e-05,row,0,-1.000000000e+00,-1.000000
cuda_naive(blk128),double,global,global,4096,4096,20,8,4,2,6,1.089750000e-04,3.295326000e-03,1.546327000e-03,3.445471000e-03,3.117558016e-03,2.926496029e-03,3.946089483e-04,215.260995,229.314728,229.314728,3.340800107e-04,5.308799818e-05,1.284893593e-05,row,0,-1.000000000e+00,-1.000000
cuda_naive(blk128),double,global,global,4096,4096,20,8,4,2,7,1.348050000e-04,3.194290000e-03,1.946006000e-03,3.371438000e-03,3.109454035e-03,2.843519926e-03,3.768709060e-04,215.822016,236.006308,236.006308,3.122240007e-04,5.872000009e-05,1.768206710e-05,row,0,-1.000000000e+00,-1.000000
cuda_naive(blk128),double,global,global,4096,4096,20,8,4,2,8,1.161520000e-04,3.195253000e-03,1.948478000e-03,3.355385000e-03,3.021009911e-03,2.886591911e-03,3.905149707e-04,222.140496,232.484764,232.484764,3.317759931e-04,5.590400100e-05,1.425897790e-05,row,0,-1.000000000e+00,-1.000000
cuda_naive(blk128),double,global,global,4096,4096,20,8,4,2,9,1.254030000e-04,3.202475000e-03,1.547086000e-03,3.351048000e-03,3.032999991e-03,2.837183952e-03,3.746210327e-04,221.262328,236.533355,236.533355,3.108800054e-04,5.440000072e-05,1.530797424e-05,row,0,-1.000000000e+00,-1.000000
cuda_naive(blk128),double,global,global,4096,4096,20,8,4,2,10,1.222350000e-04,3.202758000e-03,1.953068000e-03,3.361314000e-03,3.113017923e-03,2.985055923e-03,3.931079804e-04,215.574936,224.816103,224.816103,3.281280100e-04,5.267199874e-05,1.415596704e-05,row,0,-1.000000000e+00,-1.000000
cuda_naive(blk128),double,global,global,4096,4096,20,8,4,2,11,1.097030000e-04,3.315576000e-03,1.951484000e-03,3.454776000e-03,3.225887058e-03,2.931103945e-03,3.905020623e-04,208.032280,228.954228,228.954228,3.265280128e-04,5.699200183e-05,1.301805410e-05,row,0,-1.000000000e+00,-1.000000
cuda_naive(blk128),double,global,global,4096,4096,20,8,4,2,12,1.059680000e-04,3.211095000e-03,1.933972000e-03,3.349158000e-03,3.156283030e-03,3.033344030e-03,4.042350667e-04,212.619918,221.237233,221.237233,3.378239870e-04,5.696000159e-05,1.904698934e-05,row,0,-1.000000000e+00,-1.000000
cuda_naive(blk128),double,global,global,4096,4096,20,8,4,2,13,1.209810000e-04,3.151967000e-03,1.911762000e-03,3.317420000e-03,3.118381066e-03,2.952928066e-03,3.606210583e-04,215.204180,227.262102,227.262102,3.018240035e-04,5.635200068e-05,1.472098677e-05,row,0,-1.000000000e+00,-1.000000
cuda_naive(blk128),double,global,global,4096,4096,20,8,4,2,14,1.065960000e-04,3.202543000e-03,1.551742000e-03,3.352513000e-03,3.011818998e-03,2.828383923e-03,3.992940932e-04,222.818383,237.269288,237.269288,3.371520042e-04,5.392000079e-05,1.422395937e-05,row,0,-1.000000000e+00,-1.000000
cuda_naive(blk128),double,global,global,4096,4096,20,8,4,2,15,1.043230000e-04,3.205497000e-03,1.546418000e-03,3.357409000e-03,3.023324020e-03,2.830048084e-03,3.952349623e-04,221.970466,237.129766,237.129766,3.367039859e-04,5.654399842e-05,1.560198068e-05,row,0,-1.000000000e+00,-1.000000
cuda_naive(blk128),double,global,global,4096,4096,20,8,4,2,16,1.046820000e-04,3.201637000e-03,1.545018000e-03,3.354362000e-03,3.019324018e-03,2.828959942e-03,3.993348970e-04,222.264532,237.220977,237.220977,3.387199938e-04,5.289600044e-05,1.613490351e-05,row,0,-1.000000000e+00,-1.000000
cuda_naive(blk128),double,global,global,4096,4096,20,8,4,2,17,1.051310000e-04,3.195283000e-03,1.542599000e-03,3.343913000e-03,3.009197046e-03,2.824255943e-03,3.913619572e-04,223.012528,237.616085,237.616085,3.328959942e-04,5.846399814e-05,1.289997566e-05,row,0,-1.000000000e+00,-1.000000
cuda_naive(blk128),double,global,global,4096,4096,20,8,4,2,18,1.065410000e-04,3.193634000e-03,1.540287000e-03,3.350152000e-03,3.049482990e-03,2.859839916e-03,4.080689961e-04,220.066366,234.659512,234.659512,3.401600122e-04,5.443200096e-05,1.638101708e-05,row,0,-1.000000000e+00,-1.000000
cuda_naive(blk128),double,global,global,4096,4096,20,8,4,2,19,1.133590000e-04,3.201001000e-03,1.954741000e-03,3.358703000e-03,3.123433114e-03,2.991552114e-03,3.931019681e-04,214.856094,224.327912,224.327912,3.346880078e-04,5.372799933e-05,1.329395946e-05,row,0,-1.000000000e+00,-1.000000
cuda_naive(blk128),double,global,global,4096,4096,20,8,4,2,20,1.083700000e-04,3.303032000e-03,1.950788000e-03,3.462390000e-03,3.215399052e-03,2.984447956e-03,4.083110021e-04,208.710841,224.861901,224.861901,3.485760093e-04,5.539200082e-05,1.514698227e-05,row,0,-1.000000000e+00,-1.000000
cuda_naive(blk128),double,global,global,4096,4096,32,8,4,2,1,1.982390000e-04,4.460263000e-03,3.212867000e-03,4.746938000e-03,4.369346077e-03,3.845920086e-03,6.143429141e-04,245.744284,279.189843,279.189843,5.271999836e-04,7.977599651e-05,1.584702050e-05,row,0,-1.000000000e+00,-1.000000
cuda_naive(blk128),double,global,global,4096,4096,32,8,4,2,2,2.091330000e-04,4.433501000e-03,3.209144000e-03,4.729750000e-03,4.373762924e-03,3.846112013e-03,5.873889871e-04,245.496119,279.175911,279.175911,5.023360252e-04,7.347200066e-05,1.380586503e-05,row,0,-1.000000000e+00,-1.000000
cuda_naive(blk128),double,global,global,4096,4096,32,8,4,2,3,2.401640000e-04,4.374841000e-03,3.211409000e-03,4.701942000e-03,4.371970959e-03,3.841344118e-03,5.334968819e-04,245.596742,279.522425,279.522425,4.513599873e-04,7.321599871e-05,1.611200026e-05,row,0,-1.000000000e+00,-1.000000
cuda_naive(blk128),double,global,global,4096,4096,32,8,4,2,4,2.387710000e-04,4.398472000e-03,3.198459000e-03,4.724502000e-03,4.377415961e-03,3.844959974e-03,5.535120257e-04,245.291248,279.259558,279.259558,4.730879962e-04,7.513599843e-05,1.463202768e-05,row,0,-1.000000000e+00,-1.000000
cuda_naive(blk128),double,global,global,4096,4096,32,8,4,2,5,2.306680000e-04,4.685404000e-03,3.205630000e-03,5.003839000e-03,4.650037077e-03,4.128064156e-03,5.573398444e-04,230.910379,260.107833,260.107833,4.720959961e-04,7.327999920e-05,1.493984939e-05,row,0,-1.000000000e+00,-1.000000
cuda_naive(blk128),double,global,global,4096,4096,32,8,4,2,6,2.100720000e-04,4.422620000e-03,3.201722000e-03,4.719820000e-03,4.361380920e-03,3.840863943e-03,5.817560569e-04,246.193085,279.557370,279.557370,4.996800125e-04,7.184000313e-05,1.507587667e-05,row,0,-1.000000000e+00,-1.000000
cuda_naive(blk128),double,global,global,4096,4096,32,8,4,2,7,2.429480000e-04,4.379177000e-03,3.199486000e-03,4.709251000e-03,4.366253019e-03,3.847872019e-03,5.313049812e-04,245.918370,279.048216,279.048216,4.467839897e-04,7.414399832e-05,1.421699263e-05,row,0,-1.000000000e+00,-1.000000
cuda_naive(blk128),double,global,global,4096,4096,32,8,4,2,8,2.322660000e-04,4.408914000e-03,3.214203000e-03,4.726420000e-03,4.383633948e-03,3.838399887e-03,5.705141129e-04,244.943313,279.736832,279.736832,4.914239943e-04,6.831999868e-05,1.451411864e-05,row,0,-1.000000000e+00,-1.000000
cuda_naive(blk128),double,global,global,4096,4096,32,8,4,2,9,2.297220000e-04,4.671115000e-03,3.215171000e-03,4.975257000e-03,4.639656071e-03,4.121344090e-03,5.497709105e-04,231.427030,260.531953,260.531953,4.696959853e-04,6.995200366e-05,1.327410277e-05,row,0,-1.000000000e+00,-1.000000
cuda_naive(blk128),double,global,global,4096,4096,32,8,4,2,10,2.180760000e-04,4.450956000e-03,2.155279000e-03,4.713294000e-03,4.357386216e-03,4.133024216e-03,5.803340284e-04,246.418787,259.795677,259.795677,5.016000271e-04,6.831999868e-05,1.455697984e-05,row,0,-1.000000000e+00,-1.000000
cuda_naive(blk128),double,global,global,4096,4096,32,8,4,2,11,2.238190000e-04,4.395612000e-03,3.201473000e-03,4.683856000e-03,4.342673102e-03,3.846400023e-03,5.492119775e-04,247.253661,279.155007,279.155007,4.698239863e-04,6.847999990e-05,1.436598187e-05,row,0,-1.000000000e+00,-1.000000
cuda_naive(blk128),double,global,global,4096,4096,32,8,4,2,12,2.345530000e-04,4.393907000e-03,3.216340000e-03,4.715403000e-03,4.368627067e-03,3.844127893e-03,5.497791066e-04,245.784730,279.320005,279.320005,4.678719938e-04,7.020799816e-05,1.585911649e-05,row,0,-1.000000000e+00,-1.000000
cuda_naive(blk128),double,global,global,4096,4096,32,8,4,2,13,2.270700000e-04,4.404733000e-03,3.725986000e-03,4.709751000e-03,4.407219009e-03,3.940351963e-03,5.677560610e-04,243.632509,272.498963,272.498963,4.862079918e-04,7.027199864e-05,1.519705137e-05,row,0,-1.000000000e+00,-1.000000
cuda_naive(blk128),double,global,global,4096,4096,32,8,4,2,14,2.173060000e-04,4.417372000e-03,3.204555000e-03,4.710301000e-03,4.369056948e-03,3.844095945e-03,5.732760546e-04,245.760547,279.322327,279.322327,4.881919920e-04,7.043199986e-05,1.548406162e-05,row,0,-1.000000000e+00,-1.000000
cuda_naive(blk128),double,global,global,4096,4096,32,8,4,2,15,2.017300000e-04,4.721382000e-03,3.206298000e-03,5.010354000e-03,4.655243004e-03,4.130943775e-03,5.904382248e-04,230.652154,259.926516,259.926516,5.022079945e-04,7.276800275e-05,1.546222761e-05,row,0,-1.000000000e+00,-1.000000
cuda_naive(blk128),double,global,global,4096,4096,32,8,4,2,16,2.221690000e-04,4.419493000e-03,3.203843000e-03,4.728381000e-03,4.373178922e-03,3.834464073e-03,5.850289268e-04,245.528903,280.023963,280.023963,5.012800097e-04,6.953600049e-05,1.510891595e-05,row,0,-1.000000000e+00,-1.000000
cuda_naive(blk128),double,global,global,4096,4096,32,8,4,2,17,2.412150000e-04,4.367323000e-03,3.211482000e-03,4.694329000e-03,4.299694000e-03,3.841856003e-03,5.254669972e-04,249.725172,279.485182,279.485182,4.448319972e-04,7.158400118e-05,1.373411711e-05,row,0,-1.000000000e+00,-1.000000
cuda_naive(blk128),double,global,global,4096,4096,32,8,4,2,18,2.318620000e-04,4.389462000e-03,3.204655000e-03,4.707531000e-03,4.371786038e-03,3.841631889e-03,5.478301107e-04,245.607131,279.501487,279.501487,4.664640129e-04,6.838399917e-05,1.317395482e-05,row,0,-1.000000000e+00,-1.000000
cuda_naive(blk128),double,global,global,4096,4096,32,8,4,2,19,2.527060000e-04,4.359138000e-03,3.726104000e-03,4.688532000e-03,4.399344998e-03,3.984960079e-03,5.263190167e-04,244.068566,269.448577,269.448577,4.355199933e-04,7.235199958e-05,1.844702385e-05,row,0,-1.000000000e+00,-1.000000
cuda_naive(blk128),double,global,global,4096,4096,32,8,4,2,20,2.228850000e-04,4.459912000e-03,3.233188000e-03,4.778498000e-03,4.405181952e-03,3.862528086e-03,5.973839143e-04,243.745170,277.989389,277.989389,5.046079755e-04,7.801599801e-05,1.591291957e-05,row,0,-1.000000000e+00,-1.000000
cuda_naive(blk128),double,global,global,4096,4096,3,8,8,1,1,6.109800000e-05,2.627260000e-03,1.812000000e-06,2.681713000e-03,2.535540923e-03,2.481087923e-03,1.500689216e-04,39.700916,40.572241,40.572241,9.939199686e-05,2.480000071e-05,9.554807797e-05,row,0,-1.000000000e+00,-1.000000
cuda_naive(blk128),double,global,global,4096,4096,3,8,8,1,2,6.047100000e-05,2.625250000e-03,1.840000000e-06,2.685868000e-03,2.558250027e-03,2.497632027e-03,1.411259730e-04,39.348498,40.303493,40.303493,1.060800031e-04,2.720000036e-05,2.272597021e-05,row,0,-1.000000000e+00,-1.000000
cuda_naive(blk128),double,global,global,4096,4096,3,8,8,1,3,5.382700000e-05,2.630607000e-03,1.707000000e-06,2.684547000e-03,2.540820064e-03,2.486880064e-03,1.646660128e-04,39.618428,40.477745,40.477745,9.600000083e-05,2.953599952e-05,9.647401324e-05,row,0,-1.000000000e+00,-1.000000
cuda_naive(blk128),double,global,global,4096,4096,3,8,8,1,4,6.085500000e-05,2.645118000e-03,1.857000000e-06,2.701817000e-03,2.557979069e-03,2.501280069e-03,1.438379306e-04,39.352666,40.244712,40.244712,1.153599992e-04,2.169599943e-05,1.890404641e-05,row,0,-1.000000000e+00,-1.000000
cuda_naive(blk128),double,global,global,4096,4096,3,8,8,1,5,6.569000000e-05,2.650943000e-03,1.731000000e-06,2.708427000e-03,2.560043900e-03,2.502559900e-03,1.594879901e-04,39.320926,40.224130,40.224130,1.156480014e-04,2.569600008e-05,9.715199231e-05,row,0,-1.000000000e+00,-1.000000
cuda_naive(blk128),double,global,global,4096,4096,3,8,8,1,6,5.725600000e-05,2.639215000e-03,1.707000000e-06,2.692446000e-03,2.619982957e-03,2.566751957e-03,1.477019817e-04,38.421355,39.218163,39.218163,1.235840023e-04,2.419199981e-05,1.774698232e-05,row,0,-1.000000000e+00,-1.000000
cuda_naive(blk128),double,global,global,4096,4096,3,8,8,1,7,5.845500000e-05,2.658211000e-03,1.677000000e-06,2.712572000e-03,2.624729052e-03,2.570368052e-03,1.579959830e-04,38.351881,39.162989,39.162989,1.189439967e-04,2.204800025e-05,2.641198598e-05,row,0,-1.000000000e+00,-1.000000
cuda_naive(blk128),double,global,global,4096,4096,3,8,8,1,8,5.512900000e-05,2.634118000e-03,1.909000000e-06,2.683145000e-03,2.562306915e-03,2.513279915e-03,1.354619637e-04,39.286198,40.052561,40.052561,1.035199985e-04,2.032000013e-05,2.204996516e-05,row,0,-1.000000000e+00,-1.000000
cuda_naive(blk128),double,global,global,4096,4096,3,8,8,1,9,6.032700000e-05,2.663157000e-03,1.813000000e-06,2.718216000e-03,2.638323112e-03,2.583264112e-03,1.571699671e-04,38.154271,38.967481,38.967481,1.290879995e-04,2.230400033e-05,2.653801318e-05,row,0,-1.000000000e+00,-1.000000
cuda_naive(blk128),double,global,global,4096,4096,3,8,8,1,10,6.462300000e-05,2.605663000e-03,1.874000000e-06,2.660416000e-03,2.589632923e-03,2.534879923e-03,1.396520320e-04,38.871647,39.711268,39.711268,1.099840030e-04,1.999999955e-05,2.052699941e-05,row,0,-1.000000000e+00,-1.000000
cuda_naive(blk128),double,global,global,4096,4096,3,8,8,1,11,5.488800000e-05,2.646934000e-03,4.736000000e-06,2.702049000e-03,2.605834976e-03,2.550719976e-03,1.573310501e-04,38.629958,39.464660,39.464660,1.206400022e-04,2.310400084e-05,2.385904795e-05,row,0,-1.000000000e+00,-1.000000
cuda_naive(blk128),double,global,global,4096,4096,3,8,8,1,12,5.327100000e-05,2.545942000e-03,1.504000000e-06,2.598430000e-03,2.453064115e-03,2.400576115e-03,1.453658853e-04,41.035738,41.932974,41.932974,1.025919989e-04,2.108800039e-05,2.971788671e-05,row,0,-1.000000000e+00,-1.000000
cuda_naive(blk128),double,global,global,4096,4096,3,8,8,1,13,5.638400000e-05,2.646751000e-03,1.610000000e-06,2.700406000e-03,2.552502961e-03,2.498847961e-03,1.479030386e-04,39.437093,40.283882,40.283882,1.212799996e-04,2.080000006e-05,2.024200177e-05,row,0,-1.000000000e+00,-1.000000
cuda_naive(blk128),double,global,global,4096,4096,3,8,8,1,14,5.667300000e-05,2.640292000e-03,1.856000000e-06,2.692233000e-03,2.579941116e-03,2.528000116e-03,1.698679794e-04,39.017672,39.819340,39.819340,1.288000047e-04,3.094400093e-05,1.453188245e-05,row,0,-1.000000000e+00,-1.000000
cuda_naive(blk128),double,global,global,4096,4096,3,8,8,1,15,5.487700000e-05,2.639464000e-03,1.834000000e-06,2.691522000e-03,2.535801906e-03,2.483743906e-03,1.557200940e-04,39.696830,40.528855,40.528855,1.257919967e-04,2.268799953e-05,1.626409753e-05,row,0,-1.000000000e+00,-1.000000
cuda_naive(blk128),double,global,global,4096,4096,3,8,8,1,16,5.428600000e-05,2.655448000e-03,1.782000000e-06,2.700493000e-03,2.604468923e-03,2.559423923e-03,1.490240578e-04,38.650220,39.330451,39.330451,1.201279983e-04,2.419199981e-05,1.628704612e-05,row,0,-1.000000000e+00,-1.000000
cuda_naive(blk128),double,global,global,4096,4096,3,8,8,1,17,5.509200000e-05,2.650802000e-03,1.850000000e-06,2.695482000e-03,2.621064068e-03,2.576384068e-03,1.491100999e-04,38.405508,39.071541,39.071541,1.212159991e-04,2.332800068e-05,1.826396826e-05,row,0,-1.000000000e+00,-1.000000
cuda_naive(blk128),double,global,global,4096,4096,3,8,8,1,18,5.470400000e-05,2.608661000e-03,1.939000000e-06,2.664208000e-03,2.578074933e-03,2.522527933e-03,1.399240126e-04,39.045916,39.905721,39.905721,1.125440001e-04,2.537599951e-05,2.038895285e-05,row,0,-1.000000000e+00,-1.000000
cuda_naive(blk128),double,global,global,4096,4096,3,8,8,1,19,5.608000000e-05,2.638625000e-03,1.708000000e-06,2.696277000e-03,2.609460119e-03,2.551808119e-03,1.573859976e-04,38.576292,39.447831,39.447831,1.298239976e-04,2.208000049e-05,1.490697406e-05,row,0,-1.000000000e+00,-1.000000
cuda_naive(blk128),double,global,global,4096,4096,3,8,8,1,20,5.570000000e-05,2.725281000e-03,1.921000000e-06,2.778954000e-03,2.667561025e-03,2.613888025e-03,1.478199817e-04,37.736080,38.510944,38.510944,1.156160012e-04,2.054399997e-05,1.569198146e-05,row,0,-1.000000000e+00,-1.000000
cuda_naive(blk128),double,global,global,4096,4096,6,8,8,1,1,1.097080000e-04,2.565615000e-03,3.334000000e-06,2.668133000e-03,2.563414015e-03,2.460896015e-03,2.290060379e-04,78.538461,81.810280,81.810280,2.000000030e-04,2.508799918e-05,1.263400188e-05,row,0,-1.000000000e+00,-1.000000
cuda_naive(blk128),double,global,global,4096,4096,6,8,8,1,2,1.062370000e-04,2.578627000e-03,3.454000000e-06,2.677507000e-03,2.520096011e-03,2.421216011e-03,2.407040466e-04,79.888461,83.151025,83.151025,2.086399943e-04,2.198399976e-05,1.351401610e-05,row,0,-1.000000000e+00,-1.000000
cuda_naive(blk128),double,global,global,4096,4096,6,8,8,1,3,1.011010000e-04,2.589483000e-03,3.233000000e-06,2.683927000e-03,2.584428035e-03,2.489984035e-03,2.450749507e-04,77.899864,80.854571,80.854571,2.156160027e-04,2.230400033e-05,1.398597964e-05,row,0,-1.000000000e+00,-1.000000
cuda_naive(blk128),double,global,global,4096,4096,6,8,8,1,4,1.015890000e-04,2.570832000e-03,3.428000000e-06,2.672677000e-03,2.489813063e-03,2.387968063e-03,2.260199556e-04,80.860124,84.308746,84.308746,2.003519982e-04,2.748800069e-05,1.462687677e-05,row,0,-1.000000000e+00,-1.000000
cuda_naive(blk128),double,global,global,4096,4096,6,8,8,1,5,1.012930000e-04,2.520704000e-03,3.132000000e-06,2.615337000e-03,2.396361010e-03,2.301728010e-03,2.189759898e-04,84.013465,87.467586,87.467586,1.739840060e-04,2.070399933e-05,2.729700320e-05,row,0,-1.000000000e+00,-1.000000
cuda_naive(blk128),double,global,global,4096,4096,6,8,8,1,6,1.049930000e-04,2.577195000e-03,3.438000000e-06,2.676722000e-03,2.549191116e-03,2.449664116e-03,2.433069877e-04,78.976657,82.185386,82.185386,2.090239972e-04,2.191999927e-05,1.542096164e-05,row,0,-1.000000000e+00,-1.000000
cuda_naive(blk128),double,global,global,4096,4096,6,8,8,1,7,1.029500000e-04,2.568828000e-03,3.073000000e-06,2.666548000e-03,2.559127900e-03,2.461407900e-03,2.357119727e-04,78.670000,81.793266,81.793266,2.039359957e-04,2.390399948e-05,1.404797612e-05,row,0,-1.000000000e+00,-1.000000
cuda_naive(blk128),double,global,global,4096,4096,6,8,8,1,8,1.027030000e-04,2.585275000e-03,3.233000000e-06,2.677838000e-03,2.469203081e-03,2.376640081e-03,2.492809837e-04,81.535048,84.710594,84.710594,2.171200067e-04,2.627200074e-05,1.413592429e-05,row,0,-1.000000000e+00,-1.000000
cuda_naive(blk128),double,global,global,4096,4096,6,8,8,1,9,1.017090000e-04,2.481399000e-03,3.395000000e-06,2.583179000e-03,2.370771947e-03,2.268991947e-03,2.323389875e-04,84.920269,88.729531,88.729531,1.973440051e-04,2.425600030e-05,1.416298210e-05,row,0,-1.000000000e+00,-1.000000
cuda_naive(blk128),double,global,global,4096,4096,6,8,8,1,10,1.121110000e-04,2.578365000e-03,3.260000000e-06,2.658508000e-03,2.541135098e-03,2.460992098e-03,2.107240570e-04,79.227032,81.807086,81.807086,1.845760047e-04,2.105600014e-05,1.143600571e-05,row,0,-1.000000000e+00,-1.000000
cuda_naive(blk128),double,global,global,4096,4096,6,8,8,1,11,9.923200000e-05,2.566109000e-03,3.006000000e-06,2.660967000e-03,2.563113997e-03,2.468255997e-03,2.215679241e-04,78.547654,81.566334,81.566334,1.952960044e-04,2.073599957e-05,1.489800766e-05,row,0,-1.000000000e+00,-1.000000
cuda_naive(blk128),double,global,global,4096,4096,6,8,8,1,12,1.009360000e-04,2.466840000e-03,2.994000000e-06,2.568774000e-03,2.390925928e-03,2.288991928e-03,2.237009645e-04,84.204445,87.954260,87.954260,1.954240054e-04,2.140799910e-05,1.929699955e-05,row,0,-1.000000000e+00,-1.000000
cuda_naive(blk128),double,global,global,4096,4096,6,8,8,1,13,1.001590000e-04,2.567219000e-03,3.069000000e-06,2.670377000e-03,2.439317945e-03,2.336159945e-03,2.310590555e-04,82.533969,86.178428,86.178428,2.014400065e-04,2.672000043e-05,1.484300651e-05,row,0,-1.000000000e+00,-1.000000
cuda_naive(blk128),double,global,global,4096,4096,6,8,8,1,14,1.086580000e-04,2.556728000e-03,3.050000000e-06,2.656747000e-03,2.439154885e-03,2.339135885e-03,2.175921148e-04,82.539487,86.068789,86.068789,1.882880032e-04,2.211200073e-05,1.235097890e-05,row,0,-1.000000000e+00,-1.000000
cuda_naive(blk128),double,global,global,4096,4096,6,8,8,1,15,9.944000000e-05,2.569876000e-03,3.123000000e-06,2.666161000e-03,2.430108919e-03,2.333823919e-03,2.360520807e-04,82.846736,86.264688,86.264688,2.130240053e-04,2.384000085e-05,1.702196286e-05,row,0,-1.000000000e+00,-1.000000
cuda_naive(blk128),double,global,global,4096,4096,6,8,8,1,16,1.043790000e-04,2.570169000e-03,3.192000000e-06,2.673958000e-03,2.505261092e-03,2.401472092e-03,2.324291106e-04,80.361521,83.834658,83.834658,2.034559995e-04,2.342399955e-05,1.368499872e-05,row,0,-1.000000000e+00,-1.000000
cuda_naive(blk128),double,global,global,4096,4096,6,8,8,1,17,1.073180000e-04,2.569658000e-03,2.914000000e-06,2.676421000e-03,2.537195081e-03,2.430432081e-03,2.333870387e-04,79.350064,82.835720,82.835720,1.953919977e-04,2.579200082e-05,1.652304141e-05,row,0,-1.000000000e+00,-1.000000
cuda_naive(blk128),double,global,global,4096,4096,6,8,8,1,18,1.016720000e-04,2.563693000e-03,3.117000000e-06,2.663079000e-03,2.434201979e-03,2.334815979e-03,2.288770210e-04,82.707431,86.228034,86.228034,2.049600035e-04,2.400000021e-05,1.218799365e-05,row,0,-1.000000000e+00,-1.000000
cuda_naive(blk128),double,global,global,4096,4096,6,8,8,1,19,1.003440000e-04,2.566171000e-03,3.221000000e-06,2.667731000e-03,2.433656100e-03,2.332096100e-03,2.340749001e-04,82.725983,86.328600,86.328600,2.113599926e-04,2.124799974e-05,1.323104574e-05,row,0,-1.000000000e+00,-1.000000
cuda_naive(blk128),double,global,global,4096,4096,6,8,8,1,20,1.040270000e-04,2.619862000e-03,3.410000000e-06,2.725271000e-03,2.480481002e-03,2.375072002e-03,2.447899976e-04,81.164335,84.766522,84.766522,2.137600034e-04,2.371199988e-05,1.619401977e-05,row,0,-1.000000000e+00,-1.000000
cuda_naive(blk128),double,global,global,4096,4096,8,8,8,1,1,1.470200000e-04,2.560875000e-03,4.708000000e-06,2.699334000e-03,2.450555119e-03,2.312096119e-03,3.061129901e-04,109.540673,116.100474,116.100474,2.718720138e-04,2.764800005e-05,1.626598574e-05,row,0,-1.000000000e+00,-1.000000
cuda_naive(blk128),double,global,global,4096,4096,8,8,8,1,2,1.363530000e-04,2.537936000e-03,7.947000000e-06,2.675710000e-03,2.521677980e-03,2.383903980e-03,2.964409589e-04,106.451124,112.603300,112.603300,2.635839880e-04,2.761599980e-05,1.253999578e-05,row,0,-1.000000000e+00,-1.000000
cuda_naive(blk128),double,global,global,4096,4096,8,8,8,1,3,1.388030000e-04,2.557481000e-03,8.243000000e-06,2.689077000e-03,2.414411933e-03,2.282815933e-03,3.047779960e-04,111.180471,117.589619,117.589619,2.675839961e-04,3.023999929e-05,1.409005046e-05,row,0,-1.000000000e+00,-1.000000
cuda_naive(blk128),double,global,global,4096,4096,8,8,8,1,4,1.355510000e-04,2.544680000e-03,4.656000000e-06,2.677941000e-03,2.438860928e-03,2.305599928e-03,3.007919746e-04,110.065914,116.427596,116.427596,2.613120079e-04,2.854399942e-05,1.412901536e-05,row,0,-1.000000000e+00,-1.000000
cuda_naive(blk128),double,global,global,4096,4096,8,8,8,1,5,1.331960000e-04,2.471025000e-03,4.358000000e-06,2.596510000e-03,2.399212894e-03,2.273727894e-03,2.838080393e-04,111.884801,118.059622,118.059622,2.329919934e-04,2.675200067e-05,3.017604516e-05,row,0,-1.000000000e+00,-1.000000
cuda_naive(blk128),double,global,global,4096,4096,8,8,8,1,6,1.321280000e-04,2.567920000e-03,4.767000000e-06,2.696037000e-03,2.381940996e-03,2.253823996e-03,3.140960044e-04,112.696098,119.102226,119.102226,2.872000039e-04,2.723200060e-05,1.377495837e-05,row,0,-1.000000000e+00,-1.000000
cuda_naive(blk128),double,global,global,4096,4096,8,8,8,1,7,1.329310000e-04,2.566823000e-03,4.511000000e-06,2.695363000e-03,2.543292007e-03,2.414752007e-03,3.002789651e-04,105.546455,111.164813,111.164813,2.692799866e-04,2.745600045e-05,1.411602284e-05,row,0,-1.000000000e+00,-1.000000
cuda_naive(blk128),double,global,global,4096,4096,8,8,8,1,8,1.309840000e-04,2.468626000e-03,4.994000000e-06,2.603570000e-03,2.304192104e-03,2.169248104e-03,2.993778959e-04,116.498731,123.745853,123.745853,2.651839852e-04,2.726400085e-05,1.644394741e-05,row,0,-1.000000000e+00,-1.000000
cuda_naive(blk128),double,global,global,4096,4096,8,8,8,1,9,1.359500000e-04,2.570062000e-03,4.873000000e-06,2.703314000e-03,2.547715997e-03,2.414463997e-03,3.061359479e-04,105.363179,111.178074,111.178074,2.740159929e-04,2.828799933e-05,1.386099519e-05,row,0,-1.000000000e+00,-1.000000
cuda_naive(blk128),double,global,global,4096,4096,8,8,8,1,10,1.423630000e-04,2.433264000e-03,4.656000000e-06,2.579790000e-03,2.340638062e-03,2.194112062e-03,2.817030139e-04,114.684735,122.343549,122.343549,2.431360036e-04,2.678400092e-05,1.477999288e-05,row,0,-1.000000000e+00,-1.000000
cuda_naive(blk128),double,global,global,4096,4096,8,8,8,1,11,1.455240000e-04,2.551628000e-03,4.864000000e-06,2.701590000e-03,2.433961920e-03,2.283999920e-03,3.121700079e-04,110.287451,117.528663,117.528663,2.734400034e-04,2.886399999e-05,1.294007794e-05,row,0,-1.000000000e+00,-1.000000
cuda_naive(blk128),double,global,global,4096,4096,8,8,8,1,12,1.411700000e-04,2.562890000e-03,4.659000000e-06,2.704997000e-03,2.420250883e-03,2.278143883e-03,3.158790139e-04,110.912244,117.830774,117.830774,2.768000066e-04,2.649600059e-05,1.482300696e-05,row,0,-1.000000000e+00,-1.000000
cuda_naive(blk128),double,global,global,4096,4096,8,8,8,1,13,1.385810000e-04,2.558454000e-03,5.017000000e-06,2.697242000e-03,2.532547966e-03,2.393759966e-03,2.966170141e-04,105.994224,112.139671,112.139671,2.615999877e-04,2.857599966e-05,1.315600318e-05,row,0,-1.000000000e+00,-1.000000
cuda_naive(blk128),double,global,global,4096,4096,8,8,8,1,14,1.342900000e-04,2.556600000e-03,4.619000000e-06,2.694252000e-03,2.387507995e-03,2.249855995e-03,3.067440048e-04,112.433322,119.312283,119.312283,2.742080092e-04,2.803199925e-05,1.725101862e-05,row,0,-1.000000000e+00,-1.000000
cuda_naive(blk128),double,global,global,4096,4096,8,8,8,1,15,1.384700000e-04,2.551498000e-03,5.546000000e-06,2.692997000e-03,2.421755033e-03,2.280256033e-03,2.990889956e-04,110.843356,117.721630,117.721630,2.667199969e-04,2.358400077e-05,1.459399956e-05,row,0,-1.000000000e+00,-1.000000
cuda_naive(blk128),double,global,global,4096,4096,8,8,8,1,16,1.407480000e-04,2.539397000e-03,4.590000000e-06,2.683083000e-03,2.421509925e-03,2.277823925e-03,3.100269912e-04,110.854576,117.847325,117.847325,2.745279968e-04,2.790400013e-05,1.403697179e-05,row,0,-1.000000000e+00,-1.000000
cuda_naive(blk128),double,global,global,4096,4096,8,8,8,1,17,1.343430000e-04,2.553056000e-03,9.586000000e-06,2.695699000e-03,2.424754883e-03,2.282111883e-03,3.055640100e-04,110.706223,117.625896,117.625896,2.717120051e-04,2.601600066e-05,1.577612126e-05,row,0,-1.000000000e+00,-1.000000
cuda_naive(blk128),double,global,global,4096,4096,8,8,8,1,18,1.324890000e-04,2.543561000e-03,4.534000000e-06,2.679590000e-03,2.416764970e-03,2.280735970e-03,2.960020101e-04,111.072222,117.696857,117.696857,2.634559870e-04,2.377600037e-05,1.506995688e-05,row,0,-1.000000000e+00,-1.000000
cuda_naive(blk128),double,global,global,4096,4096,8,8,8,1,19,1.334910000e-04,2.561097000e-03,4.520000000e-06,2.689972000e-03,2.374506933e-03,2.245631933e-03,3.154650668e-04,113.048925,119.536711,119.536711,2.879680097e-04,2.947200090e-05,1.386603963e-05,row,0,-1.000000000e+00,-1.000000
cuda_naive(blk128),double,global,global,4096,4096,8,8,8,1,20,1.354050000e-04,2.611839000e-03,4.700000000e-06,2.744776000e-03,2.604776905e-03,2.471839905e-03,2.897980652e-04,103.055066,108.597428,108.597428,2.568640113e-04,2.761599980e-05,1.498601068e-05,row,0,-1.000000000e+00,-1.000000
cuda_naive(blk128),double,global,global,4096,4096,20,8,8,1,1,3.768800000e-04,3.296714000e-03,1.164600000e-05,3.667936000e-03,2.976118069e-03,2.604896069e-03,6.918179314e-04,225.491269,257.625879,257.625879,6.523200274e-04,5.494400114e-05,1.662500431e-05,row,0,-1.000000000e+00,-1.000000
cuda_naive(blk128),double,global,global,4096,4096,20,8,8,1,2,3.610320000e-04,3.306955000e-03,1.149200000e-05,3.674808000e-03,2.975884988e-03,2.608031988e-03,6.989230119e-04,225.508930,257.316108,257.316108,6.583999991e-04,4.358400032e-05,1.772401981e-05,row,0,-1.000000000e+00,-1.000000
cuda_naive(blk128),double,global,global,4096,4096,20,8,8,1,3,3.591340000e-04,3.304122000e-03,1.175200000e-05,3.656397000e-03,2.958706961e-03,2.606431961e-03,6.976900389e-04,226.818218,257.474068,257.474068,6.623679996e-04,4.473600164e-05,2.204000042e-05,row,0,-1.000000000e+00,-1.000000
cuda_naive(blk128),double,global,global,4096,4096,20,8,8,1,4,3.670860000e-04,3.281285000e-03,1.188200000e-05,3.657955000e-03,2.981982109e-03,2.605312109e-03,6.759728910e-04,225.047842,257.584739,257.584739,6.391680241e-04,6.019200012e-05,1.691698679e-05,row,0,-1.000000000e+00,-1.000000
cuda_naive(blk128),double,global,global,4096,4096,20,8,8,1,5,3.725770000e-04,3.225482000e-03,1.293400000e-05,3.594638000e-03,3.133123991e-03,2.763967991e-03,6.520600212e-04,214.191536,242.798991,242.798991,6.110079885e-04,4.249599949e-05,2.275001037e-05,row,0,-1.000000000e+00,-1.000000
cuda_naive(blk128),double,global,global,4096,4096,20,8,8,1,6,3.566630000e-04,3.290000000e-03,1.166200000e-05,3.650459000e-03,2.965803057e-03,2.605344057e-03,6.846559429e-04,226.275524,257.581581,257.581581,6.461439729e-04,4.095999897e-05,2.060800125e-05,row,0,-1.000000000e+00,-1.000000
cuda_naive(blk128),double,global,global,4096,4096,20,8,8,1,7,3.559930000e-04,3.394349000e-03,1.125800000e-05,3.747369000e-03,3.396924066e-03,3.043904066e-03,6.955929768e-04,197.557740,220.469708,220.469708,6.530560255e-04,2.982399985e-05,1.410097528e-05,row,0,-1.000000000e+00,-1.000000
cuda_naive(blk128),double,global,global,4096,4096,20,8,8,1,8,3.598270000e-04,3.283885000e-03,1.093500000e-05,3.654137000e-03,2.974444019e-03,2.604192019e-03,6.796929815e-04,225.618178,257.695529,257.695529,6.414399743e-04,5.315199867e-05,1.920501063e-05,row,0,-1.000000000e+00,-1.000000
cuda_naive(blk128),double,global,global,4096,4096,20,8,8,1,9,3.467770000e-04,3.293634000e-03,1.152900000e-05,3.650295000e-03,2.972052970e-03,2.615391970e-03,6.782420303e-04,225.799690,256.591994,256.591994,6.419199705e-04,4.294399917e-05,2.033999294e-05,row,0,-1.000000000e+00,-1.000000
cuda_naive(blk128),double,global,global,4096,4096,20,8,8,1,10,3.664820000e-04,3.222457000e-03,1.729900000e-05,3.598355000e-03,2.979097959e-03,2.603199959e-03,6.192570412e-04,225.265718,257.793735,257.793735,5.769919753e-04,3.779200092e-05,1.792898994e-05,row,0,-1.000000000e+00,-1.000000
cuda_naive(blk128),double,global,global,4096,4096,20,8,8,1,11,4.020590000e-04,3.304251000e-03,1.149400000e-05,3.698224000e-03,2.997141011e-03,2.603168011e-03,7.010829893e-04,223.909598,257.796899,257.796899,6.617280245e-04,5.449600145e-05,2.050100120e-05,row,0,-1.000000000e+00,-1.000000
cuda_naive(blk128),double,global,global,4096,4096,20,8,8,1,12,3.589270000e-04,3.303469000e-03,1.149600000e-05,3.646651000e-03,2.948078069e-03,2.604896069e-03,6.985729314e-04,227.635980,257.625879,257.625879,6.638079882e-04,4.441599920e-05,1.960099098e-05,row,0,-1.000000000e+00,-1.000000
cuda_naive(blk128),double,global,global,4096,4096,20,8,8,1,13,3.553740000e-04,3.662220000e-03,1.133900000e-05,4.026510000e-03,3.400321961e-03,3.036031961e-03,6.893690226e-04,197.360323,221.041362,221.041362,6.482880116e-04,3.020800091e-05,1.420102844e-05,row,0,-1.000000000e+00,-1.000000
cuda_naive(blk128),double,global,global,4096,4096,20,8,8,1,14,3.553330000e-04,3.297502000e-03,1.246600000e-05,3.651285000e-03,2.954743016e-03,2.600960016e-03,6.965419837e-04,227.122507,258.015746,258.015746,6.535360217e-04,3.807999939e-05,2.338899801e-05,row,0,-1.000000000e+00,-1.000000
cuda_naive(blk128),double,global,global,4096,4096,20,8,8,1,15,3.597030000e-04,3.300729000e-03,1.631700000e-05,3.664443000e-03,2.966785928e-03,2.603071928e-03,6.976570720e-04,226.200561,257.806414,257.806414,6.619520187e-04,4.166400060e-05,1.979499628e-05,row,0,-1.000000000e+00,-1.000000
cuda_naive(blk128),double,global,global,4096,4096,20,8,8,1,16,3.540010000e-04,3.322764000e-03,1.301900000e-05,3.664625000e-03,3.375428905e-03,3.033567905e-03,1.603300007e-03,198.815812,221.220906,221.220906,6.399359703e-04,1.286303997e-03,1.594001251e-05,row,0,-1.000000000e+00,-1.000000
cuda_naive(blk128),double,global,global,4096,4096,20,8,8,1,17,3.642660000e-04,3.674683000e-03,1.098300000e-05,4.036837000e-03,3.333578103e-03,2.971424103e-03,7.032588972e-04,201.311810,225.847478,225.847478,6.661440134e-04,3.392000124e-05,1.622403863e-05,row,0,-1.000000000e+00,-1.000000
cuda_naive(blk128),double,global,global,4096,4096,20,8,8,1,18,3.581060000e-04,3.281324000e-03,1.119900000e-05,3.648392000e-03,3.037532039e-03,2.670464039e-03,6.680589974e-04,220.932201,251.300385,251.300385,6.290879846e-04,6.019200012e-05,1.681498952e-05,row,0,-1.000000000e+00,-1.000000
cuda_naive(blk128),double,global,global,4096,4096,20,8,8,1,19,3.772040000e-04,3.286435000e-03,1.077000000e-05,3.674061000e-03,2.995849915e-03,2.608223915e-03,6.782110849e-04,224.006095,257.297173,257.297173,6.393280029e-04,4.729599878e-05,1.729199461e-05,row,0,-1.000000000e+00,-1.000000
cuda_naive(blk128),double,global,global,4096,4096,20,8,8,1,20,3.578320000e-04,3.320177000e-03,1.276100000e-05,3.690770000e-03,2.998208929e-03,2.627615929e-03,6.925610714e-04,223.829845,255.398300,255.398300,6.435199976e-04,5.644800141e-05,1.492600619e-05,row,0,-1.000000000e+00,-1.000000
cuda_naive(blk128),double,global,global,4096,4096,32,8,8,1,1,6.059250000e-04,4.556030000e-03,2.580600000e-05,5.163606000e-03,4.047128069e-03,3.439552069e-03,1.116477931e-03,265.309574,312.174900,312.174900,1.054751992e-03,6.793600321e-05,2.206599078e-05,row,0,-1.000000000e+00,-1.000000
cuda_naive(blk128),double,global,global,4096,4096,32,8,8,1,2,5.990190000e-04,4.652890000e-03,2.809900000e-05,5.266321000e-03,4.495927119e-03,3.882496119e-03,1.142716965e-03,238.825452,276.559665,276.559665,1.079488039e-03,6.483200192e-05,2.076597090e-05,row,0,-1.000000000e+00,-1.000000
cuda_naive(blk128),double,global,global,4096,4096,32,8,8,1,3,6.297870000e-04,4.654258000e-03,2.554500000e-05,5.285831000e-03,4.145781078e-03,3.514208078e-03,1.140049922e-03,258.996267,305.543041,305.543041,1.077919960e-03,7.750400156e-05,1.993300507e-05,row,0,-1.000000000e+00,-1.000000
cuda_naive(blk128),double,global,global,4096,4096,32,8,8,1,4,6.197990000e-04,5.103672000e-03,2.817700000e-05,5.743304000e-03,4.714256062e-03,4.074624062e-03,1.133905023e-03,227.764850,263.519237,263.519237,1.072736025e-03,5.523199961e-05,1.536896772e-05,row,0,-1.000000000e+00,-1.000000
cuda_naive(blk128),double,global,global,4096,4096,32,8,8,1,5,6.075160000e-04,4.492344000e-03,2.679600000e-05,5.118000000e-03,4.162232033e-03,3.536576033e-03,1.038421991e-03,257.972601,303.610558,303.610558,9.889919758e-04,6.793600321e-05,2.139899428e-05,row,0,-1.000000000e+00,-1.000000
cuda_naive(blk128),double,global,global,4096,4096,32,8,8,1,6,6.055420000e-04,4.732558000e-03,2.561800000e-05,5.353424000e-03,4.231362044e-03,3.610496044e-03,1.122061956e-03,253.757966,297.394544,297.394544,1.064479947e-03,5.737600103e-05,1.790402293e-05,row,0,-1.000000000e+00,-1.000000
cuda_naive(blk128),double,global,global,4096,4096,32,8,8,1,7,5.992590000e-04,4.730107000e-03,2.576300000e-05,5.351149000e-03,4.231025921e-03,3.609983921e-03,1.120123079e-03,253.778125,297.436733,297.436733,1.062495947e-03,5.523199961e-05,1.487399082e-05,row,0,-1.000000000e+00,-1.000000
cuda_naive(blk128),double,global,global,4096,4096,32,8,8,1,8,6.091670000e-04,4.530164000e-03,2.401100000e-05,5.160963000e-03,4.052847092e-03,3.422048092e-03,1.108115908e-03,264.935192,313.771693,313.771693,1.050719976e-03,7.772800326e-05,2.013798894e-05,row,0,-1.000000000e+00,-1.000000
cuda_naive(blk128),double,global,global,4096,4096,32,8,8,1,9,6.173760000e-04,4.527421000e-03,2.590000000e-05,5.166189000e-03,4.082351965e-03,3.443583965e-03,1.083837035e-03,263.020394,311.809392,311.809392,1.029471993e-03,7.366400212e-05,2.287198449e-05,row,0,-1.000000000e+00,-1.000000
cuda_naive(blk128),double,global,global,4096,4096,32,8,8,1,10,6.007650000e-04,5.007852000e-03,2.551400000e-05,5.613511000e-03,4.602555029e-03,3.996896029e-03,1.069401992e-03,233.292555,268.643922,268.643922,1.020607948e-03,5.590400100e-05,1.520104629e-05,row,0,-1.000000000e+00,-1.000000
cuda_naive(blk128),double,global,global,4096,4096,32,8,8,1,11,6.070210000e-04,4.538953000e-03,3.084100000e-05,5.169187000e-03,4.051834103e-03,3.421600103e-03,1.117352897e-03,265.001428,313.812775,313.812775,1.058079958e-03,5.747200176e-05,2.132199685e-05,row,0,-1.000000000e+00,-1.000000
cuda_naive(blk128),double,global,global,4096,4096,32,8,8,1,12,6.214360000e-04,4.521099000e-03,2.716500000e-05,5.166471000e-03,4.071388092e-03,3.426016092e-03,1.095082908e-03,263.728684,313.408284,313.408284,1.043104053e-03,7.075200230e-05,1.841998862e-05,row,0,-1.000000000e+00,-1.000000
cuda_naive(blk128),double,global,global,4096,4096,32,8,8,1,13,6.055330000e-04,4.553379000e-03,2.649000000e-05,5.172025000e-03,4.041750048e-03,3.423104048e-03,1.130274952e-03,265.662599,313.674901,313.674901,1.069664001e-03,7.206399739e-05,1.915597845e-05,row,0,-1.000000000e+00,-1.000000
cuda_naive(blk128),double,global,global,4096,4096,32,8,8,1,14,6.171470000e-04,4.550260000e-03,2.626800000e-05,5.173435000e-03,4.416998957e-03,3.793823957e-03,1.117462982e-03,243.093067,283.023629,283.023629,1.051231980e-03,6.883200258e-05,2.331698229e-05,row,0,-1.000000000e+00,-1.000000
cuda_naive(blk128),double,global,global,4096,4096,32,8,8,1,15,6.202600000e-04,4.565068000e-03,2.603200000e-05,5.184400000e-03,4.043044015e-03,3.423712015e-03,1.141355985e-03,265.577575,313.619200,313.619200,1.078271985e-03,7.158400118e-05,1.757098696e-05,row,0,-1.000000000e+00,-1.000000
cuda_naive(blk128),double,global,global,4096,4096,32,8,8,1,16,6.134800000e-04,4.564551000e-03,2.767900000e-05,5.186152000e-03,4.416320934e-03,3.794719934e-03,1.129489045e-03,243.130388,282.956804,282.956804,1.065215945e-03,7.379200310e-05,1.949799598e-05,row,0,-1.000000000e+00,-1.000000
cuda_naive(blk128),double,global,global,4096,4096,32,8,8,1,17,6.187880000e-04,4.728476000e-03,2.617600000e-05,5.369929000e-03,4.248908969e-03,3.607455969e-03,1.121020031e-03,252.710009,297.645164,297.645164,1.067520022e-03,5.215999857e-05,1.663595331e-05,row,0,-1.000000000e+00,-1.000000
cuda_naive(blk128),double,global,global,4096,4096,32,8,8,1,18,6.039000000e-04,4.537124000e-03,2.720000000e-05,5.164371000e-03,4.053326988e-03,3.426079988e-03,1.111044012e-03,264.903825,313.402439,313.402439,1.045055985e-03,7.727999985e-05,1.991099681e-05,row,0,-1.000000000e+00,-1.000000
cuda_naive(blk128),double,global,global,4096,4096,32,8,8,1,19,5.996390000e-04,4.538735000e-03,2.766700000e-05,5.160412000e-03,4.056300957e-03,3.434623957e-03,1.104111043e-03,264.709605,312.622819,312.622819,1.052512050e-03,6.627199799e-05,2.173300575e-05,row,0,-1.000000000e+00,-1.000000
cuda_naive(blk128),double,global,global,4096,4096,32,8,8,1,20,6.007060000e-04,4.576686000e-03,2.976200000e-05,5.205502000e-03,4.059471956e-03,3.430655956e-03,1.146030044e-03,264.502831,312.984408,312.984408,1.081568003e-03,8.083199710e-05,1.848402161e-05,row,0,-1.000000000e+00,-1.000000
