kernel,scalar,a_mode,x_mode,M,N,k,P,pr,pc,rep,t_bcast_s,t_local_s,t_reduce_s,t_total_s,t_official_s,t_kernel_s,t_transfer_runtime_overhead_s,gflops,gflops_compute,gflops_kernel,t_h2d_X_s,t_d2h_Y_s,t_launch_overhead_s,x_layout,group_timing,t_local_group_s,gflops_local_group
scheme_a_jblock,double,global,global,8192,8192,3,8,1,8,1,3.880000000e-07,1.589683000e-02,7.254130000e-04,1.617957600e-02,1.617957600e-02,-1.000000000e+00,-1.000000000e+00,24.886510,25.329150,-1.000000,-1.000000000e+00,-1.000000000e+00,-1.000000000e+00,row,0,-1.000000000e+00,-1.000000
scheme_a_jblock,double,global,global,8192,8192,3,8,1,8,2,4.380000000e-07,1.583543100e-02,6.596970000e-04,1.611604400e-02,1.611604400e-02,-1.000000000e+00,-1.000000000e+00,24.984617,25.427359,-1.000000,-1.000000000e+00,-1.000000000e+00,-1.000000000e+00,row,0,-1.000000000e+00,-1.000000
scheme_a_jblock,double,global,global,8192,8192,3,8,1,8,3,5.820000000e-07,1.565295000e-02,7.715390000e-04,1.598996700e-02,1.598996700e-02,-1.000000000e+00,-1.000000000e+00,25.181614,25.723789,-1.000000,-1.000000000e+00,-1.000000000e+00,-1.000000000e+00,row,0,-1.000000000e+00,-1.000000
scheme_a_jblock,double,global,global,8192,8192,3,8,1,8,4,3.690000000e-07,1.587480700e-02,7.352750000e-04,1.618733000e-02,1.618733000e-02,-1.000000000e+00,-1.000000000e+00,24.874589,25.364288,-1.000000,-1.000000000e+00,-1.000000000e+00,-1.000000000e+00,row,0,-1.000000000e+00,-1.000000
scheme_a_jblock,double,global,global,8192,8192,3,8,1,8,5,3.420000000e-07,1.557371900e-02,5.723770000e-04,1.592560300e-02,1.592560300e-02,-1.000000000e+00,-1.000000000e+00,25.283387,25.854658,-1.000000,-1.000000000e+00,-1.000000000e+00,-1.000000000e+00,row,0,-1.000000000e+00,-1.000000
scheme_a_jblock,double,global,global,8192,8192,3,8,1,8,6,3.860000001e-07,1.608187600e-02,1.061650000e-03,1.633533400e-02,1.633533400e-02,-1.000000000e+00,-1.000000000e+00,24.649216,25.037700,-1.000000,-1.000000000e+00,-1.000000000e+00,-1.000000000e+00,row,0,-1.000000000e+00,-1.000000
scheme_a_jblock,double,global,global,8192,8192,3,8,1,8,7,5.049999999e-07,1.562655000e-02,5.796270000e-04,1.596958500e-02,1.596958500e-02,-1.000000000e+00,-1.000000000e+00,25.213754,25.767248,-1.000000,-1.000000000e+00,-1.000000000e+00,-1.000000000e+00,row,0,-1.000000000e+00,-1.000000
scheme_a_jblock,double,global,global,8192,8192,3,8,1,8,8,5.510000000e-07,1.571846900e-02,6.820640000e-04,1.609463300e-02,1.609463300e-02,-1.000000000e+00,-1.000000000e+00,25.017854,25.616565,-1.000000,-1.000000000e+00,-1.000000000e+00,-1.000000000e+00,row,0,-1.000000000e+00,-1.000000
scheme_a_jblock,double,global,global,8192,8192,3,8,1,8,9,6.380000001e-07,1.593854600e-02,1.184536000e-03,1.626938000e-02,1.626938000e-02,-1.000000000e+00,-1.000000000e+00,24.749141,25.262855,-1.000000,-1.000000000e+00,-1.000000000e+00,-1.000000000e+00,row,0,-1.000000000e+00,-1.000000
scheme_a_jblock,double,global,global,8192,8192,3,8,1,8,10,5.500000000e-07,1.589294300e-02,6.134880000e-04,1.613195000e-02,1.613195000e-02,-1.000000000e+00,-1.000000000e+00,24.959982,25.335344,-1.000000,-1.000000000e+00,-1.000000000e+00,-1.000000000e+00,row,0,-1.000000000e+00,-1.000000
scheme_a_jblock,double,global,global,8192,8192,3,8,1,8,11,3.720000000e-07,1.585825100e-02,5.964110000e-04,1.613051100e-02,1.613051100e-02,-1.000000000e+00,-1.000000000e+00,24.962209,25.390769,-1.000000,-1.000000000e+00,-1.000000000e+00,-1.000000000e+00,row,0,-1.000000000e+00,-1.000000
scheme_a_jblock,double,global,global,8192,8192,3,8,1,8,12,4.580000000e-07,1.580937200e-02,6.815390000e-04,1.611966800e-02,1.611966800e-02,-1.000000000e+00,-1.000000000e+00,24.979000,25.469271,-1.000000,-1.000000000e+00,-1.000000000e+00,-1.000000000e+00,row,0,-1.000000000e+00,-1.000000
scheme_a_jblock,double,global,global,8192,8192,3,8,1,8,13,3.720000000e-07,1.565121000e-02,5.610120000e-04,1.592804000e-02,1.592804000e-02,-1.000000000e+00,-1.000000000e+00,25.279519,25.726649,-1.000000,-1.000000000e+00,-1.000000000e+00,-1.000000000e+00,row,0,-1.000000000e+00,-1.000000
scheme_a_jblock,double,global,global,8192,8192,3,8,1,8,14,4.780000000e-07,1.572783200e-02,6.822300000e-04,1.601221800e-02,1.601221800e-02,-1.000000000e+00,-1.000000000e+00,25.146621,25.601315,-1.000000,-1.000000000e+00,-1.000000000e+00,-1.000000000e+00,row,0,-1.000000000e+00,-1.000000
scheme_a_jblock,double,global,global,8192,8192,3,8,1,8,15,4.000000000e-07,1.564440400e-02,5.969310000e-04,1.593620900e-02,1.593620900e-02,-1.000000000e+00,-1.000000000e+00,25.266560,25.737841,-1.000000,-1.000000000e+00,-1.000000000e+00,-1.000000000e+00,row,0,-1.000000000e+00,-1.000000
scheme_a_jblock,double,global,global,8192,8192,3,8,1,8,16,5.600000000e-07,1.577323500e-02,5.404460000e-04,1.606193500e-02,1.606193500e-02,-1.000000000e+00,-1.000000000e+00,25.068784,25.527622,-1.000000,-1.000000000e+00,-1.000000000e+00,-1.000000000e+00,row,0,-1.000000000e+00,-1.000000
scheme_a_jblock,double,global,global,8192,8192,3,8,1,8,17,3.690000000e-07,1.578018400e-02,6.350680000e-04,1.607475300e-02,1.607475300e-02,-1.000000000e+00,-1.000000000e+00,25.048794,25.516381,-1.000000,-1.000000000e+00,-1.000000000e+00,-1.000000000e+00,row,0,-1.000000000e+00,-1.000000
scheme_a_jblock,double,global,global,8192,8192,3,8,1,8,18,3.570000000e-07,1.559682000e-02,4.064800000e-04,1.591809400e-02,1.591809400e-02,-1.000000000e+00,-1.000000000e+00,25.295314,25.816364,-1.000000,-1.000000000e+00,-1.000000000e+00,-1.000000000e+00,row,0,-1.000000000e+00,-1.000000
scheme_a_jblock,double,global,global,8192,8192,3,8,1,8,19,4.040000000e-07,1.577328000e-02,8.780560000e-04,1.613815000e-02,1.613815000e-02,-1.000000000e+00,-1.000000000e+00,24.950393,25.527549,-1.000000,-1.000000000e+00,-1.000000000e+00,-1.000000000e+00,row,0,-1.000000000e+00,-1.000000
scheme_a_jblock,double,global,global,8192,8192,3,8,1,8,20,4.570000000e-07,1.568444200e-02,5.814410000e-04,1.600579600e-02,1.600579600e-02,-1.000000000e+00,-1.000000000e+00,25.156711,25.672140,-1.000000,-1.000000000e+00,-1.000000000e+00,-1.000000000e+00,row,0,-1.000000000e+00,-1.000000
scheme_a_jblock,double,global,global,8192,8192,6,8,1,8,1,4.580000000e-07,1.608268400e-02,1.439621000e-03,1.677074000e-02,1.677074000e-02,-1.000000000e+00,-1.000000000e+00,48.018535,50.072884,-1.000000,-1.000000000e+00,-1.000000000e+00,-1.000000000e+00,row,0,-1.000000000e+00,-1.000000
scheme_a_jblock,double,global,global,8192,8192,6,8,1,8,2,5.740000000e-07,1.568023700e-02,9.222200000e-04,1.638846000e-02,1.638846000e-02,-1.000000000e+00,-1.000000000e+00,49.138624,51.358048,-1.000000,-1.000000000e+00,-1.000000000e+00,-1.000000000e+00,row,0,-1.000000000e+00,-1.000000
scheme_a_jblock,double,global,global,8192,8192,6,8,1,8,3,4.610000000e-07,1.581564900e-02,1.156889000e-03,1.663091500e-02,1.663091500e-02,-1.000000000e+00,-1.000000000e+00,48.422253,50.918326,-1.000000,-1.000000000e+00,-1.000000000e+00,-1.000000000e+00,row,0,-1.000000000e+00,-1.000000
scheme_a_jblock,double,global,global,8192,8192,6,8,1,8,4,4.179999999e-07,1.586288500e-02,9.578980000e-04,1.651696400e-02,1.651696400e-02,-1.000000000e+00,-1.000000000e+00,48.756319,50.766703,-1.000000,-1.000000000e+00,-1.000000000e+00,-1.000000000e+00,row,0,-1.000000000e+00,-1.000000
scheme_a_jblock,double,global,global,8192,8192,6,8,1,8,5,5.110000000e-07,1.592307100e-02,1.257715000e-03,1.674066600e-02,1.674066600e-02,-1.000000000e+00,-1.000000000e+00,48.104799,50.574815,-1.000000,-1.000000000e+00,-1.000000000e+00,-1.000000000e+00,row,0,-1.000000000e+00,-1.000000
scheme_a_jblock,double,global,global,8192,8192,6,8,1,8,6,3.530000000e-07,1.577158400e-02,8.001230000e-04,1.650220300e-02,1.650220300e-02,-1.000000000e+00,-1.000000000e+00,48.799931,51.060589,-1.000000,-1.000000000e+00,-1.000000000e+00,-1.000000000e+00,row,0,-1.000000000e+00,-1.000000
scheme_a_jblock,double,global,global,8192,8192,6,8,1,8,7,4.179999999e-07,1.586607300e-02,9.837710000e-04,1.666580200e-02,1.666580200e-02,-1.000000000e+00,-1.000000000e+00,48.320889,50.756502,-1.000000,-1.000000000e+00,-1.000000000e+00,-1.000000000e+00,row,0,-1.000000000e+00,-1.000000
scheme_a_jblock,double,global,global,8192,8192,6,8,1,8,8,5.330000000e-07,1.588084500e-02,1.297844000e-03,1.672252100e-02,1.672252100e-02,-1.000000000e+00,-1.000000000e+00,48.156995,50.709290,-1.000000,-1.000000000e+00,-1.000000000e+00,-1.000000000e+00,row,0,-1.000000000e+00,-1.000000
scheme_a_jblock,double,global,global,8192,8192,6,8,1,8,9,3.650000000e-07,1.580860900e-02,9.897010000e-04,1.655425900e-02,1.655425900e-02,-1.000000000e+00,-1.000000000e+00,48.646476,50.941001,-1.000000,-1.000000000e+00,-1.000000000e+00,-1.000000000e+00,row,0,-1.000000000e+00,-1.000000
scheme_a_jblock,double,global,global,8192,8192,6,8,1,8,10,5.230000001e-07,1.621816700e-02,1.335808000e-03,1.688122600e-02,1.688122600e-02,-1.000000000e+00,-1.000000000e+00,47.704258,49.654586,-1.000000,-1.000000000e+00,-1.000000000e+00,-1.000000000e+00,row,0,-1.000000000e+00,-1.000000
scheme_a_jblock,double,global,global,8192,8192,6,8,1,8,11,4.499999999e-07,1.592090700e-02,1.030894000e-03,1.669505500e-02,1.669505500e-02,-1.000000000e+00,-1.000000000e+00,48.236221,50.581689,-1.000000,-1.000000000e+00,-1.000000000e+00,-1.000000000e+00,row,0,-1.000000000e+00,-1.000000
scheme_a_jblock,double,global,global,8192,8192,6,8,1,8,12,4.050000000e-07,1.572515400e-02,8.030260000e-04,1.650348700e-02,1.650348700e-02,-1.000000000e+00,-1.000000000e+00,48.796134,51.211350,-1.000000,-1.000000000e+00,-1.000000000e+00,-1.000000000e+00,row,0,-1.000000000e+00,-1.000000
scheme_a_jblock,double,global,global,8192,8192,6,8,1,8,13,3.260000000e-07,1.605804700e-02,1.165200000e-03,1.689345600e-02,1.689345600e-02,-1.000000000e+00,-1.000000000e+00,47.669723,50.149708,-1.000000,-1.000000000e+00,-1.000000000e+00,-1.000000000e+00,row,0,-1.000000000e+00,-1.000000
scheme_a_jblock,double,global,global,8192,8192,6,8,1,8,14,3.310000001e-07,1.601054100e-02,9.525830000e-04,1.670059500e-02,1.670059500e-02,-1.000000000e+00,-1.000000000e+00,48.220220,50.298511,-1.000000,-1.000000000e+00,-1.000000000e+00,-1.000000000e+00,row,0,-1.000000000e+00,-1.000000
scheme_a_jblock,double,global,global,8192,8192,6,8,1,8,15,4.269999999e-07,1.584972800e-02,8.590410000e-04,1.665062700e-02,1.665062700e-02,-1.000000000e+00,-1.000000000e+00,48.364928,50.808845,-1.000000,-1.000000000e+00,-1.000000000e+00,-1.000000000e+00,row,0,-1.000000000e+00,-1.000000
scheme_a_jblock,double,global,global,8192,8192,6,8,1,8,16,6.040000000e-07,1.595128400e-02,9.310840000e-04,1.680882900e-02,1.680882900e-02,-1.000000000e+00,-1.000000000e+00,47.909725,50.485363,-1.000000,-1.000000000e+00,-1.000000000e+00,-1.000000000e+00,row,0,-1.000000000e+00,-1.000000
scheme_a_jblock,double,global,global,8192,8192,6,8,1,8,17,3.400000000e-07,1.572620600e-02,1.068114000e-03,1.660140000e-02,1.660140000e-02,-1.000000000e+00,-1.000000000e+00,48.508341,51.207924,-1.000000,-1.000000000e+00,-1.000000000e+00,-1.000000000e+00,row,0,-1.000000000e+00,-1.000000
scheme_a_jblock,double,global,global,8192,8192,6,8,1,8,18,3.350000000e-07,1.596030300e-02,8.801070000e-04,1.667428500e-02,1.667428500e-02,-1.000000000e+00,-1.000000000e+00,48.296306,50.456835,-1.000000,-1.000000000e+00,-1.000000000e+00,-1.000000000e+00,row,0,-1.000000000e+00,-1.000000
scheme_a_jblock,double,global,global,8192,8192,6,8,1,8,19,3.000000000e-07,1.597428800e-02,9.080990000e-04,1.660097600e-02,1.660097600e-02,-1.000000000e+00,-1.000000000e+00,48.509580,50.412661,-1.000000,-1.000000000e+00,-1.000000000e+00,-1.000000000e+00,row,0,-1.000000000e+00,-1.000000
scheme_a_jblock,double,global,global,8192,8192,6,8,1,8,20,3.980000000e-07,1.588091300e-02,1.039899000e-03,1.678937700e-02,1.678937700e-02,-1.000000000e+00,-1.000000000e+00,47.965232,50.709072,-1.000000,-1.000000000e+00,-1.000000000e+00,-1.000000000e+00,row,0,-1.000000000e+00,-1.000000
scheme_a_jblock,double,global,global,8192,8192,8,8,1,8,1,6.459999999e-07,1.620570400e-02,1.435285000e-03,1.735228100e-02,1.735228100e-02,-1.000000000e+00,-1.000000000e+00,61.879002,66.257030,-1.000000,-1.000000000e+00,-1.000000000e+00,-1.000000000e+00,row,0,-1.000000000e+00,-1.000000
scheme_a_jblock,double,global,global,8192,8192,8,8,1,8,2,4.960000000e-07,1.607698200e-02,1.158925000e-03,1.713227800e-02,1.713227800e-02,-1.000000000e+00,-1.000000000e+00,62.673617,66.787524,-1.000000,-1.000000000e+00,-1.000000000e+00,-1.000000000e+00,row,0,-1.000000000e+00,-1.000000
scheme_a_jblock,double,global,global,8192,8192,8,8,1,8,3,5.789999999e-07,1.628351800e-02,1.373219000e-03,1.746466800e-02,1.746466800e-02,-1.000000000e+00,-1.000000000e+00,61.480804,65.940408,-1.000000,-1.000000000e+00,-1.000000000e+00,-1.000000000e+00,row,0,-1.000000000e+00,-1.000000
scheme_a_jblock,double,global,global,8192,8192,8,8,1,8,4,4.950000000e-07,1.631093400e-02,1.464693000e-03,1.745720400e-02,1.745720400e-02,-1.000000000e+00,-1.000000000e+00,61.507090,65.829573,-1.000000,-1.000000000e+00,-1.000000000e+00,-1.000000000e+00,row,0,-1.000000000e+00,-1.000000
scheme_a_jblock,double,global,global,8192,8192,8,8,1,8,5,4.649999999e-07,1.605658000e-02,1.204043000e-03,1.718210100e-02,1.718210100e-02,-1.000000000e+00,-1.000000000e+00,62.491882,66.872387,-1.000000,-1.000000000e+00,-1.000000000e+00,-1.000000000e+00,row,0,-1.000000000e+00,-1.000000
scheme_a_jblock,double,global,global,8192,8192,8,8,1,8,6,3.110000000e-07,1.652466000e-02,1.267405000e-03,1.746526500e-02,1.746526500e-02,-1.000000000e+00,-1.000000000e+00,61.478702,64.978149,-1.000000,-1.000000000e+00,-1.000000000e+00,-1.000000000e+00,row,0,-1.000000000e+00,-1.000000
scheme_a_jblock,double,global,global,8192,8192,8,8,1,8,7,3.900000000e-07,1.635226300e-02,1.446892000e-03,1.748513300e-02,1.748513300e-02,-1.000000000e+00,-1.000000000e+00,61.408845,65.663194,-1.000000,-1.000000000e+00,-1.000000000e+00,-1.000000000e+00,row,0,-1.000000000e+00,-1.000000
scheme_a_jblock,double,global,global,8192,8192,8,8,1,8,8,4.109999999e-07,1.621565300e-02,1.336628000e-03,1.741172500e-02,1.741172500e-02,-1.000000000e+00,-1.000000000e+00,61.667745,66.216379,-1.000000,-1.000000000e+00,-1.000000000e+00,-1.000000000e+00,row,0,-1.000000000e+00,-1.000000
scheme_a_jblock,double,global,global,8192,8192,8,8,1,8,9,7.590000000e-07,1.613176500e-02,1.201855000e-03,1.716157000e-02,1.716157000e-02,-1.000000000e+00,-1.000000000e+00,62.566643,66.560716,-1.000000,-1.000000000e+00,-1.000000000e+00,-1.000000000e+00,row,0,-1.000000000e+00,-1.000000
scheme_a_jblock,double,global,global,8192,8192,8,8,1,8,10,5.930000000e-07,1.784964500e-02,1.377402000e-03,1.890610800e-02,1.890610800e-02,-1.000000000e+00,-1.000000000e+00,56.793383,60.154800,-1.000000,-1.000000000e+00,-1.000000000e+00,-1.000000000e+00,row,0,-1.000000000e+00,-1.000000
scheme_a_jblock,double,global,global,8192,8192,8,8,1,8,11,4.920000000e-07,1.611524700e-02,1.274007000e-03,1.713465000e-02,1.713465000e-02,-1.000000000e+00,-1.000000000e+00,62.664941,66.628940,-1.000000,-1.000000000e+00,-1.000000000e+00,-1.000000000e+00,row,0,-1.000000000e+00,-1.000000
scheme_a_jblock,double,global,global,8192,8192,8,8,1,8,12,5.370000000e-07,1.596389600e-02,1.210444000e-03,1.704966300e-02,1.704966300e-02,-1.000000000e+00,-1.000000000e+00,62.977305,67.260638,-1.000000,-1.000000000e+00,-1.000000000e+00,-1.000000000e+00,row,0,-1.000000000e+00,-1.000000
scheme_a_jblock,double,global,global,8192,8192,8,8,1,8,13,6.820000000e-07,1.608596100e-02,1.336137000e-03,1.719725300e-02,1.719725300e-02,-1.000000000e+00,-1.000000000e+00,62.436822,66.750244,-1.000000,-1.000000000e+00,-1.000000000e+00,-1.000000000e+00,row,0,-1.000000000e+00,-1.000000
scheme_a_jblock,double,global,global,8192,8192,8,8,1,8,14,5.649999999e-07,1.616047500e-02,1.226374000e-03,1.731010500e-02,1.731010500e-02,-1.000000000e+00,-1.000000000e+00,62.029770,66.442467,-1.000000,-1.000000000e+00,-1.000000000e+00,-1.000000000e+00,row,0,-1.000000000e+00,-1.000000
scheme_a_jblock,double,global,global,8192,8192,8,8,1,8,15,5.470000000e-07,1.620008500e-02,1.346078000e-03,1.733352200e-02,1.733352200e-02,-1.000000000e+00,-1.000000000e+00,61.945969,66.280012,-1.000000,-1.000000000e+00,-1.000000000e+00,-1.000000000e+00,row,0,-1.000000000e+00,-1.000000
scheme_a_jblock,double,global,global,8192,8192,8,8,1,8,16,3.830000000e-07,1.611266000e-02,1.112311000e-03,1.720296700e-02,1.720296700e-02,-1.000000000e+00,-1.000000000e+00,62.416083,66.639638,-1.000000,-1.000000000e+00,-1.000000000e+00,-1.000000000e+00,row,0,-1.000000000e+00,-1.000000
scheme_a_jblock,double,global,global,8192,8192,8,8,1,8,17,5.890000000e-07,1.656965100e-02,1.400777000e-03,1.732350500e-02,1.732350500e-02,-1.000000000e+00,-1.000000000e+00,61.981789,64.801716,-1.000000,-1.000000000e+00,-1.000000000e+00,-1.000000000e+00,row,0,-1.000000000e+00,-1.000000
scheme_a_jblock,double,global,global,8192,8192,8,8,1,8,18,4.590000000e-07,1.605560900e-02,1.336179000e-03,1.716046000e-02,1.716046000e-02,-1.000000000e+00,-1.000000000e+00,62.570690,66.876431,-1.000000,-1.000000000e+00,-1.000000000e+00,-1.000000000e+00,row,0,-1.000000000e+00,-1.000000
scheme_a_jblock,double,global,global,8192,8192,8,8,1,8,19,5.960000000e-07,1.592310300e-02,1.204446000e-03,1.704851600e-02,1.704851600e-02,-1.000000000e+00,-1.000000000e+00,62.981542,67.432951,-1.000000,-1.000000000e+00,-1.000000000e+00,-1.000000000e+00,row,0,-1.000000000e+00,-1.000000
scheme_a_jblock,double,global,global,8192,8192,8,8,1,8,20,5.300000000e-07,1.600469300e-02,1.293404000e-03,1.720223800e-02,1.720223800e-02,-1.000000000e+00,-1.000000000e+00,62.418729,67.089186,-1.000000,-1.000000000e+00,-1.000000000e+00,-1.000000000e+00,row,0,-1.000000000e+00,-1.000000
scheme_a_jblock,double,global,global,8192,8192,20,8,1,8,1,6.560000001e-07,2.505099200e-02,3.124486000e-03,2.792147000e-02,2.792147000e-02,-1.000000000e+00,-1.000000000e+00,96.139443,107.155619,-1.000000,-1.000000000e+00,-1.000000000e+00,-1.000000000e+00,row,0,-1.000000000e+00,-1.000000
scheme_a_jblock,double,global,global,8192,8192,20,8,1,8,2,1.106000000e-06,2.498782200e-02,3.228239000e-03,2.810638700e-02,2.810638700e-02,-1.000000000e+00,-1.000000000e+00,95.506924,107.426512,-1.000000,-1.000000000e+00,-1.000000000e+00,-1.000000000e+00,row,0,-1.000000000e+00,-1.000000
scheme_a_jblock,double,global,global,8192,8192,20,8,1,8,3,5.120000001e-07,2.479746200e-02,4.508364000e-03,2.905796900e-02,2.905796900e-02,-1.000000000e+00,-1.000000000e+00,92.379291,108.251182,-1.000000,-1.000000000e+00,-1.000000000e+00,-1.000000000e+00,row,0,-1.000000000e+00,-1.000000
scheme_a_jblock,double,global,global,8192,8192,20,8,1,8,4,7.310000000e-07,2.489027800e-02,3.176416000e-03,2.806742500e-02,2.806742500e-02,-1.000000000e+00,-1.000000000e+00,95.639502,107.847512,-1.000000,-1.000000000e+00,-1.000000000e+00,-1.000000000e+00,row,0,-1.000000000e+00,-1.000000
scheme_a_jblock,double,global,global,8192,8192,20,8,1,8,5,5.520000000e-07,2.451653200e-02,3.196063000e-03,2.771314700e-02,2.771314700e-02,-1.000000000e+00,-1.000000000e+00,96.862134,109.491610,-1.000000,-1.000000000e+00,-1.000000000e+00,-1.000000000e+00,row,0,-1.000000000e+00,-1.000000
scheme_a_jblock,double,global,global,8192,8192,20,8,1,8,6,7.890000000e-07,2.493773800e-02,3.128643000e-03,2.806139000e-02,2.806139000e-02,-1.000000000e+00,-1.000000000e+00,95.660071,107.642263,-1.000000,-1.000000000e+00,-1.000000000e+00,-1.000000000e+00,row,0,-1.000000000e+00,-1.000000
scheme_a_jblock,double,global,global,8192,8192,20,8,1,8,7,5.650000001e-07,2.522847400e-02,3.324428000e-03,2.809941800e-02,2.809941800e-02,-1.000000000e+00,-1.000000000e+00,95.530611,106.401781,-1.000000,-1.000000000e+00,-1.000000000e+00,-1.000000000e+00,row,0,-1.000000000e+00,-1.000000
scheme_a_jblock,double,global,global,8192,8192,20,8,1,8,8,9.800000000e-07,2.639638500e-02,3.474094000e-03,2.971027100e-02,2.971027100e-02,-1.000000000e+00,-1.000000000e+00,90.351063,101.694022,-1.000000,-1.000000000e+00,-1.000000000e+00,-1.000000000e+00,row,0,-1.000000000e+00,-1.000000
scheme_a_jblock,double,global,global,8192,8192,20,8,1,8,9,6.820000000e-07,2.509354100e-02,3.131914000e-03,2.807532700e-02,2.807532700e-02,-1.000000000e+00,-1.000000000e+00,95.612584,106.973924,-1.000000,-1.000000000e+00,-1.000000000e+00,-1.000000000e+00,row,0,-1.000000000e+00,-1.000000
scheme_a_jblock,double,global,global,8192,8192,20,8,1,8,10,5.900000001e-07,2.488701900e-02,3.284388000e-03,2.817199700e-02,2.817199700e-02,-1.000000000e+00,-1.000000000e+00,95.284497,107.861635,-1.000000,-1.000000000e+00,-1.000000000e+00,-1.000000000e+00,row,0,-1.000000000e+00,-1.000000
scheme_a_jblock,double,global,global,8192,8192,20,8,1,8,11,8.480000000e-07,2.523436900e-02,3.267079000e-03,2.830195300e-02,2.830195300e-02,-1.000000000e+00,-1.000000000e+00,94.846973,106.376924,-1.000000,-1.000000000e+00,-1.000000000e+00,-1.000000000e+00,row,0,-1.000000000e+00,-1.000000
scheme_a_jblock,double,global,global,8192,8192,20,8,1,8,12,5.399999999e-07,2.513885100e-02,3.214247000e-03,2.814529600e-02,2.814529600e-02,-1.000000000e+00,-1.000000000e+00,95.374892,106.781116,-1.000000,-1.000000000e+00,-1.000000000e+00,-1.000000000e+00,row,0,-1.000000000e+00,-1.000000
scheme_a_jblock,double,global,global,8192,8192,20,8,1,8,13,5.060000000e-07,2.485635000e-02,3.151691000e-03,2.785869400e-02,2.785869400e-02,-1.000000000e+00,-1.000000000e+00,96.356080,107.994720,-1.000000,-1.000000000e+00,-1.000000000e+00,-1.000000000e+00,row,0,-1.000000000e+00,-1.000000
scheme_a_jblock,double,global,global,8192,8192,20,8,1,8,14,1.064000000e-06,2.509633600e-02,3.085262000e-03,2.786177700e-02,2.786177700e-02,-1.000000000e+00,-1.000000000e+00,96.345418,106.962011,-1.000000,-1.000000000e+00,-1.000000000e+00,-1.000000000e+00,row,0,-1.000000000e+00,-1.000000
scheme_a_jblock,double,global,global,8192,8192,20,8,1,8,15,8.320000000e-07,2.504654200e-02,3.249538000e-03,2.819479900e-02,2.819479900e-02,-1.000000000e+00,-1.000000000e+00,95.207437,107.174657,-1.000000,-1.000000000e+00,-1.000000000e+00,-1.000000000e+00,row,0,-1.000000000e+00,-1.000000
scheme_a_jblock,double,global,global,8192,8192,20,8,1,8,16,1.039000000e-06,2.466998300e-02,3.252175000e-03,2.780959300e-02,2.780959300e-02,-1.000000000e+00,-1.000000000e+00,96.526208,108.810556,-1.000000,-1.000000000e+00,-1.000000000e+00,-1.000000000e+00,row,0,-1.000000000e+00,-1.000000
scheme_a_jblock,double,global,global,8192,8192,20,8,1,8,17,7.679999998e-07,2.464302700e-02,3.094865000e-03,2.766120300e-02,2.766120300e-02,-1.000000000e+00,-1.000000000e+00,97.044028,108.929579,-1.000000,-1.000000000e+00,-1.000000000e+00,-1.000000000e+00,row,0,-1.000000000e+00,-1.000000
scheme_a_jblock,double,global,global,8192,8192,20,8,1,8,18,6.360000000e-07,2.537096500e-02,3.530331000e-03,2.886919900e-02,2.886919900e-02,-1.000000000e+00,-1.000000000e+00,92.983340,105.804196,-1.000000,-1.000000000e+00,-1.000000000e+00,-1.000000000e+00,row,0,-1.000000000e+00,-1.000000
scheme_a_jblock,double,global,global,8192,8192,20,8,1,8,19,1.729000000e-06,2.474846400e-02,3.304362000e-03,2.805315500e-02,2.805315500e-02,-1.000000000e+00,-1.000000000e+00,95.688152,108.465502,-1.000000,-1.000000000e+00,-1.000000000e+00,-1.000000000e+00,row,0,-1.000000000e+00,-1.000000
scheme_a_jblock,double,global,global,8192,8192,20,8,1,8,20,5.860000001e-07,2.499185600e-02,3.547700000e-03,2.844840300e-02,2.844840300e-02,-1.000000000e+00,-1.000000000e+00,94.358708,107.409172,-1.000000,-1.000000000e+00,-1.000000000e+00,-1.000000000e+00,row,0,-1.000000000e+00,-1.000000
scheme_a_jblock,double,global,global,8192,8192,32,8,1,8,1,6.850000001e-07,4.126253800e-02,5.667990000e-03,4.629991100e-02,4.629991100e-02,-1.000000000e+00,-1.000000000e+00,92.764051,104.088781,-1.000000,-1.000000000e+00,-1.000000000e+00,-1.000000000e+00,row,0,-1.000000000e+00,-1.000000
scheme_a_jblock,double,global,global,8192,8192,32,8,1,8,2,9.519999999e-07,4.261539200e-02,5.154620000e-03,4.743988800e-02,4.743988800e-02,-1.000000000e+00,-1.000000000e+00,90.534938,100.784414,-1.000000,-1.000000000e+00,-1.000000000e+00,-1.000000000e+00,row,0,-1.000000000e+00,-1.000000
scheme_a_jblock,double,global,global,8192,8192,32,8,1,8,3,5.559999999e-07,4.132409400e-02,5.262001000e-03,4.610642400e-02,4.610642400e-02,-1.000000000e+00,-1.000000000e+00,93.153338,103.933732,-1.000000,-1.000000000e+00,-1.000000000e+00,-1.000000000e+00,row,0,-1.000000000e+00,-1.000000
scheme_a_jblock,double,global,global,8192,8192,32,8,1,8,4,5.860000000e-07,4.022476000e-02,5.018322000e-03,4.517719300e-02,4.517719300e-02,-1.000000000e+00,-1.000000000e+00,95.069370,106.774218,-1.000000,-1.000000000e+00,-1.000000000e+00,-1.000000000e+00,row,0,-1.000000000e+00,-1.000000
scheme_a_jblock,double,global,global,8192,8192,32,8,1,8,5,4.600000000e-07,4.041969100e-02,5.436171000e-03,4.551236600e-02,4.551236600e-02,-1.000000000e+00,-1.000000000e+00,94.369238,106.259281,-1.000000,-1.000000000e+00,-1.000000000e+00,-1.000000000e+00,row,0,-1.000000000e+00,-1.000000
scheme_a_jblock,double,global,global,8192,8192,32,8,1,8,6,7.680000000e-07,4.035750000e-02,5.442064000e-03,4.558847900e-02,4.558847900e-02,-1.000000000e+00,-1.000000000e+00,94.211682,106.423027,-1.000000,-1.000000000e+00,-1.000000000e+00,-1.000000000e+00,row,0,-1.000000000e+00,-1.000000
scheme_a_jblock,double,global,global,8192,8192,32,8,1,8,7,6.229999999e-07,4.021100000e-02,5.096359000e-03,4.495478000e-02,4.495478000e-02,-1.000000000e+00,-1.000000000e+00,95.539724,106.810756,-1.000000,-1.000000000e+00,-1.000000000e+00,-1.000000000e+00,row,0,-1.000000000e+00,-1.000000
scheme_a_jblock,double,global,global,8192,8192,32,8,1,8,8,4.770000001e-07,4.075243100e-02,5.418346000e-03,4.588615700e-02,4.588615700e-02,-1.000000000e+00,-1.000000000e+00,93.600501,105.391683,-1.000000,-1.000000000e+00,-1.000000000e+00,-1.000000000e+00,row,0,-1.000000000e+00,-1.000000
scheme_a_jblock,double,global,global,8192,8192,32,8,1,8,9,7.700000000e-07,4.144811900e-02,5.964113000e-03,4.666141100e-02,4.666141100e-02,-1.000000000e+00,-1.000000000e+00,92.045380,103.622731,-1.000000,-1.000000000e+00,-1.000000000e+00,-1.000000000e+00,row,0,-1.000000000e+00,-1.000000
scheme_a_jblock,double,global,global,8192,8192,32,8,1,8,10,1.465000000e-06,4.125166300e-02,5.394796000e-03,4.614949900e-02,4.614949900e-02,-1.000000000e+00,-1.000000000e+00,93.066391,104.116222,-1.000000,-1.000000000e+00,-1.000000000e+00,-1.000000000e+00,row,0,-1.000000000e+00,-1.000000
scheme_a_jblock,double,global,global,8192,8192,32,8,1,8,11,6.280000000e-07,4.026822700e-02,5.162298000e-03,4.536576500e-02,4.536576500e-02,-1.000000000e+00,-1.000000000e+00,94.674195,106.658962,-1.000000,-1.000000000e+00,-1.000000000e+00,-1.000000000e+00,row,0,-1.000000000e+00,-1.000000
scheme_a_jblock,double,global,global,8192,8192,32,8,1,8,12,8.550000001e-07,4.101969400e-02,5.546568000e-03,4.617074100e-02,4.617074100e-02,-1.000000000e+00,-1.000000000e+00,93.023573,104.705006,-1.000000,-1.000000000e+00,-1.000000000e+00,-1.000000000e+00,row,0,-1.000000000e+00,-1.000000
scheme_a_jblock,double,global,global,8192,8192,32,8,1,8,13,4.290000000e-07,4.217708400e-02,5.100312000e-03,4.722342400e-02,4.722342400e-02,-1.000000000e+00,-1.000000000e+00,90.949934,101.831774,-1.000000,-1.000000000e+00,-1.000000000e+00,-1.000000000e+00,row,0,-1.000000000e+00,-1.000000
scheme_a_jblock,double,global,global,8192,8192,32,8,1,8,14,5.539999999e-07,4.050250000e-02,5.701196000e-03,4.595785800e-02,4.595785800e-02,-1.000000000e+00,-1.000000000e+00,93.454471,106.042029,-1.000000,-1.000000000e+00,-1.000000000e+00,-1.000000000e+00,row,0,-1.000000000e+00,-1.000000
scheme_a_jblock,double,global,global,8192,8192,32,8,1,8,15,8.419999999e-07,4.114662300e-02,5.381311000e-03,4.622927200e-02,4.622927200e-02,-1.000000000e+00,-1.000000000e+00,92.905796,104.382012,-1.000000,-1.000000000e+00,-1.000000000e+00,-1.000000000e+00,row,0,-1.000000000e+00,-1.000000
scheme_a_jblock,double,global,global,8192,8192,32,8,1,8,16,3.820000001e-07,4.057566700e-02,5.738479000e-03,4.596660200e-02,4.596660200e-02,-1.000000000e+00,-1.000000000e+00,93.436693,105.850812,-1.000000,-1.000000000e+00,-1.000000000e+00,-1.000000000e+00,row,0,-1.000000000e+00,-1.000000
scheme_a_jblock,double,global,global,8192,8192,32,8,1,8,17,3.920000000e-07,4.068238700e-02,5.162367000e-03,4.569200800e-02,4.569200800e-02,-1.000000000e+00,-1.000000000e+00,93.998217,105.573139,-1.000000,-1.000000000e+00,-1.000000000e+00,-1.000000000e+00,row,0,-1.000000000e+00,-1.000000
scheme_a_jblock,double,global,global,8192,8192,32,8,1,8,18,9.860000001e-07,4.094128300e-02,5.191628000e-03,4.578776600e-02,4.578776600e-02,-1.000000000e+00,-1.000000000e+00,93.801635,104.905537,-1.000000,-1.000000000e+00,-1.000000000e+00,-1.000000000e+00,row,0,-1.000000000e+00,-1.000000
scheme_a_jblock,double,global,global,8192,8192,32,8,1,8,19,4.579999999e-07,4.023464500e-02,5.220671000e-03,4.529148700e-02,4.529148700e-02,-1.000000000e+00,-1.000000000e+00,94.829461,106.747985,-1.000000,-1.000000000e+00,-1.000000000e+00,-1.000000000e+00,row,0,-1.000000000e+00,-1.000000
scheme_a_jblock,double,global,global,8192,8192,32,8,1,8,20,4.840000001e-07,4.114023900e-02,4.907195000e-03,4.550563700e-02,4.550563700e-02,-1.000000000e+00,-1.000000000e+00,94.383192,104.398210,-1.000000,-1.000000000e+00,-1.000000000e+00,-1.000000000e+00,row,0,-1.000000000e+00,-1.000000
scheme_a_jblock,double,global,global,8192,8192,3,8,2,4,1,1.983500000e-05,1.544156100e-02,4.624290000e-04,1.554050700e-02,1.554050700e-02,-1.000000000e+00,-1.000000000e+00,25.909913,26.075938,-1.000000,-1.000000000e+00,-1.000000000e+00,-1.000000000e+00,row,0,-1.000000000e+00,-1.000000
scheme_a_jblock,double,global,global,8192,8192,3,8,2,4,2,2.495300000e-05,1.571487100e-02,7.244690000e-04,1.581241000e-02,1.581241000e-02,-1.000000000e+00,-1.000000000e+00,25.464378,25.622430,-1.000000,-1.000000000e+00,-1.000000000e+00,-1.000000000e+00,row,0,-1.000000000e+00,-1.000000
scheme_a_jblock,double,global,global,8192,8192,3,8,2,4,3,1.467200000e-05,1.541137300e-02,3.953490000e-04,1.550869900e-02,1.550869900e-02,-1.000000000e+00,-1.000000000e+00,25.963054,26.127016,-1.000000,-1.000000000e+00,-1.000000000e+00,-1.000000000e+00,row,0,-1.000000000e+00,-1.000000
scheme_a_jblock,double,global,global,8192,8192,3,8,2,4,4,2.210700000e-05,1.583933300e-02,4.408330000e-04,1.594071900e-02,1.594071900e-02,-1.000000000e+00,-1.000000000e+00,25.259412,25.421095,-1.000000,-1.000000000e+00,-1.000000000e+00,-1.000000000e+00,row,0,-1.000000000e+00,-1.000000
scheme_a_jblock,double,global,global,8192,8192,3,8,2,4,5,2.593800000e-05,1.566462000e-02,8.478970000e-04,1.576605700e-02,1.576605700e-02,-1.000000000e+00,-1.000000000e+00,25.539244,25.704625,-1.000000,-1.000000000e+00,-1.000000000e+00,-1.000000000e+00,row,0,-1.000000000e+00,-1.000000
scheme_a_jblock,double,global,global,8192,8192,3,8,2,4,6,2.686600000e-05,1.560440500e-02,4.619250000e-04,1.569179000e-02,1.569179000e-02,-1.000000000e+00,-1.000000000e+00,25.660118,25.803815,-1.000000,-1.000000000e+00,-1.000000000e+00,-1.000000000e+00,row,0,-1.000000000e+00,-1.000000
scheme_a_jblock,double,global,global,8192,8192,3,8,2,4,7,1.829400000e-05,1.574555100e-02,4.271330000e-04,1.582883800e-02,1.582883800e-02,-1.000000000e+00,-1.000000000e+00,25.437950,25.572505,-1.000000,-1.000000000e+00,-1.000000000e+00,-1.000000000e+00,row,0,-1.000000000e+00,-1.000000
scheme_a_jblock,double,global,global,8192,8192,3,8,2,4,8,2.529600000e-05,1.560560600e-02,4.707810000e-04,1.570168700e-02,1.570168700e-02,-1.000000000e+00,-1.000000000e+00,25.643944,25.801829,-1.000000,-1.000000000e+00,-1.000000000e+00,-1.000000000e+00,row,0,-1.000000000e+00,-1.000000
scheme_a_jblock,double,global,global,8192,8192,3,8,2,4,9,2.471000000e-05,1.542195600e-02,4.383140000e-04,1.551321600e-02,1.551321600e-02,-1.000000000e+00,-1.000000000e+00,25.955494,26.109087,-1.000000,-1.000000000e+00,-1.000000000e+00,-1.000000000e+00,row,0,-1.000000000e+00,-1.000000
scheme_a_jblock,double,global,global,8192,8192,3,8,2,4,10,2.490200000e-05,1.583297100e-02,6.215560000e-04,1.591539700e-02,1.591539700e-02,-1.000000000e+00,-1.000000000e+00,25.299600,25.431309,-1.000000,-1.000000000e+00,-1.000000000e+00,-1.000000000e+00,row,0,-1.000000000e+00,-1.000000
scheme_a_jblock,double,global,global,8192,8192,3,8,2,4,11,2.023700000e-05,1.577265900e-02,6.013040000e-04,1.586078500e-02,1.586078500e-02,-1.000000000e+00,-1.000000000e+00,25.386712,25.528554,-1.000000,-1.000000000e+00,-1.000000000e+00,-1.000000000e+00,row,0,-1.000000000e+00,-1.000000
scheme_a_jblock,double,global,global,8192,8192,3,8,2,4,12,1.416800000e-05,1.559243800e-02,4.283980000e-04,1.567775500e-02,1.567775500e-02,-1.000000000e+00,-1.000000000e+00,25.683089,25.823619,-1.000000,-1.000000000e+00,-1.000000000e+00,-1.000000000e+00,row,0,-1.000000000e+00,-1.000000
scheme_a_jblock,double,global,global,8192,8192,3,8,2,4,13,2.168400000e-05,1.549125200e-02,5.412790000e-04,1.557276200e-02,1.557276200e-02,-1.000000000e+00,-1.000000000e+00,25.856247,25.992294,-1.000000,-1.000000000e+00,-1.000000000e+00,-1.000000000e+00,row,0,-1.000000000e+00,-1.000000
scheme_a_jblock,double,global,global,8192,8192,3,8,2,4,14,1.422300000e-05,1.567344400e-02,4.791220000e-04,1.576481500e-02,1.576481500e-02,-1.000000000e+00,-1.000000000e+00,25.541257,25.690154,-1.000000,-1.000000000e+00,-1.000000000e+00,-1.000000000e+00,row,0,-1.000000000e+00,-1.000000
scheme_a_jblock,double,global,global,8192,8192,3,8,2,4,15,1.574700000e-05,1.555655800e-02,4.969040000e-04,1.565262900e-02,1.565262900e-02,-1.000000000e+00,-1.000000000e+00,25.724317,25.883180,-1.000000,-1.000000000e+00,-1.000000000e+00,-1.000000000e+00,row,0,-1.000000000e+00,-1.000000
scheme_a_jblock,double,global,global,8192,8192,3,8,2,4,16,2.104200000e-05,1.549695400e-02,8.671680000e-04,1.559720800e-02,1.559720800e-02,-1.000000000e+00,-1.000000000e+00,25.815722,25.982731,-1.000000,-1.000000000e+00,-1.000000000e+00,-1.000000000e+00,row,0,-1.000000000e+00,-1.000000
scheme_a_jblock,double,global,global,8192,8192,3,8,2,4,17,1.466400000e-05,1.545160800e-02,4.146990000e-04,1.553909100e-02,1.553909100e-02,-1.000000000e+00,-1.000000000e+00,25.912274,26.058983,-1.000000,-1.000000000e+00,-1.000000000e+00,-1.000000000e+00,row,0,-1.000000000e+00,-1.000000
scheme_a_jblock,double,global,global,8192,8192,3,8,2,4,18,1.743100000e-05,1.545852100e-02,3.222020000e-04,1.553249500e-02,1.553249500e-02,-1.000000000e+00,-1.000000000e+00,25.923278,26.047329,-1.000000,-1.000000000e+00,-1.000000000e+00,-1.000000000e+00,row,0,-1.000000000e+00,-1.000000
scheme_a_jblock,double,global,global,8192,8192,3,8,2,4,19,2.390200000e-05,1.554333300e-02,4.220210000e-04,1.559604500e-02,1.559604500e-02,-1.000000000e+00,-1.000000000e+00,25.817647,25.905202,-1.000000,-1.000000000e+00,-1.000000000e+00,-1.000000000e+00,row,0,-1.000000000e+00,-1.000000
scheme_a_jblock,double,global,global,8192,8192,3,8,2,4,20,2.175800000e-05,1.555564500e-02,3.872110000e-04,1.563121400e-02,1.563121400e-02,-1.000000000e+00,-1.000000000e+00,25.759559,25.884699,-1.000000,-1.000000000e+00,-1.000000000e+00,-1.000000000e+00,row,0,-1.000000000e+00,-1.000000
scheme_a_jblock,double,global,global,8192,8192,6,8,2,4,1,2.682700000e-05,1.767010000e-02,4.069560000e-04,1.785938100e-02,1.785938100e-02,-1.000000000e+00,-1.000000000e+00,45.091505,45.574522,-1.000000,-1.000000000e+00,-1.000000000e+00,-1.000000000e+00,row,0,-1.000000000e+00,-1.000000
scheme_a_jblock,double,global,global,8192,8192,6,8,2,4,2,2.758800000e-05,1.768515000e-02,4.359930000e-04,1.782401800e-02,1.782401800e-02,-1.000000000e+00,-1.000000000e+00,45.180967,45.535739,-1.000000,-1.000000000e+00,-1.000000000e+00,-1.000000000e+00,row,0,-1.000000000e+00,-1.000000
scheme_a_jblock,double,global,global,8192,8192,6,8,2,4,3,3.449700000e-05,1.753532100e-02,5.272900000e-04,1.769441500e-02,1.769441500e-02,-1.000000000e+00,-1.000000000e+00,45.511896,45.924815,-1.000000,-1.000000000e+00,-1.000000000e+00,-1.000000000e+00,row,0,-1.000000000e+00,-1.000000
scheme_a_jblock,double,global,global,8192,8192,6,8,2,4,4,3.625100000e-05,1.756924900e-02,3.977820000e-04,1.776470700e-02,1.776470700e-02,-1.000000000e+00,-1.000000000e+00,45.331813,45.836129,-1.000000,-1.000000000e+00,-1.000000000e+00,-1.000000000e+00,row,0,-1.000000000e+00,-1.000000
scheme_a_jblock,double,global,global,8192,8192,6,8,2,4,5,2.706300000e-05,1.754093500e-02,3.271400000e-04,1.777676300e-02,1.777676300e-02,-1.000000000e+00,-1.000000000e+00,45.301069,45.910116,-1.000000,-1.000000000e+00,-1.000000000e+00,-1.000000000e+00,row,0,-1.000000000e+00,-1.000000
scheme_a_jblock,double,global,global,8192,8192,6,8,2,4,6,2.915400000e-05,1.758702700e-02,6.437100000e-04,1.787203600e-02,1.787203600e-02,-1.000000000e+00,-1.000000000e+00,45.059576,45.789795,-1.000000,-1.000000000e+00,-1.000000000e+00,-1.000000000e+00,row,0,-1.000000000e+00,-1.000000
scheme_a_jblock,double,global,global,8192,8192,6,8,2,4,7,2.712000000e-05,1.773724800e-02,6.359870000e-04,1.792851400e-02,1.792851400e-02,-1.000000000e+00,-1.000000000e+00,44.917631,45.401991,-1.000000,-1.000000000e+00,-1.000000000e+00,-1.000000000e+00,row,0,-1.000000000e+00,-1.000000
scheme_a_jblock,double,global,global,8192,8192,6,8,2,4,8,2.825700000e-05,1.766262500e-02,6.714130000e-04,1.787308400e-02,1.787308400e-02,-1.000000000e+00,-1.000000000e+00,45.056934,45.593810,-1.000000,-1.000000000e+00,-1.000000000e+00,-1.000000000e+00,row,0,-1.000000000e+00,-1.000000
scheme_a_jblock,double,global,global,8192,8192,6,8,2,4,9,2.435500000e-05,1.801300300e-02,5.309000000e-04,1.818242900e-02,1.818242900e-02,-1.000000000e+00,-1.000000000e+00,44.290362,44.706947,-1.000000,-1.000000000e+00,-1.000000000e+00,-1.000000000e+00,row,0,-1.000000000e+00,-1.000000
scheme_a_jblock,double,global,global,8192,8192,6,8,2,4,10,3.188700000e-05,1.767813200e-02,5.628940000e-04,1.782086400e-02,1.782086400e-02,-1.000000000e+00,-1.000000000e+00,45.188963,45.553816,-1.000000,-1.000000000e+00,-1.000000000e+00,-1.000000000e+00,row,0,-1.000000000e+00,-1.000000
scheme_a_jblock,double,global,global,8192,8192,6,8,2,4,11,3.661200000e-05,1.749351800e-02,5.380850000e-04,1.773311700e-02,1.773311700e-02,-1.000000000e+00,-1.000000000e+00,45.412567,46.034558,-1.000000,-1.000000000e+00,-1.000000000e+00,-1.000000000e+00,row,0,-1.000000000e+00,-1.000000
scheme_a_jblock,double,global,global,8192,8192,6,8,2,4,12,2.753000000e-05,1.767242700e-02,5.583570000e-04,1.782386200e-02,1.782386200e-02,-1.000000000e+00,-1.000000000e+00,45.181362,45.568521,-1.000000,-1.000000000e+00,-1.000000000e+00,-1.000000000e+00,row,0,-1.000000000e+00,-1.000000
scheme_a_jblock,double,global,global,8192,8192,6,8,2,4,13,3.689000000e-05,1.768609800e-02,6.170850000e-04,1.784407200e-02,1.784407200e-02,-1.000000000e+00,-1.000000000e+00,45.130190,45.533298,-1.000000,-1.000000000e+00,-1.000000000e+00,-1.000000000e+00,row,0,-1.000000000e+00,-1.000000
scheme_a_jblock,double,global,global,8192,8192,6,8,2,4,14,3.601000000e-05,1.779574900e-02,5.576670000e-04,1.795379700e-02,1.795379700e-02,-1.000000000e+00,-1.000000000e+00,44.854376,45.252738,-1.000000,-1.000000000e+00,-1.000000000e+00,-1.000000000e+00,row,0,-1.000000000e+00,-1.000000
scheme_a_jblock,double,global,global,8192,8192,6,8,2,4,15,3.567400000e-05,1.764802000e-02,4.702900000e-04,1.780708500e-02,1.780708500e-02,-1.000000000e+00,-1.000000000e+00,45.223930,45.631542,-1.000000,-1.000000000e+00,-1.000000000e+00,-1.000000000e+00,row,0,-1.000000000e+00,-1.000000
scheme_a_jblock,double,global,global,8192,8192,6,8,2,4,16,3.557200000e-05,1.768046100e-02,3.312170000e-04,1.783252200e-02,1.783252200e-02,-1.000000000e+00,-1.000000000e+00,45.159421,45.547815,-1.000000,-1.000000000e+00,-1.000000000e+00,-1.000000000e+00,row,0,-1.000000000e+00,-1.000000
scheme_a_jblock,double,global,global,8192,8192,6,8,2,4,17,3.165100000e-05,1.754644900e-02,2.917520000e-04,1.783936300e-02,1.783936300e-02,-1.000000000e+00,-1.000000000e+00,45.142103,45.895689,-1.000000,-1.000000000e+00,-1.000000000e+00,-1.000000000e+00,row,0,-1.000000000e+00,-1.000000
scheme_a_jblock,double,global,global,8192,8192,6,8,2,4,18,2.780900000e-05,1.774982700e-02,8.084350000e-04,1.803803000e-02,1.803803000e-02,-1.000000000e+00,-1.000000000e+00,44.644918,45.369815,-1.000000,-1.000000000e+00,-1.000000000e+00,-1.000000000e+00,row,0,-1.000000000e+00,-1.000000
scheme_a_jblock,double,global,global,8192,8192,6,8,2,4,19,2.688200000e-05,1.765848900e-02,5.193680000e-04,1.785023500e-02,1.785023500e-02,-1.000000000e+00,-1.000000000e+00,45.114609,45.604489,-1.000000,-1.000000000e+00,-1.000000000e+00,-1.000000000e+00,row,0,-1.000000000e+00,-1.000000
scheme_a_jblock,double,global,global,8192,8192,6,8,2,4,20,2.710500000e-05,1.778910000e-02,4.942170000e-04,1.794558100e-02,1.794558100e-02,-1.000000000e+00,-1.000000000e+00,44.874912,45.269652,-1.000000,-1.000000000e+00,-1.000000000e+00,-1.000000000e+00,row,0,-1.000000000e+00,-1.000000
scheme_a_jblock,double,global,global,8192,8192,8,8,2,4,1,3.699300000e-05,1.735608400e-02,8.951950000e-04,1.763641300e-02,1.763641300e-02,-1.000000000e+00,-1.000000000e+00,60.882098,61.865443,-1.000000,-1.000000000e+00,-1.000000000e+00,-1.000000000e+00,row,0,-1.000000000e+00,-1.000000
scheme_a_jblock,double,global,global,8192,8192,8,8,2,4,2,3.601100000e-05,1.741319500e-02,9.740220000e-04,1.769060400e-02,1.769060400e-02,-1.000000000e+00,-1.000000000e+00,60.695600,61.662539,-1.000000,-1.000000000e+00,-1.000000000e+00,-1.000000000e+00,row,0,-1.000000000e+00,-1.000000
scheme_a_jblock,double,global,global,8192,8192,8,8,2,4,3,3.587700000e-05,1.727580100e-02,4.618780000e-04,1.753318400e-02,1.753318400e-02,-1.000000000e+00,-1.000000000e+00,61.240550,62.152940,-1.000000,-1.000000000e+00,-1.000000000e+00,-1.000000000e+00,row,0,-1.000000000e+00,-1.000000
scheme_a_jblock,double,global,global,8192,8192,8,8,2,4,4,3.585800000e-05,1.744308300e-02,7.428000000e-04,1.769795900e-02,1.769795900e-02,-1.000000000e+00,-1.000000000e+00,60.670376,61.556883,-1.000000,-1.000000000e+00,-1.000000000e+00,-1.000000000e+00,row,0,-1.000000000e+00,-1.000000
scheme_a_jblock,double,global,global,8192,8192,8,8,2,4,5,3.687700000e-05,1.712993500e-02,4.243250000e-04,1.735376000e-02,1.735376000e-02,-1.000000000e+00,-1.000000000e+00,61.873728,62.682189,-1.000000,-1.000000000e+00,-1.000000000e+00,-1.000000000e+00,row,0,-1.000000000e+00,-1.000000
scheme_a_jblock,double,global,global,8192,8192,8,8,2,4,6,3.590500000e-05,1.714557300e-02,8.231830000e-04,1.737481000e-02,1.737481000e-02,-1.000000000e+00,-1.000000000e+00,61.798766,62.625018,-1.000000,-1.000000000e+00,-1.000000000e+00,-1.000000000e+00,row,0,-1.000000000e+00,-1.000000
scheme_a_jblock,double,global,global,8192,8192,8,8,2,4,7,3.605800000e-05,1.736309100e-02,7.079060000e-04,1.762265200e-02,1.762265200e-02,-1.000000000e+00,-1.000000000e+00,60.929639,61.840477,-1.000000,-1.000000000e+00,-1.000000000e+00,-1.000000000e+00,row,0,-1.000000000e+00,-1.000000
scheme_a_jblock,double,global,global,8192,8192,8,8,2,4,8,3.715700000e-05,1.711001500e-02,5.987870000e-04,1.739186700e-02,1.739186700e-02,-1.000000000e+00,-1.000000000e+00,61.738157,62.755166,-1.000000,-1.000000000e+00,-1.000000000e+00,-1.000000000e+00,row,0,-1.000000000e+00,-1.000000
scheme_a_jblock,double,global,global,8192,8192,8,8,2,4,9,3.575900000e-05,1.731877100e-02,7.073000000e-04,1.755290100e-02,1.755290100e-02,-1.000000000e+00,-1.000000000e+00,61.171759,61.998731,-1.000000,-1.000000000e+00,-1.000000000e+00,-1.000000000e+00,row,0,-1.000000000e+00,-1.000000
scheme_a_jblock,double,global,global,8192,8192,8,8,2,4,10,3.681000000e-05,1.749535200e-02,7.712940000e-04,1.776360000e-02,1.776360000e-02,-1.000000000e+00,-1.000000000e+00,60.446183,61.372976,-1.000000,-1.000000000e+00,-1.000000000e+00,-1.000000000e+00,row,0,-1.000000000e+00,-1.000000
scheme_a_jblock,double,global,global,8192,8192,8,8,2,4,11,3.776100000e-05,1.733773200e-02,5.012370000e-04,1.762497200e-02,1.762497200e-02,-1.000000000e+00,-1.000000000e+00,60.921619,61.930928,-1.000000,-1.000000000e+00,-1.000000000e+00,-1.000000000e+00,row,0,-1.000000000e+00,-1.000000
scheme_a_jblock,double,global,global,8192,8192,8,8,2,4,12,3.772100000e-05,1.731216500e-02,6.557040000e-04,1.747324300e-02,1.747324300e-02,-1.000000000e+00,-1.000000000e+00,61.450632,62.022389,-1.000000,-1.000000000e+00,-1.000000000e+00,-1.000000000e+00,row,0,-1.000000000e+00,-1.000000
scheme_a_jblock,double,global,global,8192,8192,8,8,2,4,13,3.398900000e-05,1.717922400e-02,5.054190000e-04,1.739027800e-02,1.739027800e-02,-1.000000000e+00,-1.000000000e+00,61.743799,62.502347,-1.000000,-1.000000000e+00,-1.000000000e+00,-1.000000000e+00,row,0,-1.000000000e+00,-1.000000
scheme_a_jblock,double,global,global,8192,8192,8,8,2,4,14,4.062700000e-05,1.742177600e-02,7.398360000e-04,1.769972100e-02,1.769972100e-02,-1.000000000e+00,-1.000000000e+00,60.664336,61.632168,-1.000000,-1.000000000e+00,-1.000000000e+00,-1.000000000e+00,row,0,-1.000000000e+00,-1.000000
scheme_a_jblock,double,global,global,8192,8192,8,8,2,4,15,3.707800000e-05,1.738322000e-02,4.657240000e-04,1.765219300e-02,1.765219300e-02,-1.000000000e+00,-1.000000000e+00,60.827673,61.768868,-1.000000,-1.000000000e+00,-1.000000000e+00,-1.000000000e+00,row,0,-1.000000000e+00,-1.000000
scheme_a_jblock,double,global,global,8192,8192,8,8,2,4,16,3.596500000e-05,1.724836600e-02,5.480160000e-04,1.745896100e-02,1.745896100e-02,-1.000000000e+00,-1.000000000e+00,61.500901,62.251800,-1.000000,-1.000000000e+00,-1.000000000e+00,-1.000000000e+00,row,0,-1.000000000e+00,-1.000000
scheme_a_jblock,double,global,global,8192,8192,8,8,2,4,17,3.637100000e-05,1.757239000e-02,8.260840000e-04,1.781800500e-02,1.781800500e-02,-1.000000000e+00,-1.000000000e+00,60.261619,61.103915,-1.000000,-1.000000000e+00,-1.000000000e+00,-1.000000000e+00,row,0,-1.000000000e+00,-1.000000
scheme_a_jblock,double,global,global,8192,8192,8,8,2,4,18,3.525500000e-05,1.755278300e-02,8.177850000e-04,1.781038400e-02,1.781038400e-02,-1.000000000e+00,-1.000000000e+00,60.287404,61.172170,-1.000000,-1.000000000e+00,-1.000000000e+00,-1.000000000e+00,row,0,-1.000000000e+00,-1.000000
scheme_a_jblock,double,global,global,8192,8192,8,8,2,4,19,3.594900000e-05,1.732052000e-02,8.238860000e-04,1.759942900e-02,1.759942900e-02,-1.000000000e+00,-1.000000000e+00,61.010038,61.992470,-1.000000,-1.000000000e+00,-1.000000000e+00,-1.000000000e+00,row,0,-1.000000000e+00,-1.000000
scheme_a_jblock,double,global,global,8192,8192,8,8,2,4,20,3.813100000e-05,1.763451500e-02,9.990340000e-04,1.790080200e-02,1.790080200e-02,-1.000000000e+00,-1.000000000e+00,59.982889,60.888651,-1.000000,-1.000000000e+00,-1.000000000e+00,-1.000000000e+00,row,0,-1.000000000e+00,-1.000000
scheme_a_jblock,double,global,global,8192,8192,20,8,2,4,1,1.304260000e-04,2.451359800e-02,1.210508000e-03,2.568225200e-02,2.568225200e-02,-1.000000000e+00,-1.000000000e+00,104.521775,109.504715,-1.000000,-1.000000000e+00,-1.000000000e+00,-1.000000000e+00,row,0,-1.000000000e+00,-1.000000
scheme_a_jblock,double,global,global,8192,8192,20,8,2,4,2,1.155750000e-04,2.458528000e-02,1.517847000e-03,2.559965300e-02,2.559965300e-02,-1.000000000e+00,-1.000000000e+00,104.859021,109.185438,-1.000000,-1.000000000e+00,-1.000000000e+00,-1.000000000e+00,row,0,-1.000000000e+00,-1.000000
scheme_a_jblock,double,global,global,8192,8192,20,8,2,4,3,1.078090000e-04,2.608288300e-02,9.643000000e-04,2.715499200e-02,2.715499200e-02,-1.000000000e+00,-1.000000000e+00,98.853079,102.916329,-1.000000,-1.000000000e+00,-1.000000000e+00,-1.000000000e+00,row,0,-1.000000000e+00,-1.000000
scheme_a_jblock,double,global,global,8192,8192,20,8,2,4,4,1.313400000e-04,2.494995100e-02,1.238969000e-03,2.605255300e-02,2.605255300e-02,-1.000000000e+00,-1.000000000e+00,103.036142,107.589572,-1.000000,-1.000000000e+00,-1.000000000e+00,-1.000000000e+00,row,0,-1.000000000e+00,-1.000000
scheme_a_jblock,double,global,global,8192,8192,20,8,2,4,5,1.108670000e-04,2.474098600e-02,1.293545000e-03,2.585323800e-02,2.585323800e-02,-1.000000000e+00,-1.000000000e+00,103.830497,108.498285,-1.000000,-1.000000000e+00,-1.000000000e+00,-1.000000000e+00,row,0,-1.000000000e+00,-1.000000
scheme_a_jblock,double,global,global,8192,8192,20,8,2,4,6,1.104810000e-04,2.488326400e-02,1.402838000e-03,2.596203300e-02,2.596203300e-02,-1.000000000e+00,-1.000000000e+00,103.395391,107.877912,-1.000000,-1.000000000e+00,-1.000000000e+00,-1.000000000e+00,row,0,-1.000000000e+00,-1.000000
scheme_a_jblock,double,global,global,8192,8192,20,8,2,4,7,1.111680000e-04,2.454067100e-02,9.572270000e-04,2.557217800e-02,2.557217800e-02,-1.000000000e+00,-1.000000000e+00,104.971683,109.383910,-1.000000,-1.000000000e+00,-1.000000000e+00,-1.000000000e+00,row,0,-1.000000000e+00,-1.000000
scheme_a_jblock,double,global,global,8192,8192,20,8,2,4,8,1.204410000e-04,2.471575300e-02,1.432508000e-03,2.587838700e-02,2.587838700e-02,-1.000000000e+00,-1.000000000e+00,103.729593,108.609054,-1.000000,-1.000000000e+00,-1.000000000e+00,-1.000000000e+00,row,0,-1.000000000e+00,-1.000000
scheme_a_jblock,double,global,global,8192,8192,20,8,2,4,9,1.107260000e-04,2.495213400e-02,1.155099000e-03,2.594987000e-02,2.594987000e-02,-1.000000000e+00,-1.000000000e+00,103.443854,107.580160,-1.000000,-1.000000000e+00,-1.000000000e+00,-1.000000000e+00,row,0,-1.000000000e+00,-1.000000
scheme_a_jblock,double,global,global,8192,8192,20,8,2,4,10,1.165700000e-04,2.460867700e-02,1.208938000e-03,2.570440600e-02,2.570440600e-02,-1.000000000e+00,-1.000000000e+00,104.431690,109.081628,-1.000000,-1.000000000e+00,-1.000000000e+00,-1.000000000e+00,row,0,-1.000000000e+00,-1.000000
scheme_a_jblock,double,global,global,8192,8192,20,8,2,4,11,1.234000000e-04,2.488016100e-02,9.001860000e-04,2.588757700e-02,2.588757700e-02,-1.000000000e+00,-1.000000000e+00,103.692770,107.891366,-1.000000,-1.000000000e+00,-1.000000000e+00,-1.000000000e+00,row,0,-1.000000000e+00,-1.000000
scheme_a_jblock,double,global,global,8192,8192,20,8,2,4,12,1.134150000e-04,2.451880800e-02,1.097519000e-03,2.555382900e-02,2.555382900e-02,-1.000000000e+00,-1.000000000e+00,105.047058,109.481446,-1.000000,-1.000000000e+00,-1.000000000e+00,-1.000000000e+00,row,0,-1.000000000e+00,-1.000000
scheme_a_jblock,double,global,global,8192,8192,20,8,2,4,13,1.401240000e-04,2.472373200e-02,9.898190000e-04,2.576595900e-02,2.576595900e-02,-1.000000000e+00,-1.000000000e+00,104.182210,108.574003,-1.000000,-1.000000000e+00,-1.000000000e+00,-1.000000000e+00,row,0,-1.000000000e+00,-1.000000
scheme_a_jblock,double,global,global,8192,8192,20,8,2,4,14,1.165810000e-04,2.471946800e-02,1.183678000e-03,2.580919500e-02,2.580919500e-02,-1.000000000e+00,-1.000000000e+00,104.007683,108.592732,-1.000000,-1.000000000e+00,-1.000000000e+00,-1.000000000e+00,row,0,-1.000000000e+00,-1.000000
scheme_a_jblock,double,global,global,8192,8192,20,8,2,4,15,1.264450000e-04,2.459659600e-02,1.330965000e-03,2.568517600e-02,2.568517600e-02,-1.000000000e+00,-1.000000000e+00,104.509876,109.135206,-1.000000,-1.000000000e+00,-1.000000000e+00,-1.000000000e+00,row,0,-1.000000000e+00,-1.000000
scheme_a_jblock,double,global,global,8192,8192,20,8,2,4,16,1.179860000e-04,2.454761000e-02,1.080419000e-03,2.565284600e-02,2.565284600e-02,-1.000000000e+00,-1.000000000e+00,104.641589,109.352990,-1.000000,-1.000000000e+00,-1.000000000e+00,-1.000000000e+00,row,0,-1.000000000e+00,-1.000000
scheme_a_jblock,double,global,global,8192,8192,20,8,2,4,17,1.300950000e-04,2.463004200e-02,1.048898000e-03,2.569199600e-02,2.569199600e-02,-1.000000000e+00,-1.000000000e+00,104.482134,108.987007,-1.000000,-1.000000000e+00,-1.000000000e+00,-1.000000000e+00,row,0,-1.000000000e+00,-1.000000
scheme_a_jblock,double,global,global,8192,8192,20,8,2,4,18,1.135750000e-04,2.484504300e-02,1.044523000e-03,2.594649000e-02,2.594649000e-02,-1.000000000e+00,-1.000000000e+00,103.457329,108.043869,-1.000000,-1.000000000e+00,-1.000000000e+00,-1.000000000e+00,row,0,-1.000000000e+00,-1.000000
scheme_a_jblock,double,global,global,8192,8192,20,8,2,4,19,1.143420000e-04,2.508610300e-02,1.457865000e-03,2.641724700e-02,2.641724700e-02,-1.000000000e+00,-1.000000000e+00,101.613713,107.005642,-1.000000,-1.000000000e+00,-1.000000000e+00,-1.000000000e+00,row,0,-1.000000000e+00,-1.000000
scheme_a_jblock,double,global,global,8192,8192,20,8,2,4,20,1.831590000e-04,2.477987000e-02,1.177187000e-03,2.595970000e-02,2.595970000e-02,-1.000000000e+00,-1.000000000e+00,103.404683,108.328032,-1.000000,-1.000000000e+00,-1.000000000e+00,-1.000000000e+00,row,0,-1.000000000e+00,-1.000000
scheme_a_jblock,double,global,global,8192,8192,32,8,2,4,1,2.117010000e-04,4.136964500e-02,1.474760000e-03,4.273529100e-02,4.273529100e-02,-1.000000000e+00,-1.000000000e+00,100.501651,103.819293,-1.000000,-1.000000000e+00,-1.000000000e+00,-1.000000000e+00,row,0,-1.000000000e+00,-1.000000
scheme_a_jblock,double,global,global,8192,8192,32,8,2,4,2,2.026880000e-04,4.169640600e-02,1.739527000e-03,4.322626100e-02,4.322626100e-02,-1.000000000e+00,-1.000000000e+00,99.360139,103.005695,-1.000000,-1.000000000e+00,-1.000000000e+00,-1.000000000e+00,row,0,-1.000000000e+00,-1.000000
scheme_a_jblock,double,global,global,8192,8192,32,8,2,4,3,2.175940000e-04,4.145631800e-02,1.711585000e-03,4.283509400e-02,4.283509400e-02,-1.000000000e+00,-1.000000000e+00,100.267489,103.602237,-1.000000,-1.000000000e+00,-1.000000000e+00,-1.000000000e+00,row,0,-1.000000000e+00,-1.000000
scheme_a_jblock,double,global,global,8192,8192,32,8,2,4,4,2.128540000e-04,4.154460200e-02,1.381489000e-03,4.299318800e-02,4.299318800e-02,-1.000000000e+00,-1.000000000e+00,99.898786,103.382078,-1.000000,-1.000000000e+00,-1.000000000e+00,-1.000000000e+00,row,0,-1.000000000e+00,-1.000000
scheme_a_jblock,double,global,global,8192,8192,32,8,2,4,5,2.107750000e-04,4.140340000e-02,1.455216000e-03,4.283686400e-02,4.283686400e-02,-1.000000000e+00,-1.000000000e+00,100.263346,103.734652,-1.000000,-1.000000000e+00,-1.000000000e+00,-1.000000000e+00,row,0,-1.000000000e+00,-1.000000
scheme_a_jblock,double,global,global,8192,8192,32,8,2,4,6,2.144650000e-04,4.138908600e-02,1.433993000e-03,4.288326200e-02,4.288326200e-02,-1.000000000e+00,-1.000000000e+00,100.154865,103.770528,-1.000000,-1.000000000e+00,-1.000000000e+00,-1.000000000e+00,row,0,-1.000000000e+00,-1.000000
scheme_a_jblock,double,global,global,8192,8192,32,8,2,4,7,2.116440000e-04,4.133923200e-02,1.494993000e-03,4.279700000e-02,4.279700000e-02,-1.000000000e+00,-1.000000000e+00,100.356738,103.895672,-1.000000,-1.000000000e+00,-1.000000000e+00,-1.000000000e+00,row,0,-1.000000000e+00,-1.000000
scheme_a_jblock,double,global,global,8192,8192,32,8,2,4,8,2.150050000e-04,4.150078600e-02,1.632293000e-03,4.288495000e-02,4.288495000e-02,-1.000000000e+00,-1.000000000e+00,100.150922,103.491228,-1.000000,-1.000000000e+00,-1.000000000e+00,-1.000000000e+00,row,0,-1.000000000e+00,-1.000000
scheme_a_jblock,double,global,global,8192,8192,32,8,2,4,9,2.156510000e-04,4.155928600e-02,1.383339000e-03,4.299216300e-02,4.299216300e-02,-1.000000000e+00,-1.000000000e+00,99.901168,103.345551,-1.000000,-1.000000000e+00,-1.000000000e+00,-1.000000000e+00,row,0,-1.000000000e+00,-1.000000
scheme_a_jblock,double,global,global,8192,8192,32,8,2,4,10,2.174220000e-04,4.207466200e-02,1.951848000e-03,4.411230200e-02,4.411230200e-02,-1.000000000e+00,-1.000000000e+00,97.364388,102.079662,-1.000000,-1.000000000e+00,-1.000000000e+00,-1.000000000e+00,row,0,-1.000000000e+00,-1.000000
scheme_a_jblock,double,global,global,8192,8192,32,8,2,4,11,2.429040000e-04,4.147828700e-02,1.527012000e-03,4.290453900e-02,4.290453900e-02,-1.000000000e+00,-1.000000000e+00,100.105196,103.547364,-1.000000,-1.000000000e+00,-1.000000000e+00,-1.000000000e+00,row,0,-1.000000000e+00,-1.000000
scheme_a_jblock,double,global,global,8192,8192,32,8,2,4,12,2.380650000e-04,4.134275500e-02,1.458530000e-03,4.283472000e-02,4.283472000e-02,-1.000000000e+00,-1.000000000e+00,100.268364,103.886819,-1.000000,-1.000000000e+00,-1.000000000e+00,-1.000000000e+00,row,0,-1.000000000e+00,-1.000000
scheme_a_jblock,double,global,global,8192,8192,32,8,2,4,13,2.091740000e-04,4.296777200e-02,1.500432000e-03,4.448418300e-02,4.448418300e-02,-1.000000000e+00,-1.000000000e+00,96.550437,99.957878,-1.000000,-1.000000000e+00,-1.000000000e+00,-1.000000000e+00,row,0,-1.000000000e+00,-1.000000
scheme_a_jblock,double,global,global,8192,8192,32,8,2,4,14,2.033680000e-04,4.140500100e-02,1.316723000e-03,4.283752200e-02,4.283752200e-02,-1.000000000e+00,-1.000000000e+00,100.261805,103.730641,-1.000000,-1.000000000e+00,-1.000000000e+00,-1.000000000e+00,row,0,-1.000000000e+00,-1.000000
scheme_a_jblock,double,global,global,8192,8192,32,8,2,4,15,2.060720000e-04,4.159086300e-02,1.381741000e-03,4.298624000e-02,4.298624000e-02,-1.000000000e+00,-1.000000000e+00,99.914933,103.267088,-1.000000,-1.000000000e+00,-1.000000000e+00,-1.000000000e+00,row,0,-1.000000000e+00,-1.000000
scheme_a_jblock,double,global,global,8192,8192,32,8,2,4,16,2.046740000e-04,4.149991400e-02,1.362712000e-03,4.296147500e-02,4.296147500e-02,-1.000000000e+00,-1.000000000e+00,99.972529,103.493402,-1.000000,-1.000000000e+00,-1.000000000e+00,-1.000000000e+00,row,0,-1.000000000e+00,-1.000000
scheme_a_jblock,double,global,global,8192,8192,32,8,2,4,17,2.075620000e-04,4.168208400e-02,1.412563000e-03,4.305475300e-02,4.305475300e-02,-1.000000000e+00,-1.000000000e+00,99.755939,103.041088,-1.000000,-1.000000000e+00,-1.000000000e+00,-1.000000000e+00,row,0,-1.000000000e+00,-1.000000
scheme_a_jblock,double,global,global,8192,8192,32,8,2,4,18,2.076100000e-04,4.128944500e-02,1.505438000e-03,4.277448700e-02,4.277448700e-02,-1.000000000e+00,-1.000000000e+00,100.409557,104.020950,-1.000000,-1.000000000e+00,-1.000000000e+00,-1.000000000e+00,row,0,-1.000000000e+00,-1.000000
scheme_a_jblock,double,global,global,8192,8192,32,8,2,4,19,2.144610000e-04,4.124561400e-02,1.390332000e-03,4.268240300e-02,4.268240300e-02,-1.000000000e+00,-1.000000000e+00,100.626183,104.131491,-1.000000,-1.000000000e+00,-1.000000000e+00,-1.000000000e+00,row,0,-1.000000000e+00,-1.000000
scheme_a_jblock,double,global,global,8192,8192,32,8,2,4,20,2.062590000e-04,4.149900200e-02,1.418321000e-03,4.291532000e-02,4.291532000e-02,-1.000000000e+00,-1.000000000e+00,100.080048,103.495677,-1.000000,-1.000000000e+00,-1.000000000e+00,-1.000000000e+00,row,0,-1.000000000e+00,-1.000000
scheme_a_jblock,double,global,global,8192,8192,3,8,4,2,1,4.328000000e-05,1.708872600e-02,3.668180000e-04,1.715020200e-02,1.715020200e-02,-1.000000000e+00,-1.000000000e+00,23.478043,23.562505,-1.000000,-1.000000000e+00,-1.000000000e+00,-1.000000000e+00,row,0,-1.000000000e+00,-1.000000
scheme_a_jblock,double,global,global,8192,8192,3,8,4,2,2,4.492700000e-05,1.711747900e-02,5.491880000e-04,1.717862800e-02,1.717862800e-02,-1.000000000e+00,-1.000000000e+00,23.439193,23.522926,-1.000000,-1.000000000e+00,-1.000000000e+00,-1.000000000e+00,row,0,-1.000000000e+00,-1.000000
scheme_a_jblock,double,global,global,8192,8192,3,8,4,2,3,4.435500000e-05,1.724874500e-02,7.422700000e-04,1.730862700e-02,1.730862700e-02,-1.000000000e+00,-1.000000000e+00,23.263150,23.343912,-1.000000,-1.000000000e+00,-1.000000000e+00,-1.000000000e+00,row,0,-1.000000000e+00,-1.000000
scheme_a_jblock,double,global,global,8192,8192,3,8,4,2,4,5.183700000e-05,1.723407400e-02,6.737160000e-04,1.730762900e-02,1.730762900e-02,-1.000000000e+00,-1.000000000e+00,23.264491,23.363784,-1.000000,-1.000000000e+00,-1.000000000e+00,-1.000000000e+00,row,0,-1.000000000e+00,-1.000000
scheme_a_jblock,double,global,global,8192,8192,3,8,4,2,5,4.137100000e-05,1.703612200e-02,2.983890000e-04,1.709168700e-02,1.709168700e-02,-1.000000000e+00,-1.000000000e+00,23.558423,23.635261,-1.000000,-1.000000000e+00,-1.000000000e+00,-1.000000000e+00,row,0,-1.000000000e+00,-1.000000
scheme_a_jblock,double,global,global,8192,8192,3,8,4,2,6,4.971000000e-05,1.704106000e-02,5.919930000e-04,1.711025400e-02,1.711025400e-02,-1.000000000e+00,-1.000000000e+00,23.532858,23.628412,-1.000000,-1.000000000e+00,-1.000000000e+00,-1.000000000e+00,row,0,-1.000000000e+00,-1.000000
scheme_a_jblock,double,global,global,8192,8192,3,8,4,2,7,5.243500000e-05,1.735109800e-02,5.769550000e-04,1.742003300e-02,1.742003300e-02,-1.000000000e+00,-1.000000000e+00,23.114376,23.206208,-1.000000,-1.000000000e+00,-1.000000000e+00,-1.000000000e+00,row,0,-1.000000000e+00,-1.000000
scheme_a_jblock,double,global,global,8192,8192,3,8,4,2,8,4.695000000e-05,1.704487100e-02,4.214080000e-04,1.711053100e-02,1.711053100e-02,-1.000000000e+00,-1.000000000e+00,23.532477,23.623129,-1.000000,-1.000000000e+00,-1.000000000e+00,-1.000000000e+00,row,0,-1.000000000e+00,-1.000000
scheme_a_jblock,double,global,global,8192,8192,3,8,4,2,9,4.906100000e-05,1.715893500e-02,4.536520000e-04,1.722268200e-02,1.722268200e-02,-1.000000000e+00,-1.000000000e+00,23.379238,23.466094,-1.000000,-1.000000000e+00,-1.000000000e+00,-1.000000000e+00,row,0,-1.000000000e+00,-1.000000
scheme_a_jblock,double,global,global,8192,8192,3,8,4,2,10,5.887500000e-05,1.706093300e-02,2.211060000e-04,1.711568300e-02,1.711568300e-02,-1.000000000e+00,-1.000000000e+00,23.525394,23.600889,-1.000000,-1.000000000e+00,-1.000000000e+00,-1.000000000e+00,row,0,-1.000000000e+00,-1.000000
scheme_a_jblock,double,global,global,8192,8192,3,8,4,2,11,4.960300000e-05,1.707382800e-02,5.778580000e-04,1.713821000e-02,1.713821000e-02,-1.000000000e+00,-1.000000000e+00,23.494471,23.583064,-1.000000,-1.000000000e+00,-1.000000000e+00,-1.000000000e+00,row,0,-1.000000000e+00,-1.000000
scheme_a_jblock,double,global,global,8192,8192,3,8,4,2,12,4.729800000e-05,1.704022300e-02,2.072940000e-04,1.710583700e-02,1.710583700e-02,-1.000000000e+00,-1.000000000e+00,23.538935,23.629572,-1.000000,-1.000000000e+00,-1.000000000e+00,-1.000000000e+00,row,0,-1.000000000e+00,-1.000000
scheme_a_jblock,double,global,global,8192,8192,3,8,4,2,13,4.109900000e-05,1.702123800e-02,5.450420000e-04,1.708090000e-02,1.708090000e-02,-1.000000000e+00,-1.000000000e+00,23.573300,23.655928,-1.000000,-1.000000000e+00,-1.000000000e+00,-1.000000000e+00,row,0,-1.000000000e+00,-1.000000
scheme_a_jblock,double,global,global,8192,8192,3,8,4,2,14,4.461300000e-05,1.704825100e-02,3.683770000e-04,1.711186700e-02,1.711186700e-02,-1.000000000e+00,-1.000000000e+00,23.530640,23.618445,-1.000000,-1.000000000e+00,-1.000000000e+00,-1.000000000e+00,row,0,-1.000000000e+00,-1.000000
scheme_a_jblock,double,global,global,8192,8192,3,8,4,2,15,4.186000000e-05,1.725511100e-02,3.575560000e-04,1.731112200e-02,1.731112200e-02,-1.000000000e+00,-1.000000000e+00,23.259797,23.335300,-1.000000,-1.000000000e+00,-1.000000000e+00,-1.000000000e+00,row,0,-1.000000000e+00,-1.000000
scheme_a_jblock,double,global,global,8192,8192,3,8,4,2,16,4.770500000e-05,1.714482100e-02,6.103400000e-04,1.720813900e-02,1.720813900e-02,-1.000000000e+00,-1.000000000e+00,23.398996,23.485412,-1.000000,-1.000000000e+00,-1.000000000e+00,-1.000000000e+00,row,0,-1.000000000e+00,-1.000000
scheme_a_jblock,double,global,global,8192,8192,3,8,4,2,17,4.482600000e-05,1.689120800e-02,5.530520000e-04,1.695409600e-02,1.695409600e-02,-1.000000000e+00,-1.000000000e+00,23.749611,23.838034,-1.000000,-1.000000000e+00,-1.000000000e+00,-1.000000000e+00,row,0,-1.000000000e+00,-1.000000
scheme_a_jblock,double,global,global,8192,8192,3,8,4,2,18,4.902700000e-05,1.712885800e-02,6.363440000e-04,1.719281900e-02,1.719281900e-02,-1.000000000e+00,-1.000000000e+00,23.419847,23.507299,-1.000000,-1.000000000e+00,-1.000000000e+00,-1.000000000e+00,row,0,-1.000000000e+00,-1.000000
scheme_a_jblock,double,global,global,8192,8192,3,8,4,2,19,3.901500000e-05,1.702214000e-02,4.503060000e-04,1.707703400e-02,1.707703400e-02,-1.000000000e+00,-1.000000000e+00,23.578637,23.654675,-1.000000,-1.000000000e+00,-1.000000000e+00,-1.000000000e+00,row,0,-1.000000000e+00,-1.000000
scheme_a_jblock,double,global,global,8192,8192,3,8,4,2,20,4.406600000e-05,1.717712700e-02,2.324130000e-04,1.729934600e-02,1.729934600e-02,-1.000000000e+00,-1.000000000e+00,23.275630,23.441242,-1.000000,-1.000000000e+00,-1.000000000e+00,-1.000000000e+00,row,0,-1.000000000e+00,-1.000000
scheme_a_jblock,double,global,global,8192,8192,6,8,4,2,1,7.315900000e-05,1.759055600e-02,3.765650000e-04,1.772758900e-02,1.772758900e-02,-1.000000000e+00,-1.000000000e+00,45.426728,45.780609,-1.000000,-1.000000000e+00,-1.000000000e+00,-1.000000000e+00,row,0,-1.000000000e+00,-1.000000
scheme_a_jblock,double,global,global,8192,8192,6,8,4,2,2,9.070700000e-05,1.795935100e-02,6.068230000e-04,1.806954300e-02,1.806954300e-02,-1.000000000e+00,-1.000000000e+00,44.567058,44.840505,-1.000000,-1.000000000e+00,-1.000000000e+00,-1.000000000e+00,row,0,-1.000000000e+00,-1.000000
scheme_a_jblock,double,global,global,8192,8192,6,8,4,2,3,1.011050000e-04,1.751582900e-02,2.887570000e-04,1.764274400e-02,1.764274400e-02,-1.000000000e+00,-1.000000000e+00,45.645188,45.975921,-1.000000,-1.000000000e+00,-1.000000000e+00,-1.000000000e+00,row,0,-1.000000000e+00,-1.000000
scheme_a_jblock,double,global,global,8192,8192,6,8,4,2,4,9.123100000e-05,1.772763600e-02,5.015060000e-04,1.785654600e-02,1.785654600e-02,-1.000000000e+00,-1.000000000e+00,45.098664,45.426608,-1.000000,-1.000000000e+00,-1.000000000e+00,-1.000000000e+00,row,0,-1.000000000e+00,-1.000000
scheme_a_jblock,double,global,global,8192,8192,6,8,4,2,5,8.311400000e-05,1.763964200e-02,3.839720000e-04,1.775304500e-02,1.775304500e-02,-1.000000000e+00,-1.000000000e+00,45.361591,45.653215,-1.000000,-1.000000000e+00,-1.000000000e+00,-1.000000000e+00,row,0,-1.000000000e+00,-1.000000
scheme_a_jblock,double,global,global,8192,8192,6,8,4,2,6,9.042700000e-05,1.781746600e-02,4.320480000e-04,1.793840900e-02,1.793840900e-02,-1.000000000e+00,-1.000000000e+00,44.892854,45.197581,-1.000000,-1.000000000e+00,-1.000000000e+00,-1.000000000e+00,row,0,-1.000000000e+00,-1.000000
scheme_a_jblock,double,global,global,8192,8192,6,8,4,2,7,8.688600000e-05,1.779536800e-02,4.380630000e-04,1.790246900e-02,1.790246900e-02,-1.000000000e+00,-1.000000000e+00,44.982978,45.253707,-1.000000,-1.000000000e+00,-1.000000000e+00,-1.000000000e+00,row,0,-1.000000000e+00,-1.000000
scheme_a_jblock,double,global,global,8192,8192,6,8,4,2,8,8.649900000e-05,1.794711600e-02,6.134390000e-04,1.806559700e-02,1.806559700e-02,-1.000000000e+00,-1.000000000e+00,44.576792,44.871074,-1.000000,-1.000000000e+00,-1.000000000e+00,-1.000000000e+00,row,0,-1.000000000e+00,-1.000000
scheme_a_jblock,double,global,global,8192,8192,6,8,4,2,9,8.868300000e-05,1.752229700e-02,2.976790000e-04,1.763937200e-02,1.763937200e-02,-1.000000000e+00,-1.000000000e+00,45.653914,45.958950,-1.000000,-1.000000000e+00,-1.000000000e+00,-1.000000000e+00,row,0,-1.000000000e+00,-1.000000
scheme_a_jblock,double,global,global,8192,8192,6,8,4,2,10,9.765600000e-05,1.760014200e-02,3.019140000e-04,1.771938100e-02,1.771938100e-02,-1.000000000e+00,-1.000000000e+00,45.447771,45.755674,-1.000000,-1.000000000e+00,-1.000000000e+00,-1.000000000e+00,row,0,-1.000000000e+00,-1.000000
scheme_a_jblock,double,global,global,8192,8192,6,8,4,2,11,8.616100000e-05,1.765777300e-02,3.929450000e-04,1.777352100e-02,1.777352100e-02,-1.000000000e+00,-1.000000000e+00,45.309332,45.606338,-1.000000,-1.000000000e+00,-1.000000000e+00,-1.000000000e+00,row,0,-1.000000000e+00,-1.000000
scheme_a_jblock,double,global,global,8192,8192,6,8,4,2,12,8.479400000e-05,1.774600400e-02,3.942080000e-04,1.786384400e-02,1.786384400e-02,-1.000000000e+00,-1.000000000e+00,45.080240,45.379589,-1.000000,-1.000000000e+00,-1.000000000e+00,-1.000000000e+00,row,0,-1.000000000e+00,-1.000000
scheme_a_jblock,double,global,global,8192,8192,6,8,4,2,13,7.848700000e-05,1.810873500e-02,6.396070000e-04,1.821346900e-02,1.821346900e-02,-1.000000000e+00,-1.000000000e+00,44.214881,44.470603,-1.000000,-1.000000000e+00,-1.000000000e+00,-1.000000000e+00,row,0,-1.000000000e+00,-1.000000
scheme_a_jblock,double,global,global,8192,8192,6,8,4,2,14,7.200100000e-05,1.842339200e-02,9.171860000e-04,1.854390100e-02,1.854390100e-02,-1.000000000e+00,-1.000000000e+00,43.427020,43.711080,-1.000000,-1.000000000e+00,-1.000000000e+00,-1.000000000e+00,row,0,-1.000000000e+00,-1.000000
scheme_a_jblock,double,global,global,8192,8192,6,8,4,2,15,8.084100000e-05,1.778653400e-02,5.254920000e-04,1.789313800e-02,1.789313800e-02,-1.000000000e+00,-1.000000000e+00,45.006436,45.276183,-1.000000,-1.000000000e+00,-1.000000000e+00,-1.000000000e+00,row,0,-1.000000000e+00,-1.000000
scheme_a_jblock,double,global,global,8192,8192,6,8,4,2,16,7.935200000e-05,1.798972000e-02,7.038410000e-04,1.809379300e-02,1.809379300e-02,-1.000000000e+00,-1.000000000e+00,44.507327,44.764808,-1.000000,-1.000000000e+00,-1.000000000e+00,-1.000000000e+00,row,0,-1.000000000e+00,-1.000000
scheme_a_jblock,double,global,global,8192,8192,6,8,4,2,17,8.168500000e-05,1.800719600e-02,6.869630000e-04,1.811280700e-02,1.811280700e-02,-1.000000000e+00,-1.000000000e+00,44.460606,44.721364,-1.000000,-1.000000000e+00,-1.000000000e+00,-1.000000000e+00,row,0,-1.000000000e+00,-1.000000
scheme_a_jblock,double,global,global,8192,8192,6,8,4,2,18,7.410000000e-05,1.815138800e-02,4.741630000e-04,1.824786900e-02,1.824786900e-02,-1.000000000e+00,-1.000000000e+00,44.131529,44.366104,-1.000000,-1.000000000e+00,-1.000000000e+00,-1.000000000e+00,row,0,-1.000000000e+00,-1.000000
scheme_a_jblock,double,global,global,8192,8192,6,8,4,2,19,7.719600000e-05,1.776715100e-02,5.098510000e-04,1.787438200e-02,1.787438200e-02,-1.000000000e+00,-1.000000000e+00,45.053662,45.325577,-1.000000,-1.000000000e+00,-1.000000000e+00,-1.000000000e+00,row,0,-1.000000000e+00,-1.000000
scheme_a_jblock,double,global,global,8192,8192,6,8,4,2,20,8.795100000e-05,1.766891300e-02,4.142400000e-04,1.777994300e-02,1.777994300e-02,-1.000000000e+00,-1.000000000e+00,45.292967,45.577584,-1.000000,-1.000000000e+00,-1.000000000e+00,-1.000000000e+00,row,0,-1.000000000e+00,-1.000000
scheme_a_jblock,double,global,global,8192,8192,8,8,4,2,1,1.054850000e-04,1.778241400e-02,1.056846000e-03,1.793165400e-02,1.793165400e-02,-1.000000000e+00,-1.000000000e+00,59.879687,60.382231,-1.000000,-1.000000000e+00,-1.000000000e+00,-1.000000000e+00,row,0,-1.000000000e+00,-1.000000
scheme_a_jblock,double,global,global,8192,8192,8,8,4,2,2,1.073030000e-04,1.753060700e-02,4.225600000e-04,1.767207000e-02,1.767207000e-02,-1.000000000e+00,-1.000000000e+00,60.759256,61.249552,-1.000000,-1.000000000e+00,-1.000000000e+00,-1.000000000e+00,row,0,-1.000000000e+00,-1.000000
scheme_a_jblock,double,global,global,8192,8192,8,8,4,2,3,1.063780000e-04,1.757566200e-02,3.827090000e-04,1.770303200e-02,1.770303200e-02,-1.000000000e+00,-1.000000000e+00,60.652990,61.092539,-1.000000,-1.000000000e+00,-1.000000000e+00,-1.000000000e+00,row,0,-1.000000000e+00,-1.000000
scheme_a_jblock,double,global,global,8192,8192,8,8,4,2,4,1.112170000e-04,1.740087400e-02,3.399710000e-04,1.754749500e-02,1.754749500e-02,-1.000000000e+00,-1.000000000e+00,61.190604,61.706201,-1.000000,-1.000000000e+00,-1.000000000e+00,-1.000000000e+00,row,0,-1.000000000e+00,-1.000000
scheme_a_jblock,double,global,global,8192,8192,8,8,4,2,5,1.023860000e-04,1.751565000e-02,3.368860000e-04,1.764835400e-02,1.764835400e-02,-1.000000000e+00,-1.000000000e+00,60.840905,61.301854,-1.000000,-1.000000000e+00,-1.000000000e+00,-1.000000000e+00,row,0,-1.000000000e+00,-1.000000
scheme_a_jblock,double,global,global,8192,8192,8,8,4,2,6,1.068290000e-04,1.747799800e-02,2.670720000e-04,1.760783000e-02,1.760783000e-02,-1.000000000e+00,-1.000000000e+00,60.980929,61.433914,-1.000000,-1.000000000e+00,-1.000000000e+00,-1.000000000e+00,row,0,-1.000000000e+00,-1.000000
scheme_a_jblock,double,global,global,8192,8192,8,8,4,2,7,1.052080000e-04,1.788215100e-02,8.514550000e-04,1.803392700e-02,1.803392700e-02,-1.000000000e+00,-1.000000000e+00,59.540100,60.045451,-1.000000,-1.000000000e+00,-1.000000000e+00,-1.000000000e+00,row,0,-1.000000000e+00,-1.000000
scheme_a_jblock,double,global,global,8192,8192,8,8,4,2,8,1.283000000e-04,1.795902900e-02,8.388330000e-04,1.814362500e-02,1.814362500e-02,-1.000000000e+00,-1.000000000e+00,59.180116,59.788412,-1.000000,-1.000000000e+00,-1.000000000e+00,-1.000000000e+00,row,0,-1.000000000e+00,-1.000000
scheme_a_jblock,double,global,global,8192,8192,8,8,4,2,9,1.031040000e-04,1.752623300e-02,5.349970000e-04,1.766065600e-02,1.766065600e-02,-1.000000000e+00,-1.000000000e+00,60.798524,61.264838,-1.000000,-1.000000000e+00,-1.000000000e+00,-1.000000000e+00,row,0,-1.000000000e+00,-1.000000
scheme_a_jblock,double,global,global,8192,8192,8,8,4,2,10,1.142820000e-04,1.745495800e-02,3.436350000e-04,1.760830100e-02,1.760830100e-02,-1.000000000e+00,-1.000000000e+00,60.979297,61.515005,-1.000000,-1.000000000e+00,-1.000000000e+00,-1.000000000e+00,row,0,-1.000000000e+00,-1.000000
scheme_a_jblock,double,global,global,8192,8192,8,8,4,2,11,1.186830000e-04,1.750832700e-02,3.838930000e-04,1.767112500e-02,1.767112500e-02,-1.000000000e+00,-1.000000000e+00,60.762505,61.327494,-1.000000,-1.000000000e+00,-1.000000000e+00,-1.000000000e+00,row,0,-1.000000000e+00,-1.000000
scheme_a_jblock,double,global,global,8192,8192,8,8,4,2,12,1.176240000e-04,1.772259700e-02,5.056620000e-04,1.787312000e-02,1.787312000e-02,-1.000000000e+00,-1.000000000e+00,60.075791,60.586032,-1.000000,-1.000000000e+00,-1.000000000e+00,-1.000000000e+00,row,0,-1.000000000e+00,-1.000000
scheme_a_jblock,double,global,global,8192,8192,8,8,4,2,13,1.204300000e-04,1.753260100e-02,6.972990000e-04,1.769576300e-02,1.769576300e-02,-1.000000000e+00,-1.000000000e+00,60.677905,61.242586,-1.000000,-1.000000000e+00,-1.000000000e+00,-1.000000000e+00,row,0,-1.000000000e+00,-1.000000
scheme_a_jblock,double,global,global,8192,8192,8,8,4,2,14,9.854700000e-05,1.761757300e-02,5.648880000e-04,1.775162400e-02,1.775162400e-02,-1.000000000e+00,-1.000000000e+00,60.486963,60.947204,-1.000000,-1.000000000e+00,-1.000000000e+00,-1.000000000e+00,row,0,-1.000000000e+00,-1.000000
scheme_a_jblock,double,global,global,8192,8192,8,8,4,2,15,1.115040000e-04,1.759217700e-02,3.661370000e-04,1.773923200e-02,1.773923200e-02,-1.000000000e+00,-1.000000000e+00,60.529217,61.035188,-1.000000,-1.000000000e+00,-1.000000000e+00,-1.000000000e+00,row,0,-1.000000000e+00,-1.000000
scheme_a_jblock,double,global,global,8192,8192,8,8,4,2,16,1.187220000e-04,1.760593600e-02,3.202770000e-04,1.775400900e-02,1.775400900e-02,-1.000000000e+00,-1.000000000e+00,60.478837,60.987489,-1.000000,-1.000000000e+00,-1.000000000e+00,-1.000000000e+00,row,0,-1.000000000e+00,-1.000000
scheme_a_jblock,double,global,global,8192,8192,8,8,4,2,17,1.147150000e-04,1.755261400e-02,5.775900000e-04,1.769583300e-02,1.769583300e-02,-1.000000000e+00,-1.000000000e+00,60.677665,61.172759,-1.000000,-1.000000000e+00,-1.000000000e+00,-1.000000000e+00,row,0,-1.000000000e+00,-1.000000
scheme_a_jblock,double,global,global,8192,8192,8,8,4,2,18,9.414400000e-05,1.786435700e-02,6.835330000e-04,1.797830300e-02,1.797830300e-02,-1.000000000e+00,-1.000000000e+00,59.724315,60.105260,-1.000000,-1.000000000e+00,-1.000000000e+00,-1.000000000e+00,row,0,-1.000000000e+00,-1.000000
scheme_a_jblock,double,global,global,8192,8192,8,8,4,2,19,1.105380000e-04,1.763942400e-02,6.662170000e-04,1.778157900e-02,1.778157900e-02,-1.000000000e+00,-1.000000000e+00,60.385066,60.871706,-1.000000,-1.000000000e+00,-1.000000000e+00,-1.000000000e+00,row,0,-1.000000000e+00,-1.000000
scheme_a_jblock,double,global,global,8192,8192,8,8,4,2,20,1.033420000e-04,1.776146500e-02,5.752430000e-04,1.790275300e-02,1.790275300e-02,-1.000000000e+00,-1.000000000e+00,59.976352,60.453449,-1.000000,-1.000000000e+00,-1.000000000e+00,-1.000000000e+00,row,0,-1.000000000e+00,-1.000000
scheme_a_jblock,double,global,global,8192,8192,20,8,4,2,1,3.395570000e-04,2.550982200e-02,2.767900000e-04,2.588521800e-02,2.588521800e-02,-1.000000000e+00,-1.000000000e+00,103.702220,105.228275,-1.000000,-1.000000000e+00,-1.000000000e+00,-1.000000000e+00,row,0,-1.000000000e+00,-1.000000
scheme_a_jblock,double,global,global,8192,8192,20,8,4,2,2,3.205070000e-04,2.575409200e-02,4.067650000e-04,2.611959100e-02,2.611959100e-02,-1.000000000e+00,-1.000000000e+00,102.771692,104.230216,-1.000000,-1.000000000e+00,-1.000000000e+00,-1.000000000e+00,row,0,-1.000000000e+00,-1.000000
scheme_a_jblock,double,global,global,8192,8192,20,8,4,2,3,3.602620000e-04,2.538889600e-02,1.809070000e-04,2.586888000e-02,2.586888000e-02,-1.000000000e+00,-1.000000000e+00,103.767715,105.729472,-1.000000,-1.000000000e+00,-1.000000000e+00,-1.000000000e+00,row,0,-1.000000000e+00,-1.000000
scheme_a_jblock,double,global,global,8192,8192,20,8,4,2,4,3.479660000e-04,2.559602700e-02,5.979920000e-04,2.606349900e-02,2.606349900e-02,-1.000000000e+00,-1.000000000e+00,102.992870,104.873876,-1.000000,-1.000000000e+00,-1.000000000e+00,-1.000000000e+00,row,0,-1.000000000e+00,-1.000000
scheme_a_jblock,double,global,global,8192,8192,20,8,4,2,5,3.553240000e-04,2.544793000e-02,2.975200000e-04,2.591511600e-02,2.591511600e-02,-1.000000000e+00,-1.000000000e+00,103.582579,105.484201,-1.000000,-1.000000000e+00,-1.000000000e+00,-1.000000000e+00,row,0,-1.000000000e+00,-1.000000
scheme_a_jblock,double,global,global,8192,8192,20,8,4,2,6,3.463720000e-04,2.577039100e-02,5.124890000e-04,2.615207800e-02,2.615207800e-02,-1.000000000e+00,-1.000000000e+00,102.644025,104.164293,-1.000000,-1.000000000e+00,-1.000000000e+00,-1.000000000e+00,row,0,-1.000000000e+00,-1.000000
scheme_a_jblock,double,global,global,8192,8192,20,8,4,2,7,3.353050000e-04,2.542064800e-02,2.340360000e-04,2.588979500e-02,2.588979500e-02,-1.000000000e+00,-1.000000000e+00,103.683886,105.597409,-1.000000,-1.000000000e+00,-1.000000000e+00,-1.000000000e+00,row,0,-1.000000000e+00,-1.000000
scheme_a_jblock,double,global,global,8192,8192,20,8,4,2,8,2.955180000e-04,2.552528600e-02,1.831940000e-04,2.593150700e-02,2.593150700e-02,-1.000000000e+00,-1.000000000e+00,103.517106,105.164524,-1.000000,-1.000000000e+00,-1.000000000e+00,-1.000000000e+00,row,0,-1.000000000e+00,-1.000000
scheme_a_jblock,double,global,global,8192,8192,20,8,4,2,9,3.042440000e-04,2.545569000e-02,2.511670000e-04,2.587473700e-02,2.587473700e-02,-1.000000000e+00,-1.000000000e+00,103.744226,105.452045,-1.000000,-1.000000000e+00,-1.000000000e+00,-1.000000000e+00,row,0,-1.000000000e+00,-1.000000
scheme_a_jblock,double,global,global,8192,8192,20,8,4,2,10,3.606030000e-04,2.573741900e-02,4.099230000e-04,2.610078500e-02,2.610078500e-02,-1.000000000e+00,-1.000000000e+00,102.845740,104.297737,-1.000000,-1.000000000e+00,-1.000000000e+00,-1.000000000e+00,row,0,-1.000000000e+00,-1.000000
scheme_a_jblock,double,global,global,8192,8192,20,8,4,2,11,3.456100000e-04,2.547724400e-02,4.161640000e-04,2.594310000e-02,2.594310000e-02,-1.000000000e+00,-1.000000000e+00,103.470848,105.362831,-1.000000,-1.000000000e+00,-1.000000000e+00,-1.000000000e+00,row,0,-1.000000000e+00,-1.000000
scheme_a_jblock,double,global,global,8192,8192,20,8,4,2,12,3.611390000e-04,2.551991600e-02,3.803700000e-04,2.598123000e-02,2.598123000e-02,-1.000000000e+00,-1.000000000e+00,103.318995,105.186653,-1.000000,-1.000000000e+00,-1.000000000e+00,-1.000000000e+00,row,0,-1.000000000e+00,-1.000000
scheme_a_jblock,double,global,global,8192,8192,20,8,4,2,13,3.663020000e-04,2.556432500e-02,4.130480000e-04,2.604824800e-02,2.604824800e-02,-1.000000000e+00,-1.000000000e+00,103.053171,105.003929,-1.000000,-1.000000000e+00,-1.000000000e+00,-1.000000000e+00,row,0,-1.000000000e+00,-1.000000
scheme_a_jblock,double,global,global,8192,8192,20,8,4,2,14,3.554490000e-04,2.580452700e-02,4.393220000e-04,2.619458000e-02,2.619458000e-02,-1.000000000e+00,-1.000000000e+00,102.477480,104.026497,-1.000000,-1.000000000e+00,-1.000000000e+00,-1.000000000e+00,row,0,-1.000000000e+00,-1.000000
scheme_a_jblock,double,global,global,8192,8192,20,8,4,2,15,3.424420000e-04,2.545500800e-02,2.535910000e-04,2.591900000e-02,2.591900000e-02,-1.000000000e+00,-1.000000000e+00,103.567057,105.454870,-1.000000,-1.000000000e+00,-1.000000000e+00,-1.000000000e+00,row,0,-1.000000000e+00,-1.000000
scheme_a_jblock,double,global,global,8192,8192,20,8,4,2,16,3.216260000e-04,2.720081700e-02,3.792920000e-04,2.766457800e-02,2.766457800e-02,-1.000000000e+00,-1.000000000e+00,97.032189,98.686542,-1.000000,-1.000000000e+00,-1.000000000e+00,-1.000000000e+00,row,0,-1.000000000e+00,-1.000000
scheme_a_jblock,double,global,global,8192,8192,20,8,4,2,17,3.696940000e-04,2.569519400e-02,3.425980000e-04,2.619172500e-02,2.619172500e-02,-1.000000000e+00,-1.000000000e+00,102.488651,104.469130,-1.000000,-1.000000000e+00,-1.000000000e+00,-1.000000000e+00,row,0,-1.000000000e+00,-1.000000
scheme_a_jblock,double,global,global,8192,8192,20,8,4,2,18,3.034210000e-04,2.561311400e-02,3.264030000e-04,2.601073600e-02,2.601073600e-02,-1.000000000e+00,-1.000000000e+00,103.201792,104.803913,-1.000000,-1.000000000e+00,-1.000000000e+00,-1.000000000e+00,row,0,-1.000000000e+00,-1.000000
scheme_a_jblock,double,global,global,8192,8192,20,8,4,2,19,3.643680000e-04,2.592651600e-02,6.307600000e-04,2.654076500e-02,2.654076500e-02,-1.000000000e+00,-1.000000000e+00,101.140813,103.537034,-1.000000,-1.000000000e+00,-1.000000000e+00,-1.000000000e+00,row,0,-1.000000000e+00,-1.000000
scheme_a_jblock,double,global,global,8192,8192,20,8,4,2,20,4.338770000e-04,2.556842300e-02,4.124360000e-04,2.612652600e-02,2.612652600e-02,-1.000000000e+00,-1.000000000e+00,102.744412,104.987099,-1.000000,-1.000000000e+00,-1.000000000e+00,-1.000000000e+00,row,0,-1.000000000e+00,-1.000000
scheme_a_jblock,double,global,global,8192,8192,32,8,4,2,1,8.394750000e-04,4.238987300e-02,9.977660000e-04,4.344192800e-02,4.344192800e-02,-1.000000000e+00,-1.000000000e+00,98.866866,101.320598,-1.000000,-1.000000000e+00,-1.000000000e+00,-1.000000000e+00,row,0,-1.000000000e+00,-1.000000
scheme_a_jblock,double,global,global,8192,8192,32,8,4,2,2,7.999910000e-04,4.166047300e-02,4.422180000e-04,4.251213800e-02,4.251213800e-02,-1.000000000e+00,-1.000000000e+00,101.029200,103.094540,-1.000000,-1.000000000e+00,-1.000000000e+00,-1.000000000e+00,row,0,-1.000000000e+00,-1.000000
scheme_a_jblock,double,global,global,8192,8192,32,8,4,2,3,8.640100000e-04,4.235715700e-02,6.002730000e-04,4.322604400e-02,4.322604400e-02,-1.000000000e+00,-1.000000000e+00,99.360638,101.398857,-1.000000,-1.000000000e+00,-1.000000000e+00,-1.000000000e+00,row,0,-1.000000000e+00,-1.000000
scheme_a_jblock,double,global,global,8192,8192,32,8,4,2,4,9.263950000e-04,4.209543700e-02,9.508550000e-04,4.319995800e-02,4.319995800e-02,-1.000000000e+00,-1.000000000e+00,99.420636,102.029284,-1.000000,-1.000000000e+00,-1.000000000e+00,-1.000000000e+00,row,0,-1.000000000e+00,-1.000000
scheme_a_jblock,double,global,global,8192,8192,32,8,4,2,5,8.027030000e-04,4.162194600e-02,6.257910000e-04,4.264213100e-02,4.264213100e-02,-1.000000000e+00,-1.000000000e+00,100.721216,103.189968,-1.000000,-1.000000000e+00,-1.000000000e+00,-1.000000000e+00,row,0,-1.000000000e+00,-1.000000
scheme_a_jblock,double,global,global,8192,8192,32,8,4,2,6,8.827040000e-04,4.227576100e-02,8.889160000e-04,4.336433500e-02,4.336433500e-02,-1.000000000e+00,-1.000000000e+00,99.043772,101.594086,-1.000000,-1.000000000e+00,-1.000000000e+00,-1.000000000e+00,row,0,-1.000000000e+00,-1.000000
scheme_a_jblock,double,global,global,8192,8192,32,8,4,2,7,8.754930000e-04,4.190688600e-02,5.043620000e-04,4.287854900e-02,4.287854900e-02,-1.000000000e+00,-1.000000000e+00,100.165873,102.488343,-1.000000,-1.000000000e+00,-1.000000000e+00,-1.000000000e+00,row,0,-1.000000000e+00,-1.000000
scheme_a_jblock,double,global,global,8192,8192,32,8,4,2,8,8.809030000e-04,4.209907600e-02,7.507100000e-04,4.318834500e-02,4.318834500e-02,-1.000000000e+00,-1.000000000e+00,99.447369,102.020465,-1.000000,-1.000000000e+00,-1.000000000e+00,-1.000000000e+00,row,0,-1.000000000e+00,-1.000000
scheme_a_jblock,double,global,global,8192,8192,32,8,4,2,9,8.544560000e-04,4.201099100e-02,8.156200000e-04,4.295900800e-02,4.295900800e-02,-1.000000000e+00,-1.000000000e+00,99.978270,102.234372,-1.000000,-1.000000000e+00,-1.000000000e+00,-1.000000000e+00,row,0,-1.000000000e+00,-1.000000
scheme_a_jblock,double,global,global,8192,8192,32,8,4,2,10,8.971250000e-04,4.254636300e-02,8.343940000e-04,4.376547100e-02,4.376547100e-02,-1.000000000e+00,-1.000000000e+00,98.135978,100.947931,-1.000000,-1.000000000e+00,-1.000000000e+00,-1.000000000e+00,row,0,-1.000000000e+00,-1.000000
scheme_a_jblock,double,global,global,8192,8192,32,8,4,2,11,9.425350000e-04,4.281635700e-02,5.347960000e-04,4.357868000e-02,4.357868000e-02,-1.000000000e+00,-1.000000000e+00,98.556618,100.311367,-1.000000,-1.000000000e+00,-1.000000000e+00,-1.000000000e+00,row,0,-1.000000000e+00,-1.000000
scheme_a_jblock,double,global,global,8192,8192,32,8,4,2,12,9.630110000e-04,4.260834300e-02,5.410990000e-04,4.359177300e-02,4.359177300e-02,-1.000000000e+00,-1.000000000e+00,98.527016,100.801087,-1.000000,-1.000000000e+00,-1.000000000e+00,-1.000000000e+00,row,0,-1.000000000e+00,-1.000000
scheme_a_jblock,double,global,global,8192,8192,32,8,4,2,13,9.284720000e-04,4.274336700e-02,8.606840000e-04,4.388620900e-02,4.388620900e-02,-1.000000000e+00,-1.000000000e+00,97.865990,100.482662,-1.000000,-1.000000000e+00,-1.000000000e+00,-1.000000000e+00,row,0,-1.000000000e+00,-1.000000
scheme_a_jblock,double,global,global,8192,8192,32,8,4,2,14,8.401670000e-04,4.244697200e-02,5.662970000e-04,4.350793100e-02,4.350793100e-02,-1.000000000e+00,-1.000000000e+00,98.716882,101.184303,-1.000000,-1.000000000e+00,-1.000000000e+00,-1.000000000e+00,row,0,-1.000000000e+00,-1.000000
scheme_a_jblock,double,global,global,8192,8192,32,8,4,2,15,8.857870000e-04,4.243526800e-02,4.107510000e-04,4.330923000e-02,4.330923000e-02,-1.000000000e+00,-1.000000000e+00,99.169791,101.212211,-1.000000,-1.000000000e+00,-1.000000000e+00,-1.000000000e+00,row,0,-1.000000000e+00,-1.000000
scheme_a_jblock,double,global,global,8192,8192,32,8,4,2,16,9.025350000e-04,4.252269000e-02,8.181710000e-04,4.361655200e-02,4.361655200e-02,-1.000000000e+00,-1.000000000e+00,98.471041,101.004130,-1.000000,-1.000000000e+00,-1.000000000e+00,-1.000000000e+00,row,0,-1.000000000e+00,-1.000000
scheme_a_jblock,double,global,global,8192,8192,32,8,4,2,17,8.165940000e-04,4.250368000e-02,6.021880000e-04,4.340132900e-02,4.340132900e-02,-1.000000000e+00,-1.000000000e+00,98.959350,101.049304,-1.000000,-1.000000000e+00,-1.000000000e+00,-1.000000000e+00,row,0,-1.000000000e+00,-1.000000
scheme_a_jblock,double,global,global,8192,8192,32,8,4,2,18,9.017660000e-04,4.240637800e-02,6.029680000e-04,4.332126100e-02,4.332126100e-02,-1.000000000e+00,-1.000000000e+00,99.142250,101.281163,-1.000000,-1.000000000e+00,-1.000000000e+00,-1.000000000e+00,row,0,-1.000000000e+00,-1.000000
scheme_a_jblock,double,global,global,8192,8192,32,8,4,2,19,8.777700000e-04,4.241634700e-02,7.741100000e-04,4.347622800e-02,4.347622800e-02,-1.000000000e+00,-1.000000000e+00,98.788867,101.257359,-1.000000,-1.000000000e+00,-1.000000000e+00,-1.000000000e+00,row,0,-1.000000000e+00,-1.000000
scheme_a_jblock,double,global,global,8192,8192,32,8,4,2,20,8.391070000e-04,4.188899600e-02,4.361470000e-04,4.296915500e-02,4.296915500e-02,-1.000000000e+00,-1.000000000e+00,99.954660,102.532114,-1.000000,-1.000000000e+00,-1.000000000e+00,-1.000000000e+00,row,0,-1.000000000e+00,-1.000000
scheme_a_jblock,double,global,global,8192,8192,3,8,8,1,1,1.190940000e-04,1.660586200e-02,4.980000000e-06,1.672897200e-02,1.672897200e-02,-1.000000000e+00,-1.000000000e+00,24.069213,24.247653,-1.000000,-1.000000000e+00,-1.000000000e+00,-1.000000000e+00,row,0,-1.000000000e+00,-1.000000
scheme_a_jblock,double,global,global,8192,8192,3,8,8,1,2,1.152830000e-04,1.655355400e-02,7.683000000e-06,1.665583400e-02,1.665583400e-02,-1.000000000e+00,-1.000000000e+00,24.174904,24.324274,-1.000000,-1.000000000e+00,-1.000000000e+00,-1.000000000e+00,row,0,-1.000000000e+00,-1.000000
scheme_a_jblock,double,global,global,8192,8192,3,8,8,1,3,1.132350000e-04,1.651827000e-02,5.037000000e-06,1.663226900e-02,1.663226900e-02,-1.000000000e+00,-1.000000000e+00,24.209155,24.376232,-1.000000,-1.000000000e+00,-1.000000000e+00,-1.000000000e+00,row,0,-1.000000000e+00,-1.000000
scheme_a_jblock,double,global,global,8192,8192,3,8,8,1,4,1.122690000e-04,1.661469900e-02,5.457000000e-06,1.673167500e-02,1.673167500e-02,-1.000000000e+00,-1.000000000e+00,24.065324,24.234756,-1.000000,-1.000000000e+00,-1.000000000e+00,-1.000000000e+00,row,0,-1.000000000e+00,-1.000000
scheme_a_jblock,double,global,global,8192,8192,3,8,8,1,5,1.260160000e-04,2.214251300e-02,6.937000000e-06,2.226665800e-02,2.226665800e-02,-1.000000000e+00,-1.000000000e+00,18.083234,18.184620,-1.000000,-1.000000000e+00,-1.000000000e+00,-1.000000000e+00,row,0,-1.000000000e+00,-1.000000
scheme_a_jblock,double,global,global,8192,8192,3,8,8,1,6,1.253440000e-04,1.654734500e-02,4.899000000e-06,1.667748700e-02,1.667748700e-02,-1.000000000e+00,-1.000000000e+00,24.143517,24.333401,-1.000000,-1.000000000e+00,-1.000000000e+00,-1.000000000e+00,row,0,-1.000000000e+00,-1.000000
scheme_a_jblock,double,global,global,8192,8192,3,8,8,1,7,1.217530000e-04,1.645939400e-02,4.645000000e-06,1.658571800e-02,1.658571800e-02,-1.000000000e+00,-1.000000000e+00,24.277103,24.463427,-1.000000,-1.000000000e+00,-1.000000000e+00,-1.000000000e+00,row,0,-1.000000000e+00,-1.000000
scheme_a_jblock,double,global,global,8192,8192,3,8,8,1,8,1.115400000e-04,1.644390600e-02,5.564000000e-06,1.655745800e-02,1.655745800e-02,-1.000000000e+00,-1.000000000e+00,24.318539,24.486468,-1.000000,-1.000000000e+00,-1.000000000e+00,-1.000000000e+00,row,0,-1.000000000e+00,-1.000000
scheme_a_jblock,double,global,global,8192,8192,3,8,8,1,9,1.165120000e-04,1.632583300e-02,4.969000000e-06,1.643944100e-02,1.643944100e-02,-1.000000000e+00,-1.000000000e+00,24.493119,24.663561,-1.000000,-1.000000000e+00,-1.000000000e+00,-1.000000000e+00,row,0,-1.000000000e+00,-1.000000
scheme_a_jblock,double,global,global,8192,8192,3,8,8,1,10,1.234320000e-04,1.644015400e-02,5.717000000e-06,1.656324100e-02,1.656324100e-02,-1.000000000e+00,-1.000000000e+00,24.310048,24.492057,-1.000000,-1.000000000e+00,-1.000000000e+00,-1.000000000e+00,row,0,-1.000000000e+00,-1.000000
scheme_a_jblock,double,global,global,8192,8192,3,8,8,1,11,1.321550000e-04,1.633419100e-02,5.431000000e-06,1.646384600e-02,1.646384600e-02,-1.000000000e+00,-1.000000000e+00,24.456812,24.650941,-1.000000,-1.000000000e+00,-1.000000000e+00,-1.000000000e+00,row,0,-1.000000000e+00,-1.000000
scheme_a_jblock,double,global,global,8192,8192,3,8,8,1,12,1.157150000e-04,1.651479900e-02,5.270000000e-06,1.662740500e-02,1.662740500e-02,-1.000000000e+00,-1.000000000e+00,24.216237,24.381355,-1.000000,-1.000000000e+00,-1.000000000e+00,-1.000000000e+00,row,0,-1.000000000e+00,-1.000000
scheme_a_jblock,double,global,global,8192,8192,3,8,8,1,13,1.096000000e-04,1.660597300e-02,5.894000000e-06,1.671688300e-02,1.671688300e-02,-1.000000000e+00,-1.000000000e+00,24.086619,24.247491,-1.000000,-1.000000000e+00,-1.000000000e+00,-1.000000000e+00,row,0,-1.000000000e+00,-1.000000
scheme_a_jblock,double,global,global,8192,8192,3,8,8,1,14,1.160100000e-04,1.658176000e-02,4.958000000e-06,1.670220900e-02,1.670220900e-02,-1.000000000e+00,-1.000000000e+00,24.107780,24.282898,-1.000000,-1.000000000e+00,-1.000000000e+00,-1.000000000e+00,row,0,-1.000000000e+00,-1.000000
scheme_a_jblock,double,global,global,8192,8192,3,8,8,1,15,1.120870000e-04,1.661634100e-02,4.756000000e-06,1.673277700e-02,1.673277700e-02,-1.000000000e+00,-1.000000000e+00,24.063739,24.232362,-1.000000,-1.000000000e+00,-1.000000000e+00,-1.000000000e+00,row,0,-1.000000000e+00,-1.000000
scheme_a_jblock,double,global,global,8192,8192,3,8,8,1,16,1.139780000e-04,1.654262700e-02,6.861000000e-06,1.666149400e-02,1.666149400e-02,-1.000000000e+00,-1.000000000e+00,24.166691,24.340341,-1.000000,-1.000000000e+00,-1.000000000e+00,-1.000000000e+00,row,0,-1.000000000e+00,-1.000000
scheme_a_jblock,double,global,global,8192,8192,3,8,8,1,17,1.119180000e-04,1.657772200e-02,5.294000000e-06,1.669005900e-02,1.669005900e-02,-1.000000000e+00,-1.000000000e+00,24.125330,24.288813,-1.000000,-1.000000000e+00,-1.000000000e+00,-1.000000000e+00,row,0,-1.000000000e+00,-1.000000
scheme_a_jblock,double,global,global,8192,8192,3,8,8,1,18,1.175410000e-04,1.657938600e-02,7.134000000e-06,1.670024400e-02,1.670024400e-02,-1.000000000e+00,-1.000000000e+00,24.110617,24.286375,-1.000000,-1.000000000e+00,-1.000000000e+00,-1.000000000e+00,row,0,-1.000000000e+00,-1.000000
scheme_a_jblock,double,global,global,8192,8192,3,8,8,1,19,1.152620000e-04,1.641037100e-02,5.274000000e-06,1.653042300e-02,1.653042300e-02,-1.000000000e+00,-1.000000000e+00,24.358311,24.536507,-1.000000,-1.000000000e+00,-1.000000000e+00,-1.000000000e+00,row,0,-1.000000000e+00,-1.000000
scheme_a_jblock,double,global,global,8192,8192,3,8,8,1,20,1.114520000e-04,1.667808200e-02,5.586000000e-06,1.679466900e-02,1.679466900e-02,-1.000000000e+00,-1.000000000e+00,23.975059,24.142655,-1.000000,-1.000000000e+00,-1.000000000e+00,-1.000000000e+00,row,0,-1.000000000e+00,-1.000000
scheme_a_jblock,double,global,global,8192,8192,6,8,8,1,1,2.209600000e-04,1.768638500e-02,8.914000000e-06,1.790569900e-02,1.790569900e-02,-1.000000000e+00,-1.000000000e+00,44.974863,45.532559,-1.000000,-1.000000000e+00,-1.000000000e+00,-1.000000000e+00,row,0,-1.000000000e+00,-1.000000
scheme_a_jblock,double,global,global,8192,8192,6,8,8,1,2,2.204110000e-04,1.743918300e-02,1.025000000e-05,1.765945700e-02,1.765945700e-02,-1.000000000e+00,-1.000000000e+00,45.601989,46.177987,-1.000000,-1.000000000e+00,-1.000000000e+00,-1.000000000e+00,row,0,-1.000000000e+00,-1.000000
scheme_a_jblock,double,global,global,8192,8192,6,8,8,1,3,2.197030000e-04,2.313418900e-02,1.228100000e-05,2.335599800e-02,2.335599800e-02,-1.000000000e+00,-1.000000000e+00,34.479639,34.810227,-1.000000,-1.000000000e+00,-1.000000000e+00,-1.000000000e+00,row,0,-1.000000000e+00,-1.000000
scheme_a_jblock,double,global,global,8192,8192,6,8,8,1,4,2.406020000e-04,1.773563000e-02,8.833000000e-06,1.798203800e-02,1.798203800e-02,-1.000000000e+00,-1.000000000e+00,44.783932,45.406133,-1.000000,-1.000000000e+00,-1.000000000e+00,-1.000000000e+00,row,0,-1.000000000e+00,-1.000000
scheme_a_jblock,double,global,global,8192,8192,6,8,8,1,5,2.269180000e-04,1.760063000e-02,1.060400000e-05,1.783152100e-02,1.783152100e-02,-1.000000000e+00,-1.000000000e+00,45.161956,45.754406,-1.000000,-1.000000000e+00,-1.000000000e+00,-1.000000000e+00,row,0,-1.000000000e+00,-1.000000
scheme_a_jblock,double,global,global,8192,8192,6,8,8,1,6,2.192700000e-04,1.747897400e-02,9.565000000e-06,1.769973800e-02,1.769973800e-02,-1.000000000e+00,-1.000000000e+00,45.498208,46.072863,-1.000000,-1.000000000e+00,-1.000000000e+00,-1.000000000e+00,row,0,-1.000000000e+00,-1.000000
scheme_a_jblock,double,global,global,8192,8192,6,8,8,1,7,2.245540000e-04,1.764652700e-02,8.550000000e-06,1.787849400e-02,1.787849400e-02,-1.000000000e+00,-1.000000000e+00,45.043300,45.635403,-1.000000,-1.000000000e+00,-1.000000000e+00,-1.000000000e+00,row,0,-1.000000000e+00,-1.000000
scheme_a_jblock,double,global,global,8192,8192,6,8,8,1,8,2.260310000e-04,1.778550100e-02,8.714000000e-06,1.801856600e-02,1.801856600e-02,-1.000000000e+00,-1.000000000e+00,44.693144,45.278813,-1.000000,-1.000000000e+00,-1.000000000e+00,-1.000000000e+00,row,0,-1.000000000e+00,-1.000000
scheme_a_jblock,double,global,global,8192,8192,6,8,8,1,9,2.299550000e-04,1.750504600e-02,9.675000000e-06,1.774312700e-02,1.774312700e-02,-1.000000000e+00,-1.000000000e+00,45.386947,46.004242,-1.000000,-1.000000000e+00,-1.000000000e+00,-1.000000000e+00,row,0,-1.000000000e+00,-1.000000
scheme_a_jblock,double,global,global,8192,8192,6,8,8,1,10,2.254190000e-04,1.775732800e-02,9.319000000e-06,1.792628000e-02,1.792628000e-02,-1.000000000e+00,-1.000000000e+00,44.923228,45.350650,-1.000000,-1.000000000e+00,-1.000000000e+00,-1.000000000e+00,row,0,-1.000000000e+00,-1.000000
scheme_a_jblock,double,global,global,8192,8192,6,8,8,1,11,2.180820000e-04,1.799091300e-02,1.018200000e-05,1.821012100e-02,1.821012100e-02,-1.000000000e+00,-1.000000000e+00,44.223010,44.761840,-1.000000,-1.000000000e+00,-1.000000000e+00,-1.000000000e+00,row,0,-1.000000000e+00,-1.000000
scheme_a_jblock,double,global,global,8192,8192,6,8,8,1,12,2.498800000e-04,1.750523400e-02,8.405000000e-06,1.776216900e-02,1.776216900e-02,-1.000000000e+00,-1.000000000e+00,45.338290,46.003748,-1.000000,-1.000000000e+00,-1.000000000e+00,-1.000000000e+00,row,0,-1.000000000e+00,-1.000000
scheme_a_jblock,double,global,global,8192,8192,6,8,8,1,13,2.143410000e-04,1.766298500e-02,8.893000000e-06,1.788059700e-02,1.788059700e-02,-1.000000000e+00,-1.000000000e+00,45.038002,45.592881,-1.000000,-1.000000000e+00,-1.000000000e+00,-1.000000000e+00,row,0,-1.000000000e+00,-1.000000
scheme_a_jblock,double,global,global,8192,8192,6,8,8,1,14,2.165240000e-04,1.757387200e-02,8.405000000e-06,1.779393800e-02,1.779393800e-02,-1.000000000e+00,-1.000000000e+00,45.257344,45.824072,-1.000000,-1.000000000e+00,-1.000000000e+00,-1.000000000e+00,row,0,-1.000000000e+00,-1.000000
scheme_a_jblock,double,global,global,8192,8192,6,8,8,1,15,2.211280000e-04,1.748038600e-02,9.628000000e-06,1.770420000e-02,1.770420000e-02,-1.000000000e+00,-1.000000000e+00,45.486741,46.069141,-1.000000,-1.000000000e+00,-1.000000000e+00,-1.000000000e+00,row,0,-1.000000000e+00,-1.000000
scheme_a_jblock,double,global,global,8192,8192,6,8,8,1,16,2.291760000e-04,1.758713200e-02,8.752000000e-06,1.781577300e-02,1.781577300e-02,-1.000000000e+00,-1.000000000e+00,45.201876,45.789522,-1.000000,-1.000000000e+00,-1.000000000e+00,-1.000000000e+00,row,0,-1.000000000e+00,-1.000000
scheme_a_jblock,double,global,global,8192,8192,6,8,8,1,17,2.178420000e-04,1.762859000e-02,9.126000000e-06,1.784655400e-02,1.784655400e-02,-1.000000000e+00,-1.000000000e+00,45.123914,45.681837,-1.000000,-1.000000000e+00,-1.000000000e+00,-1.000000000e+00,row,0,-1.000000000e+00,-1.000000
scheme_a_jblock,double,global,global,8192,8192,6,8,8,1,18,2.215220000e-04,1.750002300e-02,9.302000000e-06,1.772764400e-02,1.772764400e-02,-1.000000000e+00,-1.000000000e+00,45.426587,46.017446,-1.000000,-1.000000000e+00,-1.000000000e+00,-1.000000000e+00,row,0,-1.000000000e+00,-1.000000
scheme_a_jblock,double,global,global,8192,8192,6,8,8,1,19,2.252210000e-04,1.761978200e-02,8.989000000e-06,1.785334400e-02,1.785334400e-02,-1.000000000e+00,-1.000000000e+00,45.106752,45.704673,-1.000000,-1.000000000e+00,-1.000000000e+00,-1.000000000e+00,row,0,-1.000000000e+00,-1.000000
scheme_a_jblock,double,global,global,8192,8192,6,8,8,1,20,2.277980000e-04,1.757165900e-02,8.942000000e-06,1.779804800e-02,1.779804800e-02,-1.000000000e+00,-1.000000000e+00,45.246893,45.829843,-1.000000,-1.000000000e+00,-1.000000000e+00,-1.000000000e+00,row,0,-1.000000000e+00,-1.000000
scheme_a_jblock,double,global,global,8192,8192,8,8,8,1,1,2.857880000e-04,1.734856500e-02,1.227300000e-05,1.764608500e-02,1.764608500e-02,-1.000000000e+00,-1.000000000e+00,60.848728,61.892256,-1.000000,-1.000000000e+00,-1.000000000e+00,-1.000000000e+00,row,0,-1.000000000e+00,-1.000000
scheme_a_jblock,double,global,global,8192,8192,8,8,8,1,2,2.847320000e-04,1.757824500e-02,1.256300000e-05,1.786110300e-02,1.786110300e-02,-1.000000000e+00,-1.000000000e+00,60.116210,61.083562,-1.000000,-1.000000000e+00,-1.000000000e+00,-1.000000000e+00,row,0,-1.000000000e+00,-1.000000
scheme_a_jblock,double,global,global,8192,8192,8,8,8,1,3,2.837740000e-04,1.738100700e-02,1.335000000e-05,1.767001200e-02,1.767001200e-02,-1.000000000e+00,-1.000000000e+00,60.766332,61.776733,-1.000000,-1.000000000e+00,-1.000000000e+00,-1.000000000e+00,row,0,-1.000000000e+00,-1.000000
scheme_a_jblock,double,global,global,8192,8192,8,8,8,1,4,2.962650000e-04,1.779543100e-02,1.368500000e-05,1.807272400e-02,1.807272400e-02,-1.000000000e+00,-1.000000000e+00,59.412285,60.338062,-1.000000,-1.000000000e+00,-1.000000000e+00,-1.000000000e+00,row,0,-1.000000000e+00,-1.000000
scheme_a_jblock,double,global,global,8192,8192,8,8,8,1,5,3.140530000e-04,1.759153600e-02,1.373700000e-05,1.791664400e-02,1.791664400e-02,-1.000000000e+00,-1.000000000e+00,59.929852,61.037412,-1.000000,-1.000000000e+00,-1.000000000e+00,-1.000000000e+00,row,0,-1.000000000e+00,-1.000000
scheme_a_jblock,double,global,global,8192,8192,8,8,8,1,6,2.800670000e-04,1.729461400e-02,1.257300000e-05,1.758589100e-02,1.758589100e-02,-1.000000000e+00,-1.000000000e+00,61.057004,62.085330,-1.000000,-1.000000000e+00,-1.000000000e+00,-1.000000000e+00,row,0,-1.000000000e+00,-1.000000
scheme_a_jblock,double,global,global,8192,8192,8,8,8,1,7,2.972550000e-04,1.759834100e-02,1.219700000e-05,1.790315600e-02,1.790315600e-02,-1.000000000e+00,-1.000000000e+00,59.975002,61.013809,-1.000000,-1.000000000e+00,-1.000000000e+00,-1.000000000e+00,row,0,-1.000000000e+00,-1.000000
scheme_a_jblock,double,global,global,8192,8192,8,8,8,1,8,2.999380000e-04,1.754112300e-02,1.351000000e-05,1.784366700e-02,1.784366700e-02,-1.000000000e+00,-1.000000000e+00,60.174953,61.212832,-1.000000,-1.000000000e+00,-1.000000000e+00,-1.000000000e+00,row,0,-1.000000000e+00,-1.000000
scheme_a_jblock,double,global,global,8192,8192,8,8,8,1,9,2.876420000e-04,1.712186600e-02,1.318200000e-05,1.741658900e-02,1.741658900e-02,-1.000000000e+00,-1.000000000e+00,61.650523,62.711729,-1.000000,-1.000000000e+00,-1.000000000e+00,-1.000000000e+00,row,0,-1.000000000e+00,-1.000000
scheme_a_jblock,double,global,global,8192,8192,8,8,8,1,10,2.897380000e-04,1.731368800e-02,2.173800000e-05,1.756107300e-02,1.756107300e-02,-1.000000000e+00,-1.000000000e+00,61.143293,62.016933,-1.000000,-1.000000000e+00,-1.000000000e+00,-1.000000000e+00,row,0,-1.000000000e+00,-1.000000
scheme_a_jblock,double,global,global,8192,8192,8,8,8,1,11,3.107810000e-04,1.750006600e-02,1.416000000e-05,1.779940300e-02,1.779940300e-02,-1.000000000e+00,-1.000000000e+00,60.324598,61.356444,-1.000000,-1.000000000e+00,-1.000000000e+00,-1.000000000e+00,row,0,-1.000000000e+00,-1.000000
scheme_a_jblock,double,global,global,8192,8192,8,8,8,1,12,2.865700000e-04,1.741183800e-02,1.211200000e-05,1.769938000e-02,1.769938000e-02,-1.000000000e+00,-1.000000000e+00,60.665505,61.667345,-1.000000,-1.000000000e+00,-1.000000000e+00,-1.000000000e+00,row,0,-1.000000000e+00,-1.000000
scheme_a_jblock,double,global,global,8192,8192,8,8,8,1,13,2.967700000e-04,1.730259600e-02,1.294000000e-05,1.761066800e-02,1.761066800e-02,-1.000000000e+00,-1.000000000e+00,60.971101,62.056689,-1.000000,-1.000000000e+00,-1.000000000e+00,-1.000000000e+00,row,0,-1.000000000e+00,-1.000000
scheme_a_jblock,double,global,global,8192,8192,8,8,8,1,14,2.908720000e-04,1.736257600e-02,1.301700000e-05,1.764304200e-02,1.764304200e-02,-1.000000000e+00,-1.000000000e+00,60.859223,61.842311,-1.000000,-1.000000000e+00,-1.000000000e+00,-1.000000000e+00,row,0,-1.000000000e+00,-1.000000
scheme_a_jblock,double,global,global,8192,8192,8,8,8,1,15,3.049500000e-04,1.731944400e-02,1.279300000e-05,1.763614300e-02,1.763614300e-02,-1.000000000e+00,-1.000000000e+00,60.883030,61.996322,-1.000000,-1.000000000e+00,-1.000000000e+00,-1.000000000e+00,row,0,-1.000000000e+00,-1.000000
scheme_a_jblock,double,global,global,8192,8192,8,8,8,1,16,3.232330000e-04,1.771096900e-02,1.277500000e-05,1.801556700e-02,1.801556700e-02,-1.000000000e+00,-1.000000000e+00,59.600779,60.625809,-1.000000,-1.000000000e+00,-1.000000000e+00,-1.000000000e+00,row,0,-1.000000000e+00,-1.000000
scheme_a_jblock,double,global,global,8192,8192,8,8,8,1,17,2.958810000e-04,1.718391000e-02,1.350000000e-05,1.747320200e-02,1.747320200e-02,-1.000000000e+00,-1.000000000e+00,61.450776,62.485303,-1.000000,-1.000000000e+00,-1.000000000e+00,-1.000000000e+00,row,0,-1.000000000e+00,-1.000000
scheme_a_jblock,double,global,global,8192,8192,8,8,8,1,18,2.911780000e-04,1.737191200e-02,1.334200000e-05,1.766046200e-02,1.766046200e-02,-1.000000000e+00,-1.000000000e+00,60.799192,61.809076,-1.000000,-1.000000000e+00,-1.000000000e+00,-1.000000000e+00,row,0,-1.000000000e+00,-1.000000
scheme_a_jblock,double,global,global,8192,8192,8,8,8,1,19,3.005540000e-04,1.748553000e-02,1.248900000e-05,1.779419300e-02,1.779419300e-02,-1.000000000e+00,-1.000000000e+00,60.342260,61.407451,-1.000000,-1.000000000e+00,-1.000000000e+00,-1.000000000e+00,row,0,-1.000000000e+00,-1.000000
scheme_a_jblock,double,global,global,8192,8192,8,8,8,1,20,2.949410000e-04,1.734067800e-02,1.353600000e-05,1.763943500e-02,1.763943500e-02,-1.000000000e+00,-1.000000000e+00,60.871668,61.920406,-1.000000,-1.000000000e+00,-1.000000000e+00,-1.000000000e+00,row,0,-1.000000000e+00,-1.000000
scheme_a_jblock,double,global,global,8192,8192,20,8,8,1,1,8.960090000e-04,2.526026200e-02,2.777500000e-05,2.617728100e-02,2.617728100e-02,-1.000000000e+00,-1.000000000e+00,102.545202,106.267883,-1.000000,-1.000000000e+00,-1.000000000e+00,-1.000000000e+00,row,0,-1.000000000e+00,-1.000000
scheme_a_jblock,double,global,global,8192,8192,20,8,8,1,2,8.407950000e-04,2.560234200e-02,2.774000000e-05,2.647016200e-02,2.647016200e-02,-1.000000000e+00,-1.000000000e+00,101.410583,104.848008,-1.000000,-1.000000000e+00,-1.000000000e+00,-1.000000000e+00,row,0,-1.000000000e+00,-1.000000
scheme_a_jblock,double,global,global,8192,8192,20,8,8,1,3,9.089310000e-04,2.547119400e-02,2.716200000e-05,2.637332800e-02,2.637332800e-02,-1.000000000e+00,-1.000000000e+00,101.782929,105.387857,-1.000000,-1.000000000e+00,-1.000000000e+00,-1.000000000e+00,row,0,-1.000000000e+00,-1.000000
scheme_a_jblock,double,global,global,8192,8192,20,8,8,1,4,9.093380000e-04,2.548405100e-02,3.006800000e-05,2.641980400e-02,2.641980400e-02,-1.000000000e+00,-1.000000000e+00,101.603879,105.334688,-1.000000,-1.000000000e+00,-1.000000000e+00,-1.000000000e+00,row,0,-1.000000000e+00,-1.000000
scheme_a_jblock,double,global,global,8192,8192,20,8,8,1,5,8.580750000e-04,2.539263100e-02,2.742700000e-05,2.627269200e-02,2.627269200e-02,-1.000000000e+00,-1.000000000e+00,102.172802,105.713920,-1.000000,-1.000000000e+00,-1.000000000e+00,-1.000000000e+00,row,0,-1.000000000e+00,-1.000000
scheme_a_jblock,double,global,global,8192,8192,20,8,8,1,6,9.090470000e-04,2.542075700e-02,2.782200000e-05,2.635465600e-02,2.635465600e-02,-1.000000000e+00,-1.000000000e+00,101.855041,105.596956,-1.000000,-1.000000000e+00,-1.000000000e+00,-1.000000000e+00,row,0,-1.000000000e+00,-1.000000
scheme_a_jblock,double,global,global,8192,8192,20,8,8,1,7,8.799060000e-04,2.543911600e-02,2.800100000e-05,2.633646300e-02,2.633646300e-02,-1.000000000e+00,-1.000000000e+00,101.925401,105.520748,-1.000000,-1.000000000e+00,-1.000000000e+00,-1.000000000e+00,row,0,-1.000000000e+00,-1.000000
scheme_a_jblock,double,global,global,8192,8192,20,8,8,1,8,8.852960000e-04,2.544409800e-02,2.768000000e-05,2.634594500e-02,2.634594500e-02,-1.000000000e+00,-1.000000000e+00,101.888718,105.500087,-1.000000,-1.000000000e+00,-1.000000000e+00,-1.000000000e+00,row,0,-1.000000000e+00,-1.000000
scheme_a_jblock,double,global,global,8192,8192,20,8,8,1,9,8.559310000e-04,2.517143900e-02,2.799300000e-05,2.603555100e-02,2.603555100e-02,-1.000000000e+00,-1.000000000e+00,103.103428,106.642873,-1.000000,-1.000000000e+00,-1.000000000e+00,-1.000000000e+00,row,0,-1.000000000e+00,-1.000000
scheme_a_jblock,double,global,global,8192,8192,20,8,8,1,10,8.615150000e-04,2.531238300e-02,2.782500000e-05,2.618611200e-02,2.618611200e-02,-1.000000000e+00,-1.000000000e+00,102.510619,106.049065,-1.000000,-1.000000000e+00,-1.000000000e+00,-1.000000000e+00,row,0,-1.000000000e+00,-1.000000
scheme_a_jblock,double,global,global,8192,8192,20,8,8,1,11,8.796010000e-04,2.563312100e-02,2.789900000e-05,2.653145200e-02,2.653145200e-02,-1.000000000e+00,-1.000000000e+00,101.176316,104.722112,-1.000000,-1.000000000e+00,-1.000000000e+00,-1.000000000e+00,row,0,-1.000000000e+00,-1.000000
scheme_a_jblock,double,global,global,8192,8192,20,8,8,1,12,8.821330000e-04,2.563974100e-02,2.768700000e-05,2.653129500e-02,2.653129500e-02,-1.000000000e+00,-1.000000000e+00,101.176914,104.695073,-1.000000,-1.000000000e+00,-1.000000000e+00,-1.000000000e+00,row,0,-1.000000000e+00,-1.000000
scheme_a_jblock,double,global,global,8192,8192,20,8,8,1,13,8.775720000e-04,2.547890300e-02,4.373400000e-05,2.638204700e-02,2.638204700e-02,-1.000000000e+00,-1.000000000e+00,101.749290,105.355971,-1.000000,-1.000000000e+00,-1.000000000e+00,-1.000000000e+00,row,0,-1.000000000e+00,-1.000000
scheme_a_jblock,double,global,global,8192,8192,20,8,8,1,14,9.050190000e-04,2.548856500e-02,2.802500000e-05,2.641383400e-02,2.641383400e-02,-1.000000000e+00,-1.000000000e+00,101.626843,105.316033,-1.000000,-1.000000000e+00,-1.000000000e+00,-1.000000000e+00,row,0,-1.000000000e+00,-1.000000
scheme_a_jblock,double,global,global,8192,8192,20,8,8,1,15,8.569210000e-04,2.580003100e-02,2.834200000e-05,2.668421900e-02,2.668421900e-02,-1.000000000e+00,-1.000000000e+00,100.597082,104.044625,-1.000000,-1.000000000e+00,-1.000000000e+00,-1.000000000e+00,row,0,-1.000000000e+00,-1.000000
scheme_a_jblock,double,global,global,8192,8192,20,8,8,1,16,9.086720000e-04,2.525806700e-02,2.747900000e-05,2.618690400e-02,2.618690400e-02,-1.000000000e+00,-1.000000000e+00,102.507519,106.277118,-1.000000,-1.000000000e+00,-1.000000000e+00,-1.000000000e+00,row,0,-1.000000000e+00,-1.000000
scheme_a_jblock,double,global,global,8192,8192,20,8,8,1,17,8.767160000e-04,2.529073800e-02,2.809400000e-05,2.619479900e-02,2.619479900e-02,-1.000000000e+00,-1.000000000e+00,102.476624,106.139827,-1.000000,-1.000000000e+00,-1.000000000e+00,-1.000000000e+00,row,0,-1.000000000e+00,-1.000000
scheme_a_jblock,double,global,global,8192,8192,20,8,8,1,18,8.664800000e-04,2.531011500e-02,2.735000000e-05,2.619529000e-02,2.619529000e-02,-1.000000000e+00,-1.000000000e+00,102.474703,106.058568,-1.000000,-1.000000000e+00,-1.000000000e+00,-1.000000000e+00,row,0,-1.000000000e+00,-1.000000
scheme_a_jblock,double,global,global,8192,8192,20,8,8,1,19,8.491010000e-04,2.587166100e-02,9.548400000e-05,2.680221000e-02,2.680221000e-02,-1.000000000e+00,-1.000000000e+00,100.154225,103.756561,-1.000000,-1.000000000e+00,-1.000000000e+00,-1.000000000e+00,row,0,-1.000000000e+00,-1.000000
scheme_a_jblock,double,global,global,8192,8192,20,8,8,1,20,1.068236000e-03,2.564562700e-02,2.804200000e-05,2.674106700e-02,2.674106700e-02,-1.000000000e+00,-1.000000000e+00,100.383226,104.671044,-1.000000,-1.000000000e+00,-1.000000000e+00,-1.000000000e+00,row,0,-1.000000000e+00,-1.000000
scheme_a_jblock,double,global,global,8192,8192,32,8,8,1,1,5.349340000e-04,4.257327700e-02,4.469700000e-05,4.313478800e-02,4.313478800e-02,-1.000000000e+00,-1.000000000e+00,99.570845,100.884113,-1.000000,-1.000000000e+00,-1.000000000e+00,-1.000000000e+00,row,0,-1.000000000e+00,-1.000000
scheme_a_jblock,double,global,global,8192,8192,32,8,8,1,2,5.285690000e-04,4.247023100e-02,4.472400000e-05,4.303832400e-02,4.303832400e-02,-1.000000000e+00,-1.000000000e+00,99.794018,101.128889,-1.000000,-1.000000000e+00,-1.000000000e+00,-1.000000000e+00,row,0,-1.000000000e+00,-1.000000
scheme_a_jblock,double,global,global,8192,8192,32,8,8,1,3,5.359370000e-04,4.250993300e-02,4.440800000e-05,4.308525100e-02,4.308525100e-02,-1.000000000e+00,-1.000000000e+00,99.685326,101.034440,-1.000000,-1.000000000e+00,-1.000000000e+00,-1.000000000e+00,row,0,-1.000000000e+00,-1.000000
scheme_a_jblock,double,global,global,8192,8192,32,8,8,1,4,5.510840000e-04,4.253420100e-02,4.393300000e-05,4.310423500e-02,4.310423500e-02,-1.000000000e+00,-1.000000000e+00,99.641423,100.976795,-1.000000,-1.000000000e+00,-1.000000000e+00,-1.000000000e+00,row,0,-1.000000000e+00,-1.000000
scheme_a_jblock,double,global,global,8192,8192,32,8,8,1,5,5.553660000e-04,4.252502800e-02,4.455600000e-05,4.310968400e-02,4.310968400e-02,-1.000000000e+00,-1.000000000e+00,99.628828,100.998577,-1.000000,-1.000000000e+00,-1.000000000e+00,-1.000000000e+00,row,0,-1.000000000e+00,-1.000000
scheme_a_jblock,double,global,global,8192,8192,32,8,8,1,6,5.278390000e-04,4.404342700e-02,5.584900000e-05,4.460320500e-02,4.460320500e-02,-1.000000000e+00,-1.000000000e+00,96.292795,97.516646,-1.000000,-1.000000000e+00,-1.000000000e+00,-1.000000000e+00,row,0,-1.000000000e+00,-1.000000
scheme_a_jblock,double,global,global,8192,8192,32,8,8,1,7,5.297510000e-04,4.256456100e-02,4.401000000e-05,4.313036400e-02,4.313036400e-02,-1.000000000e+00,-1.000000000e+00,99.581058,100.904771,-1.000000,-1.000000000e+00,-1.000000000e+00,-1.000000000e+00,row,0,-1.000000000e+00,-1.000000
scheme_a_jblock,double,global,global,8192,8192,32,8,8,1,8,5.283900000e-04,4.241830200e-02,4.664500000e-05,4.298686000e-02,4.298686000e-02,-1.000000000e+00,-1.000000000e+00,99.913492,101.252693,-1.000000,-1.000000000e+00,-1.000000000e+00,-1.000000000e+00,row,0,-1.000000000e+00,-1.000000
scheme_a_jblock,double,global,global,8192,8192,32,8,8,1,9,5.632540000e-04,4.250477400e-02,4.430800000e-05,4.310187800e-02,4.310187800e-02,-1.000000000e+00,-1.000000000e+00,99.646871,101.046704,-1.000000,-1.000000000e+00,-1.000000000e+00,-1.000000000e+00,row,0,-1.000000000e+00,-1.000000
scheme_a_jblock,double,global,global,8192,8192,32,8,8,1,10,5.478870000e-04,4.263589700e-02,1.497510000e-04,4.330496600e-02,4.330496600e-02,-1.000000000e+00,-1.000000000e+00,99.179556,100.735943,-1.000000,-1.000000000e+00,-1.000000000e+00,-1.000000000e+00,row,0,-1.000000000e+00,-1.000000
scheme_a_jblock,double,global,global,8192,8192,32,8,8,1,11,5.606830000e-04,4.249988800e-02,4.501600000e-05,4.309380200e-02,4.309380200e-02,-1.000000000e+00,-1.000000000e+00,99.665546,101.058320,-1.000000,-1.000000000e+00,-1.000000000e+00,-1.000000000e+00,row,0,-1.000000000e+00,-1.000000
scheme_a_jblock,double,global,global,8192,8192,32,8,8,1,12,5.447600000e-04,4.252172100e-02,4.478500000e-05,4.310934900e-02,4.310934900e-02,-1.000000000e+00,-1.000000000e+00,99.629602,101.006431,-1.000000,-1.000000000e+00,-1.000000000e+00,-1.000000000e+00,row,0,-1.000000000e+00,-1.000000
scheme_a_jblock,double,global,global,8192,8192,32,8,8,1,13,5.361130000e-04,4.271811000e-02,4.443200000e-05,4.329537900e-02,4.329537900e-02,-1.000000000e+00,-1.000000000e+00,99.201517,100.542072,-1.000000,-1.000000000e+00,-1.000000000e+00,-1.000000000e+00,row,0,-1.000000000e+00,-1.000000
scheme_a_jblock,double,global,global,8192,8192,32,8,8,1,14,5.299040000e-04,4.260801800e-02,4.447200000e-05,4.318064400e-02,4.318064400e-02,-1.000000000e+00,-1.000000000e+00,99.465105,100.801856,-1.000000,-1.000000000e+00,-1.000000000e+00,-1.000000000e+00,row,0,-1.000000000e+00,-1.000000
scheme_a_jblock,double,global,global,8192,8192,32,8,8,1,15,5.280710000e-04,4.253814200e-02,4.490700000e-05,4.310820600e-02,4.310820600e-02,-1.000000000e+00,-1.000000000e+00,99.632244,100.967440,-1.000000,-1.000000000e+00,-1.000000000e+00,-1.000000000e+00,row,0,-1.000000000e+00,-1.000000
scheme_a_jblock,double,global,global,8192,8192,32,8,8,1,16,5.321930000e-04,4.253075800e-02,4.471200000e-05,4.310290600e-02,4.310290600e-02,-1.000000000e+00,-1.000000000e+00,99.644495,100.984969,-1.000000,-1.000000000e+00,-1.000000000e+00,-1.000000000e+00,row,0,-1.000000000e+00,-1.000000
scheme_a_jblock,double,global,global,8192,8192,32,8,8,1,17,5.380510000e-04,4.253534800e-02,4.642700000e-05,4.311709400e-02,4.311709400e-02,-1.000000000e+00,-1.000000000e+00,99.611706,100.974072,-1.000000,-1.000000000e+00,-1.000000000e+00,-1.000000000e+00,row,0,-1.000000000e+00,-1.000000
scheme_a_jblock,double,global,global,8192,8192,32,8,8,1,18,5.282700000e-04,4.263044000e-02,4.606500000e-05,4.319929700e-02,4.319929700e-02,-1.000000000e+00,-1.000000000e+00,99.422157,100.748838,-1.000000,-1.000000000e+00,-1.000000000e+00,-1.000000000e+00,row,0,-1.000000000e+00,-1.000000
scheme_a_jblock,double,global,global,8192,8192,32,8,8,1,19,5.336750000e-04,4.243291300e-02,4.419000000e-05,4.300729800e-02,4.300729800e-02,-1.000000000e+00,-1.000000000e+00,99.866011,101.217828,-1.000000,-1.000000000e+00,-1.000000000e+00,-1.000000000e+00,row,0,-1.000000000e+00,-1.000000
scheme_a_jblock,double,global,global,8192,8192,32,8,8,1,20,5.283460000e-04,4.265137000e-02,5.505600000e-05,4.322033100e-02,4.322033100e-02,-1.000000000e+00,-1.000000000e+00,99.373771,100.699398,-1.000000,-1.000000000e+00,-1.000000000e+00,-1.000000000e+00,row,0,-1.000000000e+00,-1.000000
