kernel,scalar,a_mode,x_mode,M,N,k,P,pr,pc,rep,t_bcast_s,t_local_s,t_reduce_s,t_total_s,t_official_s,t_kernel_s,t_transfer_runtime_overhead_s,gflops,gflops_compute,gflops_kernel,t_h2d_X_s,t_d2h_Y_s,t_launch_overhead_s,x_layout,group_timing,t_local_group_s,gflops_local_group
scheme_a,double,global,global,8192,8192,3,8,1,8,1,3.850000000e-07,1.567882200e-02,6.410690000e-04,1.598129600e-02,1.598129600e-02,-1.000000000e+00,-1.000000000e+00,25.195277,25.681342,-1.000000,-1.000000000e+00,-1.000000000e+00,-1.000000000e+00,row,0,-1.000000000e+00,-1.000000
scheme_a,double,global,global,8192,8192,3,8,1,8,2,4.090000000e-07,1.628791000e-02,9.343660000e-04,1.652469100e-02,1.652469100e-02,-1.000000000e+00,-1.000000000e+00,24.366760,24.720985,-1.000000,-1.000000000e+00,-1.000000000e+00,-1.000000000e+00,row,0,-1.000000000e+00,-1.000000
scheme_a,double,global,global,8192,8192,3,8,1,8,3,4.430000000e-07,1.550797000e-02,5.131730000e-04,1.585981100e-02,1.585981100e-02,-1.000000000e+00,-1.000000000e+00,25.388271,25.964274,-1.000000,-1.000000000e+00,-1.000000000e+00,-1.000000000e+00,row,0,-1.000000000e+00,-1.000000
scheme_a,double,global,global,8192,8192,3,8,1,8,4,4.000000000e-07,1.565965200e-02,5.599020000e-04,1.602527700e-02,1.602527700e-02,-1.000000000e+00,-1.000000000e+00,25.126129,25.712780,-1.000000,-1.000000000e+00,-1.000000000e+00,-1.000000000e+00,row,0,-1.000000000e+00,-1.000000
scheme_a,double,global,global,8192,8192,3,8,1,8,5,5.280000001e-07,1.557407700e-02,6.007240000e-04,1.585263500e-02,1.585263500e-02,-1.000000000e+00,-1.000000000e+00,25.399764,25.854064,-1.000000,-1.000000000e+00,-1.000000000e+00,-1.000000000e+00,row,0,-1.000000000e+00,-1.000000
scheme_a,double,global,global,8192,8192,3,8,1,8,6,4.940000000e-07,1.555758900e-02,6.240450000e-04,1.584857200e-02,1.584857200e-02,-1.000000000e+00,-1.000000000e+00,25.406275,25.881464,-1.000000,-1.000000000e+00,-1.000000000e+00,-1.000000000e+00,row,0,-1.000000000e+00,-1.000000
scheme_a,double,global,global,8192,8192,3,8,1,8,7,4.070000000e-07,1.541476900e-02,4.290670000e-04,1.572870200e-02,1.572870200e-02,-1.000000000e+00,-1.000000000e+00,25.599899,26.121260,-1.000000,-1.000000000e+00,-1.000000000e+00,-1.000000000e+00,row,0,-1.000000000e+00,-1.000000
scheme_a,double,global,global,8192,8192,3,8,1,8,8,3.810000000e-07,1.566778900e-02,6.619870000e-04,1.595505500e-02,1.595505500e-02,-1.000000000e+00,-1.000000000e+00,25.236716,25.699426,-1.000000,-1.000000000e+00,-1.000000000e+00,-1.000000000e+00,row,0,-1.000000000e+00,-1.000000
scheme_a,double,global,global,8192,8192,3,8,1,8,9,4.069999999e-07,1.552072400e-02,4.528180000e-04,1.580473100e-02,1.580473100e-02,-1.000000000e+00,-1.000000000e+00,25.476750,25.942938,-1.000000,-1.000000000e+00,-1.000000000e+00,-1.000000000e+00,row,0,-1.000000000e+00,-1.000000
scheme_a,double,global,global,8192,8192,3,8,1,8,10,7.640000000e-07,1.571224900e-02,5.732980000e-04,1.601002800e-02,1.601002800e-02,-1.000000000e+00,-1.000000000e+00,25.150061,25.626706,-1.000000,-1.000000000e+00,-1.000000000e+00,-1.000000000e+00,row,0,-1.000000000e+00,-1.000000
scheme_a,double,global,global,8192,8192,3,8,1,8,11,4.700000000e-07,1.559776400e-02,6.149270000e-04,1.584152900e-02,1.584152900e-02,-1.000000000e+00,-1.000000000e+00,25.417571,25.814802,-1.000000,-1.000000000e+00,-1.000000000e+00,-1.000000000e+00,row,0,-1.000000000e+00,-1.000000
scheme_a,double,global,global,8192,8192,3,8,1,8,12,7.439999999e-07,1.560012800e-02,6.930090000e-04,1.589431800e-02,1.589431800e-02,-1.000000000e+00,-1.000000000e+00,25.333153,25.810890,-1.000000,-1.000000000e+00,-1.000000000e+00,-1.000000000e+00,row,0,-1.000000000e+00,-1.000000
scheme_a,double,global,global,8192,8192,3,8,1,8,13,5.290000000e-07,1.555538100e-02,5.115620000e-04,1.586198000e-02,1.586198000e-02,-1.000000000e+00,-1.000000000e+00,25.384800,25.885138,-1.000000,-1.000000000e+00,-1.000000000e+00,-1.000000000e+00,row,0,-1.000000000e+00,-1.000000
scheme_a,double,global,global,8192,8192,3,8,1,8,14,4.600000000e-07,1.558088300e-02,6.773290000e-04,1.586815700e-02,1.586815700e-02,-1.000000000e+00,-1.000000000e+00,25.374918,25.842771,-1.000000,-1.000000000e+00,-1.000000000e+00,-1.000000000e+00,row,0,-1.000000000e+00,-1.000000
scheme_a,double,global,global,8192,8192,3,8,1,8,15,4.110000000e-07,1.553537000e-02,4.523040000e-04,1.589414600e-02,1.589414600e-02,-1.000000000e+00,-1.000000000e+00,25.333427,25.918480,-1.000000,-1.000000000e+00,-1.000000000e+00,-1.000000000e+00,row,0,-1.000000000e+00,-1.000000
scheme_a,double,global,global,8192,8192,3,8,1,8,16,3.900000000e-07,1.548733400e-02,5.164610000e-04,1.578106300e-02,1.578106300e-02,-1.000000000e+00,-1.000000000e+00,25.514960,25.998870,-1.000000,-1.000000000e+00,-1.000000000e+00,-1.000000000e+00,row,0,-1.000000000e+00,-1.000000
scheme_a,double,global,global,8192,8192,3,8,1,8,17,3.770000000e-07,1.551755800e-02,5.443440000e-04,1.577512400e-02,1.577512400e-02,-1.000000000e+00,-1.000000000e+00,25.524565,25.948231,-1.000000,-1.000000000e+00,-1.000000000e+00,-1.000000000e+00,row,0,-1.000000000e+00,-1.000000
scheme_a,double,global,global,8192,8192,3,8,1,8,18,3.850000000e-07,1.556057100e-02,4.254030000e-04,1.587819100e-02,1.587819100e-02,-1.000000000e+00,-1.000000000e+00,25.358883,25.876504,-1.000000,-1.000000000e+00,-1.000000000e+00,-1.000000000e+00,row,0,-1.000000000e+00,-1.000000
scheme_a,double,global,global,8192,8192,3,8,1,8,19,4.290000000e-07,1.568539300e-02,5.882640000e-04,1.592146400e-02,1.592146400e-02,-1.000000000e+00,-1.000000000e+00,25.289960,25.670583,-1.000000,-1.000000000e+00,-1.000000000e+00,-1.000000000e+00,row,0,-1.000000000e+00,-1.000000
scheme_a,double,global,global,8192,8192,3,8,1,8,20,4.150000000e-07,1.554078600e-02,5.580190000e-04,1.586198300e-02,1.586198300e-02,-1.000000000e+00,-1.000000000e+00,25.384795,25.909448,-1.000000,-1.000000000e+00,-1.000000000e+00,-1.000000000e+00,row,0,-1.000000000e+00,-1.000000
scheme_a,double,global,global,8192,8192,6,8,1,8,1,6.090000000e-07,1.615586400e-02,1.141813000e-03,1.701585700e-02,1.701585700e-02,-1.000000000e+00,-1.000000000e+00,47.326818,49.846072,-1.000000,-1.000000000e+00,-1.000000000e+00,-1.000000000e+00,row,0,-1.000000000e+00,-1.000000
scheme_a,double,global,global,8192,8192,6,8,1,8,2,5.550000000e-07,1.621766100e-02,9.947940000e-04,1.702240600e-02,1.702240600e-02,-1.000000000e+00,-1.000000000e+00,47.308610,49.656135,-1.000000,-1.000000000e+00,-1.000000000e+00,-1.000000000e+00,row,0,-1.000000000e+00,-1.000000
scheme_a,double,global,global,8192,8192,6,8,1,8,3,3.970000000e-07,1.637430600e-02,1.171753000e-03,1.706112200e-02,1.706112200e-02,-1.000000000e+00,-1.000000000e+00,47.201255,49.181099,-1.000000,-1.000000000e+00,-1.000000000e+00,-1.000000000e+00,row,0,-1.000000000e+00,-1.000000
scheme_a,double,global,global,8192,8192,6,8,1,8,4,4.160000000e-07,1.644966400e-02,1.103058000e-03,1.712963100e-02,1.712963100e-02,-1.000000000e+00,-1.000000000e+00,47.012476,48.955794,-1.000000,-1.000000000e+00,-1.000000000e+00,-1.000000000e+00,row,0,-1.000000000e+00,-1.000000
scheme_a,double,global,global,8192,8192,6,8,1,8,5,6.140000000e-07,1.627825400e-02,1.182995000e-03,1.716394200e-02,1.716394200e-02,-1.000000000e+00,-1.000000000e+00,46.918497,49.471299,-1.000000,-1.000000000e+00,-1.000000000e+00,-1.000000000e+00,row,0,-1.000000000e+00,-1.000000
scheme_a,double,global,global,8192,8192,6,8,1,8,6,6.419999999e-07,1.634339300e-02,8.777130000e-04,1.716921100e-02,1.716921100e-02,-1.000000000e+00,-1.000000000e+00,46.904099,49.274124,-1.000000,-1.000000000e+00,-1.000000000e+00,-1.000000000e+00,row,0,-1.000000000e+00,-1.000000
scheme_a,double,global,global,8192,8192,6,8,1,8,7,5.290000000e-07,1.649646300e-02,8.341820000e-04,1.723484000e-02,1.723484000e-02,-1.000000000e+00,-1.000000000e+00,46.725491,48.816911,-1.000000,-1.000000000e+00,-1.000000000e+00,-1.000000000e+00,row,0,-1.000000000e+00,-1.000000
scheme_a,double,global,global,8192,8192,6,8,1,8,8,4.659999999e-07,1.630260100e-02,1.115548000e-03,1.699303200e-02,1.699303200e-02,-1.000000000e+00,-1.000000000e+00,47.390387,49.397416,-1.000000,-1.000000000e+00,-1.000000000e+00,-1.000000000e+00,row,0,-1.000000000e+00,-1.000000
scheme_a,double,global,global,8192,8192,6,8,1,8,9,3.890000001e-07,1.649456500e-02,1.070757000e-03,1.718155500e-02,1.718155500e-02,-1.000000000e+00,-1.000000000e+00,46.870401,48.822528,-1.000000,-1.000000000e+00,-1.000000000e+00,-1.000000000e+00,row,0,-1.000000000e+00,-1.000000
scheme_a,double,global,global,8192,8192,6,8,1,8,10,5.949999999e-07,1.653849900e-02,1.190501000e-03,1.721811100e-02,1.721811100e-02,-1.000000000e+00,-1.000000000e+00,46.770890,48.692833,-1.000000,-1.000000000e+00,-1.000000000e+00,-1.000000000e+00,row,0,-1.000000000e+00,-1.000000
scheme_a,double,global,global,8192,8192,6,8,1,8,11,5.730000000e-07,1.645391700e-02,9.412050000e-04,1.716692400e-02,1.716692400e-02,-1.000000000e+00,-1.000000000e+00,46.910347,48.943140,-1.000000,-1.000000000e+00,-1.000000000e+00,-1.000000000e+00,row,0,-1.000000000e+00,-1.000000
scheme_a,double,global,global,8192,8192,6,8,1,8,12,7.500000000e-07,1.637933700e-02,9.207260000e-04,1.708606500e-02,1.708606500e-02,-1.000000000e+00,-1.000000000e+00,47.132348,49.165993,-1.000000,-1.000000000e+00,-1.000000000e+00,-1.000000000e+00,row,0,-1.000000000e+00,-1.000000
scheme_a,double,global,global,8192,8192,6,8,1,8,13,3.940000000e-07,1.643026800e-02,1.086032000e-03,1.711856200e-02,1.711856200e-02,-1.000000000e+00,-1.000000000e+00,47.042875,49.013587,-1.000000,-1.000000000e+00,-1.000000000e+00,-1.000000000e+00,row,0,-1.000000000e+00,-1.000000
scheme_a,double,global,global,8192,8192,6,8,1,8,14,4.040000000e-07,1.620130900e-02,8.575130000e-04,1.696070300e-02,1.696070300e-02,-1.000000000e+00,-1.000000000e+00,47.480719,49.706253,-1.000000,-1.000000000e+00,-1.000000000e+00,-1.000000000e+00,row,0,-1.000000000e+00,-1.000000
scheme_a,double,global,global,8192,8192,6,8,1,8,15,4.640000000e-07,1.643302600e-02,1.088310000e-03,1.725929700e-02,1.725929700e-02,-1.000000000e+00,-1.000000000e+00,46.659280,49.005361,-1.000000,-1.000000000e+00,-1.000000000e+00,-1.000000000e+00,row,0,-1.000000000e+00,-1.000000
scheme_a,double,global,global,8192,8192,6,8,1,8,16,4.610000000e-07,1.789384900e-02,1.033470000e-03,1.868354600e-02,1.868354600e-02,-1.000000000e+00,-1.000000000e+00,43.102437,45.004648,-1.000000,-1.000000000e+00,-1.000000000e+00,-1.000000000e+00,row,0,-1.000000000e+00,-1.000000
scheme_a,double,global,global,8192,8192,6,8,1,8,17,4.900000000e-07,1.639857000e-02,1.092500000e-03,1.722669500e-02,1.722669500e-02,-1.000000000e+00,-1.000000000e+00,46.747584,49.108329,-1.000000,-1.000000000e+00,-1.000000000e+00,-1.000000000e+00,row,0,-1.000000000e+00,-1.000000
scheme_a,double,global,global,8192,8192,6,8,1,8,18,3.320000000e-07,1.669955600e-02,9.273430000e-04,1.744536500e-02,1.744536500e-02,-1.000000000e+00,-1.000000000e+00,46.161623,48.223220,-1.000000,-1.000000000e+00,-1.000000000e+00,-1.000000000e+00,row,0,-1.000000000e+00,-1.000000
scheme_a,double,global,global,8192,8192,6,8,1,8,19,4.670000000e-07,1.655820500e-02,8.831070000e-04,1.726115300e-02,1.726115300e-02,-1.000000000e+00,-1.000000000e+00,46.654263,48.634883,-1.000000,-1.000000000e+00,-1.000000000e+00,-1.000000000e+00,row,0,-1.000000000e+00,-1.000000
scheme_a,double,global,global,8192,8192,6,8,1,8,20,3.650000000e-07,1.655699000e-02,1.058985000e-03,1.725138300e-02,1.725138300e-02,-1.000000000e+00,-1.000000000e+00,46.680685,48.638452,-1.000000,-1.000000000e+00,-1.000000000e+00,-1.000000000e+00,row,0,-1.000000000e+00,-1.000000
scheme_a,double,global,global,8192,8192,8,8,1,8,1,6.870000000e-07,1.627079100e-02,1.247450000e-03,1.739294200e-02,1.739294200e-02,-1.000000000e+00,-1.000000000e+00,61.734342,65.991987,-1.000000,-1.000000000e+00,-1.000000000e+00,-1.000000000e+00,row,0,-1.000000000e+00,-1.000000
scheme_a,double,global,global,8192,8192,8,8,1,8,2,5.660000000e-07,1.625654100e-02,1.143628000e-03,1.740057300e-02,1.740057300e-02,-1.000000000e+00,-1.000000000e+00,61.707268,66.049833,-1.000000,-1.000000000e+00,-1.000000000e+00,-1.000000000e+00,row,0,-1.000000000e+00,-1.000000
scheme_a,double,global,global,8192,8192,8,8,1,8,3,2.830000000e-07,1.647797000e-02,1.198147000e-03,1.742096600e-02,1.742096600e-02,-1.000000000e+00,-1.000000000e+00,61.635034,65.162264,-1.000000,-1.000000000e+00,-1.000000000e+00,-1.000000000e+00,row,0,-1.000000000e+00,-1.000000
scheme_a,double,global,global,8192,8192,8,8,1,8,4,4.780000000e-07,1.636882100e-02,1.149297000e-03,1.742245600e-02,1.742245600e-02,-1.000000000e+00,-1.000000000e+00,61.629762,65.596772,-1.000000,-1.000000000e+00,-1.000000000e+00,-1.000000000e+00,row,0,-1.000000000e+00,-1.000000
scheme_a,double,global,global,8192,8192,8,8,1,8,5,5.640000000e-07,1.620967300e-02,1.136784000e-03,1.734670500e-02,1.734670500e-02,-1.000000000e+00,-1.000000000e+00,61.898892,66.240807,-1.000000,-1.000000000e+00,-1.000000000e+00,-1.000000000e+00,row,0,-1.000000000e+00,-1.000000
scheme_a,double,global,global,8192,8192,8,8,1,8,6,4.070000000e-07,1.635284600e-02,1.130702000e-03,1.742374600e-02,1.742374600e-02,-1.000000000e+00,-1.000000000e+00,61.625200,65.660853,-1.000000,-1.000000000e+00,-1.000000000e+00,-1.000000000e+00,row,0,-1.000000000e+00,-1.000000
scheme_a,double,global,global,8192,8192,8,8,1,8,7,3.130000000e-07,1.632434700e-02,1.136011000e-03,1.724386900e-02,1.724386900e-02,-1.000000000e+00,-1.000000000e+00,62.268034,65.775484,-1.000000,-1.000000000e+00,-1.000000000e+00,-1.000000000e+00,row,0,-1.000000000e+00,-1.000000
scheme_a,double,global,global,8192,8192,8,8,1,8,8,4.030000000e-07,1.638995000e-02,1.355587000e-03,1.729505500e-02,1.729505500e-02,-1.000000000e+00,-1.000000000e+00,62.083747,65.512209,-1.000000,-1.000000000e+00,-1.000000000e+00,-1.000000000e+00,row,0,-1.000000000e+00,-1.000000
scheme_a,double,global,global,8192,8192,8,8,1,8,9,4.670000000e-07,1.634166000e-02,1.189835000e-03,1.727852700e-02,1.727852700e-02,-1.000000000e+00,-1.000000000e+00,62.143134,65.705799,-1.000000,-1.000000000e+00,-1.000000000e+00,-1.000000000e+00,row,0,-1.000000000e+00,-1.000000
scheme_a,double,global,global,8192,8192,8,8,1,8,10,5.749999999e-07,1.628230000e-02,1.147319000e-03,1.726211300e-02,1.726211300e-02,-1.000000000e+00,-1.000000000e+00,62.202224,65.945341,-1.000000,-1.000000000e+00,-1.000000000e+00,-1.000000000e+00,row,0,-1.000000000e+00,-1.000000
scheme_a,double,global,global,8192,8192,8,8,1,8,11,3.479999999e-07,1.631169700e-02,1.160176000e-03,1.737430500e-02,1.737430500e-02,-1.000000000e+00,-1.000000000e+00,61.800563,65.826494,-1.000000,-1.000000000e+00,-1.000000000e+00,-1.000000000e+00,row,0,-1.000000000e+00,-1.000000
scheme_a,double,global,global,8192,8192,8,8,1,8,12,5.740000001e-07,1.626849200e-02,1.183529000e-03,1.740370000e-02,1.740370000e-02,-1.000000000e+00,-1.000000000e+00,61.696181,66.001312,-1.000000,-1.000000000e+00,-1.000000000e+00,-1.000000000e+00,row,0,-1.000000000e+00,-1.000000
scheme_a,double,global,global,8192,8192,8,8,1,8,13,3.810000000e-07,1.648380800e-02,1.212624000e-03,1.768510400e-02,1.768510400e-02,-1.000000000e+00,-1.000000000e+00,60.714476,65.139185,-1.000000,-1.000000000e+00,-1.000000000e+00,-1.000000000e+00,row,0,-1.000000000e+00,-1.000000
scheme_a,double,global,global,8192,8192,8,8,1,8,14,3.860000001e-07,1.622205600e-02,1.140036000e-03,1.731513100e-02,1.731513100e-02,-1.000000000e+00,-1.000000000e+00,62.011764,66.190243,-1.000000,-1.000000000e+00,-1.000000000e+00,-1.000000000e+00,row,0,-1.000000000e+00,-1.000000
scheme_a,double,global,global,8192,8192,8,8,1,8,15,4.870000000e-07,1.629605300e-02,1.158114000e-03,1.745448800e-02,1.745448800e-02,-1.000000000e+00,-1.000000000e+00,61.516661,65.889687,-1.000000,-1.000000000e+00,-1.000000000e+00,-1.000000000e+00,row,0,-1.000000000e+00,-1.000000
scheme_a,double,global,global,8192,8192,8,8,1,8,16,5.649999999e-07,1.644135800e-02,1.259604000e-03,1.742310500e-02,1.742310500e-02,-1.000000000e+00,-1.000000000e+00,61.627467,65.307368,-1.000000,-1.000000000e+00,-1.000000000e+00,-1.000000000e+00,row,0,-1.000000000e+00,-1.000000
scheme_a,double,global,global,8192,8192,8,8,1,8,17,6.459999999e-07,1.605541200e-02,1.154298000e-03,1.714765200e-02,1.714765200e-02,-1.000000000e+00,-1.000000000e+00,62.617426,66.877251,-1.000000,-1.000000000e+00,-1.000000000e+00,-1.000000000e+00,row,0,-1.000000000e+00,-1.000000
scheme_a,double,global,global,8192,8192,8,8,1,8,18,5.940000000e-07,1.619536700e-02,1.237383000e-03,1.726874000e-02,1.726874000e-02,-1.000000000e+00,-1.000000000e+00,62.178354,66.299320,-1.000000,-1.000000000e+00,-1.000000000e+00,-1.000000000e+00,row,0,-1.000000000e+00,-1.000000
scheme_a,double,global,global,8192,8192,8,8,1,8,19,4.990000000e-07,1.608688500e-02,1.137379000e-03,1.722456000e-02,1.722456000e-02,-1.000000000e+00,-1.000000000e+00,62.337838,66.746410,-1.000000,-1.000000000e+00,-1.000000000e+00,-1.000000000e+00,row,0,-1.000000000e+00,-1.000000
scheme_a,double,global,global,8192,8192,8,8,1,8,20,5.470000000e-07,1.631982700e-02,1.227229000e-03,1.750051300e-02,1.750051300e-02,-1.000000000e+00,-1.000000000e+00,61.354877,65.793701,-1.000000,-1.000000000e+00,-1.000000000e+00,-1.000000000e+00,row,0,-1.000000000e+00,-1.000000
scheme_a,double,global,global,8192,8192,20,8,1,8,1,5.770000000e-07,2.101642500e-02,3.468570000e-03,2.431458900e-02,2.431458900e-02,-1.000000000e+00,-1.000000000e+00,110.400984,127.726507,-1.000000,-1.000000000e+00,-1.000000000e+00,-1.000000000e+00,row,0,-1.000000000e+00,-1.000000
scheme_a,double,global,global,8192,8192,20,8,1,8,2,4.520000000e-07,2.099545900e-02,3.035666000e-03,2.393278200e-02,2.393278200e-02,-1.000000000e+00,-1.000000000e+00,112.162245,127.854055,-1.000000,-1.000000000e+00,-1.000000000e+00,-1.000000000e+00,row,0,-1.000000000e+00,-1.000000
scheme_a,double,global,global,8192,8192,20,8,1,8,3,4.730000001e-07,2.099560800e-02,3.051737000e-03,2.392732700e-02,2.392732700e-02,-1.000000000e+00,-1.000000000e+00,112.187816,127.853147,-1.000000,-1.000000000e+00,-1.000000000e+00,-1.000000000e+00,row,0,-1.000000000e+00,-1.000000
scheme_a,double,global,global,8192,8192,20,8,1,8,4,5.299999999e-07,2.092551600e-02,3.052509000e-03,2.385879700e-02,2.385879700e-02,-1.000000000e+00,-1.000000000e+00,112.510055,128.281403,-1.000000,-1.000000000e+00,-1.000000000e+00,-1.000000000e+00,row,0,-1.000000000e+00,-1.000000
scheme_a,double,global,global,8192,8192,20,8,1,8,5,4.600000001e-07,2.097767100e-02,3.463425000e-03,2.431669700e-02,2.431669700e-02,-1.000000000e+00,-1.000000000e+00,110.391414,127.962468,-1.000000,-1.000000000e+00,-1.000000000e+00,-1.000000000e+00,row,0,-1.000000000e+00,-1.000000
scheme_a,double,global,global,8192,8192,20,8,1,8,6,6.100000000e-07,2.112041100e-02,3.097922000e-03,2.411064100e-02,2.411064100e-02,-1.000000000e+00,-1.000000000e+00,111.334848,127.097648,-1.000000,-1.000000000e+00,-1.000000000e+00,-1.000000000e+00,row,0,-1.000000000e+00,-1.000000
scheme_a,double,global,global,8192,8192,20,8,1,8,7,3.209999999e-07,2.111140000e-02,3.538781000e-03,2.452273800e-02,2.452273800e-02,-1.000000000e+00,-1.000000000e+00,109.463901,127.151897,-1.000000,-1.000000000e+00,-1.000000000e+00,-1.000000000e+00,row,0,-1.000000000e+00,-1.000000
scheme_a,double,global,global,8192,8192,20,8,1,8,8,3.860000000e-07,2.110106600e-02,3.432679000e-03,2.442569400e-02,2.442569400e-02,-1.000000000e+00,-1.000000000e+00,109.898804,127.214168,-1.000000,-1.000000000e+00,-1.000000000e+00,-1.000000000e+00,row,0,-1.000000000e+00,-1.000000
scheme_a,double,global,global,8192,8192,20,8,1,8,9,4.809999999e-07,2.113088400e-02,3.084460000e-03,2.402984200e-02,2.402984200e-02,-1.000000000e+00,-1.000000000e+00,111.709206,127.034655,-1.000000,-1.000000000e+00,-1.000000000e+00,-1.000000000e+00,row,0,-1.000000000e+00,-1.000000
scheme_a,double,global,global,8192,8192,20,8,1,8,10,3.210000000e-07,2.110886200e-02,3.478029000e-03,2.445825400e-02,2.445825400e-02,-1.000000000e+00,-1.000000000e+00,109.752502,127.167185,-1.000000,-1.000000000e+00,-1.000000000e+00,-1.000000000e+00,row,0,-1.000000000e+00,-1.000000
scheme_a,double,global,global,8192,8192,20,8,1,8,11,3.640000000e-07,2.105460300e-02,3.032909000e-03,2.399122600e-02,2.399122600e-02,-1.000000000e+00,-1.000000000e+00,111.889011,127.494903,-1.000000,-1.000000000e+00,-1.000000000e+00,-1.000000000e+00,row,0,-1.000000000e+00,-1.000000
scheme_a,double,global,global,8192,8192,20,8,1,8,12,3.709999999e-07,2.109989600e-02,3.033259000e-03,2.403085000e-02,2.403085000e-02,-1.000000000e+00,-1.000000000e+00,111.704520,127.221222,-1.000000,-1.000000000e+00,-1.000000000e+00,-1.000000000e+00,row,0,-1.000000000e+00,-1.000000
scheme_a,double,global,global,8192,8192,20,8,1,8,13,3.909999999e-07,2.110991100e-02,3.427732000e-03,2.440685900e-02,2.440685900e-02,-1.000000000e+00,-1.000000000e+00,109.983614,127.160866,-1.000000,-1.000000000e+00,-1.000000000e+00,-1.000000000e+00,row,0,-1.000000000e+00,-1.000000
scheme_a,double,global,global,8192,8192,20,8,1,8,14,7.240000000e-07,2.111851700e-02,3.497039000e-03,2.444734800e-02,2.444734800e-02,-1.000000000e+00,-1.000000000e+00,109.801462,127.109047,-1.000000,-1.000000000e+00,-1.000000000e+00,-1.000000000e+00,row,0,-1.000000000e+00,-1.000000
scheme_a,double,global,global,8192,8192,20,8,1,8,15,3.970000000e-07,2.109358000e-02,3.467222000e-03,2.440874600e-02,2.440874600e-02,-1.000000000e+00,-1.000000000e+00,109.975111,127.259316,-1.000000,-1.000000000e+00,-1.000000000e+00,-1.000000000e+00,row,0,-1.000000000e+00,-1.000000
scheme_a,double,global,global,8192,8192,20,8,1,8,16,4.600000000e-07,2.108734100e-02,3.079207000e-03,2.404952800e-02,2.404952800e-02,-1.000000000e+00,-1.000000000e+00,111.617765,127.296967,-1.000000,-1.000000000e+00,-1.000000000e+00,-1.000000000e+00,row,0,-1.000000000e+00,-1.000000
scheme_a,double,global,global,8192,8192,20,8,1,8,17,4.459999999e-07,2.108864200e-02,3.063916000e-03,2.400637800e-02,2.400637800e-02,-1.000000000e+00,-1.000000000e+00,111.818391,127.289114,-1.000000,-1.000000000e+00,-1.000000000e+00,-1.000000000e+00,row,0,-1.000000000e+00,-1.000000
scheme_a,double,global,global,8192,8192,20,8,1,8,18,3.780000001e-07,2.106647000e-02,3.077383000e-03,2.400669400e-02,2.400669400e-02,-1.000000000e+00,-1.000000000e+00,111.816919,127.423083,-1.000000,-1.000000000e+00,-1.000000000e+00,-1.000000000e+00,row,0,-1.000000000e+00,-1.000000
scheme_a,double,global,global,8192,8192,20,8,1,8,19,3.679999999e-07,2.105575100e-02,3.505196000e-03,2.445726500e-02,2.445726500e-02,-1.000000000e+00,-1.000000000e+00,109.756940,127.487951,-1.000000,-1.000000000e+00,-1.000000000e+00,-1.000000000e+00,row,0,-1.000000000e+00,-1.000000
scheme_a,double,global,global,8192,8192,20,8,1,8,20,3.690000000e-07,2.105969600e-02,3.014586000e-03,2.396606400e-02,2.396606400e-02,-1.000000000e+00,-1.000000000e+00,112.006484,127.464070,-1.000000,-1.000000000e+00,-1.000000000e+00,-1.000000000e+00,row,0,-1.000000000e+00,-1.000000
scheme_a,double,global,global,8192,8192,32,8,1,8,1,5.010000000e-07,3.581400000e-02,5.693171000e-03,4.147013100e-02,4.147013100e-02,-1.000000000e+00,-1.000000000e+00,103.567729,119.924256,-1.000000,-1.000000000e+00,-1.000000000e+00,-1.000000000e+00,row,0,-1.000000000e+00,-1.000000
scheme_a,double,global,global,8192,8192,32,8,1,8,2,6.670000001e-07,3.547928000e-02,4.652973000e-03,4.012822000e-02,4.012822000e-02,-1.000000000e+00,-1.000000000e+00,107.031094,121.055650,-1.000000,-1.000000000e+00,-1.000000000e+00,-1.000000000e+00,row,0,-1.000000000e+00,-1.000000
scheme_a,double,global,global,8192,8192,32,8,1,8,3,6.229999999e-07,3.585120500e-02,5.009389000e-03,4.083618500e-02,4.083618500e-02,-1.000000000e+00,-1.000000000e+00,105.175527,119.799803,-1.000000,-1.000000000e+00,-1.000000000e+00,-1.000000000e+00,row,0,-1.000000000e+00,-1.000000
scheme_a,double,global,global,8192,8192,32,8,1,8,4,4.619999999e-07,3.646062800e-02,5.175237000e-03,4.126146200e-02,4.126146200e-02,-1.000000000e+00,-1.000000000e+00,104.091496,117.797403,-1.000000,-1.000000000e+00,-1.000000000e+00,-1.000000000e+00,row,0,-1.000000000e+00,-1.000000
scheme_a,double,global,global,8192,8192,32,8,1,8,5,7.170000000e-07,3.593706600e-02,4.787428000e-03,4.070115700e-02,4.070115700e-02,-1.000000000e+00,-1.000000000e+00,105.524452,119.513577,-1.000000,-1.000000000e+00,-1.000000000e+00,-1.000000000e+00,row,0,-1.000000000e+00,-1.000000
scheme_a,double,global,global,8192,8192,32,8,1,8,6,6.210000000e-07,3.579920700e-02,5.096735000e-03,4.089627300e-02,4.089627300e-02,-1.000000000e+00,-1.000000000e+00,105.020995,119.973811,-1.000000,-1.000000000e+00,-1.000000000e+00,-1.000000000e+00,row,0,-1.000000000e+00,-1.000000
scheme_a,double,global,global,8192,8192,32,8,1,8,7,3.810000000e-07,3.548915000e-02,5.066778000e-03,4.055630900e-02,4.055630900e-02,-1.000000000e+00,-1.000000000e+00,105.901336,121.021983,-1.000000,-1.000000000e+00,-1.000000000e+00,-1.000000000e+00,row,0,-1.000000000e+00,-1.000000
scheme_a,double,global,global,8192,8192,32,8,1,8,8,4.770000001e-07,3.587923300e-02,5.054991000e-03,4.091275100e-02,4.091275100e-02,-1.000000000e+00,-1.000000000e+00,104.978697,119.706218,-1.000000,-1.000000000e+00,-1.000000000e+00,-1.000000000e+00,row,0,-1.000000000e+00,-1.000000
scheme_a,double,global,global,8192,8192,32,8,1,8,9,4.520000001e-07,3.528384200e-02,5.059287000e-03,4.034351300e-02,4.034351300e-02,-1.000000000e+00,-1.000000000e+00,106.459923,121.726180,-1.000000,-1.000000000e+00,-1.000000000e+00,-1.000000000e+00,row,0,-1.000000000e+00,-1.000000
scheme_a,double,global,global,8192,8192,32,8,1,8,10,4.360000000e-07,3.745965900e-02,4.681244000e-03,4.211062400e-02,4.211062400e-02,-1.000000000e+00,-1.000000000e+00,101.992488,114.655803,-1.000000,-1.000000000e+00,-1.000000000e+00,-1.000000000e+00,row,0,-1.000000000e+00,-1.000000
scheme_a,double,global,global,8192,8192,32,8,1,8,11,4.110000000e-07,3.706698100e-02,6.657223000e-03,4.348699800e-02,4.348699800e-02,-1.000000000e+00,-1.000000000e+00,98.764401,115.870437,-1.000000,-1.000000000e+00,-1.000000000e+00,-1.000000000e+00,row,0,-1.000000000e+00,-1.000000
scheme_a,double,global,global,8192,8192,32,8,1,8,12,2.193000000e-06,3.570165500e-02,4.680774000e-03,4.035933200e-02,4.035933200e-02,-1.000000000e+00,-1.000000000e+00,106.418196,120.301630,-1.000000,-1.000000000e+00,-1.000000000e+00,-1.000000000e+00,row,0,-1.000000000e+00,-1.000000
scheme_a,double,global,global,8192,8192,32,8,1,8,13,5.810000001e-07,3.728090300e-02,4.680849000e-03,4.195127700e-02,4.195127700e-02,-1.000000000e+00,-1.000000000e+00,102.379894,115.205560,-1.000000,-1.000000000e+00,-1.000000000e+00,-1.000000000e+00,row,0,-1.000000000e+00,-1.000000
scheme_a,double,global,global,8192,8192,32,8,1,8,14,4.520000001e-07,3.592096500e-02,4.756819000e-03,4.067805700e-02,4.067805700e-02,-1.000000000e+00,-1.000000000e+00,105.584377,119.567147,-1.000000,-1.000000000e+00,-1.000000000e+00,-1.000000000e+00,row,0,-1.000000000e+00,-1.000000
scheme_a,double,global,global,8192,8192,32,8,1,8,15,6.870000000e-07,3.570706300e-02,5.084808000e-03,4.076605900e-02,4.076605900e-02,-1.000000000e+00,-1.000000000e+00,105.356451,120.283410,-1.000000,-1.000000000e+00,-1.000000000e+00,-1.000000000e+00,row,0,-1.000000000e+00,-1.000000
scheme_a,double,global,global,8192,8192,32,8,1,8,16,5.500000000e-07,3.557745100e-02,4.764200000e-03,4.034216700e-02,4.034216700e-02,-1.000000000e+00,-1.000000000e+00,106.463475,120.721614,-1.000000,-1.000000000e+00,-1.000000000e+00,-1.000000000e+00,row,0,-1.000000000e+00,-1.000000
scheme_a,double,global,global,8192,8192,32,8,1,8,17,6.170000000e-07,3.571186200e-02,5.161168000e-03,4.087335300e-02,4.087335300e-02,-1.000000000e+00,-1.000000000e+00,105.079887,120.267246,-1.000000,-1.000000000e+00,-1.000000000e+00,-1.000000000e+00,row,0,-1.000000000e+00,-1.000000
scheme_a,double,global,global,8192,8192,32,8,1,8,18,4.690000002e-07,3.598456900e-02,4.667968000e-03,4.064468400e-02,4.064468400e-02,-1.000000000e+00,-1.000000000e+00,105.671071,119.355808,-1.000000,-1.000000000e+00,-1.000000000e+00,-1.000000000e+00,row,0,-1.000000000e+00,-1.000000
scheme_a,double,global,global,8192,8192,32,8,1,8,19,3.749999999e-07,3.589540600e-02,5.035746000e-03,4.093150700e-02,4.093150700e-02,-1.000000000e+00,-1.000000000e+00,104.930593,119.652284,-1.000000,-1.000000000e+00,-1.000000000e+00,-1.000000000e+00,row,0,-1.000000000e+00,-1.000000
scheme_a,double,global,global,8192,8192,32,8,1,8,20,5.869999999e-07,3.626311000e-02,5.827405000e-03,4.205646300e-02,4.205646300e-02,-1.000000000e+00,-1.000000000e+00,102.123835,118.439022,-1.000000,-1.000000000e+00,-1.000000000e+00,-1.000000000e+00,row,0,-1.000000000e+00,-1.000000
scheme_a,double,global,global,8192,8192,3,8,2,4,1,2.096200000e-05,1.541288100e-02,8.166180000e-04,1.550650000e-02,1.550650000e-02,-1.000000000e+00,-1.000000000e+00,25.966735,26.124459,-1.000000,-1.000000000e+00,-1.000000000e+00,-1.000000000e+00,row,0,-1.000000000e+00,-1.000000
scheme_a,double,global,global,8192,8192,3,8,2,4,2,2.395700000e-05,1.553217100e-02,6.755310000e-04,1.562636000e-02,1.562636000e-02,-1.000000000e+00,-1.000000000e+00,25.767561,25.923819,-1.000000,-1.000000000e+00,-1.000000000e+00,-1.000000000e+00,row,0,-1.000000000e+00,-1.000000
scheme_a,double,global,global,8192,8192,3,8,2,4,3,2.432000000e-05,1.541772400e-02,4.105610000e-04,1.550703300e-02,1.550703300e-02,-1.000000000e+00,-1.000000000e+00,25.965843,26.116253,-1.000000,-1.000000000e+00,-1.000000000e+00,-1.000000000e+00,row,0,-1.000000000e+00,-1.000000
scheme_a,double,global,global,8192,8192,3,8,2,4,4,2.661500000e-05,1.553534500e-02,6.245860000e-04,1.563511000e-02,1.563511000e-02,-1.000000000e+00,-1.000000000e+00,25.753140,25.918522,-1.000000,-1.000000000e+00,-1.000000000e+00,-1.000000000e+00,row,0,-1.000000000e+00,-1.000000
scheme_a,double,global,global,8192,8192,3,8,2,4,5,2.467800000e-05,1.553107400e-02,5.201050000e-04,1.561457800e-02,1.561457800e-02,-1.000000000e+00,-1.000000000e+00,25.787004,25.925650,-1.000000,-1.000000000e+00,-1.000000000e+00,-1.000000000e+00,row,0,-1.000000000e+00,-1.000000
scheme_a,double,global,global,8192,8192,3,8,2,4,6,1.871800000e-05,1.535917300e-02,3.556770000e-04,1.545062700e-02,1.545062700e-02,-1.000000000e+00,-1.000000000e+00,26.060637,26.215811,-1.000000,-1.000000000e+00,-1.000000000e+00,-1.000000000e+00,row,0,-1.000000000e+00,-1.000000
scheme_a,double,global,global,8192,8192,3,8,2,4,7,2.955100000e-05,1.531552500e-02,3.859790000e-04,1.542265700e-02,1.542265700e-02,-1.000000000e+00,-1.000000000e+00,26.107900,26.290524,-1.000000,-1.000000000e+00,-1.000000000e+00,-1.000000000e+00,row,0,-1.000000000e+00,-1.000000
scheme_a,double,global,global,8192,8192,3,8,2,4,8,2.704900000e-05,1.537968900e-02,6.376960000e-04,1.546992900e-02,1.546992900e-02,-1.000000000e+00,-1.000000000e+00,26.028121,26.180840,-1.000000,-1.000000000e+00,-1.000000000e+00,-1.000000000e+00,row,0,-1.000000000e+00,-1.000000
scheme_a,double,global,global,8192,8192,3,8,2,4,9,1.260600000e-05,1.562338700e-02,5.027830000e-04,1.569675200e-02,1.569675200e-02,-1.000000000e+00,-1.000000000e+00,25.652006,25.772464,-1.000000,-1.000000000e+00,-1.000000000e+00,-1.000000000e+00,row,0,-1.000000000e+00,-1.000000
scheme_a,double,global,global,8192,8192,3,8,2,4,10,1.908200000e-05,1.549467100e-02,8.120210000e-04,1.556969600e-02,1.556969600e-02,-1.000000000e+00,-1.000000000e+00,25.861339,25.986559,-1.000000,-1.000000000e+00,-1.000000000e+00,-1.000000000e+00,row,0,-1.000000000e+00,-1.000000
scheme_a,double,global,global,8192,8192,3,8,2,4,11,1.250100000e-05,1.538041200e-02,3.861730000e-04,1.545242600e-02,1.545242600e-02,-1.000000000e+00,-1.000000000e+00,26.057603,26.179610,-1.000000,-1.000000000e+00,-1.000000000e+00,-1.000000000e+00,row,0,-1.000000000e+00,-1.000000
scheme_a,double,global,global,8192,8192,3,8,2,4,12,1.816900000e-05,1.537488800e-02,5.630610000e-04,1.544958700e-02,1.544958700e-02,-1.000000000e+00,-1.000000000e+00,26.062391,26.189016,-1.000000,-1.000000000e+00,-1.000000000e+00,-1.000000000e+00,row,0,-1.000000000e+00,-1.000000
scheme_a,double,global,global,8192,8192,3,8,2,4,13,1.255400000e-05,1.546546000e-02,3.395770000e-04,1.552545000e-02,1.552545000e-02,-1.000000000e+00,-1.000000000e+00,25.935041,26.035642,-1.000000,-1.000000000e+00,-1.000000000e+00,-1.000000000e+00,row,0,-1.000000000e+00,-1.000000
scheme_a,double,global,global,8192,8192,3,8,2,4,14,1.312600000e-05,1.531990200e-02,4.808410000e-04,1.541591100e-02,1.541591100e-02,-1.000000000e+00,-1.000000000e+00,26.119325,26.283013,-1.000000,-1.000000000e+00,-1.000000000e+00,-1.000000000e+00,row,0,-1.000000000e+00,-1.000000
scheme_a,double,global,global,8192,8192,3,8,2,4,15,2.440700000e-05,1.540295800e-02,5.940340000e-04,1.549260000e-02,1.549260000e-02,-1.000000000e+00,-1.000000000e+00,25.990033,26.141289,-1.000000,-1.000000000e+00,-1.000000000e+00,-1.000000000e+00,row,0,-1.000000000e+00,-1.000000
scheme_a,double,global,global,8192,8192,3,8,2,4,16,2.418800000e-05,1.584173700e-02,1.142733000e-03,1.592913800e-02,1.592913800e-02,-1.000000000e+00,-1.000000000e+00,25.277776,25.417237,-1.000000,-1.000000000e+00,-1.000000000e+00,-1.000000000e+00,row,0,-1.000000000e+00,-1.000000
scheme_a,double,global,global,8192,8192,3,8,2,4,17,1.408000000e-05,1.565957400e-02,6.804980000e-04,1.574491100e-02,1.574491100e-02,-1.000000000e+00,-1.000000000e+00,25.573545,25.712908,-1.000000,-1.000000000e+00,-1.000000000e+00,-1.000000000e+00,row,0,-1.000000000e+00,-1.000000
scheme_a,double,global,global,8192,8192,3,8,2,4,18,1.259900000e-05,1.539744400e-02,1.017403000e-03,1.546866900e-02,1.546866900e-02,-1.000000000e+00,-1.000000000e+00,26.030241,26.150651,-1.000000,-1.000000000e+00,-1.000000000e+00,-1.000000000e+00,row,0,-1.000000000e+00,-1.000000
scheme_a,double,global,global,8192,8192,3,8,2,4,19,1.373000000e-05,1.553109300e-02,7.182310000e-04,1.560761500e-02,1.560761500e-02,-1.000000000e+00,-1.000000000e+00,25.798508,25.925618,-1.000000,-1.000000000e+00,-1.000000000e+00,-1.000000000e+00,row,0,-1.000000000e+00,-1.000000
scheme_a,double,global,global,8192,8192,3,8,2,4,20,1.501300000e-05,1.695015300e-02,6.885840000e-04,1.705990400e-02,1.705990400e-02,-1.000000000e+00,-1.000000000e+00,23.602312,23.755136,-1.000000,-1.000000000e+00,-1.000000000e+00,-1.000000000e+00,row,0,-1.000000000e+00,-1.000000
scheme_a,double,global,global,8192,8192,6,8,2,4,1,3.027400000e-05,1.643837800e-02,5.505750000e-04,1.661165100e-02,1.661165100e-02,-1.000000000e+00,-1.000000000e+00,48.478406,48.989406,-1.000000,-1.000000000e+00,-1.000000000e+00,-1.000000000e+00,row,0,-1.000000000e+00,-1.000000
scheme_a,double,global,global,8192,8192,6,8,2,4,2,2.991700000e-05,1.645922300e-02,5.572310000e-04,1.660234200e-02,1.660234200e-02,-1.000000000e+00,-1.000000000e+00,48.505588,48.927362,-1.000000,-1.000000000e+00,-1.000000000e+00,-1.000000000e+00,row,0,-1.000000000e+00,-1.000000
scheme_a,double,global,global,8192,8192,6,8,2,4,3,3.954300000e-05,1.638048300e-02,6.261290000e-04,1.661703700e-02,1.661703700e-02,-1.000000000e+00,-1.000000000e+00,48.462693,49.162553,-1.000000,-1.000000000e+00,-1.000000000e+00,-1.000000000e+00,row,0,-1.000000000e+00,-1.000000
scheme_a,double,global,global,8192,8192,6,8,2,4,4,2.745400000e-05,1.632965500e-02,3.680900000e-04,1.643121200e-02,1.643121200e-02,-1.000000000e+00,-1.000000000e+00,49.010771,49.315578,-1.000000,-1.000000000e+00,-1.000000000e+00,-1.000000000e+00,row,0,-1.000000000e+00,-1.000000
scheme_a,double,global,global,8192,8192,6,8,2,4,5,3.724600000e-05,1.630840400e-02,4.062160000e-04,1.643340000e-02,1.643340000e-02,-1.000000000e+00,-1.000000000e+00,49.004246,49.379839,-1.000000,-1.000000000e+00,-1.000000000e+00,-1.000000000e+00,row,0,-1.000000000e+00,-1.000000
scheme_a,double,global,global,8192,8192,6,8,2,4,6,3.701700000e-05,1.643479500e-02,4.757490000e-04,1.656075200e-02,1.656075200e-02,-1.000000000e+00,-1.000000000e+00,48.627403,49.000086,-1.000000,-1.000000000e+00,-1.000000000e+00,-1.000000000e+00,row,0,-1.000000000e+00,-1.000000
scheme_a,double,global,global,8192,8192,6,8,2,4,7,3.916500000e-05,1.622470600e-02,5.552570000e-04,1.649958700e-02,1.649958700e-02,-1.000000000e+00,-1.000000000e+00,48.807668,49.634574,-1.000000,-1.000000000e+00,-1.000000000e+00,-1.000000000e+00,row,0,-1.000000000e+00,-1.000000
scheme_a,double,global,global,8192,8192,6,8,2,4,8,2.777900000e-05,1.644195700e-02,5.459970000e-04,1.661036600e-02,1.661036600e-02,-1.000000000e+00,-1.000000000e+00,48.482157,48.978742,-1.000000,-1.000000000e+00,-1.000000000e+00,-1.000000000e+00,row,0,-1.000000000e+00,-1.000000
scheme_a,double,global,global,8192,8192,6,8,2,4,9,3.621100000e-05,1.639740000e-02,7.130770000e-04,1.667155800e-02,1.667155800e-02,-1.000000000e+00,-1.000000000e+00,48.304206,49.111833,-1.000000,-1.000000000e+00,-1.000000000e+00,-1.000000000e+00,row,0,-1.000000000e+00,-1.000000
scheme_a,double,global,global,8192,8192,6,8,2,4,10,2.814700000e-05,1.633262600e-02,3.727650000e-04,1.646579400e-02,1.646579400e-02,-1.000000000e+00,-1.000000000e+00,48.907837,49.306607,-1.000000,-1.000000000e+00,-1.000000000e+00,-1.000000000e+00,row,0,-1.000000000e+00,-1.000000
scheme_a,double,global,global,8192,8192,6,8,2,4,11,3.546700000e-05,1.637981200e-02,7.734990000e-04,1.661998700e-02,1.661998700e-02,-1.000000000e+00,-1.000000000e+00,48.454091,49.164567,-1.000000,-1.000000000e+00,-1.000000000e+00,-1.000000000e+00,row,0,-1.000000000e+00,-1.000000
scheme_a,double,global,global,8192,8192,6,8,2,4,12,3.428800000e-05,1.637808800e-02,4.012690000e-04,1.654379800e-02,1.654379800e-02,-1.000000000e+00,-1.000000000e+00,48.677237,49.169742,-1.000000,-1.000000000e+00,-1.000000000e+00,-1.000000000e+00,row,0,-1.000000000e+00,-1.000000
scheme_a,double,global,global,8192,8192,6,8,2,4,13,3.458800000e-05,1.646484200e-02,5.016040000e-04,1.663243700e-02,1.663243700e-02,-1.000000000e+00,-1.000000000e+00,48.417822,48.910665,-1.000000,-1.000000000e+00,-1.000000000e+00,-1.000000000e+00,row,0,-1.000000000e+00,-1.000000
scheme_a,double,global,global,8192,8192,6,8,2,4,14,3.552300000e-05,1.644371600e-02,3.712370000e-04,1.662012800e-02,1.662012800e-02,-1.000000000e+00,-1.000000000e+00,48.453680,48.973503,-1.000000,-1.000000000e+00,-1.000000000e+00,-1.000000000e+00,row,0,-1.000000000e+00,-1.000000
scheme_a,double,global,global,8192,8192,6,8,2,4,15,3.042500000e-05,1.631874700e-02,4.863310000e-04,1.647694000e-02,1.647694000e-02,-1.000000000e+00,-1.000000000e+00,48.874753,49.348542,-1.000000,-1.000000000e+00,-1.000000000e+00,-1.000000000e+00,row,0,-1.000000000e+00,-1.000000
scheme_a,double,global,global,8192,8192,6,8,2,4,16,3.532300000e-05,1.633799900e-02,3.695120000e-04,1.645307200e-02,1.645307200e-02,-1.000000000e+00,-1.000000000e+00,48.945654,49.290392,-1.000000,-1.000000000e+00,-1.000000000e+00,-1.000000000e+00,row,0,-1.000000000e+00,-1.000000
scheme_a,double,global,global,8192,8192,6,8,2,4,17,2.404600000e-05,1.640298500e-02,5.510040000e-04,1.655335000e-02,1.655335000e-02,-1.000000000e+00,-1.000000000e+00,48.649148,49.095111,-1.000000,-1.000000000e+00,-1.000000000e+00,-1.000000000e+00,row,0,-1.000000000e+00,-1.000000
scheme_a,double,global,global,8192,8192,6,8,2,4,18,4.868700000e-05,1.645491800e-02,4.340230000e-04,1.666821400e-02,1.666821400e-02,-1.000000000e+00,-1.000000000e+00,48.313897,48.940163,-1.000000,-1.000000000e+00,-1.000000000e+00,-1.000000000e+00,row,0,-1.000000000e+00,-1.000000
scheme_a,double,global,global,8192,8192,6,8,2,4,19,2.718200000e-05,1.646934000e-02,5.513000000e-04,1.663671200e-02,1.663671200e-02,-1.000000000e+00,-1.000000000e+00,48.405380,48.897307,-1.000000,-1.000000000e+00,-1.000000000e+00,-1.000000000e+00,row,0,-1.000000000e+00,-1.000000
scheme_a,double,global,global,8192,8192,6,8,2,4,20,2.692500000e-05,1.616699100e-02,5.712100000e-04,1.644493900e-02,1.644493900e-02,-1.000000000e+00,-1.000000000e+00,48.969860,49.811766,-1.000000,-1.000000000e+00,-1.000000000e+00,-1.000000000e+00,row,0,-1.000000000e+00,-1.000000
scheme_a,double,global,global,8192,8192,8,8,2,4,1,3.336900000e-05,1.619015000e-02,6.239600000e-04,1.644370300e-02,1.644370300e-02,-1.000000000e+00,-1.000000000e+00,65.298055,66.320684,-1.000000,-1.000000000e+00,-1.000000000e+00,-1.000000000e+00,row,0,-1.000000000e+00,-1.000000
scheme_a,double,global,global,8192,8192,8,8,2,4,2,3.610900000e-05,1.623894000e-02,8.736400000e-04,1.644096100e-02,1.644096100e-02,-1.000000000e+00,-1.000000000e+00,65.308945,66.121423,-1.000000,-1.000000000e+00,-1.000000000e+00,-1.000000000e+00,row,0,-1.000000000e+00,-1.000000
scheme_a,double,global,global,8192,8192,8,8,2,4,3,3.354300000e-05,1.581013200e-02,7.851760000e-04,1.605619800e-02,1.605619800e-02,-1.000000000e+00,-1.000000000e+00,66.873978,67.914792,-1.000000,-1.000000000e+00,-1.000000000e+00,-1.000000000e+00,row,0,-1.000000000e+00,-1.000000
scheme_a,double,global,global,8192,8192,8,8,2,4,4,3.245300000e-05,1.611522700e-02,8.571040000e-04,1.633039000e-02,1.633039000e-02,-1.000000000e+00,-1.000000000e+00,65.751144,66.629023,-1.000000,-1.000000000e+00,-1.000000000e+00,-1.000000000e+00,row,0,-1.000000000e+00,-1.000000
scheme_a,double,global,global,8192,8192,8,8,2,4,5,3.693800000e-05,1.579564800e-02,4.526640000e-04,1.606389100e-02,1.606389100e-02,-1.000000000e+00,-1.000000000e+00,66.841952,67.977067,-1.000000,-1.000000000e+00,-1.000000000e+00,-1.000000000e+00,row,0,-1.000000000e+00,-1.000000
scheme_a,double,global,global,8192,8192,8,8,2,4,6,3.539700000e-05,1.586849400e-02,3.755770000e-04,1.598162200e-02,1.598162200e-02,-1.000000000e+00,-1.000000000e+00,67.186036,67.665011,-1.000000,-1.000000000e+00,-1.000000000e+00,-1.000000000e+00,row,0,-1.000000000e+00,-1.000000
scheme_a,double,global,global,8192,8192,8,8,2,4,7,3.090600000e-05,1.575683600e-02,7.163820000e-04,1.588124900e-02,1.588124900e-02,-1.000000000e+00,-1.000000000e+00,67.610666,68.144507,-1.000000,-1.000000000e+00,-1.000000000e+00,-1.000000000e+00,row,0,-1.000000000e+00,-1.000000
scheme_a,double,global,global,8192,8192,8,8,2,4,8,3.117000000e-05,1.596463700e-02,4.902240000e-04,1.610521000e-02,1.610521000e-02,-1.000000000e+00,-1.000000000e+00,66.670464,67.257516,-1.000000,-1.000000000e+00,-1.000000000e+00,-1.000000000e+00,row,0,-1.000000000e+00,-1.000000
scheme_a,double,global,global,8192,8192,8,8,2,4,9,3.106400000e-05,1.581043000e-02,5.645970000e-04,1.607453900e-02,1.607453900e-02,-1.000000000e+00,-1.000000000e+00,66.797675,67.913512,-1.000000,-1.000000000e+00,-1.000000000e+00,-1.000000000e+00,row,0,-1.000000000e+00,-1.000000
scheme_a,double,global,global,8192,8192,8,8,2,4,10,3.058300000e-05,1.592529300e-02,3.578330000e-04,1.616184200e-02,1.616184200e-02,-1.000000000e+00,-1.000000000e+00,66.436847,67.423678,-1.000000,-1.000000000e+00,-1.000000000e+00,-1.000000000e+00,row,0,-1.000000000e+00,-1.000000
scheme_a,double,global,global,8192,8192,8,8,2,4,11,3.309000000e-05,1.587265300e-02,4.405430000e-04,1.600728000e-02,1.600728000e-02,-1.000000000e+00,-1.000000000e+00,67.078343,67.647281,-1.000000,-1.000000000e+00,-1.000000000e+00,-1.000000000e+00,row,0,-1.000000000e+00,-1.000000
scheme_a,double,global,global,8192,8192,8,8,2,4,12,3.165600000e-05,1.604036800e-02,6.149200000e-04,1.632260200e-02,1.632260200e-02,-1.000000000e+00,-1.000000000e+00,65.782516,66.939974,-1.000000,-1.000000000e+00,-1.000000000e+00,-1.000000000e+00,row,0,-1.000000000e+00,-1.000000
scheme_a,double,global,global,8192,8192,8,8,2,4,13,3.464800000e-05,1.601006100e-02,7.584320000e-04,1.624704300e-02,1.624704300e-02,-1.000000000e+00,-1.000000000e+00,66.088446,67.066692,-1.000000,-1.000000000e+00,-1.000000000e+00,-1.000000000e+00,row,0,-1.000000000e+00,-1.000000
scheme_a,double,global,global,8192,8192,8,8,2,4,14,3.396500000e-05,1.630302900e-02,8.564760000e-04,1.655755100e-02,1.655755100e-02,-1.000000000e+00,-1.000000000e+00,64.849072,65.861493,-1.000000,-1.000000000e+00,-1.000000000e+00,-1.000000000e+00,row,0,-1.000000000e+00,-1.000000
scheme_a,double,global,global,8192,8192,8,8,2,4,15,3.198500000e-05,1.599890900e-02,6.159050000e-04,1.625655000e-02,1.625655000e-02,-1.000000000e+00,-1.000000000e+00,66.049797,67.113440,-1.000000,-1.000000000e+00,-1.000000000e+00,-1.000000000e+00,row,0,-1.000000000e+00,-1.000000
scheme_a,double,global,global,8192,8192,8,8,2,4,16,3.061900000e-05,1.600997700e-02,6.202140000e-04,1.621929100e-02,1.621929100e-02,-1.000000000e+00,-1.000000000e+00,66.201527,67.067044,-1.000000,-1.000000000e+00,-1.000000000e+00,-1.000000000e+00,row,0,-1.000000000e+00,-1.000000
scheme_a,double,global,global,8192,8192,8,8,2,4,17,3.249600000e-05,1.567912500e-02,4.699650000e-04,1.596177300e-02,1.596177300e-02,-1.000000000e+00,-1.000000000e+00,67.269584,68.482254,-1.000000,-1.000000000e+00,-1.000000000e+00,-1.000000000e+00,row,0,-1.000000000e+00,-1.000000
scheme_a,double,global,global,8192,8192,8,8,2,4,18,3.269700000e-05,1.598917500e-02,1.042379000e-03,1.622157800e-02,1.622157800e-02,-1.000000000e+00,-1.000000000e+00,66.192193,67.154298,-1.000000,-1.000000000e+00,-1.000000000e+00,-1.000000000e+00,row,0,-1.000000000e+00,-1.000000
scheme_a,double,global,global,8192,8192,8,8,2,4,19,3.353700000e-05,1.598494900e-02,5.476830000e-04,1.609989900e-02,1.609989900e-02,-1.000000000e+00,-1.000000000e+00,66.692457,67.172052,-1.000000,-1.000000000e+00,-1.000000000e+00,-1.000000000e+00,row,0,-1.000000000e+00,-1.000000
scheme_a,double,global,global,8192,8192,8,8,2,4,20,3.125400000e-05,1.564865000e-02,4.368630000e-04,1.588117200e-02,1.588117200e-02,-1.000000000e+00,-1.000000000e+00,67.610994,68.615620,-1.000000,-1.000000000e+00,-1.000000000e+00,-1.000000000e+00,row,0,-1.000000000e+00,-1.000000
scheme_a,double,global,global,8192,8192,20,8,2,4,1,8.682300000e-05,1.988675800e-02,8.410100000e-04,2.059415200e-02,2.059415200e-02,-1.000000000e+00,-1.000000000e+00,130.345477,134.982010,-1.000000,-1.000000000e+00,-1.000000000e+00,-1.000000000e+00,row,0,-1.000000000e+00,-1.000000
scheme_a,double,global,global,8192,8192,20,8,2,4,2,8.399500000e-05,2.013087300e-02,8.647000000e-04,2.084918300e-02,2.084918300e-02,-1.000000000e+00,-1.000000000e+00,128.751067,133.345164,-1.000000,-1.000000000e+00,-1.000000000e+00,-1.000000000e+00,row,0,-1.000000000e+00,-1.000000
scheme_a,double,global,global,8192,8192,20,8,2,4,3,9.078900000e-05,2.011640300e-02,9.100600000e-04,2.089137100e-02,2.089137100e-02,-1.000000000e+00,-1.000000000e+00,128.491067,133.441081,-1.000000,-1.000000000e+00,-1.000000000e+00,-1.000000000e+00,row,0,-1.000000000e+00,-1.000000
scheme_a,double,global,global,8192,8192,20,8,2,4,4,8.863700000e-05,1.991137100e-02,8.654810000e-04,2.063724000e-02,2.063724000e-02,-1.000000000e+00,-1.000000000e+00,130.073332,134.815155,-1.000000,-1.000000000e+00,-1.000000000e+00,-1.000000000e+00,row,0,-1.000000000e+00,-1.000000
scheme_a,double,global,global,8192,8192,20,8,2,4,5,9.033000000e-05,2.041614900e-02,1.256378000e-03,2.134692600e-02,2.134692600e-02,-1.000000000e+00,-1.000000000e+00,125.748998,131.481924,-1.000000,-1.000000000e+00,-1.000000000e+00,-1.000000000e+00,row,0,-1.000000000e+00,-1.000000
scheme_a,double,global,global,8192,8192,20,8,2,4,6,8.618600000e-05,1.991985400e-02,8.834710000e-04,2.069080300e-02,2.069080300e-02,-1.000000000e+00,-1.000000000e+00,129.736606,134.757743,-1.000000,-1.000000000e+00,-1.000000000e+00,-1.000000000e+00,row,0,-1.000000000e+00,-1.000000
scheme_a,double,global,global,8192,8192,20,8,2,4,7,8.517900000e-05,1.996598600e-02,8.986800000e-04,2.071327300e-02,2.071327300e-02,-1.000000000e+00,-1.000000000e+00,129.595866,134.446381,-1.000000,-1.000000000e+00,-1.000000000e+00,-1.000000000e+00,row,0,-1.000000000e+00,-1.000000
scheme_a,double,global,global,8192,8192,20,8,2,4,8,8.450200000e-05,1.985089900e-02,8.834500000e-04,2.059182300e-02,2.059182300e-02,-1.000000000e+00,-1.000000000e+00,130.360219,135.225843,-1.000000,-1.000000000e+00,-1.000000000e+00,-1.000000000e+00,row,0,-1.000000000e+00,-1.000000
scheme_a,double,global,global,8192,8192,20,8,2,4,9,8.409100000e-05,1.985249800e-02,8.835930000e-04,2.059919900e-02,2.059919900e-02,-1.000000000e+00,-1.000000000e+00,130.313541,135.214952,-1.000000,-1.000000000e+00,-1.000000000e+00,-1.000000000e+00,row,0,-1.000000000e+00,-1.000000
scheme_a,double,global,global,8192,8192,20,8,2,4,10,8.459400000e-05,2.179657000e-02,1.088025000e-03,2.216134300e-02,2.216134300e-02,-1.000000000e+00,-1.000000000e+00,121.127793,123.154907,-1.000000,-1.000000000e+00,-1.000000000e+00,-1.000000000e+00,row,0,-1.000000000e+00,-1.000000
scheme_a,double,global,global,8192,8192,20,8,2,4,11,9.303400000e-05,2.177405900e-02,1.063531000e-03,2.260644100e-02,2.260644100e-02,-1.000000000e+00,-1.000000000e+00,118.742909,123.282230,-1.000000,-1.000000000e+00,-1.000000000e+00,-1.000000000e+00,row,0,-1.000000000e+00,-1.000000
scheme_a,double,global,global,8192,8192,20,8,2,4,12,8.927000000e-05,2.048209000e-02,1.208481000e-03,2.135015300e-02,2.135015300e-02,-1.000000000e+00,-1.000000000e+00,125.729992,131.058625,-1.000000,-1.000000000e+00,-1.000000000e+00,-1.000000000e+00,row,0,-1.000000000e+00,-1.000000
scheme_a,double,global,global,8192,8192,20,8,2,4,13,8.529200000e-05,2.001707400e-02,8.950590000e-04,2.074028400e-02,2.074028400e-02,-1.000000000e+00,-1.000000000e+00,129.427088,134.103244,-1.000000,-1.000000000e+00,-1.000000000e+00,-1.000000000e+00,row,0,-1.000000000e+00,-1.000000
scheme_a,double,global,global,8192,8192,20,8,2,4,14,8.632100000e-05,2.010506300e-02,1.159649000e-03,2.099994300e-02,2.099994300e-02,-1.000000000e+00,-1.000000000e+00,127.826755,133.516347,-1.000000,-1.000000000e+00,-1.000000000e+00,-1.000000000e+00,row,0,-1.000000000e+00,-1.000000
scheme_a,double,global,global,8192,8192,20,8,2,4,15,9.117000000e-05,2.018049600e-02,9.401480000e-04,2.093183800e-02,2.093183800e-02,-1.000000000e+00,-1.000000000e+00,128.242659,133.017274,-1.000000,-1.000000000e+00,-1.000000000e+00,-1.000000000e+00,row,0,-1.000000000e+00,-1.000000
scheme_a,double,global,global,8192,8192,20,8,2,4,16,8.726400000e-05,1.995309600e-02,8.140170000e-04,2.061082500e-02,2.061082500e-02,-1.000000000e+00,-1.000000000e+00,130.240035,134.533235,-1.000000,-1.000000000e+00,-1.000000000e+00,-1.000000000e+00,row,0,-1.000000000e+00,-1.000000
scheme_a,double,global,global,8192,8192,20,8,2,4,17,8.415500000e-05,2.052380700e-02,9.026320000e-04,2.120831000e-02,2.120831000e-02,-1.000000000e+00,-1.000000000e+00,126.570885,130.792234,-1.000000,-1.000000000e+00,-1.000000000e+00,-1.000000000e+00,row,0,-1.000000000e+00,-1.000000
scheme_a,double,global,global,8192,8192,20,8,2,4,18,8.732900000e-05,2.032237200e-02,8.776190000e-04,2.102719800e-02,2.102719800e-02,-1.000000000e+00,-1.000000000e+00,127.661068,132.088644,-1.000000,-1.000000000e+00,-1.000000000e+00,-1.000000000e+00,row,0,-1.000000000e+00,-1.000000
scheme_a,double,global,global,8192,8192,20,8,2,4,19,9.363300000e-05,2.041086400e-02,1.185341000e-03,2.134207100e-02,2.134207100e-02,-1.000000000e+00,-1.000000000e+00,125.777604,131.515969,-1.000000,-1.000000000e+00,-1.000000000e+00,-1.000000000e+00,row,0,-1.000000000e+00,-1.000000
scheme_a,double,global,global,8192,8192,20,8,2,4,20,8.697000000e-05,2.010829300e-02,1.032595000e-03,2.094787300e-02,2.094787300e-02,-1.000000000e+00,-1.000000000e+00,128.144493,133.494900,-1.000000,-1.000000000e+00,-1.000000000e+00,-1.000000000e+00,row,0,-1.000000000e+00,-1.000000
scheme_a,double,global,global,8192,8192,32,8,2,4,1,1.412930000e-04,4.048526100e-02,1.456978000e-03,4.177360600e-02,4.177360600e-02,-1.000000000e+00,-1.000000000e+00,102.815335,106.087183,-1.000000,-1.000000000e+00,-1.000000000e+00,-1.000000000e+00,row,0,-1.000000000e+00,-1.000000
scheme_a,double,global,global,8192,8192,32,8,2,4,2,1.438630000e-04,3.877746800e-02,1.261570000e-03,4.009303900e-02,4.009303900e-02,-1.000000000e+00,-1.000000000e+00,107.125012,110.759354,-1.000000,-1.000000000e+00,-1.000000000e+00,-1.000000000e+00,row,0,-1.000000000e+00,-1.000000
scheme_a,double,global,global,8192,8192,32,8,2,4,3,1.384830000e-04,3.877105700e-02,1.278427000e-03,4.005372300e-02,4.005372300e-02,-1.000000000e+00,-1.000000000e+00,107.230164,110.777668,-1.000000,-1.000000000e+00,-1.000000000e+00,-1.000000000e+00,row,0,-1.000000000e+00,-1.000000
scheme_a,double,global,global,8192,8192,32,8,2,4,4,1.365200000e-04,3.877158000e-02,1.306653000e-03,4.004389800e-02,4.004389800e-02,-1.000000000e+00,-1.000000000e+00,107.256474,110.776174,-1.000000,-1.000000000e+00,-1.000000000e+00,-1.000000000e+00,row,0,-1.000000000e+00,-1.000000
scheme_a,double,global,global,8192,8192,32,8,2,4,5,1.474200000e-04,3.881828500e-02,1.256472000e-03,4.006429800e-02,4.006429800e-02,-1.000000000e+00,-1.000000000e+00,107.201861,110.642892,-1.000000,-1.000000000e+00,-1.000000000e+00,-1.000000000e+00,row,0,-1.000000000e+00,-1.000000
scheme_a,double,global,global,8192,8192,32,8,2,4,6,1.368100000e-04,3.743878800e-02,1.300239000e-03,3.861543200e-02,3.861543200e-02,-1.000000000e+00,-1.000000000e+00,111.224116,114.719721,-1.000000,-1.000000000e+00,-1.000000000e+00,-1.000000000e+00,row,0,-1.000000000e+00,-1.000000
scheme_a,double,global,global,8192,8192,32,8,2,4,7,1.378830000e-04,3.699339700e-02,1.235691000e-03,3.811451300e-02,3.811451300e-02,-1.000000000e+00,-1.000000000e+00,112.685876,116.100916,-1.000000,-1.000000000e+00,-1.000000000e+00,-1.000000000e+00,row,0,-1.000000000e+00,-1.000000
scheme_a,double,global,global,8192,8192,32,8,2,4,8,1.374970000e-04,3.686929200e-02,1.225888000e-03,3.805806500e-02,3.805806500e-02,-1.000000000e+00,-1.000000000e+00,112.853013,116.491722,-1.000000,-1.000000000e+00,-1.000000000e+00,-1.000000000e+00,row,0,-1.000000000e+00,-1.000000
scheme_a,double,global,global,8192,8192,32,8,2,4,9,1.414320000e-04,3.634214200e-02,1.172912000e-03,3.750305100e-02,3.750305100e-02,-1.000000000e+00,-1.000000000e+00,114.523144,118.181457,-1.000000,-1.000000000e+00,-1.000000000e+00,-1.000000000e+00,row,0,-1.000000000e+00,-1.000000
scheme_a,double,global,global,8192,8192,32,8,2,4,10,1.382370000e-04,3.689635700e-02,1.268066000e-03,3.808689100e-02,3.808689100e-02,-1.000000000e+00,-1.000000000e+00,112.767600,116.406270,-1.000000,-1.000000000e+00,-1.000000000e+00,-1.000000000e+00,row,0,-1.000000000e+00,-1.000000
scheme_a,double,global,global,8192,8192,32,8,2,4,11,1.417630000e-04,3.789695300e-02,1.979202000e-03,3.976212700e-02,3.976212700e-02,-1.000000000e+00,-1.000000000e+00,108.016538,113.332787,-1.000000,-1.000000000e+00,-1.000000000e+00,-1.000000000e+00,row,0,-1.000000000e+00,-1.000000
scheme_a,double,global,global,8192,8192,32,8,2,4,12,1.411460000e-04,3.653005700e-02,1.151297000e-03,3.764517600e-02,3.764517600e-02,-1.000000000e+00,-1.000000000e+00,114.090775,117.573518,-1.000000,-1.000000000e+00,-1.000000000e+00,-1.000000000e+00,row,0,-1.000000000e+00,-1.000000
scheme_a,double,global,global,8192,8192,32,8,2,4,13,1.441570000e-04,3.699730300e-02,1.190701000e-03,3.820389700e-02,3.820389700e-02,-1.000000000e+00,-1.000000000e+00,112.422230,116.088659,-1.000000,-1.000000000e+00,-1.000000000e+00,-1.000000000e+00,row,0,-1.000000000e+00,-1.000000
scheme_a,double,global,global,8192,8192,32,8,2,4,14,1.436570000e-04,3.674820300e-02,1.223542000e-03,3.792945200e-02,3.792945200e-02,-1.000000000e+00,-1.000000000e+00,113.235680,116.875573,-1.000000,-1.000000000e+00,-1.000000000e+00,-1.000000000e+00,row,0,-1.000000000e+00,-1.000000
scheme_a,double,global,global,8192,8192,32,8,2,4,15,1.375210000e-04,3.669149800e-02,1.166143000e-03,3.786136000e-02,3.786136000e-02,-1.000000000e+00,-1.000000000e+00,113.439330,117.056199,-1.000000,-1.000000000e+00,-1.000000000e+00,-1.000000000e+00,row,0,-1.000000000e+00,-1.000000
scheme_a,double,global,global,8192,8192,32,8,2,4,16,1.448460000e-04,3.736088900e-02,1.316864000e-03,3.856225400e-02,3.856225400e-02,-1.000000000e+00,-1.000000000e+00,111.377496,114.958916,-1.000000,-1.000000000e+00,-1.000000000e+00,-1.000000000e+00,row,0,-1.000000000e+00,-1.000000
scheme_a,double,global,global,8192,8192,32,8,2,4,17,1.445280000e-04,3.652641600e-02,1.205587000e-03,3.781909900e-02,3.781909900e-02,-1.000000000e+00,-1.000000000e+00,113.566093,117.585237,-1.000000,-1.000000000e+00,-1.000000000e+00,-1.000000000e+00,row,0,-1.000000000e+00,-1.000000
scheme_a,double,global,global,8192,8192,32,8,2,4,18,1.456760000e-04,3.686248800e-02,1.149354000e-03,3.813317300e-02,3.813317300e-02,-1.000000000e+00,-1.000000000e+00,112.630735,116.513223,-1.000000,-1.000000000e+00,-1.000000000e+00,-1.000000000e+00,row,0,-1.000000000e+00,-1.000000
scheme_a,double,global,global,8192,8192,32,8,2,4,19,1.367930000e-04,3.723532100e-02,1.277067000e-03,3.848426500e-02,3.848426500e-02,-1.000000000e+00,-1.000000000e+00,111.603204,115.346590,-1.000000,-1.000000000e+00,-1.000000000e+00,-1.000000000e+00,row,0,-1.000000000e+00,-1.000000
scheme_a,double,global,global,8192,8192,32,8,2,4,20,1.373840000e-04,3.687441600e-02,1.326351000e-03,3.826360200e-02,3.826360200e-02,-1.000000000e+00,-1.000000000e+00,112.246811,116.475534,-1.000000,-1.000000000e+00,-1.000000000e+00,-1.000000000e+00,row,0,-1.000000000e+00,-1.000000
scheme_a,double,global,global,8192,8192,3,8,4,2,1,5.085700000e-05,1.586476400e-02,7.561030000e-04,1.594039300e-02,1.594039300e-02,-1.000000000e+00,-1.000000000e+00,25.259928,25.380345,-1.000000,-1.000000000e+00,-1.000000000e+00,-1.000000000e+00,row,0,-1.000000000e+00,-1.000000
scheme_a,double,global,global,8192,8192,3,8,4,2,2,3.636900000e-05,1.549221300e-02,5.196930000e-04,1.554564900e-02,1.554564900e-02,-1.000000000e+00,-1.000000000e+00,25.901343,25.990682,-1.000000,-1.000000000e+00,-1.000000000e+00,-1.000000000e+00,row,0,-1.000000000e+00,-1.000000
scheme_a,double,global,global,8192,8192,3,8,4,2,3,4.547200000e-05,1.554472900e-02,5.031860000e-04,1.560759000e-02,1.560759000e-02,-1.000000000e+00,-1.000000000e+00,25.798550,25.902876,-1.000000,-1.000000000e+00,-1.000000000e+00,-1.000000000e+00,row,0,-1.000000000e+00,-1.000000
scheme_a,double,global,global,8192,8192,3,8,4,2,4,5.025300000e-05,1.543741500e-02,4.054040000e-04,1.549150600e-02,1.549150600e-02,-1.000000000e+00,-1.000000000e+00,25.991868,26.082941,-1.000000,-1.000000000e+00,-1.000000000e+00,-1.000000000e+00,row,0,-1.000000000e+00,-1.000000
scheme_a,double,global,global,8192,8192,3,8,4,2,5,3.886800000e-05,1.545977000e-02,3.310440000e-04,1.550722700e-02,1.550722700e-02,-1.000000000e+00,-1.000000000e+00,25.965518,26.045225,-1.000000,-1.000000000e+00,-1.000000000e+00,-1.000000000e+00,row,0,-1.000000000e+00,-1.000000
scheme_a,double,global,global,8192,8192,3,8,4,2,6,4.845600000e-05,1.558961300e-02,3.811300000e-04,1.563768100e-02,1.563768100e-02,-1.000000000e+00,-1.000000000e+00,25.748906,25.828299,-1.000000,-1.000000000e+00,-1.000000000e+00,-1.000000000e+00,row,0,-1.000000000e+00,-1.000000
scheme_a,double,global,global,8192,8192,3,8,4,2,7,4.881300000e-05,1.538681000e-02,5.402540000e-04,1.545521000e-02,1.545521000e-02,-1.000000000e+00,-1.000000000e+00,26.052909,26.168724,-1.000000,-1.000000000e+00,-1.000000000e+00,-1.000000000e+00,row,0,-1.000000000e+00,-1.000000
scheme_a,double,global,global,8192,8192,3,8,4,2,8,4.112500000e-05,1.565615800e-02,7.633830000e-04,1.572067100e-02,1.572067100e-02,-1.000000000e+00,-1.000000000e+00,25.612977,25.718518,-1.000000,-1.000000000e+00,-1.000000000e+00,-1.000000000e+00,row,0,-1.000000000e+00,-1.000000
scheme_a,double,global,global,8192,8192,3,8,4,2,9,4.965100000e-05,1.563176800e-02,4.599430000e-04,1.568702100e-02,1.568702100e-02,-1.000000000e+00,-1.000000000e+00,25.667919,25.758646,-1.000000,-1.000000000e+00,-1.000000000e+00,-1.000000000e+00,row,0,-1.000000000e+00,-1.000000
scheme_a,double,global,global,8192,8192,3,8,4,2,10,6.062800000e-05,1.553365200e-02,5.082480000e-04,1.559858400e-02,1.559858400e-02,-1.000000000e+00,-1.000000000e+00,25.813445,25.921347,-1.000000,-1.000000000e+00,-1.000000000e+00,-1.000000000e+00,row,0,-1.000000000e+00,-1.000000
scheme_a,double,global,global,8192,8192,3,8,4,2,11,5.233700000e-05,1.536516700e-02,3.599860000e-04,1.543232300e-02,1.543232300e-02,-1.000000000e+00,-1.000000000e+00,26.091547,26.205585,-1.000000,-1.000000000e+00,-1.000000000e+00,-1.000000000e+00,row,0,-1.000000000e+00,-1.000000
scheme_a,double,global,global,8192,8192,3,8,4,2,12,4.699800000e-05,1.568876300e-02,7.746570000e-04,1.575198200e-02,1.575198200e-02,-1.000000000e+00,-1.000000000e+00,25.562065,25.665069,-1.000000,-1.000000000e+00,-1.000000000e+00,-1.000000000e+00,row,0,-1.000000000e+00,-1.000000
scheme_a,double,global,global,8192,8192,3,8,4,2,13,4.715700000e-05,1.554065600e-02,7.562730000e-04,1.559431300e-02,1.559431300e-02,-1.000000000e+00,-1.000000000e+00,25.820514,25.909665,-1.000000,-1.000000000e+00,-1.000000000e+00,-1.000000000e+00,row,0,-1.000000000e+00,-1.000000
scheme_a,double,global,global,8192,8192,3,8,4,2,14,4.339200000e-05,1.549019500e-02,3.339760000e-04,1.553158200e-02,1.553158200e-02,-1.000000000e+00,-1.000000000e+00,25.924802,25.994068,-1.000000,-1.000000000e+00,-1.000000000e+00,-1.000000000e+00,row,0,-1.000000000e+00,-1.000000
scheme_a,double,global,global,8192,8192,3,8,4,2,15,4.869900000e-05,1.551297800e-02,7.333840000e-04,1.556774200e-02,1.556774200e-02,-1.000000000e+00,-1.000000000e+00,25.864585,25.955892,-1.000000,-1.000000000e+00,-1.000000000e+00,-1.000000000e+00,row,0,-1.000000000e+00,-1.000000
scheme_a,double,global,global,8192,8192,3,8,4,2,16,4.778800000e-05,1.548691400e-02,4.640000000e-04,1.554125800e-02,1.554125800e-02,-1.000000000e+00,-1.000000000e+00,25.908661,25.999575,-1.000000,-1.000000000e+00,-1.000000000e+00,-1.000000000e+00,row,0,-1.000000000e+00,-1.000000
scheme_a,double,global,global,8192,8192,3,8,4,2,17,5.079800000e-05,1.524898100e-02,7.969180000e-04,1.531794500e-02,1.531794500e-02,-1.000000000e+00,-1.000000000e+00,26.286371,26.405252,-1.000000,-1.000000000e+00,-1.000000000e+00,-1.000000000e+00,row,0,-1.000000000e+00,-1.000000
scheme_a,double,global,global,8192,8192,3,8,4,2,18,5.131300000e-05,1.548574100e-02,5.486600000e-04,1.555726400e-02,1.555726400e-02,-1.000000000e+00,-1.000000000e+00,25.882005,26.001545,-1.000000,-1.000000000e+00,-1.000000000e+00,-1.000000000e+00,row,0,-1.000000000e+00,-1.000000
scheme_a,double,global,global,8192,8192,3,8,4,2,19,3.645000000e-05,1.526126700e-02,5.917160000e-04,1.531658700e-02,1.531658700e-02,-1.000000000e+00,-1.000000000e+00,26.288702,26.383994,-1.000000,-1.000000000e+00,-1.000000000e+00,-1.000000000e+00,row,0,-1.000000000e+00,-1.000000
scheme_a,double,global,global,8192,8192,3,8,4,2,20,4.999200000e-05,1.550874100e-02,6.225770000e-04,1.563783700e-02,1.563783700e-02,-1.000000000e+00,-1.000000000e+00,25.748650,25.962983,-1.000000,-1.000000000e+00,-1.000000000e+00,-1.000000000e+00,row,0,-1.000000000e+00,-1.000000
scheme_a,double,global,global,8192,8192,6,8,4,2,1,7.811100000e-05,1.622815900e-02,6.659800000e-04,1.634117900e-02,1.634117900e-02,-1.000000000e+00,-1.000000000e+00,49.280800,49.624013,-1.000000,-1.000000000e+00,-1.000000000e+00,-1.000000000e+00,row,0,-1.000000000e+00,-1.000000
scheme_a,double,global,global,8192,8192,6,8,4,2,2,8.968100000e-05,1.598696400e-02,5.423540000e-04,1.609646100e-02,1.609646100e-02,-1.000000000e+00,-1.000000000e+00,50.030026,50.372689,-1.000000,-1.000000000e+00,-1.000000000e+00,-1.000000000e+00,row,0,-1.000000000e+00,-1.000000
scheme_a,double,global,global,8192,8192,6,8,4,2,3,6.799800000e-05,1.624584100e-02,4.855800000e-04,1.634445400e-02,1.634445400e-02,-1.000000000e+00,-1.000000000e+00,49.270925,49.570002,-1.000000,-1.000000000e+00,-1.000000000e+00,-1.000000000e+00,row,0,-1.000000000e+00,-1.000000
scheme_a,double,global,global,8192,8192,6,8,4,2,4,6.978300000e-05,1.597303500e-02,3.215630000e-04,1.606605900e-02,1.606605900e-02,-1.000000000e+00,-1.000000000e+00,50.124699,50.416616,-1.000000,-1.000000000e+00,-1.000000000e+00,-1.000000000e+00,row,0,-1.000000000e+00,-1.000000
scheme_a,double,global,global,8192,8192,6,8,4,2,5,7.893300000e-05,1.597969400e-02,3.817330000e-04,1.609803300e-02,1.609803300e-02,-1.000000000e+00,-1.000000000e+00,50.025141,50.395606,-1.000000,-1.000000000e+00,-1.000000000e+00,-1.000000000e+00,row,0,-1.000000000e+00,-1.000000
scheme_a,double,global,global,8192,8192,6,8,4,2,6,7.476700000e-05,1.593945600e-02,2.593320000e-04,1.604980400e-02,1.604980400e-02,-1.000000000e+00,-1.000000000e+00,50.175464,50.522826,-1.000000,-1.000000000e+00,-1.000000000e+00,-1.000000000e+00,row,0,-1.000000000e+00,-1.000000
scheme_a,double,global,global,8192,8192,6,8,4,2,7,6.663000000e-05,1.599172600e-02,3.484990000e-04,1.608147600e-02,1.608147600e-02,-1.000000000e+00,-1.000000000e+00,50.076645,50.357689,-1.000000,-1.000000000e+00,-1.000000000e+00,-1.000000000e+00,row,0,-1.000000000e+00,-1.000000
scheme_a,double,global,global,8192,8192,6,8,4,2,8,6.447800000e-05,1.622049000e-02,6.371100000e-04,1.630446900e-02,1.630446900e-02,-1.000000000e+00,-1.000000000e+00,49.391757,49.647475,-1.000000,-1.000000000e+00,-1.000000000e+00,-1.000000000e+00,row,0,-1.000000000e+00,-1.000000
scheme_a,double,global,global,8192,8192,6,8,4,2,9,8.253000000e-05,1.624822800e-02,8.736220000e-04,1.635601600e-02,1.635601600e-02,-1.000000000e+00,-1.000000000e+00,49.236096,49.562720,-1.000000,-1.000000000e+00,-1.000000000e+00,-1.000000000e+00,row,0,-1.000000000e+00,-1.000000
scheme_a,double,global,global,8192,8192,6,8,4,2,10,8.102900000e-05,1.750852400e-02,7.887500000e-04,1.762569500e-02,1.762569500e-02,-1.000000000e+00,-1.000000000e+00,45.689340,45.995103,-1.000000,-1.000000000e+00,-1.000000000e+00,-1.000000000e+00,row,0,-1.000000000e+00,-1.000000
scheme_a,double,global,global,8192,8192,6,8,4,2,11,9.358000000e-05,1.599209600e-02,3.353050000e-04,1.611309100e-02,1.611309100e-02,-1.000000000e+00,-1.000000000e+00,49.978391,50.356524,-1.000000,-1.000000000e+00,-1.000000000e+00,-1.000000000e+00,row,0,-1.000000000e+00,-1.000000
scheme_a,double,global,global,8192,8192,6,8,4,2,12,6.802900000e-05,1.598396400e-02,5.358410000e-04,1.608118900e-02,1.608118900e-02,-1.000000000e+00,-1.000000000e+00,50.077539,50.382144,-1.000000,-1.000000000e+00,-1.000000000e+00,-1.000000000e+00,row,0,-1.000000000e+00,-1.000000
scheme_a,double,global,global,8192,8192,6,8,4,2,13,7.578700000e-05,1.622924000e-02,6.053130000e-04,1.632493800e-02,1.632493800e-02,-1.000000000e+00,-1.000000000e+00,49.329827,49.620707,-1.000000,-1.000000000e+00,-1.000000000e+00,-1.000000000e+00,row,0,-1.000000000e+00,-1.000000
scheme_a,double,global,global,8192,8192,6,8,4,2,14,8.258800000e-05,1.595586800e-02,3.153250000e-04,1.607562000e-02,1.607562000e-02,-1.000000000e+00,-1.000000000e+00,50.094887,50.470859,-1.000000,-1.000000000e+00,-1.000000000e+00,-1.000000000e+00,row,0,-1.000000000e+00,-1.000000
scheme_a,double,global,global,8192,8192,6,8,4,2,15,6.978300000e-05,1.606131200e-02,4.255350000e-04,1.615057300e-02,1.615057300e-02,-1.000000000e+00,-1.000000000e+00,49.862402,50.139513,-1.000000,-1.000000000e+00,-1.000000000e+00,-1.000000000e+00,row,0,-1.000000000e+00,-1.000000
scheme_a,double,global,global,8192,8192,6,8,4,2,16,6.591900000e-05,1.622360900e-02,4.964610000e-04,1.630422900e-02,1.630422900e-02,-1.000000000e+00,-1.000000000e+00,49.392484,49.637930,-1.000000,-1.000000000e+00,-1.000000000e+00,-1.000000000e+00,row,0,-1.000000000e+00,-1.000000
scheme_a,double,global,global,8192,8192,6,8,4,2,17,7.638400000e-05,1.614529900e-02,3.938930000e-04,1.624584700e-02,1.624584700e-02,-1.000000000e+00,-1.000000000e+00,49.569984,49.878690,-1.000000,-1.000000000e+00,-1.000000000e+00,-1.000000000e+00,row,0,-1.000000000e+00,-1.000000
scheme_a,double,global,global,8192,8192,6,8,4,2,18,6.361200000e-05,1.611030300e-02,4.988650000e-04,1.620429700e-02,1.620429700e-02,-1.000000000e+00,-1.000000000e+00,49.697088,49.987040,-1.000000,-1.000000000e+00,-1.000000000e+00,-1.000000000e+00,row,0,-1.000000000e+00,-1.000000
scheme_a,double,global,global,8192,8192,6,8,4,2,19,6.683200000e-05,1.595119500e-02,2.387800000e-04,1.604167700e-02,1.604167700e-02,-1.000000000e+00,-1.000000000e+00,50.200884,50.485645,-1.000000,-1.000000000e+00,-1.000000000e+00,-1.000000000e+00,row,0,-1.000000000e+00,-1.000000
scheme_a,double,global,global,8192,8192,6,8,4,2,20,7.854300000e-05,1.613210900e-02,5.026510000e-04,1.624202400e-02,1.624202400e-02,-1.000000000e+00,-1.000000000e+00,49.581651,49.919472,-1.000000,-1.000000000e+00,-1.000000000e+00,-1.000000000e+00,row,0,-1.000000000e+00,-1.000000
scheme_a,double,global,global,8192,8192,8,8,4,2,1,1.071380000e-04,1.589338600e-02,3.126170000e-04,1.601944900e-02,1.601944900e-02,-1.000000000e+00,-1.000000000e+00,67.027388,67.559035,-1.000000,-1.000000000e+00,-1.000000000e+00,-1.000000000e+00,row,0,-1.000000000e+00,-1.000000
scheme_a,double,global,global,8192,8192,8,8,4,2,2,8.907000000e-05,1.610137100e-02,4.915620000e-04,1.622905900e-02,1.622905900e-02,-1.000000000e+00,-1.000000000e+00,66.161681,66.686360,-1.000000,-1.000000000e+00,-1.000000000e+00,-1.000000000e+00,row,0,-1.000000000e+00,-1.000000
scheme_a,double,global,global,8192,8192,8,8,4,2,3,8.451900000e-05,1.539184900e-02,4.760240000e-04,1.551545800e-02,1.551545800e-02,-1.000000000e+00,-1.000000000e+00,69.204649,69.760418,-1.000000,-1.000000000e+00,-1.000000000e+00,-1.000000000e+00,row,0,-1.000000000e+00,-1.000000
scheme_a,double,global,global,8192,8192,8,8,4,2,4,9.829900000e-05,1.572066300e-02,7.085010000e-04,1.586004500e-02,1.586004500e-02,-1.000000000e+00,-1.000000000e+00,67.701058,68.301307,-1.000000,-1.000000000e+00,-1.000000000e+00,-1.000000000e+00,row,0,-1.000000000e+00,-1.000000
scheme_a,double,global,global,8192,8192,8,8,4,2,5,1.057290000e-04,1.575817100e-02,4.004830000e-04,1.590462200e-02,1.590462200e-02,-1.000000000e+00,-1.000000000e+00,67.511307,68.138734,-1.000000,-1.000000000e+00,-1.000000000e+00,-1.000000000e+00,row,0,-1.000000000e+00,-1.000000
scheme_a,double,global,global,8192,8192,8,8,4,2,6,9.790500000e-05,1.566601500e-02,2.500610000e-04,1.579723800e-02,1.579723800e-02,-1.000000000e+00,-1.000000000e+00,67.970225,68.539563,-1.000000,-1.000000000e+00,-1.000000000e+00,-1.000000000e+00,row,0,-1.000000000e+00,-1.000000
scheme_a,double,global,global,8192,8192,8,8,4,2,7,9.530000000e-05,1.590579400e-02,2.852990000e-04,1.603760500e-02,1.603760500e-02,-1.000000000e+00,-1.000000000e+00,66.951507,67.506333,-1.000000,-1.000000000e+00,-1.000000000e+00,-1.000000000e+00,row,0,-1.000000000e+00,-1.000000
scheme_a,double,global,global,8192,8192,8,8,4,2,8,9.822900000e-05,1.551240200e-02,4.435650000e-04,1.565010700e-02,1.565010700e-02,-1.000000000e+00,-1.000000000e+00,68.609232,69.218283,-1.000000,-1.000000000e+00,-1.000000000e+00,-1.000000000e+00,row,0,-1.000000000e+00,-1.000000
scheme_a,double,global,global,8192,8192,8,8,4,2,9,1.047420000e-04,1.566957300e-02,2.505720000e-04,1.580109900e-02,1.580109900e-02,-1.000000000e+00,-1.000000000e+00,67.953617,68.524000,-1.000000,-1.000000000e+00,-1.000000000e+00,-1.000000000e+00,row,0,-1.000000000e+00,-1.000000
scheme_a,double,global,global,8192,8192,8,8,4,2,10,1.001130000e-04,1.571944700e-02,3.977290000e-04,1.582498300e-02,1.582498300e-02,-1.000000000e+00,-1.000000000e+00,67.851057,68.306590,-1.000000,-1.000000000e+00,-1.000000000e+00,-1.000000000e+00,row,0,-1.000000000e+00,-1.000000
scheme_a,double,global,global,8192,8192,8,8,4,2,11,9.462800000e-05,1.578037100e-02,4.159600000e-04,1.591585700e-02,1.591585700e-02,-1.000000000e+00,-1.000000000e+00,67.463651,68.042876,-1.000000,-1.000000000e+00,-1.000000000e+00,-1.000000000e+00,row,0,-1.000000000e+00,-1.000000
scheme_a,double,global,global,8192,8192,8,8,4,2,12,9.139700000e-05,1.695994200e-02,4.583470000e-04,1.710663900e-02,1.710663900e-02,-1.000000000e+00,-1.000000000e+00,62.767550,63.310466,-1.000000,-1.000000000e+00,-1.000000000e+00,-1.000000000e+00,row,0,-1.000000000e+00,-1.000000
scheme_a,double,global,global,8192,8192,8,8,4,2,13,1.118190000e-04,1.572947500e-02,5.444260000e-04,1.588194200e-02,1.588194200e-02,-1.000000000e+00,-1.000000000e+00,67.607716,68.263043,-1.000000,-1.000000000e+00,-1.000000000e+00,-1.000000000e+00,row,0,-1.000000000e+00,-1.000000
scheme_a,double,global,global,8192,8192,8,8,4,2,14,9.011000000e-05,1.560805700e-02,2.407320000e-04,1.572239000e-02,1.572239000e-02,-1.000000000e+00,-1.000000000e+00,68.293804,68.794074,-1.000000,-1.000000000e+00,-1.000000000e+00,-1.000000000e+00,row,0,-1.000000000e+00,-1.000000
scheme_a,double,global,global,8192,8192,8,8,4,2,15,9.526300000e-05,1.566913400e-02,3.831130000e-04,1.580206600e-02,1.580206600e-02,-1.000000000e+00,-1.000000000e+00,67.949458,68.525920,-1.000000,-1.000000000e+00,-1.000000000e+00,-1.000000000e+00,row,0,-1.000000000e+00,-1.000000
scheme_a,double,global,global,8192,8192,8,8,4,2,16,1.006340000e-04,1.556848500e-02,4.452890000e-04,1.571076900e-02,1.571076900e-02,-1.000000000e+00,-1.000000000e+00,68.344320,68.968935,-1.000000,-1.000000000e+00,-1.000000000e+00,-1.000000000e+00,row,0,-1.000000000e+00,-1.000000
scheme_a,double,global,global,8192,8192,8,8,4,2,17,8.063800000e-05,1.560586600e-02,5.842940000e-04,1.572832900e-02,1.572832900e-02,-1.000000000e+00,-1.000000000e+00,68.268017,68.803732,-1.000000,-1.000000000e+00,-1.000000000e+00,-1.000000000e+00,row,0,-1.000000000e+00,-1.000000
scheme_a,double,global,global,8192,8192,8,8,4,2,18,8.487200000e-05,1.551580100e-02,3.497980000e-04,1.563847700e-02,1.563847700e-02,-1.000000000e+00,-1.000000000e+00,68.660255,69.203119,-1.000000,-1.000000000e+00,-1.000000000e+00,-1.000000000e+00,row,0,-1.000000000e+00,-1.000000
scheme_a,double,global,global,8192,8192,8,8,4,2,19,1.006260000e-04,1.554723900e-02,4.466910000e-04,1.565568500e-02,1.565568500e-02,-1.000000000e+00,-1.000000000e+00,68.584787,69.063184,-1.000000,-1.000000000e+00,-1.000000000e+00,-1.000000000e+00,row,0,-1.000000000e+00,-1.000000
scheme_a,double,global,global,8192,8192,8,8,4,2,20,9.210600000e-05,1.572313300e-02,4.013420000e-04,1.585519900e-02,1.585519900e-02,-1.000000000e+00,-1.000000000e+00,67.721750,68.290577,-1.000000,-1.000000000e+00,-1.000000000e+00,-1.000000000e+00,row,0,-1.000000000e+00,-1.000000
scheme_a,double,global,global,8192,8192,20,8,4,2,1,2.290520000e-04,2.250151000e-02,1.502388000e-03,2.282868900e-02,2.282868900e-02,-1.000000000e+00,-1.000000000e+00,117.586891,119.296641,-1.000000,-1.000000000e+00,-1.000000000e+00,-1.000000000e+00,row,0,-1.000000000e+00,-1.000000
scheme_a,double,global,global,8192,8192,20,8,4,2,2,2.430190000e-04,2.256705500e-02,1.655725000e-03,2.290980200e-02,2.290980200e-02,-1.000000000e+00,-1.000000000e+00,117.170570,118.950149,-1.000000,-1.000000000e+00,-1.000000000e+00,-1.000000000e+00,row,0,-1.000000000e+00,-1.000000
scheme_a,double,global,global,8192,8192,20,8,4,2,3,2.436360000e-04,2.234889200e-02,1.693273000e-03,2.270505800e-02,2.270505800e-02,-1.000000000e+00,-1.000000000e+00,118.227162,120.111304,-1.000000,-1.000000000e+00,-1.000000000e+00,-1.000000000e+00,row,0,-1.000000000e+00,-1.000000
scheme_a,double,global,global,8192,8192,20,8,4,2,4,2.586400000e-04,2.237853100e-02,1.827770000e-03,2.272289900e-02,2.272289900e-02,-1.000000000e+00,-1.000000000e+00,118.134335,119.952224,-1.000000,-1.000000000e+00,-1.000000000e+00,-1.000000000e+00,row,0,-1.000000000e+00,-1.000000
scheme_a,double,global,global,8192,8192,20,8,4,2,5,2.600240000e-04,2.201076300e-02,1.850882000e-03,2.236791400e-02,2.236791400e-02,-1.000000000e+00,-1.000000000e+00,120.009160,121.956452,-1.000000,-1.000000000e+00,-1.000000000e+00,-1.000000000e+00,row,0,-1.000000000e+00,-1.000000
scheme_a,double,global,global,8192,8192,20,8,4,2,6,2.440200000e-04,2.224266900e-02,1.786264000e-03,2.258396400e-02,2.258396400e-02,-1.000000000e+00,-1.000000000e+00,118.861089,120.684912,-1.000000,-1.000000000e+00,-1.000000000e+00,-1.000000000e+00,row,0,-1.000000000e+00,-1.000000
scheme_a,double,global,global,8192,8192,20,8,4,2,7,2.579650000e-04,2.209291900e-02,1.742822000e-03,2.245048800e-02,2.245048800e-02,-1.000000000e+00,-1.000000000e+00,119.567760,121.502938,-1.000000,-1.000000000e+00,-1.000000000e+00,-1.000000000e+00,row,0,-1.000000000e+00,-1.000000
scheme_a,double,global,global,8192,8192,20,8,4,2,8,2.300450000e-04,2.255293700e-02,1.676135000e-03,2.287175800e-02,2.287175800e-02,-1.000000000e+00,-1.000000000e+00,117.365467,119.024611,-1.000000,-1.000000000e+00,-1.000000000e+00,-1.000000000e+00,row,0,-1.000000000e+00,-1.000000
scheme_a,double,global,global,8192,8192,20,8,4,2,9,2.417840000e-04,2.216455000e-02,1.589453000e-03,2.249733600e-02,2.249733600e-02,-1.000000000e+00,-1.000000000e+00,119.318774,121.110267,-1.000000,-1.000000000e+00,-1.000000000e+00,-1.000000000e+00,row,0,-1.000000000e+00,-1.000000
scheme_a,double,global,global,8192,8192,20,8,4,2,10,2.207810000e-04,2.214120300e-02,1.575378000e-03,2.245839400e-02,2.245839400e-02,-1.000000000e+00,-1.000000000e+00,119.525669,121.237972,-1.000000,-1.000000000e+00,-1.000000000e+00,-1.000000000e+00,row,0,-1.000000000e+00,-1.000000
scheme_a,double,global,global,8192,8192,20,8,4,2,11,2.254420000e-04,2.239648900e-02,1.830007000e-03,2.272015800e-02,2.272015800e-02,-1.000000000e+00,-1.000000000e+00,118.148587,119.856044,-1.000000,-1.000000000e+00,-1.000000000e+00,-1.000000000e+00,row,0,-1.000000000e+00,-1.000000
scheme_a,double,global,global,8192,8192,20,8,4,2,12,2.294510000e-04,2.402115700e-02,1.638946000e-03,2.436697200e-02,2.436697200e-02,-1.000000000e+00,-1.000000000e+00,110.163649,111.749595,-1.000000,-1.000000000e+00,-1.000000000e+00,-1.000000000e+00,row,0,-1.000000000e+00,-1.000000
scheme_a,double,global,global,8192,8192,20,8,4,2,13,2.477230000e-04,2.338074700e-02,1.432383000e-03,2.373373200e-02,2.373373200e-02,-1.000000000e+00,-1.000000000e+00,113.102927,114.810470,-1.000000,-1.000000000e+00,-1.000000000e+00,-1.000000000e+00,row,0,-1.000000000e+00,-1.000000
scheme_a,double,global,global,8192,8192,20,8,4,2,14,2.468140000e-04,2.326169700e-02,1.651945000e-03,2.360993600e-02,2.360993600e-02,-1.000000000e+00,-1.000000000e+00,113.695969,115.398054,-1.000000,-1.000000000e+00,-1.000000000e+00,-1.000000000e+00,row,0,-1.000000000e+00,-1.000000
scheme_a,double,global,global,8192,8192,20,8,4,2,15,2.407260000e-04,2.222640500e-02,1.614903000e-03,2.255430900e-02,2.255430900e-02,-1.000000000e+00,-1.000000000e+00,119.017371,120.773223,-1.000000,-1.000000000e+00,-1.000000000e+00,-1.000000000e+00,row,0,-1.000000000e+00,-1.000000
scheme_a,double,global,global,8192,8192,20,8,4,2,16,2.271890000e-04,2.261053400e-02,1.564002000e-03,2.293414500e-02,2.293414500e-02,-1.000000000e+00,-1.000000000e+00,117.046202,118.721414,-1.000000,-1.000000000e+00,-1.000000000e+00,-1.000000000e+00,row,0,-1.000000000e+00,-1.000000
scheme_a,double,global,global,8192,8192,20,8,4,2,17,2.235570000e-04,2.238507600e-02,1.372130000e-03,2.270441300e-02,2.270441300e-02,-1.000000000e+00,-1.000000000e+00,118.230520,119.917152,-1.000000,-1.000000000e+00,-1.000000000e+00,-1.000000000e+00,row,0,-1.000000000e+00,-1.000000
scheme_a,double,global,global,8192,8192,20,8,4,2,18,2.320890000e-04,2.209213300e-02,1.622747000e-03,2.241709700e-02,2.241709700e-02,-1.000000000e+00,-1.000000000e+00,119.745860,121.507261,-1.000000,-1.000000000e+00,-1.000000000e+00,-1.000000000e+00,row,0,-1.000000000e+00,-1.000000
scheme_a,double,global,global,8192,8192,20,8,4,2,19,2.164400000e-04,2.231879300e-02,1.554234000e-03,2.262198700e-02,2.262198700e-02,-1.000000000e+00,-1.000000000e+00,118.661308,120.273285,-1.000000,-1.000000000e+00,-1.000000000e+00,-1.000000000e+00,row,0,-1.000000000e+00,-1.000000
scheme_a,double,global,global,8192,8192,20,8,4,2,20,2.472380000e-04,2.252453100e-02,1.697666000e-03,2.294234100e-02,2.294234100e-02,-1.000000000e+00,-1.000000000e+00,117.004388,119.174715,-1.000000,-1.000000000e+00,-1.000000000e+00,-1.000000000e+00,row,0,-1.000000000e+00,-1.000000
scheme_a,double,global,global,8192,8192,32,8,4,2,1,7.149980000e-04,6.798472000e-02,5.857067000e-03,6.893499900e-02,6.893499900e-02,-1.000000000e+00,-1.000000000e+00,62.304596,63.175480,-1.000000,-1.000000000e+00,-1.000000000e+00,-1.000000000e+00,row,0,-1.000000000e+00,-1.000000
scheme_a,double,global,global,8192,8192,32,8,4,2,2,7.219450000e-04,6.830254100e-02,5.547977000e-03,6.925707400e-02,6.925707400e-02,-1.000000000e+00,-1.000000000e+00,62.014853,62.881516,-1.000000,-1.000000000e+00,-1.000000000e+00,-1.000000000e+00,row,0,-1.000000000e+00,-1.000000
scheme_a,double,global,global,8192,8192,32,8,4,2,3,6.739880000e-04,6.850701200e-02,5.165575000e-03,6.941351900e-02,6.941351900e-02,-1.000000000e+00,-1.000000000e+00,61.875084,62.693835,-1.000000,-1.000000000e+00,-1.000000000e+00,-1.000000000e+00,row,0,-1.000000000e+00,-1.000000
scheme_a,double,global,global,8192,8192,32,8,4,2,4,7.100000000e-04,6.850591200e-02,5.421691000e-03,6.978222100e-02,6.978222100e-02,-1.000000000e+00,-1.000000000e+00,61.548160,62.694842,-1.000000,-1.000000000e+00,-1.000000000e+00,-1.000000000e+00,row,0,-1.000000000e+00,-1.000000
scheme_a,double,global,global,8192,8192,32,8,4,2,5,9.153600000e-04,6.987191200e-02,6.169425000e-03,7.104490300e-02,7.104490300e-02,-1.000000000e+00,-1.000000000e+00,60.454264,61.469154,-1.000000,-1.000000000e+00,-1.000000000e+00,-1.000000000e+00,row,0,-1.000000000e+00,-1.000000
scheme_a,double,global,global,8192,8192,32,8,4,2,6,7.351120000e-04,6.827886500e-02,4.901557000e-03,6.924169000e-02,6.924169000e-02,-1.000000000e+00,-1.000000000e+00,62.028632,62.903320,-1.000000,-1.000000000e+00,-1.000000000e+00,-1.000000000e+00,row,0,-1.000000000e+00,-1.000000
scheme_a,double,global,global,8192,8192,32,8,4,2,7,6.916650000e-04,6.833816000e-02,5.225725000e-03,6.925774100e-02,6.925774100e-02,-1.000000000e+00,-1.000000000e+00,62.014256,62.848741,-1.000000,-1.000000000e+00,-1.000000000e+00,-1.000000000e+00,row,0,-1.000000000e+00,-1.000000
scheme_a,double,global,global,8192,8192,32,8,4,2,8,6.752250000e-04,6.856655300e-02,5.200292000e-03,6.947136500e-02,6.947136500e-02,-1.000000000e+00,-1.000000000e+00,61.823563,62.639394,-1.000000,-1.000000000e+00,-1.000000000e+00,-1.000000000e+00,row,0,-1.000000000e+00,-1.000000
scheme_a,double,global,global,8192,8192,32,8,4,2,9,6.868240000e-04,6.831769200e-02,4.995956000e-03,6.923908100e-02,6.923908100e-02,-1.000000000e+00,-1.000000000e+00,62.030969,62.867570,-1.000000,-1.000000000e+00,-1.000000000e+00,-1.000000000e+00,row,0,-1.000000000e+00,-1.000000
scheme_a,double,global,global,8192,8192,32,8,4,2,10,7.067850000e-04,6.848957200e-02,5.419531000e-03,6.943667200e-02,6.943667200e-02,-1.000000000e+00,-1.000000000e+00,61.854452,62.709799,-1.000000,-1.000000000e+00,-1.000000000e+00,-1.000000000e+00,row,0,-1.000000000e+00,-1.000000
scheme_a,double,global,global,8192,8192,32,8,4,2,11,7.296230000e-04,6.835654100e-02,5.260496000e-03,6.931371600e-02,6.931371600e-02,-1.000000000e+00,-1.000000000e+00,61.964176,62.831841,-1.000000,-1.000000000e+00,-1.000000000e+00,-1.000000000e+00,row,0,-1.000000000e+00,-1.000000
scheme_a,double,global,global,8192,8192,32,8,4,2,12,6.751520000e-04,6.848597900e-02,5.179448000e-03,6.939131200e-02,6.939131200e-02,-1.000000000e+00,-1.000000000e+00,61.894885,62.713089,-1.000000,-1.000000000e+00,-1.000000000e+00,-1.000000000e+00,row,0,-1.000000000e+00,-1.000000
scheme_a,double,global,global,8192,8192,32,8,4,2,13,7.092670000e-04,6.814160500e-02,6.170735000e-03,6.907950300e-02,6.907950300e-02,-1.000000000e+00,-1.000000000e+00,62.174265,63.030028,-1.000000,-1.000000000e+00,-1.000000000e+00,-1.000000000e+00,row,0,-1.000000000e+00,-1.000000
scheme_a,double,global,global,8192,8192,32,8,4,2,14,7.047120000e-04,6.993281300e-02,5.144916000e-03,7.090937500e-02,7.090937500e-02,-1.000000000e+00,-1.000000000e+00,60.569809,61.415623,-1.000000,-1.000000000e+00,-1.000000000e+00,-1.000000000e+00,row,0,-1.000000000e+00,-1.000000
scheme_a,double,global,global,8192,8192,32,8,4,2,15,7.297840000e-04,6.827851000e-02,4.800157000e-03,6.924146200e-02,6.924146200e-02,-1.000000000e+00,-1.000000000e+00,62.028836,62.903647,-1.000000,-1.000000000e+00,-1.000000000e+00,-1.000000000e+00,row,0,-1.000000000e+00,-1.000000
scheme_a,double,global,global,8192,8192,32,8,4,2,16,6.912090000e-04,6.836113000e-02,5.280415000e-03,6.928498200e-02,6.928498200e-02,-1.000000000e+00,-1.000000000e+00,61.989874,62.827623,-1.000000,-1.000000000e+00,-1.000000000e+00,-1.000000000e+00,row,0,-1.000000000e+00,-1.000000
scheme_a,double,global,global,8192,8192,32,8,4,2,17,7.058430000e-04,6.851642100e-02,5.428069000e-03,6.945457000e-02,6.945457000e-02,-1.000000000e+00,-1.000000000e+00,61.838513,62.685225,-1.000000,-1.000000000e+00,-1.000000000e+00,-1.000000000e+00,row,0,-1.000000000e+00,-1.000000
scheme_a,double,global,global,8192,8192,32,8,4,2,18,6.967630000e-04,6.856524200e-02,5.199042000e-03,6.948828200e-02,6.948828200e-02,-1.000000000e+00,-1.000000000e+00,61.808512,62.640591,-1.000000,-1.000000000e+00,-1.000000000e+00,-1.000000000e+00,row,0,-1.000000000e+00,-1.000000
scheme_a,double,global,global,8192,8192,32,8,4,2,19,6.878030000e-04,6.869061900e-02,5.450397000e-03,6.960832700e-02,6.960832700e-02,-1.000000000e+00,-1.000000000e+00,61.701918,62.526257,-1.000000,-1.000000000e+00,-1.000000000e+00,-1.000000000e+00,row,0,-1.000000000e+00,-1.000000
scheme_a,double,global,global,8192,8192,32,8,4,2,20,7.073590000e-04,6.882654300e-02,5.537710000e-03,6.975948800e-02,6.975948800e-02,-1.000000000e+00,-1.000000000e+00,61.568217,62.402775,-1.000000,-1.000000000e+00,-1.000000000e+00,-1.000000000e+00,row,0,-1.000000000e+00,-1.000000
scheme_a,double,global,global,8192,8192,3,8,8,1,1,1.097430000e-04,1.596418000e-02,6.873000000e-06,1.607704000e-02,1.607704000e-02,-1.000000000e+00,-1.000000000e+00,25.045231,25.222290,-1.000000,-1.000000000e+00,-1.000000000e+00,-1.000000000e+00,row,0,-1.000000000e+00,-1.000000
scheme_a,double,global,global,8192,8192,3,8,8,1,2,1.100790000e-04,1.537005700e-02,7.656000000e-06,1.548407400e-02,1.548407400e-02,-1.000000000e+00,-1.000000000e+00,26.004344,26.197247,-1.000000,-1.000000000e+00,-1.000000000e+00,-1.000000000e+00,row,0,-1.000000000e+00,-1.000000
scheme_a,double,global,global,8192,8192,3,8,8,1,3,1.071270000e-04,1.548981200e-02,7.781000000e-06,1.559618300e-02,1.559618300e-02,-1.000000000e+00,-1.000000000e+00,25.817419,25.994711,-1.000000,-1.000000000e+00,-1.000000000e+00,-1.000000000e+00,row,0,-1.000000000e+00,-1.000000
scheme_a,double,global,global,8192,8192,3,8,8,1,4,1.052050000e-04,1.559499600e-02,7.268000000e-06,1.570280100e-02,1.570280100e-02,-1.000000000e+00,-1.000000000e+00,25.642125,25.819384,-1.000000,-1.000000000e+00,-1.000000000e+00,-1.000000000e+00,row,0,-1.000000000e+00,-1.000000
scheme_a,double,global,global,8192,8192,3,8,8,1,5,1.215450000e-04,1.686106100e-02,1.771700000e-05,1.697533800e-02,1.697533800e-02,-1.000000000e+00,-1.000000000e+00,23.719892,23.880655,-1.000000,-1.000000000e+00,-1.000000000e+00,-1.000000000e+00,row,0,-1.000000000e+00,-1.000000
scheme_a,double,global,global,8192,8192,3,8,8,1,6,1.196720000e-04,1.548459600e-02,6.770000000e-06,1.560686400e-02,1.560686400e-02,-1.000000000e+00,-1.000000000e+00,25.799750,26.003467,-1.000000,-1.000000000e+00,-1.000000000e+00,-1.000000000e+00,row,0,-1.000000000e+00,-1.000000
scheme_a,double,global,global,8192,8192,3,8,8,1,7,1.077830000e-04,1.572337700e-02,6.805000000e-06,1.583316800e-02,1.583316800e-02,-1.000000000e+00,-1.000000000e+00,25.430993,25.608569,-1.000000,-1.000000000e+00,-1.000000000e+00,-1.000000000e+00,row,0,-1.000000000e+00,-1.000000
scheme_a,double,global,global,8192,8192,3,8,8,1,8,1.088130000e-04,1.535075700e-02,7.030000000e-06,1.546153000e-02,1.546153000e-02,-1.000000000e+00,-1.000000000e+00,26.042260,26.230184,-1.000000,-1.000000000e+00,-1.000000000e+00,-1.000000000e+00,row,0,-1.000000000e+00,-1.000000
scheme_a,double,global,global,8192,8192,3,8,8,1,9,1.090660000e-04,1.544429500e-02,7.388000000e-06,1.555741500e-02,1.555741500e-02,-1.000000000e+00,-1.000000000e+00,25.881754,26.071322,-1.000000,-1.000000000e+00,-1.000000000e+00,-1.000000000e+00,row,0,-1.000000000e+00,-1.000000
scheme_a,double,global,global,8192,8192,3,8,8,1,10,1.182590000e-04,1.542476900e-02,7.361000000e-06,1.554646100e-02,1.554646100e-02,-1.000000000e+00,-1.000000000e+00,25.899990,26.104325,-1.000000,-1.000000000e+00,-1.000000000e+00,-1.000000000e+00,row,0,-1.000000000e+00,-1.000000
scheme_a,double,global,global,8192,8192,3,8,8,1,11,1.106370000e-04,1.527284200e-02,6.780000000e-06,1.538854300e-02,1.538854300e-02,-1.000000000e+00,-1.000000000e+00,26.165777,26.363999,-1.000000,-1.000000000e+00,-1.000000000e+00,-1.000000000e+00,row,0,-1.000000000e+00,-1.000000
scheme_a,double,global,global,8192,8192,3,8,8,1,12,1.055350000e-04,1.552192800e-02,6.331000000e-06,1.563100900e-02,1.563100900e-02,-1.000000000e+00,-1.000000000e+00,25.759897,25.940926,-1.000000,-1.000000000e+00,-1.000000000e+00,-1.000000000e+00,row,0,-1.000000000e+00,-1.000000
scheme_a,double,global,global,8192,8192,3,8,8,1,13,1.162910000e-04,1.537766200e-02,7.121000000e-06,1.549844100e-02,1.549844100e-02,-1.000000000e+00,-1.000000000e+00,25.980238,26.184291,-1.000000,-1.000000000e+00,-1.000000000e+00,-1.000000000e+00,row,0,-1.000000000e+00,-1.000000
scheme_a,double,global,global,8192,8192,3,8,8,1,14,1.067870000e-04,1.549608000e-02,6.976000000e-06,1.560184600e-02,1.560184600e-02,-1.000000000e+00,-1.000000000e+00,25.808048,25.984196,-1.000000,-1.000000000e+00,-1.000000000e+00,-1.000000000e+00,row,0,-1.000000000e+00,-1.000000
scheme_a,double,global,global,8192,8192,3,8,8,1,15,1.104190000e-04,1.544702600e-02,7.271000000e-06,1.556092300e-02,1.556092300e-02,-1.000000000e+00,-1.000000000e+00,25.875919,26.066712,-1.000000,-1.000000000e+00,-1.000000000e+00,-1.000000000e+00,row,0,-1.000000000e+00,-1.000000
scheme_a,double,global,global,8192,8192,3,8,8,1,16,1.125200000e-04,1.540507900e-02,7.454000000e-06,1.551976800e-02,1.551976800e-02,-1.000000000e+00,-1.000000000e+00,25.944536,26.137690,-1.000000,-1.000000000e+00,-1.000000000e+00,-1.000000000e+00,row,0,-1.000000000e+00,-1.000000
scheme_a,double,global,global,8192,8192,3,8,8,1,17,1.093030000e-04,1.539291500e-02,8.106000000e-06,1.550346200e-02,1.550346200e-02,-1.000000000e+00,-1.000000000e+00,25.971824,26.158345,-1.000000,-1.000000000e+00,-1.000000000e+00,-1.000000000e+00,row,0,-1.000000000e+00,-1.000000
scheme_a,double,global,global,8192,8192,3,8,8,1,18,1.111930000e-04,1.539759400e-02,8.669000000e-06,1.550763400e-02,1.550763400e-02,-1.000000000e+00,-1.000000000e+00,25.964837,26.150396,-1.000000,-1.000000000e+00,-1.000000000e+00,-1.000000000e+00,row,0,-1.000000000e+00,-1.000000
scheme_a,double,global,global,8192,8192,3,8,8,1,19,1.081630000e-04,1.546362100e-02,7.150000000e-06,1.557330100e-02,1.557330100e-02,-1.000000000e+00,-1.000000000e+00,25.855352,26.038739,-1.000000,-1.000000000e+00,-1.000000000e+00,-1.000000000e+00,row,0,-1.000000000e+00,-1.000000
scheme_a,double,global,global,8192,8192,3,8,8,1,20,1.115590000e-04,1.562909000e-02,7.678000000e-06,1.574620600e-02,1.574620600e-02,-1.000000000e+00,-1.000000000e+00,25.571441,25.763060,-1.000000,-1.000000000e+00,-1.000000000e+00,-1.000000000e+00,row,0,-1.000000000e+00,-1.000000
scheme_a,double,global,global,8192,8192,6,8,8,1,1,2.145740000e-04,1.551106100e-02,1.424300000e-05,1.573385900e-02,1.573385900e-02,-1.000000000e+00,-1.000000000e+00,51.183017,51.918200,-1.000000,-1.000000000e+00,-1.000000000e+00,-1.000000000e+00,row,0,-1.000000000e+00,-1.000000
scheme_a,double,global,global,8192,8192,6,8,8,1,2,2.058590000e-04,1.704813700e-02,1.233200000e-05,1.726268000e-02,1.726268000e-02,-1.000000000e+00,-1.000000000e+00,46.650136,47.237207,-1.000000,-1.000000000e+00,-1.000000000e+00,-1.000000000e+00,row,0,-1.000000000e+00,-1.000000
scheme_a,double,global,global,8192,8192,6,8,8,1,3,2.333580000e-04,1.561375800e-02,1.089900000e-05,1.585639800e-02,1.585639800e-02,-1.000000000e+00,-1.000000000e+00,50.787472,51.576716,-1.000000,-1.000000000e+00,-1.000000000e+00,-1.000000000e+00,row,0,-1.000000000e+00,-1.000000
scheme_a,double,global,global,8192,8192,6,8,8,1,4,2.163960000e-04,1.563950300e-02,1.132100000e-05,1.586181600e-02,1.586181600e-02,-1.000000000e+00,-1.000000000e+00,50.770124,51.491813,-1.000000,-1.000000000e+00,-1.000000000e+00,-1.000000000e+00,row,0,-1.000000000e+00,-1.000000
scheme_a,double,global,global,8192,8192,6,8,8,1,5,2.211520000e-04,1.537073800e-02,1.022900000e-05,1.560005500e-02,1.560005500e-02,-1.000000000e+00,-1.000000000e+00,51.622021,52.392173,-1.000000,-1.000000000e+00,-1.000000000e+00,-1.000000000e+00,row,0,-1.000000000e+00,-1.000000
scheme_a,double,global,global,8192,8192,6,8,8,1,6,2.076590000e-04,1.568813000e-02,1.030600000e-05,1.589860200e-02,1.589860200e-02,-1.000000000e+00,-1.000000000e+00,50.652653,51.332209,-1.000000,-1.000000000e+00,-1.000000000e+00,-1.000000000e+00,row,0,-1.000000000e+00,-1.000000
scheme_a,double,global,global,8192,8192,6,8,8,1,7,2.329510000e-04,1.535865600e-02,1.097000000e-05,1.559285600e-02,1.559285600e-02,-1.000000000e+00,-1.000000000e+00,51.645854,52.433388,-1.000000,-1.000000000e+00,-1.000000000e+00,-1.000000000e+00,row,0,-1.000000000e+00,-1.000000
scheme_a,double,global,global,8192,8192,6,8,8,1,8,2.094100000e-04,1.554796200e-02,1.019300000e-05,1.576523200e-02,1.576523200e-02,-1.000000000e+00,-1.000000000e+00,51.081162,51.794979,-1.000000,-1.000000000e+00,-1.000000000e+00,-1.000000000e+00,row,0,-1.000000000e+00,-1.000000
scheme_a,double,global,global,8192,8192,6,8,8,1,9,2.038560000e-04,1.592831000e-02,1.112800000e-05,1.613772100e-02,1.613772100e-02,-1.000000000e+00,-1.000000000e+00,49.902112,50.558180,-1.000000,-1.000000000e+00,-1.000000000e+00,-1.000000000e+00,row,0,-1.000000000e+00,-1.000000
scheme_a,double,global,global,8192,8192,6,8,8,1,10,2.123580000e-04,1.539629400e-02,1.440700000e-05,1.561913000e-02,1.561913000e-02,-1.000000000e+00,-1.000000000e+00,51.558977,52.305209,-1.000000,-1.000000000e+00,-1.000000000e+00,-1.000000000e+00,row,0,-1.000000000e+00,-1.000000
scheme_a,double,global,global,8192,8192,6,8,8,1,11,1.673238000e-03,1.562627600e-02,1.170800000e-05,1.730289800e-02,1.730289800e-02,-1.000000000e+00,-1.000000000e+00,46.541705,51.535399,-1.000000,-1.000000000e+00,-1.000000000e+00,-1.000000000e+00,row,0,-1.000000000e+00,-1.000000
scheme_a,double,global,global,8192,8192,6,8,8,1,12,2.119870000e-04,1.567916800e-02,1.189400000e-05,1.589300600e-02,1.589300600e-02,-1.000000000e+00,-1.000000000e+00,50.670488,51.361550,-1.000000,-1.000000000e+00,-1.000000000e+00,-1.000000000e+00,row,0,-1.000000000e+00,-1.000000
scheme_a,double,global,global,8192,8192,6,8,8,1,13,2.174530000e-04,1.554946200e-02,1.048300000e-05,1.577570900e-02,1.577570900e-02,-1.000000000e+00,-1.000000000e+00,51.047238,51.789983,-1.000000,-1.000000000e+00,-1.000000000e+00,-1.000000000e+00,row,0,-1.000000000e+00,-1.000000
scheme_a,double,global,global,8192,8192,6,8,8,1,14,2.093020000e-04,1.574784900e-02,1.290800000e-05,1.596612800e-02,1.596612800e-02,-1.000000000e+00,-1.000000000e+00,50.438426,51.137547,-1.000000,-1.000000000e+00,-1.000000000e+00,-1.000000000e+00,row,0,-1.000000000e+00,-1.000000
scheme_a,double,global,global,8192,8192,6,8,8,1,15,2.145670000e-04,1.571627400e-02,1.147600000e-05,1.593057900e-02,1.593057900e-02,-1.000000000e+00,-1.000000000e+00,50.550979,51.240286,-1.000000,-1.000000000e+00,-1.000000000e+00,-1.000000000e+00,row,0,-1.000000000e+00,-1.000000
scheme_a,double,global,global,8192,8192,6,8,8,1,16,2.036140000e-04,1.568845300e-02,1.043100000e-05,1.590048400e-02,1.590048400e-02,-1.000000000e+00,-1.000000000e+00,50.646658,51.331152,-1.000000,-1.000000000e+00,-1.000000000e+00,-1.000000000e+00,row,0,-1.000000000e+00,-1.000000
scheme_a,double,global,global,8192,8192,6,8,8,1,17,2.191170000e-04,1.563447600e-02,1.011800000e-05,1.585422100e-02,1.585422100e-02,-1.000000000e+00,-1.000000000e+00,50.794446,51.508370,-1.000000,-1.000000000e+00,-1.000000000e+00,-1.000000000e+00,row,0,-1.000000000e+00,-1.000000
scheme_a,double,global,global,8192,8192,6,8,8,1,18,2.048750000e-04,1.548427200e-02,1.102400000e-05,1.569600400e-02,1.569600400e-02,-1.000000000e+00,-1.000000000e+00,51.306458,52.008023,-1.000000,-1.000000000e+00,-1.000000000e+00,-1.000000000e+00,row,0,-1.000000000e+00,-1.000000
scheme_a,double,global,global,8192,8192,6,8,8,1,19,2.086890000e-04,1.584948400e-02,2.022300000e-05,1.605881200e-02,1.605881200e-02,-1.000000000e+00,-1.000000000e+00,50.147319,50.809627,-1.000000,-1.000000000e+00,-1.000000000e+00,-1.000000000e+00,row,0,-1.000000000e+00,-1.000000
scheme_a,double,global,global,8192,8192,6,8,8,1,20,2.111470000e-04,1.556340300e-02,1.070700000e-05,1.577392600e-02,1.577392600e-02,-1.000000000e+00,-1.000000000e+00,51.053008,51.743592,-1.000000,-1.000000000e+00,-1.000000000e+00,-1.000000000e+00,row,0,-1.000000000e+00,-1.000000
scheme_a,double,global,global,8192,8192,8,8,8,1,1,2.860330000e-04,1.555603700e-02,1.368000000e-05,1.584003100e-02,1.584003100e-02,-1.000000000e+00,-1.000000000e+00,67.786599,69.024124,-1.000000,-1.000000000e+00,-1.000000000e+00,-1.000000000e+00,row,0,-1.000000000e+00,-1.000000
scheme_a,double,global,global,8192,8192,8,8,8,1,2,3.012170000e-04,1.602041300e-02,1.341000000e-05,1.628703300e-02,1.628703300e-02,-1.000000000e+00,-1.000000000e+00,65.926177,67.023355,-1.000000,-1.000000000e+00,-1.000000000e+00,-1.000000000e+00,row,0,-1.000000000e+00,-1.000000
scheme_a,double,global,global,8192,8192,8,8,8,1,3,2.897840000e-04,1.570593900e-02,1.729500000e-05,1.600790700e-02,1.600790700e-02,-1.000000000e+00,-1.000000000e+00,67.075716,68.365338,-1.000000,-1.000000000e+00,-1.000000000e+00,-1.000000000e+00,row,0,-1.000000000e+00,-1.000000
scheme_a,double,global,global,8192,8192,8,8,8,1,4,2.905910000e-04,1.567874000e-02,1.605200000e-05,1.596641500e-02,1.596641500e-02,-1.000000000e+00,-1.000000000e+00,67.250026,68.483936,-1.000000,-1.000000000e+00,-1.000000000e+00,-1.000000000e+00,row,0,-1.000000000e+00,-1.000000
scheme_a,double,global,global,8192,8192,8,8,8,1,5,3.054400000e-04,1.567428100e-02,2.473200000e-05,1.598105900e-02,1.598105900e-02,-1.000000000e+00,-1.000000000e+00,67.188402,68.503418,-1.000000,-1.000000000e+00,-1.000000000e+00,-1.000000000e+00,row,0,-1.000000000e+00,-1.000000
scheme_a,double,global,global,8192,8192,8,8,8,1,6,2.840500000e-04,1.556110800e-02,1.700900000e-05,1.583210700e-02,1.583210700e-02,-1.000000000e+00,-1.000000000e+00,67.820526,69.001630,-1.000000,-1.000000000e+00,-1.000000000e+00,-1.000000000e+00,row,0,-1.000000000e+00,-1.000000
scheme_a,double,global,global,8192,8192,8,8,8,1,7,3.186160000e-04,1.561196000e-02,1.399100000e-05,1.593491300e-02,1.593491300e-02,-1.000000000e+00,-1.000000000e+00,67.382974,68.776875,-1.000000,-1.000000000e+00,-1.000000000e+00,-1.000000000e+00,row,0,-1.000000000e+00,-1.000000
scheme_a,double,global,global,8192,8192,8,8,8,1,8,3.044520000e-04,1.614519400e-02,1.398500000e-05,1.645046700e-02,1.645046700e-02,-1.000000000e+00,-1.000000000e+00,65.271206,66.505353,-1.000000,-1.000000000e+00,-1.000000000e+00,-1.000000000e+00,row,0,-1.000000000e+00,-1.000000
scheme_a,double,global,global,8192,8192,8,8,8,1,9,3.105730000e-04,1.598134800e-02,1.406000000e-05,1.629848900e-02,1.629848900e-02,-1.000000000e+00,-1.000000000e+00,65.879839,67.187187,-1.000000,-1.000000000e+00,-1.000000000e+00,-1.000000000e+00,row,0,-1.000000000e+00,-1.000000
scheme_a,double,global,global,8192,8192,8,8,8,1,10,3.125670000e-04,1.584787200e-02,1.407500000e-05,1.615608300e-02,1.615608300e-02,-1.000000000e+00,-1.000000000e+00,66.460529,67.753060,-1.000000,-1.000000000e+00,-1.000000000e+00,-1.000000000e+00,row,0,-1.000000000e+00,-1.000000
scheme_a,double,global,global,8192,8192,8,8,8,1,11,3.142510000e-04,1.591984200e-02,1.380400000e-05,1.622796100e-02,1.622796100e-02,-1.000000000e+00,-1.000000000e+00,66.166158,67.446764,-1.000000,-1.000000000e+00,-1.000000000e+00,-1.000000000e+00,row,0,-1.000000000e+00,-1.000000
scheme_a,double,global,global,8192,8192,8,8,8,1,12,2.984780000e-04,1.547058100e-02,1.411400000e-05,1.578109600e-02,1.578109600e-02,-1.000000000e+00,-1.000000000e+00,68.039750,69.405398,-1.000000,-1.000000000e+00,-1.000000000e+00,-1.000000000e+00,row,0,-1.000000000e+00,-1.000000
scheme_a,double,global,global,8192,8192,8,8,8,1,13,2.887770000e-04,1.551638700e-02,1.382500000e-05,1.580064200e-02,1.580064200e-02,-1.000000000e+00,-1.000000000e+00,67.955582,69.200506,-1.000000,-1.000000000e+00,-1.000000000e+00,-1.000000000e+00,row,0,-1.000000000e+00,-1.000000
scheme_a,double,global,global,8192,8192,8,8,8,1,14,2.897720000e-04,1.559490900e-02,1.412900000e-05,1.588095600e-02,1.588095600e-02,-1.000000000e+00,-1.000000000e+00,67.611914,68.852074,-1.000000,-1.000000000e+00,-1.000000000e+00,-1.000000000e+00,row,0,-1.000000000e+00,-1.000000
scheme_a,double,global,global,8192,8192,8,8,8,1,15,2.968030000e-04,1.564389000e-02,1.325700000e-05,1.594485200e-02,1.594485200e-02,-1.000000000e+00,-1.000000000e+00,67.340971,68.636498,-1.000000,-1.000000000e+00,-1.000000000e+00,-1.000000000e+00,row,0,-1.000000000e+00,-1.000000
scheme_a,double,global,global,8192,8192,8,8,8,1,16,2.992170000e-04,1.545372600e-02,1.310500000e-05,1.575486000e-02,1.575486000e-02,-1.000000000e+00,-1.000000000e+00,68.153054,69.481096,-1.000000,-1.000000000e+00,-1.000000000e+00,-1.000000000e+00,row,0,-1.000000000e+00,-1.000000
scheme_a,double,global,global,8192,8192,8,8,8,1,17,3.245780000e-04,1.560839400e-02,1.352200000e-05,1.592664200e-02,1.592664200e-02,-1.000000000e+00,-1.000000000e+00,67.417967,68.792588,-1.000000,-1.000000000e+00,-1.000000000e+00,-1.000000000e+00,row,0,-1.000000000e+00,-1.000000
scheme_a,double,global,global,8192,8192,8,8,8,1,18,2.735730000e-04,1.545832100e-02,1.389400000e-05,1.573792900e-02,1.573792900e-02,-1.000000000e+00,-1.000000000e+00,68.226374,69.460443,-1.000000,-1.000000000e+00,-1.000000000e+00,-1.000000000e+00,row,0,-1.000000000e+00,-1.000000
scheme_a,double,global,global,8192,8192,8,8,8,1,19,2.946880000e-04,1.540885100e-02,1.394400000e-05,1.570373200e-02,1.570373200e-02,-1.000000000e+00,-1.000000000e+00,68.374946,69.683445,-1.000000,-1.000000000e+00,-1.000000000e+00,-1.000000000e+00,row,0,-1.000000000e+00,-1.000000
scheme_a,double,global,global,8192,8192,8,8,8,1,20,2.818650000e-04,1.548228500e-02,1.436300000e-05,1.577356500e-02,1.577356500e-02,-1.000000000e+00,-1.000000000e+00,68.072235,69.352930,-1.000000,-1.000000000e+00,-1.000000000e+00,-1.000000000e+00,row,0,-1.000000000e+00,-1.000000
scheme_a,double,global,global,8192,8192,20,8,8,1,1,7.633030000e-04,7.540374900e-02,4.312000000e-05,7.620290200e-02,7.620290200e-02,-1.000000000e+00,-1.000000000e+00,35.226409,35.599749,-1.000000,-1.000000000e+00,-1.000000000e+00,-1.000000000e+00,row,0,-1.000000000e+00,-1.000000
scheme_a,double,global,global,8192,8192,20,8,8,1,2,8.366940000e-04,7.545115600e-02,4.413600000e-05,7.630544800e-02,7.630544800e-02,-1.000000000e+00,-1.000000000e+00,35.179068,35.577381,-1.000000,-1.000000000e+00,-1.000000000e+00,-1.000000000e+00,row,0,-1.000000000e+00,-1.000000
scheme_a,double,global,global,8192,8192,20,8,8,1,3,7.896000000e-04,7.532258800e-02,4.761500000e-05,7.613712400e-02,7.613712400e-02,-1.000000000e+00,-1.000000000e+00,35.256842,35.638108,-1.000000,-1.000000000e+00,-1.000000000e+00,-1.000000000e+00,row,0,-1.000000000e+00,-1.000000
scheme_a,double,global,global,8192,8192,20,8,8,1,4,7.943180000e-04,7.608565600e-02,1.298010000e-04,7.696768600e-02,7.696768600e-02,-1.000000000e+00,-1.000000000e+00,34.876384,35.280692,-1.000000,-1.000000000e+00,-1.000000000e+00,-1.000000000e+00,row,0,-1.000000000e+00,-1.000000
scheme_a,double,global,global,8192,8192,20,8,8,1,5,7.942900000e-04,7.687729300e-02,4.490200000e-05,7.767513300e-02,7.767513300e-02,-1.000000000e+00,-1.000000000e+00,34.558738,34.917392,-1.000000,-1.000000000e+00,-1.000000000e+00,-1.000000000e+00,row,0,-1.000000000e+00,-1.000000
scheme_a,double,global,global,8192,8192,20,8,8,1,6,8.274970000e-04,7.557144900e-02,4.955900000e-05,7.642199300e-02,7.642199300e-02,-1.000000000e+00,-1.000000000e+00,35.125419,35.520750,-1.000000,-1.000000000e+00,-1.000000000e+00,-1.000000000e+00,row,0,-1.000000000e+00,-1.000000
scheme_a,double,global,global,8192,8192,20,8,8,1,7,8.095960000e-04,7.547029000e-02,4.378700000e-05,7.629938800e-02,7.629938800e-02,-1.000000000e+00,-1.000000000e+00,35.181862,35.568362,-1.000000,-1.000000000e+00,-1.000000000e+00,-1.000000000e+00,row,0,-1.000000000e+00,-1.000000
scheme_a,double,global,global,8192,8192,20,8,8,1,8,8.031620000e-04,7.531593900e-02,4.312500000e-05,7.615624800e-02,7.615624800e-02,-1.000000000e+00,-1.000000000e+00,35.247989,35.641255,-1.000000,-1.000000000e+00,-1.000000000e+00,-1.000000000e+00,row,0,-1.000000000e+00,-1.000000
scheme_a,double,global,global,8192,8192,20,8,8,1,9,8.228930000e-04,7.535322400e-02,4.492000000e-05,7.619104800e-02,7.619104800e-02,-1.000000000e+00,-1.000000000e+00,35.231889,35.623619,-1.000000,-1.000000000e+00,-1.000000000e+00,-1.000000000e+00,row,0,-1.000000000e+00,-1.000000
scheme_a,double,global,global,8192,8192,20,8,8,1,10,7.442430000e-04,7.529029500e-02,4.691700000e-05,7.604579000e-02,7.604579000e-02,-1.000000000e+00,-1.000000000e+00,35.299187,35.653394,-1.000000,-1.000000000e+00,-1.000000000e+00,-1.000000000e+00,row,0,-1.000000000e+00,-1.000000
scheme_a,double,global,global,8192,8192,20,8,8,1,11,7.808770000e-04,7.510930500e-02,4.295400000e-05,7.592488100e-02,7.592488100e-02,-1.000000000e+00,-1.000000000e+00,35.355400,35.739308,-1.000000,-1.000000000e+00,-1.000000000e+00,-1.000000000e+00,row,0,-1.000000000e+00,-1.000000
scheme_a,double,global,global,8192,8192,20,8,8,1,12,8.077380000e-04,7.482919100e-02,4.537800000e-05,7.567220200e-02,7.567220200e-02,-1.000000000e+00,-1.000000000e+00,35.473456,35.873093,-1.000000,-1.000000000e+00,-1.000000000e+00,-1.000000000e+00,row,0,-1.000000000e+00,-1.000000
scheme_a,double,global,global,8192,8192,20,8,8,1,13,7.757590000e-04,7.526680200e-02,4.440700000e-05,7.607697500e-02,7.607697500e-02,-1.000000000e+00,-1.000000000e+00,35.284717,35.664523,-1.000000,-1.000000000e+00,-1.000000000e+00,-1.000000000e+00,row,0,-1.000000000e+00,-1.000000
scheme_a,double,global,global,8192,8192,20,8,8,1,14,8.206120000e-04,7.511437700e-02,4.491100000e-05,7.597038300e-02,7.597038300e-02,-1.000000000e+00,-1.000000000e+00,35.334224,35.736894,-1.000000,-1.000000000e+00,-1.000000000e+00,-1.000000000e+00,row,0,-1.000000000e+00,-1.000000
scheme_a,double,global,global,8192,8192,20,8,8,1,15,8.235850000e-04,7.502290000e-02,4.330200000e-05,7.587254600e-02,7.587254600e-02,-1.000000000e+00,-1.000000000e+00,35.379788,35.780469,-1.000000,-1.000000000e+00,-1.000000000e+00,-1.000000000e+00,row,0,-1.000000000e+00,-1.000000
scheme_a,double,global,global,8192,8192,20,8,8,1,16,8.218820000e-04,7.516722800e-02,4.411400000e-05,7.602601800e-02,7.602601800e-02,-1.000000000e+00,-1.000000000e+00,35.308367,35.711767,-1.000000,-1.000000000e+00,-1.000000000e+00,-1.000000000e+00,row,0,-1.000000000e+00,-1.000000
scheme_a,double,global,global,8192,8192,20,8,8,1,17,8.020030000e-04,7.566823600e-02,4.434300000e-05,7.649698600e-02,7.649698600e-02,-1.000000000e+00,-1.000000000e+00,35.090985,35.475316,-1.000000,-1.000000000e+00,-1.000000000e+00,-1.000000000e+00,row,0,-1.000000000e+00,-1.000000
scheme_a,double,global,global,8192,8192,20,8,8,1,18,8.282060000e-04,7.516516800e-02,4.283000000e-05,7.603012300e-02,7.603012300e-02,-1.000000000e+00,-1.000000000e+00,35.306461,35.712746,-1.000000,-1.000000000e+00,-1.000000000e+00,-1.000000000e+00,row,0,-1.000000000e+00,-1.000000
scheme_a,double,global,global,8192,8192,20,8,8,1,19,8.202390000e-04,7.499773100e-02,4.412300000e-05,7.584204100e-02,7.584204100e-02,-1.000000000e+00,-1.000000000e+00,35.394018,35.792477,-1.000000,-1.000000000e+00,-1.000000000e+00,-1.000000000e+00,row,0,-1.000000000e+00,-1.000000
scheme_a,double,global,global,8192,8192,20,8,8,1,20,8.059390000e-04,7.638397600e-02,4.494700000e-05,7.721078700e-02,7.721078700e-02,-1.000000000e+00,-1.000000000e+00,34.766574,35.142902,-1.000000,-1.000000000e+00,-1.000000000e+00,-1.000000000e+00,row,0,-1.000000000e+00,-1.000000
scheme_a,double,global,global,8192,8192,32,8,8,1,1,3.917060000e-04,1.561324650e-01,7.194600000e-05,1.564762560e-01,1.564762560e-01,-1.000000000e+00,-1.000000000e+00,27.448045,27.508483,-1.000000,-1.000000000e+00,-1.000000000e+00,-1.000000000e+00,row,0,-1.000000000e+00,-1.000000
scheme_a,double,global,global,8192,8192,32,8,8,1,2,4.281280000e-04,1.560854900e-01,7.284900000e-05,1.565520840e-01,1.565520840e-01,-1.000000000e+00,-1.000000000e+00,27.434750,27.516762,-1.000000,-1.000000000e+00,-1.000000000e+00,-1.000000000e+00,row,0,-1.000000000e+00,-1.000000
scheme_a,double,global,global,8192,8192,32,8,8,1,3,4.191820000e-04,1.575796740e-01,8.010500000e-05,1.580564340e-01,1.580564340e-01,-1.000000000e+00,-1.000000000e+00,27.173632,27.255846,-1.000000,-1.000000000e+00,-1.000000000e+00,-1.000000000e+00,row,0,-1.000000000e+00,-1.000000
scheme_a,double,global,global,8192,8192,32,8,8,1,4,3.985610000e-04,1.560748100e-01,7.589000000e-05,1.565263300e-01,1.565263300e-01,-1.000000000e+00,-1.000000000e+00,27.439264,27.518645,-1.000000,-1.000000000e+00,-1.000000000e+00,-1.000000000e+00,row,0,-1.000000000e+00,-1.000000
scheme_a,double,global,global,8192,8192,32,8,8,1,5,3.877790000e-04,1.559542820e-01,7.060700000e-05,1.563725070e-01,1.563725070e-01,-1.000000000e+00,-1.000000000e+00,27.466256,27.539913,-1.000000,-1.000000000e+00,-1.000000000e+00,-1.000000000e+00,row,0,-1.000000000e+00,-1.000000
scheme_a,double,global,global,8192,8192,32,8,8,1,6,3.878530000e-04,1.560781380e-01,7.614700000e-05,1.565181950e-01,1.565181950e-01,-1.000000000e+00,-1.000000000e+00,27.440690,27.518058,-1.000000,-1.000000000e+00,-1.000000000e+00,-1.000000000e+00,row,0,-1.000000000e+00,-1.000000
scheme_a,double,global,global,8192,8192,32,8,8,1,7,4.074270000e-04,1.562099540e-01,7.325300000e-05,1.566506660e-01,1.566506660e-01,-1.000000000e+00,-1.000000000e+00,27.417485,27.494837,-1.000000,-1.000000000e+00,-1.000000000e+00,-1.000000000e+00,row,0,-1.000000000e+00,-1.000000
scheme_a,double,global,global,8192,8192,32,8,8,1,8,4.046790000e-04,1.560714220e-01,7.377700000e-05,1.565237360e-01,1.565237360e-01,-1.000000000e+00,-1.000000000e+00,27.439719,27.519242,-1.000000,-1.000000000e+00,-1.000000000e+00,-1.000000000e+00,row,0,-1.000000000e+00,-1.000000
scheme_a,double,global,global,8192,8192,32,8,8,1,9,3.845120000e-04,1.559231220e-01,7.406100000e-05,1.563599890e-01,1.563599890e-01,-1.000000000e+00,-1.000000000e+00,27.468455,27.545416,-1.000000,-1.000000000e+00,-1.000000000e+00,-1.000000000e+00,row,0,-1.000000000e+00,-1.000000
scheme_a,double,global,global,8192,8192,32,8,8,1,10,4.159000000e-04,1.560717740e-01,8.128300000e-05,1.565012410e-01,1.565012410e-01,-1.000000000e+00,-1.000000000e+00,27.443663,27.519180,-1.000000,-1.000000000e+00,-1.000000000e+00,-1.000000000e+00,row,0,-1.000000000e+00,-1.000000
scheme_a,double,global,global,8192,8192,32,8,8,1,11,3.876000000e-04,1.558729760e-01,7.167500000e-05,1.563115380e-01,1.563115380e-01,-1.000000000e+00,-1.000000000e+00,27.476969,27.554278,-1.000000,-1.000000000e+00,-1.000000000e+00,-1.000000000e+00,row,0,-1.000000000e+00,-1.000000
scheme_a,double,global,global,8192,8192,32,8,8,1,12,3.883690000e-04,1.561241650e-01,2.196810000e-04,1.567137380e-01,1.567137380e-01,-1.000000000e+00,-1.000000000e+00,27.406450,27.509946,-1.000000,-1.000000000e+00,-1.000000000e+00,-1.000000000e+00,row,0,-1.000000000e+00,-1.000000
scheme_a,double,global,global,8192,8192,32,8,8,1,13,3.981210000e-04,1.560298190e-01,1.922210000e-04,1.564792410e-01,1.564792410e-01,-1.000000000e+00,-1.000000000e+00,27.447521,27.526580,-1.000000,-1.000000000e+00,-1.000000000e+00,-1.000000000e+00,row,0,-1.000000000e+00,-1.000000
scheme_a,double,global,global,8192,8192,32,8,8,1,14,3.947140000e-04,1.560932630e-01,7.415600000e-05,1.565498700e-01,1.565498700e-01,-1.000000000e+00,-1.000000000e+00,27.435138,27.515392,-1.000000,-1.000000000e+00,-1.000000000e+00,-1.000000000e+00,row,0,-1.000000000e+00,-1.000000
scheme_a,double,global,global,8192,8192,32,8,8,1,15,3.916240000e-04,1.574932620e-01,7.345100000e-05,1.579399410e-01,1.579399410e-01,-1.000000000e+00,-1.000000000e+00,27.193674,27.270800,-1.000000,-1.000000000e+00,-1.000000000e+00,-1.000000000e+00,row,0,-1.000000000e+00,-1.000000
scheme_a,double,global,global,8192,8192,32,8,8,1,16,3.956020000e-04,1.576274730e-01,7.732800000e-05,1.580890400e-01,1.580890400e-01,-1.000000000e+00,-1.000000000e+00,27.168027,27.247581,-1.000000,-1.000000000e+00,-1.000000000e+00,-1.000000000e+00,row,0,-1.000000000e+00,-1.000000
scheme_a,double,global,global,8192,8192,32,8,8,1,17,4.045620000e-04,1.560590810e-01,7.040600000e-05,1.565178020e-01,1.565178020e-01,-1.000000000e+00,-1.000000000e+00,27.440759,27.521419,-1.000000,-1.000000000e+00,-1.000000000e+00,-1.000000000e+00,row,0,-1.000000000e+00,-1.000000
scheme_a,double,global,global,8192,8192,32,8,8,1,18,4.265480000e-04,1.559117190e-01,7.706700000e-05,1.563707430e-01,1.563707430e-01,-1.000000000e+00,-1.000000000e+00,27.466566,27.547431,-1.000000,-1.000000000e+00,-1.000000000e+00,-1.000000000e+00,row,0,-1.000000000e+00,-1.000000
scheme_a,double,global,global,8192,8192,32,8,8,1,19,3.876700000e-04,1.560212330e-01,6.965000000e-05,1.564639000e-01,1.564639000e-01,-1.000000000e+00,-1.000000000e+00,27.450212,27.528095,-1.000000,-1.000000000e+00,-1.000000000e+00,-1.000000000e+00,row,0,-1.000000000e+00,-1.000000
scheme_a,double,global,global,8192,8192,32,8,8,1,20,3.908030000e-04,1.560006040e-01,6.999200000e-05,1.564493230e-01,1.564493230e-01,-1.000000000e+00,-1.000000000e+00,27.452770,27.531735,-1.000000,-1.000000000e+00,-1.000000000e+00,-1.000000000e+00,row,0,-1.000000000e+00,-1.000000
