"kernel","tile_granularity","scalar","a_mode","x_mode","M","N","k","P","pr","pc","rep","t_bcast_s","t_local_s","t_reduce_s","t_total_s","t_official_s","t_kernel_s","t_transfer_runtime_overhead_s","gflops","gflops_compute","gflops_kernel","t_h2d_X_s","t_d2h_Y_s","t_launch_overhead_s","x_layout","group_timing","t_local_group_s","gflops_local_group"
"cuda_warp_smem(blk64)(g1)","1","double","local","local","16384","16384","3","1","1","1","1","1.859999998e-07","6.632755000e-03","4.578500000e-05","6.678726000e-03","6.461394870e-03","6.415423870e-03","2.173311299e-04","249.267034","251.053207","251.053207","1.194880009e-04","8.780799806e-05","1.003513098e-05","row","0","-1.000000000e+00","-1.000000"
"cuda_warp_smem(blk64)(g1)","1","double","local","local","16384","16384","3","1","1","1","2","6.900000016e-08","6.615259000e-03","4.497600000e-05","6.660304000e-03","6.442325216e-03","6.397280216e-03","2.179787838e-04","250.004879","251.765232","251.765232","1.223360002e-04","8.534400165e-05","1.029878193e-05","row","0","-1.000000000e+00","-1.000000"
"cuda_warp_smem(blk64)(g1)","1","double","local","local","16384","16384","3","1","1","1","3","1.670000001e-07","6.621833000e-03","4.448300000e-05","6.666483000e-03","6.448138159e-03","6.403488159e-03","2.183448408e-04","249.779502","251.521155","251.521155","1.187840030e-04","9.065599740e-05","8.904840465e-06","row","0","-1.000000000e+00","-1.000000"
"cuda_warp_smem(blk64)(g1)","1","double","local","local","16384","16384","3","1","1","1","4","7.999999996e-08","6.080283000e-03","4.408600000e-05","6.124449000e-03","5.904869945e-03","5.860703945e-03","2.195790548e-04","272.760069","274.815577","274.815577","1.203840002e-04","9.017600119e-05","9.019053407e-06","row","0","-1.000000000e+00","-1.000000"
"cuda_warp_smem(blk64)(g1)","1","double","local","local","16384","16384","3","1","1","1","5","1.040000002e-07","5.932535000e-03","4.403800000e-05","5.976677000e-03","5.766093962e-03","5.721951962e-03","2.105830385e-04","279.324747","281.479598","281.479598","1.184640005e-04","8.307199925e-05","9.047038708e-06","row","0","-1.000000000e+00","-1.000000"
"cuda_warp_smem(blk64)(g1)","1","double","local","local","16384","16384","3","1","1","1","6","1.430000001e-07","5.936661000e-03","4.473700000e-05","5.981541000e-03","5.761136142e-03","5.716256142e-03","2.204048583e-04","279.565123","281.760071","281.760071","1.196800023e-04","9.167999774e-05","9.044858264e-06","row","0","-1.000000000e+00","-1.000000"
"cuda_warp_smem(blk64)(g1)","1","double","local","local","16384","16384","3","1","1","1","7","2.240000001e-07","5.903097000e-03","4.412800000e-05","5.947449000e-03","5.725215857e-03","5.680863857e-03","2.222331427e-04","281.319129","283.515461","283.515461","1.222079992e-04","9.155199677e-05","8.473146734e-06","row","0","-1.000000000e+00","-1.000000"
"cuda_warp_smem(blk64)(g1)","1","double","local","local","16384","16384","3","1","1","1","8","1.030000001e-07","5.871993000e-03","4.388200000e-05","5.915978000e-03","5.700913062e-03","5.656928062e-03","2.150649376e-04","282.518382","284.715082","284.715082","1.209919974e-04","8.553600311e-05","8.536937027e-06","row","0","-1.000000000e+00","-1.000000"
"cuda_warp_smem(blk64)(g1)","1","double","local","local","16384","16384","3","1","1","1","9","1.099999998e-07","5.854565000e-03","4.418900000e-05","5.898864000e-03","5.681227082e-03","5.636928082e-03","2.176369185e-04","283.497335","285.725259","285.725259","1.189759970e-04","9.024000168e-05","8.420919838e-06","row","0","-1.000000000e+00","-1.000000"
"cuda_warp_smem(blk64)(g1)","1","double","local","local","16384","16384","3","1","1","1","10","1.070000000e-07","5.865296000e-03","4.393700000e-05","5.909340000e-03","5.688300115e-03","5.644256115e-03","2.210398850e-04","283.144824","285.354297","285.354297","1.191999987e-04","9.155199677e-05","1.028788960e-05","row","0","-1.000000000e+00","-1.000000"
"cuda_warp_smem(blk64)(g1)","1","double","local","local","16384","16384","3","1","1","1","11","1.070000000e-07","5.852573000e-03","4.475100000e-05","5.897431000e-03","5.678393862e-03","5.633535862e-03","2.190371380e-04","283.638785","285.897308","285.897308","1.189759970e-04","9.027200192e-05","9.789139138e-06","row","0","-1.000000000e+00","-1.000000"
"cuda_warp_smem(blk64)(g1)","1","double","local","local","16384","16384","3","1","1","1","12","2.330000000e-07","5.821630000e-03","4.367000000e-05","5.865533000e-03","5.647998936e-03","5.604095936e-03","2.175340642e-04","285.165198","287.399208","287.399208","1.238399968e-04","8.387199789e-05","9.822069531e-06","row","0","-1.000000000e+00","-1.000000"
"cuda_warp_smem(blk64)(g1)","1","double","local","local","16384","16384","3","1","1","1","13","1.100000002e-07","5.832338000e-03","4.410800000e-05","5.876556000e-03","5.663641866e-03","5.619423866e-03","2.129141337e-04","284.377574","286.615278","286.615278","1.185280010e-04","8.463999629e-05","9.746136427e-06","row","0","-1.000000000e+00","-1.000000"
"cuda_warp_smem(blk64)(g1)","1","double","local","local","16384","16384","3","1","1","1","14","1.980000000e-07","5.829324000e-03","4.639500000e-05","5.875917000e-03","5.660960962e-03","5.614367962e-03","2.149560381e-04","284.512249","286.873384","286.873384","1.200959980e-04","8.537600189e-05","9.484038173e-06","row","0","-1.000000000e+00","-1.000000"
"cuda_warp_smem(blk64)(g1)","1","double","local","local","16384","16384","3","1","1","1","15","1.089999999e-07","5.831657000e-03","4.393500000e-05","5.875701000e-03","5.660428029e-03","5.616384029e-03","2.152729706e-04","284.539036","286.770407","286.770407","1.196480021e-04","8.582399786e-05","9.800970668e-06","row","0","-1.000000000e+00","-1.000000"
"cuda_warp_smem(blk64)(g1)","1","double","local","local","16384","16384","3","1","1","1","16","2.219999999e-07","5.868953000e-03","4.532100000e-05","5.914496000e-03","5.698982999e-03","5.653439999e-03","2.155130014e-04","282.614062","284.890746","284.890746","1.187520027e-04","8.860799670e-05","8.153001955e-06","row","0","-1.000000000e+00","-1.000000"
"cuda_warp_smem(blk64)(g1)","1","double","local","local","16384","16384","3","1","1","1","17","1.050000000e-07","5.820222000e-03","4.472100000e-05","5.865048000e-03","5.648697822e-03","5.603871822e-03","2.163501776e-04","285.129916","287.410702","287.410702","1.191999987e-04","8.767999709e-05","9.470181880e-06","row","0","-1.000000000e+00","-1.000000"
"cuda_warp_smem(blk64)(g1)","1","double","local","local","16384","16384","3","1","1","1","18","1.159999998e-07","5.825787000e-03","4.385400000e-05","5.869757000e-03","5.655425917e-03","5.611455917e-03","2.143310826e-04","284.790705","287.022256","287.022256","1.191359982e-04","8.640000224e-05","8.795082211e-06","row","0","-1.000000000e+00","-1.000000"
"cuda_warp_smem(blk64)(g1)","1","double","local","local","16384","16384","3","1","1","1","19","1.130000000e-07","5.835504000e-03","4.562400000e-05","5.881241000e-03","5.664904805e-03","5.619167805e-03","2.163361953e-04","284.314175","286.628339","286.628339","1.193599999e-04","8.863999695e-05","8.336198441e-06","row","0","-1.000000000e+00","-1.000000"
"cuda_warp_smem(blk64)(g1)","1","double","local","local","16384","16384","3","1","1","1","20","2.150000000e-07","5.817502000e-03","4.442800000e-05","5.862145000e-03","5.651778773e-03","5.607135773e-03","2.103662273e-04","284.974483","287.243399","287.243399","1.196480021e-04","8.076799661e-05","9.950228597e-06","row","0","-1.000000000e+00","-1.000000"
"cuda_warp_smem(blk64)(g1)","1","double","local","local","16384","16384","6","1","1","1","1","1.500000000e-07","1.286249200e-02","8.842000000e-05","1.295106200e-02","1.251896989e-02","1.243039989e-02","4.320921053e-04","257.307550","259.140937","259.140937","2.335360050e-04","1.881600022e-04","1.039609803e-05","row","0","-1.000000000e+00","-1.000000"
"cuda_warp_smem(blk64)(g1)","1","double","local","local","16384","16384","6","1","1","1","2","1.240000000e-07","1.286516700e-02","8.868600000e-05","1.295397700e-02","1.251908210e-02","1.243027210e-02","4.348948976e-04","257.305244","259.143601","259.143601","2.316800058e-04","1.921280026e-04","1.108688921e-05","row","0","-1.000000000e+00","-1.000000"
"cuda_warp_smem(blk64)(g1)","1","double","local","local","16384","16384","6","1","1","1","3","1.080000001e-07","1.285740800e-02","8.945000000e-05","1.294696600e-02","1.251922166e-02","1.242966366e-02","4.277443419e-04","257.302375","259.156286","259.156286","2.313919961e-04","1.873279959e-04","9.024349816e-06","row","0","-1.000000000e+00","-1.000000"
"cuda_warp_smem(blk64)(g1)","1","double","local","local","16384","16384","6","1","1","1","4","1.300000001e-07","1.287058700e-02","8.922700000e-05","1.295994400e-02","1.252142106e-02","1.243206406e-02","4.385229436e-04","257.257180","259.106248","259.106248","2.345599979e-04","1.947200000e-04","9.242945659e-06","row","0","-1.000000000e+00","-1.000000"
"cuda_warp_smem(blk64)(g1)","1","double","local","local","16384","16384","6","1","1","1","5","1.060000001e-07","1.285641300e-02","9.200800000e-05","1.294852700e-02","1.252753785e-02","1.243542385e-02","4.209891490e-04","257.131570","259.036243","259.036243","2.329600006e-04","1.794240028e-04","8.605145586e-06","row","0","-1.000000000e+00","-1.000000"
"cuda_warp_smem(blk64)(g1)","1","double","local","local","16384","16384","6","1","1","1","6","1.240000000e-07","1.285151000e-02","9.408800000e-05","1.294572200e-02","1.253270764e-02","1.243849564e-02","4.130143640e-04","257.025502","258.972272","258.972272","2.316160053e-04","1.722240001e-04","9.174358616e-06","row","0","-1.000000000e+00","-1.000000"
"cuda_warp_smem(blk64)(g1)","1","double","local","local","16384","16384","6","1","1","1","7","1.100000000e-07","1.278043500e-02","8.873000000e-05","1.286927500e-02","1.244916009e-02","1.236032009e-02","4.201149088e-04","258.750426","260.610198","260.610198","2.319359928e-04","1.785600036e-04","9.618912277e-06","row","0","-1.000000000e+00","-1.000000"
"cuda_warp_smem(blk64)(g1)","1","double","local","local","16384","16384","6","1","1","1","8","1.770000000e-07","1.277194500e-02","8.815000000e-05","1.286027200e-02","1.243581540e-02","1.234748840e-02","4.244565967e-04","259.028087","260.881028","260.881028","2.356480062e-04","1.795839965e-04","9.224593945e-06","row","0","-1.000000000e+00","-1.000000"
"cuda_warp_smem(blk64)(g1)","1","double","local","local","16384","16384","6","1","1","1","9","1.050000000e-07","1.276864900e-02","9.024500000e-05","1.285899900e-02","1.244001373e-02","1.234966373e-02","4.189852656e-04","258.940668","260.835075","260.835075","2.311359942e-04","1.778880060e-04","9.961265396e-06","row","0","-1.000000000e+00","-1.000000"
"cuda_warp_smem(blk64)(g1)","1","double","local","local","16384","16384","6","1","1","1","10","1.279999999e-07","1.276989200e-02","9.041400000e-05","1.286043400e-02","1.244423787e-02","1.235369587e-02","4.161961306e-04","258.852772","260.749941","260.749941","2.303040028e-04","1.767359972e-04","9.156130592e-06","row","0","-1.000000000e+00","-1.000000"
"cuda_warp_smem(blk64)(g1)","1","double","local","local","16384","16384","6","1","1","1","11","1.310000000e-07","1.276358300e-02","8.955200000e-05","1.285326600e-02","1.243694729e-02","1.234726429e-02","4.163187101e-04","259.004513","260.885764","260.885764","2.320960015e-04","1.742720008e-04","9.950707849e-06","row","0","-1.000000000e+00","-1.000000"
"cuda_warp_smem(blk64)(g1)","1","double","local","local","16384","16384","6","1","1","1","12","1.329999999e-07","1.275536200e-02","8.807300000e-05","1.284356800e-02","1.243351812e-02","1.234531212e-02","4.100498815e-04","259.075946","260.927018","260.927018","2.293120027e-04","1.700800061e-04","1.065787269e-05","row","0","-1.000000000e+00","-1.000000"
"cuda_warp_smem(blk64)(g1)","1","double","local","local","16384","16384","6","1","1","1","13","1.219999999e-07","1.275881400e-02","9.392700000e-05","1.285286300e-02","1.243913701e-02","1.234508801e-02","4.137259949e-04","258.958919","260.931754","260.931754","2.306240052e-04","1.729599983e-04","1.014199149e-05","row","0","-1.000000000e+00","-1.000000"
"cuda_warp_smem(blk64)(g1)","1","double","local","local","16384","16384","6","1","1","1","14","1.220000001e-07","1.702229200e-02","9.417100000e-05","1.711658500e-02","1.244478929e-02","1.235049629e-02","4.671795708e-03","258.841303","260.817492","260.817492","2.284480035e-04","4.434048176e-03","9.299528544e-06","row","0","-1.000000000e+00","-1.000000"
"cuda_warp_smem(blk64)(g1)","1","double","local","local","16384","16384","6","1","1","1","15","1.990000000e-07","1.276817300e-02","9.408900000e-05","1.286246100e-02","1.243246377e-02","1.233817577e-02","4.299972264e-04","259.097917","261.077937","261.077937","2.300799936e-04","1.900160015e-04","9.901231311e-06","row","0","-1.000000000e+00","-1.000000"
"cuda_warp_smem(blk64)(g1)","1","double","local","local","16384","16384","6","1","1","1","16","1.200000002e-07","1.276101600e-02","9.067500000e-05","1.285181100e-02","1.242343469e-02","1.233263969e-02","4.283763058e-04","259.286224","261.195134","261.195134","2.328000069e-04","1.849280000e-04","1.064829895e-05","row","0","-1.000000000e+00","-1.000000"
"cuda_warp_smem(blk64)(g1)","1","double","local","local","16384","16384","6","1","1","1","17","1.570000001e-07","1.275775900e-02","8.914800000e-05","1.284706400e-02","1.242245682e-02","1.233315182e-02","4.246071827e-04","259.306635","261.184288","261.184288","2.377279997e-04","1.768639982e-04","1.001518482e-05","row","0","-1.000000000e+00","-1.000000"
"cuda_warp_smem(blk64)(g1)","1","double","local","local","16384","16384","6","1","1","1","18","1.310000002e-07","1.275365300e-02","8.894900000e-05","1.284273300e-02","1.242156043e-02","1.233248043e-02","4.211725694e-04","259.325347","261.198507","261.198507","2.319999933e-04","1.793600023e-04","9.812573793e-06","row","0","-1.000000000e+00","-1.000000"
"cuda_warp_smem(blk64)(g1)","1","double","local","local","16384","16384","6","1","1","1","19","1.359999999e-07","1.284380300e-02","8.845200000e-05","1.293239100e-02","1.251057172e-02","1.242198372e-02","4.218192811e-04","257.480277","259.316511","259.316511","2.327360064e-04","1.790080070e-04","1.007526770e-05","row","0","-1.000000000e+00","-1.000000"
"cuda_warp_smem(blk64)(g1)","1","double","local","local","16384","16384","6","1","1","1","20","1.020000000e-07","1.285148700e-02","8.945400000e-05","1.294104300e-02","1.252219608e-02","1.243264008e-02","4.188469243e-04","257.241258","259.094243","259.094243","2.320639938e-04","1.769919991e-04","9.790931356e-06","row","0","-1.000000000e+00","-1.000000"
"cuda_warp_smem(blk64)(g1)","1","double","local","local","16384","16384","8","1","1","1","1","1.430000001e-07","2.317282500e-02","1.298800000e-04","2.330284800e-02","2.270144748e-02","2.257142448e-02","6.014005157e-04","189.193544","190.283396","190.283396","3.143680096e-04","2.767679989e-04","1.026450725e-05","row","0","-1.000000000e+00","-1.000000"
"cuda_warp_smem(blk64)(g1)","1","double","local","local","16384","16384","8","1","1","1","2","1.869999999e-07","2.314068500e-02","1.202810000e-04","2.326115300e-02","2.270082078e-02","2.258035278e-02","5.603322168e-04","189.198767","190.208157","190.208157","3.071359992e-04","2.425280064e-04","1.066821116e-05","row","0","-1.000000000e+00","-1.000000"
"cuda_warp_smem(blk64)(g1)","1","double","local","local","16384","16384","8","1","1","1","3","1.850000000e-07","2.313461200e-02","1.199880000e-04","2.325478500e-02","2.269588520e-02","2.257571220e-02","5.588997960e-04","189.239911","190.247256","190.247256","3.088319898e-04","2.393600047e-04","1.070780159e-05","row","0","-1.000000000e+00","-1.000000"
"cuda_warp_smem(blk64)(g1)","1","double","local","local","16384","16384","8","1","1","1","4","1.750000000e-07","2.314187200e-02","1.227840000e-04","2.326483100e-02","2.270286356e-02","2.257990456e-02","5.619674437e-04","189.181743","190.211933","190.211933","3.128640056e-04","2.385600060e-04","1.054343214e-05","row","0","-1.000000000e+00","-1.000000"
"cuda_warp_smem(blk64)(g1)","1","double","local","local","16384","16384","8","1","1","1","5","2.280000000e-07","2.312676800e-02","1.193590000e-04","2.324635500e-02","2.268803411e-02","2.256844711e-02","5.583208870e-04","189.305397","190.308499","190.308499","3.071680069e-04","2.414720058e-04","9.680874222e-06","row","0","-1.000000000e+00","-1.000000"
"cuda_warp_smem(blk64)(g1)","1","double","local","local","16384","16384","8","1","1","1","6","1.670000001e-07","2.312889000e-02","1.256270000e-04","2.325468400e-02","2.270035417e-02","2.257456017e-02","5.543298346e-04","189.202656","190.256965","190.256965","3.075200021e-04","2.367040068e-04","1.010582568e-05","row","0","-1.000000000e+00","-1.000000"
"cuda_warp_smem(blk64)(g1)","1","double","local","local","16384","16384","8","1","1","1","7","2.090000000e-07","2.314927800e-02","1.219230000e-04","2.327141000e-02","2.270155590e-02","2.257942390e-02","5.698540956e-04","189.192640","190.215982","190.215982","3.081600070e-04","2.511039972e-04","1.059009135e-05","row","0","-1.000000000e+00","-1.000000"
"cuda_warp_smem(blk64)(g1)","1","double","local","local","16384","16384","8","1","1","1","8","2.150000000e-07","2.313306100e-02","1.222440000e-04","2.325552000e-02","2.269100339e-02","2.256854439e-02","5.645166122e-04","189.280625","190.307679","190.307679","3.151359856e-04","2.397760004e-04","9.604626189e-06","row","0","-1.000000000e+00","-1.000000"
"cuda_warp_smem(blk64)(g1)","1","double","local","local","16384","16384","8","1","1","1","9","1.699999999e-07","2.312011900e-02","1.186190000e-04","2.323890800e-02","2.268621377e-02","2.256742477e-02","5.526942258e-04","189.320586","190.317120","190.317120","3.053759933e-04","2.377920002e-04","9.526232404e-06","row","0","-1.000000000e+00","-1.000000"
"cuda_warp_smem(blk64)(g1)","1","double","local","local","16384","16384","8","1","1","1","10","1.720000000e-07","2.311558100e-02","1.203580000e-04","2.323611100e-02","2.268699347e-02","2.256646347e-02","5.491175295e-04","189.314080","190.325228","190.325228","3.076800108e-04","2.309439927e-04","1.049352601e-05","row","0","-1.000000000e+00","-1.000000"
"cuda_warp_smem(blk64)(g1)","1","double","local","local","16384","16384","8","1","1","1","11","1.850000000e-07","2.317564800e-02","1.201040000e-04","2.329593700e-02","2.274454513e-02","2.262425613e-02","5.513918660e-04","188.835049","189.839050","189.839050","3.019199967e-04","2.382079959e-04","1.126387334e-05","row","0","-1.000000000e+00","-1.000000"
"cuda_warp_smem(blk64)(g1)","1","double","local","local","16384","16384","8","1","1","1","12","1.640000000e-07","2.313334300e-02","1.383430000e-04","2.327185000e-02","2.271703445e-02","2.257852745e-02","5.548155494e-04","189.063731","190.223535","190.223535","3.119040132e-04","2.334080040e-04","9.503532236e-06","row","0","-1.000000000e+00","-1.000000"
"cuda_warp_smem(blk64)(g1)","1","double","local","local","16384","16384","8","1","1","1","13","1.680000001e-07","2.312893900e-02","1.191770000e-04","2.324828400e-02","2.270148878e-02","2.258214378e-02","5.467952164e-04","189.193199","190.193072","190.193072","3.058240116e-04","2.305600047e-04","1.041120016e-05","row","0","-1.000000000e+00","-1.000000"
"cuda_warp_smem(blk64)(g1)","1","double","local","local","16384","16384","8","1","1","1","14","2.070000000e-07","2.319147000e-02","1.187220000e-04","2.331039900e-02","2.276030550e-02","2.264137650e-02","5.500935046e-04","188.704290","189.695503","189.695503","3.059200048e-04","2.347840071e-04","9.389492722e-06","row","0","-1.000000000e+00","-1.000000"
"cuda_warp_smem(blk64)(g1)","1","double","local","local","16384","16384","8","1","1","1","15","1.349999998e-07","2.316666700e-02","1.194110000e-04","2.328621300e-02","2.273938662e-02","2.261984062e-02","5.468263781e-04","188.877887","189.876108","189.876108","3.049600124e-04","2.312320024e-04","1.063436324e-05","row","0","-1.000000000e+00","-1.000000"
"cuda_warp_smem(blk64)(g1)","1","double","local","local","16384","16384","8","1","1","1","16","1.519999999e-07","2.313990900e-02","1.270060000e-04","2.326706700e-02","2.270526965e-02","2.257811165e-02","5.617973514e-04","189.161695","190.227038","190.227038","3.109759986e-04","2.400320023e-04","1.078935047e-05","row","0","-1.000000000e+00","-1.000000"
"cuda_warp_smem(blk64)(g1)","1","double","local","local","16384","16384","8","1","1","1","17","4.290000000e-07","2.312828300e-02","1.193650000e-04","2.324807700e-02","2.268868934e-02","2.256889534e-02","5.593876600e-04","189.299930","190.304719","190.304719","3.065600097e-04","2.429759949e-04","9.851655372e-06","row","0","-1.000000000e+00","-1.000000"
"cuda_warp_smem(blk64)(g1)","1","double","local","local","16384","16384","8","1","1","1","18","1.380000001e-07","2.312853000e-02","1.204740000e-04","2.324914200e-02","2.269337926e-02","2.257276726e-02","5.557627423e-04","189.260808","190.272076","190.272076","3.094719946e-04","2.359039932e-04","1.038675442e-05","row","0","-1.000000000e+00","-1.000000"
"cuda_warp_smem(blk64)(g1)","1","double","local","local","16384","16384","8","1","1","1","19","1.290000000e-07","2.313881700e-02","1.186750000e-04","2.325762100e-02","2.270254805e-02","2.258374405e-02","5.550729509e-04","189.184372","190.179595","190.179595","3.066880107e-04","2.387840003e-04","9.600939958e-06","row","0","-1.000000000e+00","-1.000000"
"cuda_warp_smem(blk64)(g1)","1","double","local","local","16384","16384","8","1","1","1","20","1.400000000e-07","2.312717800e-02","1.198380000e-04","2.324715600e-02","2.269191365e-02","2.257193565e-02","5.552423463e-04","189.273032","190.279086","190.279086","3.109439909e-04","2.346239984e-04","9.674356964e-06","row","0","-1.000000000e+00","-1.000000"
"cuda_warp_smem(blk64)(g1)","1","double","local","local","16384","16384","20","1","1","1","1","1.640000000e-07","3.285569600e-02","2.979830000e-04","3.315384300e-02","3.207558612e-02","3.177743912e-02","1.078256883e-03","334.753610","337.894385","337.894385","5.941119790e-04","4.730879962e-04","1.105690732e-05","row","0","-1.000000000e+00","-1.000000"
"cuda_warp_smem(blk64)(g1)","1","double","local","local","16384","16384","20","1","1","1","2","2.159999999e-07","3.306407400e-02","2.963430000e-04","3.336063300e-02","3.229268708e-02","3.199612808e-02","1.067945918e-03","332.503090","335.584925","335.584925","5.844479799e-04","4.721600115e-04","1.133792627e-05","row","0","-1.000000000e+00","-1.000000"
"cuda_warp_smem(blk64)(g1)","1","double","local","local","16384","16384","20","1","1","1","3","1.820000000e-07","3.298781200e-02","3.046350000e-04","3.329262900e-02","3.221710567e-02","3.191228867e-02","1.075523334e-03","333.283143","336.466568","336.466568","5.905280113e-04","4.741120040e-04","1.088331886e-05","row","0","-1.000000000e+00","-1.000000"
"cuda_warp_smem(blk64)(g1)","1","double","local","local","16384","16384","20","1","1","1","4","5.269999999e-07","3.326221200e-02","3.010110000e-04","3.356375000e-02","3.245757056e-02","3.215603256e-02","1.106179438e-03","330.813984","333.916139","333.916139","6.105920076e-04","4.842239916e-04","1.136343847e-05","row","0","-1.000000000e+00","-1.000000"
"cuda_warp_smem(blk64)(g1)","1","double","local","local","16384","16384","20","1","1","1","5","4.779999998e-07","3.321532800e-02","2.948310000e-04","3.351063700e-02","3.243524354e-02","3.213993454e-02","1.075393460e-03","331.041702","334.083389","334.083389","5.874239802e-04","4.769920111e-04","1.097746890e-05","row","0","-1.000000000e+00","-1.000000"
"cuda_warp_smem(blk64)(g1)","1","double","local","local","16384","16384","20","1","1","1","6","2.729999999e-07","3.327185100e-02","2.971770000e-04","3.356930100e-02","3.249511235e-02","3.219766235e-02","1.074188646e-03","330.431793","333.484404","333.484404","5.968959928e-04","4.661439955e-04","1.114865821e-05","row","0","-1.000000000e+00","-1.000000"
"cuda_warp_smem(blk64)(g1)","1","double","local","local","16384","16384","20","1","1","1","7","1.750000000e-07","3.312925200e-02","2.964470000e-04","3.342587400e-02","3.235751983e-02","3.206089783e-02","1.068354173e-03","331.836874","334.906973","334.906973","5.971840024e-04","4.611519873e-04","1.001818314e-05","row","0","-1.000000000e+00","-1.000000"
"cuda_warp_smem(blk64)(g1)","1","double","local","local","16384","16384","20","1","1","1","8","4.030000000e-07","3.306448800e-02","3.008890000e-04","3.336578000e-02","3.229716450e-02","3.199587250e-02","1.068615502e-03","332.456995","335.587606","335.587606","5.992640257e-04","4.591040015e-04","1.024747523e-05","row","0","-1.000000000e+00","-1.000000"
"cuda_warp_smem(blk64)(g1)","1","double","local","local","16384","16384","20","1","1","1","9","2.710000000e-07","3.314984700e-02","2.957300000e-04","3.344584800e-02","3.237776141e-02","3.208176041e-02","1.068086594e-03","331.629420","334.689185","334.689185","5.938879848e-04","4.626559913e-04","1.154261744e-05","row","0","-1.000000000e+00","-1.000000"
"cuda_warp_smem(blk64)(g1)","1","double","local","local","16384","16384","20","1","1","1","10","3.000000000e-07","3.337827100e-02","3.290730000e-04","3.370764400e-02","3.262210905e-02","3.229273605e-02","1.085534947e-03","329.145434","332.502586","332.502586","5.997760296e-04","4.741440117e-04","1.161490521e-05","row","0","-1.000000000e+00","-1.000000"
"cuda_warp_smem(blk64)(g1)","1","double","local","local","16384","16384","20","1","1","1","11","2.550000000e-07","3.321905600e-02","2.995850000e-04","3.351889600e-02","3.241804984e-02","3.211820984e-02","1.100846161e-03","331.217278","334.309362","334.309362","5.959360003e-04","4.931519926e-04","1.175816823e-05","row","0","-1.000000000e+00","-1.000000"
"cuda_warp_smem(blk64)(g1)","1","double","local","local","16384","16384","20","1","1","1","12","2.170000002e-07","3.331325400e-02","2.944320000e-04","3.360790300e-02","3.254959285e-02","3.225494385e-02","1.058310152e-03","329.878727","332.892170","332.892170","5.942400098e-04","4.526399970e-04","1.143014555e-05","row","0","-1.000000000e+00","-1.000000"
"cuda_warp_smem(blk64)(g1)","1","double","local","local","16384","16384","20","1","1","1","13","1.299999997e-07","3.314822700e-02","3.045300000e-04","3.345288700e-02","3.239045254e-02","3.208579254e-02","1.062434458e-03","331.499482","334.647125","334.647125","5.910400152e-04","4.604159892e-04","1.097845412e-05","row","0","-1.000000000e+00","-1.000000"
"cuda_warp_smem(blk64)(g1)","1","double","local","local","16384","16384","20","1","1","1","14","2.399999999e-07","3.307844400e-02","2.965930000e-04","3.337527700e-02","3.230704113e-02","3.201020813e-02","1.068235870e-03","332.355359","335.437314","335.437314","5.930879712e-04","4.630720019e-04","1.207589697e-05","row","0","-1.000000000e+00","-1.000000"
"cuda_warp_smem(blk64)(g1)","1","double","local","local","16384","16384","20","1","1","1","15","2.569999999e-07","3.306768900e-02","2.965990000e-04","3.336454500e-02","3.230712898e-02","3.201027298e-02","1.057416020e-03","332.354455","335.436635","335.436635","5.931199789e-04","4.538559914e-04","1.044005000e-05","row","0","-1.000000000e+00","-1.000000"
"cuda_warp_smem(blk64)(g1)","1","double","local","local","16384","16384","20","1","1","1","16","2.120000002e-07","3.478644100e-02","9.111840000e-04","3.569783700e-02","3.325024411e-02","3.233884811e-02","2.447592886e-03","322.927501","332.028469","332.028469","1.439360023e-03","9.952960014e-04","1.293686201e-05","row","0","-1.000000000e+00","-1.000000"
"cuda_warp_smem(blk64)(g1)","1","double","local","local","16384","16384","20","1","1","1","17","2.340000003e-07","3.340148700e-02","3.020220000e-04","3.370374300e-02","3.242721785e-02","3.212496185e-02","1.276525147e-03","331.123635","334.239097","334.239097","8.129600286e-04","4.524480104e-04","1.111710788e-05","row","0","-1.000000000e+00","-1.000000"
"cuda_warp_smem(blk64)(g1)","1","double","local","local","16384","16384","20","1","1","1","18","3.040000003e-07","3.318420500e-02","2.954120000e-04","3.347992100e-02","3.242301245e-02","3.212729645e-02","1.056908552e-03","331.166583","334.214809","334.214809","5.943679810e-04","4.506559968e-04","1.188457449e-05","row","0","-1.000000000e+00","-1.000000"
"cuda_warp_smem(blk64)(g1)","1","double","local","local","16384","16384","20","1","1","1","19","2.580000000e-07","3.313844800e-02","3.023030000e-04","3.344100900e-02","3.238697644e-02","3.208441544e-02","1.054032564e-03","331.535062","334.661489","334.661489","5.984960198e-04","4.443840086e-04","1.115253572e-05","row","0","-1.000000000e+00","-1.000000"
"cuda_warp_smem(blk64)(g1)","1","double","local","local","16384","16384","20","1","1","1","20","5.220000001e-07","3.322248000e-02","2.992720000e-04","3.352227400e-02","3.244251327e-02","3.214271927e-02","1.079760731e-03","330.967522","334.054445","334.054445","5.927039981e-04","4.730559886e-04","1.400074456e-05","row","0","-1.000000000e+00","-1.000000"
"cuda_warp_smem(blk64)(g1)","1","double","local","local","16384","16384","32","1","1","1","1","2.250000000e-07","5.271795300e-02","5.306420000e-04","5.324882000e-02","5.144193878e-02","5.091107178e-02","1.806881223e-03","333.966207","337.448586","337.448586","9.542719722e-04","8.418239951e-04","1.078525536e-05","row","0","-1.000000000e+00","-1.000000"
"cuda_warp_smem(blk64)(g1)","1","double","local","local","16384","16384","32","1","1","1","2","1.750000000e-07","5.308864000e-02","5.218060000e-04","5.361062100e-02","5.179459071e-02","5.127260971e-02","1.816030289e-03","331.692344","335.069139","335.069139","9.743360281e-04","8.293759823e-04","1.231827892e-05","row","0","-1.000000000e+00","-1.000000"
"cuda_warp_smem(blk64)(g1)","1","double","local","local","16384","16384","32","1","1","1","3","2.100000001e-07","5.291590600e-02","5.257550000e-04","5.344187100e-02","5.165729358e-02","5.113132858e-02","1.784577417e-03","332.573931","335.994969","335.994969","9.694719911e-04","8.032000065e-04","1.190541969e-05","row","0","-1.000000000e+00","-1.000000"
"cuda_warp_smem(blk64)(g1)","1","double","local","local","16384","16384","32","1","1","1","4","2.040000000e-07","5.275827200e-02","5.712550000e-04","5.332973100e-02","5.151078624e-02","5.093932724e-02","1.818944760e-03","333.519840","337.261407","337.261407","9.732800126e-04","8.331519961e-04","1.251275127e-05","row","0","-1.000000000e+00","-1.000000"
"cuda_warp_smem(blk64)(g1)","1","double","local","local","16384","16384","32","1","1","1","5","1.850000000e-07","5.274852900e-02","5.226470000e-04","5.327136100e-02","5.144379147e-02","5.092095947e-02","1.827569527e-03","333.954180","337.383061","337.383061","9.719359875e-04","8.443840146e-04","1.124952526e-05","row","0","-1.000000000e+00","-1.000000"
"cuda_warp_smem(blk64)(g1)","1","double","local","local","16384","16384","32","1","1","1","6","3.650000000e-07","5.265275000e-02","5.273660000e-04","5.318048100e-02","5.138001829e-02","5.085228729e-02","1.800462708e-03","334.368686","337.838672","337.838672","9.823359847e-04","8.071039915e-04","1.102273130e-05","row","0","-1.000000000e+00","-1.000000"
"cuda_warp_smem(blk64)(g1)","1","double","local","local","16384","16384","32","1","1","1","7","1.589999998e-07","5.347264200e-02","5.275990000e-04","5.400040000e-02","5.221742093e-02","5.168966293e-02","1.782979067e-03","329.006467","332.365665","332.365665","9.593600035e-04","8.111039996e-04","1.251506356e-05","row","0","-1.000000000e+00","-1.000000"
"cuda_warp_smem(blk64)(g1)","1","double","local","local","16384","16384","32","1","1","1","8","2.669999999e-07","5.406662400e-02","1.463844000e-03","5.553073500e-02","5.291579023e-02","5.145167923e-02","2.614944770e-03","324.664322","333.902983","333.902983","9.713919759e-04","1.628864050e-03","1.468874447e-05","row","0","-1.000000000e+00","-1.000000"
"cuda_warp_smem(blk64)(g1)","1","double","local","local","16384","16384","32","1","1","1","9","2.590000001e-07","5.359909700e-02","5.254000000e-04","5.412475600e-02","5.147167340e-02","5.094601440e-02","2.653082596e-03","333.773279","337.217138","337.217138","1.807744026e-03","8.333119750e-04","1.202659452e-05","row","0","-1.000000000e+00","-1.000000"
"cuda_warp_smem(blk64)(g1)","1","double","local","local","16384","16384","32","1","1","1","10","1.800000002e-07","5.296062300e-02","5.561620000e-04","5.351696500e-02","5.166495025e-02","5.110860825e-02","1.852014754e-03","332.524644","336.144336","336.144336","9.942399859e-04","8.437439799e-04","1.403078828e-05","row","0","-1.000000000e+00","-1.000000"
"cuda_warp_smem(blk64)(g1)","1","double","local","local","16384","16384","32","1","1","1","11","1.111000000e-06","5.287301500e-02","5.154800000e-04","5.338960600e-02","5.157576077e-02","5.105916977e-02","1.813845231e-03","333.099676","336.469811","336.469811","9.959359765e-04","8.051199913e-04","1.278926291e-05","row","0","-1.000000000e+00","-1.000000"
"cuda_warp_smem(blk64)(g1)","1","double","local","local","16384","16384","32","1","1","1","12","2.779999999e-07","5.269330000e-02","5.184870000e-04","5.321206500e-02","5.142999699e-02","5.091123199e-02","1.782068005e-03","334.043752","337.447524","337.447524","9.624000192e-04","8.076159954e-04","1.205199080e-05","row","0","-1.000000000e+00","-1.000000"
"cuda_warp_smem(blk64)(g1)","1","double","local","local","16384","16384","32","1","1","1","13","2.239999999e-07","5.263135000e-02","5.176560000e-04","5.314923000e-02","5.135794500e-02","5.084006500e-02","1.791284998e-03","334.512395","337.919890","337.919890","9.728320241e-04","8.059840202e-04","1.246895323e-05","row","0","-1.000000000e+00","-1.000000"
"cuda_warp_smem(blk64)(g1)","1","double","local","local","16384","16384","32","1","1","1","14","2.590000001e-07","5.308449800e-02","5.178060000e-04","5.360256300e-02","5.183364728e-02","5.131558228e-02","1.768915725e-03","331.442414","334.788546","334.788546","9.658880234e-04","7.922880054e-04","1.073969588e-05","row","0","-1.000000000e+00","-1.000000"
"cuda_warp_smem(blk64)(g1)","1","double","local","local","16384","16384","32","1","1","1","15","2.539999997e-07","5.288378500e-02","5.456430000e-04","5.342968200e-02","5.165085840e-02","5.110496140e-02","1.778823605e-03","332.615366","336.168323","336.168323","9.689599872e-04","7.976639867e-04","1.219963089e-05","row","0","-1.000000000e+00","-1.000000"
"cuda_warp_smem(blk64)(g1)","1","double","local","local","16384","16384","32","1","1","1","16","3.249999998e-07","5.277023400e-02","5.225810000e-04","5.329314000e-02","5.151567333e-02","5.099276733e-02","1.777466666e-03","333.488200","336.907959","336.907959","9.773439765e-04","7.876799703e-04","1.244271925e-05","row","0","-1.000000000e+00","-1.000000"
"cuda_warp_smem(blk64)(g1)","1","double","local","local","16384","16384","32","1","1","1","17","2.580000000e-07","5.312037400e-02","5.145940000e-04","5.363522600e-02","5.188448472e-02","5.136963272e-02","1.750741279e-03","331.117660","334.436286","334.436286","9.575679898e-04","7.799680233e-04","1.320526593e-05","row","0","-1.000000000e+00","-1.000000"
"cuda_warp_smem(blk64)(g1)","1","double","local","local","16384","16384","32","1","1","1","18","1.359999997e-07","5.292211900e-02","5.201380000e-04","5.344239300e-02","5.169390758e-02","5.117363358e-02","1.748485425e-03","332.338374","335.717204","335.717204","9.565119743e-04","7.803519964e-04","1.162145380e-05","row","0","-1.000000000e+00","-1.000000"
"cuda_warp_smem(blk64)(g1)","1","double","local","local","16384","16384","32","1","1","1","19","2.659999998e-07","5.280562800e-02","5.100950000e-04","5.331598900e-02","5.155048780e-02","5.104012680e-02","1.765501199e-03","333.262980","336.595347","336.595347","9.621760249e-04","7.911679745e-04","1.215720008e-05","row","0","-1.000000000e+00","-1.000000"
"cuda_warp_smem(blk64)(g1)","1","double","local","local","16384","16384","32","1","1","1","20","2.180000003e-07","5.306634700e-02","5.162250000e-04","5.358279000e-02","5.182904981e-02","5.131260681e-02","1.753740188e-03","331.471814","334.807960","334.807960","9.673600197e-04","7.739199996e-04","1.246016919e-05","row","0","-1.000000000e+00","-1.000000"
"cuda_warp_smem(blk128)(g1)","1","double","local","local","16384","16384","3","1","1","1","1","1.059999999e-07","5.859188000e-03","4.396400000e-05","5.903258000e-03","5.684037918e-03","5.639967918e-03","2.192200816e-04","283.357141","285.571258","285.571258","1.196160018e-04","8.915200084e-05","1.045207892e-05","row","0","-1.000000000e+00","-1.000000"
"cuda_warp_smem(blk128)(g1)","1","double","local","local","16384","16384","3","1","1","1","2","1.080000001e-07","5.848767000e-03","4.391400000e-05","5.892789000e-03","5.676246083e-03","5.632224083e-03","2.165429171e-04","283.746108","285.963895","285.963895","1.194560006e-04","8.687999845e-05","1.020691798e-05","row","0","-1.000000000e+00","-1.000000"
"cuda_warp_smem(blk128)(g1)","1","double","local","local","16384","16384","3","1","1","1","3","1.439999999e-07","5.844786000e-03","4.432100000e-05","5.889251000e-03","5.674033100e-03","5.629568100e-03","2.152179000e-04","283.856775","286.098810","286.098810","1.190399975e-04","8.620800078e-05","9.969901787e-06","row","0","-1.000000000e+00","-1.000000"
"cuda_warp_smem(blk128)(g1)","1","double","local","local","16384","16384","3","1","1","1","4","1.130000000e-07","5.854591000e-03","4.362900000e-05","5.898333000e-03","5.686558067e-03","5.642816067e-03","2.117749333e-04","283.231564","285.427120","285.427120","1.185280010e-04","8.348800242e-05","9.758929828e-06","row","0","-1.000000000e+00","-1.000000"
"cuda_warp_smem(blk128)(g1)","1","double","local","local","16384","16384","3","1","1","1","5","1.180000000e-07","5.844601000e-03","4.402200000e-05","5.888741000e-03","5.677452225e-03","5.633312225e-03","2.112887747e-04","283.685828","285.908658","285.908658","1.191679984e-04","8.240000159e-05","9.720774640e-06","row","0","-1.000000000e+00","-1.000000"
"cuda_warp_smem(blk128)(g1)","1","double","local","local","16384","16384","3","1","1","1","6","1.119999999e-07","5.848807000e-03","4.445600000e-05","5.893375000e-03","5.678711829e-03","5.634143829e-03","2.146631707e-04","283.622903","285.866457","285.866457","1.195840016e-04","8.367999643e-05","1.139917262e-05","row","0","-1.000000000e+00","-1.000000"
"cuda_warp_smem(blk128)(g1)","1","double","local","local","16384","16384","3","1","1","1","7","1.150000002e-07","5.868487000e-03","4.324300000e-05","5.911845000e-03","5.677982004e-03","5.634624004e-03","2.338629956e-04","283.659359","285.842096","285.842096","1.195840016e-04","1.036159992e-04","1.066299481e-05","row","0","-1.000000000e+00","-1.000000"
"cuda_warp_smem(blk128)(g1)","1","double","local","local","16384","16384","3","1","1","1","8","1.190000001e-07","5.768763000e-03","4.470400000e-05","5.813586000e-03","5.591511080e-03","5.546688080e-03","2.220749202e-04","288.046060","290.373771","290.373771","1.248959973e-04","8.793599904e-05","9.242923785e-06","row","0","-1.000000000e+00","-1.000000"
"cuda_warp_smem(blk128)(g1)","1","double","local","local","16384","16384","3","1","1","1","9","1.040000002e-07","5.602767000e-03","4.376800000e-05","5.646639000e-03","5.429023863e-03","5.385151863e-03","2.176151369e-04","296.667095","299.083996","299.083996","1.194880009e-04","8.944000304e-05","8.687132994e-06","row","0","-1.000000000e+00","-1.000000"
"cuda_warp_smem(blk128)(g1)","1","double","local","local","16384","16384","3","1","1","1","10","9.900000020e-08","5.630374000e-03","4.477300000e-05","5.675246000e-03","5.455720141e-03","5.410848141e-03","2.195258593e-04","295.215424","297.663637","297.663637","1.194240004e-04","9.120000154e-05","8.901857363e-06","row","0","-1.000000000e+00","-1.000000"
"cuda_warp_smem(blk128)(g1)","1","double","local","local","16384","16384","3","1","1","1","11","1.340000000e-07","5.601450000e-03","4.374300000e-05","5.645327000e-03","5.435556764e-03","5.391679764e-03","2.097702362e-04","296.310536","298.721884","298.721884","1.186560020e-04","8.124800026e-05","9.866233957e-06","row","0","-1.000000000e+00","-1.000000"
"cuda_warp_smem(blk128)(g1)","1","double","local","local","16384","16384","3","1","1","1","12","1.270000001e-07","5.608608000e-03","4.354900000e-05","5.652284000e-03","5.433243852e-03","5.389567852e-03","2.190401480e-04","296.436674","298.838939","298.838939","1.188160032e-04","9.132800251e-05","8.896142264e-06","row","0","-1.000000000e+00","-1.000000"
"cuda_warp_smem(blk128)(g1)","1","double","local","local","16384","16384","3","1","1","1","13","1.390000002e-07","5.608458000e-03","4.403300000e-05","5.652630000e-03","5.434732150e-03","5.390560150e-03","2.178978499e-04","296.355495","298.783928","298.783928","1.202559993e-04","8.729600161e-05","1.034584897e-05","row","0","-1.000000000e+00","-1.000000"
"cuda_warp_smem(blk128)(g1)","1","double","local","local","16384","16384","3","1","1","1","14","1.070000000e-07","5.598297000e-03","4.453700000e-05","5.642941000e-03","5.426660182e-03","5.382016182e-03","2.162808181e-04","296.796313","299.258248","299.258248","1.196480021e-04","8.816000074e-05","8.472815225e-06","row","0","-1.000000000e+00","-1.000000"
"cuda_warp_smem(blk128)(g1)","1","double","local","local","16384","16384","3","1","1","1","15","1.240000000e-07","5.595165000e-03","4.477000000e-05","5.640059000e-03","5.426974078e-03","5.382080078e-03","2.130849219e-04","296.779147","299.254696","299.254696","1.191679984e-04","8.470399678e-05","9.212926664e-06","row","0","-1.000000000e+00","-1.000000"
"cuda_warp_smem(blk128)(g1)","1","double","local","local","16384","16384","3","1","1","1","16","1.230000000e-07","5.617837000e-03","4.341200000e-05","5.661372000e-03","5.449518925e-03","5.405983925e-03","2.118530751e-04","295.551361","297.931470","297.931470","1.194240004e-04","8.307199925e-05","9.357075500e-06","row","0","-1.000000000e+00","-1.000000"
"cuda_warp_smem(blk128)(g1)","1","double","local","local","16384","16384","3","1","1","1","17","1.159999998e-07","5.637517000e-03","4.452100000e-05","5.682154000e-03","5.464093005e-03","5.419456005e-03","2.180609949e-04","294.763053","297.190850","297.190850","1.207360029e-04","8.841600269e-05","8.908989291e-06","row","0","-1.000000000e+00","-1.000000"
"cuda_warp_smem(blk128)(g1)","1","double","local","local","16384","16384","3","1","1","1","18","1.440000001e-07","5.602637000e-03","4.436900000e-05","5.647150000e-03","5.431873096e-03","5.387360096e-03","2.152769040e-04","296.511481","298.961404","298.961404","1.197440028e-04","8.582399786e-05","9.708903348e-06","row","0","-1.000000000e+00","-1.000000"
"cuda_warp_smem(blk128)(g1)","1","double","local","local","16384","16384","3","1","1","1","19","1.370000000e-07","5.597970000e-03","4.448700000e-05","5.642594000e-03","5.428559928e-03","5.383935928e-03","2.140340717e-04","296.692448","299.151542","299.151542","1.191359982e-04","8.617600054e-05","8.722072930e-06","row","0","-1.000000000e+00","-1.000000"
"cuda_warp_smem(blk128)(g1)","1","double","local","local","16384","16384","3","1","1","1","20","1.340000000e-07","5.604082000e-03","4.479700000e-05","5.649013000e-03","5.428771084e-03","5.383840084e-03","2.202419159e-04","296.680908","299.156868","299.156868","1.224960014e-04","8.892799914e-05","8.817915363e-06","row","0","-1.000000000e+00","-1.000000"
"cuda_warp_smem(blk128)(g1)","1","double","local","local","16384","16384","6","1","1","1","1","2.170000002e-07","1.058426100e-02","9.119400000e-05","1.067567200e-02","1.025051535e-02","1.015910435e-02","4.251566528e-04","314.250100","317.077703","317.077703","2.292480022e-04","1.862400025e-04","9.668648087e-06","row","0","-1.000000000e+00","-1.000000"
"cuda_warp_smem(blk128)(g1)","1","double","local","local","16384","16384","6","1","1","1","2","2.029999999e-07","1.057918100e-02","8.855300000e-05","1.066793700e-02","1.024786035e-02","1.015910435e-02","4.200766528e-04","314.331515","317.077703","317.077703","2.304639965e-04","1.794559956e-04","1.015666068e-05","row","0","-1.000000000e+00","-1.000000"
"cuda_warp_smem(blk128)(g1)","1","double","local","local","16384","16384","6","1","1","1","3","1.949999999e-07","1.057003600e-02","8.772000000e-05","1.065795100e-02","1.024234730e-02","1.015443230e-02","4.156037032e-04","314.500708","317.223590","317.223590","2.283519953e-04","1.766719967e-04","1.057971119e-05","row","0","-1.000000000e+00","-1.000000"
"cuda_warp_smem(blk128)(g1)","1","double","local","local","16384","16384","6","1","1","1","4","2.140000002e-07","1.057461400e-02","8.932600000e-05","1.066415400e-02","1.024771642e-02","1.015817642e-02","4.164375779e-04","314.335930","317.106667","317.106667","2.284159958e-04","1.778880060e-04","1.013357607e-05","row","0","-1.000000000e+00","-1.000000"
"cuda_warp_smem(blk128)(g1)","1","double","local","local","16384","16384","6","1","1","1","5","2.170000002e-07","1.054310300e-02","8.850800000e-05","1.063182800e-02","1.021810141e-02","1.012937641e-02","4.137265886e-04","315.246966","318.008270","318.008270","2.290879935e-04","1.753599942e-04","9.278600886e-06","row","0","-1.000000000e+00","-1.000000"
"cuda_warp_smem(blk128)(g1)","1","double","local","local","16384","16384","6","1","1","1","6","1.890000001e-07","1.055216300e-02","9.159600000e-05","1.064394800e-02","1.022106509e-02","1.012928009e-02","4.228829097e-04","315.155558","318.011294","318.011294","2.317759991e-04","1.814399958e-04","9.666914833e-06","row","0","-1.000000000e+00","-1.000000"
"cuda_warp_smem(blk128)(g1)","1","double","local","local","16384","16384","6","1","1","1","7","1.770000000e-07","1.056621100e-02","9.033300000e-05","1.065672100e-02","1.022036611e-02","1.012985611e-02","4.363548904e-04","315.177112","317.993211","317.993211","2.492160052e-04","1.767359972e-04","1.040288797e-05","row","0","-1.000000000e+00","-1.000000"
"cuda_warp_smem(blk128)(g1)","1","double","local","local","16384","16384","6","1","1","1","8","1.890000001e-07","1.054560000e-02","9.046400000e-05","1.063625300e-02","1.021948486e-02","1.012883186e-02","4.167681366e-04","315.204290","318.025367","318.025367","2.302400023e-04","1.774719954e-04","9.056138968e-06","row","0","-1.000000000e+00","-1.000000"
"cuda_warp_smem(blk128)(g1)","1","double","local","local","16384","16384","6","1","1","1","9","1.880000000e-07","1.053982200e-02","9.426100000e-05","1.063427100e-02","1.022235294e-02","1.012790394e-02","4.119180617e-04","315.115854","318.054505","318.054505","2.303999960e-04","1.710080057e-04","1.051005993e-05","row","0","-1.000000000e+00","-1.000000"
"cuda_warp_smem(blk128)(g1)","1","double","local","local","16384","16384","6","1","1","1","10","1.780000001e-07","1.054170900e-02","9.004300000e-05","1.063193000e-02","1.021793325e-02","1.012771225e-02","4.139967502e-04","315.252155","318.060525","318.060525","2.322880030e-04","1.723839939e-04","9.324753412e-06","row","0","-1.000000000e+00","-1.000000"
"cuda_warp_smem(blk128)(g1)","1","double","local","local","16384","16384","6","1","1","1","11","1.859999998e-07","1.054139900e-02","8.951300000e-05","1.063109800e-02","1.022061083e-02","1.013091183e-02","4.104871729e-04","315.169565","317.960074","317.960074","2.304320037e-04","1.711039990e-04","8.951170157e-06","row","0","-1.000000000e+00","-1.000000"
"cuda_warp_smem(blk128)(g1)","1","double","local","local","16384","16384","6","1","1","1","12","1.900000002e-07","1.054103800e-02","8.917100000e-05","1.063039900e-02","1.021451263e-02","1.012515163e-02","4.158863658e-04","315.357726","318.140961","318.140961","2.319040000e-04","1.750400066e-04","8.942359102e-06","row","0","-1.000000000e+00","-1.000000"
"cuda_warp_smem(blk128)(g1)","1","double","local","local","16384","16384","6","1","1","1","13","1.919999999e-07","1.056851100e-02","9.100700000e-05","1.065971000e-02","1.021827133e-02","1.012707233e-02","4.414386657e-04","315.241724","318.080622","318.080622","2.535679936e-04","1.781439930e-04","9.726679049e-06","row","0","-1.000000000e+00","-1.000000"
"cuda_warp_smem(blk128)(g1)","1","double","local","local","16384","16384","6","1","1","1","14","2.090000000e-07","1.054145300e-02","8.848000000e-05","1.063014200e-02","1.021201721e-02","1.012332821e-02","4.181247911e-04","315.434787","318.198265","318.198265","2.316160053e-04","1.775359958e-04","8.972789934e-06","row","0","-1.000000000e+00","-1.000000"
"cuda_warp_smem(blk128)(g1)","1","double","local","local","16384","16384","6","1","1","1","15","5.550000000e-07","1.054711600e-02","8.811200000e-05","1.063578300e-02","1.021781930e-02","1.012915230e-02","4.179637020e-04","315.255670","318.015306","318.015306","2.329279929e-04","1.748480052e-04","1.018770391e-05","row","0","-1.000000000e+00","-1.000000"
"cuda_warp_smem(blk128)(g1)","1","double","local","local","16384","16384","6","1","1","1","16","2.069999998e-07","1.054805100e-02","8.917500000e-05","1.063743300e-02","1.022170240e-02","1.013232040e-02","4.157305959e-04","315.135908","317.915872","317.915872","2.361920029e-04","1.698559970e-04","9.682596089e-06","row","0","-1.000000000e+00","-1.000000"
"cuda_warp_smem(blk128)(g1)","1","double","local","local","16384","16384","6","1","1","1","17","2.319999999e-07","1.053894400e-02","8.951000000e-05","1.062868600e-02","1.021502238e-02","1.012528038e-02","4.136636198e-04","315.341989","318.136916","318.136916","2.316160053e-04","1.720000058e-04","1.004760861e-05","row","0","-1.000000000e+00","-1.000000"
"cuda_warp_smem(blk128)(g1)","1","double","local","local","16384","16384","6","1","1","1","18","1.960000002e-07","1.056564100e-02","8.977900000e-05","1.065561600e-02","1.024255145e-02","1.015257645e-02","4.130645535e-04","314.494439","317.281578","317.281578","2.311040014e-04","1.722240001e-04","9.736551968e-06","row","0","-1.000000000e+00","-1.000000"
"cuda_warp_smem(blk128)(g1)","1","double","local","local","16384","16384","6","1","1","1","19","1.759999999e-07","1.060004100e-02","9.165400000e-05","1.069187100e-02","1.028229402e-02","1.019046402e-02","4.095769802e-04","313.278872","316.101943","316.101943","2.313279957e-04","1.691839993e-04","9.064985267e-06","row","0","-1.000000000e+00","-1.000000"
"cuda_warp_smem(blk128)(g1)","1","double","local","local","16384","16384","6","1","1","1","20","2.109999999e-07","1.060340700e-02","9.069300000e-05","1.069431100e-02","1.027311206e-02","1.018220806e-02","4.211989388e-04","313.558876","316.358245","316.358245","2.336959988e-04","1.764480025e-04","1.105493754e-05","row","0","-1.000000000e+00","-1.000000"
"cuda_warp_smem(blk128)(g1)","1","double","local","local","16384","16384","8","1","1","1","1","3.139999998e-07","2.464616400e-02","1.201370000e-04","2.476661500e-02","2.418573191e-02","2.406528091e-02","5.808830857e-04","177.582688","178.471521","178.471521","3.093439937e-04","2.618879974e-04","9.651094641e-06","row","0","-1.000000000e+00","-1.000000"
"cuda_warp_smem(blk128)(g1)","1","double","local","local","16384","16384","8","1","1","1","2","2.110000001e-07","2.463860800e-02","1.197280000e-04","2.475854700e-02","2.418857876e-02","2.406863976e-02","5.699682448e-04","177.561788","178.446615","178.446615","3.061439991e-04","2.529279888e-04","1.089625688e-05","row","0","-1.000000000e+00","-1.000000"
"cuda_warp_smem(blk128)(g1)","1","double","local","local","16384","16384","8","1","1","1","3","1.640000002e-07","2.463012200e-02","1.192650000e-04","2.474955100e-02","2.417952574e-02","2.406009674e-02","5.700252593e-04","177.628269","178.509976","178.509976","3.093439937e-04","2.504960001e-04","1.018526556e-05","row","0","-1.000000000e+00","-1.000000"
"cuda_warp_smem(blk128)(g1)","1","double","local","local","16384","16384","8","1","1","1","4","1.850000000e-07","2.462003100e-02","1.188070000e-04","2.473902300e-02","2.417588821e-02","2.405689621e-02","5.631347903e-04","177.654995","178.533725","178.533725","3.059520125e-04","2.474880069e-04","9.694770795e-06","row","0","-1.000000000e+00","-1.000000"
"cuda_warp_smem(blk128)(g1)","1","double","local","local","16384","16384","8","1","1","1","5","1.919999999e-07","2.462036000e-02","1.192710000e-04","2.473982300e-02","2.417584613e-02","2.405638313e-02","5.639768671e-04","177.655304","178.537533","178.537533","3.076480031e-04","2.463680059e-04","9.960858092e-06","row","0","-1.000000000e+00","-1.000000"
"cuda_warp_smem(blk128)(g1)","1","double","local","local","16384","16384","8","1","1","1","6","2.269999999e-07","2.783215600e-02","1.281580000e-04","2.796054100e-02","2.418326514e-02","2.405488014e-02","3.777275858e-03","177.600802","178.548688","178.548688","3.088319898e-04","3.457632065e-03","1.081180320e-05","row","0","-1.000000000e+00","-1.000000"
"cuda_warp_smem(blk128)(g1)","1","double","local","local","16384","16384","8","1","1","1","7","2.339999998e-07","2.464050600e-02","1.199050000e-04","2.476064500e-02","2.418292319e-02","2.406278419e-02","5.777218051e-04","177.603314","178.490039","178.490039","3.108800054e-04","2.554239929e-04","1.141780682e-05","row","0","-1.000000000e+00","-1.000000"
"cuda_warp_smem(blk128)(g1)","1","double","local","local","16384","16384","8","1","1","1","8","1.860000001e-07","2.461292800e-02","1.194150000e-04","2.473252900e-02","2.416859316e-02","2.404899216e-02","5.639358430e-04","177.708618","178.592403","178.592403","3.100799918e-04","2.433280051e-04","1.052784612e-05","row","0","-1.000000000e+00","-1.000000"
"cuda_warp_smem(blk128)(g1)","1","double","local","local","16384","16384","8","1","1","1","9","1.750000000e-07","2.461270200e-02","1.195400000e-04","2.473241700e-02","2.417705944e-02","2.405734444e-02","5.553575634e-04","177.646389","178.530399","178.530399","3.039680123e-04","2.420479953e-04","9.341555693e-06","row","0","-1.000000000e+00","-1.000000"
"cuda_warp_smem(blk128)(g1)","1","double","local","local","16384","16384","8","1","1","1","10","1.630000002e-07","2.461101800e-02","1.239810000e-04","2.473516200e-02","2.417576067e-02","2.405161667e-02","5.594013313e-04","177.655932","178.572915","178.572915","3.083519936e-04","2.414399981e-04","9.609339588e-06","row","0","-1.000000000e+00","-1.000000"
"cuda_warp_smem(blk128)(g1)","1","double","local","local","16384","16384","8","1","1","1","11","1.640000000e-07","2.461725600e-02","1.182440000e-04","2.473566400e-02","2.417530421e-02","2.405689621e-02","5.603597903e-04","177.659286","178.533725","178.533725","3.047359884e-04","2.452159971e-04","1.040780480e-05","row","0","-1.000000000e+00","-1.000000"
"cuda_warp_smem(blk128)(g1)","1","double","local","local","16384","16384","8","1","1","1","12","1.549999999e-07","2.461680800e-02","1.189440000e-04","2.473590700e-02","2.417093883e-02","2.405183983e-02","5.649681715e-04","177.691373","178.571258","178.571258","3.122879863e-04","2.432959974e-04","9.384187849e-06","row","0","-1.000000000e+00","-1.000000"
"cuda_warp_smem(blk128)(g1)","1","double","local","local","16384","16384","8","1","1","1","13","1.930000000e-07","2.461140000e-02","1.192570000e-04","2.473085000e-02","2.417416992e-02","2.405471992e-02","5.566800751e-04","177.667622","178.549878","178.549878","3.072960079e-04","2.388159931e-04","1.056807413e-05","row","0","-1.000000000e+00","-1.000000"
"cuda_warp_smem(blk128)(g1)","1","double","local","local","16384","16384","8","1","1","1","14","1.600000001e-07","2.461766400e-02","1.227870000e-04","2.474061100e-02","2.418349006e-02","2.406054306e-02","5.571209397e-04","177.599151","178.506665","178.506665","3.067840040e-04","2.404479980e-04","9.888937677e-06","row","0","-1.000000000e+00","-1.000000"
"cuda_warp_smem(blk128)(g1)","1","double","local","local","16384","16384","8","1","1","1","15","1.620000001e-07","2.460707600e-02","1.279660000e-04","2.473520400e-02","2.417551989e-02","2.404739189e-02","5.596841085e-04","177.657701","178.604288","178.604288","3.052160144e-04","2.436800003e-04","1.078809383e-05","row","0","-1.000000000e+00","-1.000000"
"cuda_warp_smem(blk128)(g1)","1","double","local","local","16384","16384","8","1","1","1","16","1.880000000e-07","2.463583000e-02","1.198700000e-04","2.475588800e-02","2.417186540e-02","2.405180740e-02","5.840225964e-04","177.684561","178.571499","178.571499","3.111360073e-04","2.619200051e-04","1.096658404e-05","row","0","-1.000000000e+00","-1.000000"
"cuda_warp_smem(blk128)(g1)","1","double","local","local","16384","16384","8","1","1","1","17","2.030000001e-07","2.497442100e-02","1.190150000e-04","2.509363900e-02","2.452654565e-02","2.440732765e-02","5.670933480e-04","175.115051","175.970404","175.970404","3.078399897e-04","2.486400008e-04","1.061335754e-05","row","0","-1.000000000e+00","-1.000000"
"cuda_warp_smem(blk128)(g1)","1","double","local","local","16384","16384","8","1","1","1","18","2.000000001e-07","2.461382600e-02","1.204170000e-04","2.473444300e-02","2.417082414e-02","2.405020714e-02","5.636188619e-04","177.692216","178.583381","178.583381","3.076800108e-04","2.462719977e-04","9.666853453e-06","row","0","-1.000000000e+00","-1.000000"
"cuda_warp_smem(blk128)(g1)","1","double","local","local","16384","16384","8","1","1","1","19","1.580000002e-07","2.461564900e-02","1.223690000e-04","2.473817600e-02","2.418124664e-02","2.405871964e-02","5.569293650e-04","177.615628","178.520194","178.520194","3.049280047e-04","2.415039986e-04","1.049736161e-05","row","0","-1.000000000e+00","-1.000000"
"cuda_warp_smem(blk128)(g1)","1","double","local","local","16384","16384","8","1","1","1","20","1.660000000e-07","2.460186300e-02","1.202750000e-04","2.472230400e-02","2.416764025e-02","2.404719925e-02","5.546637507e-04","177.715625","178.605718","178.605718","3.030079901e-04","2.411520034e-04","1.050375720e-05","row","0","-1.000000000e+00","-1.000000"
"cuda_warp_smem(blk128)(g1)","1","double","local","local","16384","16384","20","1","1","1","1","1.900000000e-07","3.184212700e-02","3.037970000e-04","3.214611400e-02","3.105921886e-02","3.075523186e-02","1.086895143e-03","345.707929","349.124932","349.124932","5.938559771e-04","4.809919894e-04","1.204717627e-05","row","0","-1.000000000e+00","-1.000000"
"cuda_warp_smem(blk128)(g1)","1","double","local","local","16384","16384","20","1","1","1","2","1.729999999e-07","3.184305400e-02","2.989400000e-04","3.214216700e-02","3.105488845e-02","3.075577545e-02","1.087278548e-03","345.756136","349.118762","349.118762","5.950400233e-04","4.817920029e-04","1.044652210e-05","row","0","-1.000000000e+00","-1.000000"
"cuda_warp_smem(blk128)(g1)","1","double","local","local","16384","16384","20","1","1","1","3","1.420000002e-07","3.186510200e-02","3.033500000e-04","3.216859400e-02","3.104730075e-02","3.074380875e-02","1.121293254e-03","345.840636","349.254652","349.254652","5.933759809e-04","5.172479749e-04","1.066929794e-05","row","0","-1.000000000e+00","-1.000000"
"cuda_warp_smem(blk128)(g1)","1","double","local","local","16384","16384","20","1","1","1","4","1.999999999e-07","3.184743300e-02","2.971190000e-04","3.214475200e-02","3.105731923e-02","3.076000023e-02","1.087432771e-03","345.729075","349.070811","349.070811","5.926719904e-04","4.835520089e-04","1.120877186e-05","row","0","-1.000000000e+00","-1.000000"
"cuda_warp_smem(blk128)(g1)","1","double","local","local","16384","16384","20","1","1","1","5","8.799999995e-08","3.179341000e-02","2.976870000e-04","3.209118500e-02","3.103041431e-02","3.073263931e-02","1.060770687e-03","346.028839","349.381585","349.381585","5.894079804e-04","4.608959854e-04","1.046672145e-05","row","0","-1.000000000e+00","-1.000000"
"cuda_warp_smem(blk128)(g1)","1","double","local","local","16384","16384","20","1","1","1","6","1.610000000e-07","3.178244500e-02","2.962800000e-04","3.207888600e-02","3.102882473e-02","3.073238373e-02","1.050061272e-03","346.046566","349.384491","349.384491","5.896959901e-04","4.497919977e-04","1.057328422e-05","row","0","-1.000000000e+00","-1.000000"
"cuda_warp_smem(blk128)(g1)","1","double","local","local","16384","16384","20","1","1","1","7","1.479999998e-07","3.178241600e-02","2.973850000e-04","3.207994900e-02","3.103638073e-02","3.073884773e-02","1.043568267e-03","345.962319","349.311020","349.311020","5.900480151e-04","4.430080056e-04","1.051224672e-05","row","0","-1.000000000e+00","-1.000000"
"cuda_warp_smem(blk128)(g1)","1","double","local","local","16384","16384","20","1","1","1","8","1.439999999e-07","3.177334600e-02","2.956300000e-04","3.206912000e-02","3.102911712e-02","3.073334312e-02","1.040002876e-03","346.043305","349.373584","349.373584","5.901759863e-04","4.383040071e-04","1.152288227e-05","row","0","-1.000000000e+00","-1.000000"
"cuda_warp_smem(blk128)(g1)","1","double","local","local","16384","16384","20","1","1","1","9","1.340000000e-07","3.177518000e-02","3.046300000e-04","3.207994400e-02","3.103935644e-02","3.073459244e-02","1.040587562e-03","345.929152","349.359383","349.359383","5.909759998e-04","4.380800128e-04","1.153154963e-05","row","0","-1.000000000e+00","-1.000000"
"cuda_warp_smem(blk128)(g1)","1","double","local","local","16384","16384","20","1","1","1","10","1.119999999e-07","3.176191800e-02","3.013520000e-04","3.206338200e-02","3.103624717e-02","3.073478317e-02","1.027134827e-03","345.963807","349.357215","349.357215","5.852479935e-04","4.314880073e-04","1.039882662e-05","row","0","-1.000000000e+00","-1.000000"
"cuda_warp_smem(blk128)(g1)","1","double","local","local","16384","16384","20","1","1","1","11","8.800000018e-08","3.179655200e-02","3.266190000e-04","3.212325900e-02","3.107118713e-02","3.074448013e-02","1.052071867e-03","345.574767","349.247026","349.247026","5.831040144e-04","4.581759870e-04","1.079186554e-05","row","0","-1.000000000e+00","-1.000000"
"cuda_warp_smem(blk128)(g1)","1","double","local","local","16384","16384","20","1","1","1","12","9.599999995e-08","3.183194400e-02","3.008750000e-04","3.213291500e-02","3.105565926e-02","3.075468826e-02","1.077255737e-03","345.747554","349.131103","349.131103","5.863680243e-04","4.790079892e-04","1.187972354e-05","row","0","-1.000000000e+00","-1.000000"
"cuda_warp_smem(blk128)(g1)","1","double","local","local","16384","16384","20","1","1","1","13","1.090000001e-07","3.180152900e-02","2.957700000e-04","3.209740800e-02","3.102701532e-02","3.073113632e-02","1.070392678e-03","346.066746","349.398673","349.398673","5.936959982e-04","4.665600061e-04","1.013667365e-05","row","0","-1.000000000e+00","-1.000000"
"cuda_warp_smem(blk128)(g1)","1","double","local","local","16384","16384","20","1","1","1","14","1.400000000e-07","3.180220800e-02","2.971310000e-04","3.209947900e-02","3.104120754e-02","3.074393654e-02","1.058271461e-03","345.908523","349.253201","349.253201","5.962880254e-04","4.505600035e-04","1.142343241e-05","row","0","-1.000000000e+00","-1.000000"
"cuda_warp_smem(blk128)(g1)","1","double","local","local","16384","16384","20","1","1","1","15","1.790000002e-07","3.180840600e-02","2.961540000e-04","3.210473900e-02","3.105044524e-02","3.075411224e-02","1.054293756e-03","345.805613","349.137642","349.137642","5.946239829e-04","4.481280148e-04","1.154175864e-05","row","0","-1.000000000e+00","-1.000000"
"cuda_warp_smem(blk128)(g1)","1","double","local","local","16384","16384","20","1","1","1","16","3.790000003e-07","3.229281100e-02","8.688990000e-04","3.316208900e-02","3.159836583e-02","3.072908783e-02","1.563723170e-03","339.809289","349.421965","349.421965","5.949760079e-04","9.559680223e-04","1.277914013e-05","row","0","-1.000000000e+00","-1.000000"
"cuda_warp_smem(blk128)(g1)","1","double","local","local","16384","16384","20","1","1","1","17","1.869999999e-07","3.190237500e-02","3.007130000e-04","3.220327500e-02","3.103629162e-02","3.073539162e-02","1.166983383e-03","345.963312","349.350299","349.350299","7.030079961e-04","4.528320134e-04","1.114337373e-05","row","0","-1.000000000e+00","-1.000000"
"cuda_warp_smem(blk128)(g1)","1","double","local","local","16384","16384","20","1","1","1","18","9.700000003e-08","3.178758200e-02","3.023530000e-04","3.209003200e-02","3.103704244e-02","3.073459244e-02","1.052989562e-03","345.954943","349.359383","349.359383","5.962880254e-04","4.463999867e-04","1.030155013e-05","row","0","-1.000000000e+00","-1.000000"
"cuda_warp_smem(blk128)(g1)","1","double","local","local","16384","16384","20","1","1","1","19","1.109999999e-07","3.178006200e-02","3.018180000e-04","3.208199100e-02","3.103520918e-02","3.073328018e-02","1.046781818e-03","345.975378","349.374300","349.374300","5.911679864e-04","4.445439875e-04","1.106984421e-05","row","0","-1.000000000e+00","-1.000000"
"cuda_warp_smem(blk128)(g1)","1","double","local","local","16384","16384","20","1","1","1","20","9.800000011e-08","3.176822900e-02","2.997940000e-04","3.206812100e-02","3.103595691e-02","3.073606491e-02","1.032164089e-03","345.967043","349.342646","349.342646","5.899519920e-04","4.304960072e-04","1.171608987e-05","row","0","-1.000000000e+00","-1.000000"
"cuda_warp_smem(blk128)(g1)","1","double","local","local","16384","16384","32","1","1","1","1","1.990000000e-07","5.295170600e-02","5.403730000e-04","5.349227800e-02","5.167734034e-02","5.113676834e-02","1.814937659e-03","332.444918","335.959227","335.959227","9.602879882e-04","8.427519798e-04","1.189769092e-05","row","0","-1.000000000e+00","-1.000000"
"cuda_warp_smem(blk128)(g1)","1","double","local","local","16384","16384","32","1","1","1","2","1.679999999e-07","5.294321500e-02","5.258760000e-04","5.346925900e-02","5.166140472e-02","5.113536072e-02","1.807854282e-03","332.547465","335.968475","335.968475","9.616320133e-04","8.343999982e-04","1.182227072e-05","row","0","-1.000000000e+00","-1.000000"
"cuda_warp_smem(blk128)(g1)","1","double","local","local","16384","16384","32","1","1","1","3","1.370000000e-07","5.295311300e-02","5.308650000e-04","5.348411500e-02","5.167957683e-02","5.114857483e-02","1.804538171e-03","332.430531","335.881679","335.881679","9.692159891e-04","8.230080009e-04","1.231418093e-05","row","0","-1.000000000e+00","-1.000000"
"cuda_warp_smem(blk128)(g1)","1","double","local","local","16384","16384","32","1","1","1","4","1.260000000e-07","5.293612800e-02","5.282550000e-04","5.346450900e-02","5.166354717e-02","5.113516617e-02","1.800961832e-03","332.533675","335.969754","335.969754","9.682239890e-04","8.210880160e-04","1.164982674e-05","row","0","-1.000000000e+00","-1.000000"
"cuda_warp_smem(blk128)(g1)","1","double","local","local","16384","16384","32","1","1","1","5","1.740000000e-07","5.295854400e-02","6.014780000e-04","5.356019600e-02","5.174040398e-02","5.113875198e-02","1.819792016e-03","332.039719","335.946196","335.946196","9.676799774e-04","8.392639756e-04","1.284806332e-05","row","0","-1.000000000e+00","-1.000000"
"cuda_warp_smem(blk128)(g1)","1","double","local","local","16384","16384","32","1","1","1","6","1.269999998e-07","5.301452100e-02","5.562410000e-04","5.357088900e-02","5.169214452e-02","5.113577652e-02","1.878744480e-03","332.349709","335.965744","335.965744","9.721599817e-04","8.950399756e-04","1.154452285e-05","row","0","-1.000000000e+00","-1.000000"
"cuda_warp_smem(blk128)(g1)","1","double","local","local","16384","16384","32","1","1","1","7","1.790000002e-07","5.294205300e-02","5.514080000e-04","5.349364000e-02","5.169222726e-02","5.114064026e-02","1.801412741e-03","332.349177","335.933792","335.933792","9.637759924e-04","8.248959780e-04","1.274077084e-05","row","0","-1.000000000e+00","-1.000000"
"cuda_warp_smem(blk128)(g1)","1","double","local","local","16384","16384","32","1","1","1","8","1.680000001e-07","5.377191300e-02","1.506757000e-03","5.527883800e-02","5.264273204e-02","5.113580704e-02","2.636105963e-03","326.348358","335.965543","335.965543","9.601920247e-04","1.661535978e-03","1.437795962e-05","row","0","-1.000000000e+00","-1.000000"
"cuda_warp_smem(blk128)(g1)","1","double","local","local","16384","16384","32","1","1","1","9","2.490000002e-07","5.377599900e-02","5.364860000e-04","5.431273400e-02","5.168857521e-02","5.115184021e-02","2.624158790e-03","332.372659","335.860237","335.860237","1.790879965e-03","8.211519718e-04","1.212685339e-05","row","0","-1.000000000e+00","-1.000000"
"cuda_warp_smem(blk128)(g1)","1","double","local","local","16384","16384","32","1","1","1","10","1.969999999e-07","5.294271000e-02","5.264490000e-04","5.346935600e-02","5.166286884e-02","5.113622284e-02","1.806487161e-03","332.538041","335.962811","335.962811","9.714239836e-04","8.239359856e-04","1.112719151e-05","row","0","-1.000000000e+00","-1.000000"
"cuda_warp_smem(blk128)(g1)","1","double","local","local","16384","16384","32","1","1","1","11","2.090000000e-07","5.297604800e-02","5.298590000e-04","5.350611600e-02","5.167240580e-02","5.114233780e-02","1.833710201e-03","332.476666","335.922641","335.922641","9.705600142e-04","8.512960076e-04","1.185417905e-05","row","0","-1.000000000e+00","-1.000000"
"cuda_warp_smem(blk128)(g1)","1","double","local","local","16384","16384","32","1","1","1","12","9.049999998e-07","5.299082100e-02","5.308020000e-04","5.352252800e-02","5.168303604e-02","5.115132904e-02","1.839491959e-03","332.408281","335.863594","335.863594","9.867519736e-04","8.402879834e-04","1.245200243e-05","row","0","-1.000000000e+00","-1.000000"
"cuda_warp_smem(blk128)(g1)","1","double","local","local","16384","16384","32","1","1","1","13","2.320000001e-07","5.294771900e-02","5.221400000e-04","5.347009100e-02","5.165885042e-02","5.113647842e-02","1.811240576e-03","332.563908","335.961132","335.961132","9.894080162e-04","8.097919822e-04","1.204057755e-05","row","0","-1.000000000e+00","-1.000000"
"cuda_warp_smem(blk128)(g1)","1","double","local","local","16384","16384","32","1","1","1","14","1.770000000e-07","5.335673100e-02","5.276240000e-04","5.388453200e-02","5.165941569e-02","5.113161469e-02","2.225116315e-03","332.560269","335.993089","335.993089","1.392416000e-03","8.208640218e-04","1.183629280e-05","row","0","-1.000000000e+00","-1.000000"
"cuda_warp_smem(blk128)(g1)","1","double","local","local","16384","16384","32","1","1","1","15","2.000000001e-07","5.292804600e-02","5.296890000e-04","5.345793500e-02","5.166358651e-02","5.113369751e-02","1.794348490e-03","332.533421","335.979403","335.979403","9.719679952e-04","8.103680015e-04","1.201249361e-05","row","0","-1.000000000e+00","-1.000000"
"cuda_warp_smem(blk128)(g1)","1","double","local","local","16384","16384","32","1","1","1","16","1.950000001e-07","5.297978200e-02","5.543790000e-04","5.353435600e-02","5.168666934e-02","5.113209534e-02","1.847686663e-03","332.384915","335.989931","335.989931","9.694719911e-04","8.652480245e-04","1.296664756e-05","row","0","-1.000000000e+00","-1.000000"
"cuda_warp_smem(blk128)(g1)","1","double","local","local","16384","16384","32","1","1","1","17","9.750000003e-07","5.297830000e-02","5.275330000e-04","5.350680800e-02","5.167490845e-02","5.114640045e-02","1.831899548e-03","332.460564","335.895958","335.895958","9.872959852e-04","8.320639729e-04","1.253959017e-05","row","0","-1.000000000e+00","-1.000000"
"cuda_warp_smem(blk128)(g1)","1","double","local","local","16384","16384","32","1","1","1","18","1.800000002e-07","5.293334900e-02","5.225410000e-04","5.345607000e-02","5.166649694e-02","5.114377594e-02","1.789573060e-03","332.514689","335.913195","335.913195","9.705600142e-04","8.071039915e-04","1.190905430e-05","row","0","-1.000000000e+00","-1.000000"
"cuda_warp_smem(blk128)(g1)","1","double","local","local","16384","16384","32","1","1","1","19","1.599999999e-07","5.292047100e-02","5.277780000e-04","5.344840900e-02","5.166803276e-02","5.114009476e-02","1.780376243e-03","332.504806","335.937375","335.937375","9.598399997e-04","8.095039725e-04","1.103227071e-05","row","0","-1.000000000e+00","-1.000000"
"cuda_warp_smem(blk128)(g1)","1","double","local","local","16384","16384","32","1","1","1","20","1.599999999e-07","5.294082000e-02","5.201050000e-04","5.346108500e-02","5.166423167e-02","5.114396667e-02","1.796853325e-03","332.529269","335.911942","335.911942","9.631680250e-04","8.216000199e-04","1.208528025e-05","row","0","-1.000000000e+00","-1.000000"
"cuda_warp_smem(blk192)(g1)","1","double","local","local","16384","16384","3","1","1","1","1","2.220000002e-07","6.019662000e-03","4.347200000e-05","6.063356000e-03","5.847918014e-03","5.804224014e-03","2.154379857e-04","275.416436","277.489761","277.489761","1.189119965e-04","8.697599918e-05","9.549990057e-06","row","0","-1.000000000e+00","-1.000000"
"cuda_warp_smem(blk192)(g1)","1","double","local","local","16384","16384","3","1","1","1","2","2.150000000e-07","6.005041000e-03","4.511600000e-05","6.050372000e-03","5.834835051e-03","5.789504051e-03","2.155369488e-04","276.033979","278.195286","278.195286","1.190719977e-04","8.652800322e-05","9.936947873e-06","row","0","-1.000000000e+00","-1.000000"
"cuda_warp_smem(blk192)(g1)","1","double","local","local","16384","16384","3","1","1","1","3","2.259999998e-07","7.002702000e-03","4.554900000e-05","7.048477000e-03","5.848495070e-03","5.802720070e-03","1.199981930e-03","275.389261","277.561681","277.561681","1.241599992e-04","1.065279961e-03","1.054197029e-05","row","0","-1.000000000e+00","-1.000000"
"cuda_warp_smem(blk192)(g1)","1","double","local","local","16384","16384","3","1","1","1","4","2.410000000e-07","6.030390000e-03","4.514300000e-05","6.075774000e-03","5.840327810e-03","5.794943810e-03","2.354461905e-04","275.774372","277.934142","277.934142","1.255680025e-04","9.916800261e-05","1.071018542e-05","row","0","-1.000000000e+00","-1.000000"
"cuda_warp_smem(blk192)(g1)","1","double","local","local","16384","16384","3","1","1","1","5","2.100000001e-07","6.013344000e-03","4.364300000e-05","6.057197000e-03","5.838764861e-03","5.794911861e-03","2.184321386e-04","275.848193","277.935674","277.935674","1.201279983e-04","8.899199963e-05","9.312140662e-06","row","0","-1.000000000e+00","-1.000000"
"cuda_warp_smem(blk192)(g1)","1","double","local","local","16384","16384","3","1","1","1","6","2.239999999e-07","6.022345000e-03","4.355900000e-05","6.066128000e-03","5.840359023e-03","5.796576023e-03","2.257689769e-04","275.772898","277.855881","277.855881","1.204160005e-04","9.632000327e-05","9.032973142e-06","row","0","-1.000000000e+00","-1.000000"
"cuda_warp_smem(blk192)(g1)","1","double","local","local","16384","16384","3","1","1","1","7","2.330000002e-07","6.027474000e-03","4.457900000e-05","6.072286000e-03","5.837804115e-03","5.792992115e-03","2.344818850e-04","275.893590","278.027780","278.027780","1.192959994e-04","1.060800031e-04","9.105882489e-06","row","0","-1.000000000e+00","-1.000000"
"cuda_warp_smem(blk192)(g1)","1","double","local","local","16384","16384","3","1","1","1","8","2.290000001e-07","6.016530000e-03","4.419500000e-05","6.060954000e-03","5.844808045e-03","5.800384045e-03","2.161459554e-04","275.562982","277.673465","277.673465","1.196160018e-04","8.716800064e-05","9.361952870e-06","row","0","-1.000000000e+00","-1.000000"
"cuda_warp_smem(blk192)(g1)","1","double","local","local","16384","16384","3","1","1","1","9","2.520000000e-07","6.022338000e-03","4.443300000e-05","6.067023000e-03","5.840524787e-03","5.795839787e-03","2.264982135e-04","275.765072","277.891176","277.891176","1.200959980e-04","9.622400254e-05","1.017821288e-05","row","0","-1.000000000e+00","-1.000000"
"cuda_warp_smem(blk192)(g1)","1","double","local","local","16384","16384","3","1","1","1","10","1.759999999e-07","6.014207000e-03","4.475500000e-05","6.059138000e-03","5.839202946e-03","5.794271946e-03","2.199350540e-04","275.827498","277.966369","277.966369","1.197440028e-04","9.123200178e-05","8.959049446e-06","row","0","-1.000000000e+00","-1.000000"
"cuda_warp_smem(blk192)(g1)","1","double","local","local","16384","16384","3","1","1","1","11","1.950000001e-07","6.012873000e-03","4.574200000e-05","6.058810000e-03","5.839761196e-03","5.793824196e-03","2.190488041e-04","275.801130","277.987851","277.987851","1.190079972e-04","9.139200300e-05","8.648803924e-06","row","0","-1.000000000e+00","-1.000000"
"cuda_warp_smem(blk192)(g1)","1","double","local","local","16384","16384","3","1","1","1","12","1.960000000e-07","6.020101000e-03","4.364700000e-05","6.063944000e-03","5.844547002e-03","5.800704002e-03","2.193969976e-04","275.575290","277.658149","277.658149","1.195840016e-04","9.008000046e-05","9.732995559e-06","row","0","-1.000000000e+00","-1.000000"
"cuda_warp_smem(blk192)(g1)","1","double","local","local","16384","16384","3","1","1","1","13","1.479999998e-07","6.008126000e-03","4.599900000e-05","6.054273000e-03","5.836227070e-03","5.790080070e-03","2.180459295e-04","275.968141","278.167610","278.167610","1.200319976e-04","8.764799684e-05","1.036593510e-05","row","0","-1.000000000e+00","-1.000000"
"cuda_warp_smem(blk192)(g1)","1","double","local","local","16384","16384","3","1","1","1","14","1.880000000e-07","6.015915000e-03","4.342300000e-05","6.059526000e-03","5.837147186e-03","5.793536186e-03","2.223788138e-04","275.924640","278.001670","278.001670","1.199039966e-04","9.238400310e-05","1.009081409e-05","row","0","-1.000000000e+00","-1.000000"
"cuda_warp_smem(blk192)(g1)","1","double","local","local","16384","16384","3","1","1","1","15","1.300000001e-07","6.008672000e-03","4.461200000e-05","6.053414000e-03","5.836326015e-03","5.791584015e-03","2.170879851e-04","275.963463","278.095376","278.095376","1.200319976e-04","8.710400015e-05","9.951987395e-06","row","0","-1.000000000e+00","-1.000000"
"cuda_warp_smem(blk192)(g1)","1","double","local","local","16384","16384","3","1","1","1","16","1.310000000e-07","6.012001000e-03","4.359900000e-05","6.055731000e-03","5.839698056e-03","5.795968056e-03","2.160329443e-04","275.804112","277.885026","277.885026","1.199359968e-04","8.630400151e-05","9.792945934e-06","row","0","-1.000000000e+00","-1.000000"
"cuda_warp_smem(blk192)(g1)","1","double","local","local","16384","16384","3","1","1","1","17","1.169999999e-07","6.009646000e-03","4.388800000e-05","6.053651000e-03","5.836677157e-03","5.792672157e-03","2.169738427e-04","275.946860","278.043137","278.043137","1.190719977e-04","8.828800172e-05","9.613843294e-06","row","0","-1.000000000e+00","-1.000000"
"cuda_warp_smem(blk192)(g1)","1","double","local","local","16384","16384","3","1","1","1","18","1.070000000e-07","5.962713000e-03","4.447000000e-05","6.007290000e-03","5.787041066e-03","5.742464066e-03","2.202489344e-04","278.313687","280.474151","280.474151","1.201279983e-04","9.004800022e-05","1.007293594e-05","row","0","-1.000000000e+00","-1.000000"
"cuda_warp_smem(blk192)(g1)","1","double","local","local","16384","16384","3","1","1","1","19","1.340000000e-07","5.903352000e-03","4.449900000e-05","5.947985000e-03","5.734105198e-03","5.689472198e-03","2.138798015e-04","280.883011","283.086494","283.086494","1.190719977e-04","8.479999751e-05","1.000780630e-05","row","0","-1.000000000e+00","-1.000000"
"cuda_warp_smem(blk192)(g1)","1","double","local","local","16384","16384","3","1","1","1","20","1.150000002e-07","5.627418000e-03","4.544100000e-05","5.672974000e-03","5.456724098e-03","5.411168098e-03","2.162499016e-04","295.161109","297.646036","297.646036","1.199359968e-04","8.636800200e-05","9.945902722e-06","row","0","-1.000000000e+00","-1.000000"
"cuda_warp_smem(blk192)(g1)","1","double","local","local","16384","16384","6","1","1","1","1","1.439999999e-07","1.415846200e-02","9.001500000e-05","1.424862100e-02","1.383771092e-02","1.374755192e-02","4.109100820e-04","232.786007","234.312661","234.312661","2.314559966e-04","1.696320027e-04","9.822082626e-06","row","0","-1.000000000e+00","-1.000000"
"cuda_warp_smem(blk192)(g1)","1","double","local","local","16384","16384","6","1","1","1","2","1.549999999e-07","1.416119600e-02","8.957400000e-05","1.425092500e-02","1.384185665e-02","1.375212765e-02","4.090683526e-04","232.716286","234.234698","234.234698","2.336959988e-04","1.649280041e-04","1.044434967e-05","row","0","-1.000000000e+00","-1.000000"
"cuda_warp_smem(blk192)(g1)","1","double","local","local","16384","16384","6","1","1","1","3","2.280000000e-07","1.416801700e-02","9.006100000e-05","1.425830600e-02","1.384366501e-02","1.375337601e-02","4.146409929e-04","232.685887","234.213438","234.213438","2.328000069e-04","1.712320000e-04","1.060898606e-05","row","0","-1.000000000e+00","-1.000000"
"cuda_warp_smem(blk192)(g1)","1","double","local","local","16384","16384","6","1","1","1","4","1.219999999e-07","1.415605100e-02","9.412700000e-05","1.425030000e-02","1.383456921e-02","1.374032021e-02","4.157307943e-04","232.838871","234.435983","234.435983","2.351039946e-04","1.700479984e-04","1.057880128e-05","row","0","-1.000000000e+00","-1.000000"
"cuda_warp_smem(blk192)(g1)","1","double","local","local","16384","16384","6","1","1","1","5","1.450000000e-07","1.417103300e-02","9.058900000e-05","1.426176700e-02","1.383623838e-02","1.374550438e-02","4.255286207e-04","232.810782","234.347564","234.347564","2.442879975e-04","1.714880019e-04","9.752621301e-06","row","0","-1.000000000e+00","-1.000000"
"cuda_warp_smem(blk192)(g1)","1","double","local","local","16384","16384","6","1","1","1","6","1.240000000e-07","1.413054600e-02","9.110700000e-05","1.422177700e-02","1.380620731e-02","1.371497631e-02","4.155696893e-04","233.317188","234.869197","234.869197","2.345599979e-04","1.717759967e-04","9.233694669e-06","row","0","-1.000000000e+00","-1.000000"
"cuda_warp_smem(blk192)(g1)","1","double","local","local","16384","16384","6","1","1","1","7","1.299999999e-07","1.412107900e-02","8.979600000e-05","1.421100500e-02","1.379427838e-02","1.370435238e-02","4.167266212e-04","233.518955","235.051273","235.051273","2.334080040e-04","1.730560064e-04","1.026261068e-05","row","0","-1.000000000e+00","-1.000000"
"cuda_warp_smem(blk192)(g1)","1","double","local","local","16384","16384","6","1","1","1","8","1.960000000e-07","1.411712900e-02","8.751100000e-05","1.420483600e-02","1.379180284e-02","1.370409584e-02","4.130331595e-04","233.560870","235.055673","235.055673","2.321919948e-04","1.719679981e-04","8.873166613e-06","row","0","-1.000000000e+00","-1.000000"
"cuda_warp_smem(blk192)(g1)","1","double","local","local","16384","16384","6","1","1","1","9","7.199999974e-08","1.413149000e-02","1.008820000e-04","1.423244400e-02","1.380204195e-02","1.370108795e-02","4.304020483e-04","233.387602","235.107276","235.107276","2.511999905e-04","1.699520051e-04","9.250052681e-06","row","0","-1.000000000e+00","-1.000000"
"cuda_warp_smem(blk192)(g1)","1","double","local","local","16384","16384","6","1","1","1","10","1.000000001e-07","1.411219600e-02","8.987000000e-05","1.420216600e-02","1.378846586e-02","1.369849586e-02","4.137001351e-04","233.617395","235.151764","235.151764","2.309760004e-04","1.682240069e-04","1.450012781e-05","row","0","-1.000000000e+00","-1.000000"
"cuda_warp_smem(blk192)(g1)","1","double","local","local","16384","16384","6","1","1","1","11","1.350000001e-07","1.411364200e-02","8.986500000e-05","1.420364200e-02","1.379630360e-02","1.370630360e-02","4.073384035e-04","233.484676","235.017811","235.017811","2.321600020e-04","1.650239974e-04","1.015440408e-05","row","0","-1.000000000e+00","-1.000000"
"cuda_warp_smem(blk192)(g1)","1","double","local","local","16384","16384","6","1","1","1","12","1.400000000e-07","1.708241100e-02","8.980300000e-05","1.717235400e-02","1.379218299e-02","1.370223999e-02","3.380171010e-03","233.554433","235.087509","235.087509","2.336959988e-04","3.136672020e-03","9.802991019e-06","row","0","-1.000000000e+00","-1.000000"
"cuda_warp_smem(blk192)(g1)","1","double","local","local","16384","16384","6","1","1","1","13","2.290000001e-07","1.412305800e-02","9.253800000e-05","1.421582500e-02","1.379724717e-02","1.370448017e-02","4.185778288e-04","233.468708","235.049081","235.049081","2.328319997e-04","1.763200015e-04","9.425827654e-06","row","0","-1.000000000e+00","-1.000000"
"cuda_warp_smem(blk192)(g1)","1","double","local","local","16384","16384","6","1","1","1","14","7.899999988e-08","1.411250400e-02","8.878900000e-05","1.420137200e-02","1.379187570e-02","1.370300770e-02","4.094963019e-04","233.559636","235.074339","235.074339","2.321600020e-04","1.671999991e-04","1.013630085e-05","row","0","-1.000000000e+00","-1.000000"
"cuda_warp_smem(blk192)(g1)","1","double","local","local","16384","16384","6","1","1","1","15","8.100000004e-08","1.411805500e-02","8.977100000e-05","1.420790700e-02","1.379151597e-02","1.370166397e-02","4.163910291e-04","233.565728","235.097392","235.097392","2.328319997e-04","1.731519997e-04","1.040702968e-05","row","0","-1.000000000e+00","-1.000000"
"cuda_warp_smem(blk192)(g1)","1","double","local","local","16384","16384","6","1","1","1","16","7.900000010e-08","1.410811900e-02","8.991400000e-05","1.419811200e-02","1.379188108e-02","1.370188808e-02","4.062309156e-04","233.559545","235.093547","235.093547","2.308800071e-04","1.665920019e-04","8.758906525e-06","row","0","-1.000000000e+00","-1.000000"
"cuda_warp_smem(blk192)(g1)","1","double","local","local","16384","16384","6","1","1","1","17","1.120000002e-07","1.411701900e-02","8.960800000e-05","1.420673900e-02","1.379573559e-02","1.370601559e-02","4.110034131e-04","233.494289","235.022750","235.022750","2.313600034e-04","1.707520038e-04","8.891406006e-06","row","0","-1.000000000e+00","-1.000000"
"cuda_warp_smem(blk192)(g1)","1","double","local","local","16384","16384","6","1","1","1","18","1.629999999e-07","1.411551000e-02","9.539100000e-05","1.421106400e-02","1.379750598e-02","1.370195198e-02","4.135580194e-04","233.464329","235.092451","235.092451","2.381120026e-04","1.651840061e-04","1.026201070e-05","row","0","-1.000000000e+00","-1.000000"
"cuda_warp_smem(blk192)(g1)","1","double","local","local","16384","16384","6","1","1","1","19","8.900000004e-08","1.411038600e-02","9.014700000e-05","1.420062200e-02","1.378745203e-02","1.369721603e-02","4.131699661e-04","233.634573","235.173736","235.173736","2.318399996e-04","1.707199961e-04","1.060997041e-05","row","0","-1.000000000e+00","-1.000000"
"cuda_warp_smem(blk192)(g1)","1","double","local","local","16384","16384","6","1","1","1","20","1.110000001e-07","1.410994800e-02","8.940300000e-05","1.419946200e-02","1.379223369e-02","1.370271969e-02","4.072283116e-04","233.553574","235.079280","235.079280","2.322240025e-04","1.653120071e-04","9.692302034e-06","row","0","-1.000000000e+00","-1.000000"
"cuda_warp_smem(blk192)(g1)","1","double","local","local","16384","16384","8","1","1","1","1","1.789999999e-07","1.626160600e-02","1.194610000e-04","1.638124600e-02","1.579787982e-02","1.567823982e-02","5.833661776e-04","271.869855","273.944483","273.944483","3.039999902e-04","2.696959972e-04","9.670190149e-06","row","0","-1.000000000e+00","-1.000000"
"cuda_warp_smem(blk192)(g1)","1","double","local","local","16384","16384","8","1","1","1","2","1.820000000e-07","1.626267800e-02","1.185490000e-04","1.638140900e-02","1.579524276e-02","1.567651176e-02","5.861662355e-04","271.915244","273.974680","273.974680","3.058879972e-04","2.696320117e-04","1.064622667e-05","row","0","-1.000000000e+00","-1.000000"
"cuda_warp_smem(blk192)(g1)","1","double","local","local","16384","16384","8","1","1","1","3","1.450000000e-07","1.624713100e-02","1.190010000e-04","1.636627700e-02","1.579770626e-02","1.567856026e-02","5.685707430e-04","271.872842","273.938884","273.938884","3.076159954e-04","2.499839962e-04","1.097075148e-05","row","0","-1.000000000e+00","-1.000000"
"cuda_warp_smem(blk192)(g1)","1","double","local","local","16384","16384","8","1","1","1","4","1.230000000e-07","1.622116800e-02","1.200700000e-04","1.634136100e-02","1.577459287e-02","1.565439987e-02","5.667681282e-04","272.271198","274.361670","274.361670","3.058559895e-04","2.505280077e-04","1.038413097e-05","row","0","-1.000000000e+00","-1.000000"
"cuda_warp_smem(blk192)(g1)","1","double","local","local","16384","16384","8","1","1","1","5","1.450000000e-07","1.620530700e-02","1.203950000e-04","1.632584700e-02","1.576834807e-02","1.564780807e-02","5.574989250e-04","272.379026","274.477248","274.477248","3.046720028e-04","2.427839935e-04","1.004292877e-05","row","0","-1.000000000e+00","-1.000000"
"cuda_warp_smem(blk192)(g1)","1","double","local","local","16384","16384","8","1","1","1","6","1.370000000e-07","1.622016800e-02","1.190300000e-04","1.633933500e-02","1.577587095e-02","1.565670395e-02","5.634640510e-04","272.249140","274.321295","274.321295","3.132160008e-04","2.398719937e-04","1.037605657e-05","row","0","-1.000000000e+00","-1.000000"
"cuda_warp_smem(blk192)(g1)","1","double","local","local","16384","16384","8","1","1","1","7","1.400000000e-07","1.621879700e-02","1.205680000e-04","1.633950500e-02","1.578406764e-02","1.566335964e-02","5.554373580e-04","272.107760","274.204730","274.204730","3.026239872e-04","2.419199944e-04","1.089337642e-05","row","0","-1.000000000e+00","-1.000000"
"cuda_warp_smem(blk192)(g1)","1","double","local","local","16384","16384","8","1","1","1","8","1.380000001e-07","1.621548500e-02","1.184660000e-04","1.633408900e-02","1.577953177e-02","1.566092777e-02","5.545572275e-04","272.185979","274.247309","274.247309","3.066239953e-04","2.373439968e-04","1.058923541e-05","row","0","-1.000000000e+00","-1.000000"
"cuda_warp_smem(blk192)(g1)","1","double","local","local","16384","16384","8","1","1","1","9","1.319999998e-07","1.624386400e-02","1.203630000e-04","1.636435900e-02","1.579127900e-02","1.567078400e-02","5.730800034e-04","271.983498","274.074820","274.074820","3.252480030e-04","2.374400049e-04","1.039199547e-05","row","0","-1.000000000e+00","-1.000000"
"cuda_warp_smem(blk192)(g1)","1","double","local","local","16384","16384","8","1","1","1","10","1.470000002e-07","1.620945000e-02","1.225950000e-04","1.633219200e-02","1.578386241e-02","1.566112041e-02","5.483295853e-04","272.111298","274.243935","274.243935","3.045760095e-04","2.330559939e-04","1.069758184e-05","row","0","-1.000000000e+00","-1.000000"
"cuda_warp_smem(blk192)(g1)","1","double","local","local","16384","16384","8","1","1","1","11","1.550000002e-07","1.620957400e-02","1.186860000e-04","1.632841500e-02","1.576652128e-02","1.564768028e-02","5.618937174e-04","272.410586","274.479490","274.479490","3.032959998e-04","2.478719950e-04","1.072572267e-05","row","0","-1.000000000e+00","-1.000000"
"cuda_warp_smem(blk192)(g1)","1","double","local","local","16384","16384","8","1","1","1","12","1.590000001e-07","1.620857800e-02","1.298720000e-04","1.633860900e-02","1.577684725e-02","1.564681625e-02","5.617617463e-04","272.232292","274.494646","274.494646","3.093119860e-04","2.426880002e-04","9.761760166e-06","row","0","-1.000000000e+00","-1.000000"
"cuda_warp_smem(blk192)(g1)","1","double","local","local","16384","16384","8","1","1","1","13","1.390000000e-07","1.621348400e-02","1.192140000e-04","1.633283700e-02","1.577887315e-02","1.565952015e-02","5.539638508e-04","272.197340","274.271961","274.271961","3.023360074e-04","2.418880016e-04","9.739841851e-06","row","0","-1.000000000e+00","-1.000000"
"cuda_warp_smem(blk192)(g1)","1","double","local","local","16384","16384","8","1","1","1","14","2.069999998e-07","1.620469900e-02","1.185040000e-04","1.632341000e-02","1.576949454e-02","1.565078354e-02","5.539154612e-04","272.359224","274.425065","274.425065","3.033599854e-04","2.404479980e-04","1.010747778e-05","row","0","-1.000000000e+00","-1.000000"
"cuda_warp_smem(blk192)(g1)","1","double","local","local","16384","16384","8","1","1","1","15","1.960000000e-07","1.623237300e-02","1.212680000e-04","1.635383700e-02","1.578395961e-02","1.566249561e-02","5.698773869e-04","272.109623","274.219856","274.219856","3.065919876e-04","2.525120080e-04","1.077339134e-05","row","0","-1.000000000e+00","-1.000000"
"cuda_warp_smem(blk192)(g1)","1","double","local","local","16384","16384","8","1","1","1","16","2.200000000e-07","1.620974200e-02","1.209850000e-04","1.633094700e-02","1.577717271e-02","1.565596771e-02","5.537742876e-04","272.226677","274.334195","274.334195","3.075839877e-04","2.366079986e-04","9.582301275e-06","row","0","-1.000000000e+00","-1.000000"
"cuda_warp_smem(blk192)(g1)","1","double","local","local","16384","16384","8","1","1","1","17","1.479999998e-07","1.620707000e-02","1.194290000e-04","1.632664700e-02","1.578085668e-02","1.566127968e-02","5.457903217e-04","272.163127","274.241147","274.241147","3.041920066e-04","2.310079932e-04","1.059032185e-05","row","0","-1.000000000e+00","-1.000000"
"cuda_warp_smem(blk192)(g1)","1","double","local","local","16384","16384","8","1","1","1","18","1.630000002e-07","1.621624800e-02","1.196740000e-04","1.633608500e-02","1.577503700e-02","1.565520000e-02","5.610479954e-04","272.263532","274.347648","274.347648","3.161920011e-04","2.345599979e-04","1.029599640e-05","row","0","-1.000000000e+00","-1.000000"
"cuda_warp_smem(blk192)(g1)","1","double","local","local","16384","16384","8","1","1","1","19","1.310000000e-07","1.619580600e-02","1.184380000e-04","1.631437500e-02","1.576528893e-02","1.564671993e-02","5.490860674e-04","272.431880","274.496336","274.496336","3.055360019e-04","2.338559926e-04","9.694072968e-06","row","0","-1.000000000e+00","-1.000000"
"cuda_warp_smem(blk192)(g1)","1","double","local","local","16384","16384","8","1","1","1","20","1.160000003e-07","1.621171200e-02","1.198180000e-04","1.633164600e-02","1.578044597e-02","1.566051197e-02","5.512000295e-04","272.170210","274.254590","274.254590","3.084799945e-04","2.322240025e-04","1.049603246e-05","row","0","-1.000000000e+00","-1.000000"
"cuda_warp_smem(blk192)(g1)","1","double","local","local","16384","16384","20","1","1","1","1","2.220000002e-07","3.872579800e-02","2.996920000e-04","3.902571200e-02","3.791808951e-02","3.761817551e-02","1.107622493e-03","283.174031","285.431659","285.431659","5.917440057e-04","5.050240159e-04","1.085447182e-05","row","0","-1.000000000e+00","-1.000000"
"cuda_warp_smem(blk192)(g1)","1","double","local","local","16384","16384","20","1","1","1","2","2.539999999e-07","3.873477200e-02","3.169280000e-04","3.905195400e-02","3.793241256e-02","3.761523056e-02","1.119541440e-03","283.067106","285.454006","285.454006","6.015679836e-04","5.078719854e-04","1.010147063e-05","row","0","-1.000000000e+00","-1.000000"
"cuda_warp_smem(blk192)(g1)","1","double","local","local","16384","16384","20","1","1","1","3","2.379999999e-07","3.874067000e-02","3.027740000e-04","3.904368200e-02","3.792301093e-02","3.761999893e-02","1.120671068e-03","283.137282","285.417824","285.417824","6.014720201e-04","5.089920163e-04","1.020703165e-05","row","0","-1.000000000e+00","-1.000000"
"cuda_warp_smem(blk192)(g1)","1","double","local","local","16384","16384","20","1","1","1","4","2.640000001e-07","3.872129000e-02","3.059680000e-04","3.902752200e-02","3.791548111e-02","3.760924911e-02","1.112040885e-03","283.193512","285.499405","285.499405","6.035519838e-04","4.970879853e-04","1.140091590e-05","row","0","-1.000000000e+00","-1.000000"
"cuda_warp_smem(blk192)(g1)","1","double","local","local","16384","16384","20","1","1","1","5","2.029999999e-07","3.871041800e-02","3.026180000e-04","3.901323900e-02","3.791616329e-02","3.761334229e-02","1.097075715e-03","283.188416","285.468336","285.468336","6.143680215e-04","4.719359875e-04","1.077170588e-05","row","0","-1.000000000e+00","-1.000000"
"cuda_warp_smem(blk192)(g1)","1","double","local","local","16384","16384","20","1","1","1","6","1.310000000e-07","3.871177000e-02","3.115230000e-04","3.902342400e-02","3.792186060e-02","3.761020660e-02","1.101563396e-03","283.145871","285.492137","285.492137","5.975679755e-04","4.920639992e-04","1.193142130e-05","row","0","-1.000000000e+00","-1.000000"
"cuda_warp_smem(blk192)(g1)","1","double","local","local","16384","16384","20","1","1","1","7","1.430000001e-07","3.874682000e-02","3.036330000e-04","3.905059600e-02","3.791500876e-02","3.761123276e-02","1.135587242e-03","283.197040","285.484347","285.484347","6.522560120e-04","4.718079865e-04","1.152324397e-05","row","0","-1.000000000e+00","-1.000000"
"cuda_warp_smem(blk192)(g1)","1","double","local","local","16384","16384","20","1","1","1","8","1.700000001e-07","3.870115300e-02","3.398220000e-04","3.904114500e-02","3.794351144e-02","3.760351944e-02","1.097633560e-03","282.984306","285.542907","285.542907","5.985919833e-04","4.884159863e-04","1.062559068e-05","row","0","-1.000000000e+00","-1.000000"
"cuda_warp_smem(blk192)(g1)","1","double","local","local","16384","16384","20","1","1","1","9","1.340000000e-07","3.873391000e-02","3.073390000e-04","3.904138300e-02","3.791822511e-02","3.761075211e-02","1.123157894e-03","283.173018","285.487996","285.487996","6.007040143e-04","5.117120147e-04","1.074186531e-05","row","0","-1.000000000e+00","-1.000000"
"cuda_warp_smem(blk192)(g1)","1","double","local","local","16384","16384","20","1","1","1","10","1.289999996e-07","3.871624500e-02","3.082450000e-04","3.902461900e-02","3.792530210e-02","3.761692810e-02","1.099316899e-03","283.120177","285.441124","285.441124","6.029120088e-04","4.863359928e-04","1.006889784e-05","row","0","-1.000000000e+00","-1.000000"
"cuda_warp_smem(blk192)(g1)","1","double","local","local","16384","16384","20","1","1","1","11","1.369999998e-07","3.881179800e-02","3.086060000e-04","3.912054100e-02","3.803508043e-02","3.772633743e-02","1.085460567e-03","282.303024","284.613322","284.613322","5.984960198e-04","4.762879908e-04","1.067655649e-05","row","0","-1.000000000e+00","-1.000000"
"cuda_warp_smem(blk192)(g1)","1","double","local","local","16384","16384","20","1","1","1","12","1.610000000e-07","3.967531500e-02","3.217500000e-04","3.999722600e-02","3.838069548e-02","3.805878448e-02","1.616530515e-03","279.760909","282.127198","282.127198","5.941759944e-04","1.009791970e-03","1.256255049e-05","row","0","-1.000000000e+00","-1.000000"
"cuda_warp_smem(blk192)(g1)","1","double","local","local","16384","16384","20","1","1","1","13","1.980000000e-07","3.981600900e-02","3.074590000e-04","4.012366600e-02","3.847585082e-02","3.816819382e-02","1.647815183e-03","279.069027","281.318479","281.318479","1.134143949e-03","5.018879771e-04","1.178325718e-05","row","0","-1.000000000e+00","-1.000000"
"cuda_warp_smem(blk192)(g1)","1","double","local","local","16384","16384","20","1","1","1","14","1.540000003e-07","3.926881300e-02","3.051300000e-04","3.957409700e-02","3.847296283e-02","3.816767883e-02","1.101134167e-03","279.089975","281.322275","281.322275","5.943999887e-04","4.955840111e-04","1.115016726e-05","row","0","-1.000000000e+00","-1.000000"
"cuda_warp_smem(blk192)(g1)","1","double","local","local","16384","16384","20","1","1","1","15","1.379999999e-07","3.923704400e-02","3.047700000e-04","3.954195200e-02","3.843825074e-02","3.813334274e-02","1.103701257e-03","279.342010","281.575584","281.575584","6.010879874e-04","4.912639856e-04","1.134928402e-05","row","0","-1.000000000e+00","-1.000000"
"cuda_warp_smem(blk192)(g1)","1","double","local","local","16384","16384","20","1","1","1","16","1.350000001e-07","3.971797400e-02","8.704180000e-04","4.058852700e-02","3.895634554e-02","3.808579254e-02","1.632181458e-03","275.626938","281.927131","281.927131","5.957120061e-04","1.024000049e-03","1.246940377e-05","row","0","-1.000000000e+00","-1.000000"
"cuda_warp_smem(blk192)(g1)","1","double","local","local","16384","16384","20","1","1","1","17","1.648000000e-06","3.917063100e-02","3.143320000e-04","3.948661100e-02","3.837460427e-02","3.805862427e-02","1.112006732e-03","279.805315","282.128386","282.128386","6.159679890e-04","4.842559993e-04","1.178274413e-05","row","0","-1.000000000e+00","-1.000000"
"cuda_warp_smem(blk192)(g1)","1","double","local","local","16384","16384","20","1","1","1","18","1.290000000e-07","3.902226900e-02","3.008330000e-04","3.932323100e-02","3.825408319e-02","3.795312119e-02","1.069147815e-03","280.686853","282.912654","282.912654","5.906239748e-04","4.672000110e-04","1.132382888e-05","row","0","-1.000000000e+00","-1.000000"
"cuda_warp_smem(blk192)(g1)","1","double","local","local","16384","16384","20","1","1","1","19","1.370000002e-07","3.905142200e-02","3.078820000e-04","3.935944100e-02","3.828478749e-02","3.797676849e-02","1.074653506e-03","280.461743","282.736490","282.736490","5.908160210e-04","4.735679924e-04","1.026949293e-05","row","0","-1.000000000e+00","-1.000000"
"cuda_warp_smem(blk192)(g1)","1","double","local","local","16384","16384","20","1","1","1","20","1.560000000e-07","3.898945300e-02","3.060450000e-04","3.929565400e-02","3.821791365e-02","3.791171265e-02","1.077740354e-03","280.952496","283.221661","283.221661","5.886399746e-04","4.783680141e-04","1.073236482e-05","row","0","-1.000000000e+00","-1.000000"
"cuda_warp_smem(blk192)(g1)","1","double","local","local","16384","16384","32","1","1","1","1","2.560000001e-07","7.049274500e-02","5.265020000e-04","7.101950300e-02","6.922390918e-02","6.869715118e-02","1.795593816e-03","248.178258","250.081246","250.081246","9.741439819e-04","8.091199994e-04","1.232983458e-05","row","0","-1.000000000e+00","-1.000000"
"cuda_warp_smem(blk192)(g1)","1","double","local","local","16384","16384","32","1","1","1","2","1.910000000e-07","6.966238900e-02","5.153240000e-04","7.017790400e-02","6.838930956e-02","6.787379456e-02","1.788594444e-03","251.206940","253.114907","253.114907","9.621120095e-04","8.139200211e-04","1.256241375e-05","row","0","-1.000000000e+00","-1.000000"
"cuda_warp_smem(blk192)(g1)","1","double","local","local","16384","16384","32","1","1","1","3","7.499999999e-08","7.021418900e-02","5.865050000e-04","7.080076900e-02","6.898725291e-02","6.840067291e-02","1.813516087e-03","249.029617","251.165207","251.165207","9.621120095e-04","8.387200236e-04","1.268405425e-05","row","0","-1.000000000e+00","-1.000000"
"cuda_warp_smem(blk192)(g1)","1","double","local","local","16384","16384","32","1","1","1","4","1.340000000e-07","7.026777400e-02","5.344740000e-04","7.080238200e-02","6.896257889e-02","6.842797089e-02","1.839803114e-03","249.118717","251.065010","251.065010","9.734079838e-04","8.538560271e-04","1.253910286e-05","row","0","-1.000000000e+00","-1.000000"
"cuda_warp_smem(blk192)(g1)","1","double","local","local","16384","16384","32","1","1","1","5","8.500000037e-08","6.964106100e-02","5.278600000e-04","7.016900600e-02","6.834234472e-02","6.781439972e-02","1.826661281e-03","251.379569","253.336596","253.336596","9.750720263e-04","8.390719891e-04","1.251726545e-05","row","0","-1.000000000e+00","-1.000000"
"cuda_warp_smem(blk192)(g1)","1","double","local","local","16384","16384","32","1","1","1","6","9.199999962e-08","7.053382200e-02","5.128190000e-04","7.104673300e-02","6.922865502e-02","6.871574402e-02","1.818077981e-03","248.161244","250.013580","250.013580","9.672319889e-04","8.387519717e-04","1.209402082e-05","row","0","-1.000000000e+00","-1.000000"
"cuda_warp_smem(blk192)(g1)","1","double","local","local","16384","16384","32","1","1","1","7","1.309999997e-07","7.091493300e-02","9.605370000e-04","7.187560100e-02","6.965010587e-02","6.868943787e-02","2.225495134e-03","246.659628","250.109329","250.109329","9.588800073e-04","1.253600001e-03","1.301512519e-05","row","0","-1.000000000e+00","-1.000000"
"cuda_warp_smem(blk192)(g1)","1","double","local","local","16384","16384","32","1","1","1","8","8.609999997e-07","7.133386900e-02","5.069240000e-04","7.184165400e-02","6.920042721e-02","6.869264221e-02","2.641226788e-03","248.262473","250.097662","250.097662","1.811200023e-03","8.176959753e-04","1.233079008e-05","row","0","-1.000000000e+00","-1.000000"
"cuda_warp_smem(blk192)(g1)","1","double","local","local","16384","16384","32","1","1","1","9","9.500000031e-08","7.047301200e-02","5.074230000e-04","7.098053000e-02","6.918559570e-02","6.867807770e-02","1.794934302e-03","248.315694","250.150700","250.150700","9.634879827e-04","8.201919794e-04","1.125434009e-05","row","0","-1.000000000e+00","-1.000000"
"cuda_warp_smem(blk192)(g1)","1","double","local","local","16384","16384","32","1","1","1","10","1.149999997e-07","7.029064800e-02","5.112870000e-04","7.080205000e-02","6.899280917e-02","6.848140717e-02","1.809240834e-03","249.009562","250.869103","250.869103","9.566079974e-04","8.411840200e-04","1.144881701e-05","row","0","-1.000000000e+00","-1.000000"
"cuda_warp_smem(blk192)(g1)","1","double","local","local","16384","16384","32","1","1","1","11","8.899999981e-08","7.094943600e-02","9.658570000e-04","7.191538200e-02","6.965781764e-02","6.869187164e-02","2.257564357e-03","246.632320","250.100467","250.100467","9.744319916e-04","1.270176053e-03","1.295631231e-05","row","0","-1.000000000e+00","-1.000000"
"cuda_warp_smem(blk192)(g1)","1","double","local","local","16384","16384","32","1","1","1","12","8.050000000e-07","7.131866700e-02","5.187310000e-04","7.183820300e-02","6.920344256e-02","6.868390656e-02","2.634760445e-03","248.251656","250.129471","250.129471","1.811167955e-03","8.121280074e-04","1.146448201e-05","row","0","-1.000000000e+00","-1.000000"
"cuda_warp_smem(blk192)(g1)","1","double","local","local","16384","16384","32","1","1","1","13","1.119999999e-07","6.892013800e-02","5.062350000e-04","6.942648500e-02","6.762746364e-02","6.712111664e-02","1.799021362e-03","254.036870","255.953268","255.953268","9.687359929e-04","8.197119832e-04","1.057338570e-05","row","0","-1.000000000e+00","-1.000000"
"cuda_warp_smem(blk192)(g1)","1","double","local","local","16384","16384","32","1","1","1","14","1.500000000e-07","7.024085700e-02","5.124050000e-04","7.075341200e-02","6.896196448e-02","6.844940948e-02","1.791447515e-03","249.120937","250.986375","250.986375","9.579520226e-04","8.214719892e-04","1.202350343e-05","row","0","-1.000000000e+00","-1.000000"
"cuda_warp_smem(blk192)(g1)","1","double","local","local","16384","16384","32","1","1","1","15","7.499999999e-08","6.910026900e-02","5.093810000e-04","6.960972500e-02","6.781521924e-02","6.730576324e-02","1.794505755e-03","253.333534","255.251086","255.251086","9.583039880e-04","8.252480030e-04","1.095376439e-05","row","0","-1.000000000e+00","-1.000000"
"cuda_warp_smem(blk192)(g1)","1","double","local","local","16384","16384","32","1","1","1","16","4.959999997e-07","7.049899700e-02","5.027710000e-04","7.100226400e-02","6.921501322e-02","6.871174622e-02","1.787250784e-03","248.210155","250.028127","250.028127","9.566079974e-04","8.202880025e-04","1.035478427e-05","row","0","-1.000000000e+00","-1.000000"
"cuda_warp_smem(blk192)(g1)","1","double","local","local","16384","16384","32","1","1","1","17","1.660000000e-07","7.000400600e-02","9.609540000e-04","7.096512600e-02","6.874304139e-02","6.778192139e-02","2.222084613e-03","249.914302","253.457985","253.457985","9.618560076e-04","1.248576045e-03","1.165256067e-05","row","0","-1.000000000e+00","-1.000000"
"cuda_warp_smem(blk192)(g1)","1","double","local","local","16384","16384","32","1","1","1","18","8.020000002e-07","7.083614000e-02","5.107890000e-04","7.134773100e-02","6.872432904e-02","6.821273804e-02","2.623401963e-03","249.982349","251.857200","251.857200","1.802656054e-03","8.091840148e-04","1.156189360e-05","row","0","-1.000000000e+00","-1.000000"
"cuda_warp_smem(blk192)(g1)","1","double","local","local","16384","16384","32","1","1","1","19","1.359999997e-07","7.049972200e-02","5.273460000e-04","7.102720400e-02","6.923077485e-02","6.870329285e-02","1.796429153e-03","248.153646","250.058891","250.058891","9.591680169e-04","8.257920146e-04","1.146912181e-05","row","0","-1.000000000e+00","-1.000000"
"cuda_warp_smem(blk192)(g1)","1","double","local","local","16384","16384","32","1","1","1","20","1.140000001e-07","7.046346500e-02","5.388770000e-04","7.100245600e-02","6.918343833e-02","6.864444733e-02","1.819017673e-03","248.323437","250.273254","250.273254","9.711359739e-04","8.351680040e-04","1.271369537e-05","row","0","-1.000000000e+00","-1.000000"
"cuda_warp_smem(g1)","1","double","local","local","16384","16384","3","1","1","1","1","9.800000011e-08","5.825232000e-03","4.532900000e-05","5.870659000e-03","5.646898901e-03","5.601471901e-03","2.237600991e-04","285.220749","287.533842","287.533842","1.189119965e-04","9.555199742e-05","9.296105153e-06","row","0","-1.000000000e+00","-1.000000"
"cuda_warp_smem(g1)","1","double","local","local","16384","16384","3","1","1","1","2","1.109999999e-07","5.820872000e-03","4.475000000e-05","5.865733000e-03","5.650653046e-03","5.605792046e-03","2.150799544e-04","285.031256","287.312252","287.312252","1.184000000e-04","8.710400015e-05","9.575954220e-06","row","0","-1.000000000e+00","-1.000000"
"cuda_warp_smem(g1)","1","double","local","local","16384","16384","3","1","1","1","3","8.900000026e-08","5.817676000e-03","4.431000000e-05","5.862075000e-03","5.645038820e-03","5.600639820e-03","2.170361799e-04","285.314732","287.576560","287.576560","1.197440028e-04","8.675199747e-05","1.054017961e-05","row","0","-1.000000000e+00","-1.000000"
"cuda_warp_smem(g1)","1","double","local","local","16384","16384","3","1","1","1","4","1.110000003e-07","5.819704000e-03","4.380200000e-05","5.863617000e-03","5.645032995e-03","5.601119995e-03","2.185840049e-04","285.315026","287.551907","287.551907","1.223040000e-04","8.569599688e-05","1.058400804e-05","row","0","-1.000000000e+00","-1.000000"
"cuda_warp_smem(g1)","1","double","local","local","16384","16384","3","1","1","1","5","1.070000000e-07","5.810218000e-03","4.424600000e-05","5.854571000e-03","5.639169208e-03","5.594816208e-03","2.154017921e-04","285.611706","287.875897","287.875897","1.191679984e-04","8.726400137e-05","8.969792312e-06","row","0","-1.000000000e+00","-1.000000"
"cuda_warp_smem(g1)","1","double","local","local","16384","16384","3","1","1","1","6","1.270000001e-07","5.825455000e-03","4.516100000e-05","5.870743000e-03","5.653863821e-03","5.608575821e-03","2.168791791e-04","284.869390","287.169647","287.169647","1.185280010e-04","8.870399743e-05","9.647180633e-06","row","0","-1.000000000e+00","-1.000000"
"cuda_warp_smem(g1)","1","double","local","local","16384","16384","3","1","1","1","7","1.109999999e-07","5.828001000e-03","4.468000000e-05","5.872792000e-03","5.643159168e-03","5.598368168e-03","2.296328321e-04","285.409766","287.693251","287.693251","1.196480021e-04","9.913600236e-05","1.084882767e-05","row","0","-1.000000000e+00","-1.000000"
"cuda_warp_smem(g1)","1","double","local","local","16384","16384","3","1","1","1","8","1.369999998e-07","5.820144000e-03","4.586100000e-05","5.866142000e-03","5.643854045e-03","5.597856045e-03","2.222879552e-04","285.374626","287.719570","287.719570","1.198080033e-04","9.359999746e-05","8.879954464e-06","row","0","-1.000000000e+00","-1.000000"
"cuda_warp_smem(g1)","1","double","local","local","16384","16384","3","1","1","1","9","8.700000009e-08","5.691685000e-03","4.739200000e-05","5.739164000e-03","5.518871155e-03","5.471392155e-03","2.202928453e-04","291.837351","294.369822","294.369822","1.178880036e-04","9.321600199e-05","9.188839731e-06","row","0","-1.000000000e+00","-1.000000"
"cuda_warp_smem(g1)","1","double","local","local","16384","16384","3","1","1","1","10","1.220000001e-07","5.651822000e-03","4.422700000e-05","5.696171000e-03","5.478653237e-03","5.434304237e-03","2.175177626e-04","293.979682","296.378831","296.378831","1.182079986e-04","8.982399851e-05","9.485765550e-06","row","0","-1.000000000e+00","-1.000000"
"cuda_warp_smem(g1)","1","double","local","local","16384","16384","3","1","1","1","11","8.600000001e-08","5.626838000e-03","4.502800000e-05","5.671952000e-03","5.454009969e-03","5.408895969e-03","2.179420306e-04","295.307993","297.771069","297.771069","1.193599999e-04","8.988799900e-05","8.694031716e-06","row","0","-1.000000000e+00","-1.000000"
"cuda_warp_smem(g1)","1","double","local","local","16384","16384","3","1","1","1","12","8.999999990e-08","5.644010000e-03","4.522900000e-05","5.689329000e-03","5.468167225e-03","5.422848225e-03","2.211617754e-04","294.543431","297.004945","297.004945","1.186240017e-04","9.251199663e-05","1.002577699e-05","row","0","-1.000000000e+00","-1.000000"
"cuda_warp_smem(g1)","1","double","local","local","16384","16384","3","1","1","1","13","1.140000001e-07","5.647938000e-03","4.332300000e-05","5.691375000e-03","5.472012993e-03","5.428575993e-03","2.193620074e-04","294.336424","296.691570","296.691570","1.198400036e-04","9.020800143e-05","9.314002431e-06","row","0","-1.000000000e+00","-1.000000"
"cuda_warp_smem(g1)","1","double","local","local","16384","16384","3","1","1","1","14","1.120000002e-07","5.640284000e-03","4.440700000e-05","5.684803000e-03","5.468134932e-03","5.423615932e-03","2.166680675e-04","294.545171","296.962904","296.962904","1.194880009e-04","8.767999709e-05","9.500069579e-06","row","0","-1.000000000e+00","-1.000000"
"cuda_warp_smem(g1)","1","double","local","local","16384","16384","3","1","1","1","15","1.130000000e-07","5.652790000e-03","4.515300000e-05","5.698056000e-03","5.482642022e-03","5.437376022e-03","2.154139777e-04","293.765803","296.211395","296.211395","1.200319976e-04","8.614400029e-05","9.237979808e-06","row","0","-1.000000000e+00","-1.000000"
"cuda_warp_smem(g1)","1","double","local","local","16384","16384","3","1","1","1","16","1.230000000e-07","5.641165000e-03","4.419000000e-05","5.685478000e-03","5.464825199e-03","5.420512199e-03","2.206528006e-04","294.723560","297.132942","297.132942","1.196800023e-04","9.158399701e-05","9.388801255e-06","row","0","-1.000000000e+00","-1.000000"
"cuda_warp_smem(g1)","1","double","local","local","16384","16384","3","1","1","1","17","1.100000000e-07","5.626700000e-03","4.432100000e-05","5.671131000e-03","5.452943115e-03","5.408512115e-03","2.181878845e-04","295.365769","297.792203","297.792203","1.189119965e-04","8.934400231e-05","9.931885731e-06","row","0","-1.000000000e+00","-1.000000"
"cuda_warp_smem(g1)","1","double","local","local","16384","16384","3","1","1","1","18","1.089999999e-07","5.662159000e-03","4.467900000e-05","5.706947000e-03","5.469172117e-03","5.424384117e-03","2.377748829e-04","294.489312","296.920849","296.920849","1.183359995e-04","9.430400282e-05","2.513488050e-05","row","0","-1.000000000e+00","-1.000000"
"cuda_warp_smem(g1)","1","double","local","local","16384","16384","3","1","1","1","19","1.220000001e-07","5.648846000e-03","4.407800000e-05","5.693046000e-03","5.471399841e-03","5.427199841e-03","2.216461595e-04","294.369409","296.766801","296.766801","1.196480021e-04","9.279999882e-05","9.198158546e-06","row","0","-1.000000000e+00","-1.000000"
"cuda_warp_smem(g1)","1","double","local","local","16384","16384","3","1","1","1","20","1.239999998e-07","5.662319000e-03","4.426000000e-05","5.706703000e-03","5.486271856e-03","5.441887856e-03","2.204311445e-04","293.571441","295.965808","295.965808","1.218879968e-04","8.956799656e-05","8.975151116e-06","row","0","-1.000000000e+00","-1.000000"
"cuda_warp_smem(g1)","1","double","local","local","16384","16384","6","1","1","1","1","1.199999999e-07","1.173002500e-02","8.955000000e-05","1.181969500e-02","1.139411813e-02","1.130444813e-02","4.255768723e-04","282.709503","284.952033","284.952033","2.325759977e-04","1.835840046e-04","9.416869903e-06","row","0","-1.000000000e+00","-1.000000"
"cuda_warp_smem(g1)","1","double","local","local","16384","16384","6","1","1","1","2","1.620000001e-07","1.174602600e-02","9.062200000e-05","1.183681000e-02","1.139193623e-02","1.130115223e-02","4.448737707e-04","282.763650","285.035137","285.035137","2.334399968e-04","2.008959949e-04","1.053777895e-05","row","0","-1.000000000e+00","-1.000000"
"cuda_warp_smem(g1)","1","double","local","local","16384","16384","6","1","1","1","3","1.050000000e-07","1.169006900e-02","9.071500000e-05","1.178088900e-02","1.136025970e-02","1.126943970e-02","4.206293027e-04","283.552098","285.837234","285.837234","2.325440049e-04","1.777279973e-04","1.035730051e-05","row","0","-1.000000000e+00","-1.000000"
"cuda_warp_smem(g1)","1","double","local","local","16384","16384","6","1","1","1","4","1.439999999e-07","1.169377100e-02","9.032600000e-05","1.178424100e-02","1.135094993e-02","1.126047993e-02","4.332910729e-04","283.784661","286.064670","286.064670","2.348479927e-04","1.840959936e-04","1.434708664e-05","row","0","-1.000000000e+00","-1.000000"
"cuda_warp_smem(g1)","1","double","local","local","16384","16384","6","1","1","1","5","1.510000001e-07","1.169172800e-02","8.805700000e-05","1.177993600e-02","1.135982398e-02","1.127161598e-02","4.201120179e-04","283.562974","285.782046","285.782046","2.328960001e-04","1.766400039e-04","1.057601388e-05","row","0","-1.000000000e+00","-1.000000"
"cuda_warp_smem(g1)","1","double","local","local","16384","16384","6","1","1","1","6","1.539999999e-07","1.169151200e-02","8.958000000e-05","1.178124600e-02","1.136045353e-02","1.127071953e-02","4.207924718e-04","283.547260","285.804776","285.804776","2.335679978e-04","1.770880073e-04","1.013646666e-05","row","0","-1.000000000e+00","-1.000000"
"cuda_warp_smem(g1)","1","double","local","local","16384","16384","6","1","1","1","7","1.370000000e-07","1.169673500e-02","9.019100000e-05","1.178706300e-02","1.135973623e-02","1.126940823e-02","4.273267740e-04","283.565165","285.838032","285.838032","2.334399968e-04","1.835200042e-04","1.036677300e-05","row","0","-1.000000000e+00","-1.000000"
"cuda_warp_smem(g1)","1","double","local","local","16384","16384","6","1","1","1","8","8.899999981e-08","1.168974300e-02","8.910600000e-05","1.177893800e-02","1.135892271e-02","1.126972771e-02","4.200152931e-04","283.585473","285.829929","285.829929","2.312960029e-04","1.795199960e-04","9.199294179e-06","row","0","-1.000000000e+00","-1.000000"
"cuda_warp_smem(g1)","1","double","local","local","16384","16384","6","1","1","1","9","7.999999996e-08","1.169333500e-02","8.830300000e-05","1.178171800e-02","1.135926275e-02","1.127087975e-02","4.224552545e-04","283.576984","285.800713","285.800713","2.369920015e-04","1.760320067e-04","9.431246242e-06","row","0","-1.000000000e+00","-1.000000"
"cuda_warp_smem(g1)","1","double","local","local","16384","16384","6","1","1","1","10","1.040000002e-07","1.168143200e-02","8.930800000e-05","1.177084400e-02","1.135322025e-02","1.126380825e-02","4.176237496e-04","283.727912","285.980141","285.980141","2.326399982e-04","1.754239947e-04","9.559756715e-06","row","0","-1.000000000e+00","-1.000000"
"cuda_warp_smem(g1)","1","double","local","local","16384","16384","6","1","1","1","11","7.600000007e-08","1.167620700e-02","9.008800000e-05","1.176637100e-02","1.134869176e-02","1.125852776e-02","4.176792443e-04","283.841128","286.114272","286.114272","2.307520062e-04","1.765120029e-04","1.041523514e-05","row","0","-1.000000000e+00","-1.000000"
"cuda_warp_smem(g1)","1","double","local","local","16384","16384","6","1","1","1","12","8.699999987e-08","1.167020000e-02","8.837500000e-05","1.175866200e-02","1.134362996e-02","1.125516796e-02","4.150320389e-04","283.967785","286.199680","286.199680","2.344640046e-04","1.716160029e-04","8.952031326e-06","row","0","-1.000000000e+00","-1.000000"
"cuda_warp_smem(g1)","1","double","local","local","16384","16384","6","1","1","1","13","9.499999987e-08","1.168774700e-02","8.999100000e-05","1.177783300e-02","1.134560587e-02","1.125551987e-02","4.322271331e-04","283.918330","286.190732","286.190732","2.527360022e-04","1.698880047e-04","9.603126189e-06","row","0","-1.000000000e+00","-1.000000"
"cuda_warp_smem(g1)","1","double","local","local","16384","16384","6","1","1","1","14","1.460000001e-07","1.167051800e-02","8.901000000e-05","1.175967400e-02","1.134416374e-02","1.125500774e-02","4.155102562e-04","283.954423","286.203754","286.203754","2.328640074e-04","1.734399945e-04","9.206254356e-06","row","0","-1.000000000e+00","-1.000000"
"cuda_warp_smem(g1)","1","double","local","local","16384","16384","6","1","1","1","15","8.400000007e-08","1.166749900e-02","8.936500000e-05","1.175694800e-02","1.134551341e-02","1.125606441e-02","4.114345850e-04","283.920644","286.176887","286.176887","2.297919989e-04","1.717759967e-04","9.866589474e-06","row","0","-1.000000000e+00","-1.000000"
"cuda_warp_smem(g1)","1","double","local","local","16384","16384","6","1","1","1","16","1.099999998e-07","1.166044000e-02","9.484700000e-05","1.175539700e-02","1.134961284e-02","1.125465584e-02","4.057841620e-04","283.818093","286.212703","286.212703","2.297279984e-04","1.664000005e-04","9.656163158e-06","row","0","-1.000000000e+00","-1.000000"
"cuda_warp_smem(g1)","1","double","local","local","16384","16384","6","1","1","1","17","7.699999993e-08","1.167015500e-02","8.959200000e-05","1.175982400e-02","1.134502865e-02","1.125535965e-02","4.147953503e-04","283.932775","286.194806","286.194806","2.307839990e-04","1.742720008e-04","9.739350586e-06","row","0","-1.000000000e+00","-1.000000"
"cuda_warp_smem(g1)","1","double","local","local","16384","16384","6","1","1","1","18","1.039999999e-07","1.166961200e-02","9.207000000e-05","1.176178600e-02","1.135031838e-02","1.125814438e-02","4.114676213e-04","283.800451","286.124015","286.124015","2.316479981e-04","1.691520065e-04","1.066761674e-05","row","0","-1.000000000e+00","-1.000000"
"cuda_warp_smem(g1)","1","double","local","local","16384","16384","6","1","1","1","19","1.390000000e-07","1.167352500e-02","9.045300000e-05","1.176411700e-02","1.134524784e-02","1.125465584e-02","4.188691620e-04","283.927290","286.212703","286.212703","2.339199930e-04","1.745599955e-04","1.038917341e-05","row","0","-1.000000000e+00","-1.000000"
"cuda_warp_smem(g1)","1","double","local","local","16384","16384","6","1","1","1","20","1.070000000e-07","1.166978800e-02","9.266800000e-05","1.176256300e-02","1.134707893e-02","1.125430393e-02","4.154840678e-04","283.881472","286.221653","286.221653","2.297919989e-04","1.752319932e-04","1.046007575e-05","row","0","-1.000000000e+00","-1.000000"
"cuda_warp_smem(g1)","1","double","local","local","16384","16384","8","1","1","1","1","2.630000000e-07","1.942355100e-02","1.232000000e-04","1.954701400e-02","1.896720728e-02","1.884374428e-02","5.798067220e-04","226.441734","227.925365","227.925365","3.086400032e-04","2.616319954e-04","9.534723402e-06","row","0","-1.000000000e+00","-1.000000"
"cuda_warp_smem(g1)","1","double","local","local","16384","16384","8","1","1","1","2","2.859999999e-07","1.940998600e-02","1.203030000e-04","1.953057500e-02","1.896590112e-02","1.884531212e-02","5.646738815e-04","226.457328","227.906403","227.906403","3.096640110e-04","2.445439994e-04","1.046587103e-05","row","0","-1.000000000e+00","-1.000000"
"cuda_warp_smem(g1)","1","double","local","local","16384","16384","8","1","1","1","3","2.570000002e-07","1.941171800e-02","1.230680000e-04","1.953504300e-02","1.897042812e-02","1.884710312e-02","5.646148811e-04","226.403288","227.884745","227.884745","3.050560057e-04","2.485439926e-04","1.101488275e-05","row","0","-1.000000000e+00","-1.000000"
"cuda_warp_smem(g1)","1","double","local","local","16384","16384","8","1","1","1","4","2.550000000e-07","1.941397700e-02","1.203710000e-04","1.953460300e-02","1.896302560e-02","1.884239960e-02","5.715774028e-04","226.491668","227.941631","227.941631","3.199039996e-04","2.408639938e-04","1.080940950e-05","row","0","-1.000000000e+00","-1.000000"
"cuda_warp_smem(g1)","1","double","local","local","16384","16384","8","1","1","1","5","2.740000000e-07","1.939403000e-02","1.209310000e-04","1.951523500e-02","1.895499673e-02","1.883379173e-02","5.602382672e-04","226.587604","228.045810","228.045810","3.071359992e-04","2.419520020e-04","1.115026596e-05","row","0","-1.000000000e+00","-1.000000"
"cuda_warp_smem(g1)","1","double","local","local","16384","16384","8","1","1","1","6","2.480000001e-07","1.938824200e-02","1.181940000e-04","1.950668400e-02","1.894989723e-02","1.883145523e-02","5.567867693e-04","226.648580","228.074105","228.074105","3.108800054e-04","2.365120053e-04","9.394758598e-06","row","0","-1.000000000e+00","-1.000000"
"cuda_warp_smem(g1)","1","double","local","local","16384","16384","8","1","1","1","7","2.260000000e-07","1.939018200e-02","1.219040000e-04","1.951231200e-02","1.895316943e-02","1.883103943e-02","5.591425713e-04","226.609450","228.079141","228.079141","3.074879944e-04","2.402880043e-04","1.136657258e-05","row","0","-1.000000000e+00","-1.000000"
"cuda_warp_smem(g1)","1","double","local","local","16384","16384","8","1","1","1","8","1.800000000e-07","1.938263800e-02","1.197350000e-04","1.950255300e-02","1.894769096e-02","1.882777596e-02","5.548620448e-04","226.674971","228.118675","228.118675","3.116799891e-04","2.324160039e-04","1.076605176e-05","row","0","-1.000000000e+00","-1.000000"
"cuda_warp_smem(g1)","1","double","local","local","16384","16384","8","1","1","1","9","2.080000001e-07","1.940502600e-02","1.197370000e-04","1.952497100e-02","1.895469613e-02","1.883475113e-02","5.702748708e-04","226.591198","228.034194","228.034194","3.068799973e-04","2.528640032e-04","1.053087041e-05","row","0","-1.000000000e+00","-1.000000"
"cuda_warp_smem(g1)","1","double","local","local","16384","16384","8","1","1","1","10","2.209999999e-07","1.939744600e-02","1.230340000e-04","1.952070100e-02","1.895435928e-02","1.883110428e-02","5.663417214e-04","226.595225","228.078355","228.078355","3.129920065e-04","2.424000055e-04","1.094970944e-05","row","0","-1.000000000e+00","-1.000000"
"cuda_warp_smem(g1)","1","double","local","local","16384","16384","8","1","1","1","11","2.600000000e-07","1.939857400e-02","1.184820000e-04","1.951731600e-02","1.895387841e-02","1.883513641e-02","5.634375864e-04","226.600973","228.029530","228.029530","3.089280128e-04","2.431679964e-04","1.134157717e-05","row","0","-1.000000000e+00","-1.000000"
"cuda_warp_smem(g1)","1","double","local","local","16384","16384","8","1","1","1","12","2.660000000e-07","1.938914100e-02","1.193510000e-04","1.950875800e-02","1.895424034e-02","1.883462334e-02","5.545176632e-04","226.596646","228.035741","228.035741","3.092480004e-04","2.344000041e-04","1.086965868e-05","row","0","-1.000000000e+00","-1.000000"
"cuda_warp_smem(g1)","1","double","local","local","16384","16384","8","1","1","1","13","2.130000001e-07","1.938116200e-02","1.177180000e-04","1.949909300e-02","1.894826662e-02","1.883033562e-02","5.508263829e-04","226.668084","228.087666","228.087666","3.057279885e-04","2.343360037e-04","1.076239079e-05","row","0","-1.000000000e+00","-1.000000"
"cuda_warp_smem(g1)","1","double","local","local","16384","16384","8","1","1","1","14","2.260000000e-07","1.937833700e-02","1.202970000e-04","1.949886000e-02","1.894989922e-02","1.882937622e-02","5.489607793e-04","226.648556","228.099287","228.099287","3.078719974e-04","2.316479981e-04","9.440783846e-06","row","0","-1.000000000e+00","-1.000000"
"cuda_warp_smem(g1)","1","double","local","local","16384","16384","8","1","1","1","15","2.459999999e-07","1.939735300e-02","1.202020000e-04","1.951780100e-02","1.895068825e-02","1.883024025e-02","5.671127504e-04","226.639119","228.088821","228.088821","3.072960079e-04","2.489600033e-04","1.085673924e-05","row","0","-1.000000000e+00","-1.000000"
"cuda_warp_smem(g1)","1","double","local","local","16384","16384","8","1","1","1","16","2.559999999e-07","1.938228500e-02","1.183450000e-04","1.950088600e-02","1.894938484e-02","1.883078384e-02","5.515011560e-04","226.654708","228.082237","228.082237","3.102400005e-04","2.307199985e-04","1.054115704e-05","row","0","-1.000000000e+00","-1.000000"
"cuda_warp_smem(g1)","1","double","local","local","16384","16384","8","1","1","1","17","1.740000000e-07","1.938207300e-02","1.196670000e-04","1.950191400e-02","1.895161667e-02","1.883177567e-02","5.502973347e-04","226.628017","228.070224","228.070224","3.061760068e-04","2.342399955e-04","9.881332443e-06","row","0","-1.000000000e+00","-1.000000"
"cuda_warp_smem(g1)","1","double","local","local","16384","16384","8","1","1","1","18","2.150000000e-07","1.937684200e-02","1.187300000e-04","1.949578700e-02","1.894790542e-02","1.882896042e-02","5.478815813e-04","226.672405","228.104324","228.104324","3.082560003e-04","2.302079946e-04","9.417586438e-06","row","0","-1.000000000e+00","-1.000000"
"cuda_warp_smem(g1)","1","double","local","local","16384","16384","8","1","1","1","19","1.730000001e-07","1.937776400e-02","1.212360000e-04","1.949917300e-02","1.894979340e-02","1.882838440e-02","5.493796006e-04","226.649822","228.111303","228.111303","3.055039942e-04","2.344640046e-04","9.411601724e-06","row","0","-1.000000000e+00","-1.000000"
"cuda_warp_smem(g1)","1","double","local","local","16384","16384","8","1","1","1","20","1.720000000e-07","1.938081900e-02","1.236460000e-04","1.950463700e-02","1.895469721e-02","1.883087921e-02","5.499397886e-04","226.591185","228.081081","228.081081","3.046720028e-04","2.344319969e-04","1.083578884e-05","row","0","-1.000000000e+00","-1.000000"
"cuda_warp_smem(g1)","1","double","local","local","16384","16384","20","1","1","1","1","1.280000002e-07","3.887280400e-02","3.198750000e-04","3.919280700e-02","3.807849833e-02","3.775849533e-02","1.114308669e-03","281.981137","284.370925","284.370925","6.104000211e-04","4.926080108e-04","1.130063734e-05","row","0","-1.000000000e+00","-1.000000"
"cuda_warp_smem(g1)","1","double","local","local","16384","16384","20","1","1","1","2","2.280000000e-07","3.887828500e-02","3.168870000e-04","3.919540000e-02","3.808245771e-02","3.776534271e-02","1.112942288e-03","281.951819","284.319364","284.319364","5.936639905e-04","5.072960258e-04","1.198227135e-05","row","0","-1.000000000e+00","-1.000000"
"cuda_warp_smem(g1)","1","double","local","local","16384","16384","20","1","1","1","3","1.020000000e-07","3.881487900e-02","2.992590000e-04","3.911424000e-02","3.803651310e-02","3.773715210e-02","1.077726900e-03","282.292391","284.531758","284.531758","5.952000022e-04","4.700799882e-04","1.244690996e-05","row","0","-1.000000000e+00","-1.000000"
"cuda_warp_smem(g1)","1","double","local","local","16384","16384","20","1","1","1","4","9.200000006e-08","3.879534400e-02","2.994720000e-04","3.909490800e-02","3.802241098e-02","3.772284698e-02","1.072497015e-03","282.397091","284.639657","284.639657","5.892480016e-04","4.728640020e-04","1.038501157e-05","row","0","-1.000000000e+00","-1.000000"
"cuda_warp_smem(g1)","1","double","local","local","16384","16384","20","1","1","1","5","8.899999981e-08","3.881139100e-02","1.724349000e-03","4.053582900e-02","3.945960646e-02","3.773516846e-02","1.076222543e-03","272.111640","284.546715","284.546715","5.928959846e-04","4.720639884e-04","1.126256987e-05","row","0","-1.000000000e+00","-1.000000"
"cuda_warp_smem(g1)","1","double","local","local","16384","16384","20","1","1","1","6","1.100000000e-07","3.880255000e-02","3.046300000e-04","3.910729000e-02","3.802835755e-02","3.772361755e-02","1.078932446e-03","282.352932","284.633843","284.633843","6.007680297e-04","4.637759924e-04","1.438842421e-05","row","0","-1.000000000e+00","-1.000000"
"cuda_warp_smem(g1)","1","double","local","local","16384","16384","20","1","1","1","7","1.249999999e-07","3.882273300e-02","3.037680000e-04","3.912662600e-02","3.804040423e-02","3.773651123e-02","1.086221770e-03","282.263516","284.536590","284.536590","6.040639877e-04","4.704639912e-04","1.169379063e-05","row","0","-1.000000000e+00","-1.000000"
"cuda_warp_smem(g1)","1","double","local","local","16384","16384","20","1","1","1","8","1.380000001e-07","4.182340500e-02","3.082360000e-04","4.213177900e-02","3.802421339e-02","3.771583939e-02","4.107565614e-03","282.383705","284.692543","284.692543","5.998079777e-04","3.496320009e-03","1.143762711e-05","row","0","-1.000000000e+00","-1.000000"
"cuda_warp_smem(g1)","1","double","local","local","16384","16384","20","1","1","1","9","1.480000000e-07","3.887998300e-02","3.015390000e-04","3.918167000e-02","3.805071044e-02","3.774902344e-02","1.130959562e-03","282.187063","284.442279","284.442279","5.976319909e-04","5.226240158e-04","1.070355578e-05","row","0","-1.000000000e+00","-1.000000"
"cuda_warp_smem(g1)","1","double","local","local","16384","16384","20","1","1","1","10","1.169999999e-07","3.884820700e-02","2.996940000e-04","3.914801800e-02","3.804912435e-02","3.774931335e-02","1.098893646e-03","282.198826","284.440094","284.440094","6.058239937e-04","4.820800126e-04","1.098963927e-05","row","0","-1.000000000e+00","-1.000000"
"cuda_warp_smem(g1)","1","double","local","local","16384","16384","20","1","1","1","11","9.999999984e-08","3.879061500e-02","2.963550000e-04","3.908707000e-02","3.800189552e-02","3.770544052e-02","1.085174479e-03","282.549544","284.771059","284.771059","6.116480231e-04","4.626879990e-04","1.083845662e-05","row","0","-1.000000000e+00","-1.000000"
"cuda_warp_smem(g1)","1","double","local","local","16384","16384","20","1","1","1","12","1.099999998e-07","3.880442300e-02","2.952170000e-04","3.909975000e-02","3.802569657e-02","3.773036957e-02","1.074053432e-03","282.372690","284.582907","284.582907","5.984640121e-04","4.646080136e-04","1.098140635e-05","row","0","-1.000000000e+00","-1.000000"
"cuda_warp_smem(g1)","1","double","local","local","16384","16384","20","1","1","1","13","2.040000000e-07","3.881957500e-02","3.034210000e-04","3.912320000e-02","3.803757657e-02","3.773395157e-02","1.085623431e-03","282.284499","284.555892","284.555892","6.197119951e-04","4.550400078e-04","1.087142844e-05","row","0","-1.000000000e+00","-1.000000"
"cuda_warp_smem(g1)","1","double","local","local","16384","16384","20","1","1","1","14","1.629999997e-07","3.933474600e-02","3.097240000e-04","3.964463300e-02","3.801865394e-02","3.770876694e-02","1.625979063e-03","282.424997","284.745939","284.745939","5.949440002e-04","1.018399954e-03","1.263510866e-05","row","0","-1.000000000e+00","-1.000000"
"cuda_warp_smem(g1)","1","double","local","local","16384","16384","20","1","1","1","15","1.100000002e-07","3.939681100e-02","2.992080000e-04","3.969612900e-02","3.802104728e-02","3.772172928e-02","1.675081721e-03","282.407219","284.648091","284.648091","1.167840004e-03","4.957439899e-04","1.149772752e-05","row","0","-1.000000000e+00","-1.000000"
"cuda_warp_smem(g1)","1","double","local","local","16384","16384","20","1","1","1","16","2.599999998e-07","3.881653000e-02","2.978870000e-04","3.911467700e-02","3.803920153e-02","3.774105453e-02","1.075475465e-03","282.272440","284.502338","284.502338","6.013759971e-04","4.627200067e-04","1.137946132e-05","row","0","-1.000000000e+00","-1.000000"
"cuda_warp_smem(g1)","1","double","local","local","16384","16384","20","1","1","1","17","2.029999999e-07","3.880725600e-02","3.024900000e-04","3.910994900e-02","3.802122175e-02","3.771852875e-02","1.088727252e-03","282.405923","284.672245","284.672245","6.000000238e-04","4.782400131e-04","1.048721548e-05","row","0","-1.000000000e+00","-1.000000"
"cuda_warp_smem(g1)","1","double","local","local","16384","16384","20","1","1","1","18","1.560000000e-07","3.898215000e-02","9.089370000e-04","3.989124300e-02","3.863213453e-02","3.772304153e-02","1.259108466e-03","277.940072","284.638189","284.638189","7.894399762e-04","4.546560049e-04","1.501248445e-05","row","0","-1.000000000e+00","-1.000000"
"cuda_warp_smem(g1)","1","double","local","local","16384","16384","20","1","1","1","19","1.023000000e-06","3.878547700e-02","3.058610000e-04","3.909236100e-02","3.802569885e-02","3.771881485e-02","1.066662150e-03","282.372673","284.670085","284.670085","6.007999778e-04","4.544000030e-04","1.146216941e-05","row","0","-1.000000000e+00","-1.000000"
"cuda_warp_smem(g1)","1","double","local","local","16384","16384","20","1","1","1","20","1.329999999e-07","3.882304100e-02","2.971870000e-04","3.912036100e-02","3.806656896e-02","3.776924896e-02","1.053792038e-03","282.069504","284.289959","284.289959","5.956799984e-04","4.478400052e-04","1.027203404e-05","row","0","-1.000000000e+00","-1.000000"
"cuda_warp_smem(g1)","1","double","local","local","16384","16384","32","1","1","1","1","3.570000000e-07","5.359932700e-02","5.380860000e-04","5.413777000e-02","5.228029862e-02","5.174185562e-02","1.857471379e-03","328.610770","332.030403","332.030403","9.761279821e-04","8.692799807e-04","1.206341586e-05","row","0","-1.000000000e+00","-1.000000"
"cuda_warp_smem(g1)","1","double","local","local","16384","16384","32","1","1","1","2","3.570000002e-07","5.354657400e-02","5.336480000e-04","5.408057900e-02","5.223755725e-02","5.170355225e-02","1.843021754e-03","328.879643","332.276380","332.276380","9.827839732e-04","8.472959995e-04","1.294178116e-05","row","0","-1.000000000e+00","-1.000000"
"cuda_warp_smem(g1)","1","double","local","local","16384","16384","32","1","1","1","3","1.100000000e-07","5.350783900e-02","5.249010000e-04","5.403285000e-02","5.219678682e-02","5.167177582e-02","1.836063182e-03","329.136528","332.480719","332.480719","9.855679870e-04","8.380159736e-04","1.247922160e-05","row","0","-1.000000000e+00","-1.000000"
"cuda_warp_smem(g1)","1","double","local","local","16384","16384","32","1","1","1","4","2.150000000e-07","5.349491900e-02","5.409370000e-04","5.403607100e-02","5.222016048e-02","5.167900848e-02","1.815910516e-03","328.989207","332.434187","332.434187","9.728000164e-04","8.321920037e-04","1.091849598e-05","row","0","-1.000000000e+00","-1.000000"
"cuda_warp_smem(g1)","1","double","local","local","16384","16384","32","1","1","1","5","1.189999999e-07","5.352337900e-02","5.619460000e-04","5.408544400e-02","5.223217761e-02","5.167011261e-02","1.853266390e-03","328.913516","332.491421","332.491421","9.659519792e-04","8.753920197e-04","1.192239123e-05","row","0","-1.000000000e+00","-1.000000"
"cuda_warp_smem(g1)","1","double","local","local","16384","16384","32","1","1","1","6","1.240000000e-07","5.350760100e-02","5.468050000e-04","5.405453000e-02","5.222123396e-02","5.167430496e-02","1.833296038e-03","328.982444","332.464446","332.464446","9.817280173e-04","8.392959833e-04","1.227203720e-05","row","0","-1.000000000e+00","-1.000000"
"cuda_warp_smem(g1)","1","double","local","local","16384","16384","32","1","1","1","7","1.070000004e-07","5.348227800e-02","5.267840000e-04","5.400916900e-02","5.221178556e-02","5.168489456e-02","1.797383438e-03","329.041978","332.396328","332.396328","9.640319943e-04","8.207359910e-04","1.261545289e-05","row","0","-1.000000000e+00","-1.000000"
"cuda_warp_smem(g1)","1","double","local","local","16384","16384","32","1","1","1","8","2.620000004e-07","5.348529900e-02","5.373840000e-04","5.402294500e-02","5.219924421e-02","5.166159821e-02","1.823700794e-03","329.121033","332.546220","332.546220","9.588479996e-04","8.520960212e-04","1.275677369e-05","row","0","-1.000000000e+00","-1.000000"
"cuda_warp_smem(g1)","1","double","local","local","16384","16384","32","1","1","1","9","3.380000000e-07","5.430554900e-02","1.470343000e-03","5.577623000e-02","5.312418442e-02","5.165350342e-02","2.652045582e-03","323.390738","332.598334","332.598334","9.775040150e-04","1.660511971e-03","1.402959654e-05","row","0","-1.000000000e+00","-1.000000"
"cuda_warp_smem(g1)","1","double","local","local","16384","16384","32","1","1","1","10","2.750000001e-07","5.432015800e-02","5.297120000e-04","5.485014500e-02","5.222381177e-02","5.169382477e-02","2.626333232e-03","328.966205","332.338906","332.338906","1.803583980e-03","8.112319708e-04","1.151728154e-05","row","0","-1.000000000e+00","-1.000000"
"cuda_warp_smem(g1)","1","double","local","local","16384","16384","32","1","1","1","11","2.700000001e-07","5.347003300e-02","5.284280000e-04","5.399873100e-02","5.221071247e-02","5.168201447e-02","1.788018535e-03","329.048741","332.414852","332.414852","9.612159729e-04","8.140799999e-04","1.272256184e-05","row","0","-1.000000000e+00","-1.000000"
"cuda_warp_smem(g1)","1","double","local","local","16384","16384","32","1","1","1","12","2.499999998e-07","5.350788200e-02","5.287110000e-04","5.403684300e-02","5.221843320e-02","5.168947220e-02","1.818409802e-03","329.000089","332.366891","332.366891","9.750080109e-04","8.293120265e-04","1.408976415e-05","row","0","-1.000000000e+00","-1.000000"
"cuda_warp_smem(g1)","1","double","local","local","16384","16384","32","1","1","1","13","8.920000001e-07","5.350245100e-02","5.245100000e-04","5.402785300e-02","5.220985024e-02","5.168444824e-02","1.818002758e-03","329.054175","332.399199","332.399199","9.934399724e-04","8.125119805e-04","1.205080488e-05","row","0","-1.000000000e+00","-1.000000"
"cuda_warp_smem(g1)","1","double","local","local","16384","16384","32","1","1","1","14","2.409999995e-07","5.351240600e-02","5.240590000e-04","5.403670600e-02","5.222833290e-02","5.170403290e-02","1.808373102e-03","328.937728","332.273291","332.273291","9.747200012e-04","8.109120131e-04","2.274108778e-05","row","0","-1.000000000e+00","-1.000000"
"cuda_warp_smem(g1)","1","double","local","local","16384","16384","32","1","1","1","15","2.479999996e-07","5.405132200e-02","5.333190000e-04","5.458488900e-02","5.278374248e-02","5.225017548e-02","1.801146524e-03","325.476527","328.800220","328.800220","9.745919704e-04","8.138880134e-04","1.266654012e-05","row","0","-1.000000000e+00","-1.000000"
"cuda_warp_smem(g1)","1","double","local","local","16384","16384","32","1","1","1","16","2.360000000e-07","5.371333100e-02","5.212640000e-04","5.423483100e-02","5.245465125e-02","5.193315125e-02","1.780179755e-03","327.518509","330.807370","330.807370","9.667199850e-04","8.014720082e-04","1.198776165e-05","row","0","-1.000000000e+00","-1.000000"
"cuda_warp_smem(g1)","1","double","local","local","16384","16384","32","1","1","1","17","8.400000029e-08","5.355261800e-02","5.528930000e-04","5.410559500e-02","5.227220765e-02","5.171923065e-02","1.833387348e-03","328.661634","332.175652","332.175652","9.707199931e-04","8.491839767e-04","1.348337838e-05","row","0","-1.000000000e+00","-1.000000"
"cuda_warp_smem(g1)","1","double","local","local","16384","16384","32","1","1","1","18","7.630000001e-07","5.354624600e-02","5.274750000e-04","5.407448400e-02","5.224644631e-02","5.171820831e-02","1.828037687e-03","328.823688","332.182219","332.182219","9.892160296e-04","8.257920146e-04","1.302964277e-05","row","0","-1.000000000e+00","-1.000000"
"cuda_warp_smem(g1)","1","double","local","local","16384","16384","32","1","1","1","19","2.040000000e-07","5.349187500e-02","5.246830000e-04","5.401676200e-02","5.219103232e-02","5.166614532e-02","1.825729675e-03","329.172818","332.516952","332.516952","9.763200283e-04","8.369600177e-04","1.244962931e-05","row","0","-1.000000000e+00","-1.000000"
"cuda_warp_smem(g1)","1","double","local","local","16384","16384","32","1","1","1","20","2.189999999e-07","5.350236300e-02","5.241580000e-04","5.402674000e-02","5.220044054e-02","5.167606354e-02","1.826299462e-03","329.113490","332.453132","332.453132","9.740480185e-04","8.397120237e-04","1.253942021e-05","row","0","-1.000000000e+00","-1.000000"
"cuda_warp_smem(blk384)(g1)","1","double","local","local","16384","16384","3","1","1","1","1","8.400000007e-08","5.973399000e-03","4.435900000e-05","6.017842000e-03","5.802586902e-03","5.758143902e-03","2.152550982e-04","277.568051","279.710400","279.710400","1.186240017e-04","8.723200113e-05","9.399095308e-06","row","0","-1.000000000e+00","-1.000000"
"cuda_warp_smem(blk384)(g1)","1","double","local","local","16384","16384","3","1","1","1","2","1.130000000e-07","5.969460000e-03","4.465300000e-05","6.014226000e-03","5.797277978e-03","5.752511978e-03","2.169480219e-04","277.822237","279.984247","279.984247","1.175680012e-04","8.908800036e-05","1.029202034e-05","row","0","-1.000000000e+00","-1.000000"
"cuda_warp_smem(blk384)(g1)","1","double","local","local","16384","16384","3","1","1","1","3","1.089999997e-07","5.960445000e-03","4.376700000e-05","6.004321000e-03","5.793700047e-03","5.749824047e-03","2.106209529e-04","277.993808","280.115134","280.115134","1.185920015e-04","8.233600110e-05","9.692950316e-06","row","0","-1.000000000e+00","-1.000000"
"cuda_warp_smem(blk384)(g1)","1","double","local","local","16384","16384","3","1","1","1","4","1.059999999e-07","5.969457000e-03","4.433200000e-05","6.013895000e-03","5.799222107e-03","5.754784107e-03","2.146728928e-04","277.729100","279.873703","279.873703","1.172479987e-04","8.867199719e-05","8.752896888e-06","row","0","-1.000000000e+00","-1.000000"
"cuda_warp_smem(blk384)(g1)","1","double","local","local","16384","16384","3","1","1","1","5","1.030000001e-07","5.960717000e-03","4.453000000e-05","6.005350000e-03","5.791193097e-03","5.746560097e-03","2.141569033e-04","278.114148","280.274235","280.274235","1.181119978e-04","8.720000088e-05","8.844904534e-06","row","0","-1.000000000e+00","-1.000000"
"cuda_warp_smem(blk384)(g1)","1","double","local","local","16384","16384","3","1","1","1","6","1.230000000e-07","5.969322000e-03","4.396900000e-05","6.013414000e-03","5.799132169e-03","5.755040169e-03","2.142818312e-04","277.733407","279.861250","279.861250","1.182399988e-04","8.627200127e-05","9.769831154e-06","row","0","-1.000000000e+00","-1.000000"
"cuda_warp_smem(blk384)(g1)","1","double","local","local","16384","16384","3","1","1","1","7","1.279999999e-07","5.972484000e-03","4.446800000e-05","6.017080000e-03","5.793971820e-03","5.749375820e-03","2.231081798e-04","277.980768","280.136972","280.136972","1.180159971e-04","9.433600307e-05","1.075617966e-05","row","0","-1.000000000e+00","-1.000000"
"cuda_warp_smem(blk384)(g1)","1","double","local","local","16384","16384","3","1","1","1","8","1.459999999e-07","5.849163000e-03","4.474700000e-05","5.894056000e-03","5.673341009e-03","5.628448009e-03","2.207149905e-04","283.891402","286.155745","286.155745","1.205760017e-04","9.081599861e-05","9.322990191e-06","row","0","-1.000000000e+00","-1.000000"
"cuda_warp_smem(blk384)(g1)","1","double","local","local","16384","16384","3","1","1","1","9","1.390000000e-07","5.656824000e-03","4.365100000e-05","5.700614000e-03","5.487822192e-03","5.444032192e-03","2.127918078e-04","293.488506","295.849231","295.849231","1.176640019e-04","8.572799712e-05","9.399808764e-06","row","0","-1.000000000e+00","-1.000000"
"cuda_warp_smem(blk384)(g1)","1","double","local","local","16384","16384","3","1","1","1","10","1.300000001e-07","5.643476000e-03","4.440400000e-05","5.688010000e-03","5.472245964e-03","5.427711964e-03","2.157640363e-04","294.323893","296.738800","296.738800","1.194560006e-04","8.720000088e-05","9.108034838e-06","row","0","-1.000000000e+00","-1.000000"
"cuda_warp_smem(blk384)(g1)","1","double","local","local","16384","16384","3","1","1","1","11","1.109999999e-07","5.646836000e-03","4.507600000e-05","5.692023000e-03","5.473474983e-03","5.428287983e-03","2.185480171e-04","294.257805","296.707312","296.707312","1.209279969e-04","8.764799684e-05","9.972023283e-06","row","0","-1.000000000e+00","-1.000000"
"cuda_warp_smem(blk384)(g1)","1","double","local","local","16384","16384","3","1","1","1","12","1.439999999e-07","5.630102000e-03","4.467500000e-05","5.674921000e-03","5.461682918e-03","5.416863918e-03","2.132380817e-04","294.893124","297.333062","297.333062","1.170559973e-04","8.640000224e-05","9.782082202e-06","row","0","-1.000000000e+00","-1.000000"
"cuda_warp_smem(blk384)(g1)","1","double","local","local","16384","16384","3","1","1","1","13","1.320000000e-07","5.654705000e-03","4.553400000e-05","5.700371000e-03","5.485858223e-03","5.440192223e-03","2.145127774e-04","293.593577","296.058056","296.058056","1.181119978e-04","8.726400137e-05","9.136778193e-06","row","0","-1.000000000e+00","-1.000000"
"cuda_warp_smem(blk384)(g1)","1","double","local","local","16384","16384","3","1","1","1","14","1.320000000e-07","5.631327000e-03","4.462900000e-05","5.676088000e-03","5.465176878e-03","5.420415878e-03","2.109111217e-04","294.704595","297.138222","297.138222","1.184320003e-04","8.259200305e-05","9.887118377e-06","row","0","-1.000000000e+00","-1.000000"
"cuda_warp_smem(blk384)(g1)","1","double","local","local","16384","16384","3","1","1","1","15","1.329999999e-07","5.634056000e-03","4.446700000e-05","5.678656000e-03","5.463799944e-03","5.419199944e-03","2.148560565e-04","294.778863","297.204892","297.204892","1.183039993e-04","8.713600039e-05","9.416056758e-06","row","0","-1.000000000e+00","-1.000000"
"cuda_warp_smem(blk384)(g1)","1","double","local","local","16384","16384","3","1","1","1","16","1.030000001e-07","5.639953000e-03","4.392000000e-05","5.683976000e-03","5.464438878e-03","5.420415878e-03","2.195371217e-04","294.744396","297.138222","297.138222","1.194240004e-04","8.995199949e-05","1.016112184e-05","row","0","-1.000000000e+00","-1.000000"
"cuda_warp_smem(blk384)(g1)","1","double","local","local","16384","16384","3","1","1","1","17","1.080000001e-07","5.641747000e-03","4.479000000e-05","5.686645000e-03","5.464354005e-03","5.419456005e-03","2.222909949e-04","294.748974","297.190850","297.190850","1.181119978e-04","8.886399865e-05","1.531499841e-05","row","0","-1.000000000e+00","-1.000000"
"cuda_warp_smem(blk384)(g1)","1","double","local","local","16384","16384","3","1","1","1","18","8.999999990e-08","5.634336000e-03","4.361500000e-05","5.678041000e-03","5.464472784e-03","5.420767784e-03","2.135682159e-04","294.742567","297.118932","297.118932","1.184320003e-04","8.566399664e-05","9.472218965e-06","row","0","-1.000000000e+00","-1.000000"
"cuda_warp_smem(blk384)(g1)","1","double","local","local","16384","16384","3","1","1","1","19","9.700000003e-08","5.652940000e-03","4.518300000e-05","5.698220000e-03","5.464640161e-03","5.419360161e-03","2.335798392e-04","294.733539","297.196106","297.196106","1.348800063e-04","8.937600255e-05","9.323830309e-06","row","0","-1.000000000e+00","-1.000000"
"cuda_warp_smem(blk384)(g1)","1","double","local","local","16384","16384","3","1","1","1","20","1.180000000e-07","5.641553000e-03","4.410800000e-05","5.685779000e-03","5.459426233e-03","5.415200233e-03","2.263527665e-04","295.015019","297.424410","297.424410","1.296000034e-04","8.684799820e-05","9.904764977e-06","row","0","-1.000000000e+00","-1.000000"
"cuda_warp_smem(blk384)(g1)","1","double","local","local","16384","16384","6","1","1","1","1","1.510000001e-07","1.028507900e-02","8.965600000e-05","1.037488600e-02","9.960142579e-03","9.870335579e-03","4.147434211e-04","323.411582","326.354200","326.354200","2.295680046e-04","1.756799966e-04","9.495419864e-06","row","0","-1.000000000e+00","-1.000000"
"cuda_warp_smem(blk384)(g1)","1","double","local","local","16384","16384","6","1","1","1","2","1.610000000e-07","1.028405300e-02","8.993100000e-05","1.037414500e-02","9.964331922e-03","9.874239922e-03","4.098130784e-04","323.275609","326.225157","326.225157","2.301120013e-04","1.691839993e-04","1.051707783e-05","row","0","-1.000000000e+00","-1.000000"
"cuda_warp_smem(blk384)(g1)","1","double","local","local","16384","16384","6","1","1","1","3","1.279999999e-07","1.028508100e-02","8.873100000e-05","1.037394000e-02","9.960282721e-03","9.871423721e-03","4.136572787e-04","323.407032","326.318226","326.318226","2.299840003e-04","1.734720021e-04","1.020127621e-05","row","0","-1.000000000e+00","-1.000000"
"cuda_warp_smem(blk384)(g1)","1","double","local","local","16384","16384","6","1","1","1","4","1.699999999e-07","1.027756500e-02","8.995900000e-05","1.036769400e-02","9.957841021e-03","9.867712021e-03","4.098529791e-04","323.486333","326.440969","326.440969","2.320639938e-04","1.672639996e-04","1.052498573e-05","row","0","-1.000000000e+00","-1.000000"
"cuda_warp_smem(blk384)(g1)","1","double","local","local","16384","16384","6","1","1","1","5","1.470000000e-07","1.028706400e-02","8.864300000e-05","1.037585400e-02","9.963605941e-03","9.874815941e-03","4.122480591e-04","323.299164","326.206128","326.206128","2.344640046e-04","1.680639982e-04","9.720056285e-06","row","0","-1.000000000e+00","-1.000000"
"cuda_warp_smem(blk384)(g1)","1","double","local","local","16384","16384","6","1","1","1","6","1.439999999e-07","1.025978100e-02","8.989900000e-05","1.034982400e-02","9.941915444e-03","9.851872444e-03","4.079085558e-04","324.004513","326.965812","326.965812","2.296639979e-04","1.684480011e-04","9.796556812e-06","row","0","-1.000000000e+00","-1.000000"
"cuda_warp_smem(blk384)(g1)","1","double","local","local","16384","16384","6","1","1","1","7","1.679999999e-07","1.025882900e-02","9.022900000e-05","1.034922600e-02","9.936988949e-03","9.846591949e-03","4.122370505e-04","324.165146","327.141156","327.141156","2.310079932e-04","1.710720062e-04","1.015705109e-05","row","0","-1.000000000e+00","-1.000000"
"cuda_warp_smem(blk384)(g1)","1","double","local","local","16384","16384","6","1","1","1","8","1.420000002e-07","1.026980700e-02","9.021200000e-05","1.036016100e-02","9.947602306e-03","9.857248306e-03","4.125586937e-04","323.819286","326.787494","326.787494","2.331199944e-04","1.703040004e-04","9.134698946e-06","row","0","-1.000000000e+00","-1.000000"
"cuda_warp_smem(blk384)(g1)","1","double","local","local","16384","16384","6","1","1","1","9","1.510000001e-07","1.026307600e-02","9.036600000e-05","1.035359300e-02","9.947572664e-03","9.857055664e-03","4.060203359e-04","323.820251","326.793881","326.793881","2.303040028e-04","1.652799994e-04","1.043633380e-05","row","0","-1.000000000e+00","-1.000000"
"cuda_warp_smem(blk384)(g1)","1","double","local","local","16384","16384","6","1","1","1","10","1.020000000e-07","1.025710100e-02","9.439000000e-05","1.035159300e-02","9.949115795e-03","9.854623795e-03","4.024772054e-04","323.770025","326.874525","326.874525","2.295359969e-04","1.634559929e-04","9.485215593e-06","row","0","-1.000000000e+00","-1.000000"
"cuda_warp_smem(blk384)(g1)","1","double","local","local","16384","16384","6","1","1","1","11","1.549999999e-07","1.025814300e-02","8.953300000e-05","1.034783100e-02","9.945687947e-03","9.855999947e-03","4.021430534e-04","323.881615","326.828885","326.828885","2.287680060e-04","1.634240001e-04","9.951047295e-06","row","0","-1.000000000e+00","-1.000000"
"cuda_warp_smem(blk384)(g1)","1","double","local","local","16384","16384","6","1","1","1","12","1.320000000e-07","1.026111800e-02","8.922600000e-05","1.035047600e-02","9.945582060e-03","9.856224060e-03","4.048939399e-04","323.885063","326.821453","326.821453","2.280959934e-04","1.678079963e-04","8.989950269e-06","row","0","-1.000000000e+00","-1.000000"
"cuda_warp_smem(blk384)(g1)","1","double","local","local","16384","16384","6","1","1","1","13","1.079999998e-07","1.025376100e-02","9.232600000e-05","1.034619500e-02","9.946033548e-03","9.853599548e-03","4.001614517e-04","323.870361","326.908502","326.908502","2.287040055e-04","1.626559943e-04","8.801451884e-06","row","0","-1.000000000e+00","-1.000000"
"cuda_warp_smem(blk384)(g1)","1","double","local","local","16384","16384","6","1","1","1","14","1.400000000e-07","1.025638400e-02","8.974300000e-05","1.034626700e-02","9.943930775e-03","9.854047775e-03","4.023362247e-04","323.938847","326.893632","326.893632","2.307520062e-04","1.612479985e-04","1.033622008e-05","row","0","-1.000000000e+00","-1.000000"
"cuda_warp_smem(blk384)(g1)","1","double","local","local","16384","16384","6","1","1","1","15","1.070000002e-07","1.025155600e-02","8.989600000e-05","1.034155900e-02","9.940466867e-03","9.850463867e-03","4.010921328e-04","324.051729","327.012567","327.012567","2.296960056e-04","1.624320000e-04","8.964127189e-06","row","0","-1.000000000e+00","-1.000000"
"cuda_warp_smem(blk384)(g1)","1","double","local","local","16384","16384","6","1","1","1","16","1.390000000e-07","1.025253500e-02","9.007600000e-05","1.034275000e-02","9.940806660e-03","9.850591660e-03","4.019433405e-04","324.040652","327.008324","327.008324","2.295680046e-04","1.629119962e-04","9.463339600e-06","row","0","-1.000000000e+00","-1.000000"
"cuda_warp_smem(blk384)(g1)","1","double","local","local","16384","16384","6","1","1","1","17","1.070000000e-07","1.024622800e-02","8.924900000e-05","1.033558400e-02","9.935052449e-03","9.845696449e-03","4.005315507e-04","324.228331","327.170911","327.170911","2.305919975e-04","1.596159935e-04","1.032355972e-05","row","0","-1.000000000e+00","-1.000000"
"cuda_warp_smem(blk384)(g1)","1","double","local","local","16384","16384","6","1","1","1","18","1.390000000e-07","1.025180600e-02","8.865900000e-05","1.034060400e-02","9.943421795e-03","9.854623795e-03","3.971822054e-04","323.955429","326.874525","326.874525","2.280959934e-04","1.592320055e-04","9.854206568e-06","row","0","-1.000000000e+00","-1.000000"
"cuda_warp_smem(blk384)(g1)","1","double","local","local","16384","16384","6","1","1","1","19","1.390000000e-07","1.025844700e-02","8.878800000e-05","1.034737400e-02","9.941534727e-03","9.852607727e-03","4.058392729e-04","324.016921","326.941411","326.941411","2.292480022e-04","1.677439958e-04","8.847274992e-06","row","0","-1.000000000e+00","-1.000000"
"cuda_warp_smem(blk384)(g1)","1","double","local","local","16384","16384","6","1","1","1","20","1.380000001e-07","1.079168000e-02","1.156660000e-04","1.090748400e-02","1.001964407e-02","9.903840065e-03","8.878399350e-04","321.491008","325.250151","325.250151","2.303359956e-04","6.467519999e-04","1.075193959e-05","row","0","-1.000000000e+00","-1.000000"
"cuda_warp_smem(blk384)(g1)","1","double","local","local","16384","16384","8","1","1","1","1","1.230000000e-07","1.434871700e-02","1.189520000e-04","1.446779200e-02","1.389760321e-02","1.377852821e-02","5.701887865e-04","309.043742","311.714519","311.714519","3.030079901e-04","2.569279969e-04","1.025279950e-05","row","0","-1.000000000e+00","-1.000000"
"cuda_warp_smem(blk384)(g1)","1","double","local","local","16384","16384","8","1","1","1","2","1.079999998e-07","1.437555100e-02","1.196980000e-04","1.449535700e-02","1.392732591e-02","1.380751991e-02","5.680310873e-04","308.384203","311.060011","311.060011","3.054080009e-04","2.526080012e-04","1.001508510e-05","row","0","-1.000000000e+00","-1.000000"
"cuda_warp_smem(blk384)(g1)","1","double","local","local","16384","16384","8","1","1","1","3","1.170000001e-07","1.439783200e-02","1.197360000e-04","1.451768500e-02","1.395569323e-02","1.383584023e-02","5.619917748e-04","307.757359","310.423308","310.423308","3.037439883e-04","2.479999959e-04","1.024779056e-05","row","0","-1.000000000e+00","-1.000000"
"cuda_warp_smem(blk384)(g1)","1","double","local","local","16384","16384","8","1","1","1","4","1.330000001e-07","1.435744700e-02","1.200790000e-04","1.447765900e-02","1.391691629e-02","1.379670429e-02","5.607427077e-04","308.614869","311.303860","311.303860","3.057599962e-04","2.438399941e-04","1.114271745e-05","row","0","-1.000000000e+00","-1.000000"
"cuda_warp_smem(blk384)(g1)","1","double","local","local","16384","16384","8","1","1","1","5","1.070000000e-07","1.436615900e-02","1.219350000e-04","1.448820100e-02","1.393042594e-02","1.380838394e-02","5.577750583e-04","308.315576","311.040547","311.040547","3.032959998e-04","2.450879961e-04","9.391062459e-06","row","0","-1.000000000e+00","-1.000000"
"cuda_warp_smem(blk384)(g1)","1","double","local","local","16384","16384","8","1","1","1","6","1.290000000e-07","1.435074500e-02","1.208240000e-04","1.447169800e-02","1.391884080e-02","1.379788780e-02","5.528571979e-04","308.572198","311.277158","311.277158","3.052160144e-04","2.369280010e-04","1.071318244e-05","row","0","-1.000000000e+00","-1.000000"
"cuda_warp_smem(blk384)(g1)","1","double","local","local","16384","16384","8","1","1","1","7","1.390000000e-07","1.434889700e-02","1.180800000e-04","1.446711600e-02","1.391706715e-02","1.379884815e-02","5.500488478e-04","308.611523","311.255494","311.255494","3.008959889e-04","2.392639965e-04","9.888862416e-06","row","0","-1.000000000e+00","-1.000000"
"cuda_warp_smem(blk384)(g1)","1","double","local","local","16384","16384","8","1","1","1","8","1.830000000e-07","1.432989300e-02","1.199980000e-04","1.445007400e-02","1.390242091e-02","1.378223991e-02","5.476530861e-04","308.936647","311.630571","311.630571","3.042240143e-04","2.342080027e-04","9.221069091e-06","row","0","-1.000000000e+00","-1.000000"
"cuda_warp_smem(blk384)(g1)","1","double","local","local","16384","16384","8","1","1","1","9","1.310000000e-07","1.432773000e-02","1.217770000e-04","1.444963800e-02","1.390341168e-02","1.378150368e-02","5.462263226e-04","308.914632","311.647219","311.647219","3.015680015e-04","2.340479940e-04","1.061032711e-05","row","0","-1.000000000e+00","-1.000000"
"cuda_warp_smem(blk384)(g1)","1","double","local","local","16384","16384","8","1","1","1","10","1.370000000e-07","1.436258500e-02","1.183180000e-04","1.448104000e-02","1.392719085e-02","1.380873585e-02","5.538491525e-04","308.387193","311.032620","311.032620","3.055999875e-04","2.381120026e-04","1.013716241e-05","row","0","-1.000000000e+00","-1.000000"
"cuda_warp_smem(blk384)(g1)","1","double","local","local","16384","16384","8","1","1","1","11","1.450000000e-07","1.433754500e-02","1.201830000e-04","1.445787300e-02","1.390461641e-02","1.378428841e-02","5.532565936e-04","308.887866","311.584260","311.584260","3.031679988e-04","2.398719937e-04","1.021660118e-05","row","0","-1.000000000e+00","-1.000000"
"cuda_warp_smem(blk384)(g1)","1","double","local","local","16384","16384","8","1","1","1","12","1.300000001e-07","1.433108400e-02","1.199830000e-04","1.445119700e-02","1.389899312e-02","1.377888012e-02","5.522038807e-04","309.012837","311.706558","311.706558","3.096959889e-04","2.319040000e-04","1.060389174e-05","row","0","-1.000000000e+00","-1.000000"
"cuda_warp_smem(blk384)(g1)","1","double","local","local","16384","16384","8","1","1","1","13","1.599999999e-07","1.747601900e-02","1.278770000e-04","1.760405600e-02","1.388624527e-02","1.375820827e-02","3.717810725e-03","309.296517","312.174900","312.174900","3.022719920e-04","3.404831886e-03","1.070684690e-05","row","0","-1.000000000e+00","-1.000000"
"cuda_warp_smem(blk384)(g1)","1","double","local","local","16384","16384","8","1","1","1","14","1.329999999e-07","1.435850100e-02","1.201590000e-04","1.447879300e-02","1.391181212e-02","1.379152012e-02","5.669808813e-04","308.728098","311.420877","311.420877","3.078719974e-04","2.480639964e-04","1.104488750e-05","row","0","-1.000000000e+00","-1.000000"
"cuda_warp_smem(blk384)(g1)","1","double","local","local","16384","16384","8","1","1","1","15","1.320000000e-07","1.430981800e-02","1.192030000e-04","1.442915300e-02","1.388221533e-02","1.376288033e-02","5.469376747e-04","309.386304","312.068927","312.068927","3.038400114e-04","2.336959988e-04","9.401664537e-06","row","0","-1.000000000e+00","-1.000000"
"cuda_warp_smem(blk384)(g1)","1","double","local","local","16384","16384","8","1","1","1","16","1.439999999e-07","1.427685200e-02","1.219750000e-04","1.439897100e-02","1.384871106e-02","1.372659206e-02","5.502599361e-04","310.134804","312.893927","312.893927","3.085759878e-04","2.312320024e-04","1.045194590e-05","row","0","-1.000000000e+00","-1.000000"
"cuda_warp_smem(blk384)(g1)","1","double","local","local","16384","16384","8","1","1","1","17","1.610000000e-07","1.431292400e-02","1.200350000e-04","1.443312000e-02","1.389146008e-02","1.377126408e-02","5.416599238e-04","309.180408","311.878944","311.878944","3.030720055e-04","2.277439982e-04","1.084392009e-05","row","0","-1.000000000e+00","-1.000000"
"cuda_warp_smem(blk384)(g1)","1","double","local","local","16384","16384","8","1","1","1","18","1.310000000e-07","1.433983500e-02","1.198200000e-04","1.445978600e-02","1.391102289e-02","1.379107189e-02","5.487631082e-04","308.745613","311.430999","311.430999","3.104639947e-04","2.279040068e-04","1.039510664e-05","row","0","-1.000000000e+00","-1.000000"
"cuda_warp_smem(blk384)(g1)","1","double","local","local","16384","16384","8","1","1","1","19","1.439999999e-07","1.434013600e-02","1.191350000e-04","1.445941500e-02","1.391460714e-02","1.379532814e-02","5.448078597e-04","308.666084","311.334914","311.334914","3.046720028e-04","2.311359942e-04","8.999862753e-06","row","0","-1.000000000e+00","-1.000000"
"cuda_warp_smem(blk384)(g1)","1","double","local","local","16384","16384","8","1","1","1","20","1.269999998e-07","1.431315300e-02","1.190910000e-04","1.443237100e-02","1.388523401e-02","1.376601601e-02","5.471369935e-04","309.319043","311.997843","311.997843","3.063679934e-04","2.297600061e-04","1.100899411e-05","row","0","-1.000000000e+00","-1.000000"
"cuda_warp_smem(blk384)(g1)","1","double","local","local","16384","16384","20","1","1","1","1","3.220000000e-07","3.719444600e-02","2.925310000e-04","3.748729900e-02","3.637896598e-02","3.608611298e-02","1.108333024e-03","295.154575","297.549870","297.549870","5.896319747e-04","5.074880123e-04","1.121303691e-05","row","0","-1.000000000e+00","-1.000000"
"cuda_warp_smem(blk384)(g1)","1","double","local","local","16384","16384","20","1","1","1","2","2.710000000e-07","3.719423500e-02","3.116780000e-04","3.750618400e-02","3.638765930e-02","3.607571030e-02","1.118524703e-03","295.084060","297.635671","297.635671","5.945280194e-04","5.129280090e-04","1.106867491e-05","row","0","-1.000000000e+00","-1.000000"
"cuda_warp_smem(blk384)(g1)","1","double","local","local","16384","16384","20","1","1","1","3","1.420000000e-07","3.721316600e-02","2.918060000e-04","3.750511400e-02","3.635697333e-02","3.606502533e-02","1.148140670e-03","295.333117","297.723851","297.723851","5.974720120e-04","5.386239886e-04","1.204466974e-05","row","0","-1.000000000e+00","-1.000000"
"cuda_warp_smem(blk384)(g1)","1","double","local","local","16384","16384","20","1","1","1","4","2.059999999e-07","3.719940300e-02","3.071310000e-04","3.750674000e-02","3.638890667e-02","3.608156967e-02","1.117833328e-03","295.073945","297.587337","297.587337","6.089919806e-04","4.975360036e-04","1.130534423e-05","row","0","-1.000000000e+00","-1.000000"
"cuda_warp_smem(blk384)(g1)","1","double","local","local","16384","16384","20","1","1","1","5","1.040000002e-07","3.717505600e-02","2.916850000e-04","3.746684500e-02","3.636410803e-02","3.607231903e-02","1.102736969e-03","295.275172","297.663653","297.663653","5.994240046e-04","4.915199876e-04","1.179297710e-05","row","0","-1.000000000e+00","-1.000000"
"cuda_warp_smem(blk384)(g1)","1","double","local","local","16384","16384","20","1","1","1","6","1.100000000e-07","3.716607400e-02","2.915400000e-04","3.745772400e-02","3.637091559e-02","3.607926559e-02","1.086808406e-03","295.219905","297.606342","297.606342","6.030399799e-04","4.727680087e-04","1.100041687e-05","row","0","-1.000000000e+00","-1.000000"
"cuda_warp_smem(blk384)(g1)","1","double","local","local","16384","16384","20","1","1","1","7","1.130000000e-07","3.716215700e-02","2.909950000e-04","3.745326500e-02","3.636169897e-02","3.607059097e-02","1.091566027e-03","295.294734","297.677913","297.677913","6.037439704e-04","4.774079919e-04","1.041406482e-05","row","0","-1.000000000e+00","-1.000000"
"cuda_warp_smem(blk384)(g1)","1","double","local","local","16384","16384","20","1","1","1","8","1.530000000e-07","3.717717000e-02","3.084450000e-04","3.748576800e-02","3.638146253e-02","3.607286453e-02","1.104305468e-03","295.134321","297.659151","297.659151","5.953599811e-04","4.987519979e-04","1.019348852e-05","row","0","-1.000000000e+00","-1.000000"
"cuda_warp_smem(blk384)(g1)","1","double","local","local","16384","16384","20","1","1","1","9","9.800000011e-08","3.719340800e-02","2.958380000e-04","3.748934400e-02","3.637222232e-02","3.607628632e-02","1.117121684e-03","295.209299","297.630919","297.630919","6.048960090e-04","5.011519790e-04","1.107369614e-05","row","0","-1.000000000e+00","-1.000000"
"cuda_warp_smem(blk384)(g1)","1","double","local","local","16384","16384","20","1","1","1","10","1.379999999e-07","3.715208200e-02","2.972940000e-04","3.744951400e-02","3.636965566e-02","3.607222366e-02","1.079858337e-03","295.230132","297.664440","297.664440","6.000000238e-04","4.680959880e-04","1.176232479e-05","row","0","-1.000000000e+00","-1.000000"
"cuda_warp_smem(blk384)(g1)","1","double","local","local","16384","16384","20","1","1","1","11","1.309999997e-07","3.716589700e-02","3.054030000e-04","3.747143100e-02","3.638566172e-02","3.608012772e-02","1.085769284e-03","295.100260","297.599230","297.599230","6.011520028e-04","4.737919867e-04","1.082529442e-05","row","0","-1.000000000e+00","-1.000000"
"cuda_warp_smem(blk384)(g1)","1","double","local","local","16384","16384","20","1","1","1","12","1.560000000e-07","3.715708100e-02","2.945550000e-04","3.745179200e-02","3.636479080e-02","3.607007980e-02","1.087001197e-03","295.269628","297.682132","297.682132","5.973439813e-04","4.776319861e-04","1.202522913e-05","row","0","-1.000000000e+00","-1.000000"
"cuda_warp_smem(blk384)(g1)","1","double","local","local","16384","16384","20","1","1","1","13","1.360000002e-07","3.768596500e-02","8.810030000e-04","3.856710400e-02","3.695889779e-02","3.607775879e-02","1.608206211e-03","290.523227","297.618771","297.618771","6.021760106e-04","9.929280281e-04","1.310217222e-05","row","0","-1.000000000e+00","-1.000000"
"cuda_warp_smem(blk384)(g1)","1","double","local","local","16384","16384","20","1","1","1","14","3.120000001e-07","3.769227400e-02","2.973340000e-04","3.798992000e-02","3.637377210e-02","3.607612610e-02","1.616147901e-03","295.196721","297.632241","297.632241","1.126335979e-03","4.786559939e-04","1.115592892e-05","row","0","-1.000000000e+00","-1.000000"
"cuda_warp_smem(blk384)(g1)","1","double","local","local","16384","16384","20","1","1","1","15","1.940000001e-07","3.716048800e-02","2.924920000e-04","3.745317400e-02","3.637569381e-02","3.608300781e-02","1.077480188e-03","295.181125","297.575476","297.575476","5.977280140e-04","4.685119987e-04","1.124017485e-05","row","0","-1.000000000e+00","-1.000000"
"cuda_warp_smem(blk384)(g1)","1","double","local","local","16384","16384","20","1","1","1","16","2.020000003e-07","3.714803400e-02","2.994510000e-04","3.744768700e-02","3.636989302e-02","3.607024002e-02","1.077793979e-03","295.228205","297.680809","297.680809","6.023679972e-04","4.653759897e-04","1.004999240e-05","row","0","-1.000000000e+00","-1.000000"
"cuda_warp_smem(blk384)(g1)","1","double","local","local","16384","16384","20","1","1","1","17","1.300000001e-07","3.718780200e-02","3.019060000e-04","3.748983800e-02","3.638184328e-02","3.607980728e-02","1.107994719e-03","295.131232","297.601873","297.601873","5.883839726e-04","5.067200065e-04","1.289073939e-05","row","0","-1.000000000e+00","-1.000000"
"cuda_warp_smem(blk384)(g1)","1","double","local","local","16384","16384","20","1","1","1","18","8.719999998e-07","3.715338000e-02","3.001950000e-04","3.745444700e-02","3.637063563e-02","3.606956863e-02","1.083811366e-03","295.222177","297.686350","297.686350","6.111680269e-04","4.607360065e-04","1.190733254e-05","row","0","-1.000000000e+00","-1.000000"
"cuda_warp_smem(blk384)(g1)","1","double","local","local","16384","16384","20","1","1","1","19","2.160000001e-07","3.715642400e-02","2.958260000e-04","3.745246600e-02","3.638637785e-02","3.609033585e-02","1.066088154e-03","295.094452","297.515055","297.515055","5.919039845e-04","4.623039961e-04","1.188017342e-05","row","0","-1.000000000e+00","-1.000000"
"cuda_warp_smem(blk384)(g1)","1","double","local","local","16384","16384","20","1","1","1","20","1.730000001e-07","3.714531300e-02","3.033850000e-04","3.744887100e-02","3.637158931e-02","3.606803131e-02","1.077281689e-03","295.214436","297.699038","297.699038","6.091840267e-04","4.569920003e-04","1.110566191e-05","row","0","-1.000000000e+00","-1.000000"
"cuda_warp_smem(blk384)(g1)","1","double","local","local","16384","16384","32","1","1","1","1","3.540000002e-07","6.535605400e-02","5.805160000e-04","6.593692400e-02","6.405904612e-02","6.347817612e-02","1.877877883e-03","268.188027","270.642136","270.642136","9.608640075e-04","9.043840170e-04","1.262985859e-05","row","0","-1.000000000e+00","-1.000000"
"cuda_warp_smem(blk384)(g1)","1","double","local","local","16384","16384","32","1","1","1","2","3.179999999e-07","6.527626700e-02","5.579690000e-04","6.583455400e-02","6.392135844e-02","6.336307144e-02","1.913195558e-03","268.765708","271.133782","271.133782","9.774079919e-04","9.230399728e-04","1.274759368e-05","row","0","-1.000000000e+00","-1.000000"
"cuda_warp_smem(blk384)(g1)","1","double","local","local","16384","16384","32","1","1","1","3","5.709999999e-07","6.526675700e-02","5.363980000e-04","6.580372600e-02","6.390829545e-02","6.337132645e-02","1.895430553e-03","268.820645","271.098463","271.098463","9.696000218e-04","9.124159813e-04","1.341455033e-05","row","0","-1.000000000e+00","-1.000000"
"cuda_warp_smem(blk384)(g1)","1","double","local","local","16384","16384","32","1","1","1","4","2.689999996e-07","6.525423000e-02","5.940260000e-04","6.584852500e-02","6.396734950e-02","6.337305450e-02","1.881175496e-03","268.572472","271.091070","271.091070","9.583039880e-04","9.100480080e-04","1.282349966e-05","row","0","-1.000000000e+00","-1.000000"
"cuda_warp_smem(blk384)(g1)","1","double","local","local","16384","16384","32","1","1","1","5","2.600000002e-07","6.526173100e-02","5.442160000e-04","6.580620700e-02","6.391061827e-02","6.336614227e-02","1.895588727e-03","268.810874","271.120642","271.120642","9.631040096e-04","9.201599956e-04","1.232472187e-05","row","0","-1.000000000e+00","-1.000000"
"cuda_warp_smem(blk384)(g1)","1","double","local","local","16384","16384","32","1","1","1","6","2.320000001e-07","6.523191200e-02","5.571260000e-04","6.578927000e-02","6.392334387e-02","6.336598587e-02","1.865926130e-03","268.757361","271.121311","271.121311","9.642239809e-04","8.903999925e-04","1.130215627e-05","row","0","-1.000000000e+00","-1.000000"
"cuda_warp_smem(blk384)(g1)","1","double","local","local","16384","16384","32","1","1","1","7","2.239999999e-07","6.549705500e-02","5.694610000e-04","6.606674000e-02","6.420933344e-02","6.363964844e-02","1.857406563e-03","267.560310","269.955438","269.955438","9.598399997e-04","8.837440014e-04","1.382256144e-05","row","0","-1.000000000e+00","-1.000000"
"cuda_warp_smem(blk384)(g1)","1","double","local","local","16384","16384","32","1","1","1","8","2.649999997e-07","6.608693200e-02","5.614220000e-04","6.664861900e-02","6.393119002e-02","6.336950302e-02","2.717428979e-03","268.724377","271.106264","271.106264","1.791808009e-03","9.129599929e-04","1.266097673e-05","row","0","-1.000000000e+00","-1.000000"
"cuda_warp_smem(blk384)(g1)","1","double","local","local","16384","16384","32","1","1","1","9","2.269999997e-07","6.614406000e-02","1.543520000e-03","6.768780700e-02","6.490649801e-02","6.336275101e-02","2.781308993e-03","264.686429","271.135153","271.135153","9.721279740e-04","1.793887973e-03","1.529304605e-05","row","0","-1.000000000e+00","-1.000000"
"cuda_warp_smem(blk384)(g1)","1","double","local","local","16384","16384","32","1","1","1","10","2.643000000e-06","6.524133500e-02","5.470470000e-04","6.579102500e-02","6.391519522e-02","6.336550522e-02","1.875829781e-03","268.791625","271.123368","271.123368","9.919999838e-04","8.706880212e-04","1.314177652e-05","row","0","-1.000000000e+00","-1.000000"
"cuda_warp_smem(blk384)(g1)","1","double","local","local","16384","16384","32","1","1","1","11","2.110000001e-07","6.522294700e-02","5.596520000e-04","6.578281000e-02","6.392440691e-02","6.336454391e-02","1.858403085e-03","268.752891","271.127481","271.127481","9.614080191e-04","8.842560053e-04","1.273906085e-05","row","0","-1.000000000e+00","-1.000000"
"cuda_warp_smem(blk384)(g1)","1","double","local","local","16384","16384","32","1","1","1","12","3.030000002e-07","6.666050000e-02","5.531400000e-04","6.721394300e-02","6.391392426e-02","6.336048126e-02","3.300018738e-03","268.796970","271.144866","271.144866","2.398207903e-03","8.899199963e-04","1.189083862e-05","row","0","-1.000000000e+00","-1.000000"
"cuda_warp_smem(blk384)(g1)","1","double","local","local","16384","16384","32","1","1","1","13","1.750000003e-07","6.623603000e-02","1.536782000e-03","6.777298700e-02","6.490044424e-02","6.336348724e-02","2.872542756e-03","264.711118","271.132003","271.132003","9.712319970e-04","1.886368036e-03","1.494272306e-05","row","0","-1.000000000e+00","-1.000000"
"cuda_warp_smem(blk384)(g1)","1","double","local","local","16384","16384","32","1","1","1","14","2.752000000e-06","6.527698600e-02","5.580680000e-04","6.583780600e-02","6.393342818e-02","6.337260818e-02","1.904377815e-03","268.714969","271.092980","271.092980","1.009055972e-03","8.820480108e-04","1.327383226e-05","row","0","-1.000000000e+00","-1.000000"
"cuda_warp_smem(blk384)(g1)","1","double","local","local","16384","16384","32","1","1","1","15","1.959999998e-07","6.520821700e-02","5.392820000e-04","6.574769500e-02","6.390530365e-02","6.336582565e-02","1.842391347e-03","268.833230","271.121997","271.121997","9.578239918e-04","8.725439906e-04","1.202336454e-05","row","0","-1.000000000e+00","-1.000000"
"cuda_warp_smem(blk384)(g1)","1","double","local","local","16384","16384","32","1","1","1","16","2.069999998e-07","6.522554200e-02","5.536500000e-04","6.577939900e-02","6.393036762e-02","6.337651062e-02","1.849031380e-03","268.727833","271.076287","271.076287","9.549760222e-04","8.821120262e-04","1.194333142e-05","row","0","-1.000000000e+00","-1.000000"
"cuda_warp_smem(blk384)(g1)","1","double","local","local","16384","16384","32","1","1","1","17","2.459999999e-07","6.522480300e-02","5.438360000e-04","6.576888500e-02","6.390597089e-02","6.336188889e-02","1.862914115e-03","268.830423","271.138842","271.138842","9.613760114e-04","8.899199963e-04","1.161810687e-05","row","0","-1.000000000e+00","-1.000000"
"cuda_warp_smem(blk384)(g1)","1","double","local","local","16384","16384","32","1","1","1","18","4.040000001e-07","6.523184100e-02","5.509370000e-04","6.578318200e-02","6.391076559e-02","6.335942459e-02","1.872416409e-03","268.810255","271.149388","271.149388","9.653760195e-04","8.951359987e-04","1.190439073e-05","row","0","-1.000000000e+00","-1.000000"
"cuda_warp_smem(blk384)(g1)","1","double","local","local","16384","16384","32","1","1","1","19","1.750000003e-07","6.521928900e-02","5.458020000e-04","6.576526600e-02","6.390904844e-02","6.336307144e-02","1.856217558e-03","268.817477","271.133782","271.133782","9.749439955e-04","8.690559864e-04","1.221757647e-05","row","0","-1.000000000e+00","-1.000000"
"cuda_warp_smem(blk384)(g1)","1","double","local","local","16384","16384","32","1","1","1","20","1.990000000e-07","6.610051100e-02","1.470800000e-03","6.757151000e-02","6.483528733e-02","6.336428833e-02","2.736222670e-03","264.977143","271.128575","271.128575","9.611200094e-04","1.759807944e-03","1.529471620e-05","row","0","-1.000000000e+00","-1.000000"
"cuda_warp_smem(blk512)(g1)","1","double","local","local","16384","16384","3","1","1","1","1","1.910000000e-07","5.929276000e-03","4.452600000e-05","5.973993000e-03","5.744332955e-03","5.699615955e-03","2.296600446e-04","280.382901","282.582677","282.582677","1.187840030e-04","1.016639993e-04","9.212042428e-06","row","0","-1.000000000e+00","-1.000000"
"cuda_warp_smem(blk512)(g1)","1","double","local","local","16384","16384","3","1","1","1","2","1.279999999e-07","5.925771000e-03","4.651700000e-05","5.972416000e-03","5.749844863e-03","5.703199863e-03","2.225711366e-04","280.114120","282.405101","282.405101","1.194880009e-04","9.328000247e-05","9.803133222e-06","row","0","-1.000000000e+00","-1.000000"
"cuda_warp_smem(blk512)(g1)","1","double","local","local","16384","16384","3","1","1","1","3","7.199999996e-08","5.912745000e-03","4.438200000e-05","5.957199000e-03","5.729638002e-03","5.685184002e-03","2.275609981e-04","281.102006","283.300019","283.300019","1.204480007e-04","9.692800045e-05","1.018499690e-05","row","0","-1.000000000e+00","-1.000000"
"cuda_warp_smem(blk512)(g1)","1","double","local","local","16384","16384","3","1","1","1","4","7.200000018e-08","5.925427000e-03","4.467200000e-05","5.970171000e-03","5.728040204e-03","5.683296204e-03","2.421307964e-04","281.180418","283.394122","283.394122","1.371839941e-04","9.305600077e-05","1.189080156e-05","row","0","-1.000000000e+00","-1.000000"
"cuda_warp_smem(blk512)(g1)","1","double","local","local","16384","16384","3","1","1","1","5","7.499999999e-08","6.633229000e-03","4.529500000e-05","6.678599000e-03","5.737530130e-03","5.692160130e-03","9.410688705e-04","280.715343","282.952816","282.952816","1.230079979e-04","8.072000146e-04","1.086085799e-05","row","0","-1.000000000e+00","-1.000000"
"cuda_warp_smem(blk512)(g1)","1","double","local","local","16384","16384","3","1","1","1","6","1.050000000e-07","5.922031000e-03","4.496200000e-05","5.967098000e-03","5.739563155e-03","5.694496155e-03","2.275348452e-04","280.615910","282.836741","282.836741","1.218239963e-04","9.580799937e-05","9.902849537e-06","row","0","-1.000000000e+00","-1.000000"
"cuda_warp_smem(blk512)(g1)","1","double","local","local","16384","16384","3","1","1","1","7","8.999999990e-08","5.923331000e-03","4.418300000e-05","5.967604000e-03","5.736369233e-03","5.692096233e-03","2.312347666e-04","280.772152","282.955992","282.955992","1.203840002e-04","1.015679985e-04","9.282767862e-06","row","0","-1.000000000e+00","-1.000000"
"cuda_warp_smem(blk512)(g1)","1","double","local","local","16384","16384","3","1","1","1","8","1.199999999e-07","5.912578000e-03","4.377900000e-05","5.956477000e-03","5.734490812e-03","5.690591812e-03","2.219861879e-04","280.864124","283.030797","283.030797","1.220159978e-04","9.001599997e-05","9.954190126e-06","row","0","-1.000000000e+00","-1.000000"
"cuda_warp_smem(blk512)(g1)","1","double","local","local","16384","16384","3","1","1","1","9","7.600000007e-08","5.922129000e-03","4.413200000e-05","5.966337000e-03","5.740144203e-03","5.695936203e-03","2.261927970e-04","280.587504","282.765234","282.765234","1.196160018e-04","9.603200108e-05","1.054479407e-05","row","0","-1.000000000e+00","-1.000000"
"cuda_warp_smem(blk512)(g1)","1","double","local","local","16384","16384","3","1","1","1","10","7.499999999e-08","5.915502000e-03","4.352600000e-05","5.959103000e-03","5.733489000e-03","5.689888000e-03","2.256139995e-04","280.913199","283.065807","283.065807","1.202239990e-04","9.478399903e-05","1.060600146e-05","row","0","-1.000000000e+00","-1.000000"
"cuda_warp_smem(blk512)(g1)","1","double","local","local","16384","16384","3","1","1","1","11","7.100000010e-08","5.920950000e-03","4.470100000e-05","5.965722000e-03","5.743299813e-03","5.698527813e-03","2.224221870e-04","280.433338","282.636637","282.636637","1.196480021e-04","9.353599697e-05","9.238187981e-06","row","0","-1.000000000e+00","-1.000000"
"cuda_warp_smem(blk512)(g1)","1","double","local","local","16384","16384","3","1","1","1","12","1.020000000e-07","5.914014000e-03","4.452100000e-05","5.958637000e-03","5.737967116e-03","5.693344116e-03","2.206698838e-04","280.693964","282.893973","282.893973","1.202239990e-04","9.097599983e-05","9.469884933e-06","row","0","-1.000000000e+00","-1.000000"
"cuda_warp_smem(blk512)(g1)","1","double","local","local","16384","16384","3","1","1","1","13","7.400000013e-08","5.774222000e-03","4.458800000e-05","5.818884000e-03","5.597013952e-03","5.552351952e-03","2.218700484e-04","287.762859","290.077565","290.077565","1.196480021e-04","9.238400310e-05","9.838043210e-06","row","0","-1.000000000e+00","-1.000000"
"cuda_warp_smem(blk512)(g1)","1","double","local","local","16384","16384","3","1","1","1","14","7.499999999e-08","5.679437000e-03","4.439900000e-05","5.723911000e-03","5.503898019e-03","5.459424019e-03","2.200129811e-04","292.631282","295.015139","295.015139","1.211199984e-04","9.001599997e-05","8.876982772e-06","row","0","-1.000000000e+00","-1.000000"
"cuda_warp_smem(blk512)(g1)","1","double","local","local","16384","16384","3","1","1","1","15","8.799999995e-08","5.686686000e-03","4.443400000e-05","5.731208000e-03","5.501290036e-03","5.456768036e-03","2.299179641e-04","292.770009","295.158732","295.158732","1.240319982e-04","9.526400268e-05","1.062196321e-05","row","0","-1.000000000e+00","-1.000000"
"cuda_warp_smem(blk512)(g1)","1","double","local","local","16384","16384","3","1","1","1","16","7.400000013e-08","5.687717000e-03","4.362100000e-05","5.731412000e-03","5.514191178e-03","5.470496178e-03","2.172208223e-04","292.085037","294.418035","294.418035","1.194240004e-04","8.803199977e-05","9.764822177e-06","row","0","-1.000000000e+00","-1.000000"
"cuda_warp_smem(blk512)(g1)","1","double","local","local","16384","16384","3","1","1","1","17","7.100000010e-08","5.687650000e-03","4.533100000e-05","5.733052000e-03","5.510521839e-03","5.465119839e-03","2.225301613e-04","292.279531","294.707670","294.707670","1.191679984e-04","9.388799965e-05","9.474163199e-06","row","0","-1.000000000e+00","-1.000000"
"cuda_warp_smem(blk512)(g1)","1","double","local","local","16384","16384","3","1","1","1","18","7.100000010e-08","5.678267000e-03","4.491300000e-05","5.723251000e-03","5.505592006e-03","5.460608006e-03","2.176589945e-04","292.541244","294.951173","294.951173","1.188800037e-04","8.950400352e-05","9.274987261e-06","row","0","-1.000000000e+00","-1.000000"
"cuda_warp_smem(blk512)(g1)","1","double","local","local","16384","16384","3","1","1","1","19","7.300000004e-08","5.684387000e-03","4.359800000e-05","5.728058000e-03","5.503895152e-03","5.460224152e-03","2.241628484e-04","292.631435","294.971908","294.971908","1.198719963e-04","9.436800331e-05","9.922848737e-06","row","0","-1.000000000e+00","-1.000000"
"cuda_warp_smem(blk512)(g1)","1","double","local","local","16384","16384","3","1","1","1","20","9.099999998e-08","5.675192000e-03","4.454900000e-05","5.719832000e-03","5.502016003e-03","5.457376003e-03","2.178159967e-04","292.731380","295.125851","295.125851","1.202239990e-04","8.771199733e-05","9.880000381e-06","row","0","-1.000000000e+00","-1.000000"
"cuda_warp_smem(blk512)(g1)","1","double","local","local","16384","16384","6","1","1","1","1","1.700000001e-07","1.015903100e-02","9.144800000e-05","1.025064900e-02","9.839809833e-03","9.748191833e-03","4.108391665e-04","327.366639","330.443381","330.443381","2.296320051e-04","1.720319986e-04","9.175162774e-06","row","0","-1.000000000e+00","-1.000000"
"cuda_warp_smem(blk512)(g1)","1","double","local","local","16384","16384","6","1","1","1","2","3.368000000e-06","1.018229300e-02","9.117600000e-05","1.027683700e-02","9.840079851e-03","9.745535851e-03","4.367571495e-04","327.357656","330.533438","330.533438","2.320320010e-04","1.943680048e-04","1.035714366e-05","row","0","-1.000000000e+00","-1.000000"
"cuda_warp_smem(blk512)(g1)","1","double","local","local","16384","16384","6","1","1","1","3","1.999999999e-07","1.013694300e-02","8.951100000e-05","1.022665400e-02","9.818543245e-03","9.728832245e-03","4.081107551e-04","328.075702","331.100937","331.100937","2.315839976e-04","1.661439985e-04","1.038275902e-05","row","0","-1.000000000e+00","-1.000000"
"cuda_warp_smem(blk512)(g1)","1","double","local","local","16384","16384","6","1","1","1","4","2.040000000e-07","1.014545500e-02","9.071900000e-05","1.023637800e-02","9.826379467e-03","9.735456467e-03","4.099985333e-04","327.814073","330.875649","330.875649","2.344959974e-04","1.656000018e-04","9.902534084e-06","row","0","-1.000000000e+00","-1.000000"
"cuda_warp_smem(blk512)(g1)","1","double","local","local","16384","16384","6","1","1","1","5","2.150000000e-07","1.013670400e-02","9.000300000e-05","1.022692200e-02","9.817770414e-03","9.727552414e-03","4.091515861e-04","328.101528","331.144499","331.144499","2.303359956e-04","1.692799926e-04","9.535597924e-06","row","0","-1.000000000e+00","-1.000000"
"cuda_warp_smem(blk512)(g1)","1","double","local","local","16384","16384","6","1","1","1","6","1.999999999e-07","1.013964400e-02","8.962800000e-05","1.022947200e-02","9.819715962e-03","9.729887962e-03","4.097560377e-04","328.036522","331.065012","331.065012","2.346560061e-04","1.653120071e-04","9.788024491e-06","row","0","-1.000000000e+00","-1.000000"
"cuda_warp_smem(blk512)(g1)","1","double","local","local","16384","16384","6","1","1","1","7","2.100000001e-07","1.013572300e-02","8.979300000e-05","1.022572600e-02","9.816051470e-03","9.726048470e-03","4.096745305e-04","328.158983","331.195704","331.195704","2.335039973e-04","1.667519957e-04","9.418537448e-06","row","0","-1.000000000e+00","-1.000000"
"cuda_warp_smem(blk512)(g1)","1","double","local","local","16384","16384","6","1","1","1","8","2.139999999e-07","1.013873500e-02","9.056500000e-05","1.022951400e-02","9.817562752e-03","9.726783752e-03","4.119512476e-04","328.108468","331.170668","331.170668","2.313279957e-04","1.703040004e-04","1.031925152e-05","row","0","-1.000000000e+00","-1.000000"
"cuda_warp_smem(blk512)(g1)","1","double","local","local","16384","16384","6","1","1","1","9","1.519999999e-07","1.014443800e-02","9.095500000e-05","1.023554500e-02","9.823906530e-03","9.732799530e-03","4.116384700e-04","327.896592","330.965974","330.965974","2.323839962e-04","1.700479984e-04","9.206475294e-06","row","0","-1.000000000e+00","-1.000000"
"cuda_warp_smem(blk512)(g1)","1","double","local","local","16384","16384","6","1","1","1","10","1.900000002e-07","1.016837900e-02","1.022240000e-04","1.027079300e-02","9.834957945e-03","9.732543945e-03","4.358350547e-04","327.528139","330.974665","330.974665","2.351039946e-04","1.894399971e-04","1.129106300e-05","row","0","-1.000000000e+00","-1.000000"
"cuda_warp_smem(blk512)(g1)","1","double","local","local","16384","16384","6","1","1","1","11","1.390000000e-07","1.014752400e-02","8.973500000e-05","1.023739800e-02","9.819473953e-03","9.729599953e-03","4.179240473e-04","328.044607","331.074812","331.074812","2.304639965e-04","1.775680035e-04","9.892047237e-06","row","0","-1.000000000e+00","-1.000000"
"cuda_warp_smem(blk512)(g1)","1","double","local","local","16384","16384","6","1","1","1","12","1.310000000e-07","1.013178000e-02","8.931500000e-05","1.022122600e-02","9.817445687e-03","9.727999687e-03","4.037803128e-04","328.112380","331.129274","331.129274","2.290560007e-04","1.659840047e-04","8.740307360e-06","row","0","-1.000000000e+00","-1.000000"
"cuda_warp_smem(blk512)(g1)","1","double","local","local","16384","16384","6","1","1","1","13","1.400000000e-07","1.012601700e-02","8.967100000e-05","1.021582800e-02","9.811794910e-03","9.721983910e-03","4.040330904e-04","328.301346","331.334170","331.334170","2.292799950e-04","1.643839926e-04","1.036910288e-05","row","0","-1.000000000e+00","-1.000000"
"cuda_warp_smem(blk512)(g1)","1","double","local","local","16384","16384","6","1","1","1","14","1.350000001e-07","1.012504100e-02","9.507100000e-05","1.022024700e-02","9.810917594e-03","9.715711594e-03","4.093294064e-04","328.330703","331.548075","331.548075","2.342720032e-04","1.663679928e-04","8.689410439e-06","row","0","-1.000000000e+00","-1.000000"
"cuda_warp_smem(blk512)(g1)","1","double","local","local","16384","16384","6","1","1","1","15","1.379999999e-07","1.012657600e-02","8.832800000e-05","1.021504200e-02","9.816370320e-03","9.727904320e-03","3.986716802e-04","328.148324","331.132520","331.132520","2.292799950e-04","1.596159935e-04","9.775691772e-06","row","0","-1.000000000e+00","-1.000000"
"cuda_warp_smem(blk512)(g1)","1","double","local","local","16384","16384","6","1","1","1","16","1.320000000e-07","1.012558900e-02","8.856700000e-05","1.021428800e-02","9.812443392e-03","9.723744392e-03","4.018446076e-04","328.279649","331.274182","331.274182","2.293439955e-04","1.639679968e-04","8.532615317e-06","row","0","-1.000000000e+00","-1.000000"
"cuda_warp_smem(blk512)(g1)","1","double","local","local","16384","16384","6","1","1","1","17","1.329999999e-07","1.013132400e-02","8.960100000e-05","1.022105800e-02","9.816326064e-03","9.726592064e-03","4.047319361e-04","328.149804","331.177195","331.177195","2.298559994e-04","1.644800007e-04","1.039593601e-05","row","0","-1.000000000e+00","-1.000000"
"cuda_warp_smem(blk512)(g1)","1","double","local","local","16384","16384","6","1","1","1","18","1.350000001e-07","1.012824500e-02","8.929900000e-05","1.021767900e-02","9.812761637e-03","9.723327637e-03","4.049173633e-04","328.269002","331.288381","331.288381","2.303359956e-04","1.658560038e-04","8.725363965e-06","row","0","-1.000000000e+00","-1.000000"
"cuda_warp_smem(blk512)(g1)","1","double","local","local","16384","16384","6","1","1","1","19","1.340000000e-07","1.015466500e-02","8.846900000e-05","1.024326800e-02","9.817723255e-03","9.729120255e-03","4.255447455e-04","328.103104","331.091135","331.091135","2.507840097e-04","1.642879993e-04","1.047273652e-05","row","0","-1.000000000e+00","-1.000000"
"cuda_warp_smem(blk512)(g1)","1","double","local","local","16384","16384","6","1","1","1","20","1.640000000e-07","1.015372400e-02","8.891000000e-05","1.024279800e-02","9.813938006e-03","9.724864006e-03","4.288599940e-04","328.229654","331.236043","331.236043","2.570880055e-04","1.627839953e-04","8.987993144e-06","row","0","-1.000000000e+00","-1.000000"
"cuda_warp_smem(blk512)(g1)","1","double","local","local","16384","16384","8","1","1","1","1","1.860000001e-07","1.378941600e-02","1.191220000e-04","1.390872400e-02","1.335438014e-02","1.323507214e-02","5.543438641e-04","321.614875","324.514083","324.514083","3.064320087e-04","2.366400063e-04","1.127184903e-05","row","0","-1.000000000e+00","-1.000000"
"cuda_warp_smem(blk512)(g1)","1","double","local","local","16384","16384","8","1","1","1","2","1.409999999e-07","1.379390700e-02","1.315680000e-04","1.392561600e-02","1.336991682e-02","1.323820782e-02","5.556991829e-04","321.241138","324.437217","324.437217","3.062399924e-04","2.395839989e-04","9.875191624e-06","row","0","-1.000000000e+00","-1.000000"
"cuda_warp_smem(blk512)(g1)","1","double","local","local","16384","16384","8","1","1","1","3","1.119999999e-07","1.376533300e-02","1.226910000e-04","1.388813600e-02","1.334878662e-02","1.322598362e-02","5.393493803e-04","321.749641","324.737080","324.737080","3.027519882e-04","2.260479927e-04","1.054939943e-05","row","0","-1.000000000e+00","-1.000000"
"cuda_warp_smem(blk512)(g1)","1","double","local","local","16384","16384","8","1","1","1","4","1.790000002e-07","1.375959400e-02","1.195820000e-04","1.387935500e-02","1.333224059e-02","1.321247959e-02","5.471144086e-04","322.148949","325.068982","325.068982","3.082560003e-04","2.287040055e-04","1.015440287e-05","row","0","-1.000000000e+00","-1.000000"
"cuda_warp_smem(blk512)(g1)","1","double","local","local","16384","16384","8","1","1","1","5","2.109999999e-07","1.376773800e-02","1.203930000e-04","1.388834200e-02","1.333231588e-02","1.321171188e-02","5.560261165e-04","322.147130","325.087872","325.087872","3.193599880e-04","2.259200066e-04","1.074612185e-05","row","0","-1.000000000e+00","-1.000000"
"cuda_warp_smem(blk512)(g1)","1","double","local","local","16384","16384","8","1","1","1","6","1.459999999e-07","1.376002100e-02","1.181270000e-04","1.387829400e-02","1.333523295e-02","1.321695995e-02","5.430610467e-04","322.076660","324.958789","324.958789","3.132799864e-04","2.189760059e-04","1.080505440e-05","row","0","-1.000000000e+00","-1.000000"
"cuda_warp_smem(blk512)(g1)","1","double","local","local","16384","16384","8","1","1","1","7","1.779999999e-07","1.376044400e-02","1.207460000e-04","1.388136800e-02","1.333375645e-02","1.321283245e-02","5.476115491e-04","322.112325","325.060301","325.060301","3.140479922e-04","2.225600034e-04","1.100355350e-05","row","0","-1.000000000e+00","-1.000000"
"cuda_warp_smem(blk512)(g1)","1","double","local","local","16384","16384","8","1","1","1","8","1.960000000e-07","1.374649600e-02","1.213980000e-04","1.386809000e-02","1.333048968e-02","1.320889568e-02","5.376003167e-04","322.191262","325.157182","325.157182","3.090560138e-04","2.173119932e-04","1.123230965e-05","row","0","-1.000000000e+00","-1.000000"
"cuda_warp_smem(blk512)(g1)","1","double","local","local","16384","16384","8","1","1","1","9","2.180000001e-07","1.376291100e-02","1.189790000e-04","1.388210800e-02","1.333359729e-02","1.321440029e-02","5.485107086e-04","322.116170","325.021734","325.021734","3.062399924e-04","2.310719937e-04","1.119872247e-05","row","0","-1.000000000e+00","-1.000000"
"cuda_warp_smem(blk512)(g1)","1","double","local","local","16384","16384","8","1","1","1","10","1.700000001e-07","1.374363400e-02","1.187370000e-04","1.386254100e-02","1.333343508e-02","1.321452808e-02","5.291059162e-04","322.120089","325.018591","325.018591","3.074559867e-04","2.108799964e-04","1.076993304e-05","row","0","-1.000000000e+00","-1.000000"
"cuda_warp_smem(blk512)(g1)","1","double","local","local","16384","16384","8","1","1","1","11","1.850000000e-07","1.374337800e-02","1.230710000e-04","1.386663400e-02","1.333074406e-02","1.320748806e-02","5.358899400e-04","322.185114","325.191836","325.191836","3.055360019e-04","2.195200026e-04","1.083393548e-05","row","0","-1.000000000e+00","-1.000000"
"cuda_warp_smem(blk512)(g1)","1","double","local","local","16384","16384","8","1","1","1","12","1.539999999e-07","1.374000600e-02","1.415660000e-04","1.388172600e-02","1.334639186e-02","1.320467186e-02","5.353341403e-04","321.807372","325.261191","325.261191","3.042879999e-04","2.197439969e-04","1.130214353e-05","row","0","-1.000000000e+00","-1.000000"
"cuda_warp_smem(blk512)(g1)","1","double","local","local","16384","16384","8","1","1","1","13","1.480000000e-07","1.374505600e-02","1.212000000e-04","1.386640400e-02","1.333142815e-02","1.321008015e-02","5.349758532e-04","322.168582","325.128027","325.128027","3.064959943e-04","2.173759937e-04","1.110386515e-05","row","0","-1.000000000e+00","-1.000000"
"cuda_warp_smem(blk512)(g1)","1","double","local","local","16384","16384","8","1","1","1","14","1.199999999e-07","1.374643300e-02","1.197750000e-04","1.386632800e-02","1.332789518e-02","1.320800018e-02","5.384328169e-04","322.253982","325.179227","325.179227","3.129279912e-04","2.145279944e-04","1.097683135e-05","row","0","-1.000000000e+00","-1.000000"
"cuda_warp_smem(blk512)(g1)","1","double","local","local","16384","16384","8","1","1","1","15","1.519999999e-07","1.373776300e-02","1.198680000e-04","1.385778300e-02","1.332587632e-02","1.320585632e-02","5.319066768e-04","322.302803","325.232018","325.232018","3.048639894e-04","2.175039947e-04","9.538692702e-06","row","0","-1.000000000e+00","-1.000000"
"cuda_warp_smem(blk512)(g1)","1","double","local","local","16384","16384","8","1","1","1","16","1.310000002e-07","1.374467700e-02","1.232300000e-04","1.386803800e-02","1.332342471e-02","1.320006371e-02","5.446132946e-04","322.362110","325.374740","325.374740","3.180480003e-04","2.154880017e-04","1.107729252e-05","row","0","-1.000000000e+00","-1.000000"
"cuda_warp_smem(blk512)(g1)","1","double","local","local","16384","16384","8","1","1","1","17","1.510000001e-07","1.376083000e-02","1.203240000e-04","1.388130500e-02","1.332361144e-02","1.320313644e-02","5.576935559e-04","322.357592","325.299016","325.299016","3.215680122e-04","2.256640047e-04","1.046153899e-05","row","0","-1.000000000e+00","-1.000000"
"cuda_warp_smem(blk512)(g1)","1","double","local","local","16384","16384","8","1","1","1","18","1.320000000e-07","1.374561800e-02","1.198210000e-04","1.386557100e-02","1.332465728e-02","1.320470428e-02","5.409137153e-04","322.332290","325.260392","325.260392","3.073279858e-04","2.231680006e-04","1.041772899e-05","row","0","-1.000000000e+00","-1.000000"
"cuda_warp_smem(blk512)(g1)","1","double","local","local","16384","16384","8","1","1","1","19","9.499999987e-08","1.374474600e-02","1.233340000e-04","1.386817500e-02","1.332749337e-02","1.320406437e-02","5.406816308e-04","322.263698","325.276156","325.276156","3.070079982e-04","2.227199972e-04","1.095363540e-05","row","0","-1.000000000e+00","-1.000000"
"cuda_warp_smem(blk512)(g1)","1","double","local","local","16384","16384","8","1","1","1","20","1.290000000e-07","1.373981500e-02","1.195880000e-04","1.385953200e-02","1.331923711e-02","1.319952011e-02","5.402948889e-04","322.463461","325.388140","325.388140","3.075839877e-04","2.218240052e-04","1.088689596e-05","row","0","-1.000000000e+00","-1.000000"
"cuda_warp_smem(blk512)(g1)","1","double","local","local","16384","16384","20","1","1","1","1","1.440000001e-07","3.816600200e-02","2.982810000e-04","3.846442700e-02","3.740537004e-02","3.710694504e-02","1.059056962e-03","287.055528","289.364113","289.364113","5.974400043e-04","4.505600035e-04","1.105695429e-05","row","0","-1.000000000e+00","-1.000000"
"cuda_warp_smem(blk512)(g1)","1","double","local","local","16384","16384","20","1","1","1","2","1.330000001e-07","3.816324600e-02","2.983060000e-04","3.846168500e-02","3.740068052e-02","3.710224152e-02","1.061004484e-03","287.091521","289.400796","289.400796","6.093760133e-04","4.412159920e-04","1.041247863e-05","row","0","-1.000000000e+00","-1.000000"
"cuda_warp_smem(blk512)(g1)","1","double","local","local","16384","16384","20","1","1","1","3","1.500000000e-07","3.817094500e-02","3.285710000e-04","3.849966600e-02","3.743687911e-02","3.710815811e-02","1.062786888e-03","286.813925","289.354654","289.354654","6.074879766e-04","4.434880018e-04","1.181091005e-05","row","0","-1.000000000e+00","-1.000000"
"cuda_warp_smem(blk512)(g1)","1","double","local","local","16384","16384","20","1","1","1","4","1.800000000e-07","3.818257000e-02","2.976030000e-04","3.848035300e-02","3.740802394e-02","3.711024094e-02","1.072329064e-03","287.035163","289.338414","289.338414","6.060159802e-04","4.550080001e-04","1.130508334e-05","row","0","-1.000000000e+00","-1.000000"
"cuda_warp_smem(blk512)(g1)","1","double","local","local","16384","16384","20","1","1","1","5","1.030000001e-07","3.815373900e-02","3.012750000e-04","3.845511700e-02","3.740953611e-02","3.710815811e-02","1.045580888e-03","287.023560","289.354654","289.354654","5.875840187e-04","4.480319917e-04","9.964878000e-06","row","0","-1.000000000e+00","-1.000000"
"cuda_warp_smem(blk512)(g1)","1","double","local","local","16384","16384","20","1","1","1","6","1.490000001e-07","3.816798700e-02","2.982510000e-04","3.846638700e-02","3.740707310e-02","3.710867310e-02","1.059313904e-03","287.042459","289.350638","289.350638","6.218559742e-04","4.262079895e-04","1.124994065e-05","row","0","-1.000000000e+00","-1.000000"
"cuda_warp_smem(blk512)(g1)","1","double","local","local","16384","16384","20","1","1","1","7","1.150000002e-07","3.812892700e-02","2.934730000e-04","3.842251500e-02","3.740437062e-02","3.711078262e-02","1.018144377e-03","287.063198","289.334190","289.334190","5.860800147e-04","4.203839898e-04","1.168037219e-05","row","0","-1.000000000e+00","-1.000000"
"cuda_warp_smem(blk512)(g1)","1","double","local","local","16384","16384","20","1","1","1","8","1.089999999e-07","3.813701300e-02","3.384520000e-04","3.847557400e-02","3.744822592e-02","3.710966492e-02","1.027348083e-03","286.727020","289.342905","289.342905","5.903999805e-04","4.265280068e-04","1.042009567e-05","row","0","-1.000000000e+00","-1.000000"
"cuda_warp_smem(blk512)(g1)","1","double","local","local","16384","16384","20","1","1","1","9","9.799999967e-08","3.817188300e-02","3.122110000e-04","3.848419200e-02","3.742053196e-02","3.710822296e-02","1.063660039e-03","286.939220","289.354148","289.354148","5.915520191e-04","4.598399997e-04","1.226801978e-05","row","0","-1.000000000e+00","-1.000000"
"cuda_warp_smem(blk512)(g1)","1","double","local","local","16384","16384","20","1","1","1","10","1.660000000e-07","3.817176200e-02","3.055540000e-04","3.847748200e-02","3.741256967e-02","3.710684967e-02","1.064912330e-03","287.000287","289.364857","289.364857","6.047359705e-04","4.483520091e-04","1.182435003e-05","row","0","-1.000000000e+00","-1.000000"
"cuda_warp_smem(blk512)(g1)","1","double","local","local","16384","16384","20","1","1","1","11","1.600000004e-07","3.815755100e-02","2.955500000e-04","3.845326100e-02","3.740159837e-02","3.710588837e-02","1.051662633e-03","287.084475","289.372353","289.372353","6.100800037e-04","4.296959937e-04","1.188663590e-05","row","0","-1.000000000e+00","-1.000000"
"cuda_warp_smem(blk512)(g1)","1","double","local","local","16384","16384","20","1","1","1","12","1.670000001e-07","3.813787900e-02","3.049690000e-04","3.844301500e-02","3.741444615e-02","3.710931015e-02","1.028568850e-03","286.985893","289.345671","289.345671","5.897920132e-04","4.276160002e-04","1.116083651e-05","row","0","-1.000000000e+00","-1.000000"
"cuda_warp_smem(blk512)(g1)","1","double","local","local","16384","16384","20","1","1","1","13","1.660000000e-07","3.866757600e-02","8.709940000e-04","3.953873600e-02","3.797205493e-02","3.710089493e-02","1.566681072e-03","282.771587","289.411300","289.411300","5.915200114e-04","9.610559940e-04","1.410506656e-05","row","0","-1.000000000e+00","-1.000000"
"cuda_warp_smem(blk512)(g1)","1","double","local","local","16384","16384","20","1","1","1","14","1.419999998e-07","3.865821900e-02","2.977330000e-04","3.895609400e-02","3.740251596e-02","3.710464096e-02","1.553578039e-03","287.077432","289.382082","289.382082","1.107167959e-03","4.355199933e-04","1.089008679e-05","row","0","-1.000000000e+00","-1.000000"
"cuda_warp_smem(blk512)(g1)","1","double","local","local","16384","16384","20","1","1","1","15","1.420000002e-07","3.814711400e-02","3.032920000e-04","3.845054800e-02","3.741114579e-02","3.710771179e-02","1.039402208e-03","287.011211","289.358134","289.358134","6.008960009e-04","4.281919897e-04","1.031421749e-05","row","0","-1.000000000e+00","-1.000000"
"cuda_warp_smem(blk512)(g1)","1","double","local","local","16384","16384","20","1","1","1","16","1.310000002e-07","3.814403200e-02","2.982860000e-04","3.844244900e-02","3.740673533e-02","3.710831833e-02","1.035713671e-03","287.045051","289.353404","289.353404","5.940160155e-04","4.306240082e-04","1.107364743e-05","row","0","-1.000000000e+00","-1.000000"
"cuda_warp_smem(blk512)(g1)","1","double","local","local","16384","16384","20","1","1","1","17","1.260000002e-07","3.817393000e-02","3.000830000e-04","3.847413900e-02","3.740884776e-02","3.710863876e-02","1.065291237e-03","287.028842","289.350906","289.350906","5.989760160e-04","4.545600116e-04","1.175520890e-05","row","0","-1.000000000e+00","-1.000000"
"cuda_warp_smem(blk512)(g1)","1","double","local","local","16384","16384","20","1","1","1","18","8.770000002e-07","3.819965300e-02","2.993560000e-04","3.849988600e-02","3.741299927e-02","3.711276627e-02","1.086886734e-03","286.996992","289.318726","289.318726","6.321600080e-04","4.440639913e-04","1.066273487e-05","row","0","-1.000000000e+00","-1.000000"
"cuda_warp_smem(blk512)(g1)","1","double","local","local","16384","16384","20","1","1","1","19","1.089999997e-07","3.814109000e-02","3.142090000e-04","3.845540800e-02","3.742500526e-02","3.711068726e-02","1.030402744e-03","286.904923","289.334934","289.334934","6.022400260e-04","4.180159867e-04","1.014673146e-05","row","0","-1.000000000e+00","-1.000000"
"cuda_warp_smem(blk512)(g1)","1","double","local","local","16384","16384","20","1","1","1","20","1.429999998e-07","3.813654300e-02","2.979770000e-04","3.843466300e-02","3.740669773e-02","3.710857773e-02","1.027965272e-03","287.045339","289.351382","289.351382","6.033279896e-04","4.135999978e-04","1.103728439e-05","row","0","-1.000000000e+00","-1.000000"
"cuda_warp_smem(blk512)(g1)","1","double","local","local","16384","16384","32","1","1","1","1","1.230000000e-07","5.685265600e-02","5.835550000e-04","5.743633400e-02","5.560927843e-02","5.502560043e-02","1.827055567e-03","308.938898","312.215933","312.215933","9.631360173e-04","8.515520096e-04","1.236753975e-05","row","0","-1.000000000e+00","-1.000000"
"cuda_warp_smem(blk512)(g1)","1","double","local","local","16384","16384","32","1","1","1","2","9.799999989e-08","5.685603400e-02","5.665220000e-04","5.742265400e-02","5.559612287e-02","5.502950287e-02","1.826531131e-03","309.012001","312.193792","312.193792","1.003072023e-03","8.116800189e-04","1.177908905e-05","row","0","-1.000000000e+00","-1.000000"
"cuda_warp_smem(blk512)(g1)","1","double","local","local","16384","16384","32","1","1","1","3","7.400000013e-08","5.682491800e-02","5.688270000e-04","5.739381900e-02","5.559453195e-02","5.502563095e-02","1.799287049e-03","309.020844","312.215760","312.215760","9.738879800e-04","8.131520152e-04","1.224705388e-05","row","0","-1.000000000e+00","-1.000000"
"cuda_warp_smem(blk512)(g1)","1","double","local","local","16384","16384","32","1","1","1","4","1.070000002e-07","5.683395400e-02","6.323590000e-04","5.746642000e-02","5.564942614e-02","5.501696014e-02","1.816993856e-03","308.716017","312.264966","312.264966","9.712960124e-04","8.333439827e-04","1.235386086e-05","row","0","-1.000000000e+00","-1.000000"
"cuda_warp_smem(blk512)(g1)","1","double","local","local","16384","16384","32","1","1","1","5","3.089999998e-07","5.685409900e-02","5.589490000e-04","5.741335700e-02","5.558610584e-02","5.502684784e-02","1.827251161e-03","309.067687","312.208855","312.208855","9.816960096e-04","8.341119885e-04","1.144316246e-05","row","0","-1.000000000e+00","-1.000000"
"cuda_warp_smem(blk512)(g1)","1","double","local","local","16384","16384","32","1","1","1","6","1.360000002e-07","5.683745100e-02","5.609270000e-04","5.739851400e-02","5.558471031e-02","5.502364731e-02","1.813803692e-03","309.075447","312.227016","312.227016","9.962239861e-04","8.063679934e-04","1.121171215e-05","row","0","-1.000000000e+00","-1.000000"
"cuda_warp_smem(blk512)(g1)","1","double","local","local","16384","16384","32","1","1","1","7","7.699999971e-08","5.769327700e-02","5.811260000e-04","5.827448000e-02","5.560641815e-02","5.502521515e-02","2.668061851e-03","308.954789","312.218119","312.218119","9.696959853e-04","1.685312033e-03","1.305383306e-05","row","0","-1.000000000e+00","-1.000000"
"cuda_warp_smem(blk512)(g1)","1","double","local","local","16384","16384","32","1","1","1","8","1.379999999e-07","5.771935800e-02","5.537130000e-04","5.827320900e-02","5.557269942e-02","5.501884842e-02","2.700509581e-03","309.142247","312.254249","312.254249","1.855872035e-03","8.332160115e-04","1.142153426e-05","row","0","-1.000000000e+00","-1.000000"
"cuda_warp_smem(blk512)(g1)","1","double","local","local","16384","16384","32","1","1","1","9","1.390000000e-07","5.682390800e-02","5.578070000e-04","5.738185400e-02","5.557791213e-02","5.501996613e-02","1.803941875e-03","309.113252","312.247906","312.247906","9.832000136e-04","8.088319898e-04","1.190987111e-05","row","0","-1.000000000e+00","-1.000000"
"cuda_warp_smem(blk512)(g1)","1","double","local","local","16384","16384","32","1","1","1","10","8.200000012e-08","5.684165600e-02","1.460735000e-03","5.830247300e-02","5.648270573e-02","5.502188873e-02","1.819767267e-03","304.161583","312.236995","312.236995","9.733120203e-04","8.349120021e-04","1.154324470e-05","row","0","-1.000000000e+00","-1.000000"
"cuda_warp_smem(blk512)(g1)","1","double","local","local","16384","16384","32","1","1","1","11","9.360000002e-07","5.687652800e-02","5.466410000e-04","5.742410500e-02","5.557119379e-02","5.502361679e-02","1.852911209e-03","309.150623","312.227189","312.227189","9.892160296e-04","8.531519771e-04","1.054320252e-05","row","0","-1.000000000e+00","-1.000000"
"cuda_warp_smem(blk512)(g1)","1","double","local","local","16384","16384","32","1","1","1","12","2.390000002e-07","5.682317900e-02","5.540240000e-04","5.737744200e-02","5.557720840e-02","5.502294540e-02","1.800233596e-03","309.117167","312.230999","312.230999","9.897279739e-04","7.982720137e-04","1.223360834e-05","row","0","-1.000000000e+00","-1.000000"
"cuda_warp_smem(blk512)(g1)","1","double","local","local","16384","16384","32","1","1","1","13","2.680000000e-07","5.678559500e-02","5.283670000e-04","5.731423000e-02","5.555289266e-02","5.502425766e-02","1.761337340e-03","309.252468","312.223552","312.223552","9.582719803e-04","7.909119725e-04","1.215338728e-05","row","0","-1.000000000e+00","-1.000000"
"cuda_warp_smem(blk512)(g1)","1","double","local","local","16384","16384","32","1","1","1","14","1.390000000e-07","5.677785200e-02","5.438110000e-04","5.732180200e-02","5.556324474e-02","5.501929474e-02","1.758557261e-03","309.194851","312.251716","312.251716","9.622719884e-04","7.846400142e-04","1.164525867e-05","row","0","-1.000000000e+00","-1.000000"
"cuda_warp_smem(blk512)(g1)","1","double","local","local","16384","16384","32","1","1","1","15","7.600000007e-08","5.678644800e-02","5.549170000e-04","5.734144100e-02","5.557624086e-02","5.502124786e-02","1.765200136e-03","309.122548","312.240632","312.240632","9.646720290e-04","7.885119915e-04","1.201611571e-05","row","0","-1.000000000e+00","-1.000000"
"cuda_warp_smem(blk512)(g1)","1","double","local","local","16384","16384","32","1","1","1","16","4.459999996e-07","5.678882400e-02","5.411030000e-04","5.733037300e-02","5.556458977e-02","5.502304077e-02","1.765783229e-03","309.187367","312.230457","312.230457","9.653440118e-04","7.882879972e-04","1.215121949e-05","row","0","-1.000000000e+00","-1.000000"
"cuda_warp_smem(blk512)(g1)","1","double","local","local","16384","16384","32","1","1","1","17","7.899999988e-08","5.678505500e-02","5.497950000e-04","5.733492900e-02","5.556571262e-02","5.501583862e-02","1.769216377e-03","309.181119","312.271332","312.271332","9.655359983e-04","7.915840149e-04","1.209636372e-05","row","0","-1.000000000e+00","-1.000000"
"cuda_warp_smem(blk512)(g1)","1","double","local","local","16384","16384","32","1","1","1","18","7.699999971e-08","5.681677700e-02","1.452445000e-03","5.826929900e-02","5.647719546e-02","5.502467346e-02","1.792103538e-03","304.191259","312.221193","312.221193","9.624320269e-04","8.161600232e-04","1.351148801e-05","row","0","-1.000000000e+00","-1.000000"
"cuda_warp_smem(blk512)(g1)","1","double","local","local","16384","16384","32","1","1","1","19","9.039999997e-07","5.679045200e-02","5.379540000e-04","5.732931000e-02","5.556337124e-02","5.502451324e-02","1.765938755e-03","309.194147","312.222102","312.222102","9.748479724e-04","7.804160118e-04","1.067477117e-05","row","0","-1.000000000e+00","-1.000000"
"cuda_warp_smem(blk512)(g1)","1","double","local","local","16384","16384","32","1","1","1","20","1.660000000e-07","5.677855100e-02","5.272070000e-04","5.730592400e-02","5.554843013e-02","5.502105713e-02","1.757493871e-03","309.277313","312.241714","312.241714","9.611840248e-04","7.839360237e-04","1.237382257e-05","row","0","-1.000000000e+00","-1.000000"
"cuda_warp_smem(blk1024)(g1)","1","double","local","local","16384","16384","3","1","1","1","1","1.789999999e-07","6.074353000e-03","4.475900000e-05","6.119291000e-03","5.905482205e-03","5.860544205e-03","2.138087953e-04","272.731791","274.823068","274.823068","1.187840030e-04","8.476799726e-05","1.025679506e-05","row","0","-1.000000000e+00","-1.000000"
"cuda_warp_smem(blk1024)(g1)","1","double","local","local","16384","16384","3","1","1","1","2","1.880000000e-07","6.084891000e-03","4.403300000e-05","6.129112000e-03","5.912509040e-03","5.868288040e-03","2.166029598e-04","272.407657","274.460409","274.460409","1.191999987e-04","8.713600039e-05","1.026696077e-05","row","0","-1.000000000e+00","-1.000000"
"cuda_warp_smem(blk1024)(g1)","1","double","local","local","16384","16384","3","1","1","1","3","1.690000002e-07","6.095621000e-03","4.694400000e-05","6.142734000e-03","5.923849164e-03","5.876736164e-03","2.188848359e-04","271.886183","274.065857","274.065857","1.193279997e-04","8.937600255e-05","1.018083371e-05","row","0","-1.000000000e+00","-1.000000"
"cuda_warp_smem(blk1024)(g1)","1","double","local","local","16384","16384","3","1","1","1","4","1.949999999e-07","6.081594000e-03","4.439800000e-05","6.126187000e-03","5.915249013e-03","5.870656013e-03","2.109379865e-04","272.281477","274.349703","274.349703","1.191359982e-04","8.243200183e-05","9.369986493e-06","row","0","-1.000000000e+00","-1.000000"
"cuda_warp_smem(blk1024)(g1)","1","double","local","local","16384","16384","3","1","1","1","5","1.580000000e-07","6.080060000e-03","4.544300000e-05","6.125661000e-03","5.911296953e-03","5.865695953e-03","2.143640466e-04","272.463513","274.581695","274.581695","1.179199964e-04","8.659200370e-05","9.852046547e-06","row","0","-1.000000000e+00","-1.000000"
"cuda_warp_smem(blk1024)(g1)","1","double","local","local","16384","16384","3","1","1","1","6","1.940000001e-07","6.649280000e-03","4.490100000e-05","6.694375000e-03","5.911078963e-03","5.865983963e-03","7.832960370e-04","272.473561","274.568213","274.568213","1.176320016e-04","6.550080180e-04","1.065601733e-05","row","0","-1.000000000e+00","-1.000000"
"cuda_warp_smem(blk1024)(g1)","1","double","local","local","16384","16384","3","1","1","1","7","2.680000000e-07","6.093087000e-03","4.444500000e-05","6.137800000e-03","5.911177138e-03","5.866464138e-03","2.266228620e-04","272.469036","274.545740","274.545740","1.250240058e-04","9.116800129e-05","1.043085490e-05","row","0","-1.000000000e+00","-1.000000"
"cuda_warp_smem(blk1024)(g1)","1","double","local","local","16384","16384","3","1","1","1","8","2.020000001e-07","6.092497000e-03","4.401400000e-05","6.136713000e-03","5.919959866e-03","5.875743866e-03","2.167531340e-04","272.064807","274.112142","274.112142","1.200959980e-04","8.668799698e-05","9.969139001e-06","row","0","-1.000000000e+00","-1.000000"
"cuda_warp_smem(blk1024)(g1)","1","double","local","local","16384","16384","3","1","1","1","9","1.789999999e-07","6.081719000e-03","4.509200000e-05","6.126990000e-03","5.911286911e-03","5.866015911e-03","2.157030889e-04","272.463976","274.566718","274.566718","1.203520000e-04","8.550400287e-05","9.847086030e-06","row","0","-1.000000000e+00","-1.000000"
"cuda_warp_smem(blk1024)(g1)","1","double","local","local","16384","16384","3","1","1","1","10","2.470000000e-07","6.081687000e-03","4.436200000e-05","6.126296000e-03","5.910112788e-03","5.865503788e-03","2.161832120e-04","272.518105","274.590691","274.590691","1.182719991e-04","8.870399743e-05","9.207215511e-06","row","0","-1.000000000e+00","-1.000000"
"cuda_warp_smem(blk1024)(g1)","1","double","local","local","16384","16384","3","1","1","1","11","1.720000000e-07","6.082661000e-03","4.461000000e-05","6.127443000e-03","5.909806090e-03","5.865024090e-03","2.176369102e-04","272.532248","274.613149","274.613149","1.182719991e-04","8.953599632e-05","9.828914808e-06","row","0","-1.000000000e+00","-1.000000"
"cuda_warp_smem(blk1024)(g1)","1","double","local","local","16384","16384","3","1","1","1","12","3.000000000e-07","6.085735000e-03","4.473100000e-05","6.130766000e-03","5.918311048e-03","5.873280048e-03","2.124549516e-04","272.140603","274.227131","274.227131","1.184320003e-04","8.399999887e-05","1.002295248e-05","row","0","-1.000000000e+00","-1.000000"
"cuda_warp_smem(blk1024)(g1)","1","double","local","local","16384","16384","3","1","1","1","13","1.690000002e-07","6.086346000e-03","4.426000000e-05","6.130775000e-03","5.919820960e-03","5.875391960e-03","2.109540399e-04","272.071190","274.128560","274.128560","1.190079972e-04","8.236800134e-05","9.578041299e-06","row","0","-1.000000000e+00","-1.000000"
"cuda_warp_smem(blk1024)(g1)","1","double","local","local","16384","16384","3","1","1","1","14","2.110000001e-07","6.080082000e-03","4.581300000e-05","6.126106000e-03","5.914407884e-03","5.868383884e-03","2.116981156e-04","272.320200","274.455926","274.455926","1.179839969e-04","8.457600325e-05","9.138115448e-06","row","0","-1.000000000e+00","-1.000000"
"cuda_warp_smem(blk1024)(g1)","1","double","local","local","16384","16384","3","1","1","1","15","1.910000000e-07","6.082901000e-03","4.555700000e-05","6.128649000e-03","5.914932017e-03","5.869184017e-03","2.137169828e-04","272.296069","274.418511","274.418511","1.190719977e-04","8.489599824e-05","9.748986877e-06","row","0","-1.000000000e+00","-1.000000"
"cuda_warp_smem(blk1024)(g1)","1","double","local","local","16384","16384","3","1","1","1","16","2.400000001e-07","6.078601000e-03","4.411600000e-05","6.122957000e-03","5.912228238e-03","5.867872238e-03","2.107287618e-04","272.420595","274.479858","274.479858","1.182719991e-04","8.307199925e-05","9.384763528e-06","row","0","-1.000000000e+00","-1.000000"
"cuda_warp_smem(blk1024)(g1)","1","double","local","local","16384","16384","3","1","1","1","17","1.859999998e-07","6.081518000e-03","4.441600000e-05","6.126120000e-03","5.911449992e-03","5.866847992e-03","2.146700081e-04","272.456460","274.527777","274.527777","1.184000000e-04","8.675199747e-05","9.518010550e-06","row","0","-1.000000000e+00","-1.000000"
"cuda_warp_smem(blk1024)(g1)","1","double","local","local","16384","16384","3","1","1","1","18","2.490000000e-07","6.075508000e-03","4.352500000e-05","6.119282000e-03","5.905629984e-03","5.861855984e-03","2.136520163e-04","272.724966","274.761567","274.761567","1.185600013e-04","8.495999873e-05","1.013201629e-05","row","0","-1.000000000e+00","-1.000000"
"cuda_warp_smem(blk1024)(g1)","1","double","local","local","16384","16384","3","1","1","1","19","1.789999999e-07","6.078442000e-03","4.373000000e-05","6.122351000e-03","5.910341190e-03","5.866432190e-03","2.120098101e-04","272.507573","274.547235","274.547235","1.182079986e-04","8.371199667e-05","1.008981481e-05","row","0","-1.000000000e+00","-1.000000"
"cuda_warp_smem(blk1024)(g1)","1","double","local","local","16384","16384","3","1","1","1","20","2.010000002e-07","5.729819000e-03","4.471400000e-05","5.774734000e-03","5.563506881e-03","5.518591881e-03","2.112271192e-04","289.495955","291.852119","291.852119","1.186240017e-04","8.291199803e-05","9.691119427e-06","row","0","-1.000000000e+00","-1.000000"
"cuda_warp_smem(blk1024)(g1)","1","double","local","local","16384","16384","6","1","1","1","1","1.539999999e-07","1.121689000e-02","9.363900000e-05","1.131068300e-02","1.087574490e-02","1.078195190e-02","4.349380957e-04","296.184353","298.760883","298.760883","2.313600034e-04","1.943999976e-04","9.178094759e-06","row","0","-1.000000000e+00","-1.000000"
"cuda_warp_smem(blk1024)(g1)","1","double","local","local","16384","16384","6","1","1","1","2","1.629999997e-07","1.121079100e-02","8.976900000e-05","1.130072300e-02","1.087050775e-02","1.078057575e-02","4.302152477e-04","296.327048","298.799020","298.799020","2.307520062e-04","1.896959990e-04","9.767242542e-06","row","0","-1.000000000e+00","-1.000000"
"cuda_warp_smem(blk1024)(g1)","1","double","local","local","16384","16384","6","1","1","1","3","1.820000000e-07","1.121240900e-02","8.851700000e-05","1.130110800e-02","1.086924328e-02","1.078054428e-02","4.318647190e-04","296.361521","298.799892","298.799892","2.307839990e-04","1.908160001e-04","1.026471992e-05","row","0","-1.000000000e+00","-1.000000"
"cuda_warp_smem(blk1024)(g1)","1","double","local","local","16384","16384","6","1","1","1","4","1.800000002e-07","1.120488300e-02","9.099500000e-05","1.129605800e-02","1.086826317e-02","1.077708817e-02","4.277948347e-04","296.388247","298.895715","298.895715","2.312639952e-04","1.860480011e-04","1.048283850e-05","row","0","-1.000000000e+00","-1.000000"
"cuda_warp_smem(blk1024)(g1)","1","double","local","local","16384","16384","6","1","1","1","5","2.209999999e-07","1.121277800e-02","8.921600000e-05","1.130221500e-02","1.086521291e-02","1.077577591e-02","4.370020906e-04","296.471454","298.932114","298.932114","2.363840044e-04","1.897280067e-04","1.089007950e-05","row","0","-1.000000000e+00","-1.000000"
"cuda_warp_smem(blk1024)(g1)","1","double","local","local","16384","16384","6","1","1","1","6","2.160000001e-07","1.121058900e-02","9.014000000e-05","1.130094500e-02","1.086955560e-02","1.077919960e-02","4.313893998e-04","296.353006","298.837167","298.837167","2.329919934e-04","1.894080043e-04","8.989402069e-06","row","0","-1.000000000e+00","-1.000000"
"cuda_warp_smem(blk1024)(g1)","1","double","local","local","16384","16384","6","1","1","1","7","2.029999999e-07","1.120980000e-02","8.861400000e-05","1.129861700e-02","1.086910474e-02","1.078028774e-02","4.295122574e-04","296.365299","298.807003","298.807003","2.317440063e-04","1.880639941e-04","9.704257059e-06","row","0","-1.000000000e+00","-1.000000"
"cuda_warp_smem(blk1024)(g1)","1","double","local","local","16384","16384","6","1","1","1","8","2.269999999e-07","1.120257200e-02","8.999400000e-05","1.129279300e-02","1.086426885e-02","1.077404785e-02","4.285241484e-04","296.497216","298.980060","298.980060","2.319999933e-04","1.860480011e-04","1.047615406e-05","row","0","-1.000000000e+00","-1.000000"
"cuda_warp_smem(blk1024)(g1)","1","double","local","local","16384","16384","6","1","1","1","9","1.900000002e-07","1.119647900e-02","8.857600000e-05","1.128524500e-02","1.086079778e-02","1.077203178e-02","4.244472159e-04","296.591976","299.036016","299.036016","2.307839990e-04","1.846400052e-04","9.023211745e-06","row","0","-1.000000000e+00","-1.000000"
"cuda_warp_smem(blk1024)(g1)","1","double","local","local","16384","16384","6","1","1","1","10","2.100000001e-07","1.118949800e-02","9.088100000e-05","1.128058900e-02","1.085851463e-02","1.076742363e-02","4.220743702e-04","296.654338","299.163995","299.163995","2.327360064e-04","1.794559956e-04","9.882368300e-06","row","0","-1.000000000e+00","-1.000000"
"cuda_warp_smem(blk1024)(g1)","1","double","local","local","16384","16384","6","1","1","1","11","1.910000000e-07","1.119051200e-02","8.908800000e-05","1.127979100e-02","1.085747129e-02","1.076819229e-02","4.223197087e-04","296.682845","299.142640","299.142640","2.311999947e-04","1.811520010e-04","9.967713034e-06","row","0","-1.000000000e+00","-1.000000"
"cuda_warp_smem(blk1024)(g1)","1","double","local","local","16384","16384","6","1","1","1","12","2.079999999e-07","1.120331500e-02","1.005330000e-04","1.130405600e-02","1.087040481e-02","1.076966381e-02","4.336511893e-04","296.329854","299.101767","299.101767","2.361599952e-04","1.867199987e-04","1.077119535e-05","row","0","-1.000000000e+00","-1.000000"
"cuda_warp_smem(blk1024)(g1)","1","double","local","local","16384","16384","6","1","1","1","13","1.810000001e-07","1.119228600e-02","8.941300000e-05","1.128188000e-02","1.085714638e-02","1.076755238e-02","4.247336242e-04","296.691724","299.160418","299.160418","2.316160053e-04","1.798399985e-04","1.327762042e-05","row","0","-1.000000000e+00","-1.000000"
"cuda_warp_smem(blk1024)(g1)","1","double","local","local","16384","16384","6","1","1","1","14","2.040000000e-07","1.119062000e-02","8.874700000e-05","1.127957100e-02","1.085851944e-02","1.076956844e-02","4.210515567e-04","296.654207","299.104415","299.104415","2.307199985e-04","1.816959977e-04","8.635560508e-06","row","0","-1.000000000e+00","-1.000000"
"cuda_warp_smem(blk1024)(g1)","1","double","local","local","16384","16384","6","1","1","1","15","3.300000000e-07","1.119157000e-02","8.935800000e-05","1.128125800e-02","1.085973614e-02","1.077004814e-02","4.215218585e-04","296.620970","299.091093","299.091093","2.327360064e-04","1.782400012e-04","1.054585094e-05","row","0","-1.000000000e+00","-1.000000"
"cuda_warp_smem(blk1024)(g1)","1","double","local","local","16384","16384","6","1","1","1","16","2.120000000e-07","1.118787800e-02","8.908100000e-05","1.127717100e-02","1.085726118e-02","1.076796818e-02","4.199098222e-04","296.688586","299.148866","299.148866","2.317119986e-04","1.784320027e-04","9.765820959e-06","row","0","-1.000000000e+00","-1.000000"
"cuda_warp_smem(blk1024)(g1)","1","double","local","local","16384","16384","6","1","1","1","17","1.920000001e-07","1.119037100e-02","8.909200000e-05","1.127965500e-02","1.085741240e-02","1.076812840e-02","4.222426049e-04","296.684454","299.144415","299.144415","2.303040028e-04","1.819200069e-04","1.001859529e-05","row","0","-1.000000000e+00","-1.000000"
"cuda_warp_smem(blk1024)(g1)","1","double","local","local","16384","16384","6","1","1","1","18","1.949999999e-07","1.119266900e-02","8.882200000e-05","1.128168600e-02","1.085938462e-02","1.077036762e-02","4.223013776e-04","296.630572","299.082221","299.082221","2.324479967e-04","1.801919937e-04","9.661387176e-06","row","0","-1.000000000e+00","-1.000000"
"cuda_warp_smem(blk1024)(g1)","1","double","local","local","16384","16384","6","1","1","1","19","2.150000000e-07","1.119601900e-02","8.947200000e-05","1.128570600e-02","1.085794319e-02","1.076825619e-02","4.277628126e-04","296.669951","299.140865","299.140865","2.370239943e-04","1.811520010e-04","9.586817211e-06","row","0","-1.000000000e+00","-1.000000"
"cuda_warp_smem(blk1024)(g1)","1","double","local","local","16384","16384","6","1","1","1","20","2.050000001e-07","1.118654500e-02","9.008200000e-05","1.127683200e-02","1.085950258e-02","1.076921558e-02","4.173294162e-04","296.627350","299.114216","299.114216","2.294079959e-04","1.784320027e-04","9.489417596e-06","row","0","-1.000000000e+00","-1.000000"
"cuda_warp_smem(blk1024)(g1)","1","double","local","local","16384","16384","8","1","1","1","1","1.039999997e-07","1.448037000e-02","1.200680000e-04","1.460054200e-02","1.404686019e-02","1.392668819e-02","5.536818057e-04","305.759952","308.398324","308.398324","3.066239953e-04","2.363519967e-04","1.070581376e-05","row","0","-1.000000000e+00","-1.000000"
"cuda_warp_smem(blk1024)(g1)","1","double","local","local","16384","16384","8","1","1","1","2","1.450000000e-07","1.448851700e-02","1.199860000e-04","1.460864800e-02","1.405085133e-02","1.393072033e-02","5.577966707e-04","305.673101","308.309060","308.309060","3.130879998e-04","2.349759936e-04","9.732677261e-06","row","0","-1.000000000e+00","-1.000000"
"cuda_warp_smem(blk1024)(g1)","1","double","local","local","16384","16384","8","1","1","1","3","1.350000001e-07","1.447653100e-02","1.220670000e-04","1.459873300e-02","1.405260189e-02","1.393039989e-02","5.461311053e-04","305.635022","308.316152","308.316152","3.047359884e-04","2.315520048e-04","9.843112093e-06","row","0","-1.000000000e+00","-1.000000"
"cuda_warp_smem(blk1024)(g1)","1","double","local","local","16384","16384","8","1","1","1","4","1.440000001e-07","1.449194100e-02","1.195380000e-04","1.461162300e-02","1.404758613e-02","1.392790413e-02","5.640368710e-04","305.744151","308.371400","308.371400","3.103359938e-04","2.430080026e-04","1.069287457e-05","row","0","-1.000000000e+00","-1.000000"
"cuda_warp_smem(blk1024)(g1)","1","double","local","local","16384","16384","8","1","1","1","5","1.030000001e-07","1.446810400e-02","1.182510000e-04","1.458645800e-02","1.403172985e-02","1.391337585e-02","5.547281455e-04","306.089651","308.693400","308.693400","3.054400086e-04","2.383359969e-04","1.095214000e-05","row","0","-1.000000000e+00","-1.000000"
"cuda_warp_smem(blk1024)(g1)","1","double","local","local","16384","16384","8","1","1","1","6","1.290000000e-07","1.444856300e-02","1.186210000e-04","1.456731300e-02","1.401420631e-02","1.389545631e-02","5.531066859e-04","306.472389","309.091490","309.091490","3.082239926e-04","2.349119931e-04","9.970700181e-06","row","0","-1.000000000e+00","-1.000000"
"cuda_warp_smem(blk1024)(g1)","1","double","local","local","16384","16384","8","1","1","1","7","1.299999999e-07","1.445226200e-02","1.198730000e-04","1.457226500e-02","1.401552321e-02","1.389552021e-02","5.567417897e-04","306.443593","309.090069","309.090069","3.093439937e-04","2.380799949e-04","9.317801153e-06","row","0","-1.000000000e+00","-1.000000"
"cuda_warp_smem(blk1024)(g1)","1","double","local","local","16384","16384","8","1","1","1","8","1.230000000e-07","1.444435900e-02","1.197570000e-04","1.456423900e-02","1.401066426e-02","1.389078426e-02","5.535747364e-04","306.549869","309.195450","309.195450","3.086079955e-04","2.353599966e-04","9.606744322e-06","row","0","-1.000000000e+00","-1.000000"
"cuda_warp_smem(blk1024)(g1)","1","double","local","local","16384","16384","8","1","1","1","9","1.319999998e-07","1.444780100e-02","1.196910000e-04","1.456762400e-02","1.401745465e-02","1.389763165e-02","5.501693548e-04","306.401369","309.043109","309.043109","3.095040023e-04","2.304960042e-04","1.016934824e-05","row","0","-1.000000000e+00","-1.000000"
"cuda_warp_smem(blk1024)(g1)","1","double","local","local","16384","16384","8","1","1","1","10","1.210000000e-07","1.444743900e-02","1.201520000e-04","1.456771200e-02","1.401361693e-02","1.389334393e-02","5.540950745e-04","306.485279","309.138485","309.138485","3.092159927e-04","2.316800058e-04","1.319907605e-05","row","0","-1.000000000e+00","-1.000000"
"cuda_warp_smem(blk1024)(g1)","1","double","local","local","16384","16384","8","1","1","1","11","1.260000000e-07","1.443790300e-02","1.180850000e-04","1.455611400e-02","1.400813123e-02","1.388992023e-02","5.479827653e-04","306.605301","309.214684","309.214684","3.074240088e-04","2.294400036e-04","1.111875284e-05","row","0","-1.000000000e+00","-1.000000"
"cuda_warp_smem(blk1024)(g1)","1","double","local","local","16384","16384","8","1","1","1","12","1.169999999e-07","1.443495400e-02","1.183650000e-04","1.455343600e-02","1.400513781e-02","1.388665581e-02","5.482981925e-04","306.670834","309.287373","309.287373","3.074879944e-04","2.298559994e-04","1.095419872e-05","row","0","-1.000000000e+00","-1.000000"
"cuda_warp_smem(blk1024)(g1)","1","double","local","local","16384","16384","8","1","1","1","13","8.000000018e-08","1.443197800e-02","1.249520000e-04","1.455701000e-02","1.401101642e-02","1.388598442e-02","5.459935792e-04","306.542164","309.302327","309.302327","3.032639921e-04","2.320960015e-04","1.063358565e-05","row","0","-1.000000000e+00","-1.000000"
"cuda_warp_smem(blk1024)(g1)","1","double","local","local","16384","16384","8","1","1","1","14","1.270000001e-07","1.444181100e-02","1.198350000e-04","1.456177300e-02","1.399941757e-02","1.387945557e-02","5.623554336e-04","306.796142","309.447822","309.447822","3.112640083e-04","2.414720058e-04","9.619419466e-06","row","0","-1.000000000e+00","-1.000000"
"cuda_warp_smem(blk1024)(g1)","1","double","local","local","16384","16384","8","1","1","1","15","1.080000001e-07","1.442154200e-02","1.202580000e-04","1.454190800e-02","1.400222196e-02","1.388185596e-02","5.396860353e-04","306.734696","309.394313","309.394313","3.006399870e-04","2.281599939e-04","1.088605446e-05","row","0","-1.000000000e+00","-1.000000"
"cuda_warp_smem(blk1024)(g1)","1","double","local","local","16384","16384","8","1","1","1","16","1.130000000e-07","1.443503300e-02","1.190710000e-04","1.455421700e-02","1.400184010e-02","1.388265610e-02","5.523769026e-04","306.743061","309.376481","309.376481","3.101760149e-04","2.307520062e-04","1.144888151e-05","row","0","-1.000000000e+00","-1.000000"
"cuda_warp_smem(blk1024)(g1)","1","double","local","local","16384","16384","8","1","1","1","17","8.000000018e-08","1.442353100e-02","1.187110000e-04","1.454232200e-02","1.399888744e-02","1.388009644e-02","5.434345645e-04","306.807760","309.433534","309.433534","3.034240007e-04","2.306240052e-04","9.386558514e-06","row","0","-1.000000000e+00","-1.000000"
"cuda_warp_smem(blk1024)(g1)","1","double","local","local","16384","16384","8","1","1","1","18","1.530000000e-07","1.442687300e-02","1.188090000e-04","1.454583500e-02","1.400129766e-02","1.388233566e-02","5.445373372e-04","306.754945","309.383622","309.383622","3.098239899e-04","2.239039987e-04","1.080934856e-05","row","0","-1.000000000e+00","-1.000000"
"cuda_warp_smem(blk1024)(g1)","1","double","local","local","16384","16384","8","1","1","1","19","1.009999999e-07","1.442497000e-02","1.217830000e-04","1.454685400e-02","1.400841202e-02","1.388652802e-02","5.384419849e-04","306.599156","309.290219","309.290219","3.042879999e-04","2.241919935e-04","9.961991520e-06","row","0","-1.000000000e+00","-1.000000"
"cuda_warp_smem(blk1024)(g1)","1","double","local","local","16384","16384","8","1","1","1","20","1.430000001e-07","1.442036800e-02","1.201560000e-04","1.454066700e-02","1.400237908e-02","1.388208008e-02","5.382879219e-04","306.731254","309.389319","309.389319","3.068160117e-04","2.207040042e-04","1.076790604e-05","row","0","-1.000000000e+00","-1.000000"
"cuda_warp_smem(blk64)(g8)","8","double","local","local","16384","16384","3","1","1","1","1","1.270000001e-07","5.922093000e-03","4.450100000e-05","5.966721000e-03","5.749972200e-03","5.705344200e-03","2.167487999e-04","280.107917","282.298960","282.298960","1.186240017e-04","8.928000182e-05","8.844796305e-06","row","0","-1.000000000e+00","-1.000000"
"cuda_warp_smem(blk64)(g8)","8","double","local","local","16384","16384","3","1","1","1","2","1.349999998e-07","5.926731000e-03","4.370100000e-05","5.970567000e-03","5.756540182e-03","5.712704182e-03","2.140268183e-04","279.788325","281.935260","281.935260","1.177920029e-04","8.758399636e-05","8.650819117e-06","row","0","-1.000000000e+00","-1.000000"
"cuda_warp_smem(blk64)(g8)","8","double","local","local","16384","16384","3","1","1","1","3","1.000000001e-07","5.932967000e-03","4.402900000e-05","5.977096000e-03","5.761281119e-03","5.717152119e-03","2.158148813e-04","279.558088","281.715914","281.715914","1.180799976e-04","8.857599646e-05","9.158887260e-06","row","0","-1.000000000e+00","-1.000000"
"cuda_warp_smem(blk64)(g8)","8","double","local","local","16384","16384","3","1","1","1","4","1.379999999e-07","5.929086000e-03","4.827700000e-05","5.977501000e-03","5.751934821e-03","5.703519821e-03","2.255661788e-04","280.012341","282.389259","282.389259","1.186880022e-04","9.628800303e-05","1.059017358e-05","row","0","-1.000000000e+00","-1.000000"
"cuda_warp_smem(blk64)(g8)","8","double","local","local","16384","16384","3","1","1","1","5","2.180000001e-07","5.933183000e-03","4.777500000e-05","5.981176000e-03","5.757209118e-03","5.709216118e-03","2.239668821e-04","279.755816","282.107509","282.107509","1.206720024e-04","9.292799979e-05","1.036687991e-05","row","0","-1.000000000e+00","-1.000000"
"cuda_warp_smem(blk64)(g8)","8","double","local","local","16384","16384","3","1","1","1","6","1.360000002e-07","5.955657000e-03","5.091600000e-05","6.006709000e-03","5.790955927e-03","5.739903927e-03","2.157530732e-04","278.125539","280.599250","280.599250","1.188800037e-04","8.764799684e-05","9.225072617e-06","row","0","-1.000000000e+00","-1.000000"
"cuda_warp_smem(blk64)(g8)","8","double","local","local","16384","16384","3","1","1","1","7","1.310000002e-07","5.919720000e-03","4.423000000e-05","5.964081000e-03","5.745544796e-03","5.701183796e-03","2.185362041e-04","280.323763","282.504966","282.504966","1.193279997e-04","8.873599768e-05","1.047220674e-05","row","0","-1.000000000e+00","-1.000000"
"cuda_warp_smem(blk64)(g8)","8","double","local","local","16384","16384","3","1","1","1","8","1.170000001e-07","5.931194000e-03","4.463100000e-05","5.975942000e-03","5.757420234e-03","5.712672234e-03","2.185217664e-04","279.745558","281.936836","281.936836","1.207360029e-04","8.851200342e-05","9.273760075e-06","row","0","-1.000000000e+00","-1.000000"
"cuda_warp_smem(blk64)(g8)","8","double","local","local","16384","16384","3","1","1","1","9","1.319999998e-07","5.947295000e-03","4.411200000e-05","5.991539000e-03","5.753460118e-03","5.709216118e-03","2.380788821e-04","279.938107","282.107509","282.107509","1.384000033e-04","9.068799764e-05","8.990881188e-06","row","0","-1.000000000e+00","-1.000000"
"cuda_warp_smem(blk64)(g8)","8","double","local","local","16384","16384","3","1","1","1","10","1.260000000e-07","5.925552000e-03","4.548100000e-05","5.971159000e-03","5.751591116e-03","5.705984116e-03","2.195678844e-04","280.029074","282.267301","282.267301","1.205760017e-04","9.065599740e-05","8.335885300e-06","row","0","-1.000000000e+00","-1.000000"
"cuda_warp_smem(blk64)(g8)","8","double","local","local","16384","16384","3","1","1","1","11","1.480000003e-07","5.924503000e-03","4.455700000e-05","5.969208000e-03","5.750369158e-03","5.705664158e-03","2.188388421e-04","280.088581","282.283130","282.283130","1.208320037e-04","8.598399907e-05","1.202283941e-05","row","0","-1.000000000e+00","-1.000000"
"cuda_warp_smem(blk64)(g8)","8","double","local","local","16384","16384","3","1","1","1","12","1.330000001e-07","5.930880000e-03","4.444900000e-05","5.975462000e-03","5.755558124e-03","5.710976124e-03","2.199038762e-04","279.836065","282.020569","282.020569","1.185600013e-04","9.260799736e-05","8.735877578e-06","row","0","-1.000000000e+00","-1.000000"
"cuda_warp_smem(blk64)(g8)","8","double","local","local","16384","16384","3","1","1","1","13","1.340000000e-07","5.921734000e-03","4.397100000e-05","5.965839000e-03","5.747689194e-03","5.703584194e-03","2.181498058e-04","280.219177","282.386072","282.386072","1.184320003e-04","8.969599754e-05","1.002180800e-05","row","0","-1.000000000e+00","-1.000000"
"cuda_warp_smem(blk64)(g8)","8","double","local","local","16384","16384","3","1","1","1","14","1.570000001e-07","5.919925000e-03","4.374100000e-05","5.963823000e-03","5.751545800e-03","5.707647800e-03","2.122771996e-04","280.031281","282.185025","282.185025","1.183359995e-04","8.454400301e-05","9.397196996e-06","row","0","-1.000000000e+00","-1.000000"
"cuda_warp_smem(blk64)(g8)","8","double","local","local","16384","16384","3","1","1","1","15","1.340000000e-07","5.917821000e-03","4.455000000e-05","5.962505000e-03","5.748459883e-03","5.703775883e-03","2.140451173e-04","280.181608","282.376582","282.376582","1.177920029e-04","8.681599796e-05","9.437116464e-06","row","0","-1.000000000e+00","-1.000000"
"cuda_warp_smem(blk64)(g8)","8","double","local","local","16384","16384","3","1","1","1","16","1.370000000e-07","5.927674000e-03","4.487300000e-05","5.972684000e-03","5.755154043e-03","5.710144043e-03","2.175299570e-04","279.855713","282.061665","282.061665","1.186880022e-04","8.899199963e-05","9.849955176e-06","row","0","-1.000000000e+00","-1.000000"
"cuda_warp_smem(blk64)(g8)","8","double","local","local","16384","16384","3","1","1","1","17","1.119999999e-07","5.941056000e-03","4.422000000e-05","5.985388000e-03","5.772652122e-03","5.728320122e-03","2.127358782e-04","279.007413","281.166677","281.166677","1.176640019e-04","8.495999873e-05","1.011187763e-05","row","0","-1.000000000e+00","-1.000000"
"cuda_warp_smem(blk64)(g8)","8","double","local","local","16384","16384","3","1","1","1","18","1.359999999e-07","5.900462000e-03","4.334800000e-05","5.943946000e-03","5.733979968e-03","5.690495968e-03","2.099660321e-04","280.889146","283.035564","283.035564","1.175360009e-04","8.307199925e-05","9.358031976e-06","row","0","-1.000000000e+00","-1.000000"
"cuda_warp_smem(blk64)(g8)","8","double","local","local","16384","16384","3","1","1","1","19","1.400000000e-07","5.880349000e-03","4.449300000e-05","5.924982000e-03","5.712184994e-03","5.667551994e-03","2.127970057e-04","281.960885","284.181378","284.181378","1.187200025e-04","8.569599688e-05","8.381006323e-06","row","0","-1.000000000e+00","-1.000000"
"cuda_warp_smem(blk64)(g8)","8","double","local","local","16384","16384","3","1","1","1","20","1.249999999e-07","5.892856000e-03","4.475600000e-05","5.937737000e-03","5.719697132e-03","5.674816132e-03","2.180398684e-04","281.590563","283.817607","283.817607","1.195200011e-04","8.857599646e-05","9.943870836e-06","row","0","-1.000000000e+00","-1.000000"
"cuda_warp_smem(blk64)(g8)","8","double","local","local","16384","16384","6","1","1","1","1","1.240000000e-07","1.311452000e-02","8.890900000e-05","1.320355300e-02","1.278100096e-02","1.269196796e-02","4.225520358e-04","252.032332","253.800315","253.800315","2.314559966e-04","1.808959991e-04","1.020004012e-05","row","0","-1.000000000e+00","-1.000000"
"cuda_warp_smem(blk64)(g8)","8","double","local","local","16384","16384","6","1","1","1","2","1.370000000e-07","1.310681000e-02","9.221400000e-05","1.319916100e-02","1.278435139e-02","1.269200039e-02","4.148096109e-04","251.966281","253.799667","253.799667","2.324800044e-04","1.720640063e-04","1.026560014e-05","row","0","-1.000000000e+00","-1.000000"
"cuda_warp_smem(blk64)(g8)","8","double","local","local","16384","16384","6","1","1","1","3","1.379999999e-07","1.311377600e-02","8.781600000e-05","1.320173000e-02","1.277998586e-02","1.269203186e-02","4.217441396e-04","252.052350","253.799038","253.799038","2.318720073e-04","1.798080057e-04","1.006412671e-05","row","0","-1.000000000e+00","-1.000000"
"cuda_warp_smem(blk64)(g8)","8","double","local","local","16384","16384","6","1","1","1","4","1.900000002e-07","1.311472900e-02","8.883100000e-05","1.320375000e-02","1.279526070e-02","1.270623970e-02","4.084892997e-04","251.751453","253.515245","253.515245","2.314240038e-04","1.669120044e-04","1.015329149e-05","row","0","-1.000000000e+00","-1.000000"
"cuda_warp_smem(blk64)(g8)","8","double","local","local","16384","16384","6","1","1","1","5","1.479999998e-07","1.305369000e-02","9.036100000e-05","1.314419900e-02","1.272698933e-02","1.263648033e-02","4.172096686e-04","253.101923","254.914770","254.914770","2.313279957e-04","1.757439971e-04","1.013767582e-05","row","0","-1.000000000e+00","-1.000000"
"cuda_warp_smem(blk64)(g8)","8","double","local","local","16384","16384","6","1","1","1","6","1.360000002e-07","1.305138900e-02","8.785700000e-05","1.313938200e-02","1.272559295e-02","1.263759995e-02","4.137890549e-04","253.129696","254.892186","254.892186","2.317119986e-04","1.722240001e-04","9.853056253e-06","row","0","-1.000000000e+00","-1.000000"
"cuda_warp_smem(blk64)(g8)","8","double","local","local","16384","16384","6","1","1","1","7","1.680000001e-07","1.305394100e-02","9.083900000e-05","1.314494800e-02","1.273756672e-02","1.264655972e-02","4.073812847e-04","252.891745","254.711601","254.711601","2.290239930e-04","1.685120016e-04","9.845290080e-06","row","0","-1.000000000e+00","-1.000000"
"cuda_warp_smem(blk64)(g8)","8","double","local","local","16384","16384","6","1","1","1","8","1.540000001e-07","1.304861100e-02","8.778900000e-05","1.313655400e-02","1.272957508e-02","1.264163208e-02","4.069789199e-04","253.050510","254.810886","254.810886","2.343679965e-04","1.635839939e-04","9.026929556e-06","row","0","-1.000000000e+00","-1.000000"
"cuda_warp_smem(blk64)(g8)","8","double","local","local","16384","16384","6","1","1","1","9","1.539999999e-07","1.304678100e-02","8.850700000e-05","1.313544200e-02","1.272488479e-02","1.263622379e-02","4.105572070e-04","253.143783","254.919945","254.919945","2.317119986e-04","1.687359959e-04","1.010921250e-05","row","0","-1.000000000e+00","-1.000000"
"cuda_warp_smem(blk64)(g8)","8","double","local","local","16384","16384","6","1","1","1","10","1.570000001e-07","1.303605500e-02","9.056100000e-05","1.312677300e-02","1.272617409e-02","1.263545609e-02","4.005989148e-04","253.118137","254.935433","254.935433","2.276799977e-04","1.639360040e-04","8.982913070e-06","row","0","-1.000000000e+00","-1.000000"
"cuda_warp_smem(blk64)(g8)","8","double","local","local","16384","16384","6","1","1","1","11","1.740000000e-07","1.322406100e-02","8.846700000e-05","1.331270200e-02","1.290665705e-02","1.281801605e-02","4.060449478e-04","249.578606","251.304528","251.304528","2.292159945e-04","1.669439971e-04","9.884956132e-06","row","0","-1.000000000e+00","-1.000000"
"cuda_warp_smem(blk64)(g8)","8","double","local","local","16384","16384","6","1","1","1","12","1.900000000e-07","1.322981400e-02","9.057400000e-05","1.332057800e-02","1.291095634e-02","1.282019234e-02","4.096216630e-04","249.495497","251.261868","251.261868","2.303359956e-04","1.699520051e-04","9.333662261e-06","row","0","-1.000000000e+00","-1.000000"
"cuda_warp_smem(blk64)(g8)","8","double","local","local","16384","16384","6","1","1","1","13","1.640000000e-07","1.325612800e-02","9.174400000e-05","1.334803600e-02","1.291325238e-02","1.282134438e-02","4.347836244e-04","249.451136","251.239291","251.239291","2.500160038e-04","1.747200042e-04","1.004761634e-05","row","0","-1.000000000e+00","-1.000000"
"cuda_warp_smem(blk64)(g8)","8","double","local","local","16384","16384","6","1","1","1","14","1.400000000e-07","1.323061600e-02","9.087500000e-05","1.332163100e-02","1.291351141e-02","1.282249641e-02","4.081195858e-04","249.446132","251.216718","251.216718","2.329600006e-04","1.655679941e-04","9.591591063e-06","row","0","-1.000000000e+00","-1.000000"
"cuda_warp_smem(blk64)(g8)","8","double","local","local","16384","16384","6","1","1","1","15","1.280000002e-07","1.322625200e-02","8.888800000e-05","1.331526800e-02","1.290699963e-02","1.281798363e-02","4.082683727e-04","249.571981","251.305164","251.305164","2.318399996e-04","1.662400067e-04","1.018836644e-05","row","0","-1.000000000e+00","-1.000000"
"cuda_warp_smem(blk64)(g8)","8","double","local","local","16384","16384","6","1","1","1","16","1.420000000e-07","1.323306200e-02","8.981400000e-05","1.332301800e-02","1.290835638e-02","1.281840038e-02","4.146616170e-04","249.545750","251.296993","251.296993","2.360640019e-04","1.684159935e-04","1.018162163e-05","row","0","-1.000000000e+00","-1.000000"
"cuda_warp_smem(blk64)(g8)","8","double","local","local","16384","16384","6","1","1","1","17","1.430000001e-07","1.313523500e-02","8.962900000e-05","1.322500700e-02","1.281745221e-02","1.272768021e-02","4.075547937e-04","251.315583","253.088184","253.088184","2.305600047e-04","1.674879938e-04","9.506795154e-06","row","0","-1.000000000e+00","-1.000000"
"cuda_warp_smem(blk64)(g8)","8","double","local","local","16384","16384","6","1","1","1","18","1.359999999e-07","1.312969600e-02","9.089200000e-05","1.322072400e-02","1.281093195e-02","1.271990395e-02","4.097920541e-04","251.443493","253.242909","253.242909","2.339520007e-04","1.656319946e-04","1.020805873e-05","row","0","-1.000000000e+00","-1.000000"
"cuda_warp_smem(blk64)(g8)","8","double","local","local","16384","16384","6","1","1","1","19","1.519999999e-07","1.312753000e-02","8.905000000e-05","1.321673200e-02","1.280331428e-02","1.271411228e-02","4.134177182e-04","251.593095","253.358268","253.358268","2.362560034e-04","1.664959937e-04","1.066572109e-05","row","0","-1.000000000e+00","-1.000000"
"cuda_warp_smem(blk64)(g8)","8","double","local","local","16384","16384","6","1","1","1","20","1.640000000e-07","1.313221200e-02","9.283100000e-05","1.322520700e-02","1.281747468e-02","1.272447968e-02","4.077323247e-04","251.315142","253.151842","253.151842","2.359039932e-04","1.622720063e-04","9.556325185e-06","row","0","-1.000000000e+00","-1.000000"
"cuda_warp_smem(blk64)(g8)","8","double","local","local","16384","16384","8","1","1","1","1","9.500000009e-08","2.349094600e-02","1.177330000e-04","2.360877400e-02","2.305565225e-02","2.293782425e-02","5.531217507e-04","186.286957","187.243884","187.243884","3.083519936e-04","2.352319956e-04","9.537761589e-06","row","0","-1.000000000e+00","-1.000000"
"cuda_warp_smem(blk64)(g8)","8","double","local","local","16384","16384","8","1","1","1","2","1.359999999e-07","2.349797600e-02","1.194060000e-04","2.361751800e-02","2.306264579e-02","2.294310379e-02","5.548722097e-04","186.230467","187.200796","187.200796","3.073279858e-04","2.382719964e-04","9.272227574e-06","row","0","-1.000000000e+00","-1.000000"
"cuda_warp_smem(blk64)(g8)","8","double","local","local","16384","16384","8","1","1","1","3","1.180000000e-07","2.347916600e-02","1.178710000e-04","2.359715500e-02","2.305562061e-02","2.293763161e-02","5.415343929e-04","186.287213","187.245456","187.245456","3.048959970e-04","2.264959961e-04","1.014239978e-05","row","0","-1.000000000e+00","-1.000000"
"cuda_warp_smem(blk64)(g8)","8","double","local","local","16384","16384","8","1","1","1","4","1.299999999e-07","2.349876200e-02","1.175130000e-04","2.361640500e-02","2.305633128e-02","2.293868828e-02","5.600737218e-04","186.281471","187.236831","187.236831","3.111360073e-04","2.383359969e-04","1.060171763e-05","row","0","-1.000000000e+00","-1.000000"
"cuda_warp_smem(blk64)(g8)","8","double","local","local","16384","16384","8","1","1","1","5","1.030000001e-07","2.347184800e-02","1.183740000e-04","2.359032500e-02","2.304833235e-02","2.292985535e-02","5.419926533e-04","186.346120","187.308957","187.308957","3.064639866e-04","2.248640060e-04","1.066466064e-05","row","0","-1.000000000e+00","-1.000000"
"cuda_warp_smem(blk64)(g8)","8","double","local","local","16384","16384","8","1","1","1","6","1.160000000e-07","2.347976500e-02","1.207600000e-04","2.360064100e-02","2.305431525e-02","2.293343925e-02","5.463257452e-04","186.297760","187.279686","187.279686","3.114239872e-04","2.247039974e-04","1.019776072e-05","row","0","-1.000000000e+00","-1.000000"
"cuda_warp_smem(blk64)(g8)","8","double","local","local","16384","16384","8","1","1","1","7","1.240000000e-07","2.353029400e-02","1.244170000e-04","2.365483500e-02","2.307302161e-02","2.294848061e-02","5.818133939e-04","186.146720","187.156935","187.156935","3.062080145e-04","2.601599991e-04","1.544538030e-05","row","0","-1.000000000e+00","-1.000000"
"cuda_warp_smem(blk64)(g8)","8","double","local","local","16384","16384","8","1","1","1","8","1.160000000e-07","2.348021700e-02","1.193520000e-04","2.359968500e-02","2.305540397e-02","2.293593597e-02","5.442810259e-04","186.288963","187.259299","187.259299","3.083199859e-04","2.252160013e-04","1.074503874e-05","row","0","-1.000000000e+00","-1.000000"
"cuda_warp_smem(blk64)(g8)","8","double","local","local","16384","16384","8","1","1","1","9","1.089999999e-07","2.348408900e-02","1.188600000e-04","2.360305800e-02","2.305861667e-02","2.293964767e-02","5.444413254e-04","186.263008","187.229000","187.229000","3.096640110e-04","2.246399969e-04","1.013731755e-05","row","0","-1.000000000e+00","-1.000000"
"cuda_warp_smem(blk64)(g8)","8","double","local","local","16384","16384","8","1","1","1","10","2.170000000e-07","2.348331200e-02","1.172830000e-04","2.360081200e-02","2.306108444e-02","2.294358444e-02","5.397275579e-04","186.243076","187.196874","187.196874","3.051519990e-04","2.252160013e-04","9.359557592e-06","row","0","-1.000000000e+00","-1.000000"
"cuda_warp_smem(blk64)(g8)","8","double","local","local","16384","16384","8","1","1","1","11","1.050000000e-07","2.349463500e-02","1.185030000e-04","2.361324300e-02","2.304971266e-02","2.293110466e-02","5.635303400e-04","186.334960","187.298752","187.298752","3.263039887e-04","2.268159986e-04","1.041035272e-05","row","0","-1.000000000e+00","-1.000000"
"cuda_warp_smem(blk64)(g8)","8","double","local","local","16384","16384","8","1","1","1","12","1.050000000e-07","2.348596700e-02","1.182260000e-04","2.360429800e-02","2.306050782e-02","2.294217682e-02","5.437901812e-04","186.247733","187.208360","187.208360","3.069120049e-04","2.268159986e-04","1.006217765e-05","row","0","-1.000000000e+00","-1.000000"
"cuda_warp_smem(blk64)(g8)","8","double","local","local","16384","16384","8","1","1","1","13","1.000000001e-07","2.347080100e-02","1.176580000e-04","2.358855900e-02","2.305266973e-02","2.293491173e-02","5.358892721e-04","186.311058","187.267662","187.267662","3.044799864e-04","2.224320024e-04","8.977283240e-06","row","0","-1.000000000e+00","-1.000000"
"cuda_warp_smem(blk64)(g8)","8","double","local","local","16384","16384","8","1","1","1","14","1.199999999e-07","2.348230700e-02","1.184460000e-04","2.360087300e-02","2.306237360e-02","2.294380760e-02","5.384993981e-04","186.232665","187.195054","187.195054","3.114880025e-04","2.175360024e-04","9.475393135e-06","row","0","-1.000000000e+00","-1.000000"
"cuda_warp_smem(blk64)(g8)","8","double","local","local","16384","16384","8","1","1","1","15","1.240000000e-07","2.348927600e-02","1.315680000e-04","2.362096800e-02","2.308234889e-02","2.295065689e-02","5.386191091e-04","186.071501","187.139188","187.139188","3.047679961e-04","2.242880017e-04","9.563111401e-06","row","0","-1.000000000e+00","-1.000000"
"cuda_warp_smem(blk64)(g8)","8","double","local","local","16384","16384","8","1","1","1","16","1.359999999e-07","2.350195000e-02","1.179910000e-04","2.362007700e-02","2.306446375e-02","2.294633675e-02","5.556132538e-04","186.215788","187.174421","187.174421","3.073279858e-04","2.389760017e-04","9.309266281e-06","row","0","-1.000000000e+00","-1.000000"
"cuda_warp_smem(blk64)(g8)","8","double","local","local","16384","16384","8","1","1","1","17","9.400000001e-08","2.350162200e-02","1.187990000e-04","2.362051500e-02","2.307994876e-02","2.296105576e-02","5.405662444e-04","186.090851","187.054434","187.054434","3.041279912e-04","2.268799990e-04","9.558254144e-06","row","0","-1.000000000e+00","-1.000000"
"cuda_warp_smem(blk64)(g8)","8","double","local","local","16384","16384","8","1","1","1","18","1.230000000e-07","2.349726700e-02","1.189160000e-04","2.361630600e-02","2.307046265e-02","2.295142365e-02","5.458433550e-04","186.167367","187.132936","187.132936","3.067840040e-04","2.283200026e-04","1.073934845e-05","row","0","-1.000000000e+00","-1.000000"
"cuda_warp_smem(blk64)(g8)","8","double","local","local","16384","16384","8","1","1","1","19","1.039999997e-07","2.348433900e-02","1.178930000e-04","2.360233600e-02","2.305735666e-02","2.293935966e-02","5.449793351e-04","186.273186","187.231351","187.231351","3.087359965e-04","2.265599966e-04","9.683341994e-06","row","0","-1.000000000e+00","-1.000000"
"cuda_warp_smem(blk64)(g8)","8","double","local","local","16384","16384","8","1","1","1","20","1.429999998e-07","2.347865600e-02","1.224090000e-04","2.360120800e-02","2.306821545e-02","2.294566345e-02","5.329925479e-04","186.185503","187.179913","187.179913","3.058559895e-04","2.170239985e-04","1.011255990e-05","row","0","-1.000000000e+00","-1.000000"
"cuda_warp_smem(blk64)(g8)","8","double","local","local","16384","16384","20","1","1","1","1","1.930000000e-07","3.342616900e-02","3.263560000e-04","3.375271800e-02","3.270258278e-02","3.237603378e-02","1.050135217e-03","328.335481","331.647116","331.647116","5.882560015e-04","4.516159892e-04","1.026322636e-05","row","0","-1.000000000e+00","-1.000000"
"cuda_warp_smem(blk64)(g8)","8","double","local","local","16384","16384","20","1","1","1","2","1.279999999e-07","3.369653400e-02","3.238170000e-04","3.402047900e-02","3.298099990e-02","3.265705490e-02","1.039479099e-03","325.563757","328.793220","328.793220","5.896000266e-04","4.394240081e-04","1.045506414e-05","row","0","-1.000000000e+00","-1.000000"
"cuda_warp_smem(blk64)(g8)","8","double","local","local","16384","16384","20","1","1","1","3","1.620000001e-07","3.362123800e-02","3.349360000e-04","3.395633600e-02","3.291266605e-02","3.257756805e-02","1.043669946e-03","326.239698","329.595451","329.595451","5.918400288e-04","4.399040043e-04","1.192591270e-05","row","0","-1.000000000e+00","-1.000000"
"cuda_warp_smem(blk64)(g8)","8","double","local","local","16384","16384","20","1","1","1","4","1.020000000e-07","3.354631600e-02","3.064720000e-04","3.385289000e-02","3.278199972e-02","3.247542572e-02","1.070890280e-03","327.540063","330.632101","330.632101","5.946239829e-04","4.645119905e-04","1.175430633e-05","row","0","-1.000000000e+00","-1.000000"
"cuda_warp_smem(blk64)(g8)","8","double","local","local","16384","16384","20","1","1","1","5","1.060000001e-07","3.370707800e-02","3.094520000e-04","3.401663600e-02","3.296555623e-02","3.265599823e-02","1.051079770e-03","325.716277","328.803859","328.803859","6.113600135e-04","4.283840060e-04","1.133575051e-05","row","0","-1.000000000e+00","-1.000000"
"cuda_warp_smem(blk64)(g8)","8","double","local","local","16384","16384","20","1","1","1","6","1.050000000e-07","3.362522300e-02","3.032390000e-04","3.392856700e-02","3.288315128e-02","3.257980728e-02","1.045415719e-03","326.532520","329.572798","329.572798","6.159039736e-04","4.173760116e-04","1.213573332e-05","row","0","-1.000000000e+00","-1.000000"
"cuda_warp_smem(blk64)(g8)","8","double","local","local","16384","16384","20","1","1","1","7","8.100000004e-08","3.358012400e-02","3.026620000e-04","3.388286700e-02","3.283516030e-02","3.253241730e-02","1.047706703e-03","327.009771","330.052887","330.052887","6.159999967e-04","4.215680063e-04","1.013869970e-05","row","0","-1.000000000e+00","-1.000000"
"cuda_warp_smem(blk64)(g8)","8","double","local","local","16384","16384","20","1","1","1","8","1.170000001e-07","3.355370900e-02","3.001870000e-04","3.385401300e-02","3.281687886e-02","3.251657486e-02","1.037134140e-03","327.191939","330.213692","330.213692","5.943999887e-04","4.318720102e-04","1.086214150e-05","row","0","-1.000000000e+00","-1.000000"
"cuda_warp_smem(blk64)(g8)","8","double","local","local","16384","16384","20","1","1","1","9","1.240000000e-07","3.361050300e-02","3.013580000e-04","3.391198500e-02","3.287319449e-02","3.257171249e-02","1.038790506e-03","326.631421","329.654704","329.654704","5.957120061e-04","4.318400025e-04","1.123849747e-05","row","0","-1.000000000e+00","-1.000000"
"cuda_warp_smem(blk64)(g8)","8","double","local","local","16384","16384","20","1","1","1","10","8.199999990e-08","3.346198400e-02","3.053050000e-04","3.376737100e-02","3.274122761e-02","3.243584061e-02","1.026143393e-03","327.947943","331.035609","331.035609","5.919679999e-04","4.237760007e-04","1.039939264e-05","row","0","-1.000000000e+00","-1.000000"
"cuda_warp_smem(blk64)(g8)","8","double","local","local","16384","16384","20","1","1","1","11","1.940000001e-07","3.366756700e-02","3.006030000e-04","3.396836400e-02","3.295481159e-02","3.265401459e-02","1.013552413e-03","325.822474","328.823833","328.823833","5.917440057e-04","4.108799994e-04","1.092840752e-05","row","0","-1.000000000e+00","-1.000000"
"cuda_warp_smem(blk64)(g8)","8","double","local","local","16384","16384","20","1","1","1","12","1.040000002e-07","3.357177200e-02","3.185230000e-04","3.389039900e-02","3.287907469e-02","3.256044769e-02","1.011324307e-03","326.573005","329.768753","329.768753","5.876160264e-04","4.127039909e-04","1.100428979e-05","row","0","-1.000000000e+00","-1.000000"
"cuda_warp_smem(blk64)(g8)","8","double","local","local","16384","16384","20","1","1","1","13","1.059999999e-07","3.350055400e-02","3.112540000e-04","3.381191400e-02","3.276899016e-02","3.245763016e-02","1.042923843e-03","327.670099","330.813377","330.813377","5.893120170e-04","4.418239892e-04","1.178783641e-05","row","0","-1.000000000e+00","-1.000000"
"cuda_warp_smem(blk64)(g8)","8","double","local","local","16384","16384","20","1","1","1","14","1.340000000e-07","3.368616800e-02","3.088060000e-04","3.399510800e-02","3.297002704e-02","3.266108704e-02","1.025080964e-03","325.672109","328.752629","328.752629","5.999360085e-04","4.143039882e-04","1.084096720e-05","row","0","-1.000000000e+00","-1.000000"
"cuda_warp_smem(blk64)(g8)","8","double","local","local","16384","16384","20","1","1","1","15","7.999999996e-08","3.358842400e-02","3.019130000e-04","3.389041700e-02","3.287712728e-02","3.257513428e-02","1.013289723e-03","326.592349","329.620076","329.620076","5.935999751e-04","4.086399972e-04","1.104975030e-05","row","0","-1.000000000e+00","-1.000000"
"cuda_warp_smem(blk64)(g8)","8","double","local","local","16384","16384","20","1","1","1","16","8.100000004e-08","3.344846200e-02","3.031180000e-04","3.375166100e-02","3.273372573e-02","3.243052673e-02","1.017935267e-03","328.023102","331.089850","331.089850","5.985280275e-04","4.094400108e-04","9.967228281e-06","row","0","-1.000000000e+00","-1.000000"
"cuda_warp_smem(blk64)(g8)","8","double","local","local","16384","16384","20","1","1","1","17","1.200000002e-07","3.372098300e-02","3.007060000e-04","3.402180900e-02","3.299372380e-02","3.269289780e-02","1.028085203e-03","325.438205","328.432747","328.432747","5.991680026e-04","4.179199934e-04","1.099720736e-05","row","0","-1.000000000e+00","-1.000000"
"cuda_warp_smem(blk64)(g8)","8","double","local","local","16384","16384","20","1","1","1","18","7.900000032e-08","3.369632100e-02","3.141360000e-04","3.401053600e-02","3.297181540e-02","3.265760040e-02","1.038720597e-03","325.654445","328.787728","328.787728","5.990399718e-04","4.263679981e-04","1.331262722e-05","row","0","-1.000000000e+00","-1.000000"
"cuda_warp_smem(blk64)(g8)","8","double","local","local","16384","16384","20","1","1","1","19","8.300000021e-08","3.412458600e-02","3.072870000e-04","3.443195600e-02","3.284900361e-02","3.254163361e-02","1.582952394e-03","326.871961","329.959410","329.959410","1.150815964e-03","4.210880101e-04","1.104842023e-05","row","0","-1.000000000e+00","-1.000000"
"cuda_warp_smem(blk64)(g8)","8","double","local","local","16384","16384","20","1","1","1","20","1.220000003e-07","3.353419800e-02","3.072860000e-04","3.384160600e-02","3.281124940e-02","3.250384140e-02","1.030356600e-03","327.248076","330.343054","330.343054","5.963839889e-04","4.231039882e-04","1.086862283e-05","row","0","-1.000000000e+00","-1.000000"
"cuda_warp_smem(blk64)(g8)","8","double","local","local","16384","16384","32","1","1","1","1","2.760000000e-07","5.347785300e-02","5.824890000e-04","5.406061800e-02","5.223505153e-02","5.165228653e-02","1.825566470e-03","328.895419","332.606170","332.606170","9.663360119e-04","8.470399976e-04","1.219046099e-05","row","0","-1.000000000e+00","-1.000000"
"cuda_warp_smem(blk64)(g8)","8","double","local","local","16384","16384","32","1","1","1","2","2.059999999e-07","5.339490800e-02","5.858440000e-04","5.398095800e-02","5.216307255e-02","5.157702255e-02","1.817885448e-03","329.349257","333.091527","333.091527","9.694719911e-04","8.352640271e-04","1.314942933e-05","row","0","-1.000000000e+00","-1.000000"
"cuda_warp_smem(blk64)(g8)","8","double","local","local","16384","16384","32","1","1","1","3","2.530000001e-07","5.349646600e-02","5.918850000e-04","5.408860400e-02","5.225613946e-02","5.166400146e-02","1.832464535e-03","328.762694","332.530751","332.530751","9.731519818e-04","8.464000225e-04","1.291253082e-05","row","0","-1.000000000e+00","-1.000000"
"cuda_warp_smem(blk64)(g8)","8","double","local","local","16384","16384","32","1","1","1","4","1.379999999e-07","5.347602600e-02","5.661840000e-04","5.404234800e-02","5.226014677e-02","5.169382477e-02","1.782201232e-03","328.737484","332.338906","332.338906","9.637439847e-04","8.055359721e-04","1.292127512e-05","row","0","-1.000000000e+00","-1.000000"
"cuda_warp_smem(blk64)(g8)","8","double","local","local","16384","16384","32","1","1","1","5","1.230000000e-07","5.352466000e-02","6.119360000e-04","5.413671900e-02","5.231135404e-02","5.169929504e-02","1.825364956e-03","328.415685","332.303742","332.303742","9.607040286e-04","8.517119884e-04","1.294893900e-05","row","0","-1.000000000e+00","-1.000000"
"cuda_warp_smem(blk64)(g8)","8","double","local","local","16384","16384","32","1","1","1","6","2.390000002e-07","5.338445800e-02","5.808720000e-04","5.396556900e-02","5.213291840e-02","5.155180740e-02","1.832650596e-03","329.539755","333.254449","333.254449","9.652799964e-04","8.538879752e-04","1.348262482e-05","row","0","-1.000000000e+00","-1.000000"
"cuda_warp_smem(blk64)(g8)","8","double","local","local","16384","16384","32","1","1","1","7","1.279999999e-07","5.348722900e-02","5.613750000e-04","5.404873200e-02","5.225017411e-02","5.168867111e-02","1.798557888e-03","328.800228","332.372042","332.372042","9.662719965e-04","8.202559948e-04","1.202989664e-05","row","0","-1.000000000e+00","-1.000000"
"cuda_warp_smem(blk64)(g8)","8","double","local","local","16384","16384","32","1","1","1","8","2.480000001e-07","5.345992400e-02","5.593240000e-04","5.401949600e-02","5.223489930e-02","5.167532730e-02","1.784596699e-03","328.896378","332.457869","332.457869","9.638400078e-04","8.081920147e-04","1.256467650e-05","row","0","-1.000000000e+00","-1.000000"
"cuda_warp_smem(blk64)(g8)","8","double","local","local","16384","16384","32","1","1","1","9","2.669999999e-07","5.418389000e-02","5.813090000e-04","5.476546600e-02","5.211623252e-02","5.153465652e-02","2.649233475e-03","329.645263","333.365357","333.365357","9.816640019e-04","1.653695941e-03","1.387353243e-05","row","0","-1.000000000e+00","-1.000000"
"cuda_warp_smem(blk64)(g8)","8","double","local","local","16384","16384","32","1","1","1","10","6.010000000e-07","5.432373700e-02","5.585120000e-04","5.488285000e-02","5.218627975e-02","5.162716675e-02","2.696570252e-03","329.202796","332.768003","332.768003","1.844511986e-03","8.409919739e-04","1.106629230e-05","row","0","-1.000000000e+00","-1.000000"
"cuda_warp_smem(blk64)(g8)","8","double","local","local","16384","16384","32","1","1","1","11","1.099999998e-07","5.347940700e-02","5.583390000e-04","5.403785600e-02","5.224075338e-02","5.168230438e-02","1.797102618e-03","328.859522","332.412987","332.412987","9.703360200e-04","8.151360154e-04","1.163058227e-05","row","0","-1.000000000e+00","-1.000000"
"cuda_warp_smem(blk64)(g8)","8","double","local","local","16384","16384","32","1","1","1","12","1.700000003e-07","5.339084400e-02","1.531308000e-03","5.492232200e-02","5.308600528e-02","5.155452728e-02","1.836316717e-03","323.623318","333.236868","333.236868","9.648960233e-04","8.580160141e-04","1.340467991e-05","row","0","-1.000000000e+00","-1.000000"
"cuda_warp_smem(blk64)(g8)","8","double","local","local","16384","16384","32","1","1","1","13","8.860000000e-07","5.343667000e-02","5.534560000e-04","5.399101200e-02","5.218285534e-02","5.162851334e-02","1.808156664e-03","329.224399","332.759324","332.759324","9.951679707e-04","7.996799946e-04","1.330869858e-05","row","0","-1.000000000e+00","-1.000000"
"cuda_warp_smem(blk64)(g8)","8","double","local","local","16384","16384","32","1","1","1","14","1.930000000e-07","5.344967100e-02","5.661990000e-04","5.401606300e-02","5.222271066e-02","5.165631866e-02","1.793352335e-03","328.973141","332.580208","332.580208","9.717760086e-04","8.085759878e-04","1.300033903e-05","row","0","-1.000000000e+00","-1.000000"
"cuda_warp_smem(blk64)(g8)","8","double","local","local","16384","16384","32","1","1","1","15","2.380000002e-07","5.339606100e-02","5.576310000e-04","5.395393000e-02","5.214839558e-02","5.159052658e-02","1.805534419e-03","329.441951","333.004339","333.004339","9.724159837e-04","8.208960295e-04","1.222240604e-05","row","0","-1.000000000e+00","-1.000000"
"cuda_warp_smem(blk64)(g8)","8","double","local","local","16384","16384","32","1","1","1","16","4.209999998e-07","5.341507900e-02","5.559530000e-04","5.397145300e-02","5.216923945e-02","5.161286545e-02","1.802213552e-03","329.310325","332.860209","332.860209","9.738879800e-04","8.165439963e-04","1.178157568e-05","row","0","-1.000000000e+00","-1.000000"
"cuda_warp_smem(blk64)(g8)","8","double","local","local","16384","16384","32","1","1","1","17","1.940000001e-07","5.348334400e-02","1.465620000e-03","5.494915800e-02","5.312850321e-02","5.166268921e-02","1.820654791e-03","323.364449","332.539197","332.539197","9.731839895e-04","8.340799809e-04","1.339082064e-05","row","0","-1.000000000e+00","-1.000000"
"cuda_warp_smem(blk64)(g8)","8","double","local","local","16384","16384","32","1","1","1","18","8.419999999e-07","5.341996400e-02","5.610590000e-04","5.398186500e-02","5.213991537e-02","5.157801437e-02","1.841949626e-03","329.495533","333.085121","333.085121","1.011103988e-03","8.187839985e-04","1.206164004e-05","row","0","-1.000000000e+00","-1.000000"
"cuda_warp_smem(blk64)(g8)","8","double","local","local","16384","16384","32","1","1","1","19","1.429999998e-07","5.338225500e-02","5.562820000e-04","5.393868000e-02","5.216356077e-02","5.160713577e-02","1.775119227e-03","329.346174","332.897165","332.897165","9.644160271e-04","7.992640138e-04","1.143918646e-05","row","0","-1.000000000e+00","-1.000000"
"cuda_warp_smem(blk64)(g8)","8","double","local","local","16384","16384","32","1","1","1","20","1.109999999e-07","5.342230500e-02","5.662930000e-04","5.398870900e-02","5.220762028e-02","5.164121628e-02","1.781088722e-03","329.068230","332.677470","332.677470","9.650239944e-04","8.031679988e-04","1.289672869e-05","row","0","-1.000000000e+00","-1.000000"
"cuda_warp_smem(blk128)(g8)","8","double","local","local","16384","16384","3","1","1","1","1","2.049999999e-07","5.872408000e-03","4.478400000e-05","5.917397000e-03","5.694908987e-03","5.649919987e-03","2.224880133e-04","282.816238","285.068238","285.068238","1.197760031e-04","9.302400053e-05","9.688009687e-06","row","0","-1.000000000e+00","-1.000000"
"cuda_warp_smem(blk128)(g8)","8","double","local","local","16384","16384","3","1","1","1","2","1.820000000e-07","5.864337000e-03","4.353700000e-05","5.908056000e-03","5.692486948e-03","5.648767948e-03","2.155690518e-04","282.936571","285.126376","285.126376","1.187200025e-04","8.742400259e-05","9.425046789e-06","row","0","-1.000000000e+00","-1.000000"
"cuda_warp_smem(blk128)(g8)","8","double","local","local","16384","16384","3","1","1","1","3","1.779999999e-07","5.862537000e-03","4.492000000e-05","5.907635000e-03","5.691690140e-03","5.646592140e-03","2.159448598e-04","282.976180","285.236244","285.236244","1.190399975e-04","8.758399636e-05","9.320865988e-06","row","0","-1.000000000e+00","-1.000000"
"cuda_warp_smem(blk128)(g8)","8","double","local","local","16384","16384","3","1","1","1","4","1.749999998e-07","5.877715000e-03","4.395100000e-05","5.921841000e-03","5.711646046e-03","5.667520046e-03","2.101949538e-04","281.987491","284.182980","284.182980","1.184320003e-04","8.268799633e-05","9.074957159e-06","row","0","-1.000000000e+00","-1.000000"
"cuda_warp_smem(blk128)(g8)","8","double","local","local","16384","16384","3","1","1","1","5","1.539999999e-07","5.871281000e-03","4.326200000e-05","5.914697000e-03","5.699192024e-03","5.655776024e-03","2.155049761e-04","282.603697","284.773076","284.773076","1.175680012e-04","8.857599646e-05","9.360978526e-06","row","0","-1.000000000e+00","-1.000000"
"cuda_warp_smem(blk128)(g8)","8","double","local","local","16384","16384","3","1","1","1","6","1.650000001e-07","5.869625000e-03","4.403400000e-05","5.913824000e-03","5.703558932e-03","5.659359932e-03","2.102650681e-04","282.387323","284.592738","284.592738","1.175040007e-04","8.243200183e-05","1.032906556e-05","row","0","-1.000000000e+00","-1.000000"
"cuda_warp_smem(blk128)(g8)","8","double","local","local","16384","16384","3","1","1","1","7","1.430000001e-07","5.862093000e-03","4.404400000e-05","5.906280000e-03","5.690811088e-03","5.646624088e-03","2.154689117e-04","283.019891","285.234631","285.234631","1.177920029e-04","8.863999695e-05","9.036911910e-06","row","0","-1.000000000e+00","-1.000000"
"cuda_warp_smem(blk128)(g8)","8","double","local","local","16384","16384","3","1","1","1","8","1.430000001e-07","5.867492000e-03","4.504000000e-05","5.912675000e-03","5.699870881e-03","5.654687881e-03","2.128041185e-04","282.570039","284.827876","284.827876","1.179519966e-04","8.585599810e-05","8.996123807e-06","row","0","-1.000000000e+00","-1.000000"
"cuda_warp_smem(blk128)(g8)","8","double","local","local","16384","16384","3","1","1","1","9","1.440000001e-07","5.873466000e-03","4.664800000e-05","5.920258000e-03","5.693384140e-03","5.646592140e-03","2.268738598e-04","282.891984","285.236244","285.236244","1.184000000e-04","9.814400226e-05","1.032985751e-05","row","0","-1.000000000e+00","-1.000000"
"cuda_warp_smem(blk128)(g8)","8","double","local","local","16384","16384","3","1","1","1","10","1.640000000e-07","5.866740000e-03","4.517500000e-05","5.912079000e-03","5.691707027e-03","5.646368027e-03","2.203719733e-04","282.975341","285.247566","285.247566","1.204480007e-04","9.033600241e-05","9.587970128e-06","row","0","-1.000000000e+00","-1.000000"
"cuda_warp_smem(blk128)(g8)","8","double","local","local","16384","16384","3","1","1","1","11","1.840000001e-07","5.869307000e-03","4.414200000e-05","5.913633000e-03","5.692390137e-03","5.648064137e-03","2.212428635e-04","282.941383","285.161906","285.161906","1.232319996e-04","8.793599904e-05","1.007486488e-05","row","0","-1.000000000e+00","-1.000000"
"cuda_warp_smem(blk128)(g8)","8","double","local","local","16384","16384","3","1","1","1","12","1.680000001e-07","5.871433000e-03","4.416600000e-05","5.915767000e-03","5.698093956e-03","5.653759956e-03","2.176730436e-04","282.658157","284.874623","284.874623","1.181439981e-04","8.940800279e-05","1.012104276e-05","row","0","-1.000000000e+00","-1.000000"
"cuda_warp_smem(blk128)(g8)","8","double","local","local","16384","16384","3","1","1","1","13","1.810000001e-07","5.888405000e-03","4.378900000e-05","5.932375000e-03","5.719585788e-03","5.675615788e-03","2.127892125e-04","281.596045","283.777619","283.777619","1.187200025e-04","8.489599824e-05","9.173211782e-06","row","0","-1.000000000e+00","-1.000000"
"cuda_warp_smem(blk128)(g8)","8","double","local","local","16384","16384","3","1","1","1","14","1.570000001e-07","5.873514000e-03","4.361000000e-05","5.917281000e-03","5.699958826e-03","5.656191826e-03","2.173221741e-04","282.565679","284.752142","284.752142","1.189439967e-04","8.816000074e-05","1.021817666e-05","row","0","-1.000000000e+00","-1.000000"
"cuda_warp_smem(blk128)(g8)","8","double","local","local","16384","16384","3","1","1","1","15","1.420000000e-07","5.874848000e-03","4.489600000e-05","5.919886000e-03","5.700589910e-03","5.655551910e-03","2.192960896e-04","282.534398","284.784361","284.784361","1.181439981e-04","9.228800237e-05","8.864089141e-06","row","0","-1.000000000e+00","-1.000000"
"cuda_warp_smem(blk128)(g8)","8","double","local","local","16384","16384","3","1","1","1","16","1.600000001e-07","5.865173000e-03","4.372600000e-05","5.909059000e-03","5.697997862e-03","5.654111862e-03","2.110611378e-04","282.662924","284.856893","284.856893","1.187520027e-04","8.211199939e-05","1.019713571e-05","row","0","-1.000000000e+00","-1.000000"
"cuda_warp_smem(blk128)(g8)","8","double","local","local","16384","16384","3","1","1","1","17","1.639999998e-07","5.877162000e-03","4.431600000e-05","5.921642000e-03","5.703583870e-03","5.659103870e-03","2.180581296e-04","282.386088","284.605615","284.605615","1.188800037e-04","8.921600133e-05","9.962124586e-06","row","0","-1.000000000e+00","-1.000000"
"cuda_warp_smem(blk128)(g8)","8","double","local","local","16384","16384","3","1","1","1","18","1.569999999e-07","5.881095000e-03","4.443200000e-05","5.925684000e-03","5.712172942e-03","5.667583942e-03","2.135110576e-04","281.961480","284.179776","284.179776","1.196160018e-04","8.390399814e-05","9.991057606e-06","row","0","-1.000000000e+00","-1.000000"
"cuda_warp_smem(blk128)(g8)","8","double","local","local","16384","16384","3","1","1","1","19","1.600000001e-07","5.868050000e-03","4.390800000e-05","5.912118000e-03","5.698115966e-03","5.654047966e-03","2.140020340e-04","282.657065","284.860112","284.860112","1.188800037e-04","8.607999980e-05","9.042030501e-06","row","0","-1.000000000e+00","-1.000000"
"cuda_warp_smem(blk128)(g8)","8","double","local","local","16384","16384","3","1","1","1","20","1.379999999e-07","5.866543000e-03","4.503200000e-05","5.911713000e-03","5.701361826e-03","5.656191826e-03","2.103511741e-04","282.496145","284.752142","284.752142","1.174400002e-04","8.313599974e-05","9.775174218e-06","row","0","-1.000000000e+00","-1.000000"
"cuda_warp_smem(blk128)(g8)","8","double","local","local","16384","16384","6","1","1","1","1","1.860000001e-07","1.088723600e-02","8.914300000e-05","1.097656500e-02","1.055732941e-02","1.046800041e-02","4.192355880e-04","305.117454","307.721183","307.721183","2.283840030e-04","1.818879992e-04","8.963585792e-06","row","0","-1.000000000e+00","-1.000000"
"cuda_warp_smem(blk128)(g8)","8","double","local","local","16384","16384","6","1","1","1","2","1.889999999e-07","1.088679200e-02","8.833000000e-05","1.097531100e-02","1.055136671e-02","1.046284771e-02","4.239442903e-04","305.289880","307.872728","307.872728","2.290239930e-04","1.857279986e-04","9.192298715e-06","row","0","-1.000000000e+00","-1.000000"
"cuda_warp_smem(blk128)(g8)","8","double","local","local","16384","16384","6","1","1","1","3","5.969999999e-07","1.089219000e-02","8.801500000e-05","1.098080200e-02","1.055802004e-02","1.046940804e-02","4.227819647e-04","305.097496","307.679810","307.679810","2.277120054e-04","1.861760020e-04","8.893957319e-06","row","0","-1.000000000e+00","-1.000000"
"cuda_warp_smem(blk128)(g8)","8","double","local","local","16384","16384","6","1","1","1","4","1.950000001e-07","1.088758900e-02","8.898700000e-05","1.097677100e-02","1.055500613e-02","1.046582413e-02","4.217648728e-04","305.184614","307.785171","307.785171","2.281280011e-04","1.830399930e-04","1.059687866e-05","row","0","-1.000000000e+00","-1.000000"
"cuda_warp_smem(blk128)(g8)","8","double","local","local","16384","16384","6","1","1","1","5","1.969999999e-07","1.088838700e-02","8.840600000e-05","1.097699000e-02","1.055436323e-02","1.046576023e-02","4.226267690e-04","305.203204","307.787050","307.787050","2.305279970e-04","1.826560050e-04","9.442766940e-06","row","0","-1.000000000e+00","-1.000000"
"cuda_warp_smem(blk128)(g8)","8","double","local","local","16384","16384","6","1","1","1","6","1.990000000e-07","1.088281700e-02","8.886900000e-05","1.097188500e-02","1.055009228e-02","1.046102428e-02","4.217927156e-04","305.326758","307.926393","307.926393","2.287680060e-04","1.829759926e-04","1.004871711e-05","row","0","-1.000000000e+00","-1.000000"
"cuda_warp_smem(blk128)(g8)","8","double","local","local","16384","16384","6","1","1","1","7","3.980000001e-07","1.089082200e-02","8.944100000e-05","1.098066100e-02","1.055652716e-02","1.046668816e-02","4.241338439e-04","305.140642","307.759764","307.759764","2.316479981e-04","1.824640036e-04","1.002184221e-05","row","0","-1.000000000e+00","-1.000000"
"cuda_warp_smem(blk128)(g8)","8","double","local","local","16384","16384","6","1","1","1","8","1.689999998e-07","1.087810700e-02","8.946600000e-05","1.096774200e-02","1.055305873e-02","1.046342373e-02","4.146832711e-04","305.240931","307.855780","307.855780","2.289920002e-04","1.769919991e-04","8.699271686e-06","row","0","-1.000000000e+00","-1.000000"
"cuda_warp_smem(blk128)(g8)","8","double","local","local","16384","16384","6","1","1","1","9","1.900000000e-07","1.087959200e-02","9.006000000e-05","1.096984200e-02","1.055252169e-02","1.046227169e-02","4.173203096e-04","305.256465","307.889679","307.889679","2.282879949e-04","1.794880033e-04","9.544311516e-06","row","0","-1.000000000e+00","-1.000000"
"cuda_warp_smem(blk128)(g8)","8","double","local","local","16384","16384","6","1","1","1","10","1.680000001e-07","1.087686300e-02","8.892400000e-05","1.096595500e-02","1.055405210e-02","1.046496010e-02","4.119029017e-04","305.212201","307.810583","307.810583","2.283840030e-04","1.737599969e-04","9.758901799e-06","row","0","-1.000000000e+00","-1.000000"
"cuda_warp_smem(blk128)(g8)","8","double","local","local","16384","16384","6","1","1","1","11","1.690000000e-07","1.087877700e-02","8.865300000e-05","1.096759900e-02","1.055253374e-02","1.046371174e-02","4.150652614e-04","305.256117","307.847306","307.847306","2.286079973e-04","1.774719954e-04","8.985268762e-06","row","0","-1.000000000e+00","-1.000000"
"cuda_warp_smem(blk128)(g8)","8","double","local","local","16384","16384","6","1","1","1","12","1.770000000e-07","1.088438600e-02","8.948200000e-05","1.097404500e-02","1.055804279e-02","1.046838379e-02","4.160022109e-04","305.096838","307.709914","307.709914","2.289279997e-04","1.776320040e-04","9.442207180e-06","row","0","-1.000000000e+00","-1.000000"
"cuda_warp_smem(blk128)(g8)","8","double","local","local","16384","16384","6","1","1","1","13","1.700000001e-07","1.087996100e-02","8.871300000e-05","1.096884400e-02","1.055685099e-02","1.046796799e-02","4.119930129e-04","305.131282","307.722136","307.722136","2.286400050e-04","1.745599955e-04","8.793012415e-06","row","0","-1.000000000e+00","-1.000000"
"cuda_warp_smem(blk128)(g8)","8","double","local","local","16384","16384","6","1","1","1","14","2.029999999e-07","1.087610500e-02","8.914200000e-05","1.096545000e-02","1.055321696e-02","1.046387196e-02","4.122330441e-04","305.236355","307.842593","307.842593","2.286719978e-04","1.733440012e-04","1.021704517e-05","row","0","-1.000000000e+00","-1.000000"
"cuda_warp_smem(blk128)(g8)","8","double","local","local","16384","16384","6","1","1","1","15","1.910000000e-07","1.087918400e-02","8.974400000e-05","1.096911900e-02","1.055553501e-02","1.046560001e-02","4.135839863e-04","305.169323","307.791762","307.791762","2.295359969e-04","1.749439985e-04","9.103990897e-06","row","0","-1.000000000e+00","-1.000000"
"cuda_warp_smem(blk128)(g8)","8","double","local","local","16384","16384","6","1","1","1","16","2.259999998e-07","1.087699300e-02","8.994200000e-05","1.096716100e-02","1.055317593e-02","1.046300793e-02","4.139850731e-04","305.237541","307.868014","307.868014","2.297919989e-04","1.756480038e-04","8.545070379e-06","row","0","-1.000000000e+00","-1.000000"
"cuda_warp_smem(blk128)(g8)","8","double","local","local","16384","16384","6","1","1","1","17","2.070000000e-07","1.087912200e-02","9.214000000e-05","1.097146900e-02","1.055881104e-02","1.046646404e-02","4.126579573e-04","305.074639","307.766353","307.766353","2.296320051e-04","1.735360026e-04","9.489949605e-06","row","0","-1.000000000e+00","-1.000000"
"cuda_warp_smem(blk128)(g8)","8","double","local","local","16384","16384","6","1","1","1","18","1.680000001e-07","1.088667400e-02","9.034500000e-05","1.097718700e-02","1.055080105e-02","1.046028805e-02","4.263859522e-04","305.306247","307.948066","307.948066","2.300799936e-04","1.864639968e-04","9.841961836e-06","row","0","-1.000000000e+00","-1.000000"
"cuda_warp_smem(blk128)(g8)","8","double","local","local","16384","16384","6","1","1","1","19","1.910000000e-07","1.088868300e-02","9.016000000e-05","1.097903400e-02","1.055703916e-02","1.046668816e-02","4.219948439e-04","305.125843","307.759764","307.759764","2.302719951e-04","1.827519983e-04","8.970850499e-06","row","0","-1.000000000e+00","-1.000000"
"cuda_warp_smem(blk128)(g8)","8","double","local","local","16384","16384","6","1","1","1","20","1.919999999e-07","1.088717300e-02","9.076100000e-05","1.097812600e-02","1.055642522e-02","1.046547222e-02","4.217007786e-04","305.143588","307.795521","307.795521","2.286719978e-04","1.836159974e-04","9.412783406e-06","row","0","-1.000000000e+00","-1.000000"
"cuda_warp_smem(blk128)(g8)","8","double","local","local","16384","16384","8","1","1","1","1","3.010000000e-07","2.502781600e-02","1.212580000e-04","2.514937500e-02","2.458719048e-02","2.446563148e-02","5.621845150e-04","174.683126","175.551050","175.551050","3.060480058e-04","2.452799976e-04","1.085651161e-05","row","0","-1.000000000e+00","-1.000000"
"cuda_warp_smem(blk128)(g8)","8","double","local","local","16384","16384","8","1","1","1","2","1.939999998e-07","2.501419800e-02","1.208120000e-04","2.513520400e-02","2.458119773e-02","2.446019173e-02","5.540062733e-04","174.725713","175.590091","175.590091","3.051199913e-04","2.380159944e-04","1.087028758e-05","row","0","-1.000000000e+00","-1.000000"
"cuda_warp_smem(blk128)(g8)","8","double","local","local","16384","16384","8","1","1","1","3","2.029999999e-07","2.500007600e-02","1.199700000e-04","2.512024900e-02","2.457617237e-02","2.445599937e-02","5.440766256e-04","174.761441","175.620192","175.620192","3.023039997e-04","2.313919961e-04","1.038062980e-05","row","0","-1.000000000e+00","-1.000000"
"cuda_warp_smem(blk128)(g8)","8","double","local","local","16384","16384","8","1","1","1","4","1.940000001e-07","2.501208100e-02","1.214440000e-04","2.513371900e-02","2.457898206e-02","2.445734406e-02","5.547369448e-04","174.741464","175.610536","175.610536","3.093119860e-04","2.348800004e-04","1.054495850e-05","row","0","-1.000000000e+00","-1.000000"
"cuda_warp_smem(blk128)(g8)","8","double","local","local","16384","16384","8","1","1","1","5","1.980000000e-07","2.503393100e-02","1.244460000e-04","2.515857500e-02","2.459056349e-02","2.446591949e-02","5.680115054e-04","174.659165","175.548983","175.548983","3.216640055e-04","2.326399982e-04","1.370750166e-05","row","0","-1.000000000e+00","-1.000000"
"cuda_warp_smem(blk128)(g8)","8","double","local","local","16384","16384","8","1","1","1","6","1.750000000e-07","2.503169100e-02","1.206020000e-04","2.515246800e-02","2.459194552e-02","2.447116852e-02","5.605224819e-04","174.649350","175.511328","175.511328","3.072960079e-04","2.438080013e-04","9.418472782e-06","row","0","-1.000000000e+00","-1.000000"
"cuda_warp_smem(blk128)(g8)","8","double","local","local","16384","16384","8","1","1","1","7","1.960000002e-07","2.500761800e-02","1.199480000e-04","2.512776200e-02","2.458766376e-02","2.446751976e-02","5.400982399e-04","174.679764","175.537502","175.537502","3.032000065e-04","2.277760059e-04","9.122227519e-06","row","0","-1.000000000e+00","-1.000000"
"cuda_warp_smem(blk128)(g8)","8","double","local","local","16384","16384","8","1","1","1","8","1.629999999e-07","2.501401300e-02","1.187890000e-04","2.513296500e-02","2.458762380e-02","2.446867180e-02","5.453412013e-04","174.680048","175.529237","175.529237","3.048639894e-04","2.295999974e-04","1.087721454e-05","row","0","-1.000000000e+00","-1.000000"
"cuda_warp_smem(blk128)(g8)","8","double","local","local","16384","16384","8","1","1","1","9","1.990000000e-07","2.500595000e-02","1.185750000e-04","2.512472400e-02","2.458258206e-02","2.446380806e-02","5.421419403e-04","174.715873","175.564135","175.564135","3.050239980e-04","2.262720019e-04","1.084594042e-05","row","0","-1.000000000e+00","-1.000000"
"cuda_warp_smem(blk128)(g8)","8","double","local","local","16384","16384","8","1","1","1","10","2.079999999e-07","2.500667900e-02","1.191890000e-04","2.512607600e-02","2.458714183e-02","2.446774483e-02","5.389341727e-04","174.683472","175.535887","175.535887","3.049600124e-04","2.238080055e-04","1.016615484e-05","row","0","-1.000000000e+00","-1.000000"
"cuda_warp_smem(blk128)(g8)","8","double","local","local","16384","16384","8","1","1","1","11","1.990000000e-07","2.500674800e-02","1.193940000e-04","2.512634100e-02","2.458650432e-02","2.446691132e-02","5.398366841e-04","174.688001","175.541867","175.541867","3.082880080e-04","2.212480009e-04","1.030067525e-05","row","0","-1.000000000e+00","-1.000000"
"cuda_warp_smem(blk128)(g8)","8","double","local","local","16384","16384","8","1","1","1","12","2.120000000e-07","2.500809100e-02","1.210770000e-04","2.512938000e-02","2.458455347e-02","2.446326447e-02","5.448265347e-04","174.701863","175.568036","175.568036","3.071680069e-04","2.276159972e-04","1.004253058e-05","row","0","-1.000000000e+00","-1.000000"
"cuda_warp_smem(blk128)(g8)","8","double","local","local","16384","16384","8","1","1","1","13","1.749999998e-07","2.501604700e-02","1.199970000e-04","2.513621900e-02","2.458865116e-02","2.446847916e-02","5.475678435e-04","174.672749","175.530619","175.530619","3.060159981e-04","2.305919975e-04","1.095984788e-05","row","0","-1.000000000e+00","-1.000000"
"cuda_warp_smem(blk128)(g8)","8","double","local","local","16384","16384","8","1","1","1","14","2.000000001e-07","2.500976000e-02","1.204460000e-04","2.513040600e-02","2.458535051e-02","2.446470451e-02","5.450554865e-04","174.696199","175.557702","175.557702","3.059520125e-04","2.283840030e-04","1.071947087e-05","row","0","-1.000000000e+00","-1.000000"
"cuda_warp_smem(blk128)(g8)","8","double","local","local","16384","16384","8","1","1","1","15","1.940000001e-07","2.500955500e-02","1.185340000e-04","2.512828300e-02","2.458467992e-02","2.446595192e-02","5.436030804e-04","174.700965","175.548751","175.548751","3.064000010e-04","2.272959948e-04","9.907084637e-06","row","0","-1.000000000e+00","-1.000000"
"cuda_warp_smem(blk128)(g8)","8","double","local","local","16384","16384","8","1","1","1","16","1.720000000e-07","2.501105300e-02","1.201590000e-04","2.513138400e-02","2.458807583e-02","2.446774483e-02","5.433081727e-04","174.676836","175.535887","175.535887","3.079360127e-04","2.246720046e-04","1.070015540e-05","row","0","-1.000000000e+00","-1.000000"
"cuda_warp_smem(blk128)(g8)","8","double","local","local","16384","16384","8","1","1","1","17","2.029999999e-07","2.500956800e-02","1.243090000e-04","2.513408000e-02","2.458963232e-02","2.446512032e-02","5.444476844e-04","174.665779","175.554718","175.554718","3.072960079e-04","2.272959948e-04","9.855681818e-06","row","0","-1.000000000e+00","-1.000000"
"cuda_warp_smem(blk128)(g8)","8","double","local","local","16384","16384","8","1","1","1","18","1.910000003e-07","2.501439000e-02","1.196270000e-04","2.513420800e-02","2.458164242e-02","2.446182442e-02","5.525655829e-04","174.722552","175.578372","175.578372","3.096640110e-04","2.323839962e-04","1.051757564e-05","row","0","-1.000000000e+00","-1.000000"
"cuda_warp_smem(blk128)(g8)","8","double","local","local","16384","16384","8","1","1","1","19","2.299999999e-07","2.501387200e-02","1.262260000e-04","2.514032800e-02","2.459128831e-02","2.446483231e-02","5.490396941e-04","174.654017","175.556785","175.556785","3.129599988e-04","2.244160026e-04","1.166369261e-05","row","0","-1.000000000e+00","-1.000000"
"cuda_warp_smem(blk128)(g8)","8","double","local","local","16384","16384","8","1","1","1","20","2.060000002e-07","2.502046000e-02","1.186860000e-04","2.513935200e-02","2.458135538e-02","2.446246338e-02","5.579966211e-04","174.724592","175.573785","175.573785","3.202239871e-04","2.263039947e-04","1.146863934e-05","row","0","-1.000000000e+00","-1.000000"
"cuda_warp_smem(blk128)(g8)","8","double","local","local","16384","16384","20","1","1","1","1","1.789999999e-07","3.225733300e-02","3.025210000e-04","3.256003300e-02","3.147274776e-02","3.117004776e-02","1.087285240e-03","341.165580","344.478723","344.478723","5.994880199e-04","4.777919948e-04","1.000522524e-05","row","0","-1.000000000e+00","-1.000000"
"cuda_warp_smem(blk128)(g8)","8","double","local","local","16384","16384","20","1","1","1","2","1.570000001e-07","3.225948300e-02","2.979170000e-04","3.255755700e-02","3.148025059e-02","3.118217659e-02","1.077306410e-03","341.084268","344.344732","344.344732","5.939520001e-04","4.722560048e-04","1.109840508e-05","row","0","-1.000000000e+00","-1.000000"
"cuda_warp_smem(blk128)(g8)","8","double","local","local","16384","16384","20","1","1","1","3","2.690000001e-07","3.224387900e-02","3.084350000e-04","3.255258300e-02","3.147926484e-02","3.117056084e-02","1.073318163e-03","341.094949","344.473053","344.473053","6.019200087e-04","4.597119987e-04","1.168615585e-05","row","0","-1.000000000e+00","-1.000000"
"cuda_warp_smem(blk128)(g8)","8","double","local","local","16384","16384","20","1","1","1","4","1.830000000e-07","3.229160900e-02","3.011490000e-04","3.259294100e-02","3.147496367e-02","3.117363167e-02","1.117977332e-03","341.141561","344.439119","344.439119","5.919359922e-04","5.155519843e-04","1.048935536e-05","row","0","-1.000000000e+00","-1.000000"
"cuda_warp_smem(blk128)(g8)","8","double","local","local","16384","16384","20","1","1","1","5","3.030000000e-07","3.227603300e-02","3.069100000e-04","3.258324600e-02","3.149924486e-02","3.119203186e-02","1.084001140e-03","340.878592","344.235935","344.235935","6.154879928e-04","4.561600089e-04","1.235313798e-05","row","0","-1.000000000e+00","-1.000000"
"cuda_warp_smem(blk128)(g8)","8","double","local","local","16384","16384","20","1","1","1","6","1.720000000e-07","3.221747300e-02","2.949170000e-04","3.251256200e-02","3.145556950e-02","3.116048050e-02","1.056992501e-03","341.351894","344.584489","344.584489","5.935360193e-04","4.516800046e-04","1.177647681e-05","row","0","-1.000000000e+00","-1.000000"
"cuda_warp_smem(blk128)(g8)","8","double","local","local","16384","16384","20","1","1","1","7","2.059999999e-07","3.221830600e-02","2.946680000e-04","3.251318000e-02","3.145676212e-02","3.116188812e-02","1.056417877e-03","341.338953","344.568923","344.568923","6.014080048e-04","4.449599981e-04","1.004987455e-05","row","0","-1.000000000e+00","-1.000000"
"cuda_warp_smem(blk128)(g8)","8","double","local","local","16384","16384","20","1","1","1","8","1.640000000e-07","3.223026700e-02","2.920440000e-04","3.252247500e-02","3.147233610e-02","3.118012810e-02","1.050138902e-03","341.170042","344.367355","344.367355","5.944319963e-04","4.442240000e-04","1.148290614e-05","row","0","-1.000000000e+00","-1.000000"
"cuda_warp_smem(blk128)(g8)","8","double","local","local","16384","16384","20","1","1","1","9","2.300000002e-07","3.225351200e-02","2.954090000e-04","3.254915100e-02","3.149573513e-02","3.120009613e-02","1.053415870e-03","340.916578","344.146960","344.146960","5.999040008e-04","4.427840114e-04","1.072785751e-05","row","0","-1.000000000e+00","-1.000000"
"cuda_warp_smem(blk128)(g8)","8","double","local","local","16384","16384","20","1","1","1","10","2.189999999e-07","3.221324500e-02","2.933890000e-04","3.250685300e-02","3.146250372e-02","3.116889572e-02","1.044349279e-03","341.276662","344.491455","344.491455","5.935360193e-04","4.397119880e-04","1.110127127e-05","row","0","-1.000000000e+00","-1.000000"
"cuda_warp_smem(blk128)(g8)","8","double","local","local","16384","16384","20","1","1","1","11","2.320000001e-07","3.221282500e-02","2.948980000e-04","3.250795500e-02","3.146857093e-02","3.117344093e-02","1.039384067e-03","341.210863","344.441227","344.441227","5.990399718e-04","4.299199879e-04","1.042410703e-05","row","0","-1.000000000e+00","-1.000000"
"cuda_warp_smem(blk128)(g8)","8","double","local","local","16384","16384","20","1","1","1","12","1.999999999e-07","3.220747400e-02","3.063530000e-04","3.251402700e-02","3.147090542e-02","3.116435242e-02","1.043121583e-03","341.185552","344.541677","344.541677","5.941439867e-04","4.381119907e-04","1.086560562e-05","row","0","-1.000000000e+00","-1.000000"
"cuda_warp_smem(blk128)(g8)","8","double","local","local","16384","16384","20","1","1","1","13","3.739999999e-07","3.222900000e-02","2.964210000e-04","3.252579500e-02","3.146815502e-02","3.117136002e-02","1.057639984e-03","341.215373","344.464221","344.464221","5.986239910e-04","4.492479861e-04","9.768007040e-06","row","0","-1.000000000e+00","-1.000000"
"cuda_warp_smem(blk128)(g8)","8","double","local","local","16384","16384","20","1","1","1","14","1.599999999e-07","3.222761800e-02","3.054500000e-04","3.253322800e-02","3.147504932e-02","3.116943932e-02","1.058178684e-03","341.140633","344.485447","344.485447","5.993919969e-04","4.473280013e-04","1.145868608e-05","row","0","-1.000000000e+00","-1.000000"
"cuda_warp_smem(blk128)(g8)","8","double","local","local","16384","16384","20","1","1","1","15","1.949999997e-07","3.222778300e-02","2.979770000e-04","3.252595500e-02","3.148034859e-02","3.118217659e-02","1.045606410e-03","341.083207","344.344732","344.344732","5.992000103e-04","4.349440038e-04","1.146239591e-05","row","0","-1.000000000e+00","-1.000000"
"cuda_warp_smem(blk128)(g8)","8","double","local","local","16384","16384","20","1","1","1","16","1.880000000e-07","3.221178300e-02","3.021120000e-04","3.251408300e-02","3.147407582e-02","3.117177582e-02","1.040007182e-03","341.151184","344.459626","344.459626","5.912960172e-04","4.371199906e-04","1.159117437e-05","row","0","-1.000000000e+00","-1.000000"
"cuda_warp_smem(blk128)(g8)","8","double","local","local","16384","16384","20","1","1","1","17","4.510000000e-07","3.223656400e-02","2.952330000e-04","3.253224800e-02","3.149344363e-02","3.119775963e-02","1.038804372e-03","340.941383","344.172734","344.172734","5.926399827e-04","4.350079894e-04","1.115639960e-05","row","0","-1.000000000e+00","-1.000000"
"cuda_warp_smem(blk128)(g8)","8","double","local","local","16384","16384","20","1","1","1","18","1.730000001e-07","3.273883700e-02","8.779780000e-04","3.361698800e-02","3.205402380e-02","3.117587280e-02","1.562964197e-03","334.978794","344.414359","344.414359","5.971199870e-04","9.537600279e-04","1.208418237e-05","row","0","-1.000000000e+00","-1.000000"
"cuda_warp_smem(blk128)(g8)","8","double","local","local","16384","16384","20","1","1","1","19","2.170000002e-07","3.275756600e-02","2.959630000e-04","3.305374600e-02","3.148283695e-02","3.118665695e-02","1.570909048e-03","341.056248","344.295262","344.295262","1.118687987e-03","4.410879910e-04","1.113306977e-05","row","0","-1.000000000e+00","-1.000000"
"cuda_warp_smem(blk128)(g8)","8","double","local","local","16384","16384","20","1","1","1","20","1.660000000e-07","3.222308300e-02","2.953230000e-04","3.251857200e-02","3.147289722e-02","3.117740822e-02","1.045674782e-03","341.163960","344.397397","344.397397","5.940799713e-04","4.399999976e-04","1.159481269e-05","row","0","-1.000000000e+00","-1.000000"
"cuda_warp_smem(blk128)(g8)","8","double","local","local","16384","16384","32","1","1","1","1","2.530000001e-07","5.897212100e-02","5.510800000e-04","5.952345400e-02","5.769459777e-02","5.714326477e-02","1.828856229e-03","297.772579","300.645566","300.645566","9.966400266e-04","8.183360100e-04","1.388019294e-05","row","0","-1.000000000e+00","-1.000000"
"cuda_warp_smem(blk128)(g8)","8","double","local","local","16384","16384","32","1","1","1","2","2.040000000e-07","5.896180900e-02","5.338690000e-04","5.949588200e-02","5.767973722e-02","5.714566422e-02","1.816144785e-03","297.849297","300.632942","300.632942","9.765759706e-04","8.266879916e-04","1.288082264e-05","row","0","-1.000000000e+00","-1.000000"
"cuda_warp_smem(blk128)(g8)","8","double","local","local","16384","16384","32","1","1","1","3","1.729999999e-07","5.896693900e-02","5.381240000e-04","5.950523600e-02","5.768172199e-02","5.714342499e-02","1.823514012e-03","297.839048","300.644723","300.644723","9.908800125e-04","8.192960024e-04","1.333799731e-05","row","0","-1.000000000e+00","-1.000000"
"cuda_warp_smem(blk128)(g8)","8","double","local","local","16384","16384","32","1","1","1","4","1.860000001e-07","5.896290100e-02","5.680470000e-04","5.953113400e-02","5.770548199e-02","5.713724899e-02","1.825652007e-03","297.716414","300.677220","300.677220","9.822080135e-04","8.161600232e-04","2.728397033e-05","row","0","-1.000000000e+00","-1.000000"
"cuda_warp_smem(blk128)(g8)","8","double","local","local","16384","16384","32","1","1","1","5","2.310000000e-07","5.896775200e-02","5.578460000e-04","5.952582900e-02","5.769519629e-02","5.713711929e-02","1.830632707e-03","297.769490","300.677903","300.677903","9.962239861e-04","8.224959970e-04","1.191272369e-05","row","0","-1.000000000e+00","-1.000000"
"cuda_warp_smem(blk128)(g8)","8","double","local","local","16384","16384","32","1","1","1","6","1.880000000e-07","5.906795900e-02","7.594130000e-04","5.982756000e-02","5.790056169e-02","5.714096069e-02","1.926998307e-03","296.713342","300.657689","300.657689","9.978240132e-04","9.168639779e-04","1.231031550e-05","row","0","-1.000000000e+00","-1.000000"
"cuda_warp_smem(blk128)(g8)","8","double","local","local","16384","16384","32","1","1","1","7","1.489999999e-07","5.902385100e-02","5.778030000e-04","5.960180300e-02","5.771996936e-02","5.714201736e-02","1.881833635e-03","297.641689","300.652129","300.652129","9.727360010e-04","8.969920278e-04","1.210560672e-05","row","0","-1.000000000e+00","-1.000000"
"cuda_warp_smem(blk128)(g8)","8","double","local","local","16384","16384","32","1","1","1","8","1.260000002e-07","5.978038200e-02","1.544348000e-03","6.132485600e-02","5.868297040e-02","5.713849640e-02","2.641885601e-03","292.757321","300.670656","300.670656","9.824960232e-04","1.646175981e-03","1.321359733e-05","row","0","-1.000000000e+00","-1.000000"
"cuda_warp_smem(blk128)(g8)","8","double","local","local","16384","16384","32","1","1","1","9","1.639999998e-07","5.978798500e-02","5.607170000e-04","6.034886600e-02","5.769499431e-02","5.713411331e-02","2.653871688e-03","297.770533","300.693722","300.693722","1.818079948e-03","8.247039914e-04","1.108774839e-05","row","0","-1.000000000e+00","-1.000000"
"cuda_warp_smem(blk128)(g8)","8","double","local","local","16384","16384","32","1","1","1","10","1.110000003e-07","5.898859100e-02","5.567500000e-04","5.954545200e-02","5.770418842e-02","5.714732742e-02","1.841263577e-03","297.723088","300.624193","300.624193","9.766399860e-04","8.502399921e-04","1.438359872e-05","row","0","-1.000000000e+00","-1.000000"
"cuda_warp_smem(blk128)(g8)","8","double","local","local","16384","16384","32","1","1","1","11","1.500000000e-07","5.892938000e-02","5.679500000e-04","5.949748000e-02","5.771933367e-02","5.715123367e-02","1.778146327e-03","297.644967","300.603645","300.603645","9.769920111e-04","7.879359722e-04","1.321834362e-05","row","0","-1.000000000e+00","-1.000000"
"cuda_warp_smem(blk128)(g8)","8","double","local","local","16384","16384","32","1","1","1","12","1.359999997e-07","5.895171200e-02","5.376080000e-04","5.948945600e-02","5.769048066e-02","5.715273666e-02","1.798975336e-03","297.793830","300.595740","300.595740","9.715200067e-04","8.151040077e-04","1.235132180e-05","row","0","-1.000000000e+00","-1.000000"
"cuda_warp_smem(blk128)(g8)","8","double","local","local","16384","16384","32","1","1","1","13","1.379999999e-07","5.892545600e-02","5.650810000e-04","5.949067500e-02","5.771091373e-02","5.714569473e-02","1.779761267e-03","297.688393","300.632782","300.632782","9.755520225e-04","7.928000093e-04","1.140923563e-05","row","0","-1.000000000e+00","-1.000000"
"cuda_warp_smem(blk128)(g8)","8","double","local","local","16384","16384","32","1","1","1","14","1.470000002e-07","5.894961400e-02","5.357430000e-04","5.948550400e-02","5.769460811e-02","5.715871811e-02","1.790895891e-03","297.772526","300.564284","300.564284","9.682880044e-04","8.112639785e-04","1.134390799e-05","row","0","-1.000000000e+00","-1.000000"
"cuda_warp_smem(blk128)(g8)","8","double","local","local","16384","16384","32","1","1","1","15","4.630000001e-07","5.897269100e-02","5.519880000e-04","5.952514200e-02","5.770896421e-02","5.715651321e-02","1.816177786e-03","297.698450","300.575879","300.575879","9.776319861e-04","8.249279857e-04","1.361781408e-05","row","0","-1.000000000e+00","-1.000000"
"cuda_warp_smem(blk128)(g8)","8","double","local","local","16384","16384","32","1","1","1","16","1.269999998e-07","5.895667800e-02","5.378580000e-04","5.949466300e-02","5.767888084e-02","5.714089584e-02","1.815782156e-03","297.853719","300.658030","300.658030","9.856320024e-04","8.172479868e-04","1.290216735e-05","row","0","-1.000000000e+00","-1.000000"
"cuda_warp_smem(blk128)(g8)","8","double","local","local","16384","16384","32","1","1","1","17","1.479999998e-07","5.893967100e-02","5.500430000e-04","5.948986200e-02","5.770462139e-02","5.715443039e-02","1.785240611e-03","297.720854","300.586832","300.586832","9.718080163e-04","8.011199832e-04","1.231261110e-05","row","0","-1.000000000e+00","-1.000000"
"cuda_warp_smem(blk128)(g8)","8","double","local","local","16384","16384","32","1","1","1","18","1.249999997e-07","5.892165600e-02","5.210950000e-04","5.944287600e-02","5.765142706e-02","5.713020706e-02","1.791448938e-03","297.995558","300.714282","300.714282","9.616000056e-04","8.172799945e-04","1.256893812e-05","row","0","-1.000000000e+00","-1.000000"
"cuda_warp_smem(blk128)(g8)","8","double","local","local","16384","16384","32","1","1","1","19","1.849999998e-07","5.892558000e-02","5.395020000e-04","5.946526700e-02","5.769725689e-02","5.715756989e-02","1.768010115e-03","297.758856","300.570322","300.570322","9.664319754e-04","7.901440263e-04","1.143411310e-05","row","0","-1.000000000e+00","-1.000000"
"cuda_warp_smem(blk128)(g8)","8","double","local","local","16384","16384","32","1","1","1","20","1.539999999e-07","5.891446400e-02","5.208030000e-04","5.943542100e-02","5.766521359e-02","5.714425659e-02","1.770207408e-03","297.924314","300.640348","300.640348","9.626560211e-04","7.963839769e-04","1.116741015e-05","row","0","-1.000000000e+00","-1.000000"
"cuda_warp_smem(blk192)(g8)","8","double","local","local","16384","16384","3","1","1","1","1","1.729999999e-07","6.024182000e-03","4.497300000e-05","6.069328000e-03","5.847546112e-03","5.802400112e-03","2.217818878e-04","275.433952","277.576986","277.576986","1.198719963e-04","9.299200028e-05","8.917891223e-06","row","0","-1.000000000e+00","-1.000000"
"cuda_warp_smem(blk192)(g8)","8","double","local","local","16384","16384","3","1","1","1","2","1.910000000e-07","6.013818000e-03","4.440600000e-05","6.058415000e-03","5.843509048e-03","5.798912048e-03","2.149059517e-04","275.624239","277.743950","277.743950","1.199359968e-04","8.553600311e-05","9.433951717e-06","row","0","-1.000000000e+00","-1.000000"
"cuda_warp_smem(blk192)(g8)","8","double","local","local","16384","16384","3","1","1","1","3","1.740000000e-07","6.008581000e-03","4.444100000e-05","6.053196000e-03","5.839655131e-03","5.795040131e-03","2.135408694e-04","275.806139","277.929522","277.929522","1.193920001e-04","8.428800106e-05","9.860868186e-06","row","0","-1.000000000e+00","-1.000000"
"cuda_warp_smem(blk192)(g8)","8","double","local","local","16384","16384","3","1","1","1","4","1.910000000e-07","6.021138000e-03","4.388200000e-05","6.065211000e-03","5.830760851e-03","5.786687851e-03","2.344501490e-04","276.226856","278.330675","278.330675","1.192319989e-04","1.038400009e-04","1.137814920e-05","row","0","-1.000000000e+00","-1.000000"
"cuda_warp_smem(blk192)(g8)","8","double","local","local","16384","16384","3","1","1","1","5","6.240000001e-07","6.013034000e-03","4.487400000e-05","6.058532000e-03","5.839449988e-03","5.793951988e-03","2.190820118e-04","275.815828","277.981719","277.981719","1.206720024e-04","8.793599904e-05","1.047401031e-05","row","0","-1.000000000e+00","-1.000000"
"cuda_warp_smem(blk192)(g8)","8","double","local","local","16384","16384","3","1","1","1","6","1.780000001e-07","6.008949000e-03","4.481900000e-05","6.053946000e-03","5.839620852e-03","5.794623852e-03","2.143251482e-04","275.807758","277.949489","277.949489","1.194240004e-04","8.630400151e-05","8.597146331e-06","row","0","-1.000000000e+00","-1.000000"
"cuda_warp_smem(blk192)(g8)","8","double","local","local","16384","16384","3","1","1","1","7","1.820000000e-07","6.011020000e-03","4.372000000e-05","6.054922000e-03","5.837182125e-03","5.793280125e-03","2.177398753e-04","275.922988","278.013958","278.013958","1.189439967e-04","8.863999695e-05","1.015588166e-05","row","0","-1.000000000e+00","-1.000000"
"cuda_warp_smem(blk192)(g8)","8","double","local","local","16384","16384","3","1","1","1","8","1.889999999e-07","6.010289000e-03","4.379700000e-05","6.054275000e-03","5.835889973e-03","5.791903973e-03","2.183850274e-04","275.984082","278.080014","278.080014","1.190719977e-04","8.975999802e-05","9.553031649e-06","row","0","-1.000000000e+00","-1.000000"
"cuda_warp_smem(blk192)(g8)","8","double","local","local","16384","16384","3","1","1","1","9","1.880000000e-07","6.017216000e-03","4.369200000e-05","6.061096000e-03","5.844935908e-03","5.801055908e-03","2.161600918e-04","275.556954","277.641306","277.641306","1.193920001e-04","8.598399907e-05","1.078409258e-05","row","0","-1.000000000e+00","-1.000000"
"cuda_warp_smem(blk192)(g8)","8","double","local","local","16384","16384","3","1","1","1","10","3.000000000e-07","6.011373000e-03","4.423700000e-05","6.055910000e-03","5.840153150e-03","5.795616150e-03","2.157568501e-04","275.782620","277.901899","277.901899","1.196160018e-04","8.604799956e-05","1.009284869e-05","row","0","-1.000000000e+00","-1.000000"
"cuda_warp_smem(blk192)(g8)","8","double","local","local","16384","16384","3","1","1","1","11","1.880000000e-07","6.012103000e-03","4.394300000e-05","6.056234000e-03","5.839171131e-03","5.795040131e-03","2.170628694e-04","275.829000","277.929522","277.929522","1.192639992e-04","8.883199841e-05","8.966871813e-06","row","0","-1.000000000e+00","-1.000000"
"cuda_warp_smem(blk192)(g8)","8","double","local","local","16384","16384","3","1","1","1","12","1.809999999e-07","6.030160000e-03","4.396700000e-05","6.074308000e-03","5.849907907e-03","5.805759907e-03","2.244000932e-04","275.322751","277.416352","277.416352","1.193599999e-04","9.283199906e-05","1.220809427e-05","row","0","-1.000000000e+00","-1.000000"
"cuda_warp_smem(blk192)(g8)","8","double","local","local","16384","16384","3","1","1","1","13","2.520000000e-07","6.015353000e-03","4.431600000e-05","6.059921000e-03","5.839320121e-03","5.794752121e-03","2.206008790e-04","275.821963","277.943336","277.943336","1.212479994e-04","9.068799764e-05","8.664882019e-06","row","0","-1.000000000e+00","-1.000000"
"cuda_warp_smem(blk192)(g8)","8","double","local","local","16384","16384","3","1","1","1","14","1.700000001e-07","6.021581000e-03","4.392800000e-05","6.065679000e-03","5.845058064e-03","5.800960064e-03","2.206209361e-04","275.551195","277.645893","277.645893","1.195200011e-04","9.104000032e-05","1.006093463e-05","row","0","-1.000000000e+00","-1.000000"
"cuda_warp_smem(blk192)(g8)","8","double","local","local","16384","16384","3","1","1","1","15","1.759999999e-07","6.044848000e-03","6.202800000e-05","6.107052000e-03","5.859932062e-03","5.797728062e-03","2.471199383e-04","274.851776","277.800669","277.800669","1.394239962e-04","9.753599763e-05","1.015994448e-05","row","0","-1.000000000e+00","-1.000000"
"cuda_warp_smem(blk192)(g8)","8","double","local","local","16384","16384","3","1","1","1","16","1.800000000e-07","6.021637000e-03","4.395000000e-05","6.065767000e-03","5.849601897e-03","5.805471897e-03","2.161651029e-04","275.337154","277.430115","277.430115","1.207680032e-04","8.547200263e-05","9.925097084e-06","row","0","-1.000000000e+00","-1.000000"
"cuda_warp_smem(blk192)(g8)","8","double","local","local","16384","16384","3","1","1","1","17","1.779999999e-07","6.007708000e-03","4.400400000e-05","6.051890000e-03","5.837941823e-03","5.793759823e-03","2.139481772e-04","275.887082","277.990939","277.990939","1.199359968e-04","8.463999629e-05","9.372184034e-06","row","0","-1.000000000e+00","-1.000000"
"cuda_warp_smem(blk192)(g8)","8","double","local","local","16384","16384","3","1","1","1","18","1.800000000e-07","5.990821000e-03","4.429600000e-05","6.035297000e-03","5.815772024e-03","5.771296024e-03","2.195249757e-04","276.938767","279.072972","279.072972","1.200319976e-04","9.084799886e-05","8.644979258e-06","row","0","-1.000000000e+00","-1.000000"
"cuda_warp_smem(blk192)(g8)","8","double","local","local","16384","16384","3","1","1","1","19","1.880000000e-07","5.925911000e-03","4.427700000e-05","5.970376000e-03","5.756816799e-03","5.712351799e-03","2.135592010e-04","279.774881","281.952651","281.952651","1.196800023e-04","8.544000238e-05","8.439196275e-06","row","0","-1.000000000e+00","-1.000000"
"cuda_warp_smem(blk192)(g8)","8","double","local","local","16384","16384","3","1","1","1","20","1.750000000e-07","5.927863000e-03","4.408000000e-05","5.972118000e-03","5.754494887e-03","5.710239887e-03","2.176231128e-04","279.887769","282.056931","282.056931","1.192959994e-04","8.844800293e-05","9.879110420e-06","row","0","-1.000000000e+00","-1.000000"
"cuda_warp_smem(blk192)(g8)","8","double","local","local","16384","16384","6","1","1","1","1","1.249999999e-07","1.435091700e-02","9.326200000e-05","1.444430400e-02","1.401767480e-02","1.392428780e-02","4.266292040e-04","229.797418","231.338616","231.338616","2.325440049e-04","1.838079989e-04","1.027720017e-05","row","0","-1.000000000e+00","-1.000000"
"cuda_warp_smem(blk192)(g8)","8","double","local","local","16384","16384","6","1","1","1","2","1.549999999e-07","1.436744000e-02","8.953000000e-05","1.445712500e-02","1.401752523e-02","1.392784023e-02","4.395997672e-04","229.799870","231.279611","231.279611","2.319680005e-04","1.849280000e-04","2.270376665e-05","row","0","-1.000000000e+00","-1.000000"
"cuda_warp_smem(blk192)(g8)","8","double","local","local","16384","16384","6","1","1","1","3","9.700000003e-08","1.435201600e-02","8.790800000e-05","1.444002100e-02","1.401763719e-02","1.392963219e-02","4.223838131e-04","229.798034","231.249858","231.249858","2.302400023e-04","1.817599982e-04","1.038381263e-05","row","0","-1.000000000e+00","-1.000000"
"cuda_warp_smem(blk192)(g8)","8","double","local","local","16384","16384","6","1","1","1","4","1.599999999e-07","1.435855400e-02","8.791200000e-05","1.444662600e-02","1.401927203e-02","1.393120003e-02","4.273539725e-04","229.771237","231.223833","231.223833","2.387840003e-04","1.781760007e-04","1.039397154e-05","row","0","-1.000000000e+00","-1.000000"
"cuda_warp_smem(blk192)(g8)","8","double","local","local","16384","16384","6","1","1","1","5","1.150000000e-07","1.434424500e-02","9.982500000e-05","1.444418500e-02","1.402362031e-02","1.392368031e-02","4.205646945e-04","229.699992","231.348710","231.348710","2.310719937e-04","1.804479957e-04","9.044705148e-06","row","0","-1.000000000e+00","-1.000000"
"cuda_warp_smem(blk192)(g8)","8","double","local","local","16384","16384","6","1","1","1","6","1.280000002e-07","1.434695400e-02","8.980500000e-05","1.443688700e-02","1.401470145e-02","1.392476845e-02","4.221855521e-04","229.846171","231.330631","231.330631","2.327360064e-04","1.791999936e-04","1.024955213e-05","row","0","-1.000000000e+00","-1.000000"
"cuda_warp_smem(blk192)(g8)","8","double","local","local","16384","16384","6","1","1","1","7","1.350000001e-07","1.434846400e-02","9.016600000e-05","1.443876500e-02","1.401580473e-02","1.392550373e-02","4.229602692e-04","229.828079","231.318417","231.318417","2.312320024e-04","1.816959977e-04","1.003226913e-05","row","0","-1.000000000e+00","-1.000000"
"cuda_warp_smem(blk192)(g8)","8","double","local","local","16384","16384","6","1","1","1","8","1.610000000e-07","1.434104700e-02","8.845700000e-05","1.442966500e-02","1.401245757e-02","1.392383957e-02","4.172074309e-04","229.882978","231.346063","231.346063","2.318720073e-04","1.751359999e-04","1.019942374e-05","row","0","-1.000000000e+00","-1.000000"
"cuda_warp_smem(blk192)(g8)","8","double","local","local","16384","16384","6","1","1","1","9","1.750000000e-07","1.433813400e-02","8.909700000e-05","1.442740600e-02","1.401275966e-02","1.392348766e-02","4.146463367e-04","229.878022","231.351911","231.351911","2.305600047e-04","1.743360013e-04","9.750330743e-06","row","0","-1.000000000e+00","-1.000000"
"cuda_warp_smem(blk192)(g8)","8","double","local","local","16384","16384","6","1","1","1","10","1.540000001e-07","1.927784800e-02","9.310800000e-05","1.937111000e-02","1.401572637e-02","1.392246437e-02","5.355383629e-03","229.829364","231.368915","231.368915","2.318399996e-04","5.113664150e-03","9.879479478e-06","row","0","-1.000000000e+00","-1.000000"
"cuda_warp_smem(blk192)(g8)","8","double","local","local","16384","16384","6","1","1","1","11","1.789999999e-07","1.436130800e-02","8.926900000e-05","1.445075600e-02","1.401315978e-02","1.392371178e-02","4.375962233e-04","229.871458","231.348187","231.348187","2.387519926e-04","1.877119988e-04","1.113223186e-05","row","0","-1.000000000e+00","-1.000000"
"cuda_warp_smem(blk192)(g8)","8","double","local","local","16384","16384","6","1","1","1","12","1.160000000e-07","1.434682900e-02","8.968700000e-05","1.443663200e-02","1.401258685e-02","1.392278385e-02","4.240451484e-04","229.880857","231.363606","231.363606","2.332800031e-04","1.801279932e-04","1.063715208e-05","row","0","-1.000000000e+00","-1.000000"
"cuda_warp_smem(blk192)(g8)","8","double","local","local","16384","16384","6","1","1","1","13","1.239999998e-07","1.434372000e-02","8.908700000e-05","1.443293100e-02","1.401497127e-02","1.392576027e-02","4.179597308e-04","229.841746","231.314155","231.314155","2.317440063e-04","1.761920005e-04","1.002372405e-05","row","0","-1.000000000e+00","-1.000000"
"cuda_warp_smem(blk192)(g8)","8","double","local","local","16384","16384","6","1","1","1","14","1.119999999e-07","1.434178800e-02","8.875400000e-05","1.443065400e-02","1.401091362e-02","1.392204762e-02","4.197403849e-04","229.908310","231.375841","231.375841","2.314240038e-04","1.788800061e-04","9.436375034e-06","row","0","-1.000000000e+00","-1.000000"
"cuda_warp_smem(blk192)(g8)","8","double","local","local","16384","16384","6","1","1","1","15","1.290000000e-07","1.434380100e-02","8.937500000e-05","1.443330500e-02","1.401331210e-02","1.392380810e-02","4.199929022e-04","229.868960","231.346586","231.346586","2.315839976e-04","1.783359945e-04","1.007291007e-05","row","0","-1.000000000e+00","-1.000000"
"cuda_warp_smem(blk192)(g8)","8","double","local","local","16384","16384","6","1","1","1","16","1.200000002e-07","1.434134200e-02","9.067600000e-05","1.443213800e-02","1.401386786e-02","1.392307186e-02","4.182701387e-04","229.859843","231.358820","231.358820","2.322240025e-04","1.765760034e-04","9.470132820e-06","row","0","-1.000000000e+00","-1.000000"
"cuda_warp_smem(blk192)(g8)","8","double","local","local","16384","16384","6","1","1","1","17","1.160000000e-07","1.433796000e-02","8.977800000e-05","1.442785400e-02","1.401107759e-02","1.392118359e-02","4.167764139e-04","229.905619","231.390201","231.390201","2.323520035e-04","1.757439971e-04","8.680413327e-06","row","0","-1.000000000e+00","-1.000000"
"cuda_warp_smem(blk192)(g8)","8","double","local","local","16384","16384","6","1","1","1","18","1.870000002e-07","1.434133100e-02","8.881200000e-05","1.443033000e-02","1.401255056e-02","1.392355156e-02","4.177794406e-04","229.881452","231.350849","231.350849","2.375040054e-04","1.709119976e-04","9.363437563e-06","row","0","-1.000000000e+00","-1.000000"
"cuda_warp_smem(blk192)(g8)","8","double","local","local","16384","16384","6","1","1","1","19","1.349999998e-07","1.433902200e-02","8.854100000e-05","1.442769800e-02","1.401853230e-02","1.392985630e-02","4.091656996e-04","229.783361","231.246138","231.246138","2.296960056e-04","1.694400012e-04","1.002969281e-05","row","0","-1.000000000e+00","-1.000000"
"cuda_warp_smem(blk192)(g8)","8","double","local","local","16384","16384","6","1","1","1","20","1.370000000e-07","1.433489200e-02","8.950200000e-05","1.442453100e-02","1.401703101e-02","1.392739201e-02","4.074999941e-04","229.807972","231.287054","231.287054","2.280000001e-04","1.696639955e-04","9.835998456e-06","row","0","-1.000000000e+00","-1.000000"
"cuda_warp_smem(blk192)(g8)","8","double","local","local","16384","16384","8","1","1","1","1","1.439999999e-07","1.690977800e-02","1.208630000e-04","1.703078500e-02","1.647249511e-02","1.635148811e-02","5.582898866e-04","260.735685","262.665224","262.665224","3.075200021e-04","2.395199984e-04","1.124988604e-05","row","0","-1.000000000e+00","-1.000000"
"cuda_warp_smem(blk192)(g8)","8","double","local","local","16384","16384","8","1","1","1","2","1.620000001e-07","1.692947900e-02","1.189180000e-04","1.704855900e-02","1.647536891e-02","1.635628891e-02","5.731900901e-04","260.690205","262.588129","262.588129","3.123199940e-04","2.511039972e-04","9.766098885e-06","row","0","-1.000000000e+00","-1.000000"
"cuda_warp_smem(blk192)(g8)","8","double","local","local","16384","16384","8","1","1","1","3","1.520000001e-07","1.690598600e-02","1.236440000e-04","1.702978200e-02","1.646776344e-02","1.634396744e-02","5.620185623e-04","260.810602","262.786090","262.786090","3.125759959e-04","2.393919975e-04","1.005056888e-05","row","0","-1.000000000e+00","-1.000000"
"cuda_warp_smem(blk192)(g8)","8","double","local","local","16384","16384","8","1","1","1","4","1.360000002e-07","1.689548600e-02","1.225850000e-04","1.701820700e-02","1.646489744e-02","1.634217644e-02","5.533095626e-04","260.856001","262.814890","262.814890","3.078080118e-04","2.347200066e-04","1.078154427e-05","row","0","-1.000000000e+00","-1.000000"
"cuda_warp_smem(blk192)(g8)","8","double","local","local","16384","16384","8","1","1","1","5","1.230000000e-07","1.689116900e-02","1.248580000e-04","1.701615000e-02","1.646728523e-02","1.634230423e-02","5.488647703e-04","260.818176","262.812834","262.812834","3.052160144e-04","2.334399968e-04","1.020875904e-05","row","0","-1.000000000e+00","-1.000000"
"cuda_warp_smem(blk192)(g8)","8","double","local","local","16384","16384","8","1","1","1","6","1.199999999e-07","1.689167900e-02","1.237200000e-04","1.701551900e-02","1.646256032e-02","1.633872032e-02","5.529586783e-04","260.893033","262.870483","262.870483","3.081279993e-04","2.341119945e-04","1.071868453e-05","row","0","-1.000000000e+00","-1.000000"
"cuda_warp_smem(blk192)(g8)","8","double","local","local","16384","16384","8","1","1","1","7","1.519999999e-07","1.688562400e-02","1.221190000e-04","1.700789500e-02","1.646310276e-02","1.634083176e-02","5.447922434e-04","260.884437","262.836517","262.836517","3.063359857e-04","2.286400050e-04","9.816252755e-06","row","0","-1.000000000e+00","-1.000000"
"cuda_warp_smem(blk192)(g8)","8","double","local","local","16384","16384","8","1","1","1","8","1.740000002e-07","1.689310000e-02","1.220810000e-04","1.701535500e-02","1.647073522e-02","1.634848022e-02","5.446197754e-04","260.763544","262.713551","262.713551","3.069759905e-04","2.272959948e-04","1.034779010e-05","row","0","-1.000000000e+00","-1.000000"
"cuda_warp_smem(blk192)(g8)","8","double","local","local","16384","16384","8","1","1","1","9","1.640000000e-07","1.868578500e-02","1.239790000e-04","1.880992800e-02","1.647662293e-02","1.635247993e-02","2.333305065e-03","260.670364","262.649293","262.649293","3.069120049e-04","2.016544104e-03","9.848956737e-06","row","0","-1.000000000e+00","-1.000000"
"cuda_warp_smem(blk192)(g8)","8","double","local","local","16384","16384","8","1","1","1","10","1.629999999e-07","1.692061600e-02","1.182570000e-04","1.703903600e-02","1.646904408e-02","1.635062408e-02","5.699919155e-04","260.790321","262.679105","262.679105","3.159039915e-04","2.431039959e-04","1.098392815e-05","row","0","-1.000000000e+00","-1.000000"
"cuda_warp_smem(blk192)(g8)","8","double","local","local","16384","16384","8","1","1","1","11","1.579999998e-07","1.689207100e-02","1.209080000e-04","1.701313700e-02","1.645946589e-02","1.633839989e-02","5.536711129e-04","260.942082","262.875638","262.875638","3.099839985e-04","2.331199944e-04","1.056711998e-05","row","0","-1.000000000e+00","-1.000000"
"cuda_warp_smem(blk192)(g8)","8","double","local","local","16384","16384","8","1","1","1","12","2.569999999e-07","1.688789000e-02","1.184840000e-04","1.700663100e-02","1.645621392e-02","1.633747292e-02","5.504170844e-04","260.993648","262.890553","262.890553","3.102400005e-04","2.292799950e-04","1.089708890e-05","row","0","-1.000000000e+00","-1.000000"
"cuda_warp_smem(blk192)(g8)","8","double","local","local","16384","16384","8","1","1","1","13","1.530000000e-07","1.693093300e-02","1.222970000e-04","1.705338300e-02","1.648580945e-02","1.636335945e-02","5.675735487e-04","260.525108","262.474665","262.474665","3.279039860e-04","2.296639979e-04","1.000556484e-05","row","0","-1.000000000e+00","-1.000000"
"cuda_warp_smem(blk192)(g8)","8","double","local","local","16384","16384","8","1","1","1","14","1.340000000e-07","1.689237300e-02","1.238860000e-04","1.701639300e-02","1.646910705e-02","1.634508705e-02","5.472859486e-04","260.789324","262.768089","262.768089","3.075520098e-04","2.279680073e-04","1.176593146e-05","row","0","-1.000000000e+00","-1.000000"
"cuda_warp_smem(blk192)(g8)","8","double","local","local","16384","16384","8","1","1","1","15","1.580000000e-07","1.689174200e-02","1.238740000e-04","1.701577400e-02","1.647875116e-02","1.635471916e-02","5.370228380e-04","260.636698","262.613332","262.613332","3.046399951e-04","2.218559980e-04","1.052684488e-05","row","0","-1.000000000e+00","-1.000000"
"cuda_warp_smem(blk192)(g8)","8","double","local","local","16384","16384","8","1","1","1","16","1.100000000e-07","1.688007400e-02","1.228550000e-04","1.700303900e-02","1.646802153e-02","1.634505653e-02","5.350174662e-04","260.806514","262.768580","262.768580","3.042240143e-04","2.210240066e-04","9.769445299e-06","row","0","-1.000000000e+00","-1.000000"
"cuda_warp_smem(blk192)(g8)","8","double","local","local","16384","16384","8","1","1","1","17","1.090000001e-07","1.688023000e-02","1.222170000e-04","1.700255600e-02","1.646351062e-02","1.634118462e-02","5.390453839e-04","260.877974","262.830841","262.830841","3.034879863e-04","2.251520008e-04","1.040539680e-05","row","0","-1.000000000e+00","-1.000000"
"cuda_warp_smem(blk192)(g8)","8","double","local","local","16384","16384","8","1","1","1","18","1.340000002e-07","1.689149200e-02","1.221400000e-04","1.701376600e-02","1.647273787e-02","1.635046387e-02","5.410281328e-04","260.731843","262.681679","262.681679","3.032000065e-04","2.277120054e-04","1.011612095e-05","row","0","-1.000000000e+00","-1.000000"
"cuda_warp_smem(blk192)(g8)","8","double","local","local","16384","16384","8","1","1","1","19","1.989999998e-07","1.687434600e-02","1.202170000e-04","1.699476200e-02","1.645926411e-02","1.633884811e-02","5.354978860e-04","260.945281","262.868427","262.868427","3.036479950e-04","2.221120000e-04","9.737891003e-06","row","0","-1.000000000e+00","-1.000000"
"cuda_warp_smem(blk192)(g8)","8","double","local","local","16384","16384","8","1","1","1","20","1.349999998e-07","1.688850600e-02","1.226520000e-04","1.701129300e-02","1.647085142e-02","1.634806442e-02","5.404415774e-04","260.761705","262.720233","262.720233","3.051519990e-04","2.249920070e-04","1.029757138e-05","row","0","-1.000000000e+00","-1.000000"
"cuda_warp_smem(blk192)(g8)","8","double","local","local","16384","16384","20","1","1","1","1","1.639999998e-07","4.186483800e-02","3.048890000e-04","4.216989100e-02","4.103349996e-02","4.072844696e-02","1.136391040e-03","261.674443","263.634365","263.634365","5.906559825e-04","5.339519978e-04","1.178305930e-05","row","0","-1.000000000e+00","-1.000000"
"cuda_warp_smem(blk192)(g8)","8","double","local","local","16384","16384","20","1","1","1","2","1.750000000e-07","4.186707100e-02","2.967250000e-04","4.216397100e-02","4.102256223e-02","4.072566223e-02","1.141408769e-03","261.744212","263.652391","263.652391","6.103039980e-04","5.205439925e-04","1.056077804e-05","row","0","-1.000000000e+00","-1.000000"
"cuda_warp_smem(blk192)(g8)","8","double","local","local","16384","16384","20","1","1","1","3","2.059999999e-07","4.182827500e-02","3.034100000e-04","4.213189100e-02","4.103155179e-02","4.072793579e-02","1.100339209e-03","261.686867","263.637674","263.637674","5.902079940e-04","4.987199903e-04","1.141122475e-05","row","0","-1.000000000e+00","-1.000000"
"cuda_warp_smem(blk192)(g8)","8","double","local","local","16384","16384","20","1","1","1","4","1.310000000e-07","4.181820200e-02","2.999060000e-04","4.211823900e-02","4.102451668e-02","4.072447968e-02","1.093722325e-03","261.731743","263.660047","263.660047","5.862720013e-04","4.961279929e-04","1.132233057e-05","row","0","-1.000000000e+00","-1.000000"
"cuda_warp_smem(blk192)(g8)","8","double","local","local","16384","16384","20","1","1","1","5","2.049999999e-07","4.183007800e-02","2.976400000e-04","4.212792300e-02","4.104472458e-02","4.074687958e-02","1.083198422e-03","261.602882","263.515105","263.515105","5.850560069e-04","4.867840111e-04","1.135840433e-05","row","0","-1.000000000e+00","-1.000000"
"cuda_warp_smem(blk192)(g8)","8","double","local","local","16384","16384","20","1","1","1","6","1.830000000e-07","4.181445300e-02","2.953850000e-04","4.211002100e-02","4.102590324e-02","4.073033524e-02","1.084117764e-03","261.722897","263.622143","263.622143","5.854399800e-04","4.882879853e-04","1.038979905e-05","row","0","-1.000000000e+00","-1.000000"
"cuda_warp_smem(blk192)(g8)","8","double","local","local","16384","16384","20","1","1","1","7","1.980000000e-07","4.182447800e-02","3.102940000e-04","4.213497000e-02","4.103503653e-02","4.072454453e-02","1.099933475e-03","261.664644","263.659628","263.659628","5.905920267e-04","4.986560047e-04","1.068544348e-05","row","0","-1.000000000e+00","-1.000000"
"cuda_warp_smem(blk192)(g8)","8","double","local","local","16384","16384","20","1","1","1","8","3.070000001e-07","4.185035200e-02","3.104790000e-04","4.216113800e-02","4.104297899e-02","4.073219299e-02","1.118159007e-03","261.614008","263.610119","263.610119","5.975360274e-04","5.094079971e-04","1.121498227e-05","row","0","-1.000000000e+00","-1.000000"
"cuda_warp_smem(blk192)(g8)","8","double","local","local","16384","16384","20","1","1","1","9","2.250000000e-07","4.183224100e-02","2.989460000e-04","4.213141200e-02","4.102736238e-02","4.072819138e-02","1.104049624e-03","261.713589","263.636019","263.636019","6.035519838e-04","4.901120067e-04","1.038563377e-05","row","0","-1.000000000e+00","-1.000000"
"cuda_warp_smem(blk192)(g8)","8","double","local","local","16384","16384","20","1","1","1","10","1.770000000e-07","4.181288800e-02","2.949610000e-04","4.210802600e-02","4.101200354e-02","4.071686554e-02","1.096022460e-03","261.811599","263.709352","263.709352","5.963519812e-04","4.894720018e-04","1.019847750e-05","row","0","-1.000000000e+00","-1.000000"
"cuda_warp_smem(blk192)(g8)","8","double","local","local","16384","16384","20","1","1","1","11","1.180000004e-07","4.182618600e-02","3.018680000e-04","4.212817200e-02","4.103920295e-02","4.073721695e-02","1.088969051e-03","261.638079","263.577609","263.577609","5.988479853e-04","4.782080054e-04","1.191305984e-05","row","0","-1.000000000e+00","-1.000000"
"cuda_warp_smem(blk192)(g8)","8","double","local","local","16384","16384","20","1","1","1","12","1.000000003e-07","4.232906800e-02","8.761660000e-04","4.320533400e-02","4.160183286e-02","4.072556686e-02","1.603501136e-03","258.099644","263.653009","263.653009","5.884799957e-04","1.002400041e-03","1.262109963e-05","row","0","-1.000000000e+00","-1.000000"
"cuda_warp_smem(blk192)(g8)","8","double","local","local","16384","16384","20","1","1","1","13","1.699999999e-07","4.235374400e-02","2.956160000e-04","4.264953000e-02","4.103549776e-02","4.073971176e-02","1.614032239e-03","261.661703","263.561468","263.561468","1.116224051e-03","4.875839949e-04","1.022419314e-05","row","0","-1.000000000e+00","-1.000000"
"cuda_warp_smem(blk192)(g8)","8","double","local","local","16384","16384","20","1","1","1","14","1.130000000e-07","4.180952100e-02","2.998130000e-04","4.210944700e-02","4.102757569e-02","4.072764969e-02","1.081871311e-03","261.712228","263.639526","263.639526","5.982720256e-04","4.730559886e-04","1.054329714e-05","row","0","-1.000000000e+00","-1.000000"
"cuda_warp_smem(blk192)(g8)","8","double","local","local","16384","16384","20","1","1","1","15","1.039999997e-07","4.180289400e-02","3.062100000e-04","4.210920800e-02","4.103754569e-02","4.073123169e-02","1.071662311e-03","261.648645","263.616340","263.616340","5.916479826e-04","4.690240026e-04","1.099032540e-05","row","0","-1.000000000e+00","-1.000000"
"cuda_warp_smem(blk192)(g8)","8","double","local","local","16384","16384","20","1","1","1","16","1.570000001e-07","4.183726700e-02","2.976370000e-04","4.213506100e-02","4.103296246e-02","4.073516846e-02","1.102098543e-03","261.677871","263.590864","263.590864","5.837759972e-04","5.041919947e-04","1.413055114e-05","row","0","-1.000000000e+00","-1.000000"
"cuda_warp_smem(blk192)(g8)","8","double","local","local","16384","16384","20","1","1","1","17","8.470000004e-07","4.182834400e-02","2.953990000e-04","4.212459000e-02","4.102805371e-02","4.073180771e-02","1.096536291e-03","261.709179","263.612612","263.612612","6.025919914e-04","4.820800126e-04","1.186428728e-05","row","0","-1.000000000e+00","-1.000000"
"cuda_warp_smem(blk192)(g8)","8","double","local","local","16384","16384","20","1","1","1","18","2.520000000e-07","4.180674100e-02","2.944640000e-04","4.210145700e-02","4.102674878e-02","4.073203278e-02","1.074708224e-03","261.717503","263.611156","263.611156","5.848960280e-04","4.786239862e-04","1.118820984e-05","row","0","-1.000000000e+00","-1.000000"
"cuda_warp_smem(blk192)(g8)","8","double","local","local","16384","16384","20","1","1","1","19","2.120000002e-07","4.180797200e-02","2.977990000e-04","4.210598300e-02","4.103612440e-02","4.073811340e-02","1.069858597e-03","261.657708","263.571809","263.571809","5.912960172e-04","4.680320024e-04","1.053057706e-05","row","0","-1.000000000e+00","-1.000000"
"cuda_warp_smem(blk192)(g8)","8","double","local","local","16384","16384","20","1","1","1","20","1.350000001e-07","4.183286000e-02","2.957110000e-04","4.212870600e-02","4.103667928e-02","4.074083328e-02","1.092026718e-03","261.654170","263.554213","263.554213","5.931839943e-04","4.880959988e-04","1.074672447e-05","row","0","-1.000000000e+00","-1.000000"
"cuda_warp_smem(blk192)(g8)","8","double","local","local","16384","16384","32","1","1","1","1","1.629999999e-07","7.239558100e-02","5.281860000e-04","7.292393000e-02","7.113119324e-02","7.060284424e-02","1.792736762e-03","241.523703","243.331120","243.331120","9.619200230e-04","8.182079792e-04","1.260875955e-05","row","0","-1.000000000e+00","-1.000000"
"cuda_warp_smem(blk192)(g8)","8","double","local","local","16384","16384","32","1","1","1","2","1.300000001e-07","7.240663000e-02","5.927150000e-04","7.299947500e-02","7.119607834e-02","7.060323334e-02","1.803396663e-03","241.303588","243.329779","243.329779","9.631999731e-04","8.288000226e-04","1.139666689e-05","row","0","-1.000000000e+00","-1.000000"
"cuda_warp_smem(blk192)(g8)","8","double","local","local","16384","16384","32","1","1","1","3","1.480000000e-07","7.235078600e-02","5.432520000e-04","7.289418600e-02","7.109187717e-02","7.054847717e-02","1.802308827e-03","241.657273","243.518640","243.518640","9.641919732e-04","8.258240223e-04","1.229283165e-05","row","0","-1.000000000e+00","-1.000000"
"cuda_warp_smem(blk192)(g8)","8","double","local","local","16384","16384","32","1","1","1","4","1.420000002e-07","7.233249600e-02","5.311390000e-04","7.286377700e-02","7.108856249e-02","7.055728149e-02","1.775214506e-03","241.668541","243.488253","243.488253","9.544960260e-04","8.075199723e-04","1.319850750e-05","row","0","-1.000000000e+00","-1.000000"
"cuda_warp_smem(blk192)(g8)","8","double","local","local","16384","16384","32","1","1","1","5","1.589999998e-07","7.165973500e-02","5.568210000e-04","7.221671500e-02","7.038360201e-02","6.982662201e-02","1.833112991e-03","244.089087","246.036092","246.036092","1.016255975e-03","8.034880161e-04","1.336899982e-05","row","0","-1.000000000e+00","-1.000000"
"cuda_warp_smem(blk192)(g8)","8","double","local","local","16384","16384","32","1","1","1","6","1.260000002e-07","7.172895900e-02","5.392600000e-04","7.226834500e-02","7.048690340e-02","6.994751740e-02","1.781441605e-03","243.731365","245.610850","245.610850","9.614400268e-04","8.074880242e-04","1.251355399e-05","row","0","-1.000000000e+00","-1.000000"
"cuda_warp_smem(blk192)(g8)","8","double","local","local","16384","16384","32","1","1","1","7","8.899999981e-08","7.316607000e-02","1.449455000e-03","7.461561400e-02","7.198416619e-02","7.053462219e-02","2.631447808e-03","238.661779","243.566473","243.566473","9.604480267e-04","1.657920003e-03","1.307977802e-05","row","0","-1.000000000e+00","-1.000000"
"cuda_warp_smem(blk192)(g8)","8","double","local","local","16384","16384","32","1","1","1","8","8.399999998e-07","7.297432000e-02","5.351140000e-04","7.351027400e-02","7.087915468e-02","7.034320068e-02","2.631119316e-03","242.382535","244.229279","244.229279","1.823040009e-03","7.950080037e-04","1.307130415e-05","row","0","-1.000000000e+00","-1.000000"
"cuda_warp_smem(blk192)(g8)","8","double","local","local","16384","16384","32","1","1","1","9","1.539999999e-07","7.217271300e-02","5.423910000e-04","7.271525800e-02","7.094033400e-02","7.039778900e-02","1.774923999e-03","242.173503","244.039897","244.039897","9.731519818e-04","7.892479897e-04","1.252402705e-05","row","0","-1.000000000e+00","-1.000000"
"cuda_warp_smem(blk192)(g8)","8","double","local","local","16384","16384","32","1","1","1","10","1.310000002e-07","7.212359200e-02","5.222450000e-04","7.264596800e-02","7.086013693e-02","7.033776093e-02","1.785831075e-03","242.447587","244.248167","244.248167","9.643840194e-04","8.095679879e-04","1.187906741e-05","row","0","-1.000000000e+00","-1.000000"
"cuda_warp_smem(blk192)(g8)","8","double","local","local","16384","16384","32","1","1","1","11","1.410000001e-07","7.325873600e-02","1.474603000e-03","7.473348000e-02","7.209084050e-02","7.061609650e-02","2.642639503e-03","238.308627","243.285455","243.285455","9.758080244e-04","1.654495955e-03","1.233552450e-05","row","0","-1.000000000e+00","-1.000000"
"cuda_warp_smem(blk192)(g8)","8","double","local","local","16384","16384","32","1","1","1","12","8.550000001e-07","7.321039500e-02","5.233190000e-04","7.373456900e-02","7.109965923e-02","7.057548523e-02","2.634909771e-03","241.630823","243.425449","243.425449","1.829632044e-03","7.923840284e-04","1.289369823e-05","row","0","-1.000000000e+00","-1.000000"
"cuda_warp_smem(blk192)(g8)","8","double","local","local","16384","16384","32","1","1","1","13","1.149999997e-07","7.233137200e-02","5.245920000e-04","7.285607900e-02","7.108668820e-02","7.056198120e-02","1.769390799e-03","241.674913","243.472035","243.472035","9.736959934e-04","7.834879756e-04","1.220682981e-05","row","0","-1.000000000e+00","-1.000000"
"cuda_warp_smem(blk192)(g8)","8","double","local","local","16384","16384","32","1","1","1","14","1.570000001e-07","7.232324500e-02","5.416850000e-04","7.286508700e-02","7.111557247e-02","7.057373047e-02","1.749514531e-03","241.576754","243.431502","243.431502","9.637119770e-04","7.744320035e-04","1.137055075e-05","row","0","-1.000000000e+00","-1.000000"
"cuda_warp_smem(blk192)(g8)","8","double","local","local","16384","16384","32","1","1","1","15","2.029999999e-07","7.233042300e-02","5.259770000e-04","7.285660300e-02","7.110154316e-02","7.057536316e-02","1.755059841e-03","241.624421","243.425870","243.425870","9.506880045e-04","7.925440073e-04","1.182782903e-05","row","0","-1.000000000e+00","-1.000000"
"cuda_warp_smem(blk192)(g8)","8","double","local","local","16384","16384","32","1","1","1","16","2.840000000e-07","7.317851300e-02","1.444198000e-03","7.462299500e-02","7.200931659e-02","7.056483459e-02","2.613678405e-03","238.578423","243.462190","243.462190","9.565759897e-04","1.644544005e-03","1.255841016e-05","row","0","-1.000000000e+00","-1.000000"
"cuda_warp_smem(blk192)(g8)","8","double","local","local","16384","16384","32","1","1","1","17","9.729999997e-07","7.319134400e-02","5.240780000e-04","7.371639500e-02","7.109634769e-02","7.057129669e-02","2.620047308e-03","241.642078","243.439897","243.439897","1.824671984e-03","7.838079929e-04","1.156733145e-05","row","0","-1.000000000e+00","-1.000000"
"cuda_warp_smem(blk192)(g8)","8","double","local","local","16384","16384","32","1","1","1","18","2.970000001e-07","7.232797700e-02","5.318360000e-04","7.286011000e-02","7.109091748e-02","7.055878448e-02","1.769192515e-03","241.660535","243.483066","243.483066","9.731519818e-04","7.832639813e-04","1.277655196e-05","row","0","-1.000000000e+00","-1.000000"
"cuda_warp_smem(blk192)(g8)","8","double","local","local","16384","16384","32","1","1","1","19","2.810000002e-07","7.180958100e-02","5.411880000e-04","7.235105000e-02","7.059797993e-02","7.005651093e-02","1.753070075e-03","243.347886","245.228730","245.228730","9.620479941e-04","7.779200077e-04","1.310207286e-05","row","0","-1.000000000e+00","-1.000000"
"cuda_warp_smem(blk192)(g8)","8","double","local","local","16384","16384","32","1","1","1","20","2.580000000e-07","7.234899800e-02","5.502580000e-04","7.289951400e-02","7.112309443e-02","7.057257843e-02","1.776419570e-03","241.551205","243.435475","243.435475","9.636800289e-04","7.992320061e-04","1.350753484e-05","row","0","-1.000000000e+00","-1.000000"
"cuda_warp_smem(g8)","8","double","local","local","16384","16384","3","1","1","1","1","1.149999997e-07","5.820676000e-03","4.303400000e-05","5.863825000e-03","5.648140913e-03","5.604991913e-03","2.156840872e-04","285.158030","287.353267","287.353267","1.186560020e-04","8.835200220e-05","8.676082970e-06","row","0","-1.000000000e+00","-1.000000"
"cuda_warp_smem(g8)","8","double","local","local","16384","16384","3","1","1","1","2","1.880000000e-07","5.820833000e-03","4.419900000e-05","5.865220000e-03","5.646402972e-03","5.602015972e-03","2.188170279e-04","285.245801","287.505916","287.505916","1.189119965e-04","9.017600119e-05","9.729030188e-06","row","0","-1.000000000e+00","-1.000000"
"cuda_warp_smem(g8)","8","double","local","local","16384","16384","3","1","1","1","3","1.110000003e-07","5.829836000e-03","4.431300000e-05","5.874260000e-03","5.650279942e-03","5.605855942e-03","2.239800582e-04","285.050078","287.308977","287.308977","1.252480000e-04","8.902399987e-05","9.708058332e-06","row","0","-1.000000000e+00","-1.000000"
"cuda_warp_smem(g8)","8","double","local","local","16384","16384","3","1","1","1","4","1.420000000e-07","5.830480000e-03","4.448400000e-05","5.875106000e-03","5.655122044e-03","5.610496044e-03","2.199839558e-04","284.806008","287.071361","287.071361","1.196480021e-04","9.052799642e-05","9.807957332e-06","row","0","-1.000000000e+00","-1.000000"
"cuda_warp_smem(g8)","8","double","local","local","16384","16384","3","1","1","1","5","1.160000000e-07","5.829834000e-03","4.413900000e-05","5.874089000e-03","5.645438891e-03","5.601183891e-03","2.286501087e-04","285.294512","287.548627","287.548627","1.203520000e-04","9.891200066e-05","9.386108049e-06","row","0","-1.000000000e+00","-1.000000"
"cuda_warp_smem(g8)","8","double","local","local","16384","16384","3","1","1","1","6","1.370000000e-07","5.836445000e-03","4.379000000e-05","5.880372000e-03","5.651671217e-03","5.607744217e-03","2.287007831e-04","284.979907","287.212233","287.212233","1.233600006e-04","9.670399874e-05","8.636783786e-06","row","0","-1.000000000e+00","-1.000000"
"cuda_warp_smem(g8)","8","double","local","local","16384","16384","3","1","1","1","7","1.130000000e-07","5.823121000e-03","4.378500000e-05","5.867019000e-03","5.647034063e-03","5.603136063e-03","2.199849374e-04","285.213923","287.448443","287.448443","1.194880009e-04","9.062399715e-05","9.872939356e-06","row","0","-1.000000000e+00","-1.000000"
"cuda_warp_smem(g8)","8","double","local","local","16384","16384","3","1","1","1","8","1.610000000e-07","5.823962000e-03","4.351100000e-05","5.867634000e-03","5.648023997e-03","5.604351997e-03","2.196100026e-04","285.163933","287.386077","287.386077","1.201599985e-04","9.004800022e-05","9.402003872e-06","row","0","-1.000000000e+00","-1.000000"
"cuda_warp_smem(g8)","8","double","local","local","16384","16384","3","1","1","1","9","1.530000002e-07","5.832127000e-03","5.492300000e-05","5.887203000e-03","5.668100235e-03","5.613024235e-03","2.191027652e-04","284.153891","286.942060","286.942060","1.194560006e-04","8.998399973e-05","9.662764873e-06","row","0","-1.000000000e+00","-1.000000"
"cuda_warp_smem(g8)","8","double","local","local","16384","16384","3","1","1","1","10","1.090000001e-07","5.848277000e-03","4.531200000e-05","5.893698000e-03","5.656652804e-03","5.611231804e-03","2.370451961e-04","284.728936","287.033720","287.033720","1.198080033e-04","1.074559987e-04","9.781194141e-06","row","0","-1.000000000e+00","-1.000000"
"cuda_warp_smem(g8)","8","double","local","local","16384","16384","3","1","1","1","11","1.430000001e-07","5.820757000e-03","4.310500000e-05","5.864005000e-03","5.645967784e-03","5.602719784e-03","2.180372162e-04","285.267787","287.469800","287.469800","1.200319976e-04","8.860799670e-05","9.397221953e-06","row","0","-1.000000000e+00","-1.000000"
"cuda_warp_smem(g8)","8","double","local","local","16384","16384","3","1","1","1","12","1.150000000e-07","5.825054000e-03","4.502100000e-05","5.870190000e-03","5.646160151e-03","5.601024151e-03","2.240298492e-04","285.258068","287.556828","287.556828","1.185280010e-04","9.660799801e-05","8.893850128e-06","row","0","-1.000000000e+00","-1.000000"
"cuda_warp_smem(g8)","8","double","local","local","16384","16384","3","1","1","1","13","1.640000000e-07","5.823048000e-03","4.331100000e-05","5.866523000e-03","5.645043222e-03","5.601568222e-03","2.214797780e-04","285.314509","287.528898","287.528898","1.210239977e-04","9.167999774e-05","8.775782548e-06","row","0","-1.000000000e+00","-1.000000"
"cuda_warp_smem(g8)","8","double","local","local","16384","16384","3","1","1","1","14","1.360000002e-07","5.827213000e-03","4.430200000e-05","5.871651000e-03","5.646422024e-03","5.601984024e-03","2.252289760e-04","285.244838","287.507556","287.507556","1.221439987e-04","9.299200028e-05","1.009297693e-05","row","0","-1.000000000e+00","-1.000000"
"cuda_warp_smem(g8)","8","double","local","local","16384","16384","3","1","1","1","15","1.390000000e-07","5.825469000e-03","4.423800000e-05","5.869846000e-03","5.652153165e-03","5.607776165e-03","2.176928350e-04","284.955607","287.210596","287.210596","1.200639978e-04","8.832000196e-05","9.308835226e-06","row","0","-1.000000000e+00","-1.000000"
"cuda_warp_smem(g8)","8","double","local","local","16384","16384","3","1","1","1","16","1.370000002e-07","5.814640000e-03","4.438100000e-05","5.859158000e-03","5.645989901e-03","5.601471901e-03","2.131680991e-04","285.266670","287.533842","287.533842","1.197120026e-04","8.406399935e-05","9.392097130e-06","row","0","-1.000000000e+00","-1.000000"
"cuda_warp_smem(g8)","8","double","local","local","16384","16384","3","1","1","1","17","1.110000001e-07","5.809393000e-03","4.283600000e-05","5.852340000e-03","5.634275144e-03","5.591328144e-03","2.180648559e-04","285.859795","288.055484","288.055484","1.189119965e-04","9.055999666e-05","8.592862778e-06","row","0","-1.000000000e+00","-1.000000"
"cuda_warp_smem(g8)","8","double","local","local","16384","16384","3","1","1","1","18","1.029999999e-07","5.751953000e-03","4.471100000e-05","5.796767000e-03","5.575950036e-03","5.531136036e-03","2.208169641e-04","288.849923","291.190223","291.190223","1.187200025e-04","9.180799872e-05","1.028896289e-05","row","0","-1.000000000e+00","-1.000000"
"cuda_warp_smem(g8)","8","double","local","local","16384","16384","3","1","1","1","19","1.130000000e-07","5.750068000e-03","4.717300000e-05","5.797354000e-03","5.580118146e-03","5.532832146e-03","2.172358543e-04","288.634164","291.100958","291.100958","1.194880009e-04","8.902399987e-05","8.723853570e-06","row","0","-1.000000000e+00","-1.000000"
"cuda_warp_smem(g8)","8","double","local","local","16384","16384","3","1","1","1","20","1.130000000e-07","5.759030000e-03","4.369000000e-05","5.802833000e-03","5.584539198e-03","5.540736198e-03","2.182938016e-04","288.405664","290.685692","290.685692","1.195520014e-04","8.959999681e-05","9.141803412e-06","row","0","-1.000000000e+00","-1.000000"
"cuda_warp_smem(g8)","8","double","local","local","16384","16384","6","1","1","1","1","1.480000000e-07","9.664428000e-03","1.048100000e-04","9.769386000e-03","9.348958435e-03","9.244000435e-03","4.204275651e-04","344.554476","348.466608","348.466608","2.323520035e-04","1.790719926e-04","9.003569034e-06","row","0","-1.000000000e+00","-1.000000"
"cuda_warp_smem(g8)","8","double","local","local","16384","16384","6","1","1","1","2","2.470000000e-07","9.662288000e-03","8.860300000e-05","9.751138000e-03","9.331857660e-03","9.243007660e-03","4.192803401e-04","345.185877","348.504036","348.504036","2.368000001e-04","1.724800020e-04","1.000033797e-05","row","0","-1.000000000e+00","-1.000000"
"cuda_warp_smem(g8)","8","double","local","local","16384","16384","6","1","1","1","3","1.430000001e-07","9.671033000e-03","8.824100000e-05","9.759417000e-03","9.329728452e-03","9.241344452e-03","4.296885481e-04","345.264655","348.566758","348.566758","2.476799935e-04","1.720319986e-04","9.976555951e-06","row","0","-1.000000000e+00","-1.000000"
"cuda_warp_smem(g8)","8","double","local","local","16384","16384","6","1","1","1","4","1.279999999e-07","9.659528000e-03","8.948400000e-05","9.749140000e-03","9.330827706e-03","9.241215706e-03","4.183122941e-04","345.223979","348.571614","348.571614","2.314880043e-04","1.771519929e-04","9.672296884e-06","row","0","-1.000000000e+00","-1.000000"
"cuda_warp_smem(g8)","8","double","local","local","16384","16384","6","1","1","1","5","1.230000002e-07","9.656366000e-03","8.863300000e-05","9.745122000e-03","9.332979595e-03","9.244223595e-03","4.121424053e-04","345.144382","348.458195","348.458195","2.305279970e-04","1.718720049e-04","9.742403451e-06","row","0","-1.000000000e+00","-1.000000"
"cuda_warp_smem(g8)","8","double","local","local","16384","16384","6","1","1","1","6","1.290000000e-07","9.672153000e-03","8.840000000e-05","9.760682000e-03","9.326833138e-03","9.238304138e-03","4.338488618e-04","345.371835","348.681471","348.681471","2.553279996e-04","1.697279960e-04","8.792866233e-06","row","0","-1.000000000e+00","-1.000000"
"cuda_warp_smem(g8)","8","double","local","local","16384","16384","6","1","1","1","7","1.429999998e-07","9.659654000e-03","8.911100000e-05","9.748908000e-03","9.332197764e-03","9.242943764e-03","4.167102363e-04","345.173297","348.506445","348.506445","2.327360064e-04","1.740159988e-04","9.958231048e-06","row","0","-1.000000000e+00","-1.000000"
"cuda_warp_smem(g8)","8","double","local","local","16384","16384","6","1","1","1","8","1.200000002e-07","9.652383000e-03","8.950600000e-05","9.742009000e-03","9.330617592e-03","9.240991592e-03","4.113914076e-04","345.231753","348.580067","348.580067","2.311359942e-04","1.697279960e-04","1.052741741e-05","row","0","-1.000000000e+00","-1.000000"
"cuda_warp_smem(g8)","8","double","local","local","16384","16384","6","1","1","1","9","1.369999998e-07","9.652779000e-03","9.037200000e-05","9.743288000e-03","9.333388868e-03","9.242879868e-03","4.098991324e-04","345.129247","348.508854","348.508854","2.311680019e-04","1.683519930e-04","1.037913759e-05","row","0","-1.000000000e+00","-1.000000"
"cuda_warp_smem(g8)","8","double","local","local","16384","16384","6","1","1","1","10","1.470000000e-07","9.657942000e-03","8.957700000e-05","9.747666000e-03","9.326363977e-03","9.236639977e-03","4.213020235e-04","345.389208","348.744292","348.744292","2.370879948e-04","1.664959937e-04","1.771803495e-05","row","0","-1.000000000e+00","-1.000000"
"cuda_warp_smem(g8)","8","double","local","local","16384","16384","6","1","1","1","11","1.100000002e-07","9.646162000e-03","8.991800000e-05","9.736190000e-03","9.325740051e-03","9.235712051e-03","4.104499486e-04","345.412316","348.779331","348.779331","2.311040014e-04","1.693120003e-04","1.003394693e-05","row","0","-1.000000000e+00","-1.000000"
"cuda_warp_smem(g8)","8","double","local","local","16384","16384","6","1","1","1","12","1.230000000e-07","9.655745000e-03","9.814700000e-05","9.754015000e-03","9.340030254e-03","9.241760254e-03","4.139847461e-04","344.883837","348.551075","348.551075","2.308160067e-04","1.730879992e-04","1.008074021e-05","row","0","-1.000000000e+00","-1.000000"
"cuda_warp_smem(g8)","8","double","local","local","16384","16384","6","1","1","1","13","1.359999999e-07","9.642595000e-03","1.008180000e-04","9.743549000e-03","9.336090032e-03","9.235136032e-03","4.074589679e-04","345.029392","348.801085","348.801085","2.309119999e-04","1.673280001e-04","9.218967886e-06","row","0","-1.000000000e+00","-1.000000"
"cuda_warp_smem(g8)","8","double","local","local","16384","16384","6","1","1","1","14","1.310000000e-07","9.658480000e-03","1.001310000e-04","9.758742000e-03","9.341158225e-03","9.240896225e-03","4.175837750e-04","344.842191","348.583665","348.583665","2.343679965e-04","1.727679968e-04","1.044778178e-05","row","0","-1.000000000e+00","-1.000000"
"cuda_warp_smem(g8)","8","double","local","local","16384","16384","6","1","1","1","15","1.119999999e-07","9.647387000e-03","8.986500000e-05","9.737364000e-03","9.331385348e-03","9.241408348e-03","4.059786519e-04","345.203349","348.564348","348.564348","2.313919961e-04","1.644800007e-04","1.010665504e-05","row","0","-1.000000000e+00","-1.000000"
"cuda_warp_smem(g8)","8","double","local","local","16384","16384","6","1","1","1","16","1.249999999e-07","9.672819000e-03","8.845400000e-05","9.761398000e-03","9.332162679e-03","9.243583679e-03","4.292353208e-04","345.174595","348.482319","348.482319","2.482559979e-04","1.711039990e-04","9.875323886e-06","row","0","-1.000000000e+00","-1.000000"
"cuda_warp_smem(g8)","8","double","local","local","16384","16384","6","1","1","1","17","1.439999999e-07","1.208838000e-02","9.107200000e-05","1.217959600e-02","9.334511670e-03","9.243295670e-03","2.845084330e-03","345.087733","348.493177","348.493177","2.425920069e-04","2.593280077e-03","9.212246542e-06","row","0","-1.000000000e+00","-1.000000"
"cuda_warp_smem(g8)","8","double","local","local","16384","16384","6","1","1","1","18","1.839999999e-07","9.667755000e-03","8.972300000e-05","9.757662000e-03","9.333074877e-03","9.243167877e-03","4.245871228e-04","345.140858","348.497995","348.497995","2.336640060e-04","1.813759953e-04","9.547121530e-06","row","0","-1.000000000e+00","-1.000000"
"cuda_warp_smem(g8)","8","double","local","local","16384","16384","6","1","1","1","19","1.349999998e-07","9.653154000e-03","9.125500000e-05","9.744544000e-03","9.330206261e-03","9.238816261e-03","4.143377387e-04","345.246973","348.662143","348.662143","2.313279957e-04","1.725440025e-04","1.046574052e-05","row","0","-1.000000000e+00","-1.000000"
"cuda_warp_smem(g8)","8","double","local","local","16384","16384","6","1","1","1","20","1.250000001e-07","9.647192000e-03","8.913500000e-05","9.736452000e-03","9.325099844e-03","9.235839844e-03","4.113521562e-04","345.436030","348.774505","348.774505","2.371200025e-04","1.648319960e-04","9.400157778e-06","row","0","-1.000000000e+00","-1.000000"
"cuda_warp_smem(g8)","8","double","local","local","16384","16384","8","1","1","1","1","1.260000002e-07","1.290694100e-02","1.202060000e-04","1.302727300e-02","1.246055627e-02","1.234022427e-02","5.667167339e-04","344.685037","348.046130","348.046130","3.071359992e-04","2.482240051e-04","1.135672964e-05","row","0","-1.000000000e+00","-1.000000"
"cuda_warp_smem(g8)","8","double","local","local","16384","16384","8","1","1","1","2","1.600000001e-07","1.290508600e-02","1.183460000e-04","1.302359200e-02","1.246074633e-02","1.234224033e-02","5.628456664e-04","344.679779","347.989277","347.989277","3.097600043e-04","2.427520007e-04","1.033366147e-05","row","0","-1.000000000e+00","-1.000000"
"cuda_warp_smem(g8)","8","double","local","local","16384","16384","8","1","1","1","3","1.310000002e-07","1.290199000e-02","1.205380000e-04","1.302265900e-02","1.245938932e-02","1.233872032e-02","5.632696783e-04","344.717320","348.088552","348.088552","3.054719865e-04","2.468480021e-04","1.094968974e-05","row","0","-1.000000000e+00","-1.000000"
"cuda_warp_smem(g8)","8","double","local","local","16384","16384","8","1","1","1","4","1.569999999e-07","1.290746100e-02","1.207080000e-04","1.302832600e-02","1.246288122e-02","1.234201622e-02","5.654447799e-04","344.620736","347.995596","347.995596","3.084160089e-04","2.461120039e-04","1.091676704e-05","row","0","-1.000000000e+00","-1.000000"
"cuda_warp_smem(g8)","8","double","local","local","16384","16384","8","1","1","1","5","1.430000001e-07","1.291139300e-02","1.202940000e-04","1.303183000e-02","1.246347747e-02","1.234304047e-02","5.683525337e-04","344.604249","347.966719","347.966719","3.081279993e-04","2.491199970e-04","1.110453736e-05","row","0","-1.000000000e+00","-1.000000"
"cuda_warp_smem(g8)","8","double","local","local","16384","16384","8","1","1","1","6","1.490000001e-07","1.290937400e-02","1.188770000e-04","1.302840000e-02","1.246248227e-02","1.234345627e-02","5.659177317e-04","344.631768","347.954998","347.954998","3.109759986e-04","2.446720004e-04","1.026973264e-05","row","0","-1.000000000e+00","-1.000000"
"cuda_warp_smem(g8)","8","double","local","local","16384","16384","8","1","1","1","7","1.610000000e-07","1.289654800e-02","1.189840000e-04","1.301569300e-02","1.245997676e-02","1.234083176e-02","5.557162434e-04","344.701068","348.028997","348.028997","3.062399924e-04","2.387199998e-04","1.075625124e-05","row","0","-1.000000000e+00","-1.000000"
"cuda_warp_smem(g8)","8","double","local","local","16384","16384","8","1","1","1","8","1.420000002e-07","1.290152600e-02","1.202860000e-04","1.302195400e-02","1.246260444e-02","1.234217644e-02","5.593495626e-04","344.628389","347.991079","347.991079","3.075200021e-04","2.413759977e-04","1.045356283e-05","row","0","-1.000000000e+00","-1.000000"
"cuda_warp_smem(g8)","8","double","local","local","16384","16384","8","1","1","1","9","1.320000000e-07","1.290324500e-02","1.210070000e-04","1.302438400e-02","1.246552319e-02","1.234438419e-02","5.588608066e-04","344.547696","347.928842","347.928842","3.085120022e-04","2.402240038e-04","1.012480056e-05","row","0","-1.000000000e+00","-1.000000"
"cuda_warp_smem(g8)","8","double","local","local","16384","16384","8","1","1","1","10","1.439999999e-07","1.290505200e-02","1.185990000e-04","1.302379500e-02","1.246107870e-02","1.234233570e-02","5.627162990e-04","344.670586","347.986589","347.986589","3.107199967e-04","2.416960001e-04","1.030030222e-05","row","0","-1.000000000e+00","-1.000000"
"cuda_warp_smem(g8)","8","double","local","local","16384","16384","8","1","1","1","11","1.489999999e-07","1.290676100e-02","1.207670000e-04","1.302767700e-02","1.246702825e-02","1.234611225e-02","5.606487487e-04","344.506101","347.880143","347.880143","3.104000092e-04","2.401919961e-04","1.005674347e-05","row","0","-1.000000000e+00","-1.000000"
"cuda_warp_smem(g8)","8","double","local","local","16384","16384","8","1","1","1","12","1.970000001e-07","1.290241000e-02","1.200810000e-04","1.302268800e-02","1.246661436e-02","1.234633636e-02","5.560736353e-04","344.517539","347.873828","347.873828","3.128960133e-04","2.335039973e-04","9.673624668e-06","row","0","-1.000000000e+00","-1.000000"
"cuda_warp_smem(g8)","8","double","local","local","16384","16384","8","1","1","1","13","1.400000000e-07","1.916236700e-02","1.211160000e-04","1.928362300e-02","1.246823228e-02","1.234697628e-02","6.815390720e-03","344.472833","347.855799","347.855799","6.568736076e-03","2.366079986e-04","1.004664482e-05","row","0","-1.000000000e+00","-1.000000"
"cuda_warp_smem(g8)","8","double","local","local","16384","16384","8","1","1","1","14","1.810000001e-07","1.290081600e-02","1.197340000e-04","1.302073100e-02","1.246285915e-02","1.234294415e-02","5.578718548e-04","344.621346","347.969435","347.969435","3.087680042e-04","2.384639978e-04","1.063985278e-05","row","0","-1.000000000e+00","-1.000000"
"cuda_warp_smem(g8)","8","double","local","local","16384","16384","8","1","1","1","15","8.499999993e-08","1.289331800e-02","1.185590000e-04","1.301196200e-02","1.246133161e-02","1.234268761e-02","5.506303932e-04","344.663591","347.976667","347.976667","3.072640002e-04","2.333119959e-04","1.005439715e-05","row","0","-1.000000000e+00","-1.000000"
"cuda_warp_smem(g8)","8","double","local","local","16384","16384","8","1","1","1","16","1.259999998e-07","1.291445500e-02","1.206630000e-04","1.303524400e-02","1.246389336e-02","1.234310436e-02","5.713506375e-04","344.592751","347.964918","347.964918","3.094399869e-04","2.516799867e-04","1.023066385e-05","row","0","-1.000000000e+00","-1.000000"
"cuda_warp_smem(g8)","8","double","local","local","16384","16384","8","1","1","1","17","1.579999998e-07","1.289136400e-02","1.193130000e-04","1.301083500e-02","1.246036665e-02","1.234089565e-02","5.504683472e-04","344.690282","348.027195","348.027195","3.070720136e-04","2.339520007e-04","9.444332875e-06","row","0","-1.000000000e+00","-1.000000"
"cuda_warp_smem(g8)","8","double","local","local","16384","16384","8","1","1","1","18","1.580000002e-07","1.289087700e-02","1.193680000e-04","1.301040300e-02","1.245987806e-02","1.234035206e-02","5.505249416e-04","344.703799","348.042526","348.042526","3.077439964e-04","2.323839962e-04","1.039694896e-05","row","0","-1.000000000e+00","-1.000000"
"cuda_warp_smem(g8)","8","double","local","local","16384","16384","8","1","1","1","19","1.510000001e-07","1.288639000e-02","1.203850000e-04","1.300692600e-02","1.246300045e-02","1.234246445e-02","5.439255530e-04","344.617439","347.982959","347.982959","3.043519855e-04","2.288960069e-04","1.067756058e-05","row","0","-1.000000000e+00","-1.000000"
"cuda_warp_smem(g8)","8","double","local","local","16384","16384","8","1","1","1","20","1.409999999e-07","1.289238000e-02","1.202120000e-04","1.301273300e-02","1.246403338e-02","1.234368038e-02","5.486996182e-04","344.588879","347.948680","347.948680","3.073279858e-04","2.312320024e-04","1.013963008e-05","row","0","-1.000000000e+00","-1.000000"
"cuda_warp_smem(g8)","8","double","local","local","16384","16384","20","1","1","1","1","1.410000001e-07","3.194207900e-02","3.041540000e-04","3.224637400e-02","3.113866275e-02","3.083436775e-02","1.107711248e-03","344.825927","348.228909","348.228909","5.925760269e-04","5.041599870e-04","1.097523404e-05","row","0","-1.000000000e+00","-1.000000"
"cuda_warp_smem(g8)","8","double","local","local","16384","16384","20","1","1","1","2","2.250000000e-07","3.193763800e-02","3.185940000e-04","3.225645700e-02","3.113043590e-02","3.081161690e-02","1.126021102e-03","344.917054","348.486036","348.486036","5.931199789e-04","5.225600004e-04","1.034112309e-05","row","0","-1.000000000e+00","-1.000000"
"cuda_warp_smem(g8)","8","double","local","local","16384","16384","20","1","1","1","3","2.420000000e-07","3.197194700e-02","3.023490000e-04","3.227453800e-02","3.113004652e-02","3.082745552e-02","1.144491479e-03","344.921368","348.306990","348.306990","6.051200032e-04","5.272639990e-04","1.210747716e-05","row","0","-1.000000000e+00","-1.000000"
"cuda_warp_smem(g8)","8","double","local","local","16384","16384","20","1","1","1","4","1.390000002e-07","3.193035000e-02","3.060800000e-04","3.223656900e-02","3.113629903e-02","3.083008003e-02","1.100269968e-03","344.852104","348.277339","348.277339","5.997120142e-04","4.900160134e-04","1.054194007e-05","row","0","-1.000000000e+00","-1.000000"
"cuda_warp_smem(g8)","8","double","local","local","16384","16384","20","1","1","1","5","2.049999999e-07","3.192958100e-02","3.000030000e-04","3.222978900e-02","3.114500895e-02","3.084480095e-02","1.084780051e-03","344.755664","348.111121","348.111121","5.939840078e-04","4.792959988e-04","1.150004426e-05","row","0","-1.000000000e+00","-1.000000"
"cuda_warp_smem(g8)","8","double","local","local","16384","16384","20","1","1","1","6","8.900000026e-08","3.191280200e-02","3.009150000e-04","3.221380600e-02","3.113098866e-02","3.082998466e-02","1.082817335e-03","344.910930","348.278417","348.278417","5.942080021e-04","4.776000082e-04","1.100932474e-05","row","0","-1.000000000e+00","-1.000000"
"cuda_warp_smem(g8)","8","double","local","local","16384","16384","20","1","1","1","7","2.070000000e-07","3.189827400e-02","2.984280000e-04","3.219690900e-02","3.111114644e-02","3.081251144e-02","1.085762556e-03","345.130909","348.475919","348.475919","6.087039709e-04","4.661119878e-04","1.094659717e-05","row","0","-1.000000000e+00","-1.000000"
"cuda_warp_smem(g8)","8","double","local","local","16384","16384","20","1","1","1","8","1.439999999e-07","3.190200500e-02","3.030860000e-04","3.220523500e-02","3.112860651e-02","3.082537651e-02","1.076628489e-03","344.937324","348.330481","348.330481","5.907199979e-04","4.759039879e-04","1.000450361e-05","row","0","-1.000000000e+00","-1.000000"
"cuda_warp_smem(g8)","8","double","local","local","16384","16384","20","1","1","1","9","1.270000003e-07","3.190229900e-02","3.026320000e-04","3.220505800e-02","3.114163954e-02","3.083888054e-02","1.063418461e-03","344.792965","348.177951","348.177951","5.864639878e-04","4.658240080e-04","1.113046524e-05","row","0","-1.000000000e+00","-1.000000"
"cuda_warp_smem(g8)","8","double","local","local","16384","16384","20","1","1","1","10","1.350000001e-07","3.188167300e-02","3.004390000e-04","3.218224700e-02","3.111938923e-02","3.081881523e-02","1.062857769e-03","345.039492","348.404640","348.404640","5.864959955e-04","4.653759897e-04","1.098578348e-05","row","0","-1.000000000e+00","-1.000000"
"cuda_warp_smem(g8)","8","double","local","local","16384","16384","20","1","1","1","11","1.150000000e-07","3.592982900e-02","3.095990000e-04","3.623954300e-02","3.113579432e-02","3.082608032e-02","5.103748678e-03","344.857694","348.322528","348.322528","5.867840052e-04","4.506175995e-03","1.078867770e-05","row","0","-1.000000000e+00","-1.000000"
"cuda_warp_smem(g8)","8","double","local","local","16384","16384","20","1","1","1","12","1.230000002e-07","3.196755700e-02","3.047470000e-04","3.227242700e-02","3.113687073e-02","3.083200073e-02","1.135556268e-03","344.845772","348.255643","348.255643","5.975040197e-04","5.275200009e-04","1.053224691e-05","row","0","-1.000000000e+00","-1.000000"
"cuda_warp_smem(g8)","8","double","local","local","16384","16384","20","1","1","1","13","1.219999999e-07","3.192530500e-02","3.070330000e-04","3.223246000e-02","3.113179527e-02","3.082464027e-02","1.100664726e-03","344.901993","348.338801","348.338801","5.954239964e-04","4.935680032e-04","1.167272633e-05","row","0","-1.000000000e+00","-1.000000"
"cuda_warp_smem(g8)","8","double","local","local","16384","16384","20","1","1","1","14","1.629999997e-07","3.190198900e-02","3.122800000e-04","3.221443200e-02","3.112789939e-02","3.081545639e-02","1.086532610e-03","344.945160","348.442616","348.442616","5.855680108e-04","4.903039932e-04","1.066060559e-05","row","0","-1.000000000e+00","-1.000000"
"cuda_warp_smem(g8)","8","double","local","local","16384","16384","20","1","1","1","15","1.090000001e-07","3.189358400e-02","3.035460000e-04","3.219723900e-02","3.112125525e-02","3.081760025e-02","1.075983750e-03","345.018803","348.418376","348.418376","5.884479880e-04","4.760000110e-04","1.153575075e-05","row","0","-1.000000000e+00","-1.000000"
"cuda_warp_smem(g8)","8","double","local","local","16384","16384","20","1","1","1","16","7.399999991e-08","3.190061400e-02","3.011920000e-04","3.220188000e-02","3.111332922e-02","3.081206322e-02","1.088550783e-03","345.106696","348.480988","348.480988","5.967040062e-04","4.815999866e-04","1.024679009e-05","row","0","-1.000000000e+00","-1.000000"
"cuda_warp_smem(g8)","8","double","local","local","16384","16384","20","1","1","1","17","1.790000002e-07","3.188438900e-02","2.994050000e-04","3.218397300e-02","3.112255916e-02","3.082297516e-02","1.061413841e-03","345.004348","348.357619","348.357619","5.924159884e-04","4.587840140e-04","1.021383888e-05","row","0","-1.000000000e+00","-1.000000"
"cuda_warp_smem(g8)","8","double","local","local","16384","16384","20","1","1","1","18","9.400000023e-08","3.187116200e-02","3.228660000e-04","3.219412200e-02","3.113268862e-02","3.080972862e-02","1.061433378e-03","344.892096","348.507394","348.507394","5.897279978e-04","4.616959989e-04","1.000938088e-05","row","0","-1.000000000e+00","-1.000000"
"cuda_warp_smem(g8)","8","double","local","local","16384","16384","20","1","1","1","19","5.180000002e-07","3.189710800e-02","3.105870000e-04","3.220821300e-02","3.113795208e-02","3.082684708e-02","1.070260924e-03","344.833797","348.313865","348.313865","5.906879902e-04","4.660480022e-04","1.352493115e-05","row","0","-1.000000000e+00","-1.000000"
"cuda_warp_smem(g8)","8","double","local","local","16384","16384","20","1","1","1","20","9.700000003e-08","3.245872000e-02","3.101120000e-04","3.276892900e-02","3.113747379e-02","3.082726479e-02","1.631455214e-03","344.839094","348.309145","348.309145","1.150496006e-03","4.691840112e-04","1.177519700e-05","row","0","-1.000000000e+00","-1.000000"
"cuda_warp_smem(g8)","8","double","local","local","16384","16384","32","1","1","1","1","1.800000000e-07","5.554199100e-02","5.296060000e-04","5.607177700e-02","5.425333870e-02","5.372355270e-02","1.818438296e-03","316.660128","319.782820","319.782820","9.609280229e-04","8.459519744e-04","1.155829889e-05","row","0","-1.000000000e+00","-1.000000"
"cuda_warp_smem(g8)","8","double","local","local","16384","16384","32","1","1","1","2","1.789999999e-07","5.555756900e-02","5.155270000e-04","5.607327500e-02","5.425820249e-02","5.374249649e-02","1.815072510e-03","316.631742","319.670099","319.670099","9.791359901e-04","8.240960240e-04","1.184049534e-05","row","0","-1.000000000e+00","-1.000000"
"cuda_warp_smem(g8)","8","double","local","local","16384","16384","32","1","1","1","3","2.050000001e-07","5.554631900e-02","5.088010000e-04","5.605532500e-02","5.424734066e-02","5.373833466e-02","1.807984344e-03","316.695141","319.694856","319.694856","9.702399969e-04","8.259519935e-04","1.179235386e-05","row","0","-1.000000000e+00","-1.000000"
"cuda_warp_smem(g8)","8","double","local","local","16384","16384","32","1","1","1","4","1.429999998e-07","5.553758500e-02","5.608470000e-04","5.609857500e-02","5.426530900e-02","5.370431900e-02","1.833266000e-03","316.590277","319.897347","319.897347","9.746879935e-04","8.472639918e-04","1.131401440e-05","row","0","-1.000000000e+00","-1.000000"
"cuda_warp_smem(g8)","8","double","local","local","16384","16384","32","1","1","1","5","1.500000000e-07","5.556665400e-02","5.199320000e-04","5.608673600e-02","5.423444891e-02","5.371436691e-02","1.852287087e-03","316.770420","319.837507","319.837507","9.950079918e-04","8.439360261e-04","1.334306927e-05","row","0","-1.000000000e+00","-1.000000"
"cuda_warp_smem(g8)","8","double","local","local","16384","16384","32","1","1","1","6","2.040000000e-07","5.551762300e-02","5.208940000e-04","5.603872100e-02","5.422039304e-02","5.369929504e-02","1.818327956e-03","316.852539","319.927276","319.927276","9.747840166e-04","8.311359882e-04","1.240795121e-05","row","0","-1.000000000e+00","-1.000000"
"cuda_warp_smem(g8)","8","double","local","local","16384","16384","32","1","1","1","7","2.020000003e-07","5.558538800e-02","5.168300000e-04","5.610242000e-02","5.425440917e-02","5.373737717e-02","1.848010833e-03","316.653880","319.700553","319.700553","1.000031948e-03","8.358399868e-04","1.213889836e-05","row","0","-1.000000000e+00","-1.000000"
"cuda_warp_smem(g8)","8","double","local","local","16384","16384","32","1","1","1","8","1.660000000e-07","5.551721000e-02","5.173810000e-04","5.603475700e-02","5.421057068e-02","5.369302368e-02","1.824186318e-03","316.909949","319.964644","319.964644","9.725760221e-04","8.395199776e-04","1.209031864e-05","row","0","-1.000000000e+00","-1.000000"
"cuda_warp_smem(g8)","8","double","local","local","16384","16384","32","1","1","1","9","2.439999998e-07","5.551842100e-02","5.541630000e-04","5.607282800e-02","5.426880825e-02","5.371440125e-02","1.804019755e-03","316.569863","319.837302","319.837302","9.695680141e-04","8.169919848e-04","1.745975589e-05","row","0","-1.000000000e+00","-1.000000"
"cuda_warp_smem(g8)","8","double","local","local","16384","16384","32","1","1","1","10","1.990000000e-07","5.552776200e-02","5.204280000e-04","5.604838900e-02","5.421601961e-02","5.369539261e-02","1.832369391e-03","316.878098","319.950527","319.950527","9.779840112e-04","8.408960104e-04","1.348936979e-05","row","0","-1.000000000e+00","-1.000000"
"cuda_warp_smem(g8)","8","double","local","local","16384","16384","32","1","1","1","11","2.229999998e-07","5.645404400e-02","1.456157000e-03","5.791042400e-02","5.519935714e-02","5.374297714e-02","2.711066858e-03","311.233139","319.667240","319.667240","9.787520170e-04","1.718752027e-03","1.356281409e-05","row","0","-1.000000000e+00","-1.000000"
"cuda_warp_smem(g8)","8","double","local","local","16384","16384","32","1","1","1","12","1.095000000e-06","5.641761200e-02","5.227760000e-04","5.694148300e-02","5.424940735e-02","5.372553635e-02","2.692075654e-03","316.683076","319.771013","319.771013","1.859135985e-03","8.210560083e-04","1.188365985e-05","row","0","-1.000000000e+00","-1.000000"
"cuda_warp_smem(g8)","8","double","local","local","16384","16384","32","1","1","1","13","2.269999997e-07","5.549406700e-02","5.134350000e-04","5.600772900e-02","5.422822346e-02","5.371456146e-02","1.779505538e-03","316.806786","319.836348","319.836348","9.620800018e-04","8.046399951e-04","1.278554067e-05","row","0","-1.000000000e+00","-1.000000"
"cuda_warp_smem(g8)","8","double","local","local","16384","16384","32","1","1","1","14","1.870000004e-07","5.549612400e-02","5.120870000e-04","5.600839800e-02","5.422184202e-02","5.370956802e-02","1.786555976e-03","316.844071","319.866084","319.866084","9.612799883e-04","8.128960133e-04","1.237997477e-05","row","0","-1.000000000e+00","-1.000000"
"cuda_warp_smem(g8)","8","double","local","local","16384","16384","32","1","1","1","15","1.809999999e-07","5.554092500e-02","5.180830000e-04","5.605918900e-02","5.424047012e-02","5.372220612e-02","1.818718884e-03","316.735256","319.790836","319.790836","9.915840030e-04","8.154240251e-04","1.171085625e-05","row","0","-1.000000000e+00","-1.000000"
"cuda_warp_smem(g8)","8","double","local","local","16384","16384","32","1","1","1","16","1.990000000e-07","5.644088600e-02","1.592077000e-03","5.803316200e-02","5.535326614e-02","5.376099014e-02","2.679895857e-03","310.367759","319.560133","319.560133","9.598399997e-04","1.706591964e-03","1.346389373e-05","row","0","-1.000000000e+00","-1.000000"
"cuda_warp_smem(g8)","8","double","local","local","16384","16384","32","1","1","1","17","9.219999999e-07","5.636327400e-02","5.098590000e-04","5.687405500e-02","5.420998068e-02","5.369919968e-02","2.664074323e-03","316.913398","319.927844","319.927844","1.850687981e-03","8.015360236e-04","1.185031922e-05","row","0","-1.000000000e+00","-1.000000"
"cuda_warp_smem(g8)","8","double","local","local","16384","16384","32","1","1","1","18","2.790000000e-07","5.563030300e-02","7.287260000e-04","5.635930800e-02","5.448381915e-02","5.375481415e-02","1.875488852e-03","315.320575","319.596848","319.596848","9.667199850e-04","8.967360258e-04","1.203284123e-05","row","0","-1.000000000e+00","-1.000000"
"cuda_warp_smem(g8)","8","double","local","local","16384","16384","32","1","1","1","19","2.310000000e-07","5.561966200e-02","5.529390000e-04","5.617283200e-02","5.428020934e-02","5.372703934e-02","1.892622663e-03","316.503370","319.762068","319.762068","9.977920055e-04","8.832640052e-04","1.156665212e-05","row","0","-1.000000000e+00","-1.000000"
"cuda_warp_smem(g8)","8","double","local","local","16384","16384","32","1","1","1","20","1.809999999e-07","5.552643300e-02","5.540070000e-04","5.608062100e-02","5.425617241e-02","5.370198441e-02","1.824448594e-03","316.643590","319.911254","319.911254","9.797440171e-04","8.327360153e-04","1.196856204e-05","row","0","-1.000000000e+00","-1.000000"
"cuda_warp_smem(blk384)(g8)","8","double","local","local","16384","16384","3","1","1","1","1","1.750000000e-07","5.975743000e-03","4.418200000e-05","6.020100000e-03","5.801413236e-03","5.757056236e-03","2.186867637e-04","277.624205","279.763245","279.763245","1.180799976e-04","9.126400203e-05","9.342764109e-06","row","0","-1.000000000e+00","-1.000000"
"cuda_warp_smem(blk384)(g8)","8","double","local","local","16384","16384","3","1","1","1","2","1.690000000e-07","5.975511000e-03","4.491500000e-05","6.020595000e-03","5.804508210e-03","5.759424210e-03","2.160867904e-04","277.476175","279.648221","279.648221","1.187840030e-04","8.876799792e-05","8.534789525e-06","row","0","-1.000000000e+00","-1.000000"
"cuda_warp_smem(blk384)(g8)","8","double","local","local","16384","16384","3","1","1","1","3","1.430000001e-07","5.975549000e-03","4.519200000e-05","6.020884000e-03","5.800854867e-03","5.755519867e-03","2.200291331e-04","277.650928","279.837925","279.837925","1.184960008e-04","9.244800359e-05","9.085128700e-06","row","0","-1.000000000e+00","-1.000000"
"cuda_warp_smem(blk384)(g8)","8","double","local","local","16384","16384","3","1","1","1","4","1.650000001e-07","5.972804000e-03","4.359900000e-05","6.016568000e-03","5.799668198e-03","5.755904198e-03","2.168998023e-04","277.707738","279.819240","279.819240","1.181759983e-04","8.905600011e-05","9.667803864e-06","row","0","-1.000000000e+00","-1.000000"
"cuda_warp_smem(blk384)(g8)","8","double","local","local","16384","16384","3","1","1","1","5","1.650000001e-07","5.978159000e-03","4.507500000e-05","6.023399000e-03","5.801399782e-03","5.756159782e-03","2.219992176e-04","277.624849","279.806815","279.806815","1.185920015e-04","9.324800223e-05","1.015921386e-05","row","0","-1.000000000e+00","-1.000000"
"cuda_warp_smem(blk384)(g8)","8","double","local","local","16384","16384","3","1","1","1","6","1.630000002e-07","5.969219000e-03","4.421500000e-05","6.013597000e-03","5.801210123e-03","5.756832123e-03","2.123868772e-04","277.633925","279.774136","279.774136","1.172479987e-04","8.569599688e-05","9.442881602e-06","row","0","-1.000000000e+00","-1.000000"
"cuda_warp_smem(blk384)(g8)","8","double","local","local","16384","16384","3","1","1","1","7","1.650000001e-07","5.971192000e-03","4.396100000e-05","6.015318000e-03","5.797758069e-03","5.753632069e-03","2.175599314e-04","277.799232","279.929741","279.929741","1.186880022e-04","8.985599875e-05","9.015930383e-06","row","0","-1.000000000e+00","-1.000000"
"cuda_warp_smem(blk384)(g8)","8","double","local","local","16384","16384","3","1","1","1","8","1.629999999e-07","5.986199000e-03","4.369200000e-05","6.030054000e-03","5.808718968e-03","5.764863968e-03","2.213350321e-04","277.275032","279.384344","279.384344","1.180799976e-04","9.356799722e-05","9.687037288e-06","row","0","-1.000000000e+00","-1.000000"
"cuda_warp_smem(blk384)(g8)","8","double","local","local","16384","16384","3","1","1","1","9","1.700000001e-07","5.983309000e-03","4.496300000e-05","6.028442000e-03","5.809325104e-03","5.764192104e-03","2.191168957e-04","277.246101","279.416908","279.416908","1.176640019e-04","9.100800008e-05","1.044489370e-05","row","0","-1.000000000e+00","-1.000000"
"cuda_warp_smem(blk384)(g8)","8","double","local","local","16384","16384","3","1","1","1","10","1.660000002e-07","5.970966000e-03","4.445200000e-05","6.015584000e-03","5.795594086e-03","5.750976086e-03","2.199899143e-04","277.902957","280.059022","280.059022","1.190399975e-04","9.145600349e-05","9.493913391e-06","row","0","-1.000000000e+00","-1.000000"
"cuda_warp_smem(blk384)(g8)","8","double","local","local","16384","16384","3","1","1","1","11","1.590000001e-07","5.968179000e-03","4.406300000e-05","6.012401000e-03","5.793021801e-03","5.748799801e-03","2.193791991e-04","278.026355","280.165042","280.165042","1.181439981e-04","9.100800008e-05","1.022720097e-05","row","0","-1.000000000e+00","-1.000000"
"cuda_warp_smem(blk384)(g8)","8","double","local","local","16384","16384","3","1","1","1","12","1.640000000e-07","5.969354000e-03","4.571600000e-05","6.015234000e-03","5.796504180e-03","5.750624180e-03","2.187298202e-04","277.859325","280.076160","280.076160","1.183039993e-04","9.084799886e-05","9.577821998e-06","row","0","-1.000000000e+00","-1.000000"
"cuda_warp_smem(blk384)(g8)","8","double","local","local","16384","16384","3","1","1","1","13","1.630000002e-07","5.974122000e-03","4.471100000e-05","6.018996000e-03","5.797834205e-03","5.752960205e-03","2.211617949e-04","277.795583","279.962433","279.962433","1.178560033e-04","9.334400296e-05","9.961788616e-06","row","0","-1.000000000e+00","-1.000000"
"cuda_warp_smem(blk384)(g8)","8","double","local","local","16384","16384","3","1","1","1","14","1.619999999e-07","5.977478000e-03","4.451200000e-05","6.022152000e-03","5.800129971e-03","5.755455971e-03","2.220220292e-04","277.685628","279.841032","279.841032","1.190719977e-04","9.318400174e-05","9.766029790e-06","row","0","-1.000000000e+00","-1.000000"
"cuda_warp_smem(blk384)(g8)","8","double","local","local","16384","16384","3","1","1","1","15","1.459999999e-07","5.966220000e-03","4.480200000e-05","6.011168000e-03","5.797491926e-03","5.752543926e-03","2.136760738e-04","277.811984","279.982692","279.982692","1.178240031e-04","8.684799820e-05","9.004072459e-06","row","0","-1.000000000e+00","-1.000000"
"cuda_warp_smem(blk384)(g8)","8","double","local","local","16384","16384","3","1","1","1","16","1.420000000e-07","5.973431000e-03","4.475400000e-05","6.018327000e-03","5.803391808e-03","5.758495808e-03","2.149351924e-04","277.529553","279.693307","279.693307","1.181759983e-04","8.646400273e-05","1.029519129e-05","row","0","-1.000000000e+00","-1.000000"
"cuda_warp_smem(blk384)(g8)","8","double","local","local","16384","16384","3","1","1","1","17","1.420000000e-07","5.976034000e-03","4.518300000e-05","6.021359000e-03","5.804076869e-03","5.758751869e-03","2.172821308e-04","277.496796","279.680871","279.680871","1.184000000e-04","8.944000304e-05","9.442127725e-06","row","0","-1.000000000e+00","-1.000000"
"cuda_warp_smem(blk384)(g8)","8","double","local","local","16384","16384","3","1","1","1","18","1.419999998e-07","5.946427000e-03","4.486500000e-05","5.991434000e-03","5.770735035e-03","5.725728035e-03","2.206989650e-04","279.100102","281.293964","281.293964","1.178880036e-04","9.270399809e-05","1.010696335e-05","row","0","-1.000000000e+00","-1.000000"
"cuda_warp_smem(blk384)(g8)","8","double","local","local","16384","16384","3","1","1","1","19","5.000000001e-07","5.931973000e-03","4.473600000e-05","5.977209000e-03","5.758355984e-03","5.713119984e-03","2.188530163e-04","279.700099","281.914740","281.914740","1.177280024e-04","9.219200164e-05","8.933012317e-06","row","0","-1.000000000e+00","-1.000000"
"cuda_warp_smem(blk384)(g8)","8","double","local","local","16384","16384","3","1","1","1","20","1.430000001e-07","5.928074000e-03","4.428000000e-05","5.972497000e-03","5.758758918e-03","5.714335918e-03","2.137380816e-04","279.680528","281.854753","281.854753","1.182079986e-04","8.502399921e-05","1.050608379e-05","row","0","-1.000000000e+00","-1.000000"
"cuda_warp_smem(blk384)(g8)","8","double","local","local","16384","16384","6","1","1","1","1","2.079999999e-07","1.033694300e-02","8.943000000e-05","1.042658100e-02","1.000275827e-02","9.913120270e-03","4.238227302e-04","322.033722","324.945666","324.945666","2.298559994e-04","1.838400066e-04","1.012672428e-05","row","0","-1.000000000e+00","-1.000000"
"cuda_warp_smem(blk384)(g8)","8","double","local","local","16384","16384","6","1","1","1","2","1.980000002e-07","1.034520200e-02","8.927100000e-05","1.043467100e-02","1.000636487e-02","9.916895866e-03","4.283061336e-04","321.917651","324.821952","324.821952","2.334720045e-04","1.851200014e-04","9.714127638e-06","row","0","-1.000000000e+00","-1.000000"
"cuda_warp_smem(blk384)(g8)","8","double","local","local","16384","16384","6","1","1","1","3","1.850000000e-07","1.034242200e-02","8.908600000e-05","1.043169300e-02","1.000549453e-02","9.916223526e-03","4.261984740e-04","321.945653","324.843975","324.843975","2.315199971e-04","1.842879951e-04","1.039048178e-05","row","0","-1.000000000e+00","-1.000000"
"cuda_warp_smem(blk384)(g8)","8","double","local","local","16384","16384","6","1","1","1","4","1.680000001e-07","1.033705000e-02","9.036100000e-05","1.042757900e-02","1.000470499e-02","9.914175987e-03","4.228740128e-04","321.971060","324.911064","324.911064","2.316479981e-04","1.814720035e-04","9.754011202e-06","row","0","-1.000000000e+00","-1.000000"
"cuda_warp_smem(blk384)(g8)","8","double","local","local","16384","16384","6","1","1","1","5","1.520000001e-07","1.033116700e-02","8.872600000e-05","1.042004500e-02","1.000091013e-02","9.912032127e-03","4.191348726e-04","322.093233","324.981339","324.981339","2.309119999e-04","1.789119989e-04","9.310873811e-06","row","0","-1.000000000e+00","-1.000000"
"cuda_warp_smem(blk384)(g8)","8","double","local","local","16384","16384","6","1","1","1","6","1.800000002e-07","1.034006000e-02","9.357900000e-05","1.043381900e-02","1.001711887e-02","9.923359871e-03","4.167001291e-04","321.572052","324.610365","324.610365","2.306880057e-04","1.754560024e-04","1.055612105e-05","row","0","-1.000000000e+00","-1.000000"
"cuda_warp_smem(blk384)(g8)","8","double","local","local","16384","16384","6","1","1","1","7","1.340000000e-07","1.033831300e-02","9.110100000e-05","1.042954800e-02","1.000838740e-02","9.917152405e-03","4.211605952e-04","321.852596","324.813549","324.813549","2.309119999e-04","1.800319999e-04","1.021659533e-05","row","0","-1.000000000e+00","-1.000000"
"cuda_warp_smem(blk384)(g8)","8","double","local","local","16384","16384","6","1","1","1","8","1.629999999e-07","1.033772700e-02","9.152300000e-05","1.042941300e-02","1.000899767e-02","9.917311668e-03","4.204153316e-04","321.832973","324.808333","324.808333","2.324800044e-04","1.788800061e-04","9.055321099e-06","row","0","-1.000000000e+00","-1.000000"
"cuda_warp_smem(blk384)(g8)","8","double","local","local","16384","16384","6","1","1","1","9","1.800000000e-07","1.034595100e-02","8.945700000e-05","1.043558800e-02","1.000851746e-02","9.918880463e-03","4.270705374e-04","321.848414","324.756961","324.756961","2.360640019e-04","1.811839938e-04","9.822541619e-06","row","0","-1.000000000e+00","-1.000000"
"cuda_warp_smem(blk384)(g8)","8","double","local","local","16384","16384","6","1","1","1","10","1.850000000e-07","1.032929100e-02","8.939600000e-05","1.041887200e-02","9.997613417e-03","9.908032417e-03","4.212585827e-04","322.199443","325.112529","325.112529","2.314559966e-04","1.795520037e-04","1.025058233e-05","row","0","-1.000000000e+00","-1.000000"
"cuda_warp_smem(blk384)(g8)","8","double","local","local","16384","16384","6","1","1","1","11","1.799999998e-07","1.033304200e-02","9.288700000e-05","1.042610900e-02","1.001031477e-02","9.917247772e-03","4.157942278e-04","321.790627","324.810426","324.810426","2.303359956e-04","1.761280000e-04","9.330232207e-06","row","0","-1.000000000e+00","-1.000000"
"cuda_warp_smem(blk384)(g8)","8","double","local","local","16384","16384","6","1","1","1","12","1.649999999e-07","1.034111600e-02","8.968800000e-05","1.043096900e-02","1.001074858e-02","9.920895576e-03","4.202204235e-04","321.776683","324.690997","324.690997","2.315199971e-04","1.782079935e-04","1.049243290e-05","row","0","-1.000000000e+00","-1.000000"
"cuda_warp_smem(blk384)(g8)","8","double","local","local","16384","16384","6","1","1","1","13","1.750000000e-07","1.032499200e-02","9.217300000e-05","1.041734000e-02","1.000518026e-02","9.912832260e-03","4.121597399e-04","321.955766","324.955107","324.955107","2.301439941e-04","1.731840074e-04","8.831738369e-06","row","0","-1.000000000e+00","-1.000000"
"cuda_warp_smem(blk384)(g8)","8","double","local","local","16384","16384","6","1","1","1","14","1.820000000e-07","1.032696400e-02","8.800400000e-05","1.041515000e-02","1.000584957e-02","9.917663574e-03","4.093004258e-04","321.934229","324.796808","324.796808","2.307199985e-04","1.686719954e-04","9.908431901e-06","row","0","-1.000000000e+00","-1.000000"
"cuda_warp_smem(blk384)(g8)","8","double","local","local","16384","16384","6","1","1","1","15","1.790000002e-07","1.033021700e-02","9.022600000e-05","1.042062200e-02","1.000765277e-02","9.917247772e-03","4.129692278e-04","321.876223","324.810426","324.810426","2.313919961e-04","1.716800034e-04","9.897228233e-06","row","0","-1.000000000e+00","-1.000000"
"cuda_warp_smem(blk384)(g8)","8","double","local","local","16384","16384","6","1","1","1","16","1.939999998e-07","1.032997900e-02","9.091300000e-05","1.042108600e-02","1.000089895e-02","9.909791946e-03","4.201870536e-04","322.093593","325.054803","325.054803","2.359679937e-04","1.745280027e-04","9.691057114e-06","row","0","-1.000000000e+00","-1.000000"
"cuda_warp_smem(blk384)(g8)","8","double","local","local","16384","16384","6","1","1","1","17","1.820000000e-07","1.032254900e-02","8.929700000e-05","1.041202800e-02","1.000144723e-02","9.911968231e-03","4.105807688e-04","322.075935","324.983434","324.983434","2.326080054e-04","1.680960059e-04","9.876757478e-06","row","0","-1.000000000e+00","-1.000000"
"cuda_warp_smem(blk384)(g8)","8","double","local","local","16384","16384","6","1","1","1","18","1.690000000e-07","1.033636300e-02","9.034800000e-05","1.042688000e-02","1.000840469e-02","9.917887688e-03","4.184753123e-04","321.852041","324.789469","324.789469","2.314240038e-04","1.776639968e-04","9.387311662e-06","row","0","-1.000000000e+00","-1.000000"
"cuda_warp_smem(blk384)(g8)","8","double","local","local","16384","16384","6","1","1","1","19","1.789999999e-07","1.033579700e-02","9.086400000e-05","1.042684000e-02","1.001219511e-02","9.921152115e-03","4.146448851e-04","321.730194","324.682601","324.682601","2.306240052e-04","1.743039936e-04","9.716886351e-06","row","0","-1.000000000e+00","-1.000000"
"cuda_warp_smem(blk384)(g8)","8","double","local","local","16384","16384","6","1","1","1","20","1.809999999e-07","1.032272900e-02","9.358800000e-05","1.041649800e-02","1.000724118e-02","9.913472176e-03","4.092568244e-04","321.889461","324.934132","324.934132","2.306240052e-04","1.695359945e-04","9.096824674e-06","row","0","-1.000000000e+00","-1.000000"
"cuda_warp_smem(blk384)(g8)","8","double","local","local","16384","16384","8","1","1","1","1","1.060000001e-07","1.475761200e-02","1.186490000e-04","1.487636700e-02","1.431629147e-02","1.419753647e-02","5.600755315e-04","300.005578","302.514968","302.514968","3.063359857e-04","2.430720031e-04","1.066754271e-05","row","0","-1.000000000e+00","-1.000000"
"cuda_warp_smem(blk384)(g8)","8","double","local","local","16384","16384","8","1","1","1","2","1.270000001e-07","1.474852900e-02","1.214260000e-04","1.487008200e-02","1.432001739e-02","1.419846439e-02","5.500646064e-04","299.927519","302.495198","302.495198","3.093760014e-04","2.301760018e-04","1.051260324e-05","row","0","-1.000000000e+00","-1.000000"
"cuda_warp_smem(blk384)(g8)","8","double","local","local","16384","16384","8","1","1","1","3","8.599999979e-08","1.477061700e-02","1.218980000e-04","1.489260100e-02","1.434451246e-02","1.422252846e-02","5.480885424e-04","299.415355","301.983386","301.983386","3.056319952e-04","2.320960015e-04","1.036054565e-05","row","0","-1.000000000e+00","-1.000000"
"cuda_warp_smem(blk384)(g8)","8","double","local","local","16384","16384","8","1","1","1","4","1.329999999e-07","1.476355500e-02","1.191530000e-04","1.488284100e-02","1.432533401e-02","1.420604801e-02","5.575069882e-04","299.816206","302.333717","302.333717","3.140479922e-04","2.331520021e-04","1.030699389e-05","row","0","-1.000000000e+00","-1.000000"
"cuda_warp_smem(blk384)(g8)","8","double","local","local","16384","16384","8","1","1","1","5","1.430000001e-07","1.476366700e-02","1.188210000e-04","1.488263100e-02","1.432974796e-02","1.421078396e-02","5.528830416e-04","299.723855","302.232960","302.232960","3.104639947e-04","2.328960001e-04","9.523046677e-06","row","0","-1.000000000e+00","-1.000000"
"cuda_warp_smem(blk384)(g8)","8","double","local","local","16384","16384","8","1","1","1","6","1.240000000e-07","1.475124100e-02","1.197810000e-04","1.487114600e-02","1.432441664e-02","1.420451164e-02","5.467293575e-04","299.835407","302.366417","302.366417","3.089919984e-04","2.287359983e-04","9.001360837e-06","row","0","-1.000000000e+00","-1.000000"
"cuda_warp_smem(blk384)(g8)","8","double","local","local","16384","16384","8","1","1","1","7","1.669999998e-07","1.474158800e-02","1.192200000e-04","1.486097500e-02","1.431906733e-02","1.419968033e-02","5.419076716e-04","299.947420","302.469295","302.469295","3.050239980e-04","2.260479927e-04","1.083568090e-05","row","0","-1.000000000e+00","-1.000000"
"cuda_warp_smem(blk384)(g8)","8","double","local","local","16384","16384","8","1","1","1","8","1.070000000e-07","1.475348700e-02","1.204240000e-04","1.487401800e-02","1.433093063e-02","1.421039963e-02","5.430873723e-04","299.699120","302.241134","302.241134","3.072960079e-04","2.256640047e-04","1.012735976e-05","row","0","-1.000000000e+00","-1.000000"
"cuda_warp_smem(blk384)(g8)","8","double","local","local","16384","16384","8","1","1","1","9","1.160000000e-07","1.475509200e-02","1.189530000e-04","1.487416100e-02","1.433026876e-02","1.421119976e-02","5.438922396e-04","299.712962","302.224117","302.224117","3.045119941e-04","2.299840003e-04","9.396245114e-06","row","0","-1.000000000e+00","-1.000000"
"cuda_warp_smem(blk384)(g8)","8","double","local","local","16384","16384","8","1","1","1","10","1.190000001e-07","1.838239800e-02","1.234850000e-04","1.850600200e-02","1.433000392e-02","1.420639992e-02","4.175998082e-03","299.718501","302.326228","302.326228","3.095999956e-04","3.855488062e-03","1.091002488e-05","row","0","-1.000000000e+00","-1.000000"
"cuda_warp_smem(blk384)(g8)","8","double","local","local","16384","16384","8","1","1","1","11","2.059999999e-07","1.477012800e-02","1.190810000e-04","1.488941500e-02","1.433503102e-02","1.421574402e-02","5.543839814e-04","299.613394","302.127507","302.127507","3.092800081e-04","2.355840057e-04","9.519967654e-06","row","0","-1.000000000e+00","-1.000000"
"cuda_warp_smem(blk384)(g8)","8","double","local","local","16384","16384","8","1","1","1","12","1.840000001e-07","1.475041300e-02","1.202480000e-04","1.487084500e-02","1.432356844e-02","1.420313644e-02","5.472765559e-04","299.853162","302.395694","302.395694","3.093760014e-04","2.271360010e-04","1.076455356e-05","row","0","-1.000000000e+00","-1.000000"
"cuda_warp_smem(blk384)(g8)","8","double","local","local","16384","16384","8","1","1","1","13","1.210000000e-07","1.475944300e-02","1.198320000e-04","1.487939600e-02","1.433985695e-02","1.421990395e-02","5.395390541e-04","299.512562","302.039122","302.039122","3.064959943e-04","2.225919962e-04","1.045106355e-05","row","0","-1.000000000e+00","-1.000000"
"cuda_warp_smem(blk384)(g8)","8","double","local","local","16384","16384","8","1","1","1","14","1.250000001e-07","1.473732000e-02","1.188990000e-04","1.485634400e-02","1.432129642e-02","1.420227242e-02","5.350475848e-04","299.900733","302.414091","302.414091","3.068160117e-04","2.180480063e-04","1.018356688e-05","row","0","-1.000000000e+00","-1.000000"
"cuda_warp_smem(blk384)(g8)","8","double","local","local","16384","16384","8","1","1","1","15","8.699999987e-08","1.474454900e-02","1.202240000e-04","1.486486000e-02","1.432715914e-02","1.420684814e-02","5.377008555e-04","299.778013","302.316689","302.316689","3.058559895e-04","2.218240052e-04","1.002086077e-05","row","0","-1.000000000e+00","-1.000000"
"cuda_warp_smem(blk384)(g8)","8","double","local","local","16384","16384","8","1","1","1","16","9.099999998e-08","1.474171600e-02","1.192180000e-04","1.486102500e-02","1.432734065e-02","1.420803165e-02","5.336843456e-04","299.774215","302.291507","302.291507","3.079679906e-04","2.149440050e-04","1.077234999e-05","row","0","-1.000000000e+00","-1.000000"
"cuda_warp_smem(blk384)(g8)","8","double","local","local","16384","16384","8","1","1","1","17","1.430000001e-07","1.474954600e-02","1.190620000e-04","1.486875100e-02","1.432682085e-02","1.420761585e-02","5.419301476e-04","299.785091","302.300354","302.300354","3.109759986e-04","2.199680060e-04","1.098614299e-05","row","0","-1.000000000e+00","-1.000000"
"cuda_warp_smem(blk384)(g8)","8","double","local","local","16384","16384","8","1","1","1","18","1.649999999e-07","1.473901800e-02","1.185030000e-04","1.485768600e-02","1.431892435e-02","1.420025635e-02","5.387616523e-04","299.950415","302.457025","302.457025","3.120639920e-04","2.165119946e-04","1.018566572e-05","row","0","-1.000000000e+00","-1.000000"
"cuda_warp_smem(blk384)(g8)","8","double","local","local","16384","16384","8","1","1","1","19","1.139999999e-07","1.474483400e-02","1.193070000e-04","1.486425500e-02","1.433148479e-02","1.421206379e-02","5.327702106e-04","299.687531","302.205743","302.205743","3.058879972e-04","2.172800004e-04","9.602213034e-06","row","0","-1.000000000e+00","-1.000000"
"cuda_warp_smem(blk384)(g8)","8","double","local","local","16384","16384","8","1","1","1","20","1.120000002e-07","1.473958800e-02","1.181510000e-04","1.485785100e-02","1.432008719e-02","1.420182419e-02","5.377638118e-04","299.926058","302.423635","302.423635","3.085440099e-04","2.186560035e-04","1.056379837e-05","row","0","-1.000000000e+00","-1.000000"
"cuda_warp_smem(blk384)(g8)","8","double","local","local","16384","16384","20","1","1","1","1","2.509999999e-07","3.275504100e-02","3.044180000e-04","3.305971000e-02","3.196118031e-02","3.165651131e-02","1.098529693e-03","335.951868","339.185141","339.185141","6.038399935e-04","4.838719964e-04","1.081770336e-05","row","0","-1.000000000e+00","-1.000000"
"cuda_warp_smem(blk384)(g8)","8","double","local","local","16384","16384","20","1","1","1","2","2.420000000e-07","3.275921600e-02","3.225440000e-04","3.308200200e-02","3.199008146e-02","3.166729546e-02","1.091920544e-03","335.648356","339.069633","339.069633","5.917440057e-04","4.891200066e-04","1.105653183e-05","row","0","-1.000000000e+00","-1.000000"
"cuda_warp_smem(blk384)(g8)","8","double","local","local","16384","16384","20","1","1","1","3","2.289999999e-07","3.276662100e-02","3.024500000e-04","3.306930000e-02","3.196680635e-02","3.166412735e-02","1.102493650e-03","335.892742","339.103558","339.103558","5.914880037e-04","5.001279712e-04","1.087767524e-05","row","0","-1.000000000e+00","-1.000000"
"cuda_warp_smem(blk384)(g8)","8","double","local","local","16384","16384","20","1","1","1","4","2.530000001e-07","3.274735500e-02","3.069550000e-04","3.305456300e-02","3.196327108e-02","3.165606308e-02","1.091291920e-03","335.929893","339.189943","339.189943","5.941759944e-04","4.874239862e-04","9.691939573e-06","row","0","-1.000000000e+00","-1.000000"
"cuda_warp_smem(blk384)(g8)","8","double","local","local","16384","16384","20","1","1","1","5","3.730000000e-07","3.275239300e-02","2.992730000e-04","3.305203900e-02","3.196233330e-02","3.166268730e-02","1.089705698e-03","335.939749","339.118981","339.118981","6.102719903e-04","4.680640101e-04","1.136969792e-05","row","0","-1.000000000e+00","-1.000000"
"cuda_warp_smem(blk384)(g8)","8","double","local","local","16384","16384","20","1","1","1","6","2.390000000e-07","3.272101200e-02","2.999420000e-04","3.302119300e-02","3.196078929e-02","3.166060829e-02","1.060403708e-03","335.955978","339.141249","339.141249","5.900160074e-04","4.598079920e-04","1.057970897e-05","row","0","-1.000000000e+00","-1.000000"
"cuda_warp_smem(blk384)(g8)","8","double","local","local","16384","16384","20","1","1","1","7","2.530000001e-07","3.272538200e-02","3.001510000e-04","3.302578600e-02","3.196472399e-02","3.166431999e-02","1.061062008e-03","335.914624","339.101495","339.101495","5.882239938e-04","4.617600143e-04","1.107799986e-05","row","0","-1.000000000e+00","-1.000000"
"cuda_warp_smem(blk384)(g8)","8","double","local","local","16384","16384","20","1","1","1","8","2.200000000e-07","3.274078400e-02","3.042050000e-04","3.304520900e-02","3.196784854e-02","3.166342354e-02","1.077360462e-03","335.881792","339.111095","339.111095","5.894079804e-04","4.768320024e-04","1.112047895e-05","row","0","-1.000000000e+00","-1.000000"
"cuda_warp_smem(blk384)(g8)","8","double","local","local","16384","16384","20","1","1","1","9","2.520000000e-07","3.273480100e-02","2.993560000e-04","3.303440900e-02","3.197960831e-02","3.168000031e-02","1.054800695e-03","335.758279","338.933653","338.933653","5.958399773e-04","4.478720129e-04","1.108870471e-05","row","0","-1.000000000e+00","-1.000000"
"cuda_warp_smem(blk384)(g8)","8","double","local","local","16384","16384","20","1","1","1","10","2.410000000e-07","3.272441100e-02","3.182740000e-04","3.304292600e-02","3.198117178e-02","3.166265678e-02","1.061754216e-03","335.741864","339.119307","339.119307","5.904639959e-04","4.606719911e-04","1.061822890e-05","row","0","-1.000000000e+00","-1.000000"
"cuda_warp_smem(blk384)(g8)","8","double","local","local","16384","16384","20","1","1","1","11","3.399999999e-07","3.276540000e-02","3.099550000e-04","3.307569500e-02","3.198146237e-02","3.167116737e-02","1.094232626e-03","335.738814","339.028180","339.028180","6.013759971e-04","4.822080135e-04","1.064861574e-05","row","0","-1.000000000e+00","-1.000000"
"cuda_warp_smem(blk384)(g8)","8","double","local","local","16384","16384","20","1","1","1","12","2.219999999e-07","3.275480300e-02","3.075740000e-04","3.306259900e-02","3.197998762e-02","3.167219162e-02","1.082611380e-03","335.754296","339.017216","339.017216","6.096640229e-04","4.613760114e-04","1.157134583e-05","row","0","-1.000000000e+00","-1.000000"
"cuda_warp_smem(blk384)(g8)","8","double","local","local","16384","16384","20","1","1","1","13","2.610000003e-07","3.275459200e-02","3.115310000e-04","3.306638400e-02","3.198049508e-02","3.166870308e-02","1.085888921e-03","335.748969","339.054562","339.054562","5.936639905e-04","4.817279875e-04","1.049694275e-05","row","0","-1.000000000e+00","-1.000000"
"cuda_warp_smem(blk384)(g8)","8","double","local","local","16384","16384","20","1","1","1","14","2.270000001e-07","3.274334600e-02","3.231870000e-04","3.306676000e-02","3.200274292e-02","3.167932892e-02","1.064017082e-03","335.515561","338.940836","338.940836","5.955839753e-04","4.580479860e-04","1.038512020e-05","row","0","-1.000000000e+00","-1.000000"
"cuda_warp_smem(blk384)(g8)","8","double","local","local","16384","16384","20","1","1","1","15","2.270000001e-07","3.272808100e-02","3.034540000e-04","3.303176200e-02","3.196396886e-02","3.166028786e-02","1.067793143e-03","335.922560","339.144681","339.144681","5.979520082e-04","4.591040015e-04","1.073713317e-05","row","0","-1.000000000e+00","-1.000000"
"cuda_warp_smem(blk384)(g8)","8","double","local","local","16384","16384","20","1","1","1","16","2.000000001e-07","3.274790400e-02","3.132760000e-04","3.306138000e-02","3.197542707e-02","3.166195107e-02","1.085952935e-03","335.802184","339.126866","339.126866","6.120319963e-04","4.622719884e-04","1.164895029e-05","row","0","-1.000000000e+00","-1.000000"
"cuda_warp_smem(blk384)(g8)","8","double","local","local","16384","16384","20","1","1","1","17","2.259999996e-07","3.360313300e-02","9.289910000e-04","3.453235000e-02","3.292912163e-02","3.199990463e-02","1.603228367e-03","326.076667","335.545320","335.545320","5.852479935e-04","1.005823970e-03","1.215640412e-05","row","0","-1.000000000e+00","-1.000000"
"cuda_warp_smem(blk384)(g8)","8","double","local","local","16384","16384","20","1","1","1","18","2.130000003e-07","3.286065300e-02","3.074780000e-04","3.316834400e-02","3.197226658e-02","3.166457558e-02","1.196077423e-03","335.835378","339.098758","339.098758","7.120000124e-04","4.732159972e-04","1.086141360e-05","row","0","-1.000000000e+00","-1.000000"
"cuda_warp_smem(blk384)(g8)","8","double","local","local","16384","16384","20","1","1","1","19","2.250000000e-07","3.273561500e-02","3.080990000e-04","3.304393900e-02","3.198048319e-02","3.167215919e-02","1.063455805e-03","335.749093","339.017563","339.017563","5.931839943e-04","4.602560103e-04","1.001580047e-05","row","0","-1.000000000e+00","-1.000000"
"cuda_warp_smem(blk384)(g8)","8","double","local","local","16384","16384","20","1","1","1","20","1.370000002e-07","3.272273100e-02","3.056540000e-04","3.302852200e-02","3.197433577e-02","3.166854477e-02","1.054186231e-03","335.813645","339.056257","339.056257","5.932800174e-04","4.491840005e-04","1.172221284e-05","row","0","-1.000000000e+00","-1.000000"
"cuda_warp_smem(blk384)(g8)","8","double","local","local","16384","16384","32","1","1","1","1","2.029999999e-07","6.634933100e-02","5.813950000e-04","6.693092900e-02","6.507506724e-02","6.449346924e-02","1.855861762e-03","264.000790","266.381533","266.381533","9.882240295e-04","8.554239869e-04","1.221374527e-05","row","0","-1.000000000e+00","-1.000000"
"cuda_warp_smem(blk384)(g8)","8","double","local","local","16384","16384","32","1","1","1","2","3.700000000e-07","6.639326200e-02","5.624110000e-04","6.695604300e-02","6.505461755e-02","6.449183655e-02","1.901425452e-03","264.083778","266.388276","266.388276","1.022815943e-03","8.659200072e-04","1.268950216e-05","row","0","-1.000000000e+00","-1.000000"
"cuda_warp_smem(blk384)(g8)","8","double","local","local","16384","16384","32","1","1","1","3","3.580000001e-07","6.636602700e-02","6.036760000e-04","6.697006100e-02","6.510121875e-02","6.449718475e-02","1.868842247e-03","263.894740","266.366187","266.366187","9.846400023e-04","8.709759712e-04","1.322627311e-05","row","0","-1.000000000e+00","-1.000000"
"cuda_warp_smem(blk384)(g8)","8","double","local","local","16384","16384","32","1","1","1","4","3.330000000e-07","6.635266200e-02","5.733850000e-04","6.692638000e-02","6.506722539e-02","6.449350739e-02","1.859154615e-03","264.032608","266.381375","266.381375","9.864640236e-04","8.596159816e-04","1.307460958e-05","row","0","-1.000000000e+00","-1.000000"
"cuda_warp_smem(blk384)(g8)","8","double","local","local","16384","16384","32","1","1","1","5","3.330000000e-07","6.632785600e-02","5.620950000e-04","6.689028400e-02","6.505455446e-02","6.449212646e-02","1.835729535e-03","264.084034","266.387079","266.387079","9.715840220e-04","8.515200019e-04","1.262551122e-05","row","0","-1.000000000e+00","-1.000000"
"cuda_warp_smem(blk384)(g8)","8","double","local","local","16384","16384","32","1","1","1","6","3.520000003e-07","6.720102900e-02","1.512543000e-03","6.871392400e-02","6.600172557e-02","6.448883057e-02","2.712198434e-03","260.294243","266.400693","266.400693","9.830719829e-04","1.716096044e-03","1.303040715e-05","row","0","-1.000000000e+00","-1.000000"
"cuda_warp_smem(blk384)(g8)","8","double","local","local","16384","16384","32","1","1","1","7","2.349999999e-07","6.726056000e-02","5.518640000e-04","6.781265900e-02","6.505411316e-02","6.450201416e-02","2.758545840e-03","264.085826","266.346244","266.346244","1.902271986e-03","8.450880051e-04","1.118584877e-05","row","0","-1.000000000e+00","-1.000000"
"cuda_warp_smem(blk384)(g8)","8","double","local","local","16384","16384","32","1","1","1","8","2.560000003e-07","6.634046500e-02","5.536800000e-04","6.689440100e-02","6.504680252e-02","6.449286652e-02","1.847598484e-03","264.115506","266.384022","266.384022","9.819840193e-04","8.545920253e-04","1.102243933e-05","row","0","-1.000000000e+00","-1.000000"
"cuda_warp_smem(blk384)(g8)","8","double","local","local","16384","16384","32","1","1","1","9","2.540000001e-07","6.635951500e-02","5.471330000e-04","6.690690200e-02","6.503833091e-02","6.449094391e-02","1.868571091e-03","264.149909","266.391964","266.391964","9.970880151e-04","8.577280045e-04","1.375507177e-05","row","0","-1.000000000e+00","-1.000000"
"cuda_warp_smem(blk384)(g8)","8","double","local","local","16384","16384","32","1","1","1","10","1.727000000e-06","6.633651000e-02","5.578160000e-04","6.689605300e-02","6.505544602e-02","6.449590302e-02","1.840606985e-03","264.080415","266.371481","266.371481","1.008543968e-03","8.205440044e-04","1.151901222e-05","row","0","-1.000000000e+00","-1.000000"
"cuda_warp_smem(blk384)(g8)","8","double","local","local","16384","16384","32","1","1","1","11","2.900000000e-07","6.630618300e-02","5.728860000e-04","6.687935900e-02","6.506818638e-02","6.449501038e-02","1.811172624e-03","264.028708","266.375167","266.375167","9.735040069e-04","8.248639703e-04","1.280464688e-05","row","0","-1.000000000e+00","-1.000000"
"cuda_warp_smem(blk384)(g8)","8","double","local","local","16384","16384","32","1","1","1","12","1.530000002e-07","6.635059800e-02","5.663420000e-04","6.691709300e-02","6.505717951e-02","6.449068451e-02","1.859913491e-03","264.073378","266.393035","266.393035","9.848639965e-04","8.624640107e-04","1.258548350e-05","row","0","-1.000000000e+00","-1.000000"
"cuda_warp_smem(blk384)(g8)","8","double","local","local","16384","16384","32","1","1","1","13","1.459999996e-07","6.637135200e-02","5.811200000e-04","6.695261800e-02","6.507592542e-02","6.449465942e-02","1.876692576e-03","263.997309","266.376617","266.376617","9.943680167e-04","8.684800267e-04","1.384453273e-05","row","0","-1.000000000e+00","-1.000000"
"cuda_warp_smem(blk384)(g8)","8","double","local","local","16384","16384","32","1","1","1","14","1.829000000e-06","6.638320100e-02","5.731130000e-04","6.695814300e-02","6.505945433e-02","6.448451233e-02","1.898688671e-03","264.064145","266.418533","266.418533","1.035007954e-03","8.520320058e-04","1.164871147e-05","row","0","-1.000000000e+00","-1.000000"
"cuda_warp_smem(blk384)(g8)","8","double","local","local","16384","16384","32","1","1","1","15","1.649999999e-07","6.635085800e-02","5.566910000e-04","6.690771400e-02","6.506018242e-02","6.450332642e-02","1.847531584e-03","264.061190","266.340825","266.340825","9.997760057e-04","8.356480002e-04","1.210757800e-05","row","0","-1.000000000e+00","-1.000000"
"cuda_warp_smem(blk384)(g8)","8","double","local","local","16384","16384","32","1","1","1","16","2.100000001e-07","6.630926600e-02","5.502600000e-04","6.685973600e-02","6.504291690e-02","6.449244690e-02","1.816819101e-03","264.131284","266.385755","266.385755","9.761599898e-04","8.292800188e-04","1.137909195e-05","row","0","-1.000000000e+00","-1.000000"
"cuda_warp_smem(blk384)(g8)","8","double","local","local","16384","16384","32","1","1","1","17","2.480000001e-07","6.631954700e-02","5.471680000e-04","6.686696300e-02","6.504370048e-02","6.449628448e-02","1.823262515e-03","264.128102","266.369905","266.369905","9.811519980e-04","8.306879997e-04","1.142251737e-05","row","0","-1.000000000e+00","-1.000000"
"cuda_warp_smem(blk384)(g8)","8","double","local","local","16384","16384","32","1","1","1","18","1.610000000e-07","6.631570200e-02","5.413100000e-04","6.685717300e-02","6.504124975e-02","6.449977875e-02","1.815923252e-03","264.138055","266.355475","266.355475","9.785280228e-04","8.249920011e-04","1.240322862e-05","row","0","-1.000000000e+00","-1.000000"
"cuda_warp_smem(blk384)(g8)","8","double","local","local","16384","16384","32","1","1","1","19","1.930000000e-07","6.631545600e-02","5.512770000e-04","6.686692600e-02","6.505425473e-02","6.450278473e-02","1.812671271e-03","264.085251","266.343062","266.343062","9.840000272e-04","8.174719810e-04","1.119926277e-05","row","0","-1.000000000e+00","-1.000000"
"cuda_warp_smem(blk384)(g8)","8","double","local","local","16384","16384","32","1","1","1","20","3.589999999e-07","6.634547900e-02","5.611860000e-04","6.690702400e-02","6.505636464e-02","6.449481964e-02","1.850659359e-03","264.076686","266.375955","266.375955","9.791039824e-04","8.556159735e-04","1.593940297e-05","row","0","-1.000000000e+00","-1.000000"
"cuda_warp_smem(blk512)(g8)","8","double","local","local","16384","16384","3","1","1","1","1","9.200000006e-08","5.905887000e-03","4.392400000e-05","5.949903000e-03","5.732463952e-03","5.688447952e-03","2.174390477e-04","280.963430","283.137466","283.137466","1.179839969e-04","9.049600363e-05","8.959047234e-06","row","0","-1.000000000e+00","-1.000000"
"cuda_warp_smem(blk512)(g8)","8","double","local","local","16384","16384","3","1","1","1","2","1.009999999e-07","5.906380000e-03","4.426500000e-05","5.950746000e-03","5.733805774e-03","5.689439774e-03","2.169402264e-04","280.897679","283.088107","283.088107","1.186880022e-04","8.799999952e-05","1.025222469e-05","row","0","-1.000000000e+00","-1.000000"
"cuda_warp_smem(blk512)(g8)","8","double","local","local","16384","16384","3","1","1","1","3","1.099999998e-07","5.907805000e-03","4.336000000e-05","5.951275000e-03","5.735821818e-03","5.692351818e-03","2.154531819e-04","280.798949","282.943287","282.943287","1.182079986e-04","8.716800064e-05","1.007718270e-05","row","0","-1.000000000e+00","-1.000000"
"cuda_warp_smem(blk512)(g8)","8","double","local","local","16384","16384","3","1","1","1","4","8.200000012e-08","5.921184000e-03","4.374900000e-05","5.965015000e-03","5.745270857e-03","5.701439857e-03","2.197441425e-04","280.337129","282.492278","282.492278","1.190719977e-04","9.087999910e-05","9.792145714e-06","row","0","-1.000000000e+00","-1.000000"
"cuda_warp_smem(blk512)(g8)","8","double","local","local","16384","16384","3","1","1","1","5","8.600000001e-08","5.907008000e-03","4.383000000e-05","5.950924000e-03","5.735019935e-03","5.691103935e-03","2.159040648e-04","280.838211","283.005328","283.005328","1.175360009e-04","8.876799792e-05","9.600065930e-06","row","0","-1.000000000e+00","-1.000000"
"cuda_warp_smem(blk512)(g8)","8","double","local","local","16384","16384","3","1","1","1","6","1.060000001e-07","5.936759000e-03","4.589600000e-05","5.982761000e-03","5.748657792e-03","5.702655792e-03","2.341032078e-04","280.171963","282.432045","282.432045","1.177920029e-04","1.063359976e-04","9.975207326e-06","row","0","-1.000000000e+00","-1.000000"
"cuda_warp_smem(blk512)(g8)","8","double","local","local","16384","16384","3","1","1","1","7","1.570000001e-07","5.911828000e-03","4.492600000e-05","5.956911000e-03","5.734106972e-03","5.689023972e-03","2.228040284e-04","280.882925","283.108798","283.108798","1.207360029e-04","9.324800223e-05","8.820023289e-06","row","0","-1.000000000e+00","-1.000000"
"cuda_warp_smem(blk512)(g8)","8","double","local","local","16384","16384","3","1","1","1","8","1.089999999e-07","5.903294000e-03","4.412600000e-05","5.947529000e-03","5.725642928e-03","5.681407928e-03","2.218860715e-04","281.298145","283.488311","283.488311","1.191999987e-04","9.216000140e-05","1.052607146e-05","row","0","-1.000000000e+00","-1.000000"
"cuda_warp_smem(blk512)(g8)","8","double","local","local","16384","16384","3","1","1","1","9","1.150000002e-07","5.920409000e-03","4.372100000e-05","5.964245000e-03","5.751644018e-03","5.707808018e-03","2.126009823e-04","280.026499","282.177104","282.177104","1.182719991e-04","8.524800092e-05","9.080982288e-06","row","0","-1.000000000e+00","-1.000000"
"cuda_warp_smem(blk512)(g8)","8","double","local","local","16384","16384","3","1","1","1","10","1.450000000e-07","5.917388000e-03","4.361200000e-05","5.961145000e-03","5.743180790e-03","5.699423790e-03","2.179642100e-04","280.439149","282.592205","282.592205","1.185280010e-04","8.963199705e-05","9.804211963e-06","row","0","-1.000000000e+00","-1.000000"
"cuda_warp_smem(blk512)(g8)","8","double","local","local","16384","16384","3","1","1","1","11","9.500000009e-08","5.919628000e-03","4.409400000e-05","5.963817000e-03","5.745405221e-03","5.701216221e-03","2.184117791e-04","280.330573","282.503360","282.503360","1.188800037e-04","9.001599997e-05","9.515775481e-06","row","0","-1.000000000e+00","-1.000000"
"cuda_warp_smem(blk512)(g8)","8","double","local","local","16384","16384","3","1","1","1","12","1.039999999e-07","5.912691000e-03","4.357000000e-05","5.956365000e-03","5.740665920e-03","5.696991920e-03","2.156990795e-04","280.562004","282.712835","282.712835","1.188480034e-04","8.617600054e-05","1.067507555e-05","row","0","-1.000000000e+00","-1.000000"
"cuda_warp_smem(blk512)(g8)","8","double","local","local","16384","16384","3","1","1","1","13","1.050000000e-07","5.902763000e-03","4.531700000e-05","5.948185000e-03","5.727886123e-03","5.682464123e-03","2.202988772e-04","281.187981","283.435619","283.435619","1.180799976e-04","9.206400067e-05","1.015487896e-05","row","0","-1.000000000e+00","-1.000000"
"cuda_warp_smem(blk512)(g8)","8","double","local","local","16384","16384","3","1","1","1","14","1.120000002e-07","5.927949000e-03","4.462800000e-05","5.972689000e-03","5.753380099e-03","5.708640099e-03","2.193089014e-04","279.942001","282.135974","282.135974","1.189119965e-04","9.043200314e-05","9.964901804e-06","row","0","-1.000000000e+00","-1.000000"
"cuda_warp_smem(blk512)(g8)","8","double","local","local","16384","16384","3","1","1","1","15","8.199999990e-08","5.908981000e-03","4.323300000e-05","5.952296000e-03","5.733203000e-03","5.689888000e-03","2.190929995e-04","280.927212","283.065807","283.065807","1.183359995e-04","9.196799994e-05","8.789000028e-06","row","0","-1.000000000e+00","-1.000000"
"cuda_warp_smem(blk512)(g8)","8","double","local","local","16384","16384","3","1","1","1","16","1.119999999e-07","5.911139000e-03","4.435900000e-05","5.955610000e-03","5.736182903e-03","5.691711903e-03","2.194270974e-04","280.781273","282.975098","282.975098","1.184000000e-04","9.113600105e-05","9.891096295e-06","row","0","-1.000000000e+00","-1.000000"
"cuda_warp_smem(blk512)(g8)","8","double","local","local","16384","16384","3","1","1","1","17","1.049999998e-07","5.908167000e-03","4.429900000e-05","5.952571000e-03","5.739891976e-03","5.695487976e-03","2.126790239e-04","280.599834","282.787488","282.787488","1.175680012e-04","8.617600054e-05","8.935022239e-06","row","0","-1.000000000e+00","-1.000000"
"cuda_warp_smem(blk512)(g8)","8","double","local","local","16384","16384","3","1","1","1","18","9.700000003e-08","5.894945000e-03","4.438200000e-05","5.939424000e-03","5.717918980e-03","5.673439980e-03","2.215050204e-04","281.678132","283.886450","283.886450","1.182719991e-04","9.318400174e-05","1.004901964e-05","row","0","-1.000000000e+00","-1.000000"
"cuda_warp_smem(blk512)(g8)","8","double","local","local","16384","16384","3","1","1","1","19","1.039999999e-07","5.893578000e-03","4.679500000e-05","5.940477000e-03","5.724371115e-03","5.677472115e-03","2.161058854e-04","281.360643","283.684834","283.684834","1.177280024e-04","8.777599782e-05","1.060188525e-05","row","0","-1.000000000e+00","-1.000000"
"cuda_warp_smem(blk512)(g8)","8","double","local","local","16384","16384","3","1","1","1","20","1.030000001e-07","5.904079000e-03","4.522600000e-05","5.949408000e-03","5.726704980e-03","5.681375980e-03","2.227030196e-04","281.245977","283.489905","283.489905","1.194560006e-04","9.344000369e-05","9.807015304e-06","row","0","-1.000000000e+00","-1.000000"
"cuda_warp_smem(blk512)(g8)","8","double","local","local","16384","16384","6","1","1","1","1","1.450000000e-07","1.021957300e-02","9.082700000e-05","1.031054500e-02","9.879324013e-03","9.788352013e-03","4.312209874e-04","326.057276","329.087620","329.087620","2.345280051e-04","1.861120015e-04","1.058098070e-05","row","0","-1.000000000e+00","-1.000000"
"cuda_warp_smem(blk512)(g8)","8","double","local","local","16384","16384","6","1","1","1","2","1.850000000e-07","1.021426400e-02","8.950300000e-05","1.030395200e-02","9.872152027e-03","9.782464027e-03","4.317999726e-04","326.294152","329.285696","329.285696","2.328000069e-04","1.886399984e-04","1.035996729e-05","row","0","-1.000000000e+00","-1.000000"
"cuda_warp_smem(blk512)(g8)","8","double","local","local","16384","16384","6","1","1","1","3","1.709999999e-07","1.021569900e-02","8.980700000e-05","1.030567700e-02","9.875322124e-03","9.785344124e-03","4.303548762e-04","326.189407","329.188778","329.188778","2.331520021e-04","1.874240041e-04","9.778869986e-06","row","0","-1.000000000e+00","-1.000000"
"cuda_warp_smem(blk512)(g8)","8","double","local","local","16384","16384","6","1","1","1","4","1.720000000e-07","1.021601200e-02","9.021900000e-05","1.030640300e-02","9.875990709e-03","9.785599709e-03","4.304122914e-04","326.167325","329.180180","329.180180","2.364799976e-04","1.837439984e-04","1.018829540e-05","row","0","-1.000000000e+00","-1.000000"
"cuda_warp_smem(blk512)(g8)","8","double","local","local","16384","16384","6","1","1","1","5","5.219999999e-07","1.020577500e-02","9.063400000e-05","1.029693100e-02","9.875603670e-03","9.784447670e-03","4.213273300e-04","326.180108","329.218938","329.218938","2.329919934e-04","1.787839979e-04","9.551338697e-06","row","0","-1.000000000e+00","-1.000000"
"cuda_warp_smem(blk512)(g8)","8","double","local","local","16384","16384","6","1","1","1","6","3.570000002e-07","1.021247000e-02","8.903700000e-05","1.030186400e-02","9.872625735e-03","9.783231735e-03","4.292382648e-04","326.278496","329.259856","329.259856","2.329600006e-04","1.872960031e-04","8.982261033e-06","row","0","-1.000000000e+00","-1.000000"
"cuda_warp_smem(blk512)(g8)","8","double","local","local","16384","16384","6","1","1","1","7","2.549999998e-07","1.021172700e-02","9.032600000e-05","1.030230800e-02","9.875028670e-03","9.784447670e-03","4.272793300e-04","326.199101","329.218938","329.218938","2.330559939e-04","1.851200014e-04","9.103334667e-06","row","0","-1.000000000e+00","-1.000000"
"cuda_warp_smem(blk512)(g8)","8","double","local","local","16384","16384","6","1","1","1","8","2.689999998e-07","1.020613400e-02","9.032100000e-05","1.029672400e-02","9.877501964e-03","9.786911964e-03","4.192220356e-04","326.117422","329.136042","329.136042","2.339199930e-04","1.757120043e-04","9.590038237e-06","row","0","-1.000000000e+00","-1.000000"
"cuda_warp_smem(blk512)(g8)","8","double","local","local","16384","16384","6","1","1","1","9","1.690000000e-07","1.020243300e-02","8.962100000e-05","1.029222300e-02","9.872350349e-03","9.782560349e-03","4.198726515e-04","326.287597","329.282453","329.282453","2.317759991e-04","1.790719926e-04","9.024659784e-06","row","0","-1.000000000e+00","-1.000000"
"cuda_warp_smem(blk512)(g8)","8","double","local","local","16384","16384","6","1","1","1","10","1.250000001e-07","1.021372100e-02","1.058200000e-04","1.031966600e-02","9.895992646e-03","9.790047646e-03","4.236733544e-04","325.508071","329.030623","329.030623","2.338559926e-04","1.795199960e-04","1.029736583e-05","row","0","-1.000000000e+00","-1.000000"
"cuda_warp_smem(blk512)(g8)","8","double","local","local","16384","16384","6","1","1","1","11","1.410000001e-07","1.020929100e-02","8.920500000e-05","1.029863700e-02","9.869569846e-03","9.780223846e-03","4.290671536e-04","326.379520","329.361119","329.361119","2.304960042e-04","1.781120002e-04","2.045914911e-05","row","0","-1.000000000e+00","-1.000000"
"cuda_warp_smem(blk512)(g8)","8","double","local","local","16384","16384","6","1","1","1","12","1.649999999e-07","1.022243700e-02","8.986600000e-05","1.031246800e-02","9.874574991e-03","9.784543991e-03","4.378930089e-04","326.214088","329.215697","329.215697","2.314240038e-04","1.962240040e-04","1.024500104e-05","row","0","-1.000000000e+00","-1.000000"
"cuda_warp_smem(blk512)(g8)","8","double","local","local","16384","16384","6","1","1","1","13","1.700000001e-07","1.021227700e-02","8.924600000e-05","1.030169300e-02","9.875976059e-03","9.786560059e-03","4.257169414e-04","326.167809","329.147878","329.147878","2.339839935e-04","1.828799993e-04","8.852948596e-06","row","0","-1.000000000e+00","-1.000000"
"cuda_warp_smem(blk512)(g8)","8","double","local","local","16384","16384","6","1","1","1","14","1.620000001e-07","1.020401800e-02","9.014100000e-05","1.029432100e-02","9.877630766e-03","9.787327766e-03","4.166902336e-04","326.113169","329.122060","329.122060","2.368959934e-04","1.701440066e-04","9.650233620e-06","row","0","-1.000000000e+00","-1.000000"
"cuda_warp_smem(blk512)(g8)","8","double","local","local","16384","16384","6","1","1","1","15","1.390000000e-07","1.021327700e-02","9.052000000e-05","1.030393600e-02","9.881282665e-03","9.790623665e-03","4.226533351e-04","325.992645","329.011264","329.011264","2.324800044e-04","1.806399971e-04","9.533333589e-06","row","0","-1.000000000e+00","-1.000000"
"cuda_warp_smem(blk512)(g8)","8","double","local","local","16384","16384","6","1","1","1","16","1.530000000e-07","1.020501200e-02","8.984200000e-05","1.029500700e-02","9.875946614e-03","9.785951614e-03","4.190603856e-04","326.168781","329.168342","329.168342","2.344959974e-04","1.743039936e-04","1.026039461e-05","row","0","-1.000000000e+00","-1.000000"
"cuda_warp_smem(blk512)(g8)","8","double","local","local","16384","16384","6","1","1","1","17","3.920000000e-07","1.041915500e-02","9.306300000e-05","1.051261000e-02","9.882734938e-03","9.789279938e-03","6.298750623e-04","325.944740","329.056426","329.056426","2.362560034e-04","3.833920062e-04","1.022705272e-05","row","0","-1.000000000e+00","-1.000000"
"cuda_warp_smem(blk512)(g8)","8","double","local","local","16384","16384","6","1","1","1","18","2.100000001e-07","1.021165800e-02","8.834000000e-05","1.030020800e-02","9.872933774e-03","9.784383774e-03","4.272742262e-04","326.268316","329.221088","329.221088","2.342399955e-04","1.838400066e-04","9.194224127e-06","row","0","-1.000000000e+00","-1.000000"
"cuda_warp_smem(blk512)(g8)","8","double","local","local","16384","16384","6","1","1","1","19","1.649999999e-07","1.023078800e-02","8.928700000e-05","1.032024000e-02","9.877707692e-03","9.788255692e-03","4.425323085e-04","326.110629","329.090859","329.090859","2.324479967e-04","1.999360025e-04","1.014830924e-05","row","0","-1.000000000e+00","-1.000000"
"cuda_warp_smem(blk512)(g8)","8","double","local","local","16384","16384","6","1","1","1","20","1.810000001e-07","1.021411400e-02","8.889800000e-05","1.030319300e-02","9.877367116e-03","9.788288116e-03","4.258258835e-04","326.121874","329.089769","329.089769","2.373760045e-04","1.784320027e-04","1.001787642e-05","row","0","-1.000000000e+00","-1.000000"
"cuda_warp_smem(blk512)(g8)","8","double","local","local","16384","16384","8","1","1","1","1","1.470000002e-07","1.414605100e-02","1.211140000e-04","1.426731200e-02","1.371946943e-02","1.359820843e-02","5.478425726e-04","313.056370","315.848027","315.848027","3.033599854e-04","2.338880002e-04","1.059458697e-05","row","0","-1.000000000e+00","-1.000000"
"cuda_warp_smem(blk512)(g8)","8","double","local","local","16384","16384","8","1","1","1","2","1.890000001e-07","1.414568700e-02","1.194850000e-04","1.426536100e-02","1.372133759e-02","1.360166359e-02","5.440234105e-04","313.013747","315.767793","315.767793","3.055680096e-04","2.284159958e-04","1.003940507e-05","row","0","-1.000000000e+00","-1.000000"
"cuda_warp_smem(blk512)(g8)","8","double","local","local","16384","16384","8","1","1","1","3","1.409999999e-07","1.415348000e-02","1.191570000e-04","1.427277800e-02","1.372867395e-02","1.360937595e-02","5.441040463e-04","312.846478","315.588849","315.588849","3.049919903e-04","2.295999974e-04","9.512058597e-06","row","0","-1.000000000e+00","-1.000000"
"cuda_warp_smem(blk512)(g8)","8","double","local","local","16384","16384","8","1","1","1","4","1.880000000e-07","1.415474300e-02","1.204810000e-04","1.427541200e-02","1.372127687e-02","1.360060787e-02","5.541351280e-04","313.015132","315.792304","315.792304","3.112959862e-04","2.320639938e-04","1.077514800e-05","row","0","-1.000000000e+00","-1.000000"
"cuda_warp_smem(blk512)(g8)","8","double","local","local","16384","16384","8","1","1","1","5","1.630000002e-07","1.413912700e-02","1.193300000e-04","1.425862000e-02","1.371846914e-02","1.359897614e-02","5.401508647e-04","313.079197","315.830196","315.830196","3.033280075e-04","2.275200039e-04","9.302853372e-06","row","0","-1.000000000e+00","-1.000000"
"cuda_warp_smem(blk512)(g8)","8","double","local","local","16384","16384","8","1","1","1","6","1.890000001e-07","1.414155400e-02","1.211560000e-04","1.426289900e-02","1.372480054e-02","1.360345554e-02","5.380984565e-04","312.934770","315.726198","315.726198","3.057279885e-04","2.224320024e-04","9.938465575e-06","row","0","-1.000000000e+00","-1.000000"
"cuda_warp_smem(blk512)(g8)","8","double","local","local","16384","16384","8","1","1","1","7","1.450000000e-07","1.420736800e-02","1.904690000e-04","1.439798200e-02","1.378891779e-02","1.359830379e-02","6.090642051e-04","311.479651","315.845811","315.845811","3.045119941e-04","2.932800055e-04","1.127220556e-05","row","0","-1.000000000e+00","-1.000000"
"cuda_warp_smem(blk512)(g8)","8","double","local","local","16384","16384","8","1","1","1","8","2.740000000e-07","1.425921500e-02","2.177140000e-04","1.447720300e-02","1.382070826e-02","1.360272026e-02","6.564947394e-04","310.763183","315.743264","315.743264","3.198719919e-04","3.235200047e-04","1.310274276e-05","row","0","-1.000000000e+00","-1.000000"
"cuda_warp_smem(blk512)(g8)","8","double","local","local","16384","16384","8","1","1","1","9","3.829999999e-07","1.424861800e-02","2.174910000e-04","1.446649200e-02","1.381841798e-02","1.360054398e-02","6.480740242e-04","310.814690","315.793788","315.793788","3.114880025e-04","3.225919902e-04","1.399403140e-05","row","0","-1.000000000e+00","-1.000000"
"cuda_warp_smem(blk512)(g8)","8","double","local","local","16384","16384","8","1","1","1","10","3.869999998e-07","1.425662300e-02","2.115280000e-04","1.446853800e-02","1.381127547e-02","1.359936047e-02","6.572625340e-04","310.975428","315.821270","315.821270","3.212479949e-04","3.222720027e-04","1.374253640e-05","row","0","-1.000000000e+00","-1.000000"
"cuda_warp_smem(blk512)(g8)","8","double","local","local","16384","16384","8","1","1","1","11","3.479999999e-07","1.425482900e-02","2.057800000e-04","1.446095700e-02","1.380868804e-02","1.360256004e-02","6.522689567e-04","311.033697","315.746983","315.746983","3.185920119e-04","3.189760149e-04","1.470092988e-05","row","0","-1.000000000e+00","-1.000000"
"cuda_warp_smem(blk512)(g8)","8","double","local","local","16384","16384","8","1","1","1","12","3.240000002e-07","1.420670700e-02","1.309480000e-04","1.433797900e-02","1.373578421e-02","1.360451221e-02","6.021947853e-04","312.684535","315.701675","315.701675","3.190400004e-04","2.663039863e-04","1.685079859e-05","row","0","-1.000000000e+00","-1.000000"
"cuda_warp_smem(blk512)(g8)","8","double","local","local","16384","16384","8","1","1","1","13","1.439999999e-07","1.413631200e-02","1.197890000e-04","1.425624500e-02","1.371686064e-02","1.359692764e-02","5.393843572e-04","313.115910","315.877778","315.877778","3.120639920e-04","2.170560062e-04","1.026435896e-05","row","0","-1.000000000e+00","-1.000000"
"cuda_warp_smem(blk512)(g8)","8","double","local","local","16384","16384","8","1","1","1","14","1.300000001e-07","1.414083700e-02","1.234540000e-04","1.426442100e-02","1.372761556e-02","1.360403156e-02","5.368054372e-04","312.870598","315.712829","315.712829","3.088960052e-04","2.181120068e-04","9.797425258e-06","row","0","-1.000000000e+00","-1.000000"
"cuda_warp_smem(blk512)(g8)","8","double","local","local","16384","16384","8","1","1","1","15","1.370000000e-07","1.414519700e-02","1.206510000e-04","1.426598500e-02","1.372402038e-02","1.360323238e-02","5.419646163e-04","312.952559","315.731377","315.731377","3.142080009e-04","2.147199959e-04","1.303661952e-05","row","0","-1.000000000e+00","-1.000000"
"cuda_warp_smem(blk512)(g8)","8","double","local","local","16384","16384","8","1","1","1","16","1.679999999e-07","1.413343000e-02","1.221520000e-04","1.425575000e-02","1.372055990e-02","1.359823990e-02","5.351901013e-04","313.031489","315.847296","315.847296","3.106879890e-04","2.134400010e-04","1.106211131e-05","row","0","-1.000000000e+00","-1.000000"
"cuda_warp_smem(blk512)(g8)","8","double","local","local","16384","16384","8","1","1","1","17","1.740000000e-07","1.413304600e-02","1.193360000e-04","1.425255600e-02","1.371851761e-02","1.359900761e-02","5.340383935e-04","313.078090","315.829465","315.829465","3.094719946e-04","2.139199972e-04","1.064640164e-05","row","0","-1.000000000e+00","-1.000000"
"cuda_warp_smem(blk512)(g8)","8","double","local","local","16384","16384","8","1","1","1","18","1.900000000e-07","1.413842400e-02","1.189400000e-04","1.425755400e-02","1.372057043e-02","1.360144043e-02","5.369835703e-04","313.031249","315.772974","315.772974","3.116799891e-04","2.154240012e-04","9.879579996e-06","row","0","-1.000000000e+00","-1.000000"
"cuda_warp_smem(blk512)(g8)","8","double","local","local","16384","16384","8","1","1","1","19","1.610000000e-07","1.415660600e-02","1.213850000e-04","1.427815200e-02","1.372369024e-02","1.360214424e-02","5.544617587e-04","312.960087","315.756635","315.756635","3.114559948e-04","2.330240011e-04","9.981762701e-06","row","0","-1.000000000e+00","-1.000000"
"cuda_warp_smem(blk512)(g8)","8","double","local","local","16384","16384","8","1","1","1","20","1.430000001e-07","1.412611200e-02","1.196300000e-04","1.424588500e-02","1.371810922e-02","1.359833622e-02","5.277757802e-04","313.087411","315.845058","315.845058","3.109759986e-04","2.069119960e-04","9.887785565e-06","row","0","-1.000000000e+00","-1.000000"
"cuda_warp_smem(blk512)(g8)","8","double","local","local","16384","16384","20","1","1","1","1","2.130000001e-07","3.912276800e-02","3.122630000e-04","3.943524400e-02","3.417951473e-02","3.386703873e-02","5.255729273e-03","314.147767","317.046268","317.046268","6.027839780e-04","4.640384197e-03","1.256109797e-05","row","0","-1.000000000e+00","-1.000000"
"cuda_warp_smem(blk512)(g8)","8","double","local","local","16384","16384","20","1","1","1","2","2.319999999e-07","3.496833900e-02","3.077000000e-04","3.527627100e-02","3.418073092e-02","3.387279892e-02","1.095540080e-03","314.136590","316.992353","316.992353","6.090559959e-04","4.761280119e-04","1.035607244e-05","row","0","-1.000000000e+00","-1.000000"
"cuda_warp_smem(blk512)(g8)","8","double","local","local","16384","16384","20","1","1","1","3","2.060000002e-07","3.493012500e-02","3.031030000e-04","3.523343400e-02","3.417047743e-02","3.386716843e-02","1.062956573e-03","314.230852","317.045054","317.045054","5.988479853e-04","4.524799883e-04","1.162859988e-05","row","0","-1.000000000e+00","-1.000000"
"cuda_warp_smem(blk512)(g8)","8","double","local","local","16384","16384","20","1","1","1","4","1.430000001e-07","3.492001100e-02","3.030860000e-04","3.522324000e-02","3.417203012e-02","3.386880112e-02","1.051209883e-03","314.216574","317.029770","317.029770","5.932800174e-04","4.464319944e-04","1.149787124e-05","row","0","-1.000000000e+00","-1.000000"
"cuda_warp_smem(blk512)(g8)","8","double","local","local","16384","16384","20","1","1","1","5","1.270000001e-07","3.492043400e-02","2.989170000e-04","3.521947800e-02","3.417030941e-02","3.387126541e-02","1.049168589e-03","314.232397","317.006705","317.006705","5.990399718e-04","4.388160110e-04","1.131260584e-05","row","0","-1.000000000e+00","-1.000000"
"cuda_warp_smem(blk512)(g8)","8","double","local","local","16384","16384","20","1","1","1","6","1.100000000e-07","3.491545900e-02","3.052420000e-04","3.522081100e-02","3.417933729e-02","3.387398529e-02","1.041473709e-03","314.149398","316.981251","316.981251","5.978559852e-04","4.320000112e-04","1.161771310e-05","row","0","-1.000000000e+00","-1.000000"
"cuda_warp_smem(blk512)(g8)","8","double","local","local","16384","16384","20","1","1","1","7","1.180000000e-07","3.491361700e-02","3.159830000e-04","3.522971800e-02","3.418553917e-02","3.386943817e-02","1.044178829e-03","314.092406","317.023807","317.023807","5.922560096e-04","4.402239919e-04","1.169882716e-05","row","0","-1.000000000e+00","-1.000000"
"cuda_warp_smem(blk512)(g8)","8","double","local","local","16384","16384","20","1","1","1","8","2.269999999e-07","3.492610500e-02","3.028950000e-04","3.522922700e-02","3.417230459e-02","3.386918259e-02","1.056922413e-03","314.214051","317.026200","317.026200","5.947840214e-04","4.512000084e-04","1.093838356e-05","row","0","-1.000000000e+00","-1.000000"
"cuda_warp_smem(blk512)(g8)","8","double","local","local","16384","16384","20","1","1","1","9","1.540000001e-07","3.491616200e-02","3.018490000e-04","3.521816500e-02","3.417316923e-02","3.387116623e-02","1.044995771e-03","314.206100","317.007633","317.007633","5.975679755e-04","4.347200096e-04","1.270778567e-05","row","0","-1.000000000e+00","-1.000000"
"cuda_warp_smem(blk512)(g8)","8","double","local","local","16384","16384","20","1","1","1","10","1.440000001e-07","3.490952800e-02","3.217040000e-04","3.523137600e-02","3.419212159e-02","3.387027359e-02","1.039254410e-03","314.031939","317.015988","317.015988","5.920320153e-04","4.359039962e-04","1.131839836e-05","row","0","-1.000000000e+00","-1.000000"
"cuda_warp_smem(blk512)(g8)","8","double","local","local","16384","16384","20","1","1","1","11","1.360000002e-07","3.495877700e-02","3.078980000e-04","3.526681100e-02","3.417808252e-02","3.387004852e-02","1.088728477e-03","314.160931","317.018094","317.018094","6.218879819e-04","4.561919868e-04","1.064850836e-05","row","0","-1.000000000e+00","-1.000000"
"cuda_warp_smem(blk512)(g8)","8","double","local","local","16384","16384","20","1","1","1","12","1.380000003e-07","3.492811900e-02","3.003280000e-04","3.522858500e-02","3.417070526e-02","3.387023926e-02","1.057879742e-03","314.228757","317.016309","317.016309","5.909759998e-04","4.556800127e-04","1.122372965e-05","row","0","-1.000000000e+00","-1.000000"
"cuda_warp_smem(blk512)(g8)","8","double","local","local","16384","16384","20","1","1","1","13","1.369999998e-07","3.490474500e-02","3.051380000e-04","3.521002000e-02","3.416732410e-02","3.386204910e-02","1.042695897e-03","314.259853","317.092985","317.092985","5.951359868e-04","4.367679954e-04","1.079191505e-05","row","0","-1.000000000e+00","-1.000000"
"cuda_warp_smem(blk512)(g8)","8","double","local","local","16384","16384","20","1","1","1","14","1.970000003e-07","3.491100300e-02","3.034950000e-04","3.521469500e-02","3.417438139e-02","3.387068939e-02","1.040313608e-03","314.194955","317.012096","317.012096","5.999040008e-04","4.301440120e-04","1.026559518e-05","row","0","-1.000000000e+00","-1.000000"
"cuda_warp_smem(blk512)(g8)","8","double","local","local","16384","16384","20","1","1","1","15","1.510000001e-07","3.491298800e-02","3.098840000e-04","3.522302300e-02","3.418123556e-02","3.387120056e-02","1.041787438e-03","314.131952","317.007312","317.007312","5.977920294e-04","4.336000085e-04","1.039540061e-05","row","0","-1.000000000e+00","-1.000000"
"cuda_warp_smem(blk512)(g8)","8","double","local","local","16384","16384","20","1","1","1","16","2.740000000e-07","3.542619500e-02","8.889780000e-04","3.631544700e-02","3.476221114e-02","3.387295914e-02","1.553235863e-03","308.881912","316.990854","316.990854","6.032959819e-04","9.370239973e-04","1.291588385e-05","row","0","-1.000000000e+00","-1.000000"
"cuda_warp_smem(blk512)(g8)","8","double","local","local","16384","16384","20","1","1","1","17","2.729999999e-07","3.546475200e-02","3.058300000e-04","3.577085500e-02","3.417659784e-02","3.387049484e-02","1.594257157e-03","314.174579","317.013917","317.013917","1.146432042e-03","4.359999895e-04","1.182512584e-05","row","0","-1.000000000e+00","-1.000000"
"cuda_warp_smem(blk512)(g8)","8","double","local","local","16384","16384","20","1","1","1","18","2.079999999e-07","3.489703200e-02","3.007860000e-04","3.519802600e-02","3.416214665e-02","3.386115265e-02","1.035879351e-03","314.307480","317.101380","317.101380","5.917440057e-04","4.318720102e-04","1.226333516e-05","row","0","-1.000000000e+00","-1.000000"
"cuda_warp_smem(blk512)(g8)","8","double","local","local","16384","16384","20","1","1","1","19","1.420000002e-07","3.489907900e-02","2.985640000e-04","3.519778500e-02","3.416299433e-02","3.386428833e-02","1.034790670e-03","314.299682","317.072018","317.072018","5.951359868e-04","4.284160137e-04","1.123866940e-05","row","0","-1.000000000e+00","-1.000000"
"cuda_warp_smem(blk512)(g8)","8","double","local","local","16384","16384","20","1","1","1","20","1.540000003e-07","3.492949100e-02","3.041260000e-04","3.523377100e-02","3.417356177e-02","3.386928177e-02","1.060209231e-03","314.202491","317.025271","317.025271","5.992000103e-04","4.472000003e-04","1.380922062e-05","row","0","-1.000000000e+00","-1.000000"
"cuda_warp_smem(blk512)(g8)","8","double","local","local","16384","16384","32","1","1","1","1","2.580000000e-07","5.774379100e-02","5.162330000e-04","5.826028200e-02","5.637693793e-02","5.586044693e-02","1.883344070e-03","304.732215","307.549798","307.549798","1.000607967e-03","8.700479865e-04","1.268811618e-05","row","0","-1.000000000e+00","-1.000000"
"cuda_warp_smem(blk512)(g8)","8","double","local","local","16384","16384","32","1","1","1","2","2.520000000e-07","5.770621700e-02","5.271380000e-04","5.823360700e-02","5.638070345e-02","5.585331345e-02","1.852903554e-03","304.711863","307.589078","307.589078","9.754559994e-04","8.645120263e-04","1.293552827e-05","row","0","-1.000000000e+00","-1.000000"
"cuda_warp_smem(blk512)(g8)","8","double","local","local","16384","16384","32","1","1","1","3","2.749999999e-07","5.769466300e-02","5.187020000e-04","5.821364000e-02","5.637936289e-02","5.586038589e-02","1.834277105e-03","304.719108","307.550134","307.550134","9.687039852e-04","8.532800078e-04","1.229311217e-05","row","0","-1.000000000e+00","-1.000000"
"cuda_warp_smem(blk512)(g8)","8","double","local","local","16384","16384","32","1","1","1","4","2.649999999e-07","5.771442600e-02","5.663390000e-04","5.828103000e-02","5.642093978e-02","5.585433578e-02","1.860090215e-03","304.494559","307.583448","307.583448","9.740800261e-04","8.736320138e-04","1.237817514e-05","row","0","-1.000000000e+00","-1.000000"
"cuda_warp_smem(blk512)(g8)","8","double","local","local","16384","16384","32","1","1","1","5","2.540000001e-07","5.770673400e-02","5.131230000e-04","5.822011100e-02","5.636537819e-02","5.585200119e-02","1.854732810e-03","304.794711","307.596305","307.596305","9.761599898e-04","8.660479784e-04","1.252484158e-05","row","0","-1.000000000e+00","-1.000000"
"cuda_warp_smem(blk512)(g8)","8","double","local","local","16384","16384","32","1","1","1","6","1.699999999e-07","5.768450900e-02","5.250550000e-04","5.820973400e-02","5.637684091e-02","5.585161591e-02","1.832893094e-03","304.732740","307.598427","307.598427","9.731839895e-04","8.470399976e-04","1.266910714e-05","row","0","-1.000000000e+00","-1.000000"
"cuda_warp_smem(blk512)(g8)","8","double","local","local","16384","16384","32","1","1","1","7","1.720000000e-07","5.767541500e-02","5.408230000e-04","5.821641000e-02","5.640371549e-02","5.586272049e-02","1.812694510e-03","304.587544","307.537281","307.537281","9.624639750e-04","8.383039832e-04","1.192655233e-05","row","0","-1.000000000e+00","-1.000000"
"cuda_warp_smem(blk512)(g8)","8","double","local","local","16384","16384","32","1","1","1","8","1.720000000e-07","5.767462900e-02","5.385600000e-04","5.821336100e-02","5.639034791e-02","5.585161591e-02","1.823013094e-03","304.659748","307.598427","307.598427","9.671040177e-04","8.415039778e-04","1.440509873e-05","row","0","-1.000000000e+00","-1.000000"
"cuda_warp_smem(blk512)(g8)","8","double","local","local","16384","16384","32","1","1","1","9","1.760000004e-07","5.767605800e-02","5.172980000e-04","5.819353200e-02","5.637510568e-02","5.585763168e-02","1.818426317e-03","304.742119","307.565299","307.565299","9.586560130e-04","8.475840092e-04","1.218629447e-05","row","0","-1.000000000e+00","-1.000000"
"cuda_warp_smem(blk512)(g8)","8","double","local","local","16384","16384","32","1","1","1","10","1.650000003e-07","5.852682200e-02","1.426387000e-03","5.995337400e-02","5.728066272e-02","5.585411072e-02","2.672711282e-03","299.924414","307.584687","307.584687","9.682880044e-04","1.690016031e-03","1.440724656e-05","row","0","-1.000000000e+00","-1.000000"
"cuda_warp_smem(blk512)(g8)","8","double","local","local","16384","16384","32","1","1","1","11","9.479999998e-07","5.852722900e-02","5.216820000e-04","5.904985900e-02","5.638170364e-02","5.585907364e-02","2.668155361e-03","304.706458","307.557359","307.557359","1.818528056e-03","8.363519907e-04","1.327531424e-05","row","0","-1.000000000e+00","-1.000000"
"cuda_warp_smem(blk512)(g8)","8","double","local","local","16384","16384","32","1","1","1","12","1.740000002e-07","5.766433500e-02","5.045440000e-04","5.816905300e-02","5.635793226e-02","5.585321426e-02","1.811120736e-03","304.834981","307.589624","307.589624","9.626880288e-04","8.360959888e-04","1.233671852e-05","row","0","-1.000000000e+00","-1.000000"
"cuda_warp_smem(blk512)(g8)","8","double","local","local","16384","16384","32","1","1","1","13","1.800000002e-07","5.766995200e-02","5.189670000e-04","5.818909900e-02","5.637732419e-02","5.585817719e-02","1.811774815e-03","304.730127","307.562295","307.562295","9.618560076e-04","8.372799754e-04","1.263883195e-05","row","0","-1.000000000e+00","-1.000000"
"cuda_warp_smem(blk512)(g8)","8","double","local","local","16384","16384","32","1","1","1","14","1.690000002e-07","5.766908000e-02","5.273410000e-04","5.819659000e-02","5.638312752e-02","5.585561752e-02","1.813462477e-03","304.698763","307.576390","307.576390","9.639359713e-04","8.382400274e-04","1.128647812e-05","row","0","-1.000000000e+00","-1.000000"
"cuda_warp_smem(blk512)(g8)","8","double","local","local","16384","16384","32","1","1","1","15","1.560000000e-07","5.767637300e-02","5.271130000e-04","5.820364200e-02","5.638141405e-02","5.585414505e-02","1.822227950e-03","304.708023","307.584498","307.584498","9.679999948e-04","8.407359719e-04","1.349198327e-05","row","0","-1.000000000e+00","-1.000000"
"cuda_warp_smem(blk512)(g8)","8","double","local","local","16384","16384","32","1","1","1","16","1.630000002e-07","5.853085500e-02","1.434803000e-03","5.996582100e-02","5.729358950e-02","5.585862350e-02","2.672231495e-03","299.856744","307.559838","307.559838","9.742400050e-04","1.683231950e-03","1.475954054e-05","row","0","-1.000000000e+00","-1.000000"
"cuda_warp_smem(blk512)(g8)","8","double","local","local","16384","16384","32","1","1","1","17","9.460000001e-07","5.852455400e-02","5.188530000e-04","5.904435300e-02","5.637528682e-02","5.585548782e-02","2.669066177e-03","304.741140","307.577104","307.577104","1.826560020e-03","8.292160034e-04","1.329015265e-05","row","0","-1.000000000e+00","-1.000000"
"cuda_warp_smem(blk512)(g8)","8","double","local","local","16384","16384","32","1","1","1","18","1.689999998e-07","5.767496300e-02","5.252840000e-04","5.820041600e-02","5.637838116e-02","5.585292816e-02","1.822034838e-03","304.724414","307.591200","307.591200","9.702399969e-04","8.404480219e-04","1.134681958e-05","row","0","-1.000000000e+00","-1.000000"
"cuda_warp_smem(blk512)(g8)","8","double","local","local","16384","16384","32","1","1","1","19","1.620000001e-07","5.768576600e-02","5.279270000e-04","5.821385500e-02","5.638719316e-02","5.585910416e-02","1.826661844e-03","304.676793","307.557191","307.557191","9.648320079e-04","8.499199748e-04","1.190986082e-05","row","0","-1.000000000e+00","-1.000000"
"cuda_warp_smem(blk512)(g8)","8","double","local","local","16384","16384","32","1","1","1","20","1.390000000e-07","5.766344700e-02","5.107040000e-04","5.817429000e-02","5.636501857e-02","5.585417557e-02","1.809271432e-03","304.796656","307.584330","307.584330","9.634559751e-04","8.322560191e-04","1.355943820e-05","row","0","-1.000000000e+00","-1.000000"
"cuda_warp_smem(blk1024)(g8)","8","double","local","local","16384","16384","3","1","1","1","1","9.899999998e-08","6.080918000e-03","4.517400000e-05","6.126191000e-03","5.907128984e-03","5.861855984e-03","2.190620163e-04","272.655759","274.761567","274.761567","1.187520027e-04","9.052799642e-05","9.782017129e-06","row","0","-1.000000000e+00","-1.000000"
"cuda_warp_smem(blk1024)(g8)","8","double","local","local","16384","16384","3","1","1","1","2","1.060000001e-07","6.080668000e-03","4.505900000e-05","6.125833000e-03","5.907340941e-03","5.862175941e-03","2.184920585e-04","272.645976","274.746571","274.746571","1.187520027e-04","8.982399851e-05","9.916057306e-06","row","0","-1.000000000e+00","-1.000000"
"cuda_warp_smem(blk1024)(g8)","8","double","local","local","16384","16384","3","1","1","1","3","1.190000001e-07","6.078098000e-03","4.436500000e-05","6.122582000e-03","5.908004145e-03","5.863520145e-03","2.145778546e-04","272.615370","274.683585","274.683585","1.184320003e-04","8.617600054e-05","9.969853769e-06","row","0","-1.000000000e+00","-1.000000"
"cuda_warp_smem(blk1024)(g8)","8","double","local","local","16384","16384","3","1","1","1","4","1.190000001e-07","7.622351000e-03","4.472100000e-05","7.667191000e-03","5.916552208e-03","5.871712208e-03","1.750638792e-03","272.221503","274.300354","274.300354","1.182399988e-04","1.622272015e-03","1.012677877e-05","row","0","-1.000000000e+00","-1.000000"
"cuda_warp_smem(blk1024)(g8)","8","double","local","local","16384","16384","3","1","1","1","5","1.290000000e-07","6.086803000e-03","4.474200000e-05","6.131674000e-03","5.910439161e-03","5.865568161e-03","2.212348390e-04","272.503056","274.587677","274.587677","1.208639964e-04","9.132800251e-05","9.042840031e-06","row","0","-1.000000000e+00","-1.000000"
"cuda_warp_smem(blk1024)(g8)","8","double","local","local","16384","16384","3","1","1","1","6","1.109999999e-07","6.088422000e-03","4.449500000e-05","6.133028000e-03","5.915997773e-03","5.871391773e-03","2.170302268e-04","272.247015","274.315324","274.315324","1.193279997e-04","8.761599660e-05","1.008623053e-05","row","0","-1.000000000e+00","-1.000000"
"cuda_warp_smem(blk1024)(g8)","8","double","local","local","16384","16384","3","1","1","1","7","1.070000000e-07","6.084950000e-03","4.454100000e-05","6.129598000e-03","5.909640142e-03","5.864992142e-03","2.199578583e-04","272.539900","274.614645","274.614645","1.202559993e-04","9.027200192e-05","9.429857087e-06","row","0","-1.000000000e+00","-1.000000"
"cuda_warp_smem(blk1024)(g8)","8","double","local","local","16384","16384","3","1","1","1","8","1.140000001e-07","5.832907000e-03","4.456700000e-05","5.877588000e-03","5.660616802e-03","5.615935802e-03","2.169711975e-04","284.529547","286.793295","286.793295","1.185920015e-04","8.969599754e-05","8.683198506e-06","row","0","-1.000000000e+00","-1.000000"
"cuda_warp_smem(blk1024)(g8)","8","double","local","local","16384","16384","3","1","1","1","9","1.079999998e-07","5.694786000e-03","4.427000000e-05","5.739164000e-03","5.521946150e-03","5.477568150e-03","2.172178504e-04","291.674836","294.037918","294.037918","1.199039966e-04","8.857599646e-05","8.737857388e-06","row","0","-1.000000000e+00","-1.000000"
"cuda_warp_smem(blk1024)(g8)","8","double","local","local","16384","16384","3","1","1","1","10","1.049999998e-07","5.686852000e-03","4.438400000e-05","5.731341000e-03","5.511880968e-03","5.467391968e-03","2.194600322e-04","292.207460","294.585196","294.585196","1.193920001e-04","9.020800143e-05","9.860030653e-06","row","0","-1.000000000e+00","-1.000000"
"cuda_warp_smem(blk1024)(g8)","8","double","local","local","16384","16384","3","1","1","1","11","1.039999999e-07","5.680000000e-03","4.414200000e-05","5.724246000e-03","5.502901834e-03","5.458655834e-03","2.213441658e-04","292.684257","295.056656","295.056656","1.224000007e-04","9.052799642e-05","8.416168690e-06","row","0","-1.000000000e+00","-1.000000"
"cuda_warp_smem(blk1024)(g8)","8","double","local","local","16384","16384","3","1","1","1","12","1.090000001e-07","5.669833000e-03","4.379900000e-05","5.713741000e-03","5.502019763e-03","5.458111763e-03","2.117212370e-04","292.731180","295.086067","295.086067","1.188160032e-04","8.310399950e-05","9.801234300e-06","row","0","-1.000000000e+00","-1.000000"
"cuda_warp_smem(blk1024)(g8)","8","double","local","local","16384","16384","3","1","1","1","13","1.090000001e-07","5.678499000e-03","4.457100000e-05","5.723179000e-03","5.506311775e-03","5.461631775e-03","2.168672251e-04","292.503004","294.895885","294.895885","1.193920001e-04","8.809600025e-05","9.379224705e-06","row","0","-1.000000000e+00","-1.000000"
"cuda_warp_smem(blk1024)(g8)","8","double","local","local","16384","16384","3","1","1","1","14","8.200000012e-08","5.669769000e-03","4.459000000e-05","5.714441000e-03","5.497568118e-03","5.452896118e-03","2.168728818e-04","292.968218","295.368315","295.368315","1.189119965e-04","8.819200099e-05","9.768884367e-06","row","0","-1.000000000e+00","-1.000000"
"cuda_warp_smem(blk1024)(g8)","8","double","local","local","16384","16384","3","1","1","1","15","1.050000003e-07","5.666709000e-03","4.347200000e-05","5.710286000e-03","5.494681164e-03","5.451104164e-03","2.156048359e-04","293.122146","295.465412","295.465412","1.197120026e-04","8.614400029e-05","9.748833009e-06","row","0","-1.000000000e+00","-1.000000"
"cuda_warp_smem(blk1024)(g8)","8","double","local","local","16384","16384","3","1","1","1","16","1.080000001e-07","5.679862000e-03","4.395000000e-05","5.723920000e-03","5.505498086e-03","5.461440086e-03","2.184219136e-04","292.546235","294.906235","294.906235","1.184960008e-04","8.988799900e-05","1.003791387e-05","row","0","-1.000000000e+00","-1.000000"
"cuda_warp_smem(blk1024)(g8)","8","double","local","local","16384","16384","3","1","1","1","17","1.040000002e-07","5.667768000e-03","4.318100000e-05","5.711053000e-03","5.494069206e-03","5.450784206e-03","2.169837936e-04","293.154796","295.482755","295.482755","1.190079972e-04","8.844800293e-05","9.527793460e-06","row","0","-1.000000000e+00","-1.000000"
"cuda_warp_smem(blk1024)(g8)","8","double","local","local","16384","16384","3","1","1","1","18","1.329999999e-07","5.667917000e-03","4.467700000e-05","5.712727000e-03","5.497513953e-03","5.452703953e-03","2.152130472e-04","292.971105","295.378724","295.378724","1.230399981e-04","8.364800364e-05","8.525045459e-06","row","0","-1.000000000e+00","-1.000000"
"cuda_warp_smem(blk1024)(g8)","8","double","local","local","16384","16384","3","1","1","1","19","1.080000001e-07","5.670012000e-03","4.432100000e-05","5.714441000e-03","5.496236976e-03","5.451807976e-03","2.182040242e-04","293.039173","295.427268","295.427268","1.191359982e-04","8.975999802e-05","9.308028018e-06","row","0","-1.000000000e+00","-1.000000"
"cuda_warp_smem(blk1024)(g8)","8","double","local","local","16384","16384","3","1","1","1","20","1.150000002e-07","5.674938000e-03","4.419000000e-05","5.719243000e-03","5.505169067e-03","5.460864067e-03","2.140739329e-04","292.563719","294.937343","294.937343","1.195840016e-04","8.483199775e-05","9.657933569e-06","row","0","-1.000000000e+00","-1.000000"
"cuda_warp_smem(blk1024)(g8)","8","double","local","local","16384","16384","6","1","1","1","1","1.770000000e-07","1.132716800e-02","8.915200000e-05","1.141649700e-02","1.098212933e-02","1.089280033e-02","4.343676689e-04","293.315201","295.720602","295.720602","2.314880043e-04","1.939840019e-04","8.895662682e-06","row","0","-1.000000000e+00","-1.000000"
"cuda_warp_smem(blk1024)(g8)","8","double","local","local","16384","16384","6","1","1","1","2","1.130000000e-07","1.132586300e-02","9.114700000e-05","1.141712300e-02","1.098242764e-02","1.089116764e-02","4.346953593e-04","293.307234","295.764933","295.764933","2.300480008e-04","1.941439956e-04","1.050336286e-05","row","0","-1.000000000e+00","-1.000000"
"cuda_warp_smem(blk1024)(g8)","8","double","local","local","16384","16384","6","1","1","1","3","1.440000001e-07","1.133334300e-02","8.980900000e-05","1.142329600e-02","1.098374515e-02","1.089379215e-02","4.395508476e-04","293.272051","295.693678","295.693678","2.322880030e-04","1.965119988e-04","1.075084585e-05","row","0","-1.000000000e+00","-1.000000"
"cuda_warp_smem(blk1024)(g8)","8","double","local","local","16384","16384","6","1","1","1","4","1.169999999e-07","1.133013000e-02","9.019400000e-05","1.142044100e-02","1.098560710e-02","1.089529610e-02","4.348339032e-04","293.222345","295.652862","295.652862","2.328319997e-04","1.918399930e-04","1.016191054e-05","row","0","-1.000000000e+00","-1.000000"
"cuda_warp_smem(blk1024)(g8)","8","double","local","local","16384","16384","6","1","1","1","5","1.350000001e-07","1.132452500e-02","8.899700000e-05","1.141365700e-02","1.098193233e-02","1.089280033e-02","4.317246689e-04","293.320463","295.720602","295.720602","2.359039932e-04","1.867520064e-04","9.068669224e-06","row","0","-1.000000000e+00","-1.000000"
"cuda_warp_smem(blk1024)(g8)","8","double","local","local","16384","16384","6","1","1","1","6","1.219999999e-07","1.133419300e-02","8.845900000e-05","1.142277400e-02","1.098288528e-02","1.089430428e-02","4.398887245e-04","293.295012","295.679778","295.679778","2.373439968e-04","1.928640008e-04","9.680726927e-06","row","0","-1.000000000e+00","-1.000000"
"cuda_warp_smem(blk1024)(g8)","8","double","local","local","16384","16384","6","1","1","1","7","1.220000001e-07","1.132130000e-02","9.007700000e-05","1.141149900e-02","1.098411894e-02","1.089391994e-02","4.273800552e-04","293.262071","295.690210","295.690210","2.306559980e-04","1.873279959e-04","9.396061349e-06","row","0","-1.000000000e+00","-1.000000"
"cuda_warp_smem(blk1024)(g8)","8","double","local","local","16384","16384","6","1","1","1","8","1.230000000e-07","1.132257000e-02","9.199500000e-05","1.141468800e-02","1.098638985e-02","1.089427185e-02","4.282981494e-04","293.201453","295.680658","295.680658","2.323199958e-04","1.870079935e-04","8.970160194e-06","row","0","-1.000000000e+00","-1.000000"
"cuda_warp_smem(blk1024)(g8)","8","double","local","local","16384","16384","6","1","1","1","9","1.370000002e-07","1.132044700e-02","8.976700000e-05","1.141035100e-02","1.098414438e-02","1.089424038e-02","4.262066207e-04","293.261392","295.681512","295.681512","2.312639952e-04","1.843840033e-04","1.055862221e-05","row","0","-1.000000000e+00","-1.000000"
"cuda_warp_smem(blk1024)(g8)","8","double","local","local","16384","16384","6","1","1","1","10","1.319999998e-07","1.131944300e-02","9.009200000e-05","1.140966700e-02","1.098318359e-02","1.089295959e-02","4.264834053e-04","293.287046","295.716278","295.716278","2.335679978e-04","1.829120070e-04","1.000340049e-05","row","0","-1.000000000e+00","-1.000000"
"cuda_warp_smem(blk1024)(g8)","8","double","local","local","16384","16384","6","1","1","1","11","1.460000001e-07","1.131835100e-02","8.986300000e-05","1.140836000e-02","1.098738506e-02","1.089737606e-02","4.209749395e-04","293.174896","295.596431","295.596431","2.304639965e-04","1.811199933e-04","9.390949656e-06","row","0","-1.000000000e+00","-1.000000"
"cuda_warp_smem(blk1024)(g8)","8","double","local","local","16384","16384","6","1","1","1","12","1.269999998e-07","1.131349400e-02","9.054200000e-05","1.140416300e-02","1.098593267e-02","1.089526367e-02","4.182303281e-04","293.213655","295.653742","295.653742","2.288320065e-04","1.786559969e-04","1.074232475e-05","row","0","-1.000000000e+00","-1.000000"
"cuda_warp_smem(blk1024)(g8)","8","double","local","local","16384","16384","6","1","1","1","13","1.370000000e-07","1.131977300e-02","9.286600000e-05","1.141277600e-02","1.098810741e-02","1.089510441e-02","4.246685917e-04","293.155623","295.658064","295.658064","2.284159958e-04","1.863680035e-04","9.884592412e-06","row","0","-1.000000000e+00","-1.000000"
"cuda_warp_smem(blk1024)(g8)","8","double","local","local","16384","16384","6","1","1","1","14","1.420000000e-07","1.132212700e-02","8.885200000e-05","1.141112100e-02","1.098467443e-02","1.089568043e-02","4.264465724e-04","293.247241","295.642433","295.642433","2.302719951e-04","1.863359958e-04","9.838581588e-06","row","0","-1.000000000e+00","-1.000000"
"cuda_warp_smem(blk1024)(g8)","8","double","local","local","16384","16384","6","1","1","1","15","1.359999999e-07","1.131954000e-02","8.982400000e-05","1.140950000e-02","1.098240843e-02","1.089244843e-02","4.270915747e-04","293.307747","295.730156","295.730156","2.367040068e-04","1.797759980e-04","1.061156992e-05","row","0","-1.000000000e+00","-1.000000"
"cuda_warp_smem(blk1024)(g8)","8","double","local","local","16384","16384","6","1","1","1","16","1.360000002e-07","1.131583800e-02","8.966900000e-05","1.140564300e-02","1.098471677e-02","1.089491177e-02","4.209262339e-04","293.246111","295.663291","295.663291","2.304320037e-04","1.808000058e-04","9.694224417e-06","row","0","-1.000000000e+00","-1.000000"
"cuda_warp_smem(blk1024)(g8)","8","double","local","local","16384","16384","6","1","1","1","17","1.400000000e-07","1.131753300e-02","9.050600000e-05","1.140817900e-02","1.098722193e-02","1.089657593e-02","4.209570723e-04","293.179249","295.618137","295.618137","2.294400036e-04","1.822080016e-04","9.309067018e-06","row","0","-1.000000000e+00","-1.000000"
"cuda_warp_smem(blk1024)(g8)","8","double","local","local","16384","16384","6","1","1","1","18","1.500000000e-07","1.130816500e-02","9.038900000e-05","1.139870400e-02","1.098295500e-02","1.089241600e-02","4.157489996e-04","293.293150","295.731036","295.731036","2.292480022e-04","1.778880060e-04","8.612991490e-06","row","0","-1.000000000e+00","-1.000000"
"cuda_warp_smem(blk1024)(g8)","8","double","local","local","16384","16384","6","1","1","1","19","1.400000000e-07","1.132073000e-02","9.280800000e-05","1.141367800e-02","1.098821167e-02","1.089526367e-02","4.254663281e-04","293.152841","295.653742","295.653742","2.310400009e-04","1.841599941e-04","1.026633308e-05","row","0","-1.000000000e+00","-1.000000"
"cuda_warp_smem(blk1024)(g8)","8","double","local","local","16384","16384","6","1","1","1","20","1.810000001e-07","1.131956900e-02","8.899200000e-05","1.140874200e-02","1.098542945e-02","1.089625645e-02","4.233125532e-04","293.227087","295.626804","295.626804","2.304320037e-04","1.834239960e-04","9.456553454e-06","row","0","-1.000000000e+00","-1.000000"
"cuda_warp_smem(blk1024)(g8)","8","double","local","local","16384","16384","8","1","1","1","1","1.670000001e-07","1.459429400e-02","1.248410000e-04","1.471930200e-02","1.413400020e-02","1.400899220e-02","5.853018049e-04","303.874858","306.586458","306.586458","3.086720109e-04","2.654080093e-04","1.122178468e-05","row","0","-1.000000000e+00","-1.000000"
"cuda_warp_smem(blk1024)(g8)","8","double","local","local","16384","16384","8","1","1","1","2","1.560000000e-07","1.457798400e-02","1.193750000e-04","1.469751500e-02","1.412509855e-02","1.400556755e-02","5.724164493e-04","304.066360","306.661424","306.661424","3.072640002e-04","2.540160120e-04","1.113643721e-05","row","0","-1.000000000e+00","-1.000000"
"cuda_warp_smem(blk1024)(g8)","8","double","local","local","16384","16384","8","1","1","1","3","1.580000000e-07","1.457244900e-02","1.197740000e-04","1.469238100e-02","1.412911588e-02","1.400918388e-02","5.632651163e-04","303.979904","306.582263","306.582263","3.061119914e-04","2.477120012e-04","9.441123723e-06","row","0","-1.000000000e+00","-1.000000"
"cuda_warp_smem(blk1024)(g8)","8","double","local","local","16384","16384","8","1","1","1","4","1.669999998e-07","1.457520400e-02","1.174850000e-04","1.469285600e-02","1.412578017e-02","1.400812817e-02","5.670758338e-04","304.051687","306.605368","306.605368","3.106879890e-04","2.468799949e-04","9.507849936e-06","row","0","-1.000000000e+00","-1.000000"
"cuda_warp_smem(blk1024)(g8)","8","double","local","local","16384","16384","8","1","1","1","5","1.329999999e-07","1.456375300e-02","1.180400000e-04","1.468192600e-02","1.412486112e-02","1.400668812e-02","5.570648820e-04","304.071471","306.636891","306.636891","3.057279885e-04","2.409279943e-04","1.040889929e-05","row","0","-1.000000000e+00","-1.000000"
"cuda_warp_smem(blk1024)(g8)","8","double","local","local","16384","16384","8","1","1","1","6","1.580000002e-07","1.458323400e-02","1.199350000e-04","1.470332700e-02","1.412524475e-02","1.400515175e-02","5.780822513e-04","304.063213","306.670529","306.670529","3.306559920e-04","2.378560007e-04","9.570258650e-06","row","0","-1.000000000e+00","-1.000000"
"cuda_warp_smem(blk1024)(g8)","8","double","local","local","16384","16384","8","1","1","1","7","1.369999998e-07","1.459292100e-02","1.232760000e-04","1.471633400e-02","1.412840453e-02","1.400499153e-02","5.879294686e-04","303.995210","306.674037","306.674037","3.055999875e-04","2.720319927e-04","1.029748845e-05","row","0","-1.000000000e+00","-1.000000"
"cuda_warp_smem(blk1024)(g8)","8","double","local","local","16384","16384","8","1","1","1","8","1.789999999e-07","1.456741600e-02","1.191700000e-04","1.468676500e-02","1.412555742e-02","1.400620842e-02","5.612075802e-04","304.056482","306.647393","306.647393","3.113279939e-04","2.391040027e-04","1.077558362e-05","row","0","-1.000000000e+00","-1.000000"
"cuda_warp_smem(blk1024)(g8)","8","double","local","local","16384","16384","8","1","1","1","9","1.590000001e-07","1.457210100e-02","1.183780000e-04","1.469063800e-02","1.412596135e-02","1.400742435e-02","5.646766454e-04","304.047787","306.620774","306.620774","3.111999929e-04","2.426880002e-04","1.078865235e-05","row","0","-1.000000000e+00","-1.000000"
"cuda_warp_smem(blk1024)(g8)","8","double","local","local","16384","16384","8","1","1","1","10","1.540000001e-07","1.456011100e-02","1.274490000e-04","1.468771400e-02","1.413422722e-02","1.400662422e-02","5.534867782e-04","303.869977","306.638290","306.638290","3.092800081e-04","2.334399968e-04","1.076677328e-05","row","0","-1.000000000e+00","-1.000000"
"cuda_warp_smem(blk1024)(g8)","8","double","local","local","16384","16384","8","1","1","1","11","2.619999999e-07","1.456468600e-02","1.201960000e-04","1.468514400e-02","1.412772214e-02","1.400726414e-02","5.574218627e-04","304.009893","306.624281","306.624281","3.077439964e-04","2.396800071e-04","9.997859250e-06","row","0","-1.000000000e+00","-1.000000"
"cuda_warp_smem(blk1024)(g8)","8","double","local","local","16384","16384","8","1","1","1","12","2.780000001e-07","1.457605200e-02","1.200680000e-04","1.469639800e-02","1.412792962e-02","1.400758362e-02","5.684683818e-04","304.005428","306.617288","306.617288","3.229759932e-04","2.359360009e-04","9.556387736e-06","row","0","-1.000000000e+00","-1.000000"
"cuda_warp_smem(blk1024)(g8)","8","double","local","local","16384","16384","8","1","1","1","13","1.580000002e-07","1.456194900e-02","1.199330000e-04","1.468204000e-02","1.412988333e-02","1.400979233e-02","5.521566721e-04","303.963394","306.568948","306.568948","3.048959970e-04","2.362879962e-04","1.097267890e-05","row","0","-1.000000000e+00","-1.000000"
"cuda_warp_smem(blk1024)(g8)","8","double","local","local","16384","16384","8","1","1","1","14","1.440000001e-07","1.454934800e-02","1.238150000e-04","1.467330700e-02","1.413243907e-02","1.400848007e-02","5.408679280e-04","303.908425","306.597666","306.597666","3.075839877e-04","2.240319997e-04","9.251940558e-06","row","0","-1.000000000e+00","-1.000000"
"cuda_warp_smem(blk1024)(g8)","8","double","local","local","16384","16384","8","1","1","1","15","1.590000001e-07","1.454782600e-02","1.192600000e-04","1.466724500e-02","1.412661924e-02","1.400720024e-02","5.406257589e-04","304.033628","306.625680","306.625680","3.052800000e-04","2.243199944e-04","1.102576449e-05","row","0","-1.000000000e+00","-1.000000"
"cuda_warp_smem(blk1024)(g8)","8","double","local","local","16384","16384","8","1","1","1","16","2.369999998e-07","1.455597800e-02","1.181140000e-04","1.467432900e-02","1.413291075e-02","1.401455975e-02","5.414182542e-04","303.898282","306.464661","306.464661","3.055360019e-04","2.258879989e-04","9.994253352e-06","row","0","-1.000000000e+00","-1.000000"
"cuda_warp_smem(blk1024)(g8)","8","double","local","local","16384","16384","8","1","1","1","17","1.410000001e-07","1.454492000e-02","1.244560000e-04","1.466951700e-02","1.412885325e-02","1.400425625e-02","5.406637515e-04","303.985555","306.690139","306.690139","3.056960106e-04","2.243839949e-04","1.058374600e-05","row","0","-1.000000000e+00","-1.000000"
"cuda_warp_smem(blk1024)(g8)","8","double","local","local","16384","16384","8","1","1","1","18","1.990000000e-07","1.456436400e-02","1.196830000e-04","1.468424600e-02","1.412541808e-02","1.400553608e-02","5.588279206e-04","304.059481","306.662114","306.662114","3.081279993e-04","2.395839989e-04","1.111592237e-05","row","0","-1.000000000e+00","-1.000000"
"cuda_warp_smem(blk1024)(g8)","8","double","local","local","16384","16384","8","1","1","1","19","1.530000002e-07","1.455677400e-02","1.200880000e-04","1.467701500e-02","1.412833674e-02","1.400809574e-02","5.486782587e-04","303.996668","306.606078","306.606078","3.028799891e-04","2.360959947e-04","9.702274870e-06","row","0","-1.000000000e+00","-1.000000"
"cuda_warp_smem(blk1024)(g8)","8","double","local","local","16384","16384","8","1","1","1","20","1.670000001e-07","1.455126600e-02","1.220230000e-04","1.467345600e-02","1.412791777e-02","1.400572777e-02","5.455382321e-04","304.005683","306.657916","306.657916","3.063040078e-04","2.279359996e-04","1.129822466e-05","row","0","-1.000000000e+00","-1.000000"
"cuda_warp_smem(blk64)(g16)","16","double","local","local","16384","16384","3","1","1","1","1","2.760000000e-07","6.633698000e-03","4.517300000e-05","6.679147000e-03","6.463081103e-03","6.417632103e-03","2.160658970e-04","249.202000","250.966822","250.966822","1.190079972e-04","8.678399771e-05","1.027390210e-05","row","0","-1.000000000e+00","-1.000000"
"cuda_warp_smem(blk64)(g16)","16","double","local","local","16384","16384","3","1","1","1","2","1.530000000e-07","6.636208000e-03","4.415500000e-05","6.680516000e-03","6.455764108e-03","6.411456108e-03","2.247518919e-04","249.484447","251.208572","251.208572","1.231999993e-04","9.222400188e-05","9.327890690e-06","row","0","-1.000000000e+00","-1.000000"
"cuda_warp_smem(blk64)(g16)","16","double","local","local","16384","16384","3","1","1","1","3","1.139999999e-07","6.629528000e-03","4.483700000e-05","6.674479000e-03","6.453527012e-03","6.408576012e-03","2.209519883e-04","249.570930","251.321469","251.321469","1.187520027e-04","9.177599847e-05","1.042398715e-05","row","0","-1.000000000e+00","-1.000000"
"cuda_warp_smem(blk64)(g16)","16","double","local","local","16384","16384","3","1","1","1","4","1.150000000e-07","6.647103000e-03","4.788800000e-05","6.695106000e-03","6.472451013e-03","6.424448013e-03","2.226549867e-04","248.841240","250.700563","250.700563","1.188480034e-04","9.347199649e-05","1.033498676e-05","row","0","-1.000000000e+00","-1.000000"
"cuda_warp_smem(blk64)(g16)","16","double","local","local","16384","16384","3","1","1","1","5","1.130000000e-07","6.639955000e-03","4.393600000e-05","6.684004000e-03","6.469937062e-03","6.425888062e-03","2.140669385e-04","248.937929","250.644381","250.644381","1.188480034e-04","8.521600068e-05","1.000293435e-05","row","0","-1.000000000e+00","-1.000000"
"cuda_warp_smem(blk64)(g16)","16","double","local","local","16384","16384","3","1","1","1","6","1.139999999e-07","6.627130000e-03","4.489100000e-05","6.672135000e-03","6.456685222e-03","6.411680222e-03","2.154497784e-04","249.448855","251.199792","251.199792","1.183359995e-04","8.764799684e-05","9.465782051e-06","row","0","-1.000000000e+00","-1.000000"
"cuda_warp_smem(blk64)(g16)","16","double","local","local","16384","16384","3","1","1","1","7","1.139999999e-07","6.638196000e-03","4.463100000e-05","6.682941000e-03","6.454441102e-03","6.409696102e-03","2.284998979e-04","249.535585","251.277551","251.277551","1.190719977e-04","9.916800261e-05","1.025989755e-05","row","0","-1.000000000e+00","-1.000000"
"cuda_warp_smem(blk64)(g16)","16","double","local","local","16384","16384","3","1","1","1","8","1.439999999e-07","6.628638000e-03","4.535200000e-05","6.674134000e-03","6.447383894e-03","6.401887894e-03","2.267501063e-04","249.808723","251.584027","251.584027","1.219839975e-04","9.468799829e-05","1.007811050e-05","row","0","-1.000000000e+00","-1.000000"
"cuda_warp_smem(blk64)(g16)","16","double","local","local","16384","16384","3","1","1","1","9","1.220000001e-07","6.628482000e-03","4.434200000e-05","6.672946000e-03","6.459823974e-03","6.415359974e-03","2.131220261e-04","249.327651","251.055707","251.055707","1.189439967e-04","8.473599702e-05","9.442032344e-06","row","0","-1.000000000e+00","-1.000000"
"cuda_warp_smem(blk64)(g16)","16","double","local","local","16384","16384","3","1","1","1","10","1.330000001e-07","6.634080000e-03","4.490200000e-05","6.679115000e-03","6.456074829e-03","6.411039829e-03","2.230401707e-04","249.472439","251.224884","251.224884","1.200319976e-04","9.427200258e-05","8.736170607e-06","row","0","-1.000000000e+00","-1.000000"
"cuda_warp_smem(blk64)(g16)","16","double","local","local","16384","16384","3","1","1","1","11","1.520000001e-07","6.628767000e-03","4.471500000e-05","6.673634000e-03","6.456323108e-03","6.411456108e-03","2.173108919e-04","249.462846","251.208572","251.208572","1.188480034e-04","8.777599782e-05","1.068689064e-05","row","0","-1.000000000e+00","-1.000000"
"cuda_warp_smem(blk64)(g16)","16","double","local","local","16384","16384","3","1","1","1","12","1.700000001e-07","6.052967000e-03","4.543400000e-05","6.098571000e-03","5.882019768e-03","5.836415768e-03","2.165512323e-04","273.819674","275.959219","275.959219","1.191039979e-04","8.726400137e-05","1.018323302e-05","row","0","-1.000000000e+00","-1.000000"
"cuda_warp_smem(blk64)(g16)","16","double","local","local","16384","16384","3","1","1","1","13","1.620000001e-07","6.008100000e-03","4.406200000e-05","6.052324000e-03","5.838400102e-03","5.794176102e-03","2.139238983e-04","275.865427","277.970967","277.970967","1.187200025e-04","8.515200019e-05","1.005189565e-05","row","0","-1.000000000e+00","-1.000000"
"cuda_warp_smem(blk64)(g16)","16","double","local","local","16384","16384","3","1","1","1","14","1.569999999e-07","5.922787000e-03","4.621300000e-05","5.969157000e-03","5.751873941e-03","5.705503941e-03","2.172830594e-04","280.015305","282.291057","282.291057","1.189439967e-04","8.863999695e-05","9.699065745e-06","row","0","-1.000000000e+00","-1.000000"
"cuda_warp_smem(blk64)(g16)","16","double","local","local","16384","16384","3","1","1","1","15","1.860000001e-07","5.883667000e-03","4.426100000e-05","5.928114000e-03","5.716639097e-03","5.672192097e-03","2.114749033e-04","281.741196","283.948905","283.948905","1.193279997e-04","8.249600232e-05","9.650901322e-06","row","0","-1.000000000e+00","-1.000000"
"cuda_warp_smem(blk64)(g16)","16","double","local","local","16384","16384","3","1","1","1","16","1.439999999e-07","5.886644000e-03","4.469000000e-05","5.931478000e-03","5.715617997e-03","5.670783997e-03","2.158600034e-04","281.791529","284.019412","284.019412","1.185280010e-04","8.832000196e-05","9.012000448e-06","row","0","-1.000000000e+00","-1.000000"
"cuda_warp_smem(blk64)(g16)","16","double","local","local","16384","16384","3","1","1","1","17","1.420000000e-07","5.886126000e-03","4.484700000e-05","5.931115000e-03","5.711901079e-03","5.666912079e-03","2.192139211e-04","281.974900","284.213468","284.213468","1.186560020e-04","9.071999788e-05","9.837921274e-06","row","0","-1.000000000e+00","-1.000000"
"cuda_warp_smem(blk64)(g16)","16","double","local","local","16384","16384","3","1","1","1","18","1.340000000e-07","5.892102000e-03","4.443700000e-05","5.936673000e-03","5.719643193e-03","5.675072193e-03","2.170298069e-04","281.593219","283.804801","283.804801","1.175040007e-04","9.055999666e-05","8.965809526e-06","row","0","-1.000000000e+00","-1.000000"
"cuda_warp_smem(blk64)(g16)","16","double","local","local","16384","16384","3","1","1","1","19","1.450000000e-07","5.883732000e-03","4.439300000e-05","5.928270000e-03","5.715737799e-03","5.671199799e-03","2.125322014e-04","281.785623","283.998588","283.998588","1.182079986e-04","8.448000252e-05","9.844200320e-06","row","0","-1.000000000e+00","-1.000000"
"cuda_warp_smem(blk64)(g16)","16","double","local","local","16384","16384","3","1","1","1","20","1.700000001e-07","5.891361000e-03","4.484000000e-05","5.936371000e-03","5.717585951e-03","5.672575951e-03","2.187850494e-04","281.694539","283.929691","283.929691","1.193279997e-04","8.972799778e-05","9.729051946e-06","row","0","-1.000000000e+00","-1.000000"
"cuda_warp_smem(blk64)(g16)","16","double","local","local","16384","16384","6","1","1","1","1","8.400000007e-08","1.576919800e-02","8.976300000e-05","1.585904500e-02","1.522373524e-02","1.513388824e-02","6.353097554e-04","211.592321","212.848504","212.848504","2.308800071e-04","3.944320083e-04","9.997739957e-06","row","0","-1.000000000e+00","-1.000000"
"cuda_warp_smem(blk64)(g16)","16","double","local","local","16384","16384","6","1","1","1","2","1.070000000e-07","1.557278300e-02","8.958400000e-05","1.566247400e-02","1.523807509e-02","1.514838409e-02","4.243989058e-04","211.393201","212.644824","212.644824","2.328319997e-04","1.811520010e-04","1.041490508e-05","row","0","-1.000000000e+00","-1.000000"
"cuda_warp_smem(blk64)(g16)","16","double","local","local","16384","16384","6","1","1","1","3","1.030000001e-07","1.555738600e-02","8.952500000e-05","1.564701400e-02","1.522799565e-02","1.513836765e-02","4.190183471e-04","211.533123","212.785523","212.785523","2.322880030e-04","1.768639982e-04","9.866345964e-06","row","0","-1.000000000e+00","-1.000000"
"cuda_warp_smem(blk64)(g16)","16","double","local","local","16384","16384","6","1","1","1","4","1.450000000e-07","1.555856500e-02","9.060400000e-05","1.564931400e-02","1.522770903e-02","1.513696003e-02","4.216049704e-04","211.537104","212.805310","212.805310","2.350399941e-04","1.777919978e-04","8.772978487e-06","row","0","-1.000000000e+00","-1.000000"
"cuda_warp_smem(blk64)(g16)","16","double","local","local","16384","16384","6","1","1","1","5","1.430000001e-07","1.555056500e-02","8.958700000e-05","1.564029500e-02","1.522841809e-02","1.513868809e-02","4.118769125e-04","211.527255","212.781019","212.781019","2.298559994e-04","1.726080030e-04","9.412910166e-06","row","0","-1.000000000e+00","-1.000000"
"cuda_warp_smem(blk64)(g16)","16","double","local","local","16384","16384","6","1","1","1","6","1.199999999e-07","1.555857800e-02","9.028400000e-05","1.564898200e-02","1.523229166e-02","1.514188766e-02","4.166903352e-04","211.473463","212.736057","212.736057","2.318080068e-04","1.744640023e-04","1.041832619e-05","row","0","-1.000000000e+00","-1.000000"
"cuda_warp_smem(blk64)(g16)","16","double","local","local","16384","16384","6","1","1","1","7","1.570000001e-07","1.556186300e-02","8.972300000e-05","1.565174300e-02","1.523445607e-02","1.514457607e-02","4.172869273e-04","211.443419","212.698293","212.698293","2.323839962e-04","1.752640009e-04","9.638930166e-06","row","0","-1.000000000e+00","-1.000000"
"cuda_warp_smem(blk64)(g16)","16","double","local","local","16384","16384","6","1","1","1","8","1.199999999e-07","1.555906100e-02","9.155700000e-05","1.565073800e-02","1.523218947e-02","1.514051247e-02","4.185485336e-04","211.474882","212.755379","212.755379","2.335360050e-04","1.746879965e-04","1.032453204e-05","row","0","-1.000000000e+00","-1.000000"
"cuda_warp_smem(blk64)(g16)","16","double","local","local","16384","16384","6","1","1","1","9","1.270000001e-07","1.556101700e-02","9.152100000e-05","1.565266500e-02","1.523023977e-02","1.513859177e-02","4.224252336e-04","211.501954","212.782372","212.782372","2.452480048e-04","1.665280014e-04","1.064922742e-05","row","0","-1.000000000e+00","-1.000000"
"cuda_warp_smem(blk64)(g16)","16","double","local","local","16384","16384","6","1","1","1","10","1.230000000e-07","1.555670300e-02","9.017600000e-05","1.564700200e-02","1.523365914e-02","1.514336014e-02","4.133428621e-04","211.454480","212.715371","212.715371","2.313279957e-04","1.717759967e-04","1.023886972e-05","row","0","-1.000000000e+00","-1.000000"
"cuda_warp_smem(blk64)(g16)","16","double","local","local","16384","16384","6","1","1","1","11","1.470000000e-07","1.555625600e-02","9.191800000e-05","1.564832100e-02","1.523609652e-02","1.514403152e-02","4.122244753e-04","211.420653","212.705941","212.705941","2.300159931e-04","1.725119948e-04","9.696487385e-06","row","0","-1.000000000e+00","-1.000000"
"cuda_warp_smem(blk64)(g16)","16","double","local","local","16384","16384","6","1","1","1","12","1.390000000e-07","1.555235100e-02","9.019500000e-05","1.564268500e-02","1.523391825e-02","1.514358425e-02","4.087667486e-04","211.450883","212.712223","212.712223","2.306240052e-04","1.682240069e-04","9.918736506e-06","row","0","-1.000000000e+00","-1.000000"
"cuda_warp_smem(blk64)(g16)","16","double","local","local","16384","16384","6","1","1","1","13","1.260000000e-07","1.554694600e-02","8.935800000e-05","1.563643000e-02","1.522615602e-02","1.513667202e-02","4.102739800e-04","211.558680","212.809359","212.809359","2.297279984e-04","1.706880033e-04","9.857978364e-06","row","0","-1.000000000e+00","-1.000000"
"cuda_warp_smem(blk64)(g16)","16","double","local","local","16384","16384","6","1","1","1","14","1.460000001e-07","1.555021900e-02","8.993500000e-05","1.564030000e-02","1.522950532e-02","1.513942432e-02","4.107946760e-04","211.512154","212.770671","212.770671","2.303040028e-04","1.710720062e-04","9.418666977e-06","row","0","-1.000000000e+00","-1.000000"
"cuda_warp_smem(blk64)(g16)","16","double","local","local","16384","16384","6","1","1","1","15","1.380000001e-07","1.554588600e-02","8.981400000e-05","1.563583800e-02","1.522761584e-02","1.513766384e-02","4.082221588e-04","211.538399","212.795416","212.795416","2.319999933e-04","1.660799980e-04","1.014216741e-05","row","0","-1.000000000e+00","-1.000000"
"cuda_warp_smem(blk64)(g16)","16","double","local","local","16384","16384","6","1","1","1","16","1.279999999e-07","1.556510800e-02","9.045200000e-05","1.565568800e-02","1.523038770e-02","1.513980770e-02","4.253002989e-04","211.499900","212.765283","212.765283","2.313600034e-04","1.845120043e-04","9.428291281e-06","row","0","-1.000000000e+00","-1.000000"
"cuda_warp_smem(blk64)(g16)","16","double","local","local","16384","16384","6","1","1","1","17","1.300000001e-07","1.554409600e-02","8.992400000e-05","1.563415000e-02","1.522813364e-02","1.513807964e-02","4.060163568e-04","211.531206","212.789571","212.789571","2.327039987e-04","1.647360027e-04","8.576355382e-06","row","0","-1.000000000e+00","-1.000000"
"cuda_warp_smem(blk64)(g16)","16","double","local","local","16384","16384","6","1","1","1","18","1.540000001e-07","1.556161000e-02","9.056800000e-05","1.565233200e-02","1.523404971e-02","1.514332771e-02","4.182822870e-04","211.449059","212.715827","212.715827","2.380159944e-04","1.705279946e-04","9.738297925e-06","row","0","-1.000000000e+00","-1.000000"
"cuda_warp_smem(blk64)(g16)","16","double","local","local","16384","16384","6","1","1","1","19","1.269999998e-07","1.555152900e-02","8.894600000e-05","1.564060200e-02","1.523486501e-02","1.514579201e-02","4.057369926e-04","211.437743","212.681217","212.681217","2.336959988e-04","1.625919938e-04","9.448999957e-06","row","0","-1.000000000e+00","-1.000000"
"cuda_warp_smem(blk64)(g16)","16","double","local","local","16384","16384","6","1","1","1","20","1.500000000e-07","1.555401900e-02","9.033400000e-05","1.564450300e-02","1.523387561e-02","1.514339161e-02","4.106273908e-04","211.451475","212.714929","212.714929","2.339839935e-04","1.664959937e-04","1.014740354e-05","row","0","-1.000000000e+00","-1.000000"
"cuda_warp_smem(blk64)(g16)","16","double","local","local","16384","16384","8","1","1","1","1","1.590000001e-07","2.726654200e-02","1.190980000e-04","2.738579900e-02","2.682095340e-02","2.670169640e-02","5.648456041e-04","160.134773","160.849979","160.849979","3.073599935e-04","2.465600073e-04","1.092560333e-05","row","0","-1.000000000e+00","-1.000000"
"cuda_warp_smem(blk64)(g16)","16","double","local","local","16384","16384","8","1","1","1","2","1.759999999e-07","2.726315700e-02","1.198920000e-04","2.738322500e-02","2.682595675e-02","2.670588875e-02","5.572682518e-04","160.104906","160.824728","160.824728","3.087680042e-04","2.376639992e-04","1.083624845e-05","row","0","-1.000000000e+00","-1.000000"
"cuda_warp_smem(blk64)(g16)","16","double","local","local","16384","16384","8","1","1","1","3","1.669999998e-07","3.302847400e-02","1.240430000e-04","3.315268400e-02","2.683704150e-02","2.671283150e-02","6.315642503e-03","160.038777","160.782929","160.782929","3.103359938e-04","5.994880199e-03","1.042630961e-05","row","0","-1.000000000e+00","-1.000000"
"cuda_warp_smem(blk64)(g16)","16","double","local","local","16384","16384","8","1","1","1","4","1.800000000e-07","2.729162900e-02","1.205800000e-04","2.741238900e-02","2.682152752e-02","2.670076752e-02","5.908614829e-04","160.131346","160.855574","160.855574","3.147520125e-04","2.663680017e-04","9.741468720e-06","row","0","-1.000000000e+00","-1.000000"
"cuda_warp_smem(blk64)(g16)","16","double","local","local","16384","16384","8","1","1","1","5","1.690000000e-07","2.726304300e-02","1.187370000e-04","2.738194900e-02","2.681273077e-02","2.669382477e-02","5.692182319e-04","160.183882","160.897411","160.897411","3.063040078e-04","2.524800003e-04","1.043422391e-05","row","0","-1.000000000e+00","-1.000000"
"cuda_warp_smem(blk64)(g16)","16","double","local","local","16384","16384","8","1","1","1","6","1.790000002e-07","2.728540300e-02","1.191750000e-04","2.740475700e-02","2.683241056e-02","2.671305656e-02","5.723464357e-04","160.066398","160.781575","160.781575","3.084799945e-04","2.547520101e-04","9.114431026e-06","row","0","-1.000000000e+00","-1.000000"
"cuda_warp_smem(blk64)(g16)","16","double","local","local","16384","16384","8","1","1","1","7","1.740000002e-07","2.729774200e-02","1.195140000e-04","2.741743000e-02","2.686106488e-02","2.674137688e-02","5.563651232e-04","159.895645","160.611300","160.611300","3.020159900e-04","2.440319955e-04","1.031713761e-05","row","0","-1.000000000e+00","-1.000000"
"cuda_warp_smem(blk64)(g16)","16","double","local","local","16384","16384","8","1","1","1","8","1.669999998e-07","2.727365200e-02","1.200100000e-04","2.739382900e-02","2.683268806e-02","2.671251106e-02","5.611409374e-04","160.064742","160.784858","160.784858","3.051840067e-04","2.454079986e-04","1.054893213e-05","row","0","-1.000000000e+00","-1.000000"
"cuda_warp_smem(blk64)(g16)","16","double","local","local","16384","16384","8","1","1","1","9","1.660000000e-07","2.726058600e-02","1.205670000e-04","2.738131900e-02","2.681897328e-02","2.669824028e-02","5.623457198e-04","160.146597","160.870801","160.870801","3.053759933e-04","2.465920001e-04","1.037772647e-05","row","0","-1.000000000e+00","-1.000000"
"cuda_warp_smem(blk64)(g16)","16","double","local","local","16384","16384","8","1","1","1","10","1.690000000e-07","2.725888200e-02","1.186800000e-04","2.737773100e-02","2.682172986e-02","2.670288086e-02","5.560011406e-04","160.130138","160.842844","160.842844","3.119359910e-04","2.344959974e-04","9.569152147e-06","row","0","-1.000000000e+00","-1.000000"
"cuda_warp_smem(blk64)(g16)","16","double","local","local","16384","16384","8","1","1","1","11","1.740000000e-07","2.724306200e-02","1.233960000e-04","2.736663200e-02","2.681297735e-02","2.668940735e-02","5.536546514e-04","160.182409","160.924042","160.924042","3.068479896e-04","2.375999987e-04","9.206663095e-06","row","0","-1.000000000e+00","-1.000000"
"cuda_warp_smem(blk64)(g16)","16","double","local","local","16384","16384","8","1","1","1","12","1.670000001e-07","2.725586200e-02","1.191550000e-04","2.737518400e-02","2.682505053e-02","2.670572853e-02","5.501334691e-04","160.110315","160.825693","160.825693","3.074879944e-04","2.319999933e-04","1.064548136e-05","row","0","-1.000000000e+00","-1.000000"
"cuda_warp_smem(blk64)(g16)","16","double","local","local","16384","16384","8","1","1","1","13","1.789999999e-07","2.726976300e-02","1.237620000e-04","2.739370400e-02","2.683866077e-02","2.671471977e-02","5.550432277e-04","160.029121","160.771565","160.771565","3.069440126e-04","2.371200025e-04","1.097921251e-05","row","0","-1.000000000e+00","-1.000000"
"cuda_warp_smem(blk64)(g16)","16","double","local","local","16384","16384","8","1","1","1","14","1.690000000e-07","2.726792300e-02","1.187200000e-04","2.738681200e-02","2.682087341e-02","2.670198441e-02","5.659385945e-04","160.135251","160.848244","160.848244","3.147200048e-04","2.416640073e-04","9.554582379e-06","row","0","-1.000000000e+00","-1.000000"
"cuda_warp_smem(blk64)(g16)","16","double","local","local","16384","16384","8","1","1","1","15","1.720000000e-07","2.725112800e-02","1.207150000e-04","2.737201500e-02","2.681909486e-02","2.669820786e-02","5.529201448e-04","160.145871","160.870996","160.870996","3.069120049e-04","2.361599952e-04","9.848144629e-06","row","0","-1.000000000e+00","-1.000000"
"cuda_warp_smem(blk64)(g16)","16","double","local","local","16384","16384","8","1","1","1","16","1.889999997e-07","2.725583900e-02","1.232460000e-04","2.737927400e-02","2.681629846e-02","2.669286346e-02","5.629755356e-04","160.162571","160.903206","160.903206","3.096959889e-04","2.435840070e-04","9.695539727e-06","row","0","-1.000000000e+00","-1.000000"
"cuda_warp_smem(blk64)(g16)","16","double","local","local","16384","16384","8","1","1","1","17","1.710000004e-07","2.725056000e-02","1.185370000e-04","2.736926800e-02","2.681761967e-02","2.669891167e-02","5.516483331e-04","160.154680","160.866756","160.866756","3.064000010e-04","2.349119931e-04","1.033633893e-05","row","0","-1.000000000e+00","-1.000000"
"cuda_warp_smem(blk64)(g16)","16","double","local","local","16384","16384","8","1","1","1","18","1.749999998e-07","2.726129700e-02","1.206700000e-04","2.738214200e-02","2.682634846e-02","2.670550346e-02","5.557935363e-04","160.102569","160.827048","160.827048","3.058240116e-04","2.394559979e-04","1.051352675e-05","row","0","-1.000000000e+00","-1.000000"
"cuda_warp_smem(blk64)(g16)","16","double","local","local","16384","16384","8","1","1","1","19","1.429999998e-07","2.726857100e-02","1.319500000e-04","2.740066400e-02","2.683554988e-02","2.670345688e-02","5.651141213e-04","160.047672","160.839374","160.839374","3.042879999e-04","2.506240010e-04","1.020212044e-05","row","0","-1.000000000e+00","-1.000000"
"cuda_warp_smem(blk64)(g16)","16","double","local","local","16384","16384","8","1","1","1","20","1.849999998e-07","2.725675500e-02","1.201040000e-04","2.737704400e-02","2.681945625e-02","2.669916725e-02","5.575877484e-04","160.143713","160.865216","160.865216","3.079040051e-04","2.402240038e-04","9.459739571e-06","row","0","-1.000000000e+00","-1.000000"
"cuda_warp_smem(blk64)(g16)","16","double","local","local","16384","16384","20","1","1","1","1","1.970000003e-07","3.376025700e-02","3.032410000e-04","3.406369500e-02","3.294260579e-02","3.263916779e-02","1.121089214e-03","325.943197","328.973407","328.973407","5.869759917e-04","5.225600004e-04","1.155322221e-05","row","0","-1.000000000e+00","-1.000000"
"cuda_warp_smem(blk64)(g16)","16","double","local","local","16384","16384","20","1","1","1","2","1.770000000e-07","3.395560200e-02","3.037860000e-04","3.425956500e-02","3.315439635e-02","3.285043335e-02","1.105168650e-03","323.861069","326.857735","326.857735","5.960320234e-04","4.975039959e-04","1.163263107e-05","row","0","-1.000000000e+00","-1.000000"
"cuda_warp_smem(blk64)(g16)","16","double","local","local","16384","16384","20","1","1","1","3","1.610000000e-07","3.357078700e-02","3.168610000e-04","3.388780900e-02","3.274809424e-02","3.243107224e-02","1.139714765e-03","327.879179","331.084281","331.084281","5.918719769e-04","5.376960039e-04","1.014678413e-05","row","0","-1.000000000e+00","-1.000000"
"cuda_warp_smem(blk64)(g16)","16","double","local","local","16384","16384","20","1","1","1","4","1.410000001e-07","3.367650400e-02","3.134830000e-04","3.399012800e-02","3.289852009e-02","3.258489609e-02","1.091607912e-03","326.379977","329.521328","329.521328","5.960000157e-04","4.842880070e-04","1.131988960e-05","row","0","-1.000000000e+00","-1.000000"
"cuda_warp_smem(blk64)(g16)","16","double","local","local","16384","16384","20","1","1","1","5","1.310000002e-07","3.371711000e-02","3.001180000e-04","3.401735900e-02","3.292808713e-02","3.262783813e-02","1.089271865e-03","326.086912","329.087640","329.087640","5.893440247e-04","4.894399941e-04","1.048784648e-05","row","0","-1.000000000e+00","-1.000000"
"cuda_warp_smem(blk64)(g16)","16","double","local","local","16384","16384","20","1","1","1","6","1.489999999e-07","3.392947000e-02","2.992950000e-04","3.422891400e-02","3.316254977e-02","3.286310577e-02","1.066364226e-03","323.781444","326.731695","326.731695","5.881279707e-04","4.675199986e-04","1.071625683e-05","row","0","-1.000000000e+00","-1.000000"
"cuda_warp_smem(blk64)(g16)","16","double","local","local","16384","16384","20","1","1","1","7","1.720000000e-07","3.374876900e-02","3.040410000e-04","3.405298200e-02","3.297467656e-02","3.267046356e-02","1.078305438e-03","325.626188","328.658276","328.658276","5.911679864e-04","4.760639966e-04","1.107345504e-05","row","0","-1.000000000e+00","-1.000000"
"cuda_warp_smem(blk64)(g16)","16","double","local","local","16384","16384","20","1","1","1","8","1.640000000e-07","3.381469100e-02","3.041590000e-04","3.411901400e-02","3.304396991e-02","3.273964691e-02","1.075044088e-03","324.943349","327.963776","327.963776","6.024640203e-04","4.614079893e-04","1.117207886e-05","row","0","-1.000000000e+00","-1.000000"
"cuda_warp_smem(blk64)(g16)","16","double","local","local","16384","16384","20","1","1","1","9","2.010000002e-07","3.412261200e-02","3.016040000e-04","3.442441700e-02","3.334778736e-02","3.304598236e-02","1.076629639e-03","321.982929","324.923560","324.923560","5.996159911e-04","4.656960070e-04","1.131764103e-05","row","0","-1.000000000e+00","-1.000000"
"cuda_warp_smem(blk64)(g16)","16","double","local","local","16384","16384","20","1","1","1","10","1.299999999e-07","3.395959200e-02","3.039340000e-04","3.426365600e-02","3.319388791e-02","3.288982391e-02","1.069768086e-03","323.475764","326.466273","326.466273","5.920320153e-04","4.665279984e-04","1.120807265e-05","row","0","-1.000000000e+00","-1.000000"
"cuda_warp_smem(blk64)(g16)","16","double","local","local","16384","16384","20","1","1","1","11","1.340000002e-07","3.382602300e-02","3.030030000e-04","3.412916000e-02","3.306140726e-02","3.275827026e-02","1.067752736e-03","324.771966","327.777326","327.777326","5.972800255e-04","4.591679871e-04","1.130472374e-05","row","0","-1.000000000e+00","-1.000000"
"cuda_warp_smem(blk64)(g16)","16","double","local","local","16384","16384","20","1","1","1","12","1.380000003e-07","3.402143600e-02","3.210740000e-04","3.434264800e-02","3.327100295e-02","3.294979095e-02","1.071645045e-03","322.726016","325.872120","325.872120","5.983999968e-04","4.622719884e-04","1.097306026e-05","row","0","-1.000000000e+00","-1.000000"
"cuda_warp_smem(blk64)(g16)","16","double","local","local","16384","16384","20","1","1","1","13","1.319999998e-07","3.397457700e-02","3.033460000e-04","3.427805500e-02","3.318552756e-02","3.288204956e-02","1.092527439e-03","323.557256","326.543460","326.543460","6.008319855e-04","4.803520143e-04","1.134343968e-05","row","0","-1.000000000e+00","-1.000000"
"cuda_warp_smem(blk64)(g16)","16","double","local","local","16384","16384","20","1","1","1","14","1.470000002e-07","3.376231800e-02","2.995710000e-04","3.406203600e-02","3.299962340e-02","3.269990540e-02","1.062412604e-03","325.380024","328.362364","328.362364","5.891839862e-04","4.614079893e-04","1.182062904e-05","row","0","-1.000000000e+00","-1.000000"
"cuda_warp_smem(blk64)(g16)","16","double","local","local","16384","16384","20","1","1","1","15","1.280000004e-07","3.392338800e-02","3.016920000e-04","3.422520800e-02","3.317295571e-02","3.287113571e-02","1.052252288e-03","323.679877","326.651879","326.651879","5.860480070e-04","4.552960098e-04","1.090827154e-05","row","0","-1.000000000e+00","-1.000000"
"cuda_warp_smem(blk64)(g16)","16","double","local","local","16384","16384","20","1","1","1","16","1.340000000e-07","3.395168700e-02","3.087790000e-04","3.426060000e-02","3.319969822e-02","3.289078522e-02","1.060901783e-03","323.419152","326.456732","326.456732","5.916159749e-04","4.581440091e-04","1.114179870e-05","row","0","-1.000000000e+00","-1.000000"
"cuda_warp_smem(blk64)(g16)","16","double","local","local","16384","16384","20","1","1","1","17","2.070000003e-07","3.372909800e-02","3.061720000e-04","3.403547700e-02","3.296849219e-02","3.266211319e-02","1.066984810e-03","325.687271","328.742301","328.742301","5.998719931e-04","4.567039907e-04","1.040882654e-05","row","0","-1.000000000e+00","-1.000000"
"cuda_warp_smem(blk64)(g16)","16","double","local","local","16384","16384","20","1","1","1","18","1.400000000e-07","3.425402300e-02","8.783280000e-04","3.513249100e-02","3.355229231e-02","3.267382431e-02","1.580198690e-03","320.020407","328.624471","328.624471","5.982080102e-04","9.701120257e-04","1.187865376e-05","row","0","-1.000000000e+00","-1.000000"
"cuda_warp_smem(blk64)(g16)","16","double","local","local","16384","16384","20","1","1","1","19","1.649999999e-07","3.447331000e-02","3.031860000e-04","3.477666100e-02","3.317851885e-02","3.287516785e-02","1.598142153e-03","323.625605","326.611815","326.611815","1.119711995e-03","4.677439928e-04","1.068616539e-05","row","0","-1.000000000e+00","-1.000000"
"cuda_warp_smem(blk64)(g16)","16","double","local","local","16384","16384","20","1","1","1","20","1.450000000e-07","3.394525200e-02","3.069890000e-04","3.425238600e-02","3.319593557e-02","3.288880157e-02","1.056450425e-03","323.455810","326.476421","326.476421","5.987520218e-04","4.475199878e-04","1.017841568e-05","row","0","-1.000000000e+00","-1.000000"
"cuda_warp_smem(blk64)(g16)","16","double","local","local","16384","16384","32","1","1","1","1","2.360000000e-07","5.933638000e-02","5.203450000e-04","5.985696100e-02","5.251306223e-02","5.199248123e-02","7.343898768e-03","327.154206","330.429877","330.429877","6.508160114e-03","8.239679933e-04","1.177066076e-05","row","0","-1.000000000e+00","-1.000000"
"cuda_warp_smem(blk64)(g16)","16","double","local","local","16384","16384","32","1","1","1","2","2.600000000e-07","5.369300700e-02","5.013670000e-04","5.419463400e-02","5.239189723e-02","5.189027023e-02","1.802736767e-03","327.910805","331.080742","331.080742","9.755839705e-04","8.158720136e-04","1.128078273e-05","row","0","-1.000000000e+00","-1.000000"
"cuda_warp_smem(blk64)(g16)","16","double","local","local","16384","16384","32","1","1","1","3","1.800000000e-07","5.384758100e-02","5.082490000e-04","5.435601000e-02","5.257950062e-02","5.207107162e-02","1.776509375e-03","326.740821","329.931162","329.931162","9.760959744e-04","7.892479897e-04","1.116541114e-05","row","0","-1.000000000e+00","-1.000000"
"cuda_warp_smem(blk64)(g16)","16","double","local","local","16384","16384","32","1","1","1","4","1.329999999e-07","5.394417800e-02","5.147500000e-04","5.445906100e-02","5.265485187e-02","5.213996887e-02","1.804209128e-03","326.273241","329.495194","329.495194","9.699519873e-04","8.217279911e-04","1.252914956e-05","row","0","-1.000000000e+00","-1.000000"
"cuda_warp_smem(blk64)(g16)","16","double","local","local","16384","16384","32","1","1","1","5","2.510000001e-07","5.422286600e-02","5.490730000e-04","5.477219000e-02","5.249662014e-02","5.194729614e-02","2.275569857e-03","327.256672","330.717293","330.717293","9.727039933e-04","1.290240049e-03","1.262581474e-05","row","0","-1.000000000e+00","-1.000000"
"cuda_warp_smem(blk64)(g16)","16","double","local","local","16384","16384","32","1","1","1","6","2.470000000e-07","5.394421700e-02","4.978260000e-04","5.444229000e-02","5.261333789e-02","5.211526489e-02","1.828952107e-03","326.530684","329.651384","329.651384","9.777920246e-04","8.394880295e-04","1.167205333e-05","row","0","-1.000000000e+00","-1.000000"
"cuda_warp_smem(blk64)(g16)","16","double","local","local","16384","16384","32","1","1","1","7","9.400000023e-08","5.390646400e-02","4.988450000e-04","5.440540300e-02","5.261618754e-02","5.211724854e-02","1.789215465e-03","326.512999","329.638837","329.638837","9.761599898e-04","8.008959889e-04","1.215948607e-05","row","0","-1.000000000e+00","-1.000000"
"cuda_warp_smem(blk64)(g16)","16","double","local","local","16384","16384","32","1","1","1","8","2.410000000e-07","5.395720200e-02","5.040790000e-04","5.446152200e-02","5.267904076e-02","5.217472076e-02","1.782481236e-03","326.123425","329.275728","329.275728","9.724159837e-04","7.975360155e-04","1.252923665e-05","row","0","-1.000000000e+00","-1.000000"
"cuda_warp_smem(blk64)(g16)","16","double","local","local","16384","16384","32","1","1","1","9","2.420000000e-07","5.455401800e-02","1.432212000e-03","5.598647200e-02","5.336339654e-02","5.193094254e-02","2.623075465e-03","321.941074","330.821440","330.821440","9.734079838e-04","1.636288047e-03","1.337943398e-05","row","0","-1.000000000e+00","-1.000000"
"cuda_warp_smem(blk64)(g16)","16","double","local","local","16384","16384","32","1","1","1","10","2.480000001e-07","5.472853800e-02","5.044710000e-04","5.523325700e-02","5.260363029e-02","5.209891129e-02","2.629626715e-03","326.590942","329.754860","329.754860","1.810143948e-03","8.073599935e-04","1.212277354e-05","row","0","-1.000000000e+00","-1.000000"
"cuda_warp_smem(blk64)(g16)","16","double","local","local","16384","16384","32","1","1","1","11","1.890000001e-07","5.395996100e-02","4.984640000e-04","5.445861400e-02","5.268572575e-02","5.218707275e-02","1.772888246e-03","326.082045","329.197793","329.197793","9.711040258e-04","7.903040051e-04","1.148021511e-05","row","0","-1.000000000e+00","-1.000000"
"cuda_warp_smem(blk64)(g16)","16","double","local","local","16384","16384","32","1","1","1","12","2.270000001e-07","5.373221600e-02","5.003480000e-04","5.423279100e-02","5.243884557e-02","5.193827057e-02","1.793945431e-03","327.617227","330.774764","330.774764","9.709439874e-04","8.106560111e-04","1.234543268e-05","row","0","-1.000000000e+00","-1.000000"
"cuda_warp_smem(blk64)(g16)","16","double","local","local","16384","16384","32","1","1","1","13","8.210000000e-07","5.391182500e-02","5.158080000e-04","5.442845400e-02","5.265528562e-02","5.213865662e-02","1.773168384e-03","326.270554","329.503487","329.503487","9.790719748e-04","7.813760042e-04","1.272040482e-05","row","0","-1.000000000e+00","-1.000000"
"cuda_warp_smem(blk64)(g16)","16","double","local","local","16384","16384","32","1","1","1","14","1.130000000e-07","5.382884600e-02","4.973850000e-04","5.432634400e-02","5.256937071e-02","5.207187271e-02","1.756973289e-03","326.803782","329.926087","329.926087","9.532160163e-04","7.922880054e-04","1.146926717e-05","row","0","-1.000000000e+00","-1.000000"
"cuda_warp_smem(blk64)(g16)","16","double","local","local","16384","16384","32","1","1","1","15","2.139999999e-07","5.397754400e-02","5.026680000e-04","5.448042600e-02","5.269814491e-02","5.219526291e-02","1.782281091e-03","326.005198","329.146138","329.146138","9.717119932e-04","7.981759906e-04","1.239310727e-05","row","0","-1.000000000e+00","-1.000000"
"cuda_warp_smem(blk64)(g16)","16","double","local","local","16384","16384","32","1","1","1","16","1.780000001e-07","5.373021700e-02","5.059830000e-04","5.423637800e-02","5.245297649e-02","5.194681549e-02","1.783401509e-03","327.528967","330.720354","330.720354","9.677119851e-04","8.030080199e-04","1.268150424e-05","row","0","-1.000000000e+00","-1.000000"
"cuda_warp_smem(blk64)(g16)","16","double","local","local","16384","16384","32","1","1","1","17","1.309999997e-07","5.386731800e-02","5.178430000e-04","5.438529200e-02","5.258991156e-02","5.207193756e-02","1.795380439e-03","326.676138","329.925676","329.925676","9.678720236e-04","8.130879998e-04","1.442041556e-05","row","0","-1.000000000e+00","-1.000000"
"cuda_warp_smem(blk64)(g16)","16","double","local","local","16384","16384","32","1","1","1","18","7.680000000e-07","5.398372400e-02","4.953930000e-04","5.447988500e-02","5.268675472e-02","5.219059372e-02","1.793130281e-03","326.075676","329.175584","329.175584","9.912959933e-04","7.906240225e-04","1.121026471e-05","row","0","-1.000000000e+00","-1.000000"
"cuda_warp_smem(blk64)(g16)","16","double","local","local","16384","16384","32","1","1","1","19","2.250000000e-07","5.367663100e-02","5.017550000e-04","5.417861100e-02","5.241413897e-02","5.191215897e-02","1.764472034e-03","327.771657","330.941142","330.941142","9.701439738e-04","7.819839716e-04","1.234408851e-05","row","0","-1.000000000e+00","-1.000000"
"cuda_warp_smem(blk64)(g16)","16","double","local","local","16384","16384","32","1","1","1","20","2.060000002e-07","5.384547900e-02","4.955370000e-04","5.434122200e-02","5.258723088e-02","5.209148788e-02","1.753991115e-03","326.692790","329.801852","329.801852","9.573760033e-04","7.816640139e-04","1.495109835e-05","row","0","-1.000000000e+00","-1.000000"
"cuda_warp_smem(blk128)(g16)","16","double","local","local","16384","16384","3","1","1","1","1","1.150000002e-07","5.876696000e-03","4.381500000e-05","5.920626000e-03","5.701529926e-03","5.657599926e-03","2.190960740e-04","282.487816","284.681271","284.681271","1.201279983e-04","9.014400095e-05","8.824074765e-06","row","0","-1.000000000e+00","-1.000000"
"cuda_warp_smem(blk128)(g16)","16","double","local","local","16384","16384","3","1","1","1","2","1.230000000e-07","5.873791000e-03","4.521000000e-05","5.919124000e-03","5.693717094e-03","5.648384094e-03","2.254069058e-04","282.875441","285.145753","285.145753","1.251520067e-04","9.059199691e-05","9.662902108e-06","row","0","-1.000000000e+00","-1.000000"
"cuda_warp_smem(blk128)(g16)","16","double","local","local","16384","16384","3","1","1","1","3","1.159999998e-07","5.868315000e-03","4.394900000e-05","5.912380000e-03","5.695361139e-03","5.651296139e-03","2.170188612e-04","282.793785","284.998821","284.998821","1.191999987e-04","8.783999830e-05","9.978864255e-06","row","0","-1.000000000e+00","-1.000000"
"cuda_warp_smem(blk128)(g16)","16","double","local","local","16384","16384","3","1","1","1","4","1.119999999e-07","5.857142000e-03","4.391900000e-05","5.901173000e-03","5.678559160e-03","5.634528160e-03","2.226138399e-04","283.630529","285.846958","285.846958","1.194560006e-04","9.292799979e-05","1.022983948e-05","row","0","-1.000000000e+00","-1.000000"
"cuda_warp_smem(blk128)(g16)","16","double","local","local","16384","16384","3","1","1","1","5","1.139999999e-07","5.849209000e-03","4.527900000e-05","5.894602000e-03","5.681073199e-03","5.635680199e-03","2.135288013e-04","283.505014","285.788526","285.788526","1.192639992e-04","8.416000009e-05","1.010480208e-05","row","0","-1.000000000e+00","-1.000000"
"cuda_warp_smem(blk128)(g16)","16","double","local","local","16384","16384","3","1","1","1","6","1.110000001e-07","5.850986000e-03","4.418500000e-05","5.895282000e-03","5.676935885e-03","5.632639885e-03","2.183461151e-04","283.711630","285.942785","285.942785","1.188480034e-04","9.081599861e-05","8.682112990e-06","row","0","-1.000000000e+00","-1.000000"
"cuda_warp_smem(blk128)(g16)","16","double","local","local","16384","16384","3","1","1","1","7","9.199999984e-08","5.848938000e-03","4.533700000e-05","5.894367000e-03","5.678229102e-03","5.632800102e-03","2.161378978e-04","283.647015","285.934652","285.934652","1.199039966e-04","8.640000224e-05","9.833898938e-06","row","0","-1.000000000e+00","-1.000000"
"cuda_warp_smem(blk128)(g16)","16","double","local","local","16384","16384","3","1","1","1","8","9.800000011e-08","5.858608000e-03","4.419500000e-05","5.902901000e-03","5.687236859e-03","5.642943859e-03","2.156641409e-04","283.197759","285.420656","285.420656","1.189119965e-04","8.825600147e-05","8.496142943e-06","row","0","-1.000000000e+00","-1.000000"
"cuda_warp_smem(blk128)(g16)","16","double","local","local","16384","16384","3","1","1","1","9","9.599999995e-08","5.852068000e-03","4.484400000e-05","5.897008000e-03","5.677964216e-03","5.633024216e-03","2.190437843e-04","283.660248","285.923276","285.923276","1.199999973e-04","8.940800279e-05","9.635784190e-06","row","0","-1.000000000e+00","-1.000000"
"cuda_warp_smem(blk128)(g16)","16","double","local","local","16384","16384","3","1","1","1","10","1.070000000e-07","5.661580000e-03","4.390700000e-05","5.705594000e-03","5.492494129e-03","5.448480129e-03","2.130998708e-04","293.238863","295.607710","295.607710","1.194560006e-04","8.380799741e-05","9.835872726e-06","row","0","-1.000000000e+00","-1.000000"
"cuda_warp_smem(blk128)(g16)","16","double","local","local","16384","16384","3","1","1","1","11","9.700000003e-08","5.609948000e-03","4.376500000e-05","5.653810000e-03","5.440854207e-03","5.396992207e-03","2.129557934e-04","296.022035","298.427842","298.427842","1.185600013e-04","8.566399664e-05","8.731795535e-06","row","0","-1.000000000e+00","-1.000000"
"cuda_warp_smem(blk128)(g16)","16","double","local","local","16384","16384","3","1","1","1","12","1.040000002e-07","5.610535000e-03","4.403000000e-05","5.654669000e-03","5.437541822e-03","5.393407822e-03","2.171271783e-04","296.202363","298.626173","298.626173","1.189119965e-04","8.857599646e-05","9.639185402e-06","row","0","-1.000000000e+00","-1.000000"
"cuda_warp_smem(blk128)(g16)","16","double","local","local","16384","16384","3","1","1","1","13","1.030000001e-07","5.598170000e-03","4.430400000e-05","5.642577000e-03","5.425494780e-03","5.381087780e-03","2.170822200e-04","296.860066","299.309880","299.309880","1.191679984e-04","8.787199855e-05","1.004222302e-05","row","0","-1.000000000e+00","-1.000000"
"cuda_warp_smem(blk128)(g16)","16","double","local","local","16384","16384","3","1","1","1","14","1.119999999e-07","5.626980000e-03","4.395700000e-05","5.671049000e-03","5.439685055e-03","5.395616055e-03","2.313639455e-04","296.085659","298.503956","298.503956","1.202239990e-04","1.021120027e-04","9.027943771e-06","row","0","-1.000000000e+00","-1.000000"
"cuda_warp_smem(blk128)(g16)","16","double","local","local","16384","16384","3","1","1","1","15","1.080000001e-07","5.587250000e-03","4.460400000e-05","5.631962000e-03","5.419976168e-03","5.375264168e-03","2.119858322e-04","297.162328","299.634155","299.634155","1.195520014e-04","8.303999901e-05","9.393831849e-06","row","0","-1.000000000e+00","-1.000000"
"cuda_warp_smem(blk128)(g16)","16","double","local","local","16384","16384","3","1","1","1","16","1.150000000e-07","5.617162000e-03","4.467700000e-05","5.661954000e-03","5.448664013e-03","5.403872013e-03","2.132899869e-04","295.597734","298.047906","298.047906","1.184320003e-04","8.604799956e-05","8.809987068e-06","row","0","-1.000000000e+00","-1.000000"
"cuda_warp_smem(blk128)(g16)","16","double","local","local","16384","16384","3","1","1","1","17","1.070000000e-07","5.614063000e-03","4.433900000e-05","5.658509000e-03","5.442110070e-03","5.397664070e-03","2.163989299e-04","295.953723","298.390696","298.390696","1.195200011e-04","8.863999695e-05","8.238931811e-06","row","0","-1.000000000e+00","-1.000000"
"cuda_warp_smem(blk128)(g16)","16","double","local","local","16384","16384","3","1","1","1","18","1.020000000e-07","5.623763000e-03","4.413700000e-05","5.668002000e-03","5.453774885e-03","5.409535885e-03","2.142271151e-04","295.320722","297.735845","297.735845","1.202559993e-04","8.479999751e-05","9.171118367e-06","row","0","-1.000000000e+00","-1.000000"
"cuda_warp_smem(blk128)(g16)","16","double","local","local","16384","16384","3","1","1","1","19","9.799999989e-08","5.606898000e-03","4.436300000e-05","5.651359000e-03","5.438988912e-03","5.394527912e-03","2.123700879e-04","296.123556","298.564168","298.564168","1.191039979e-04","8.371199667e-05","9.554093240e-06","row","0","-1.000000000e+00","-1.000000"
"cuda_warp_smem(blk128)(g16)","16","double","local","local","16384","16384","3","1","1","1","20","9.499999987e-08","5.613429000e-03","4.465900000e-05","5.658183000e-03","5.428274126e-03","5.383520126e-03","2.299088737e-04","296.708069","299.174647","299.174647","1.370880008e-04","8.336000144e-05","9.460871438e-06","row","0","-1.000000000e+00","-1.000000"
"cuda_warp_smem(blk128)(g16)","16","double","local","local","16384","16384","6","1","1","1","1","1.330000001e-07","1.095456300e-02","8.899200000e-05","1.104368800e-02","1.061024507e-02","1.052112007e-02","4.334429286e-04","303.595765","306.167542","306.167542","2.327679992e-04","1.906879991e-04","9.986930287e-06","row","0","-1.000000000e+00","-1.000000"
"cuda_warp_smem(blk128)(g16)","16","double","local","local","16384","16384","6","1","1","1","2","1.759999999e-07","1.095073000e-02","8.905400000e-05","1.103996000e-02","1.061153358e-02","1.052230358e-02","4.284264188e-04","303.558901","306.133105","306.133105","2.316800058e-04","1.873919964e-04","9.354416590e-06","row","0","-1.000000000e+00","-1.000000"
"cuda_warp_smem(blk128)(g16)","16","double","local","local","16384","16384","6","1","1","1","3","1.779999999e-07","1.094670100e-02","8.830500000e-05","1.103518400e-02","1.061273875e-02","1.052425575e-02","4.224452474e-04","303.524429","306.076320","306.076320","2.311999947e-04","1.816319972e-04","9.613255526e-06","row","0","-1.000000000e+00","-1.000000"
"cuda_warp_smem(blk128)(g16)","16","double","local","local","16384","16384","6","1","1","1","4","2.930000000e-07","1.094855300e-02","9.013500000e-05","1.103898100e-02","1.061388362e-02","1.052345562e-02","4.250973802e-04","303.491690","306.099592","306.099592","2.328319997e-04","1.822080016e-04","1.005737891e-05","row","0","-1.000000000e+00","-1.000000"
"cuda_warp_smem(blk128)(g16)","16","double","local","local","16384","16384","6","1","1","1","5","1.330000001e-07","1.094471600e-02","8.969100000e-05","1.103454000e-02","1.061216001e-02","1.052233601e-02","4.223799938e-04","303.540982","306.132162","306.132162","2.333440036e-04","1.792320013e-04","9.803988973e-06","row","0","-1.000000000e+00","-1.000000"
"cuda_warp_smem(blk128)(g16)","16","double","local","local","16384","16384","6","1","1","1","6","1.170000001e-07","1.094002900e-02","8.937400000e-05","1.102952000e-02","1.060488330e-02","1.051539230e-02","4.246366965e-04","303.749262","306.334313","306.334313","2.316160053e-04","1.839040071e-04","9.116684154e-06","row","0","-1.000000000e+00","-1.000000"
"cuda_warp_smem(blk128)(g16)","16","double","local","local","16384","16384","6","1","1","1","7","1.930000000e-07","1.093957600e-02","9.099500000e-05","1.103076400e-02","1.058785968e-02","1.049667168e-02","4.429043234e-04","304.237643","306.880654","306.880654","2.329600006e-04","1.991039962e-04","1.084032657e-05","row","0","-1.000000000e+00","-1.000000"
"cuda_warp_smem(blk128)(g16)","16","double","local","local","16384","16384","6","1","1","1","8","2.550000000e-07","1.091284600e-02","9.029300000e-05","1.100339400e-02","1.058177992e-02","1.049123192e-02","4.216140817e-04","304.412443","307.039774","307.039774","2.331199944e-04","1.792960018e-04","9.198085471e-06","row","0","-1.000000000e+00","-1.000000"
"cuda_warp_smem(blk128)(g16)","16","double","local","local","16384","16384","6","1","1","1","9","1.180000000e-07","1.090948900e-02","8.982400000e-05","1.099943100e-02","1.058021357e-02","1.049027157e-02","4.192174317e-04","304.457509","307.067882","307.067882","2.309439927e-04","1.778559983e-04","1.041744069e-05","row","0","-1.000000000e+00","-1.000000"
"cuda_warp_smem(blk128)(g16)","16","double","local","local","16384","16384","6","1","1","1","10","8.899999981e-08","1.091198000e-02","8.959100000e-05","1.100166000e-02","1.058238439e-02","1.049270439e-02","4.192756085e-04","304.395054","306.996686","306.996686","2.308800071e-04","1.778559983e-04","1.053960310e-05","row","0","-1.000000000e+00","-1.000000"
"cuda_warp_smem(blk128)(g16)","16","double","local","local","16384","16384","6","1","1","1","11","1.119999999e-07","1.091540000e-02","8.854500000e-05","1.100405700e-02","1.058299313e-02","1.049433613e-02","4.210638718e-04","304.377545","306.948952","306.948952","2.332479954e-04","1.778559983e-04","9.959878111e-06","row","0","-1.000000000e+00","-1.000000"
"cuda_warp_smem(blk128)(g16)","16","double","local","local","16384","16384","6","1","1","1","12","7.800000024e-08","1.090924000e-02","9.096400000e-05","1.100028200e-02","1.058048196e-02","1.048943996e-02","4.198000357e-04","304.449786","307.092226","307.092226","2.314240038e-04","1.786240041e-04","9.752027740e-06","row","0","-1.000000000e+00","-1.000000"
"cuda_warp_smem(blk128)(g16)","16","double","local","local","16384","16384","6","1","1","1","13","8.100000004e-08","1.091036000e-02","9.004300000e-05","1.100048400e-02","1.058257185e-02","1.049244785e-02","4.179121469e-04","304.389662","307.004192","307.004192","2.318080068e-04","1.760639995e-04","1.004014061e-05","row","0","-1.000000000e+00","-1.000000"
"cuda_warp_smem(blk128)(g16)","16","double","local","local","16384","16384","6","1","1","1","14","7.699999993e-08","1.090912300e-02","1.060100000e-04","1.101521000e-02","1.060074261e-02","1.049465561e-02","4.144673909e-04","303.867907","306.939607","306.939607","2.328640074e-04","1.711679995e-04","1.043538401e-05","row","0","-1.000000000e+00","-1.000000"
"cuda_warp_smem(blk128)(g16)","16","double","local","local","16384","16384","6","1","1","1","15","7.800000001e-08","1.091136700e-02","9.007800000e-05","1.100152300e-02","1.058365957e-02","1.049350357e-02","4.178634294e-04","304.358379","306.973305","306.973305","2.362879962e-04","1.728640050e-04","8.711428301e-06","row","0","-1.000000000e+00","-1.000000"
"cuda_warp_smem(blk128)(g16)","16","double","local","local","16384","16384","6","1","1","1","16","1.090000001e-07","1.091167100e-02","8.977400000e-05","1.100155400e-02","1.058111492e-02","1.049123192e-02","4.204390817e-04","304.431574","307.039774","307.039774","2.378879935e-04","1.730879992e-04","9.463088986e-06","row","0","-1.000000000e+00","-1.000000"
"cuda_warp_smem(blk128)(g16)","16","double","local","local","16384","16384","6","1","1","1","17","8.400000007e-08","1.090118200e-02","8.977100000e-05","1.099103700e-02","1.056764679e-02","1.047779179e-02","4.233902138e-04","304.819563","307.433621","307.433621","2.338559926e-04","1.790399998e-04","1.049422141e-05","row","0","-1.000000000e+00","-1.000000"
"cuda_warp_smem(blk128)(g16)","16","double","local","local","16384","16384","6","1","1","1","18","9.799999989e-08","1.090169900e-02","8.952600000e-05","1.099132300e-02","1.056988008e-02","1.048025608e-02","4.214429194e-04","304.755158","307.361332","307.361332","2.328319997e-04","1.794240028e-04","9.186916946e-06","row","0","-1.000000000e+00","-1.000000"
"cuda_warp_smem(blk128)(g16)","16","double","local","local","16384","16384","6","1","1","1","19","9.899999998e-08","1.089864400e-02","9.068000000e-05","1.098942300e-02","1.057097118e-02","1.048019218e-02","4.184518156e-04","304.723702","307.363206","307.363206","2.312960029e-04","1.783999950e-04","8.755817718e-06","row","0","-1.000000000e+00","-1.000000"
"cuda_warp_smem(blk128)(g16)","16","double","local","local","16384","16384","6","1","1","1","20","1.089999999e-07","1.091518800e-02","9.095400000e-05","1.100625100e-02","1.057554290e-02","1.048447990e-02","4.307080958e-04","304.591972","307.237507","307.237507","2.290239930e-04","1.917760074e-04","9.908095396e-06","row","0","-1.000000000e+00","-1.000000"
"cuda_warp_smem(blk128)(g16)","16","double","local","local","16384","16384","8","1","1","1","1","1.830000000e-07","2.507286900e-02","1.192040000e-04","2.519225600e-02","2.464325938e-02","2.452387238e-02","5.489966245e-04","174.285683","175.134140","175.134140","3.095679879e-04","2.291200012e-04","1.030863540e-05","row","0","-1.000000000e+00","-1.000000"
"cuda_warp_smem(blk128)(g16)","16","double","local","local","16384","16384","8","1","1","1","2","1.640000000e-07","2.506076900e-02","1.188750000e-04","2.517980800e-02","2.463772720e-02","2.451868820e-02","5.420807981e-04","174.324817","175.171170","175.171170","3.087680042e-04","2.226240039e-04","1.068879003e-05","row","0","-1.000000000e+00","-1.000000"
"cuda_warp_smem(blk128)(g16)","16","double","local","local","16384","16384","8","1","1","1","3","1.880000000e-07","2.506484300e-02","1.195830000e-04","2.518461400e-02","2.464293956e-02","2.452316856e-02","5.416744362e-04","174.287945","175.139166","175.139166","3.064639866e-04","2.239360064e-04","1.127444310e-05","row","0","-1.000000000e+00","-1.000000"
"cuda_warp_smem(blk128)(g16)","16","double","local","local","16384","16384","8","1","1","1","4","1.690000000e-07","2.946223700e-02","1.234170000e-04","2.958582300e-02","2.463417751e-02","2.451059151e-02","4.951645493e-03","174.349937","175.229035","175.229035","3.134079874e-04","4.627999783e-03","1.023772312e-05","row","0","-1.000000000e+00","-1.000000"
"cuda_warp_smem(blk128)(g16)","16","double","local","local","16384","16384","8","1","1","1","5","2.250000000e-07","2.505453800e-02","1.193610000e-04","2.517412400e-02","2.462560178e-02","2.450601578e-02","5.485222224e-04","174.410653","175.261753","175.261753","3.071039915e-04","2.313919961e-04","1.002623476e-05","row","0","-1.000000000e+00","-1.000000"
"cuda_warp_smem(blk128)(g16)","16","double","local","local","16384","16384","8","1","1","1","6","1.909999998e-07","2.504017200e-02","1.219990000e-04","2.516236200e-02","2.462670279e-02","2.450451279e-02","5.356592131e-04","174.402856","175.272503","175.272503","3.099519908e-04","2.155839950e-04","1.012322731e-05","row","0","-1.000000000e+00","-1.000000"
"cuda_warp_smem(blk128)(g16)","16","double","local","local","16384","16384","8","1","1","1","7","1.759999999e-07","2.504500800e-02","1.194470000e-04","2.516463100e-02","2.462215024e-02","2.450252724e-02","5.424807631e-04","174.435102","175.286706","175.286706","3.121599853e-04","2.194239944e-04","1.089678334e-05","row","0","-1.000000000e+00","-1.000000"
"cuda_warp_smem(blk128)(g16)","16","double","local","local","16384","16384","8","1","1","1","8","1.649999999e-07","2.503816000e-02","1.297250000e-04","2.516805000e-02","2.463008264e-02","2.450019264e-02","5.379673578e-04","174.378923","175.303409","175.303409","3.113279939e-04","2.155199945e-04","1.111936942e-05","row","0","-1.000000000e+00","-1.000000"
"cuda_warp_smem(blk128)(g16)","16","double","local","local","16384","16384","8","1","1","1","9","1.430000001e-07","2.504810300e-02","1.201220000e-04","2.516836800e-02","2.462477779e-02","2.450451279e-02","5.435902131e-04","174.416489","175.272503","175.272503","3.240000010e-04","2.099200040e-04","9.670208171e-06","row","0","-1.000000000e+00","-1.000000"
"cuda_warp_smem(blk128)(g16)","16","double","local","local","16384","16384","8","1","1","1","10","1.249999999e-07","2.503413900e-02","1.194820000e-04","2.515374600e-02","2.462187865e-02","2.450227165e-02","5.318673478e-04","174.437026","175.288535","175.288535","3.095679879e-04","2.128960043e-04","9.403355540e-06","row","0","-1.000000000e+00","-1.000000"
"cuda_warp_smem(blk128)(g16)","16","double","local","local","16384","16384","8","1","1","1","11","1.390000000e-07","2.503529600e-02","1.308520000e-04","2.516628700e-02","2.463387110e-02","2.450288010e-02","5.324159036e-04","174.352106","175.284182","175.284182","3.068479896e-04","2.151360065e-04","1.043190753e-05","row","0","-1.000000000e+00","-1.000000"
"cuda_warp_smem(blk128)(g16)","16","double","local","local","16384","16384","8","1","1","1","12","1.500000000e-07","2.504406900e-02","1.196960000e-04","2.516391500e-02","2.462877430e-02","2.450892830e-02","5.351407010e-04","174.388187","175.240926","175.240926","3.079360127e-04","2.180480063e-04","9.156682009e-06","row","0","-1.000000000e+00","-1.000000"
"cuda_warp_smem(blk128)(g16)","16","double","local","local","16384","16384","8","1","1","1","13","1.480000000e-07","2.504987400e-02","1.202760000e-04","2.517029800e-02","2.463284084e-02","2.451241684e-02","5.374571604e-04","174.359398","175.215986","175.215986","3.122240007e-04","2.145919949e-04","1.064116483e-05","row","0","-1.000000000e+00","-1.000000"
"cuda_warp_smem(blk128)(g16)","16","double","local","local","16384","16384","8","1","1","1","14","1.969999999e-07","2.504547600e-02","1.217180000e-04","2.516739100e-02","2.462793078e-02","2.450601578e-02","5.394602224e-04","174.394160","175.261753","175.261753","3.135679960e-04","2.146240026e-04","1.126822381e-05","row","0","-1.000000000e+00","-1.000000"
"cuda_warp_smem(blk128)(g16)","16","double","local","local","16384","16384","8","1","1","1","15","8.600000001e-08","2.503247800e-02","1.211180000e-04","2.515368200e-02","2.462158738e-02","2.450038338e-02","5.320946229e-04","174.439090","175.302044","175.302044","3.058240116e-04","2.154880017e-04","1.078260966e-05","row","0","-1.000000000e+00","-1.000000"
"cuda_warp_smem(blk128)(g16)","16","double","local","local","16384","16384","8","1","1","1","16","1.070000000e-07","2.578511000e-02","1.247120000e-04","2.590992900e-02","2.463374730e-02","2.450892830e-02","1.276181701e-03","174.352982","175.240926","175.240926","3.166719973e-04","9.499520063e-04","9.557697401e-06","row","0","-1.000000000e+00","-1.000000"
"cuda_warp_smem(blk128)(g16)","16","double","local","local","16384","16384","8","1","1","1","17","1.189999999e-07","2.504912500e-02","1.204250000e-04","2.516966900e-02","2.462899165e-02","2.450844765e-02","5.406773529e-04","174.386648","175.244363","175.244363","3.073599935e-04","2.232639939e-04","1.005336559e-05","row","0","-1.000000000e+00","-1.000000"
"cuda_warp_smem(blk128)(g16)","16","double","local","local","16384","16384","8","1","1","1","18","1.400000000e-07","2.504390200e-02","1.211360000e-04","2.516517800e-02","2.463074789e-02","2.450947189e-02","5.344301067e-04","174.374214","175.237040","175.237040","3.082880080e-04","2.162559927e-04","9.886106064e-06","row","0","-1.000000000e+00","-1.000000"
"cuda_warp_smem(blk128)(g16)","16","double","local","local","16384","16384","8","1","1","1","19","8.899999981e-08","2.504456800e-02","1.202610000e-04","2.516491800e-02","2.463158238e-02","2.451123238e-02","5.333356239e-04","174.368306","175.224453","175.224453","3.074240088e-04","2.163199931e-04","9.591621917e-06","row","0","-1.000000000e+00","-1.000000"
"cuda_warp_smem(blk128)(g16)","16","double","local","local","16384","16384","8","1","1","1","20","7.899999988e-08","2.504594600e-02","1.192980000e-04","2.516532300e-02","2.463345705e-02","2.451408005e-02","5.318659524e-04","174.355036","175.204099","175.204099","3.097279966e-04","2.114879936e-04","1.064996221e-05","row","0","-1.000000000e+00","-1.000000"
"cuda_warp_smem(blk128)(g16)","16","double","local","local","16384","16384","20","1","1","1","1","2.900000000e-07","3.234074800e-02","3.048120000e-04","3.264585000e-02","3.155457366e-02","3.124947166e-02","1.091276336e-03","340.280885","343.603193","343.603193","6.121919751e-04","4.669120014e-04","1.217235908e-05","row","0","-1.000000000e+00","-1.000000"
"cuda_warp_smem(blk128)(g16)","16","double","local","local","16384","16384","20","1","1","1","2","3.450000001e-07","3.430506800e-02","3.116930000e-04","3.461710600e-02","3.155479008e-02","3.124275208e-02","3.062315925e-03","340.278551","343.677094","343.677094","5.856959820e-04","2.466048002e-03","1.057194058e-05","row","0","-1.000000000e+00","-1.000000"
"cuda_warp_smem(blk128)(g16)","16","double","local","local","16384","16384","20","1","1","1","3","2.790000000e-07","3.234262400e-02","3.032790000e-04","3.264618200e-02","3.151882137e-02","3.121526337e-02","1.127360633e-03","340.666871","343.979742","343.979742","5.973759890e-04","5.182399750e-04","1.174466937e-05","row","0","-1.000000000e+00","-1.000000"
"cuda_warp_smem(blk128)(g16)","16","double","local","local","16384","16384","20","1","1","1","4","1.679999999e-07","3.231642200e-02","3.111880000e-04","3.262777800e-02","3.153020327e-02","3.121884727e-02","1.097574725e-03","340.543895","343.940253","343.940253","6.054080129e-04","4.811519980e-04","1.101471431e-05","row","0","-1.000000000e+00","-1.000000"
"cuda_warp_smem(blk128)(g16)","16","double","local","local","16384","16384","20","1","1","1","5","1.570000001e-07","3.231083300e-02","3.057380000e-04","3.261672800e-02","3.153946319e-02","3.123356819e-02","1.077264808e-03","340.443912","343.778148","343.778148","5.921279788e-04","4.750080109e-04","1.012881881e-05","row","0","-1.000000000e+00","-1.000000"
"cuda_warp_smem(blk128)(g16)","16","double","local","local","16384","16384","20","1","1","1","6","1.720000000e-07","3.230584000e-02","3.028700000e-04","3.260888200e-02","3.151827485e-02","3.121523285e-02","1.090607151e-03","340.672778","343.980078","343.980078","6.123200059e-04","4.667200148e-04","1.156713017e-05","row","0","-1.000000000e+00","-1.000000"
"cuda_warp_smem(blk128)(g16)","16","double","local","local","16384","16384","20","1","1","1","7","1.800000000e-07","3.230515600e-02","2.997780000e-04","3.260511400e-02","3.153861309e-02","3.123865509e-02","1.066500910e-03","340.453089","343.722168","343.722168","5.942080021e-04","4.612480104e-04","1.104489718e-05","row","0","-1.000000000e+00","-1.000000"
"cuda_warp_smem(blk128)(g16)","16","double","local","local","16384","16384","20","1","1","1","8","1.510000001e-07","3.229379100e-02","3.244610000e-04","3.261840300e-02","3.155114017e-02","3.122652817e-02","1.067262832e-03","340.317915","343.855653","343.855653","5.987520218e-04","4.570559859e-04","1.145482456e-05","row","0","-1.000000000e+00","-1.000000"
"cuda_warp_smem(blk128)(g16)","16","double","local","local","16384","16384","20","1","1","1","9","3.100000001e-07","3.228678400e-02","3.045250000e-04","3.259161900e-02","3.152569834e-02","3.122086334e-02","1.065920658e-03","340.592558","343.918044","343.918044","6.051840186e-04","4.505600035e-04","1.017663558e-05","row","0","-1.000000000e+00","-1.000000"
"cuda_warp_smem(blk128)(g16)","16","double","local","local","16384","16384","20","1","1","1","10","1.569999999e-07","3.227234500e-02","3.015910000e-04","3.257409300e-02","3.152024432e-02","3.121849632e-02","1.053848677e-03","340.651491","343.944120","343.944120","5.956799984e-04","4.470080137e-04","1.116066525e-05","row","0","-1.000000000e+00","-1.000000"
"cuda_warp_smem(blk128)(g16)","16","double","local","local","16384","16384","20","1","1","1","11","1.919999999e-07","3.228488700e-02","3.026540000e-04","3.258773300e-02","3.153398232e-02","3.123113632e-02","1.053750678e-03","340.503084","343.804917","343.804917","5.980799794e-04","4.420799911e-04","1.359070746e-05","row","0","-1.000000000e+00","-1.000000"
"cuda_warp_smem(blk128)(g16)","16","double","local","local","16384","16384","20","1","1","1","12","3.309999999e-07","3.229186500e-02","3.159240000e-04","3.260812000e-02","3.154668751e-02","3.123043251e-02","1.061432490e-03","340.365949","343.812665","343.812665","5.896319747e-04","4.610239863e-04","1.077652859e-05","row","0","-1.000000000e+00","-1.000000"
"cuda_warp_smem(blk128)(g16)","16","double","local","local","16384","16384","20","1","1","1","13","1.720000000e-07","3.231259700e-02","3.018660000e-04","3.261463500e-02","3.153909473e-02","3.123705673e-02","1.075540268e-03","340.447890","343.739755","343.739755","5.959039927e-04","4.696640074e-04","9.972267744e-06","row","0","-1.000000000e+00","-1.000000"
"cuda_warp_smem(blk128)(g16)","16","double","local","local","16384","16384","20","1","1","1","14","3.070000001e-07","3.230106600e-02","3.111050000e-04","3.261247800e-02","3.152917209e-02","3.121776009e-02","1.083305914e-03","340.555033","343.952231","343.952231","6.150079966e-04","4.568639994e-04","1.143391801e-05","row","0","-1.000000000e+00","-1.000000"
"cuda_warp_smem(blk128)(g16)","16","double","local","local","16384","16384","20","1","1","1","15","1.900000002e-07","3.226625000e-02","3.023010000e-04","3.256874100e-02","3.151417046e-02","3.121167946e-02","1.054570541e-03","340.717147","344.019240","344.019240","5.928000212e-04","4.509440064e-04","1.082651377e-05","row","0","-1.000000000e+00","-1.000000"
"cuda_warp_smem(blk128)(g16)","16","double","local","local","16384","16384","20","1","1","1","16","2.019999998e-07","3.228923600e-02","3.015730000e-04","3.259101100e-02","3.152801516e-02","3.122624016e-02","1.062995842e-03","340.567530","343.858825","343.858825","5.998079777e-04","4.495039880e-04","1.368387621e-05","row","0","-1.000000000e+00","-1.000000"
"cuda_warp_smem(blk128)(g16)","16","double","local","local","16384","16384","20","1","1","1","17","2.910000001e-07","3.227459400e-02","3.014340000e-04","3.257631900e-02","3.153103790e-02","3.122931290e-02","1.045281103e-03","340.534881","343.824991","343.824991","5.933120251e-04","4.407359958e-04","1.123308243e-05","row","0","-1.000000000e+00","-1.000000"
"cuda_warp_smem(blk128)(g16)","16","double","local","local","16384","16384","20","1","1","1","18","1.620000001e-07","3.282161500e-02","8.956130000e-04","3.371739000e-02","3.213148705e-02","3.123571205e-02","1.585902949e-03","334.171220","343.754553","343.754553","5.996800065e-04","9.736959934e-04","1.252694868e-05","row","0","-1.000000000e+00","-1.000000"
"cuda_warp_smem(blk128)(g16)","16","double","local","local","16384","16384","20","1","1","1","19","3.359999998e-07","3.282372800e-02","3.170590000e-04","3.314112300e-02","3.153557089e-02","3.121817589e-02","1.605552112e-03","340.485932","343.947650","343.947650","1.123327971e-03","4.717760086e-04","1.044813283e-05","row","0","-1.000000000e+00","-1.000000"
"cuda_warp_smem(blk128)(g16)","16","double","local","local","16384","16384","20","1","1","1","20","2.630000000e-07","3.234643100e-02","3.028190000e-04","3.264951300e-02","3.155853892e-02","3.125545692e-02","1.090974076e-03","340.238129","343.537395","343.537395","6.195520163e-04","4.605759978e-04","1.084606147e-05","row","0","-1.000000000e+00","-1.000000"
"cuda_warp_smem(blk128)(g16)","16","double","local","local","16384","16384","32","1","1","1","1","2.070000000e-07","6.821772900e-02","5.164060000e-04","6.873434200e-02","6.688602065e-02","6.636940765e-02","1.848321346e-03","256.852912","258.852230","258.852230","9.896000028e-04","8.476160169e-04","1.110532656e-05","row","0","-1.000000000e+00","-1.000000"
"cuda_warp_smem(blk128)(g16)","16","double","local","local","16384","16384","32","1","1","1","2","1.519999999e-07","6.819939000e-02","5.092080000e-04","6.870875000e-02","6.688078181e-02","6.637142181e-02","1.827968186e-03","256.873032","258.844375","258.844375","9.750720263e-04","8.414080143e-04","1.148814549e-05","row","0","-1.000000000e+00","-1.000000"
"cuda_warp_smem(blk128)(g16)","16","double","local","local","16384","16384","32","1","1","1","3","2.580000000e-07","6.821747600e-02","5.271020000e-04","6.874483600e-02","6.690403084e-02","6.637667084e-02","1.840805163e-03","256.783769","258.823906","258.823906","9.918400049e-04","8.360959888e-04","1.286916893e-05","row","0","-1.000000000e+00","-1.000000"
"cuda_warp_smem(blk128)(g16)","16","double","local","local","16384","16384","32","1","1","1","4","1.700000003e-07","6.819272600e-02","5.057060000e-04","6.869860200e-02","6.687586349e-02","6.636998749e-02","1.822738512e-03","256.891923","258.849969","258.849969","9.617919922e-04","8.496320248e-04","1.131449525e-05","row","0","-1.000000000e+00","-1.000000"
"cuda_warp_smem(blk128)(g16)","16","double","local","local","16384","16384","32","1","1","1","5","4.839999996e-07","6.819666300e-02","5.137440000e-04","6.871089100e-02","6.688130106e-02","6.636707306e-02","1.829589941e-03","256.871037","258.861336","258.861336","9.600319862e-04","8.580160141e-04","1.154194058e-05","row","0","-1.000000000e+00","-1.000000"
"cuda_warp_smem(blk128)(g16)","16","double","local","local","16384","16384","32","1","1","1","6","2.399999999e-07","6.903110900e-02","1.469973000e-03","7.050132200e-02","6.782784850e-02","6.635763550e-02","2.673473502e-03","253.286365","258.898152","258.898152","9.783040285e-04","1.681280017e-03","1.388945654e-05","row","0","-1.000000000e+00","-1.000000"
"cuda_warp_smem(blk128)(g16)","16","double","local","local","16384","16384","32","1","1","1","7","1.810000003e-07","6.903603900e-02","5.184440000e-04","6.955466400e-02","6.688419507e-02","6.636557007e-02","2.670468932e-03","256.859923","258.867198","258.867198","1.819743991e-03","8.385279775e-04","1.219696328e-05","row","0","-1.000000000e+00","-1.000000"
"cuda_warp_smem(blk128)(g16)","16","double","local","local","16384","16384","32","1","1","1","8","1.610000000e-07","6.825009400e-02","5.165580000e-04","6.876681300e-02","6.688129725e-02","6.636457825e-02","1.885515753e-03","256.871052","258.871067","258.871067","9.733759761e-04","8.990079761e-04","1.313180079e-05","row","0","-1.000000000e+00","-1.000000"
"cuda_warp_smem(blk128)(g16)","16","double","local","local","16384","16384","32","1","1","1","9","2.459999999e-07","6.818967700e-02","5.018860000e-04","6.869180900e-02","6.686494786e-02","6.636281586e-02","1.826861143e-03","256.933860","258.877942","258.877942","9.820479751e-04","8.329280019e-04","1.188516612e-05","row","0","-1.000000000e+00","-1.000000"
"cuda_warp_smem(blk128)(g16)","16","double","local","local","16384","16384","32","1","1","1","10","1.660000000e-07","6.817655900e-02","4.931210000e-04","6.866984600e-02","6.685805598e-02","6.636476898e-02","1.811790018e-03","256.960346","258.870323","258.870323","9.623039961e-04","8.381119967e-04","1.137402533e-05","row","0","-1.000000000e+00","-1.000000"
"cuda_warp_smem(blk128)(g16)","16","double","local","local","16384","16384","32","1","1","1","11","1.420000002e-07","6.818980600e-02","5.151550000e-04","6.870510300e-02","6.688102729e-02","6.636573029e-02","1.824075714e-03","256.872089","258.866573","258.866573","9.741759896e-04","8.375359774e-04","1.236374736e-05","row","0","-1.000000000e+00","-1.000000"
"cuda_warp_smem(blk128)(g16)","16","double","local","local","16384","16384","32","1","1","1","12","2.900000000e-07","6.827258400e-02","7.305620000e-04","6.900343600e-02","6.709446894e-02","6.636361694e-02","1.908967057e-03","256.054925","258.874817","258.874817","9.815999866e-04","9.131199718e-04","1.424709834e-05","row","0","-1.000000000e+00","-1.000000"
"cuda_warp_smem(blk128)(g16)","16","double","local","local","16384","16384","32","1","1","1","13","2.619999999e-07","6.827463000e-02","5.946190000e-04","6.886951100e-02","6.696425814e-02","6.636937714e-02","1.905252864e-03","256.552819","258.852349","258.852349","9.735999703e-04","9.181759953e-04","1.347689808e-05","row","0","-1.000000000e+00","-1.000000"
"cuda_warp_smem(blk128)(g16)","16","double","local","local","16384","16384","32","1","1","1","14","2.490000002e-07","6.827330000e-02","5.330750000e-04","6.880662400e-02","6.690045809e-02","6.636713409e-02","1.906165906e-03","256.797482","258.861098","258.861098","9.841600060e-04","9.094719887e-04","1.253391104e-05","row","0","-1.000000000e+00","-1.000000"
"cuda_warp_smem(blk128)(g16)","16","double","local","local","16384","16384","32","1","1","1","15","3.099999999e-07","6.823122000e-02","5.167110000e-04","6.874824100e-02","6.688297254e-02","6.636595154e-02","1.865268462e-03","256.864618","258.865710","258.865710","9.846400023e-04","8.686720133e-04","1.195644638e-05","row","0","-1.000000000e+00","-1.000000"
"cuda_warp_smem(blk128)(g16)","16","double","local","local","16384","16384","32","1","1","1","16","2.090000000e-07","6.820329500e-02","5.217450000e-04","6.872524900e-02","6.689030880e-02","6.636835480e-02","1.834940203e-03","256.836446","258.856337","258.856337","9.658240080e-04","8.575360179e-04","1.158017675e-05","row","0","-1.000000000e+00","-1.000000"
"cuda_warp_smem(blk128)(g16)","16","double","local","local","16384","16384","32","1","1","1","17","1.909999998e-07","6.821829200e-02","5.263830000e-04","6.874486600e-02","6.689640127e-02","6.636982727e-02","1.848464729e-03","256.813055","258.850594","258.850594","9.738879800e-04","8.620160222e-04","1.256072730e-05","row","0","-1.000000000e+00","-1.000000"
"cuda_warp_smem(blk128)(g16)","16","double","local","local","16384","16384","32","1","1","1","18","1.949999997e-07","6.819178800e-02","5.340990000e-04","6.872608200e-02","6.689560687e-02","6.636131287e-02","1.830475134e-03","256.816105","258.883805","258.883805","9.631360173e-04","8.536319733e-04","1.370714320e-05","row","0","-1.000000000e+00","-1.000000"
"cuda_warp_smem(blk128)(g16)","16","double","local","local","16384","16384","32","1","1","1","19","2.029999999e-07","6.823440600e-02","5.518980000e-04","6.878650700e-02","6.691590868e-02","6.636380768e-02","1.870598322e-03","256.738189","258.874073","258.874073","9.655680060e-04","8.932160139e-04","1.181430183e-05","row","0","-1.000000000e+00","-1.000000"
"cuda_warp_smem(blk128)(g16)","16","double","local","local","16384","16384","32","1","1","1","20","1.500000000e-07","6.825644900e-02","5.459850000e-04","6.880258400e-02","6.691345983e-02","6.636732483e-02","1.889124171e-03","256.747585","258.860354","258.860354","1.001055956e-03","8.759040236e-04","1.216419136e-05","row","0","-1.000000000e+00","-1.000000"
"cuda_warp_smem(blk192)(g16)","16","double","local","local","16384","16384","3","1","1","1","1","1.030000001e-07","6.099716000e-03","4.384300000e-05","6.143662000e-03","5.919274064e-03","5.875328064e-03","2.243879360e-04","272.096328","274.131541","274.131541","1.229759976e-04","9.151999652e-05","9.891941885e-06","row","0","-1.000000000e+00","-1.000000"
"cuda_warp_smem(blk192)(g16)","16","double","local","local","16384","16384","3","1","1","1","2","1.170000001e-07","6.099436000e-03","4.379300000e-05","6.143346000e-03","5.924774143e-03","5.880864143e-03","2.185718566e-04","271.843736","273.873481","273.873481","1.182719991e-04","9.145600349e-05","8.843854080e-06","row","0","-1.000000000e+00","-1.000000"
"cuda_warp_smem(blk192)(g16)","16","double","local","local","16384","16384","3","1","1","1","3","1.100000000e-07","6.090132000e-03","4.410700000e-05","6.134349000e-03","5.917624841e-03","5.873407841e-03","2.167241593e-04","272.172160","274.221164","274.221164","1.179839969e-04","8.995199949e-05","8.788162918e-06","row","0","-1.000000000e+00","-1.000000"
"cuda_warp_smem(blk192)(g16)","16","double","local","local","16384","16384","3","1","1","1","4","1.170000001e-07","6.082856000e-03","4.460400000e-05","6.127577000e-03","5.915601127e-03","5.870880127e-03","2.119758730e-04","272.265270","274.339230","274.339230","1.182079986e-04","8.422400057e-05","9.543873900e-06","row","0","-1.000000000e+00","-1.000000"
"cuda_warp_smem(blk192)(g16)","16","double","local","local","16384","16384","3","1","1","1","5","1.210000000e-07","6.093304000e-03","4.328200000e-05","6.136707000e-03","5.924907059e-03","5.881504059e-03","2.117999412e-04","271.837637","273.843684","273.843684","1.172479987e-04","8.617600054e-05","8.375941912e-06","row","0","-1.000000000e+00","-1.000000"
"cuda_warp_smem(blk192)(g16)","16","double","local","local","16384","16384","3","1","1","1","6","1.060000001e-07","6.088891000e-03","4.335100000e-05","6.132348000e-03","5.921153037e-03","5.877696037e-03","2.111949627e-04","272.009983","274.021100","274.021100","1.185600013e-04","8.291199803e-05","9.722963420e-06","row","0","-1.000000000e+00","-1.000000"
"cuda_warp_smem(blk192)(g16)","16","double","local","local","16384","16384","3","1","1","1","7","2.170000000e-07","6.089424000e-03","4.437500000e-05","6.134016000e-03","5.915760137e-03","5.871168137e-03","2.182558634e-04","272.257951","274.325773","274.325773","1.176320016e-04","9.123200178e-05","9.391859984e-06","row","0","-1.000000000e+00","-1.000000"
"cuda_warp_smem(blk192)(g16)","16","double","local","local","16384","16384","3","1","1","1","8","9.400000023e-08","6.094950000e-03","4.415700000e-05","6.139201000e-03","5.920187031e-03","5.875936031e-03","2.190139687e-04","272.054367","274.103177","274.103177","1.184000000e-04","8.934400231e-05","1.126996632e-05","row","0","-1.000000000e+00","-1.000000"
"cuda_warp_smem(blk192)(g16)","16","double","local","local","16384","16384","3","1","1","1","9","1.250000001e-07","6.100292000e-03","4.408700000e-05","6.144504000e-03","5.929075853e-03","5.884863853e-03","2.154281465e-04","271.646505","273.687340","273.687340","1.170559973e-04","8.928000182e-05","9.092147474e-06","row","0","-1.000000000e+00","-1.000000"
"cuda_warp_smem(blk192)(g16)","16","double","local","local","16384","16384","3","1","1","1","10","1.020000000e-07","6.096537000e-03","4.529900000e-05","6.141938000e-03","5.929336928e-03","5.883935928e-03","2.126010717e-04","271.634545","273.730502","273.730502","1.183359995e-04","8.422400057e-05","1.004107153e-05","row","0","-1.000000000e+00","-1.000000"
"cuda_warp_smem(blk192)(g16)","16","double","local","local","16384","16384","3","1","1","1","11","8.499999993e-08","6.096137000e-03","4.503900000e-05","6.141261000e-03","5.922436183e-03","5.877312183e-03","2.188248166e-04","271.951050","274.038997","274.038997","1.178560033e-04","9.203200042e-05","8.936812853e-06","row","0","-1.000000000e+00","-1.000000"
"cuda_warp_smem(blk192)(g16)","16","double","local","local","16384","16384","3","1","1","1","12","1.290000000e-07","6.098553000e-03","4.620100000e-05","6.144883000e-03","5.925913836e-03","5.879583836e-03","2.189691644e-04","271.791454","273.933119","273.933119","1.183359995e-04","9.107200056e-05","9.561164287e-06","row","0","-1.000000000e+00","-1.000000"
"cuda_warp_smem(blk192)(g16)","16","double","local","local","16384","16384","3","1","1","1","13","9.900000020e-08","6.079720000e-03","4.382100000e-05","6.123640000e-03","5.908880194e-03","5.864960194e-03","2.147598064e-04","272.574952","274.616141","274.616141","1.176640019e-04","8.687999845e-05","1.021580604e-05","row","0","-1.000000000e+00","-1.000000"
"cuda_warp_smem(blk192)(g16)","16","double","local","local","16384","16384","3","1","1","1","14","1.190000001e-07","6.040354000e-03","4.442800000e-05","6.084901000e-03","5.868802943e-03","5.824255943e-03","2.160980567e-04","274.436329","276.535364","276.535364","1.186560020e-04","8.723200113e-05","1.021005359e-05","row","0","-1.000000000e+00","-1.000000"
"cuda_warp_smem(blk192)(g16)","16","double","local","local","16384","16384","3","1","1","1","15","1.090000001e-07","5.646364000e-03","4.484500000e-05","5.691318000e-03","5.474489866e-03","5.429535866e-03","2.168281342e-04","294.203255","296.639119","296.639119","1.179199964e-04","8.928000182e-05","9.628136016e-06","row","0","-1.000000000e+00","-1.000000"
"cuda_warp_smem(blk192)(g16)","16","double","local","local","16384","16384","3","1","1","1","16","8.799999995e-08","5.642913000e-03","4.404900000e-05","5.687050000e-03","5.478088855e-03","5.433951855e-03","2.089611453e-04","294.009969","296.398050","296.398050","1.171839982e-04","8.265600353e-05","9.121143532e-06","row","0","-1.000000000e+00","-1.000000"
"cuda_warp_smem(blk192)(g16)","16","double","local","local","16384","16384","3","1","1","1","17","1.100000000e-07","5.653270000e-03","4.356700000e-05","5.696947000e-03","5.478909162e-03","5.435232162e-03","2.180378375e-04","293.965950","296.328232","296.328232","1.180479974e-04","9.046400338e-05","9.525836785e-06","row","0","-1.000000000e+00","-1.000000"
"cuda_warp_smem(blk192)(g16)","16","double","local","local","16384","16384","3","1","1","1","18","9.899999998e-08","5.633393000e-03","4.477200000e-05","5.678264000e-03","5.462054876e-03","5.417183876e-03","2.162091240e-04","294.873042","297.315501","297.315501","1.179199964e-04","8.828800172e-05","1.000112587e-05","row","0","-1.000000000e+00","-1.000000"
"cuda_warp_smem(blk192)(g16)","16","double","local","local","16384","16384","3","1","1","1","19","1.070000000e-07","5.648276000e-03","4.409700000e-05","5.692480000e-03","5.475851778e-03","5.431647778e-03","2.166282224e-04","294.130083","296.523781","296.523781","1.184000000e-04","8.889599890e-05","9.332223512e-06","row","0","-1.000000000e+00","-1.000000"
"cuda_warp_smem(blk192)(g16)","16","double","local","local","16384","16384","3","1","1","1","20","8.799999995e-08","5.646057000e-03","4.431300000e-05","5.690458000e-03","5.476560901e-03","5.432159901e-03","2.138970993e-04","294.091998","296.495826","296.495826","1.182079986e-04","8.633600175e-05","9.353099007e-06","row","0","-1.000000000e+00","-1.000000"
"cuda_warp_smem(blk192)(g16)","16","double","local","local","16384","16384","6","1","1","1","1","2.030000001e-07","9.829736000e-03","9.055200000e-05","9.920491000e-03","9.494595065e-03","9.403840065e-03","4.258959350e-04","339.269390","342.543626","342.543626","2.304320037e-04","1.860480011e-04","9.415930210e-06","row","0","-1.000000000e+00","-1.000000"
"cuda_warp_smem(blk192)(g16)","16","double","local","local","16384","16384","6","1","1","1","2","2.320000001e-07","9.807232000e-03","8.862400000e-05","9.896088000e-03","9.474328298e-03","9.385472298e-03","4.217597023e-04","339.995129","343.213998","343.213998","2.299519926e-04","1.821759939e-04","9.631715781e-06","row","0","-1.000000000e+00","-1.000000"
"cuda_warp_smem(blk192)(g16)","16","double","local","local","16384","16384","6","1","1","1","3","1.300000001e-07","9.807388000e-03","8.941200000e-05","9.896930000e-03","9.472325890e-03","9.382783890e-03","4.246041102e-04","340.067002","343.312338","343.312338","2.293439955e-04","1.852480024e-04","1.001211237e-05","row","0","-1.000000000e+00","-1.000000"
"cuda_warp_smem(blk192)(g16)","16","double","local","local","16384","16384","6","1","1","1","4","1.460000001e-07","9.813083000e-03","9.028100000e-05","9.903510000e-03","9.482427198e-03","9.392000198e-03","4.210828016e-04","339.704741","342.975448","342.975448","2.307520062e-04","1.797440052e-04","1.058679026e-05","row","0","-1.000000000e+00","-1.000000"
"cuda_warp_smem(blk192)(g16)","16","double","local","local","16384","16384","6","1","1","1","5","1.380000001e-07","9.806054000e-03","8.844400000e-05","9.894636000e-03","9.470950088e-03","9.382368088e-03","4.236859122e-04","340.116402","343.327552","343.327552","2.308479995e-04","1.828480065e-04","9.989906291e-06","row","0","-1.000000000e+00","-1.000000"
"cuda_warp_smem(blk192)(g16)","16","double","local","local","16384","16384","6","1","1","1","6","1.269999998e-07","9.801716000e-03","8.927400000e-05","9.891117000e-03","9.474137061e-03","9.384736061e-03","4.169799389e-04","340.001992","343.240923","343.240923","2.314559966e-04","1.759680063e-04","9.555936018e-06","row","0","-1.000000000e+00","-1.000000"
"cuda_warp_smem(blk192)(g16)","16","double","local","local","16384","16384","6","1","1","1","7","1.310000000e-07","9.809833000e-03","9.240900000e-05","9.902373000e-03","9.478876327e-03","9.386336327e-03","4.234966734e-04","339.831997","343.182405","343.182405","2.324160039e-04","1.785600036e-04","1.252066582e-05","row","0","-1.000000000e+00","-1.000000"
"cuda_warp_smem(blk192)(g16)","16","double","local","local","16384","16384","6","1","1","1","8","1.550000002e-07","9.812059000e-03","9.042500000e-05","9.902639000e-03","9.481523527e-03","9.390943527e-03","4.211154728e-04","339.737117","343.014039","343.014039","2.326080054e-04","1.793919951e-04","9.115472301e-06","row","0","-1.000000000e+00","-1.000000"
"cuda_warp_smem(blk192)(g16)","16","double","local","local","16384","16384","6","1","1","1","9","1.990000000e-07","9.806784000e-03","8.996700000e-05","9.896950000e-03","9.480277923e-03","9.390111923e-03","4.166720768e-04","339.781755","343.044417","343.044417","2.344319969e-04","1.731519997e-04","9.088080129e-06","row","0","-1.000000000e+00","-1.000000"
"cuda_warp_smem(blk192)(g16)","16","double","local","local","16384","16384","6","1","1","1","10","1.350000001e-07","9.812996000e-03","8.951700000e-05","9.902648000e-03","9.480372367e-03","9.390720367e-03","4.222756326e-04","339.778370","343.022191","343.022191","2.368959934e-04","1.765120029e-04","8.867636271e-06","row","0","-1.000000000e+00","-1.000000"
"cuda_warp_smem(blk192)(g16)","16","double","local","local","16384","16384","6","1","1","1","11","1.450000000e-07","9.792779000e-03","9.215800000e-05","9.885082000e-03","9.466191016e-03","9.373888016e-03","4.188909843e-04","340.287394","343.638143","343.638143","2.327039987e-04","1.762239933e-04","9.962992267e-06","row","0","-1.000000000e+00","-1.000000"
"cuda_warp_smem(blk192)(g16)","16","double","local","local","16384","16384","6","1","1","1","12","1.500000000e-07","9.766275000e-03","8.996100000e-05","9.856386000e-03","9.439486725e-03","9.349375725e-03","4.168992752e-04","341.250066","344.539097","344.539097","2.328960001e-04","1.738560051e-04","1.014726999e-05","row","0","-1.000000000e+00","-1.000000"
"cuda_warp_smem(blk192)(g16)","16","double","local","local","16384","16384","6","1","1","1","13","1.320000000e-07","9.768054000e-03","8.965900000e-05","9.857845000e-03","9.443614662e-03","9.353823662e-03","4.142303382e-04","341.100901","344.375262","344.375262","2.329919934e-04","1.714559942e-04","9.782350520e-06","row","0","-1.000000000e+00","-1.000000"
"cuda_warp_smem(blk192)(g16)","16","double","local","local","16384","16384","6","1","1","1","14","1.610000000e-07","9.764277000e-03","8.903900000e-05","9.853477000e-03","9.437583904e-03","9.348383904e-03","4.158930965e-04","341.318870","344.575651","344.575651","2.331199944e-04","1.733440012e-04","9.429100921e-06","row","0","-1.000000000e+00","-1.000000"
"cuda_warp_smem(blk192)(g16)","16","double","local","local","16384","16384","6","1","1","1","15","1.519999999e-07","9.767555000e-03","9.254800000e-05","9.860255000e-03","9.449500079e-03","9.356800079e-03","4.107549207e-04","340.888454","344.265715","344.265715","2.322559953e-04","1.688639969e-04","9.634928517e-06","row","0","-1.000000000e+00","-1.000000"
"cuda_warp_smem(blk192)(g16)","16","double","local","local","16384","16384","6","1","1","1","16","1.290000000e-07","9.769893000e-03","8.912400000e-05","9.859146000e-03","9.441924623e-03","9.352671623e-03","4.172213768e-04","341.161956","344.417681","344.417681","2.328000069e-04","1.739840060e-04","1.043736386e-05","row","0","-1.000000000e+00","-1.000000"
"cuda_warp_smem(blk192)(g16)","16","double","local","local","16384","16384","6","1","1","1","17","1.070000000e-07","9.774073000e-03","8.873800000e-05","9.862918000e-03","9.440652594e-03","9.351807594e-03","4.222654057e-04","341.207924","344.449502","344.449502","2.355200052e-04","1.767999977e-04","9.945402787e-06","row","0","-1.000000000e+00","-1.000000"
"cuda_warp_smem(blk192)(g16)","16","double","local","local","16384","16384","6","1","1","1","18","1.740000000e-07","9.770903000e-03","9.028300000e-05","9.861360000e-03","9.445337333e-03","9.354880333e-03","4.160226671e-04","341.038690","344.336363","344.336363","2.320960015e-04","1.737599969e-04","1.016666866e-05","row","0","-1.000000000e+00","-1.000000"
"cuda_warp_smem(blk192)(g16)","16","double","local","local","16384","16384","6","1","1","1","19","9.700000003e-08","1.454952000e-02","9.359300000e-05","1.464321000e-02","9.451994024e-03","9.358304024e-03","5.191215976e-03","340.798509","344.210389","344.210389","2.322880030e-04","4.949088097e-03","9.839876671e-06","row","0","-1.000000000e+00","-1.000000"
"cuda_warp_smem(blk192)(g16)","16","double","local","local","16384","16384","6","1","1","1","20","1.910000000e-07","9.777345000e-03","8.994600000e-05","9.867482000e-03","9.444696898e-03","9.354559898e-03","4.227851016e-04","341.061816","344.348158","344.348158","2.328319997e-04","1.805119962e-04","9.441105814e-06","row","0","-1.000000000e+00","-1.000000"
"cuda_warp_smem(blk192)(g16)","16","double","local","local","16384","16384","8","1","1","1","1","2.139999999e-07","1.695505700e-02","1.188290000e-04","1.707410000e-02","1.651846660e-02","1.639942360e-02","5.556334008e-04","260.010048","261.897455","261.897455","3.042879999e-04","2.396479994e-04","1.169740148e-05","row","0","-1.000000000e+00","-1.000000"
"cuda_warp_smem(blk192)(g16)","16","double","local","local","16384","16384","8","1","1","1","2","1.629999999e-07","1.694323300e-02","1.195920000e-04","1.706298800e-02","1.651127455e-02","1.639151955e-02","5.517134535e-04","260.123304","262.023742","262.023742","3.057279885e-04","2.350720018e-04","1.091346319e-05","row","0","-1.000000000e+00","-1.000000"
"cuda_warp_smem(blk192)(g16)","16","double","local","local","16384","16384","8","1","1","1","3","1.830000000e-07","1.694550200e-02","1.187060000e-04","1.706439100e-02","1.650842490e-02","1.638953590e-02","5.559660961e-04","260.168206","262.055455","262.055455","3.042559922e-04","2.406720072e-04","1.103809669e-05","row","0","-1.000000000e+00","-1.000000"
"cuda_warp_smem(blk192)(g16)","16","double","local","local","16384","16384","8","1","1","1","4","2.159999999e-07","1.693691200e-02","1.201610000e-04","1.705728900e-02","1.650376933e-02","1.638339233e-02","5.535196660e-04","260.241597","262.153723","262.153723","3.090240061e-04","2.335360050e-04","1.095965487e-05","row","0","-1.000000000e+00","-1.000000"
"cuda_warp_smem(blk192)(g16)","16","double","local","local","16384","16384","8","1","1","1","5","3.570000002e-07","1.694968300e-02","1.183550000e-04","1.706839500e-02","1.651516014e-02","1.639644814e-02","5.532348646e-04","260.062104","261.944981","261.944981","3.067519963e-04","2.352959961e-04","1.118687228e-05","row","0","-1.000000000e+00","-1.000000"
"cuda_warp_smem(blk192)(g16)","16","double","local","local","16384","16384","8","1","1","1","6","1.799999998e-07","1.694174800e-02","1.187810000e-04","1.706070900e-02","1.650833669e-02","1.638937569e-02","5.523723134e-04","260.169597","262.058017","262.058017","3.108800054e-04","2.302719951e-04","1.122031293e-05","row","0","-1.000000000e+00","-1.000000"
"cuda_warp_smem(blk192)(g16)","16","double","local","local","16384","16384","8","1","1","1","7","1.589999998e-07","1.692459700e-02","1.203610000e-04","1.704511700e-02","1.648925627e-02","1.636873627e-02","5.558607329e-04","260.470650","262.388447","262.388447","3.101760149e-04","2.325440049e-04","1.314071309e-05","row","0","-1.000000000e+00","-1.000000"
"cuda_warp_smem(blk192)(g16)","16","double","local","local","16384","16384","8","1","1","1","8","1.900000002e-07","1.692256000e-02","1.199930000e-04","1.704274300e-02","1.649013425e-02","1.636995125e-02","5.526087518e-04","260.456782","262.368973","262.368973","3.132799864e-04","2.281280011e-04","1.120076436e-05","row","0","-1.000000000e+00","-1.000000"
"cuda_warp_smem(blk192)(g16)","16","double","local","local","16384","16384","8","1","1","1","9","2.070000000e-07","1.691813400e-02","1.190290000e-04","1.703737000e-02","1.648784447e-02","1.636860847e-02","5.495255253e-04","260.492953","262.390496","262.390496","3.103680015e-04","2.286400050e-04","1.051751882e-05","row","0","-1.000000000e+00","-1.000000"
"cuda_warp_smem(blk192)(g16)","16","double","local","local","16384","16384","8","1","1","1","10","1.880000000e-07","2.300436900e-02","1.229640000e-04","2.312752100e-02","1.649249671e-02","1.636934471e-02","6.635024289e-03","260.419473","262.378695","262.378695","6.388415813e-03","2.360640019e-04","1.054447333e-05","row","0","-1.000000000e+00","-1.000000"
"cuda_warp_smem(blk192)(g16)","16","double","local","local","16384","16384","8","1","1","1","11","2.390000000e-07","1.692765300e-02","1.227430000e-04","1.705063500e-02","1.649626157e-02","1.637327957e-02","5.543734285e-04","260.360038","262.315639","262.315639","3.062080145e-04","2.369920015e-04","1.117341245e-05","row","0","-1.000000000e+00","-1.000000"
"cuda_warp_smem(blk192)(g16)","16","double","local","local","16384","16384","8","1","1","1","12","1.740000000e-07","1.693027900e-02","1.189840000e-04","1.704943700e-02","1.649423048e-02","1.637507248e-02","5.552065208e-04","260.392099","262.286918","262.286918","3.077439964e-04","2.371200025e-04","1.034252186e-05","row","0","-1.000000000e+00","-1.000000"
"cuda_warp_smem(blk192)(g16)","16","double","local","local","16384","16384","8","1","1","1","13","1.439999999e-07","1.690306400e-02","1.176420000e-04","1.702085000e-02","1.647372205e-02","1.635593605e-02","5.471279496e-04","260.716266","262.593794","262.593794","3.055680096e-04","2.308479995e-04","1.071194052e-05","row","0","-1.000000000e+00","-1.000000"
"cuda_warp_smem(blk192)(g16)","16","double","local","local","16384","16384","8","1","1","1","14","1.580000000e-07","1.696936400e-02","1.622990000e-04","1.713182100e-02","1.652402545e-02","1.636156845e-02","6.077955491e-04","259.922578","262.503397","262.503397","3.079679906e-04","2.884480059e-04","1.137955252e-05","row","0","-1.000000000e+00","-1.000000"
"cuda_warp_smem(blk192)(g16)","16","double","local","local","16384","16384","8","1","1","1","15","3.110000000e-07","1.695004500e-02","1.238510000e-04","1.707420700e-02","1.649421052e-02","1.637004852e-02","5.799964771e-04","260.392414","262.367414","262.367414","3.081279993e-04","2.607359886e-04","1.113248913e-05","row","0","-1.000000000e+00","-1.000000"
"cuda_warp_smem(blk192)(g16)","16","double","local","local","16384","16384","8","1","1","1","16","1.329999999e-07","1.690098100e-02","1.198190000e-04","1.702093300e-02","1.647563247e-02","1.635568047e-02","5.453005343e-04","260.686035","262.597897","262.597897","3.084799945e-04","2.261119932e-04","1.070854657e-05","row","0","-1.000000000e+00","-1.000000"
"cuda_warp_smem(blk192)(g16)","16","double","local","local","16384","16384","8","1","1","1","17","1.009999999e-07","1.691329500e-02","1.200050000e-04","1.703340100e-02","1.649786593e-02","1.637775993e-02","5.355350665e-04","260.334719","262.243879","262.243879","3.045760095e-04","2.210240066e-04","9.935050411e-06","row","0","-1.000000000e+00","-1.000000"
"cuda_warp_smem(blk192)(g16)","16","double","local","local","16384","16384","8","1","1","1","18","8.799999995e-08","1.691521000e-02","1.207220000e-04","1.703602000e-02","1.649959418e-02","1.637878418e-02","5.364258203e-04","260.307451","262.227480","262.227480","3.075520098e-04","2.184959948e-04","1.037781569e-05","row","0","-1.000000000e+00","-1.000000"
"cuda_warp_smem(blk192)(g16)","16","double","local","local","16384","16384","8","1","1","1","19","1.140000001e-07","1.692058100e-02","1.187620000e-04","1.703945700e-02","1.649410870e-02","1.637523270e-02","5.453483035e-04","260.394022","262.284352","262.284352","3.173759878e-04","2.188480049e-04","9.124310761e-06","row","0","-1.000000000e+00","-1.000000"
"cuda_warp_smem(blk192)(g16)","16","double","local","local","16384","16384","8","1","1","1","20","6.500000005e-08","1.691665900e-02","1.199710000e-04","1.703669500e-02","1.648678862e-02","1.636675262e-02","5.499063755e-04","260.509636","262.420249","262.420249","3.087039888e-04","2.315839976e-04","9.618389090e-06","row","0","-1.000000000e+00","-1.000000"
"cuda_warp_smem(blk192)(g16)","16","double","local","local","16384","16384","20","1","1","1","1","2.219999999e-07","3.222787600e-02","2.997990000e-04","3.252789700e-02","3.143198854e-02","3.113196754e-02","1.095908455e-03","341.607984","344.900085","344.900085","5.958719850e-04","4.883199930e-04","1.171647747e-05","row","0","-1.000000000e+00","-1.000000"
"cuda_warp_smem(blk192)(g16)","16","double","local","local","16384","16384","20","1","1","1","2","2.509999999e-07","3.222963600e-02","3.179720000e-04","3.254785900e-02","3.142987156e-02","3.111164856e-02","1.117987440e-03","341.630993","345.125338","345.125338","6.163200140e-04","4.898880124e-04","1.177941402e-05","row","0","-1.000000000e+00","-1.000000"
"cuda_warp_smem(blk192)(g16)","16","double","local","local","16384","16384","20","1","1","1","3","2.370000001e-07","3.219198000e-02","3.003280000e-04","3.249254500e-02","3.138098073e-02","3.108041573e-02","1.111564274e-03","342.163246","345.472156","345.472156","6.003839970e-04","4.999040067e-04","1.127627061e-05","row","0","-1.000000000e+00","-1.000000"
"cuda_warp_smem(blk192)(g16)","16","double","local","local","16384","16384","20","1","1","1","4","3.120000001e-07","3.221333500e-02","3.013510000e-04","3.251499800e-02","3.142492731e-02","3.112326431e-02","1.090070687e-03","341.684744","344.996532","344.996532","5.974720120e-04","4.812479913e-04","1.135068389e-05","row","0","-1.000000000e+00","-1.000000"
"cuda_warp_smem(blk192)(g16)","16","double","local","local","16384","16384","20","1","1","1","5","2.189999999e-07","3.215912400e-02","3.000440000e-04","3.245938700e-02","3.138883836e-02","3.108857536e-02","1.070548637e-03","342.077592","345.381482","345.381482","5.956479907e-04","4.638719857e-04","1.102866046e-05","row","0","-1.000000000e+00","-1.000000"
"cuda_warp_smem(blk192)(g16)","16","double","local","local","16384","16384","20","1","1","1","6","1.780000001e-07","3.215652300e-02","2.973260000e-04","3.245402700e-02","3.138016086e-02","3.108265686e-02","1.073866140e-03","342.172186","345.447247","345.447247","5.965440273e-04","4.655359983e-04","1.178611398e-05","row","0","-1.000000000e+00","-1.000000"
"cuda_warp_smem(blk192)(g16)","16","double","local","local","16384","16384","20","1","1","1","7","2.370000001e-07","3.218347100e-02","3.014620000e-04","3.248517000e-02","3.141360314e-02","3.111190414e-02","1.071566856e-03","341.807916","345.122503","345.122503","5.940480232e-04","4.657599926e-04","1.175883989e-05","row","0","-1.000000000e+00","-1.000000"
"cuda_warp_smem(blk192)(g16)","16","double","local","local","16384","16384","20","1","1","1","8","1.410000001e-07","3.215461100e-02","3.015450000e-04","3.245629700e-02","3.138354177e-02","3.108185577e-02","1.072755226e-03","342.135324","345.456150","345.456150","5.911679864e-04","4.700799882e-04","1.150725144e-05","row","0","-1.000000000e+00","-1.000000"
"cuda_warp_smem(blk192)(g16)","16","double","local","local","16384","16384","20","1","1","1","9","1.490000001e-07","3.214193600e-02","3.040860000e-04","3.244617100e-02","3.137751533e-02","3.107328033e-02","1.068655666e-03","342.201036","345.551487","345.551487","6.045759916e-04","4.533439875e-04","1.073568643e-05","row","0","-1.000000000e+00","-1.000000"
"cuda_warp_smem(blk192)(g16)","16","double","local","local","16384","16384","20","1","1","1","10","2.130000001e-07","3.216143500e-02","2.997710000e-04","3.246141900e-02","3.140228846e-02","3.110230446e-02","1.059130541e-03","341.931075","345.229025","345.229025","5.907199979e-04","4.565440118e-04","1.186653167e-05","row","0","-1.000000000e+00","-1.000000"
"cuda_warp_smem(blk192)(g16)","16","double","local","local","16384","16384","20","1","1","1","11","1.560000000e-07","3.216008700e-02","3.143510000e-04","3.247459400e-02","3.140788316e-02","3.109337616e-02","1.066710840e-03","341.870166","345.328156","345.328156","5.860159993e-04","4.687039852e-04","1.199085580e-05","row","0","-1.000000000e+00","-1.000000"
"cuda_warp_smem(blk192)(g16)","16","double","local","local","16384","16384","20","1","1","1","12","2.029999999e-07","3.219622000e-02","3.083780000e-04","3.250480100e-02","3.140502990e-02","3.109644890e-02","1.099771102e-03","341.901226","345.294033","345.294033","6.009600163e-04","4.872319996e-04","1.157908580e-05","row","0","-1.000000000e+00","-1.000000"
"cuda_warp_smem(blk192)(g16)","16","double","local","local","16384","16384","20","1","1","1","13","1.940000001e-07","3.214676600e-02","3.020490000e-04","3.244900900e-02","3.138883472e-02","3.108659172e-02","1.060174279e-03","342.077632","345.403521","345.403521","5.924800038e-04","4.564799964e-04","1.121427914e-05","row","0","-1.000000000e+00","-1.000000"
"cuda_warp_smem(blk192)(g16)","16","double","local","local","16384","16384","20","1","1","1","14","1.950000001e-07","3.215554900e-02","3.043820000e-04","3.246012600e-02","3.139907277e-02","3.109449577e-02","1.061053227e-03","341.966093","345.315721","345.315721","5.980479717e-04","4.519360065e-04","1.106924841e-05","row","0","-1.000000000e+00","-1.000000"
"cuda_warp_smem(blk192)(g16)","16","double","local","local","16384","16384","20","1","1","1","15","1.950000001e-07","3.215230500e-02","3.018360000e-04","3.245433600e-02","3.139793440e-02","3.109590340e-02","1.056401603e-03","341.978491","345.300090","345.300090","5.933759809e-04","4.522880018e-04","1.073762076e-05","row","0","-1.000000000e+00","-1.000000"
"cuda_warp_smem(blk192)(g16)","16","double","local","local","16384","16384","20","1","1","1","16","2.719999999e-07","3.218264100e-02","3.063100000e-04","3.248922300e-02","3.140587857e-02","3.109929657e-02","1.083344430e-03","341.891987","345.262415","345.262415","6.204159856e-04","4.523839951e-04","1.054444954e-05","row","0","-1.000000000e+00","-1.000000"
"cuda_warp_smem(blk192)(g16)","16","double","local","local","16384","16384","20","1","1","1","17","4.610000000e-07","3.215607800e-02","3.019020000e-04","3.245844100e-02","3.140469988e-02","3.110233688e-02","1.053741116e-03","341.904819","345.228665","345.228665","5.949119925e-04","4.466559887e-04","1.217313521e-05","row","0","-1.000000000e+00","-1.000000"
"cuda_warp_smem(blk192)(g16)","16","double","local","local","16384","16384","20","1","1","1","18","2.009999998e-07","3.216220400e-02","2.995660000e-04","3.246197100e-02","3.139199112e-02","3.109222412e-02","1.069979879e-03","342.043236","345.340951","345.340951","6.151040196e-04","4.442240000e-04","1.065185929e-05","row","0","-1.000000000e+00","-1.000000"
"cuda_warp_smem(blk192)(g16)","16","double","local","local","16384","16384","20","1","1","1","19","1.900000002e-07","3.270625900e-02","9.170270000e-04","3.362347600e-02","3.201952146e-02","3.110230446e-02","1.603954541e-03","335.339747","345.229025","345.229025","5.942720175e-04","9.951679707e-04","1.451455325e-05","row","0","-1.000000000e+00","-1.000000"
"cuda_warp_smem(blk192)(g16)","16","double","local","local","16384","16384","20","1","1","1","20","1.629999997e-07","3.272589000e-02","3.050650000e-04","3.303111800e-02","3.140471530e-02","3.109948730e-02","1.626402695e-03","341.904651","345.260298","345.260298","1.148864031e-03","4.648959935e-04","1.264267100e-05","row","0","-1.000000000e+00","-1.000000"
"cuda_warp_smem(blk192)(g16)","16","double","local","local","16384","16384","32","1","1","1","1","2.770000000e-07","7.202436900e-02","5.385010000e-04","7.256314700e-02","7.071132439e-02","7.017254639e-02","1.851822613e-03","242.957819","244.823226","244.823226","9.989439845e-04","8.399360180e-04","1.294261078e-05","row","0","-1.000000000e+00","-1.000000"
"cuda_warp_smem(blk192)(g16)","16","double","local","local","16384","16384","32","1","1","1","2","3.330000000e-07","7.229082200e-02","5.243610000e-04","7.281551600e-02","7.098924020e-02","7.046454620e-02","1.826275796e-03","242.006664","243.808697","243.808697","9.724799991e-04","8.421760201e-04","1.161977718e-05","row","0","-1.000000000e+00","-1.000000"
"cuda_warp_smem(blk192)(g16)","16","double","local","local","16384","16384","32","1","1","1","3","2.619999999e-07","7.213751700e-02","5.592320000e-04","7.269701100e-02","7.087002562e-02","7.031053162e-02","1.826985384e-03","242.413757","244.342758","244.342758","9.781119823e-04","8.377280235e-04","1.114537791e-05","row","0","-1.000000000e+00","-1.000000"
"cuda_warp_smem(blk192)(g16)","16","double","local","local","16384","16384","32","1","1","1","4","2.570000004e-07","7.146635700e-02","5.341340000e-04","7.200074800e-02","7.016565473e-02","6.963126373e-02","1.835093267e-03","244.847272","246.726374","246.726374","9.670400023e-04","8.561279774e-04","1.192528737e-05","row","0","-1.000000000e+00","-1.000000"
"cuda_warp_smem(blk192)(g16)","16","double","local","local","16384","16384","32","1","1","1","5","3.090000003e-07","7.264597400e-02","5.233920000e-04","7.316967500e-02","7.131749372e-02","7.079379272e-02","1.852181275e-03","240.892778","242.674796","242.674796","9.780799747e-04","8.613439798e-04","1.275732090e-05","row","0","-1.000000000e+00","-1.000000"
"cuda_warp_smem(blk192)(g16)","16","double","local","local","16384","16384","32","1","1","1","6","2.600000002e-07","7.342209800e-02","1.480173000e-03","7.490253100e-02","7.221134425e-02","7.073091125e-02","2.691186745e-03","237.910945","242.890539","242.890539","9.744319916e-04","1.703647971e-03","1.310678239e-05","row","0","-1.000000000e+00","-1.000000"
"cuda_warp_smem(blk192)(g16)","16","double","local","local","16384","16384","32","1","1","1","7","2.770000003e-07","7.341637600e-02","5.428150000e-04","7.395946800e-02","7.131493496e-02","7.077184296e-02","2.644533043e-03","240.901421","242.750061","242.750061","1.806143999e-03","8.267840147e-04","1.160502966e-05","row","0","-1.000000000e+00","-1.000000"
"cuda_warp_smem(blk192)(g16)","16","double","local","local","16384","16384","32","1","1","1","8","2.690000001e-07","7.241950500e-02","5.544450000e-04","7.297421900e-02","7.112773494e-02","7.057302094e-02","1.846484065e-03","241.535446","243.433949","243.433949","9.739840031e-04","8.570560217e-04","1.544404018e-05","row","0","-1.000000000e+00","-1.000000"
"cuda_warp_smem(blk192)(g16)","16","double","local","local","16384","16384","32","1","1","1","9","1.098000000e-06","7.217376100e-02","5.508380000e-04","7.272569700e-02","7.088038143e-02","7.032844543e-02","1.845315565e-03","242.378340","244.280519","244.280519","1.008991957e-03","8.220160007e-04","1.430760797e-05","row","0","-1.000000000e+00","-1.000000"
"cuda_warp_smem(blk192)(g16)","16","double","local","local","16384","16384","32","1","1","1","10","5.590000001e-07","7.265211900e-02","5.305390000e-04","7.318321700e-02","7.136025297e-02","7.082915497e-02","1.822964032e-03","240.748434","242.553638","242.553638","9.775360227e-04","8.328319788e-04","1.259603028e-05","row","0","-1.000000000e+00","-1.000000"
"cuda_warp_smem(blk192)(g16)","16","double","local","local","16384","16384","32","1","1","1","11","2.900000000e-07","7.239108800e-02","5.355770000e-04","7.292695500e-02","7.111000946e-02","7.057414246e-02","1.816945544e-03","241.595653","243.430081","243.430081","9.748479724e-04","8.305600286e-04","1.153754300e-05","row","0","-1.000000000e+00","-1.000000"
"cuda_warp_smem(blk192)(g16)","16","double","local","local","16384","16384","32","1","1","1","12","4.950000001e-07","7.174738700e-02","5.410770000e-04","7.228895900e-02","7.042922154e-02","6.988764954e-02","1.859737464e-03","243.930982","245.821247","245.821247","9.833599925e-04","8.601920009e-04","1.618547050e-05","row","0","-1.000000000e+00","-1.000000"
"cuda_warp_smem(blk192)(g16)","16","double","local","local","16384","16384","32","1","1","1","13","1.142000000e-06","7.262815600e-02","5.354660000e-04","7.316476400e-02","7.132470157e-02","7.078809357e-02","1.840062433e-03","240.868434","242.694333","242.694333","9.928320050e-04","8.351680040e-04","1.206242405e-05","row","0","-1.000000000e+00","-1.000000"
"cuda_warp_smem(blk192)(g16)","16","double","local","local","16384","16384","32","1","1","1","14","4.599999999e-07","7.258553600e-02","5.354470000e-04","7.312144300e-02","7.130973360e-02","7.077382660e-02","1.811709401e-03","240.918993","242.743257","242.743257","9.776639938e-04","8.212159872e-04","1.282941984e-05","row","0","-1.000000000e+00","-1.000000"
"cuda_warp_smem(blk192)(g16)","16","double","local","local","16384","16384","32","1","1","1","15","3.419999999e-07","7.252918200e-02","5.316060000e-04","7.306113000e-02","7.124356452e-02","7.071161652e-02","1.817565484e-03","241.142752","242.956816","242.956816","9.720000029e-04","8.322240114e-04","1.334146960e-05","row","0","-1.000000000e+00","-1.000000"
"cuda_warp_smem(blk192)(g16)","16","double","local","local","16384","16384","32","1","1","1","16","4.690000002e-07","7.196369200e-02","5.189640000e-04","7.248312500e-02","7.068186281e-02","7.016242981e-02","1.801262190e-03","243.059089","244.858527","244.858527","9.753280282e-04","8.127679825e-04","1.316617974e-05","row","0","-1.000000000e+00","-1.000000"
"cuda_warp_smem(blk192)(g16)","16","double","local","local","16384","16384","32","1","1","1","17","2.690000001e-07","7.183796000e-02","5.172940000e-04","7.235552300e-02","7.055989851e-02","7.004233551e-02","1.795624490e-03","243.479222","245.278360","245.278360","9.668480158e-04","8.169919848e-04","1.178448912e-05","row","0","-1.000000000e+00","-1.000000"
"cuda_warp_smem(blk192)(g16)","16","double","local","local","16384","16384","32","1","1","1","18","3.390000001e-07","7.307921700e-02","5.349280000e-04","7.361448400e-02","7.131389249e-02","7.077862549e-02","2.300591512e-03","240.904943","242.726799","242.726799","1.449632049e-03","8.354560137e-04","1.550344943e-05","row","0","-1.000000000e+00","-1.000000"
"cuda_warp_smem(blk192)(g16)","16","double","local","local","16384","16384","32","1","1","1","19","1.199000000e-06","7.253301500e-02","8.524080000e-04","7.338662200e-02","7.137104780e-02","7.051744080e-02","2.015574204e-03","240.712021","243.625818","243.625818","9.788479805e-04","1.022367954e-03","1.435826935e-05","row","0","-1.000000000e+00","-1.000000"
"cuda_warp_smem(blk192)(g16)","16","double","local","local","16384","16384","32","1","1","1","20","7.059999998e-07","7.282972900e-02","8.473770000e-04","7.367781200e-02","7.163819836e-02","7.079011536e-02","2.039613644e-03","239.814367","242.687402","242.687402","1.038848042e-03","9.855679870e-04","1.519761410e-05","row","0","-1.000000000e+00","-1.000000"
"cuda_warp_smem(g16)","16","double","local","local","16384","16384","3","1","1","1","1","1.199999999e-07","5.826755000e-03","4.556800000e-05","5.872443000e-03","5.650776234e-03","5.605088234e-03","2.216667661e-04","285.025042","287.348329","287.348329","1.190079972e-04","9.219200164e-05","1.046676720e-05","row","0","-1.000000000e+00","-1.000000"
"cuda_warp_smem(g16)","16","double","local","local","16384","16384","3","1","1","1","2","8.800000018e-08","5.826942000e-03","4.393800000e-05","5.870968000e-03","5.650169951e-03","5.606143951e-03","2.207980486e-04","285.055627","287.294217","287.294217","1.197440028e-04","9.232000262e-05","8.734043149e-06","row","0","-1.000000000e+00","-1.000000"
"cuda_warp_smem(g16)","16","double","local","local","16384","16384","3","1","1","1","3","1.040000002e-07","5.821168000e-03","4.596400000e-05","5.867236000e-03","5.653300094e-03","5.607232094e-03","2.139359062e-04","284.897796","287.238464","287.238464","1.187200025e-04","8.604799956e-05","9.167904156e-06","row","0","-1.000000000e+00","-1.000000"
"cuda_warp_smem(g16)","16","double","local","local","16384","16384","3","1","1","1","4","1.009999999e-07","5.823615000e-03","4.403500000e-05","5.867751000e-03","5.652967882e-03","5.608831882e-03","2.147831175e-04","284.914539","287.156536","287.156536","1.192959994e-04","8.633600175e-05","9.151116362e-06","row","0","-1.000000000e+00","-1.000000"
"cuda_warp_smem(g16)","16","double","local","local","16384","16384","3","1","1","1","5","1.150000000e-07","5.836433000e-03","4.519100000e-05","5.881739000e-03","5.661946091e-03","5.616640091e-03","2.197929091e-04","284.462747","286.757334","286.757334","1.198080033e-04","9.036800265e-05","9.616903098e-06","row","0","-1.000000000e+00","-1.000000"
"cuda_warp_smem(g16)","16","double","local","local","16384","16384","3","1","1","1","6","9.700000003e-08","5.829998000e-03","4.400100000e-05","5.874096000e-03","5.654177765e-03","5.610079765e-03","2.199182347e-04","284.853572","287.092662","287.092662","1.181759983e-04","9.164799750e-05","1.009423885e-05","row","0","-1.000000000e+00","-1.000000"
"cuda_warp_smem(g16)","16","double","local","local","16384","16384","3","1","1","1","7","9.700000003e-08","5.829623000e-03","4.342300000e-05","5.873143000e-03","5.649183776e-03","5.605663776e-03","2.239592236e-04","285.105389","287.318826","287.318826","1.238399968e-04","9.014400095e-05","9.975225900e-06","row","0","-1.000000000e+00","-1.000000"
"cuda_warp_smem(g16)","16","double","local","local","16384","16384","3","1","1","1","8","9.700000003e-08","5.826354000e-03","4.499600000e-05","5.871447000e-03","5.650309026e-03","5.605216026e-03","2.211379737e-04","285.048610","287.341777","287.341777","1.198400036e-04","9.251199663e-05","8.785973517e-06","row","0","-1.000000000e+00","-1.000000"
"cuda_warp_smem(g16)","16","double","local","local","16384","16384","3","1","1","1","9","1.160000000e-07","5.822514000e-03","4.560100000e-05","5.868231000e-03","5.652693032e-03","5.606976032e-03","2.155379677e-04","284.928392","287.251582","287.251582","1.204800010e-04","8.531200141e-05","9.745965363e-06","row","0","-1.000000000e+00","-1.000000"
"cuda_warp_smem(g16)","16","double","local","local","16384","16384","3","1","1","1","10","9.399999978e-08","5.821289000e-03","4.524300000e-05","5.866626000e-03","5.651705065e-03","5.606368065e-03","2.149209351e-04","284.978200","287.282732","287.282732","1.180159971e-04","8.665599674e-05","1.024894127e-05","row","0","-1.000000000e+00","-1.000000"
"cuda_warp_smem(g16)","16","double","local","local","16384","16384","3","1","1","1","11","8.700000009e-08","5.828903000e-03","4.383800000e-05","5.872828000e-03","5.651093198e-03","5.607168198e-03","2.217348024e-04","285.009056","287.241738","287.241738","1.198400036e-04","9.209600091e-05","9.798797908e-06","row","0","-1.000000000e+00","-1.000000"
"cuda_warp_smem(g16)","16","double","local","local","16384","16384","3","1","1","1","12","1.089999999e-07","5.826174000e-03","4.408200000e-05","5.870365000e-03","5.655199167e-03","5.611008167e-03","2.151658327e-04","284.802124","287.045160","287.045160","1.203840002e-04","8.457600325e-05","1.020582924e-05","row","0","-1.000000000e+00","-1.000000"
"cuda_warp_smem(g16)","16","double","local","local","16384","16384","3","1","1","1","13","1.060000001e-07","5.821465000e-03","4.499600000e-05","5.866567000e-03","5.651949763e-03","5.606847763e-03","2.146172369e-04","284.965862","287.258154","287.258154","1.193599999e-04","8.598399907e-05","9.273237970e-06","row","0","-1.000000000e+00","-1.000000"
"cuda_warp_smem(g16)","16","double","local","local","16384","16384","3","1","1","1","14","1.100000000e-07","5.699597000e-03","4.343000000e-05","5.743137000e-03","5.525588035e-03","5.482048035e-03","2.175489653e-04","291.482594","293.797633","293.797633","1.196800023e-04","8.928000182e-05","8.588961181e-06","row","0","-1.000000000e+00","-1.000000"
"cuda_warp_smem(g16)","16","double","local","local","16384","16384","3","1","1","1","15","1.060000001e-07","5.669449000e-03","4.510900000e-05","5.714664000e-03","5.503423084e-03","5.458208084e-03","2.112409159e-04","292.656536","295.080860","295.080860","1.187840030e-04","8.336000144e-05","9.096911489e-06","row","0","-1.000000000e+00","-1.000000"
"cuda_warp_smem(g16)","16","double","local","local","16384","16384","3","1","1","1","16","1.199999999e-07","5.649333000e-03","4.440300000e-05","5.693856000e-03","5.477067231e-03","5.432544231e-03","2.167887686e-04","294.064810","296.474850","296.474850","1.188480034e-04","8.851200342e-05","9.428761716e-06","row","0","-1.000000000e+00","-1.000000"
"cuda_warp_smem(g16)","16","double","local","local","16384","16384","3","1","1","1","17","1.049999998e-07","5.643980000e-03","4.408100000e-05","5.688166000e-03","5.474106197e-03","5.429920197e-03","2.140598035e-04","294.223875","296.618123","296.618123","1.186880022e-04","8.611200005e-05","9.259801190e-06","row","0","-1.000000000e+00","-1.000000"
"cuda_warp_smem(g16)","16","double","local","local","16384","16384","3","1","1","1","18","1.040000002e-07","5.660263000e-03","4.463900000e-05","5.705006000e-03","5.489286839e-03","5.444543839e-03","2.157191615e-04","293.410198","295.821429","295.821429","1.191999987e-04","8.649600297e-05","1.002315985e-05","row","0","-1.000000000e+00","-1.000000"
"cuda_warp_smem(g16)","16","double","local","local","16384","16384","3","1","1","1","19","1.029999999e-07","5.638704000e-03","4.361800000e-05","5.682425000e-03","5.467112819e-03","5.423391819e-03","2.153121810e-04","294.600238","296.975175","296.975175","1.183039993e-04","8.777599782e-05","9.232183878e-06","row","0","-1.000000000e+00","-1.000000"
"cuda_warp_smem(g16)","16","double","local","local","16384","16384","3","1","1","1","20","1.070000002e-07","5.634052000e-03","4.351900000e-05","5.677678000e-03","5.465161969e-03","5.421535969e-03","2.125160312e-04","294.705399","297.076833","297.076833","1.184320003e-04","8.419200033e-05","9.892030611e-06","row","0","-1.000000000e+00","-1.000000"
"cuda_warp_smem(g16)","16","double","local","local","16384","16384","6","1","1","1","1","9.299999992e-08","9.694812000e-03","8.949100000e-05","9.784396000e-03","9.364495880e-03","9.274911880e-03","4.199001195e-04","343.982796","347.305237","347.305237","2.309760004e-04","1.789440066e-04","9.980112516e-06","row","0","-1.000000000e+00","-1.000000"
"cuda_warp_smem(g16)","16","double","local","local","16384","16384","6","1","1","1","2","8.400000007e-08","9.703972000e-03","8.920200000e-05","9.793258000e-03","9.364710004e-03","9.275424004e-03","4.285479964e-04","343.974930","347.286062","347.286062","2.301760018e-04","1.891199946e-04","9.251999971e-06","row","0","-1.000000000e+00","-1.000000"
"cuda_warp_smem(g16)","16","double","local","local","16384","16384","6","1","1","1","3","1.130000000e-07","9.697136000e-03","9.365000000e-05","9.790899000e-03","9.371170646e-03","9.277407646e-03","4.197283538e-04","343.737788","347.211807","347.211807","2.289600074e-04","1.806399971e-04","1.012834927e-05","row","0","-1.000000000e+00","-1.000000"
"cuda_warp_smem(g16)","16","double","local","local","16384","16384","6","1","1","1","4","1.340000000e-07","9.691788000e-03","8.937700000e-05","9.781299000e-03","9.362023436e-03","9.272512436e-03","4.192755641e-04","344.073639","347.395109","347.395109","2.297279984e-04","1.787520051e-04","1.079556061e-05","row","0","-1.000000000e+00","-1.000000"
"cuda_warp_smem(g16)","16","double","local","local","16384","16384","6","1","1","1","5","1.269999998e-07","9.690905000e-03","8.904900000e-05","9.780081000e-03","9.367255987e-03","9.278079987e-03","4.128250134e-04","343.881439","347.186646","347.186646","2.301120013e-04","1.730560064e-04","9.657005697e-06","row","0","-1.000000000e+00","-1.000000"
"cuda_warp_smem(g16)","16","double","local","local","16384","16384","6","1","1","1","6","1.000000001e-07","9.692740000e-03","8.854600000e-05","9.781386000e-03","9.365030354e-03","9.276384354e-03","4.163556464e-04","343.963164","347.250108","347.250108","2.322240025e-04","1.753280014e-04","8.803642502e-06","row","0","-1.000000000e+00","-1.000000"
"cuda_warp_smem(g16)","16","double","local","local","16384","16384","6","1","1","1","7","1.009999999e-07","9.691542000e-03","8.781300000e-05","9.779456000e-03","9.362794409e-03","9.274880409e-03","4.166615908e-04","344.045306","347.306416","347.306416","2.307199985e-04","1.767999977e-04","9.141594593e-06","row","0","-1.000000000e+00","-1.000000"
"cuda_warp_smem(g16)","16","double","local","local","16384","16384","6","1","1","1","8","1.390000000e-07","9.693650000e-03","9.114200000e-05","9.784931000e-03","9.363985124e-03","9.272704124e-03","4.209458755e-04","344.001558","347.387928","347.387928","2.317759991e-04","1.794880033e-04","9.681873226e-06","row","0","-1.000000000e+00","-1.000000"
"cuda_warp_smem(g16)","16","double","local","local","16384","16384","6","1","1","1","9","9.099999998e-08","9.692680000e-03","8.870500000e-05","9.781476000e-03","9.360827784e-03","9.272031784e-03","4.206482159e-04","344.117587","347.413118","347.413118","2.361599952e-04","1.745280027e-04","9.960218005e-06","row","0","-1.000000000e+00","-1.000000"
"cuda_warp_smem(g16)","16","double","local","local","16384","16384","6","1","1","1","10","1.140000001e-07","9.686953000e-03","9.012000000e-05","9.777187000e-03","9.362041671e-03","9.271807671e-03","4.151453294e-04","344.072969","347.421515","347.421515","2.308800071e-04","1.755519956e-04","8.713326624e-06","row","0","-1.000000000e+00","-1.000000"
"cuda_warp_smem(g16)","16","double","local","local","16384","16384","6","1","1","1","11","1.279999999e-07","9.670033000e-03","9.060300000e-05","9.760764000e-03","9.349418973e-03","9.258687973e-03","4.113450270e-04","344.537503","347.913817","347.913817","2.317440063e-04","1.696320027e-04","9.969017990e-06","row","0","-1.000000000e+00","-1.000000"
"cuda_warp_smem(g16)","16","double","local","local","16384","16384","6","1","1","1","12","2.459999999e-07","9.674578000e-03","9.420000000e-05","9.769024000e-03","9.350702104e-03","9.256256104e-03","4.183218965e-04","344.490225","348.005223","348.005223","2.295359969e-04","1.783040017e-04","1.048189788e-05","row","0","-1.000000000e+00","-1.000000"
"cuda_warp_smem(g16)","16","double","local","local","16384","16384","6","1","1","1","13","8.900000004e-08","9.668297000e-03","8.956700000e-05","9.757953000e-03","9.348343973e-03","9.258687973e-03","4.096090270e-04","344.577123","347.913817","347.913817","2.328319997e-04","1.670719981e-04","9.705029199e-06","row","0","-1.000000000e+00","-1.000000"
"cuda_warp_smem(g16)","16","double","local","local","16384","16384","6","1","1","1","14","1.190000001e-07","9.667010000e-03","8.970500000e-05","9.756834000e-03","9.347551623e-03","9.257727623e-03","4.092823770e-04","344.606331","347.949908","347.949908","2.318720073e-04","1.687040031e-04","8.706366668e-06","row","0","-1.000000000e+00","-1.000000"
"cuda_warp_smem(g16)","16","double","local","local","16384","16384","6","1","1","1","15","8.099999982e-08","9.666792000e-03","8.926400000e-05","9.756137000e-03","9.347808860e-03","9.258463860e-03","4.083281404e-04","344.596848","347.922239","347.922239","2.309760004e-04","1.673920006e-04","9.960139458e-06","row","0","-1.000000000e+00","-1.000000"
"cuda_warp_smem(g16)","16","double","local","local","16384","16384","6","1","1","1","16","1.130000000e-07","9.673928000e-03","9.345900000e-05","9.767500000e-03","9.353379587e-03","9.259807587e-03","4.141204133e-04","344.391612","347.871750","347.871750","2.318399996e-04","1.737280041e-04","8.552409676e-06","row","0","-1.000000000e+00","-1.000000"
"cuda_warp_smem(g16)","16","double","local","local","16384","16384","6","1","1","1","17","1.210000002e-07","9.667785000e-03","8.895000000e-05","9.756856000e-03","9.345967019e-03","9.256896019e-03","4.108889810e-04","344.664759","347.981166","347.981166","2.317440063e-04","1.691199988e-04","1.002497593e-05","row","0","-1.000000000e+00","-1.000000"
"cuda_warp_smem(g16)","16","double","local","local","16384","16384","6","1","1","1","18","2.569999999e-07","9.668811000e-03","9.054800000e-05","9.759616000e-03","9.348661369e-03","9.257856369e-03","4.109546310e-04","344.565424","347.945069","347.945069","2.337280065e-04","1.683840007e-04","8.842623840e-06","row","0","-1.000000000e+00","-1.000000"
"cuda_warp_smem(g16)","16","double","local","local","16384","16384","6","1","1","1","19","1.119999999e-07","9.667009000e-03","8.903200000e-05","9.756153000e-03","9.348216304e-03","9.259072304e-03","4.079366962e-04","344.581829","347.899375","347.899375","2.319680005e-04","1.656640023e-04","1.030469340e-05","row","0","-1.000000000e+00","-1.000000"
"cuda_warp_smem(g16)","16","double","local","local","16384","16384","6","1","1","1","20","9.800000011e-08","9.663606000e-03","9.544500000e-05","9.759149000e-03","9.352087113e-03","9.256544113e-03","4.070618868e-04","344.439207","347.994395","347.994395","2.319359928e-04","1.657599956e-04","9.365898424e-06","row","0","-1.000000000e+00","-1.000000"
"cuda_warp_smem(g16)","16","double","local","local","16384","16384","8","1","1","1","1","1.930000000e-07","1.298761200e-02","1.195740000e-04","1.310737900e-02","1.254197483e-02","1.242220783e-02","5.654041677e-04","342.447450","345.749109","345.749109","3.037120104e-04","2.503040135e-04","1.138814379e-05","row","0","-1.000000000e+00","-1.000000"
"cuda_warp_smem(g16)","16","double","local","local","16384","16384","8","1","1","1","2","1.920000001e-07","1.298337400e-02","1.191720000e-04","1.310273800e-02","1.253683589e-02","1.241747189e-02","5.659021143e-04","342.587822","345.880976","345.880976","3.038400114e-04","2.519040108e-04","1.015809219e-05","row","0","-1.000000000e+00","-1.000000"
"cuda_warp_smem(g16)","16","double","local","local","16384","16384","8","1","1","1","3","1.439999999e-07","1.294758500e-02","1.188560000e-04","1.306658500e-02","1.250082354e-02","1.238182354e-02","5.657614603e-04","343.574748","346.876797","346.876797","3.058240116e-04","2.500799894e-04","9.857459269e-06","row","0","-1.000000000e+00","-1.000000"
"cuda_warp_smem(g16)","16","double","local","local","16384","16384","8","1","1","1","4","1.660000000e-07","1.294906100e-02","1.186430000e-04","1.306787000e-02","1.250197722e-02","1.238316822e-02","5.658927795e-04","343.543043","346.839130","346.839130","3.087359965e-04","2.467840016e-04","1.037278141e-05","row","0","-1.000000000e+00","-1.000000"
"cuda_warp_smem(g16)","16","double","local","local","16384","16384","8","1","1","1","5","1.349999998e-07","1.295038600e-02","1.197790000e-04","1.307030000e-02","1.250304980e-02","1.238313580e-02","5.672502044e-04","343.513572","346.840038","346.840038","3.066560030e-04","2.503359914e-04","1.025821003e-05","row","0","-1.000000000e+00","-1.000000"
"cuda_warp_smem(g16)","16","double","local","local","16384","16384","8","1","1","1","6","1.750000000e-07","1.294579300e-02","1.202650000e-04","1.306623300e-02","1.250367212e-02","1.238323212e-02","5.625608833e-04","343.496475","346.837341","346.837341","3.080959916e-04","2.441280037e-04","1.033688797e-05","row","0","-1.000000000e+00","-1.000000"
"cuda_warp_smem(g16)","16","double","local","local","16384","16384","8","1","1","1","7","1.399999998e-07","1.295440800e-02","1.200260000e-04","1.307457400e-02","1.250938242e-02","1.238921642e-02","5.651915770e-04","343.339675","346.669809","346.669809","3.061760068e-04","2.484479994e-04","1.056757081e-05","row","0","-1.000000000e+00","-1.000000"
"cuda_warp_smem(g16)","16","double","local","local","16384","16384","8","1","1","1","8","1.680000001e-07","1.294146700e-02","1.188370000e-04","1.306047200e-02","1.250012473e-02","1.238111973e-02","5.603472719e-04","343.593955","346.896516","346.896516","3.086079955e-04","2.419520020e-04","9.787274353e-06","row","0","-1.000000000e+00","-1.000000"
"cuda_warp_smem(g16)","16","double","local","local","16384","16384","8","1","1","1","9","1.679999999e-07","1.294826100e-02","1.189810000e-04","1.306741000e-02","1.250465277e-02","1.238550377e-02","5.627572311e-04","343.469537","346.773726","346.773726","3.065280020e-04","2.459840029e-04","1.024522611e-05","row","0","-1.000000000e+00","-1.000000"
"cuda_warp_smem(g16)","16","double","local","local","16384","16384","8","1","1","1","10","1.880000000e-07","1.294293400e-02","1.204870000e-04","1.306360900e-02","1.249206725e-02","1.237139225e-02","5.715417499e-04","343.815576","347.169276","347.169276","3.118079901e-04","2.459840029e-04","1.374975692e-05","row","0","-1.000000000e+00","-1.000000"
"cuda_warp_smem(g16)","16","double","local","local","16384","16384","8","1","1","1","11","1.660000000e-07","1.292686000e-02","1.189850000e-04","1.304601100e-02","1.248609531e-02","1.236694431e-02","5.599156870e-04","343.980018","347.294141","347.294141","3.093760014e-04","2.398719937e-04","1.066769193e-05","row","0","-1.000000000e+00","-1.000000"
"cuda_warp_smem(g16)","16","double","local","local","16384","16384","8","1","1","1","12","1.600000001e-07","1.293072300e-02","1.198020000e-04","1.305068500e-02","1.248677757e-02","1.236681557e-02","5.639074330e-04","343.961224","347.297756","347.297756","3.109120131e-04","2.426560074e-04","1.033941252e-05","row","0","-1.000000000e+00","-1.000000"
"cuda_warp_smem(g16)","16","double","local","local","16384","16384","8","1","1","1","13","1.400000000e-07","1.293043400e-02","1.231040000e-04","1.305367800e-02","1.249175615e-02","1.236851215e-02","5.619218464e-04","343.824138","347.250117","347.250117","3.113600016e-04","2.407680005e-04","9.793844327e-06","row","0","-1.000000000e+00","-1.000000"
"cuda_warp_smem(g16)","16","double","local","local","16384","16384","8","1","1","1","14","1.350000001e-07","1.292879100e-02","1.263110000e-04","1.305523700e-02","1.249489426e-02","1.236844826e-02","5.603427426e-04","343.737787","347.251911","347.251911","3.059200048e-04","2.433599979e-04","1.106273984e-05","row","0","-1.000000000e+00","-1.000000"
"cuda_warp_smem(g16)","16","double","local","local","16384","16384","8","1","1","1","15","1.480000000e-07","1.294397600e-02","1.204950000e-04","1.306461900e-02","1.249200283e-02","1.237135983e-02","5.726161749e-04","343.817349","347.170186","347.170186","3.062720001e-04","2.564480007e-04","9.896174122e-06","row","0","-1.000000000e+00","-1.000000"
"cuda_warp_smem(g16)","16","double","local","local","16384","16384","8","1","1","1","16","1.379999999e-07","1.293014300e-02","1.188930000e-04","1.304917400e-02","1.248578267e-02","1.236675167e-02","5.633913292e-04","343.988632","347.299550","347.299550","3.089599907e-04","2.436159998e-04","1.081533860e-05","row","0","-1.000000000e+00","-1.000000"
"cuda_warp_smem(g16)","16","double","local","local","16384","16384","8","1","1","1","17","1.349999998e-07","1.292298900e-02","1.198800000e-04","1.304300400e-02","1.248740659e-02","1.236739159e-02","5.555974137e-04","343.943898","347.281580","347.281580","3.057279885e-04","2.397760004e-04","1.009342483e-05","row","0","-1.000000000e+00","-1.000000"
"cuda_warp_smem(g16)","16","double","local","local","16384","16384","8","1","1","1","18","1.709999999e-07","1.291905000e-02","1.192780000e-04","1.303849900e-02","1.248236118e-02","1.236291218e-02","5.561378220e-04","344.082921","347.407410","347.407410","3.077439964e-04","2.377279997e-04","1.066582589e-05","row","0","-1.000000000e+00","-1.000000"
"cuda_warp_smem(g16)","16","double","local","local","16384","16384","8","1","1","1","19","1.150000000e-07","1.292227000e-02","1.188200000e-04","1.304120500e-02","1.248658312e-02","1.236764812e-02","5.546218753e-04","343.966580","347.274377","347.274377","3.035199940e-04","2.407359928e-04","1.036588850e-05","row","0","-1.000000000e+00","-1.000000"
"cuda_warp_smem(g16)","16","double","local","local","16384","16384","8","1","1","1","20","1.729999999e-07","1.291922300e-02","1.208060000e-04","1.304020200e-02","1.248824279e-02","1.236726379e-02","5.519592061e-04","343.920868","347.285169","347.285169","3.049600124e-04","2.371200025e-04","9.879191111e-06","row","0","-1.000000000e+00","-1.000000"
"cuda_warp_smem(g16)","16","double","local","local","16384","16384","20","1","1","1","1","2.160000001e-07","3.202401800e-02","2.940590000e-04","3.231829300e-02","3.123491450e-02","3.094063950e-02","1.083378504e-03","343.763331","347.032848","347.032848","5.909759998e-04","4.809919894e-04","1.141051494e-05","row","0","-1.000000000e+00","-1.000000"
"cuda_warp_smem(g16)","16","double","local","local","16384","16384","20","1","1","1","2","9.999999984e-08","3.204042000e-02","2.958880000e-04","3.233640800e-02","3.126619521e-02","3.097020721e-02","1.070212786e-03","343.419408","346.701530","346.701530","5.964800119e-04","4.622719884e-04","1.146078531e-05","row","0","-1.000000000e+00","-1.000000"
"cuda_warp_smem(g16)","16","double","local","local","16384","16384","20","1","1","1","3","1.390000000e-07","3.202610900e-02","3.097860000e-04","3.233603400e-02","3.126170150e-02","3.095177650e-02","1.074332495e-03","343.468772","346.907979","346.907979","5.966719985e-04","4.671359956e-04","1.052450136e-05","row","0","-1.000000000e+00","-1.000000"
"cuda_warp_smem(g16)","16","double","local","local","16384","16384","20","1","1","1","4","2.890000002e-07","3.203600500e-02","2.976000000e-04","3.233389400e-02","3.125718427e-02","3.095929527e-02","1.076709727e-03","343.518410","346.823729","346.823729","5.911679864e-04","4.740799963e-04","1.146174443e-05","row","0","-1.000000000e+00","-1.000000"
"cuda_warp_smem(g16)","16","double","local","local","16384","16384","20","1","1","1","5","1.450000000e-07","3.201277700e-02","2.910640000e-04","3.230398600e-02","3.123712994e-02","3.094592094e-02","1.066856056e-03","343.738950","346.973621","346.973621","5.959680080e-04","4.600960016e-04","1.079204612e-05","row","0","-1.000000000e+00","-1.000000"
"cuda_warp_smem(g16)","16","double","local","local","16384","16384","20","1","1","1","6","1.560000000e-07","3.204518500e-02","3.018200000e-04","3.234716100e-02","3.128248862e-02","3.098051262e-02","1.064672381e-03","343.240539","346.586203","346.586203","5.948799849e-04","4.581440091e-04","1.164838701e-05","row","0","-1.000000000e+00","-1.000000"
"cuda_warp_smem(g16)","16","double","local","local","16384","16384","20","1","1","1","7","1.320000000e-07","3.200073500e-02","2.943740000e-04","3.229524100e-02","3.124285881e-02","3.094835281e-02","1.052382186e-03","343.675920","346.946356","346.946356","5.903040171e-04","4.508480132e-04","1.123015605e-05","row","0","-1.000000000e+00","-1.000000"
"cuda_warp_smem(g16)","16","double","local","local","16384","16384","20","1","1","1","8","1.420000000e-07","3.201172800e-02","2.950730000e-04","3.230694300e-02","3.125787102e-02","3.096265602e-02","1.049071979e-03","343.510863","346.786084","346.786084","5.923200250e-04","4.451520145e-04","1.159993942e-05","row","0","-1.000000000e+00","-1.000000"
"cuda_warp_smem(g16)","16","double","local","local","16384","16384","20","1","1","1","9","2.020000001e-07","3.202219100e-02","3.046720000e-04","3.232706500e-02","3.126676136e-02","3.096188736e-02","1.060303640e-03","343.413189","346.794694","346.794694","5.987840295e-04","4.503679872e-04","1.115162374e-05","row","0","-1.000000000e+00","-1.000000"
"cuda_warp_smem(g16)","16","double","local","local","16384","16384","20","1","1","1","10","1.510000001e-07","3.202509500e-02","2.940280000e-04","3.231927400e-02","3.126448349e-02","3.097030449e-02","1.054790511e-03","343.438210","346.700442","346.700442","5.926719904e-04","4.507200122e-04","1.139850828e-05","row","0","-1.000000000e+00","-1.000000"
"cuda_warp_smem(g16)","16","double","local","local","16384","16384","20","1","1","1","11","1.230000000e-07","3.426497700e-02","3.056310000e-04","3.457073100e-02","3.124242621e-02","3.093667221e-02","3.328304789e-03","343.680679","347.077351","347.077351","5.914559960e-04","2.726367950e-03","1.048084283e-05","row","0","-1.000000000e+00","-1.000000"
"cuda_warp_smem(g16)","16","double","local","local","16384","16384","20","1","1","1","12","3.030000000e-07","3.206483600e-02","3.035080000e-04","3.236864700e-02","3.126797192e-02","3.096416092e-02","1.100675081e-03","343.399894","346.769230","346.769230","6.011199951e-04","4.890559912e-04","1.049909452e-05","row","0","-1.000000000e+00","-1.000000"
"cuda_warp_smem(g16)","16","double","local","local","16384","16384","20","1","1","1","13","2.910000001e-07","3.208362500e-02","2.934990000e-04","3.237741500e-02","3.128079714e-02","3.098700714e-02","1.096617859e-03","343.259099","346.513563","346.513563","6.237760186e-04","4.607680142e-04","1.207382607e-05","row","0","-1.000000000e+00","-1.000000"
"cuda_warp_smem(g16)","16","double","local","local","16384","16384","20","1","1","1","14","1.690000002e-07","3.202563400e-02","3.023290000e-04","3.232813200e-02","3.126317038e-02","3.096067238e-02","1.064961621e-03","343.452635","346.808303","346.808303","5.975999832e-04","4.571200013e-04","1.024163693e-05","row","0","-1.000000000e+00","-1.000000"
"cuda_warp_smem(g16)","16","double","local","local","16384","16384","20","1","1","1","15","1.250000001e-07","3.202442600e-02","2.970580000e-04","3.232160900e-02","3.126435181e-02","3.096716881e-02","1.057257192e-03","343.439656","346.735548","346.735548","5.860480070e-04","4.608959854e-04","1.031319964e-05","row","0","-1.000000000e+00","-1.000000"
"cuda_warp_smem(g16)","16","double","local","local","16384","16384","20","1","1","1","16","8.299999976e-08","3.202338200e-02","2.959370000e-04","3.231940200e-02","3.126542804e-02","3.096940804e-02","1.053973965e-03","343.427834","346.710477","346.710477","5.836160183e-04","4.595519900e-04","1.080595639e-05","row","0","-1.000000000e+00","-1.000000"
"cuda_warp_smem(g16)","16","double","local","local","16384","16384","20","1","1","1","17","1.570000001e-07","3.199520300e-02","2.960850000e-04","3.229144500e-02","3.124155450e-02","3.094531250e-02","1.049890500e-03","343.690268","346.980443","346.980443","5.895680189e-04","4.487679899e-04","1.155449121e-05","row","0","-1.000000000e+00","-1.000000"
"cuda_warp_smem(g16)","16","double","local","local","16384","16384","20","1","1","1","18","1.290000000e-07","3.202827700e-02","2.966890000e-04","3.232509500e-02","3.127429031e-02","3.097747231e-02","1.050804695e-03","343.330516","346.620219","346.620219","5.951039791e-04","4.416320026e-04","1.406871300e-05","row","0","-1.000000000e+00","-1.000000"
"cuda_warp_smem(g16)","16","double","local","local","16384","16384","20","1","1","1","19","1.169999999e-07","3.252989400e-02","8.652230000e-04","3.339523400e-02","3.183730770e-02","3.097196770e-02","1.557926303e-03","337.258990","346.681824","346.681824","5.821440220e-04","9.644799829e-04","1.130229802e-05","row","0","-1.000000000e+00","-1.000000"
"cuda_warp_smem(g16)","16","double","local","local","16384","16384","20","1","1","1","20","1.269999998e-07","3.212928500e-02","3.026320000e-04","3.243204400e-02","3.126541502e-02","3.096265602e-02","1.166628979e-03","343.427977","346.786084","346.786084","6.958079934e-04","4.599680007e-04","1.085298482e-05","row","0","-1.000000000e+00","-1.000000"
"cuda_warp_smem(g16)","16","double","local","local","16384","16384","32","1","1","1","1","1.620000001e-07","5.962433800e-02","5.403740000e-04","6.016487400e-02","5.831637676e-02","5.777584076e-02","1.848497241e-03","294.597678","297.353859","297.353859","9.649279714e-04","8.691200018e-04","1.444926757e-05","row","0","-1.000000000e+00","-1.000000"
"cuda_warp_smem(g16)","16","double","local","local","16384","16384","32","1","1","1","2","1.840000001e-07","5.960256700e-02","5.388900000e-04","6.014164100e-02","5.831619268e-02","5.777711868e-02","1.825448317e-03","294.598608","297.347282","297.347282","9.640960097e-04","8.479679823e-04","1.338432512e-05","row","0","-1.000000000e+00","-1.000000"
"cuda_warp_smem(g16)","16","double","local","local","16384","16384","32","1","1","1","3","2.900000000e-07","5.959340400e-02","5.319220000e-04","6.012561600e-02","5.831326745e-02","5.778105545e-02","1.812348550e-03","294.613386","297.327023","297.327023","9.643520117e-04","8.360639811e-04","1.193255682e-05","row","0","-1.000000000e+00","-1.000000"
"cuda_warp_smem(g16)","16","double","local","local","16384","16384","32","1","1","1","4","2.159999999e-07","5.961328900e-02","5.936730000e-04","6.020717800e-02","5.836400008e-02","5.777011108e-02","1.843177916e-03","294.357295","297.383350","297.383350","9.609599710e-04","8.697280288e-04","1.248991629e-05","row","0","-1.000000000e+00","-1.000000"
"cuda_warp_smem(g16)","16","double","local","local","16384","16384","32","1","1","1","5","2.120000000e-07","5.963493400e-02","5.500770000e-04","6.018522300e-02","5.832520279e-02","5.777491379e-02","1.860020212e-03","294.553098","297.358630","297.358630","9.780799747e-04","8.694080114e-04","1.253222607e-05","row","0","-1.000000000e+00","-1.000000"
"cuda_warp_smem(g16)","16","double","local","local","16384","16384","32","1","1","1","6","2.150000000e-07","5.956760400e-02","5.359250000e-04","6.010374400e-02","5.827101854e-02","5.773487854e-02","1.832725460e-03","294.826993","297.564828","297.564828","9.741439819e-04","8.456320167e-04","1.294946137e-05","row","0","-1.000000000e+00","-1.000000"
"cuda_warp_smem(g16)","16","double","local","local","16384","16384","32","1","1","1","7","1.660000000e-07","5.958725400e-02","5.388220000e-04","6.012624200e-02","5.830346859e-02","5.776448059e-02","1.822773409e-03","294.662901","297.412337","297.412337","9.739840031e-04","8.365439773e-04","1.224542885e-05","row","0","-1.000000000e+00","-1.000000"
"cuda_warp_smem(g16)","16","double","local","local","16384","16384","32","1","1","1","8","2.430000001e-07","6.041425000e-02","1.472653000e-03","6.188714600e-02","5.924848117e-02","5.777558517e-02","2.638664825e-03","289.963031","297.355174","297.355174","9.626880288e-04","1.661344051e-03","1.463274527e-05","row","0","-1.000000000e+00","-1.000000"
"cuda_warp_smem(g16)","16","double","local","local","16384","16384","32","1","1","1","9","2.419999996e-07","6.043422900e-02","5.356700000e-04","6.097014100e-02","5.832244154e-02","5.778652954e-02","2.647699459e-03","294.567044","297.298857","297.298857","1.806336045e-03","8.276159763e-04","1.374743739e-05","row","0","-1.000000000e+00","-1.000000"
"cuda_warp_smem(g16)","16","double","local","local","16384","16384","32","1","1","1","10","1.959999998e-07","5.959572500e-02","5.382770000e-04","6.013419800e-02","5.829082667e-02","5.775235367e-02","1.843371332e-03","294.726806","297.474788","297.474788","9.619200230e-04","8.680319786e-04","1.341933022e-05","row","0","-1.000000000e+00","-1.000000"
"cuda_warp_smem(g16)","16","double","local","local","16384","16384","32","1","1","1","11","1.637000000e-06","5.961672500e-02","5.358010000e-04","6.015416300e-02","5.830956706e-02","5.777212906e-02","1.844595941e-03","294.632083","297.372963","297.372963","9.983999729e-04","8.343039751e-04","1.189199314e-05","row","0","-1.000000000e+00","-1.000000"
"cuda_warp_smem(g16)","16","double","local","local","16384","16384","32","1","1","1","12","1.990000000e-07","5.961151900e-02","5.479730000e-04","6.015969100e-02","5.833918000e-02","5.779100800e-02","1.820511004e-03","294.482528","297.275818","297.275818","9.785919785e-04","8.281599879e-04","1.375903792e-05","row","0","-1.000000000e+00","-1.000000"
"cuda_warp_smem(g16)","16","double","local","local","16384","16384","32","1","1","1","13","2.019999998e-07","5.957907000e-02","5.563250000e-04","6.013559700e-02","5.833540807e-02","5.777888107e-02","1.800188927e-03","294.501569","297.338212","297.338212","9.615359902e-04","8.269119859e-04","1.174095089e-05","row","0","-1.000000000e+00","-1.000000"
"cuda_warp_smem(g16)","16","double","local","local","16384","16384","32","1","1","1","14","1.649999999e-07","5.956407300e-02","5.412160000e-04","6.010545400e-02","5.829296410e-02","5.775158310e-02","1.812489901e-03","294.716000","297.478757","297.478757","9.583359957e-04","8.415679932e-04","1.258591180e-05","row","0","-1.000000000e+00","-1.000000"
"cuda_warp_smem(g16)","16","double","local","local","16384","16384","32","1","1","1","15","1.880000000e-07","5.971254600e-02","7.494160000e-04","6.046215000e-02","5.853081967e-02","5.778121567e-02","1.931330332e-03","293.518343","297.326198","297.326198","9.765120149e-04","9.414079785e-04","1.341033887e-05","row","0","-1.000000000e+00","-1.000000"
"cuda_warp_smem(g16)","16","double","local","local","16384","16384","32","1","1","1","16","2.630000000e-07","5.969938200e-02","5.632710000e-04","6.026291600e-02","5.834394858e-02","5.778041458e-02","1.918967419e-03","294.458459","297.330320","297.330320","9.981759787e-04","9.079999924e-04","1.279144767e-05","row","0","-1.000000000e+00","-1.000000"
"cuda_warp_smem(g16)","16","double","local","local","16384","16384","32","1","1","1","17","2.160000001e-07","5.958463500e-02","5.453000000e-04","6.013015100e-02","5.830119608e-02","5.775568008e-02","1.828954916e-03","294.674386","297.457655","297.457655","9.817600250e-04","8.348159790e-04","1.237891174e-05","row","0","-1.000000000e+00","-1.000000"
"cuda_warp_smem(g16)","16","double","local","local","16384","16384","32","1","1","1","18","1.220000003e-07","5.960149100e-02","5.530630000e-04","6.015467600e-02","5.834992267e-02","5.779673767e-02","1.804753329e-03","294.428311","297.246348","297.246348","9.669759870e-04","8.203520179e-04","1.742532426e-05","row","0","-1.000000000e+00","-1.000000"
"cuda_warp_smem(g16)","16","double","local","local","16384","16384","32","1","1","1","19","1.190000001e-07","5.954324000e-02","5.443360000e-04","6.008769500e-02","5.829520650e-02","5.775075150e-02","1.792488505e-03","294.704663","297.483041","297.483041","9.716160297e-04","8.082559705e-04","1.261650442e-05","row","0","-1.000000000e+00","-1.000000"
"cuda_warp_smem(g16)","16","double","local","local","16384","16384","32","1","1","1","20","1.240000000e-07","5.957064100e-02","5.432910000e-04","6.011405600e-02","5.833077615e-02","5.778736115e-02","1.783279855e-03","294.524954","297.294579","297.294579","9.697920084e-04","8.015040159e-04","1.198383066e-05","row","0","-1.000000000e+00","-1.000000"
"cuda_warp_smem(blk384)(g16)","16","double","local","local","16384","16384","3","1","1","1","1","1.220000001e-07","5.976610000e-03","4.432300000e-05","6.021055000e-03","5.802940808e-03","5.758495808e-03","2.181141924e-04","277.551123","279.693307","279.693307","1.198080033e-04","8.924800158e-05","9.058187470e-06","row","0","-1.000000000e+00","-1.000000"
"cuda_warp_smem(blk384)(g16)","16","double","local","local","16384","16384","3","1","1","1","2","1.470000000e-07","5.964891000e-03","4.350700000e-05","6.008545000e-03","5.795877969e-03","5.752223969e-03","2.126670315e-04","277.889346","279.998266","279.998266","1.182079986e-04","8.476799726e-05","9.691035656e-06","row","0","-1.000000000e+00","-1.000000"
"cuda_warp_smem(blk384)(g16)","16","double","local","local","16384","16384","3","1","1","1","3","1.230000000e-07","5.970898000e-03","4.508200000e-05","6.016103000e-03","5.806036833e-03","5.760831833e-03","2.100661671e-04","277.403121","279.579891","279.579891","1.177600026e-04","8.278399706e-05","9.522167442e-06","row","0","-1.000000000e+00","-1.000000"
"cuda_warp_smem(blk384)(g16)","16","double","local","local","16384","16384","3","1","1","1","4","1.180000000e-07","5.968987000e-03","4.463600000e-05","6.013741000e-03","5.802130194e-03","5.757376194e-03","2.116108060e-04","277.589899","279.747698","279.747698","1.196480021e-04","8.240000159e-05","9.562802326e-06","row","0","-1.000000000e+00","-1.000000"
"cuda_warp_smem(blk384)(g16)","16","double","local","local","16384","16384","3","1","1","1","5","1.140000001e-07","5.973974000e-03","4.389600000e-05","6.017984000e-03","5.810089903e-03","5.766079903e-03","2.078940974e-04","277.209607","279.325428","279.325428","1.184640005e-04","8.009599894e-05","9.334097885e-06","row","0","-1.000000000e+00","-1.000000"
"cuda_warp_smem(blk384)(g16)","16","double","local","local","16384","16384","3","1","1","1","6","1.130000000e-07","5.971721000e-03","4.449500000e-05","6.016329000e-03","5.805792216e-03","5.761184216e-03","2.105367845e-04","277.414809","279.562791","279.562791","1.176320016e-04","8.326400071e-05","9.640782102e-06","row","0","-1.000000000e+00","-1.000000"
"cuda_warp_smem(blk384)(g16)","16","double","local","local","16384","16384","3","1","1","1","7","1.430000001e-07","5.978704000e-03","4.497200000e-05","6.023819000e-03","5.809498793e-03","5.764383793e-03","2.143202071e-04","277.237812","279.407616","279.407616","1.186880022e-04","8.662399650e-05","9.008208398e-06","row","0","-1.000000000e+00","-1.000000"
"cuda_warp_smem(blk384)(g16)","16","double","local","local","16384","16384","3","1","1","1","8","1.290000000e-07","6.208900000e-03","4.427200000e-05","6.253301000e-03","5.803504775e-03","5.759103775e-03","4.497962250e-04","277.524151","279.663781","279.663781","1.191679984e-04","3.215360045e-04","9.092221999e-06","row","0","-1.000000000e+00","-1.000000"
"cuda_warp_smem(blk384)(g16)","16","double","local","local","16384","16384","3","1","1","1","9","1.549999999e-07","5.969010000e-03","6.114400000e-05","6.030309000e-03","5.819251213e-03","5.757952213e-03","2.110577867e-04","276.773192","279.719712","279.719712","1.197760031e-04","8.076799661e-05","1.051378704e-05","row","0","-1.000000000e+00","-1.000000"
"cuda_warp_smem(blk384)(g16)","16","double","local","local","16384","16384","3","1","1","1","10","1.130000000e-07","5.969096000e-03","4.436100000e-05","6.013570000e-03","5.799802178e-03","5.755328178e-03","2.137678216e-04","277.701323","279.847245","279.847245","1.184000000e-04","8.649600297e-05","8.871818586e-06","row","0","-1.000000000e+00","-1.000000"
"cuda_warp_smem(blk384)(g16)","16","double","local","local","16384","16384","3","1","1","1","11","1.059999999e-07","5.713400000e-03","4.382200000e-05","5.757328000e-03","5.549176070e-03","5.505248070e-03","2.081519302e-04","290.243581","292.559521","292.559521","1.186240017e-04","8.012799919e-05","9.399929309e-06","row","0","-1.000000000e+00","-1.000000"
"cuda_warp_smem(blk384)(g16)","16","double","local","local","16384","16384","3","1","1","1","12","1.090000001e-07","5.644364000e-03","4.460200000e-05","5.689075000e-03","5.480934984e-03","5.436223984e-03","2.081400162e-04","293.857296","296.274168","296.274168","1.183039993e-04","8.073599637e-05","9.100020565e-06","row","0","-1.000000000e+00","-1.000000"
"cuda_warp_smem(blk384)(g16)","16","double","local","local","16384","16384","3","1","1","1","13","1.029999999e-07","5.641342000e-03","4.414500000e-05","5.685590000e-03","5.474071875e-03","5.429823875e-03","2.115181246e-04","294.225719","296.623385","296.623385","1.217600033e-04","7.996799797e-05","9.790123336e-06","row","0","-1.000000000e+00","-1.000000"
"cuda_warp_smem(blk384)(g16)","16","double","local","local","16384","16384","3","1","1","1","14","1.150000002e-07","5.648000000e-03","4.366000000e-05","5.691775000e-03","5.474687018e-03","5.430912018e-03","2.170879822e-04","294.192660","296.563953","296.563953","1.190079972e-04","8.508799970e-05","1.299198526e-05","row","0","-1.000000000e+00","-1.000000"
"cuda_warp_smem(blk384)(g16)","16","double","local","local","16384","16384","3","1","1","1","15","1.160000000e-07","5.633545000e-03","4.424700000e-05","5.677908000e-03","5.462315061e-03","5.417952061e-03","2.155929393e-04","294.858996","297.273346","297.273346","1.181119978e-04","8.604799956e-05","1.143294190e-05","row","0","-1.000000000e+00","-1.000000"
"cuda_warp_smem(blk384)(g16)","16","double","local","local","16384","16384","3","1","1","1","16","1.169999999e-07","5.651909000e-03","4.473800000e-05","5.696764000e-03","5.485814930e-03","5.440959930e-03","2.109490696e-04","293.595893","296.016283","296.016283","1.185920015e-04","8.220800012e-05","1.014906796e-05","row","0","-1.000000000e+00","-1.000000"
"cuda_warp_smem(blk384)(g16)","16","double","local","local","16384","16384","3","1","1","1","17","1.310000000e-07","5.637919000e-03","4.515600000e-05","5.683206000e-03","5.469319211e-03","5.424032211e-03","2.138867887e-04","294.481392","296.940113","296.940113","1.195200011e-04","8.521600068e-05","9.150786907e-06","row","0","-1.000000000e+00","-1.000000"
"cuda_warp_smem(blk384)(g16)","16","double","local","local","16384","16384","3","1","1","1","18","1.400000000e-07","5.645105000e-03","4.398900000e-05","5.689234000e-03","5.478529082e-03","5.434400082e-03","2.107049184e-04","293.986344","296.373604","296.373604","1.192959994e-04","8.166400343e-05","9.744915526e-06","row","0","-1.000000000e+00","-1.000000"
"cuda_warp_smem(blk384)(g16)","16","double","local","local","16384","16384","3","1","1","1","19","1.419999998e-07","5.633179000e-03","4.417900000e-05","5.677500000e-03","5.468544900e-03","5.424223900e-03","2.089551002e-04","294.523089","296.929619","296.929619","1.191999987e-04","7.996799797e-05","9.787103514e-06","row","0","-1.000000000e+00","-1.000000"
"cuda_warp_smem(blk384)(g16)","16","double","local","local","16384","16384","3","1","1","1","20","1.109999999e-07","5.635735000e-03","4.421300000e-05","5.680059000e-03","5.467715819e-03","5.423391819e-03","2.123431810e-04","294.567748","296.975175","296.975175","1.191359982e-04","8.303999901e-05","1.016718380e-05","row","0","-1.000000000e+00","-1.000000"
"cuda_warp_smem(blk384)(g16)","16","double","local","local","16384","16384","6","1","1","1","1","9.800000011e-08","1.051565700e-02","8.990600000e-05","1.060566100e-02","1.017026046e-02","1.008025646e-02","4.354005379e-04","316.729889","319.557889","319.557889","2.356159985e-04","1.895679981e-04","1.021654134e-05","row","0","-1.000000000e+00","-1.000000"
"cuda_warp_smem(blk384)(g16)","16","double","local","local","16384","16384","6","1","1","1","2","1.159999998e-07","1.052171300e-02","8.852300000e-05","1.061035200e-02","1.017407868e-02","1.008543968e-02","4.362733180e-04","316.611024","319.393658","319.393658","2.329279929e-04","1.926719993e-04","1.067332572e-05","row","0","-1.000000000e+00","-1.000000"
"cuda_warp_smem(blk384)(g16)","16","double","local","local","16384","16384","6","1","1","1","3","1.500000000e-07","1.052304400e-02","8.952900000e-05","1.061272300e-02","1.017275071e-02","1.008307171e-02","4.399722913e-04","316.652355","319.468666","319.468666","2.411839962e-04","1.877759993e-04","1.101229581e-05","row","0","-1.000000000e+00","-1.000000"
"cuda_warp_smem(blk384)(g16)","16","double","local","local","16384","16384","6","1","1","1","4","1.059999999e-07","1.050867300e-02","8.857400000e-05","1.059735300e-02","1.017632839e-02","1.008764839e-02","4.210246083e-04","316.541030","319.323726","319.323726","2.317759991e-04","1.800000072e-04","9.248602055e-06","row","0","-1.000000000e+00","-1.000000"
"cuda_warp_smem(blk384)(g16)","16","double","local","local","16384","16384","6","1","1","1","5","1.470000000e-07","1.051230600e-02","9.003300000e-05","1.060248600e-02","1.017616423e-02","1.008598423e-02","4.263217700e-04","316.546137","319.376414","319.376414","2.311359942e-04","1.855359972e-04","9.649778610e-06","row","0","-1.000000000e+00","-1.000000"
"cuda_warp_smem(blk384)(g16)","16","double","local","local","16384","16384","6","1","1","1","6","1.460000001e-07","1.050074600e-02","8.920300000e-05","1.059009500e-02","1.016566869e-02","1.007631969e-02","4.244263055e-04","316.872954","319.682738","319.682738","2.359679937e-04","1.794559956e-04","9.002316185e-06","row","0","-1.000000000e+00","-1.000000"
"cuda_warp_smem(blk384)(g16)","16","double","local","local","16384","16384","6","1","1","1","7","1.480000003e-07","1.047875700e-02","8.975500000e-05","1.056866000e-02","1.014343942e-02","1.005353642e-02","4.252205849e-04","317.567379","320.407202","320.407202","2.332479954e-04","1.820800006e-04","9.892588884e-06","row","0","-1.000000000e+00","-1.000000"
"cuda_warp_smem(blk384)(g16)","16","double","local","local","16384","16384","6","1","1","1","8","1.199999999e-07","1.047363500e-02","8.817200000e-05","1.056192700e-02","1.014320361e-02","1.005491161e-02","4.187233865e-04","317.574762","320.363380","320.363380","2.318080068e-04","1.767359972e-04","1.017938257e-05","row","0","-1.000000000e+00","-1.000000"
"cuda_warp_smem(blk384)(g16)","16","double","local","local","16384","16384","6","1","1","1","9","1.149999997e-07","1.047523000e-02","9.000600000e-05","1.056535100e-02","1.014279339e-02","1.005267239e-02","4.225576138e-04","317.587606","320.434741","320.434741","2.304320037e-04","1.826239973e-04","9.501612764e-06","row","0","-1.000000000e+00","-1.000000"
"cuda_warp_smem(blk384)(g16)","16","double","local","local","16384","16384","6","1","1","1","10","1.240000000e-07","1.047774400e-02","8.917900000e-05","1.056704700e-02","1.014904688e-02","1.005974388e-02","4.180001188e-04","317.391920","320.209491","320.209491","2.314880043e-04","1.770240068e-04","9.488107604e-06","row","0","-1.000000000e+00","-1.000000"
"cuda_warp_smem(blk384)(g16)","16","double","local","local","16384","16384","6","1","1","1","11","1.209999998e-07","1.047433900e-02","8.977000000e-05","1.056423000e-02","1.014633898e-02","1.005644798e-02","4.178910172e-04","317.476627","320.314437","320.314437","2.317440063e-04","1.753599942e-04","1.078701676e-05","row","0","-1.000000000e+00","-1.000000"
"cuda_warp_smem(blk384)(g16)","16","double","local","local","16384","16384","6","1","1","1","12","1.149999997e-07","1.047654100e-02","8.863600000e-05","1.056529200e-02","1.014452664e-02","1.005577564e-02","4.207653576e-04","317.533344","320.335853","320.335853","2.334720045e-04","1.767040044e-04","1.058934867e-05","row","0","-1.000000000e+00","-1.000000"
"cuda_warp_smem(blk384)(g16)","16","double","local","local","16384","16384","6","1","1","1","13","1.200000002e-07","1.048995900e-02","8.866100000e-05","1.057874000e-02","1.014199698e-02","1.005321598e-02","4.367430195e-04","317.612545","320.417415","320.417415","2.516160011e-04","1.758719981e-04","9.255020269e-06","row","0","-1.000000000e+00","-1.000000"
"cuda_warp_smem(blk384)(g16)","16","double","local","local","16384","16384","6","1","1","1","14","1.119999999e-07","1.047126600e-02","9.388400000e-05","1.056526200e-02","1.015421958e-02","1.006022358e-02","4.110424206e-04","317.230236","320.194223","320.194223","2.314240038e-04","1.705279946e-04","9.090422121e-06","row","0","-1.000000000e+00","-1.000000"
"cuda_warp_smem(blk384)(g16)","16","double","local","local","16384","16384","6","1","1","1","15","1.210000000e-07","1.046918200e-02","8.947100000e-05","1.055877400e-02","1.014546396e-02","1.005587196e-02","4.133100365e-04","317.504008","320.332785","320.332785","2.281599939e-04","1.744000018e-04","1.075004085e-05","row","0","-1.000000000e+00","-1.000000"
"cuda_warp_smem(blk384)(g16)","16","double","local","local","16384","16384","6","1","1","1","16","1.690000000e-07","1.045838200e-02","8.849300000e-05","1.054704400e-02","1.013096604e-02","1.004230404e-02","4.160779610e-04","317.958372","320.765579","320.765579","2.318080068e-04","1.739840060e-04","1.028594819e-05","row","0","-1.000000000e+00","-1.000000"
"cuda_warp_smem(blk384)(g16)","16","double","local","local","16384","16384","6","1","1","1","17","1.360000002e-07","1.044683600e-02","9.057000000e-05","1.053754200e-02","1.012792219e-02","1.003721619e-02","4.096198135e-04","318.053932","320.928175","320.928175","2.287040055e-04","1.711360067e-04","9.779801284e-06","row","0","-1.000000000e+00","-1.000000"
"cuda_warp_smem(blk384)(g16)","16","double","local","local","16384","16384","6","1","1","1","18","1.480000000e-07","1.044817300e-02","9.031500000e-05","1.053863600e-02","1.011881478e-02","1.002835178e-02","4.198212162e-04","318.340195","321.211854","321.211854","2.301760018e-04","1.794880033e-04","1.015721121e-05","row","0","-1.000000000e+00","-1.000000"
"cuda_warp_smem(blk384)(g16)","16","double","local","local","16384","16384","6","1","1","1","19","1.530000002e-07","1.044111300e-02","9.078800000e-05","1.053205400e-02","1.011807685e-02","1.002713585e-02","4.139771510e-04","318.363412","321.250806","321.250806","2.316160053e-04","1.721920073e-04","1.016913840e-05","row","0","-1.000000000e+00","-1.000000"
"cuda_warp_smem(blk384)(g16)","16","double","local","local","16384","16384","6","1","1","1","20","1.430000001e-07","1.043938700e-02","8.912500000e-05","1.052865500e-02","1.011688355e-02","1.002761555e-02","4.117714528e-04","318.400964","321.235438","321.235438","2.297279984e-04","1.716160029e-04","1.042745153e-05","row","0","-1.000000000e+00","-1.000000"
"cuda_warp_smem(blk384)(g16)","16","double","local","local","16384","16384","8","1","1","1","1","1.520000001e-07","1.484471200e-02","1.215880000e-04","1.496645200e-02","1.440487637e-02","1.428313637e-02","5.615756322e-04","298.160650","300.701974","300.701974","3.126080036e-04","2.392960042e-04","9.671624410e-06","row","0","-1.000000000e+00","-1.000000"
"cuda_warp_smem(blk384)(g16)","16","double","local","local","16384","16384","8","1","1","1","2","1.140000001e-07","1.484823800e-02","1.188360000e-04","1.496718800e-02","1.441306221e-02","1.429411221e-02","5.541257945e-04","297.991311","300.471077","300.471077","3.135679960e-04","2.289600074e-04","1.159779104e-05","row","0","-1.000000000e+00","-1.000000"
"cuda_warp_smem(blk384)(g16)","16","double","local","local","16384","16384","8","1","1","1","3","1.340000000e-07","1.483866900e-02","1.226030000e-04","1.496140600e-02","1.441377742e-02","1.429104042e-02","5.476285795e-04","297.976524","300.535662","300.535662","3.038400114e-04","2.331839949e-04","1.060457322e-05","row","0","-1.000000000e+00","-1.000000"
"cuda_warp_smem(blk384)(g16)","16","double","local","local","16384","16384","8","1","1","1","4","1.959999998e-07","1.482648300e-02","1.187670000e-04","1.494544600e-02","1.438936305e-02","1.427040005e-02","5.560829527e-04","298.482100","300.970350","300.970350","3.207040131e-04","2.244160026e-04","1.096293696e-05","row","0","-1.000000000e+00","-1.000000"
"cuda_warp_smem(blk384)(g16)","16","double","local","local","16384","16384","8","1","1","1","5","1.470000002e-07","1.481354900e-02","1.194590000e-04","1.493315500e-02","1.439125441e-02","1.427164841e-02","5.419005930e-04","298.442872","300.944024","300.944024","3.061760068e-04","2.252479941e-04","1.047659216e-05","row","0","-1.000000000e+00","-1.000000"
"cuda_warp_smem(blk384)(g16)","16","double","local","local","16384","16384","8","1","1","1","6","1.299999999e-07","1.480336800e-02","1.187000000e-04","1.492219800e-02","1.438337353e-02","1.426454353e-02","5.388244667e-04","298.606393","301.093918","301.093918","3.066880107e-04","2.224960029e-04","9.640453070e-06","row","0","-1.000000000e+00","-1.000000"
"cuda_warp_smem(blk384)(g16)","16","double","local","local","16384","16384","8","1","1","1","7","1.599999999e-07","1.480994800e-02","1.198790000e-04","1.492998700e-02","1.439181520e-02","1.427177620e-02","5.381718007e-04","298.431243","300.941329","300.941329","3.029119968e-04","2.258560061e-04","9.403797672e-06","row","0","-1.000000000e+00","-1.000000"
"cuda_warp_smem(blk384)(g16)","16","double","local","local","16384","16384","8","1","1","1","8","1.080000001e-07","1.481878200e-02","1.198380000e-04","1.493872800e-02","1.439652204e-02","1.427657604e-02","5.422059578e-04","298.333673","300.840151","300.840151","3.087039888e-04","2.191040069e-04","1.439796215e-05","row","0","-1.000000000e+00","-1.000000"
"cuda_warp_smem(blk384)(g16)","16","double","local","local","16384","16384","8","1","1","1","9","1.230000000e-07","1.480659900e-02","1.185940000e-04","1.492531600e-02","1.438546924e-02","1.426675224e-02","5.398467570e-04","298.562892","301.047304","301.047304","3.079999983e-04","2.218880057e-04","9.958752893e-06","row","0","-1.000000000e+00","-1.000000"
"cuda_warp_smem(blk384)(g16)","16","double","local","local","16384","16384","8","1","1","1","10","1.429999998e-07","1.717457700e-02","1.224120000e-04","1.729713200e-02","1.437593101e-02","1.425337601e-02","2.921200993e-03","298.760984","301.329825","301.329825","3.079040051e-04","2.602047920e-03","1.124906764e-05","row","0","-1.000000000e+00","-1.000000"
"cuda_warp_smem(blk384)(g16)","16","double","local","local","16384","16384","8","1","1","1","11","1.790000002e-07","1.481339500e-02","1.291120000e-04","1.494268600e-02","1.439556259e-02","1.426627159e-02","5.471234088e-04","298.353556","301.057446","301.057446","3.065600097e-04","2.303680032e-04","1.019539585e-05","row","0","-1.000000000e+00","-1.000000"
"cuda_warp_smem(blk384)(g16)","16","double","local","local","16384","16384","8","1","1","1","12","2.130000001e-07","1.478877400e-02","1.194740000e-04","1.490846100e-02","1.436189453e-02","1.424220753e-02","5.465664728e-04","299.052976","301.566122","301.566122","3.097600043e-04","2.253119946e-04","1.149447400e-05","row","0","-1.000000000e+00","-1.000000"
"cuda_warp_smem(blk384)(g16)","16","double","local","local","16384","16384","8","1","1","1","13","1.430000001e-07","1.479948400e-02","1.178950000e-04","1.491752200e-02","1.437595827e-02","1.425792027e-02","5.415637348e-04","298.760418","301.233786","301.233786","3.071680069e-04","2.248640060e-04","9.531721863e-06","row","0","-1.000000000e+00","-1.000000"
"cuda_warp_smem(blk384)(g16)","16","double","local","local","16384","16384","8","1","1","1","14","1.910000000e-07","1.479001100e-02","1.190860000e-04","1.490928800e-02","1.437399673e-02","1.425471973e-02","5.352912658e-04","298.801188","301.301420","301.301420","3.086400032e-04","2.164479941e-04","1.020326849e-05","row","0","-1.000000000e+00","-1.000000"
"cuda_warp_smem(blk384)(g16)","16","double","local","local","16384","16384","8","1","1","1","15","1.850000000e-07","1.480561300e-02","1.185680000e-04","1.492436600e-02","1.438236861e-02","1.426361561e-02","5.419973918e-04","298.627258","301.113505","301.113505","3.077439964e-04","2.237759978e-04","1.047739765e-05","row","0","-1.000000000e+00","-1.000000"
"cuda_warp_smem(blk384)(g16)","16","double","local","local","16384","16384","8","1","1","1","16","1.610000000e-07","1.479102500e-02","1.184520000e-04","1.490963800e-02","1.436882090e-02","1.425020790e-02","5.408170990e-04","298.908820","301.396817","301.396817","3.098559976e-04","2.197120041e-04","1.124909737e-05","row","0","-1.000000000e+00","-1.000000"
"cuda_warp_smem(blk384)(g16)","16","double","local","local","16384","16384","8","1","1","1","17","2.360000000e-07","1.478774700e-02","1.216990000e-04","1.490968200e-02","1.437086307e-02","1.424892807e-02","5.388189299e-04","298.866343","301.423888","301.423888","3.084799945e-04","2.199040055e-04","1.043492987e-05","row","0","-1.000000000e+00","-1.000000"
"cuda_warp_smem(blk384)(g16)","16","double","local","local","16384","16384","8","1","1","1","18","2.170000002e-07","1.479985400e-02","1.202190000e-04","1.492029000e-02","1.438171606e-02","1.426128006e-02","5.385739402e-04","298.640807","301.162818","301.162818","3.092480004e-04","2.188480049e-04","1.047793487e-05","row","0","-1.000000000e+00","-1.000000"
"cuda_warp_smem(blk384)(g16)","16","double","local","local","16384","16384","8","1","1","1","19","1.419999998e-07","1.479471000e-02","1.187420000e-04","1.491359400e-02","1.437328425e-02","1.425440025e-02","5.403097467e-04","298.815999","301.308173","301.308173","3.098239899e-04","2.201279998e-04","1.035775705e-05","row","0","-1.000000000e+00","-1.000000"
"cuda_warp_smem(blk384)(g16)","16","double","local","local","16384","16384","8","1","1","1","20","1.950000001e-07","1.480292700e-02","1.197870000e-04","1.492290900e-02","1.437870240e-02","1.425872040e-02","5.442066021e-04","298.703400","301.216882","301.216882","3.143680096e-04","2.197120041e-04","1.012658842e-05","row","0","-1.000000000e+00","-1.000000"
"cuda_warp_smem(blk384)(g16)","16","double","local","local","16384","16384","20","1","1","1","1","1.670000001e-07","3.289701000e-02","2.998580000e-04","3.319703500e-02","3.210565664e-02","3.180563164e-02","1.091378362e-03","334.440076","337.594875","337.594875","5.969600081e-04","4.830720127e-04","1.134634162e-05","row","0","-1.000000000e+00","-1.000000"
"cuda_warp_smem(blk384)(g16)","16","double","local","local","16384","16384","20","1","1","1","2","1.859999998e-07","3.288266000e-02","2.981540000e-04","3.318100000e-02","3.207869164e-02","3.178035164e-02","1.102308361e-03","334.721203","337.863418","337.863418","5.943359733e-04","4.968639910e-04","1.110839692e-05","row","0","-1.000000000e+00","-1.000000"
"cuda_warp_smem(blk384)(g16)","16","double","local","local","16384","16384","20","1","1","1","3","2.580000000e-07","3.288679000e-02","3.018460000e-04","3.318889400e-02","3.209323979e-02","3.179113579e-02","1.095654212e-03","334.569470","337.748809","337.748809","5.992320180e-04","4.859839976e-04","1.043819646e-05","row","0","-1.000000000e+00","-1.000000"
"cuda_warp_smem(blk384)(g16)","16","double","local","local","16384","16384","20","1","1","1","4","1.709999999e-07","3.286801800e-02","3.039530000e-04","3.317214200e-02","3.209439576e-02","3.179027176e-02","1.077746241e-03","334.557420","337.757988","337.757988","5.914239883e-04","4.748480022e-04","1.147425043e-05","row","0","-1.000000000e+00","-1.000000"
"cuda_warp_smem(blk384)(g16)","16","double","local","local","16384","16384","20","1","1","1","5","2.850000000e-07","3.286100900e-02","2.962490000e-04","3.315754300e-02","3.207851833e-02","3.178198433e-02","1.079024671e-03","334.723011","337.846062","337.846062","5.882560015e-04","4.789440036e-04","1.182466572e-05","row","0","-1.000000000e+00","-1.000000"
"cuda_warp_smem(blk384)(g16)","16","double","local","local","16384","16384","20","1","1","1","6","1.709999999e-07","3.286901600e-02","2.964010000e-04","3.316558800e-02","3.208857182e-02","3.179199982e-02","1.077016183e-03","334.618141","337.739630","337.739630","5.916479826e-04","4.737600088e-04","1.160819170e-05","row","0","-1.000000000e+00","-1.000000"
"cuda_warp_smem(blk384)(g16)","16","double","local","local","16384","16384","20","1","1","1","7","1.889999999e-07","3.740292900e-02","3.137840000e-04","3.771690200e-02","3.209976440e-02","3.178579140e-02","5.617137603e-03","334.501466","337.805597","337.805597","5.133503914e-03","4.731839895e-04","1.044969950e-05","row","0","-1.000000000e+00","-1.000000"
"cuda_warp_smem(blk384)(g16)","16","double","local","local","16384","16384","20","1","1","1","8","1.810000001e-07","3.290298700e-02","3.007030000e-04","3.320387100e-02","3.209713911e-02","3.179625511e-02","1.106731888e-03","334.528825","337.694430","337.694430","5.975999832e-04","4.946239889e-04","1.450791622e-05","row","0","-1.000000000e+00","-1.000000"
"cuda_warp_smem(blk384)(g16)","16","double","local","local","16384","16384","20","1","1","1","9","1.789999999e-07","3.287450300e-02","3.058350000e-04","3.318051700e-02","3.209644598e-02","3.179043198e-02","1.084071024e-03","334.536050","337.756286","337.756286","5.996800065e-04","4.718399942e-04","1.255102299e-05","row","0","-1.000000000e+00","-1.000000"
"cuda_warp_smem(blk384)(g16)","16","double","local","local","16384","16384","20","1","1","1","10","2.080000001e-07","3.287313100e-02","3.001570000e-04","3.317349600e-02","3.209306863e-02","3.179270363e-02","1.080427371e-03","334.571255","337.732153","337.732153","5.998079777e-04","4.704959989e-04","1.012339492e-05","row","0","-1.000000000e+00","-1.000000"
"cuda_warp_smem(blk384)(g16)","16","double","local","local","16384","16384","20","1","1","1","11","1.610000000e-07","3.286987300e-02","2.965310000e-04","3.316656500e-02","3.208958827e-02","3.179289627e-02","1.076976729e-03","334.607542","337.730106","337.730106","5.987520218e-04","4.676800072e-04","1.054470024e-05","row","0","-1.000000000e+00","-1.000000"
"cuda_warp_smem(blk384)(g16)","16","double","local","local","16384","16384","20","1","1","1","12","3.679999998e-07","3.287029700e-02","2.989860000e-04","3.316965100e-02","3.209548132e-02","3.179612732e-02","1.074169681e-03","334.546104","337.695787","337.695787","6.002240181e-04","4.635519981e-04","1.039366443e-05","row","0","-1.000000000e+00","-1.000000"
"cuda_warp_smem(blk384)(g16)","16","double","local","local","16384","16384","20","1","1","1","13","2.929999998e-07","3.284319400e-02","2.987210000e-04","3.314220800e-02","3.208163729e-02","3.178262329e-02","1.060570709e-03","334.690469","337.839270","337.839270","5.933120251e-04","4.528320134e-04","1.442667055e-05","row","0","-1.000000000e+00","-1.000000"
"cuda_warp_smem(blk384)(g16)","16","double","local","local","16384","16384","20","1","1","1","14","2.580000000e-07","3.286718800e-02","3.307840000e-04","3.319823000e-02","3.212518568e-02","3.179414368e-02","1.073044323e-03","334.236768","337.716856","337.716856","5.851200223e-04","4.767360091e-04","1.118829182e-05","row","0","-1.000000000e+00","-1.000000"
"cuda_warp_smem(blk384)(g16)","16","double","local","local","16384","16384","20","1","1","1","15","3.420000003e-07","3.288507200e-02","3.027020000e-04","3.318811600e-02","3.209126727e-02","3.178822327e-02","1.096848733e-03","334.590035","337.779754","337.779754","5.938879848e-04","4.916160107e-04","1.134473798e-05","row","0","-1.000000000e+00","-1.000000"
"cuda_warp_smem(blk384)(g16)","16","double","local","local","16384","16384","20","1","1","1","16","1.140000001e-07","3.286602500e-02","3.004340000e-04","3.316657300e-02","3.208198873e-02","3.178144073e-02","1.084584265e-03","334.686803","337.851840","337.851840","5.943679810e-04","4.789119959e-04","1.130428829e-05","row","0","-1.000000000e+00","-1.000000"
"cuda_warp_smem(blk384)(g16)","16","double","local","local","16384","16384","20","1","1","1","17","1.549999999e-07","3.287675700e-02","3.049260000e-04","3.318183800e-02","3.210616933e-02","3.180108833e-02","1.075668667e-03","334.434735","337.643106","337.643106","6.017600298e-04","4.630720019e-04","1.083663514e-05","row","0","-1.000000000e+00","-1.000000"
"cuda_warp_smem(blk384)(g16)","16","double","local","local","16384","16384","20","1","1","1","18","2.080000003e-07","3.285709700e-02","2.982040000e-04","3.315550900e-02","3.208986822e-02","3.179145622e-02","1.065640777e-03","334.604622","337.745404","337.745404","5.934079885e-04","4.616959989e-04","1.053679001e-05","row","0","-1.000000000e+00","-1.000000"
"cuda_warp_smem(blk384)(g16)","16","double","local","local","16384","16384","20","1","1","1","19","1.380000003e-07","3.340153700e-02","9.110830000e-04","3.431275800e-02","3.269899795e-02","3.178777695e-02","1.613760053e-03","328.371477","337.784497","337.784497","5.929920077e-04","1.006592035e-03","1.417600995e-05","row","0","-1.000000000e+00","-1.000000"
"cuda_warp_smem(blk384)(g16)","16","double","local","local","16384","16384","20","1","1","1","20","1.589999998e-07","3.298659500e-02","3.005410000e-04","3.328729500e-02","3.209423523e-02","3.179353523e-02","1.193059767e-03","334.559093","337.723319","337.723319","7.167680264e-04","4.648000002e-04","1.149174091e-05","row","0","-1.000000000e+00","-1.000000"
"cuda_warp_smem(blk384)(g16)","16","double","local","local","16384","16384","32","1","1","1","1","3.210000001e-07","6.854775600e-02","6.293950000e-04","6.917747200e-02","6.734321698e-02","6.671350098e-02","1.834255023e-03","255.109125","257.517128","257.517128","9.728000164e-04","8.480960131e-04","1.335899396e-05","row","0","-1.000000000e+00","-1.000000"
"cuda_warp_smem(blk384)(g16)","16","double","local","local","16384","16384","32","1","1","1","2","2.710000000e-07","6.853879900e-02","6.087750000e-04","6.914784500e-02","6.732315733e-02","6.671411133e-02","1.824687672e-03","255.185138","257.514772","257.514772","9.590719938e-04","8.530880213e-04","1.252765677e-05","row","0","-1.000000000e+00","-1.000000"
"cuda_warp_smem(blk384)(g16)","16","double","local","local","16384","16384","32","1","1","1","3","1.970000001e-07","6.855541300e-02","6.595130000e-04","6.921512300e-02","6.736982353e-02","6.671011353e-02","1.845299475e-03","255.008374","257.530205","257.530205","9.605439901e-04","8.725759983e-04","1.217948617e-05","row","0","-1.000000000e+00","-1.000000"
"cuda_warp_smem(blk384)(g16)","16","double","local","local","16384","16384","32","1","1","1","4","2.090000000e-07","6.856410400e-02","5.972850000e-04","6.916159800e-02","6.731384837e-02","6.671635437e-02","1.847749630e-03","255.220428","257.506114","257.506114","9.674559832e-04","8.686400056e-04","1.165364113e-05","row","0","-1.000000000e+00","-1.000000"
"cuda_warp_smem(blk384)(g16)","16","double","local","local","16384","16384","32","1","1","1","5","2.280000002e-07","6.942952300e-02","1.543363000e-03","7.097311400e-02","6.825232360e-02","6.670873260e-02","2.720790395e-03","251.711125","257.535536","257.535536","9.781439900e-04","1.728927970e-03","1.371843505e-05","row","0","-1.000000000e+00","-1.000000"
"cuda_warp_smem(blk384)(g16)","16","double","local","local","16384","16384","32","1","1","1","6","2.060000002e-07","6.936114400e-02","5.978620000e-04","6.995921200e-02","6.730891395e-02","6.671084595e-02","2.650298053e-03","255.239138","257.527377","257.527377","1.809631944e-03","8.285440207e-04","1.212208838e-05","row","0","-1.000000000e+00","-1.000000"
"cuda_warp_smem(blk384)(g16)","16","double","local","local","16384","16384","32","1","1","1","7","2.910000001e-07","6.854935500e-02","5.980320000e-04","6.914767800e-02","6.730919946e-02","6.671087646e-02","1.838478535e-03","255.238055","257.527259","257.527259","9.741119742e-04","8.491200209e-04","1.524654005e-05","row","0","-1.000000000e+00","-1.000000"
"cuda_warp_smem(blk384)(g16)","16","double","local","local","16384","16384","32","1","1","1","8","1.911000000e-06","6.852441000e-02","6.182080000e-04","6.914452900e-02","6.733672514e-02","6.671660614e-02","1.807803860e-03","255.133720","257.505143","257.505143","9.750080109e-04","8.204799891e-04","1.231585995e-05","row","0","-1.000000000e+00","-1.000000"
"cuda_warp_smem(blk384)(g16)","16","double","local","local","16384","16384","32","1","1","1","9","2.100000001e-07","6.852493600e-02","5.928590000e-04","6.911800500e-02","6.730938522e-02","6.671631622e-02","1.808619777e-03","255.237351","257.506262","257.506262","9.624320269e-04","8.333439827e-04","1.284376730e-05","row","0","-1.000000000e+00","-1.000000"
"cuda_warp_smem(blk384)(g16)","16","double","local","local","16384","16384","32","1","1","1","10","2.129999999e-07","6.852832100e-02","5.758260000e-04","6.910436000e-02","6.728576343e-02","6.670972443e-02","1.818596574e-03","255.326956","257.531707","257.531707","9.724159837e-04","8.333119750e-04","1.286861505e-05","row","0","-1.000000000e+00","-1.000000"
"cuda_warp_smem(blk384)(g16)","16","double","local","local","16384","16384","32","1","1","1","11","2.289999999e-07","6.852804700e-02","5.802060000e-04","6.910848200e-02","6.729874250e-02","6.671830750e-02","1.809739505e-03","255.277715","257.498576","257.498576","9.708799720e-04","8.276159763e-04","1.124355657e-05","row","0","-1.000000000e+00","-1.000000"
"cuda_warp_smem(blk384)(g16)","16","double","local","local","16384","16384","32","1","1","1","12","1.679999997e-07","6.850967600e-02","5.754610000e-04","6.908530500e-02","6.729095340e-02","6.671532440e-02","1.794351598e-03","255.307264","257.510090","257.510090","9.753599763e-04","8.063679934e-04","1.262362850e-05","row","0","-1.000000000e+00","-1.000000"
"cuda_warp_smem(blk384)(g16)","16","double","local","local","16384","16384","32","1","1","1","13","3.069999996e-07","6.851087600e-02","5.704370000e-04","6.908162000e-02","6.729567381e-02","6.672492981e-02","1.785946190e-03","255.289355","257.473020","257.473020","9.585599899e-04","8.155840039e-04","1.180219658e-05","row","0","-1.000000000e+00","-1.000000"
"cuda_warp_smem(blk384)(g16)","16","double","local","local","16384","16384","32","1","1","1","14","3.230000001e-07","6.850657500e-02","5.775630000e-04","6.908446100e-02","6.729459132e-02","6.671670532e-02","1.789869678e-03","255.293462","257.504760","257.504760","9.677119851e-04","8.097919822e-04","1.236571045e-05","row","0","-1.000000000e+00","-1.000000"
"cuda_warp_smem(blk384)(g16)","16","double","local","local","16384","16384","32","1","1","1","15","3.460000002e-07","6.850414600e-02","5.799820000e-04","6.908447400e-02","6.729946710e-02","6.671913910e-02","1.785006901e-03","255.274966","257.495367","257.495367","9.674239755e-04","8.055359721e-04","1.204695329e-05","row","0","-1.000000000e+00","-1.000000"
"cuda_warp_smem(blk384)(g16)","16","double","local","local","16384","16384","32","1","1","1","16","3.580000003e-07","6.849291300e-02","5.894800000e-04","6.908275100e-02","6.730241582e-02","6.671257782e-02","1.780335180e-03","255.263782","257.520692","257.520692","9.679039717e-04","7.990080118e-04","1.342319669e-05","row","0","-1.000000000e+00","-1.000000"
"cuda_warp_smem(blk384)(g16)","16","double","local","local","16384","16384","32","1","1","1","17","3.249999998e-07","6.848474300e-02","5.748990000e-04","6.905996700e-02","6.728632935e-02","6.671110535e-02","1.773637653e-03","255.324809","257.526376","257.526376","9.616640210e-04","7.996479869e-04","1.232564542e-05","row","0","-1.000000000e+00","-1.000000"
"cuda_warp_smem(blk384)(g16)","16","double","local","local","16384","16384","32","1","1","1","18","3.340000001e-07","6.848966700e-02","5.841670000e-04","6.907416800e-02","6.729598782e-02","6.671148682e-02","1.778180184e-03","255.288164","257.524903","257.524903","9.585599899e-04","8.064320087e-04","1.318818492e-05","row","0","-1.000000000e+00","-1.000000"
"cuda_warp_smem(blk384)(g16)","16","double","local","local","16384","16384","32","1","1","1","19","1.660000000e-07","6.848729800e-02","5.782470000e-04","6.906571100e-02","6.728564261e-02","6.670722961e-02","1.780068386e-03","255.327415","257.541338","257.541338","9.674879909e-04","8.014079928e-04","1.117240205e-05","row","0","-1.000000000e+00","-1.000000"
"cuda_warp_smem(blk384)(g16)","16","double","local","local","16384","16384","32","1","1","1","20","2.680000000e-07","6.849953200e-02","5.780250000e-04","6.907782500e-02","6.729644028e-02","6.671814728e-02","1.781384722e-03","255.286448","257.499195","257.499195","9.709759951e-04","7.983999848e-04","1.200874227e-05","row","0","-1.000000000e+00","-1.000000"
"cuda_warp_smem(blk512)(g16)","16","double","local","local","16384","16384","3","1","1","1","1","1.240000000e-07","5.929587000e-03","4.473200000e-05","5.974443000e-03","5.757975984e-03","5.713119984e-03","2.164670163e-04","279.718557","281.914740","281.914740","1.203840002e-04","8.662399650e-05","9.459019589e-06","row","0","-1.000000000e+00","-1.000000"
"cuda_warp_smem(blk512)(g16)","16","double","local","local","16384","16384","3","1","1","1","2","1.430000001e-07","5.928078000e-03","4.390400000e-05","5.972125000e-03","5.759886863e-03","5.715839863e-03","2.122381372e-04","279.625759","281.780591","281.780591","1.186880022e-04","8.374399692e-05","9.806138030e-06","row","0","-1.000000000e+00","-1.000000"
"cuda_warp_smem(blk512)(g16)","16","double","local","local","16384","16384","3","1","1","1","3","1.119999999e-07","5.917572000e-03","4.394100000e-05","5.961625000e-03","5.747029227e-03","5.702976227e-03","2.145957732e-04","280.251356","282.416176","282.416176","1.184320003e-04","8.710400015e-05","9.059772763e-06","row","0","-1.000000000e+00","-1.000000"
"cuda_warp_smem(blk512)(g16)","16","double","local","local","16384","16384","3","1","1","1","4","1.470000002e-07","5.923054000e-03","4.395000000e-05","5.967151000e-03","5.751521164e-03","5.707424164e-03","2.156298362e-04","280.032480","282.196082","282.196082","1.194560006e-04","8.703999966e-05","9.133835892e-06","row","0","-1.000000000e+00","-1.000000"
"cuda_warp_smem(blk512)(g16)","16","double","local","local","16384","16384","3","1","1","1","5","1.139999999e-07","5.918513000e-03","4.430300000e-05","5.962930000e-03","5.745504952e-03","5.701087952e-03","2.174250483e-04","280.325707","282.509716","282.509716","1.188480034e-04","8.886399865e-05","9.713046241e-06","row","0","-1.000000000e+00","-1.000000"
"cuda_warp_smem(blk512)(g16)","16","double","local","local","16384","16384","3","1","1","1","6","1.390000002e-07","5.922028000e-03","4.410700000e-05","5.966274000e-03","5.750870031e-03","5.706624031e-03","2.154039689e-04","280.064186","282.235649","282.235649","1.191679984e-04","8.700799942e-05","9.227971080e-06","row","0","-1.000000000e+00","-1.000000"
"cuda_warp_smem(blk512)(g16)","16","double","local","local","16384","16384","3","1","1","1","7","1.249999999e-07","5.919625000e-03","4.395900000e-05","5.963709000e-03","5.749683785e-03","5.705599785e-03","2.140252151e-04","280.121968","282.286315","282.286315","1.182399988e-04","8.640000224e-05","9.385214090e-06","row","0","-1.000000000e+00","-1.000000"
"cuda_warp_smem(blk512)(g16)","16","double","local","local","16384","16384","3","1","1","1","8","1.340000000e-07","5.919532000e-03","4.392900000e-05","5.963595000e-03","5.753055004e-03","5.708992004e-03","2.105399956e-04","279.957820","282.118583","282.118583","1.179199964e-04","8.342400193e-05","9.195997292e-06","row","0","-1.000000000e+00","-1.000000"
"cuda_warp_smem(blk512)(g16)","16","double","local","local","16384","16384","3","1","1","1","9","1.219999999e-07","5.929773000e-03","4.472500000e-05","5.974620000e-03","5.752047050e-03","5.707200050e-03","2.225729496e-04","280.006878","282.207163","282.207163","1.185600013e-04","9.420800209e-05","9.804946302e-06","row","0","-1.000000000e+00","-1.000000"
"cuda_warp_smem(blk512)(g16)","16","double","local","local","16384","16384","3","1","1","1","10","1.640000000e-07","5.930509000e-03","4.458500000e-05","5.975258000e-03","5.756269195e-03","5.711520195e-03","2.189888050e-04","279.801497","281.993704","281.993704","1.206400022e-04","8.924800158e-05","9.100801226e-06","row","0","-1.000000000e+00","-1.000000"
"cuda_warp_smem(blk512)(g16)","16","double","local","local","16384","16384","3","1","1","1","11","1.070000000e-07","5.918838000e-03","4.435200000e-05","5.963297000e-03","5.751627102e-03","5.707168102e-03","2.116698977e-04","280.027322","282.208743","282.208743","1.199679971e-04","8.284799755e-05","8.853903115e-06","row","0","-1.000000000e+00","-1.000000"
"cuda_warp_smem(blk512)(g16)","16","double","local","local","16384","16384","3","1","1","1","12","1.130000000e-07","5.924721000e-03","4.405600000e-05","5.968890000e-03","5.751593164e-03","5.707424164e-03","2.172968362e-04","280.028975","282.196082","282.196082","1.195840016e-04","8.873599768e-05","8.976836904e-06","row","0","-1.000000000e+00","-1.000000"
"cuda_warp_smem(blk512)(g16)","16","double","local","local","16384","16384","3","1","1","1","13","1.199999999e-07","5.920579000e-03","4.496800000e-05","5.965667000e-03","5.749664015e-03","5.704576015e-03","2.160029845e-04","280.122931","282.336975","282.336975","1.197120026e-04","8.774399757e-05","8.546984378e-06","row","0","-1.000000000e+00","-1.000000"
"cuda_warp_smem(blk512)(g16)","16","double","local","local","16384","16384","3","1","1","1","14","1.080000001e-07","5.919154000e-03","4.442900000e-05","5.963691000e-03","5.753336839e-03","5.708799839e-03","2.103541610e-04","279.944106","282.128080","282.128080","1.193920001e-04","8.140800148e-05","9.554159359e-06","row","0","-1.000000000e+00","-1.000000"
"cuda_warp_smem(blk512)(g16)","16","double","local","local","16384","16384","3","1","1","1","15","1.199999999e-07","5.916459000e-03","4.488400000e-05","5.961463000e-03","5.751244177e-03","5.706240177e-03","2.102188228e-04","280.045967","282.254635","282.254635","1.195520014e-04","8.195199817e-05","8.714823314e-06","row","0","-1.000000000e+00","-1.000000"
"cuda_warp_smem(blk512)(g16)","16","double","local","local","16384","16384","3","1","1","1","16","1.130000000e-07","5.928391000e-03","4.453100000e-05","5.973035000e-03","5.760515811e-03","5.715871811e-03","2.125191891e-04","279.595229","281.779016","281.779016","1.187840030e-04","8.406399935e-05","9.671186772e-06","row","0","-1.000000000e+00","-1.000000"
"cuda_warp_smem(blk512)(g16)","16","double","local","local","16384","16384","3","1","1","1","17","1.170000001e-07","5.926602000e-03","4.352200000e-05","5.970241000e-03","5.753175076e-03","5.709536076e-03","2.170659244e-04","279.951977","282.091700","282.091700","1.188800037e-04","8.921600133e-05","8.969919385e-06","row","0","-1.000000000e+00","-1.000000"
"cuda_warp_smem(blk512)(g16)","16","double","local","local","16384","16384","3","1","1","1","18","1.379999999e-07","5.921033000e-03","4.499400000e-05","5.966165000e-03","5.753611881e-03","5.708479881e-03","2.125531187e-04","279.930723","282.143893","282.143893","1.193599999e-04","8.416000009e-05","9.033118733e-06","row","0","-1.000000000e+00","-1.000000"
"cuda_warp_smem(blk512)(g16)","16","double","local","local","16384","16384","3","1","1","1","19","1.180000000e-07","5.912941000e-03","4.648300000e-05","5.959542000e-03","5.749736967e-03","5.703135967e-03","2.098050327e-04","280.119377","282.408265","282.408265","1.185280010e-04","8.086399734e-05","1.041303439e-05","row","0","-1.000000000e+00","-1.000000"
"cuda_warp_smem(blk512)(g16)","16","double","local","local","16384","16384","3","1","1","1","20","1.240000000e-07","5.927588000e-03","4.305000000e-05","5.970762000e-03","5.756581993e-03","5.713407993e-03","2.141800067e-04","279.786293","281.900529","281.900529","1.180799976e-04","8.716800064e-05","8.932008446e-06","row","0","-1.000000000e+00","-1.000000"
"cuda_warp_smem(blk512)(g16)","16","double","local","local","16384","16384","6","1","1","1","1","8.400000007e-08","1.050492700e-02","9.032100000e-05","1.059533200e-02","1.017440463e-02","1.008399963e-02","4.209273662e-04","316.600881","319.439269","319.439269","2.311680019e-04","1.794880033e-04","1.027136107e-05","row","0","-1.000000000e+00","-1.000000"
"cuda_warp_smem(blk512)(g16)","16","double","local","local","16384","16384","6","1","1","1","2","1.520000001e-07","1.051833100e-02","9.133000000e-05","1.060981300e-02","1.018041022e-02","1.008892822e-02","4.294027773e-04","316.414113","319.283218","319.283218","2.339839935e-04","1.859200001e-04","9.498783737e-06","row","0","-1.000000000e+00","-1.000000"
"cuda_warp_smem(blk512)(g16)","16","double","local","local","16384","16384","6","1","1","1","3","8.099999982e-08","1.052784900e-02","9.052000000e-05","1.061845000e-02","1.017796138e-02","1.008736038e-02","4.404886179e-04","316.490243","319.332843","319.332843","2.309439927e-04","1.991360039e-04","1.040862133e-05","row","0","-1.000000000e+00","-1.000000"
"cuda_warp_smem(blk512)(g16)","16","double","local","local","16384","16384","6","1","1","1","4","7.999999996e-08","1.048221500e-02","8.904600000e-05","1.057134100e-02","1.015623034e-02","1.006710434e-02","4.151106604e-04","317.167430","319.975374","319.975374","2.307839990e-04","1.745599955e-04","9.766665902e-06","row","0","-1.000000000e+00","-1.000000"
"cuda_warp_smem(blk512)(g16)","16","double","local","local","16384","16384","6","1","1","1","5","7.500000021e-08","1.049374100e-02","8.961100000e-05","1.058342700e-02","1.015554198e-02","1.006585598e-02","4.278850201e-04","317.188928","320.015057","320.015057","2.292159945e-04","1.891839951e-04","9.485030476e-06","row","0","-1.000000000e+00","-1.000000"
"cuda_warp_smem(blk512)(g16)","16","double","local","local","16384","16384","6","1","1","1","6","8.199999990e-08","1.047667000e-02","8.849000000e-05","1.056524200e-02","1.015045974e-02","1.006188774e-02","4.147822589e-04","317.347741","320.141265","320.141265","2.302079946e-04","1.744000018e-04","1.017426257e-05","row","0","-1.000000000e+00","-1.000000"
"cuda_warp_smem(blk512)(g16)","16","double","local","local","16384","16384","6","1","1","1","7","1.219999999e-07","1.048155400e-02","8.921500000e-05","1.057089100e-02","1.014546455e-02","1.005612755e-02","4.254264518e-04","317.503990","320.324644","320.324644","2.361599952e-04","1.789119989e-04","1.035445772e-05","row","0","-1.000000000e+00","-1.000000"
"cuda_warp_smem(blk512)(g16)","16","double","local","local","16384","16384","6","1","1","1","8","1.089999999e-07","1.046905000e-02","9.201900000e-05","1.056117800e-02","1.014991971e-02","1.005779171e-02","4.112582901e-04","317.364626","320.271643","320.271643","2.307839990e-04","1.704639941e-04","1.001029699e-05","row","0","-1.000000000e+00","-1.000000"
"cuda_warp_smem(blk512)(g16)","16","double","local","local","16384","16384","6","1","1","1","9","7.999999996e-08","1.047132200e-02","8.899200000e-05","1.056039400e-02","1.014699246e-02","1.005792046e-02","4.134015441e-04","317.456181","320.267543","320.267543","2.300480008e-04","1.741759926e-04","9.177550647e-06","row","0","-1.000000000e+00","-1.000000"
"cuda_warp_smem(blk512)(g16)","16","double","local","local","16384","16384","6","1","1","1","10","9.700000003e-08","1.049570900e-02","9.032500000e-05","1.058613100e-02","1.015669378e-02","1.006627178e-02","4.294372181e-04","317.152958","320.001838","320.001838","2.315199971e-04","1.876160055e-04","1.030121542e-05","row","0","-1.000000000e+00","-1.000000"
"cuda_warp_smem(blk512)(g16)","16","double","local","local","16384","16384","6","1","1","1","11","1.050000003e-07","1.048155300e-02","8.942700000e-05","1.057108500e-02","1.015212355e-02","1.006259155e-02","4.189614473e-04","317.295732","320.118873","320.118873","2.321600020e-04","1.778880060e-04","8.913439301e-06","row","0","-1.000000000e+00","-1.000000"
"cuda_warp_smem(blk512)(g16)","16","double","local","local","16384","16384","6","1","1","1","12","9.899999998e-08","1.048123900e-02","8.935200000e-05","1.057069000e-02","1.015469854e-02","1.006524754e-02","4.159914643e-04","317.215273","320.034402","320.034402","2.334720045e-04","1.730879992e-04","9.431460537e-06","row","0","-1.000000000e+00","-1.000000"
"cuda_warp_smem(blk512)(g16)","16","double","local","local","16384","16384","6","1","1","1","13","9.599999995e-08","1.047652700e-02","8.963200000e-05","1.056625500e-02","1.015311969e-02","1.006339169e-02","4.131353145e-04","317.264602","320.093421","320.093421","2.322559953e-04","1.713600010e-04","9.519318273e-06","row","0","-1.000000000e+00","-1.000000"
"cuda_warp_smem(blk512)(g16)","16","double","local","local","16384","16384","6","1","1","1","14","7.600000007e-08","1.048811500e-02","8.879700000e-05","1.057698800e-02","1.014967260e-02","1.006079960e-02","4.273154013e-04","317.372353","320.175891","320.175891","2.346560061e-04","1.824959964e-04","1.016339885e-05","row","0","-1.000000000e+00","-1.000000"
"cuda_warp_smem(blk512)(g16)","16","double","local","local","16384","16384","6","1","1","1","15","9.200000006e-08","1.048858500e-02","9.415800000e-05","1.058283500e-02","1.014887360e-02","1.005462360e-02","4.339613962e-04","317.397339","320.372557","320.372557","2.304960042e-04","1.939840019e-04","9.481390081e-06","row","0","-1.000000000e+00","-1.000000"
"cuda_warp_smem(blk512)(g16)","16","double","local","local","16384","16384","6","1","1","1","16","8.300000021e-08","1.047908500e-02","9.105000000e-05","1.057021800e-02","1.015337265e-02","1.006223965e-02","4.168453531e-04","317.256697","320.130069","320.130069","2.344319969e-04","1.711360067e-04","1.127734943e-05","row","0","-1.000000000e+00","-1.000000"
"cuda_warp_smem(blk512)(g16)","16","double","local","local","16384","16384","6","1","1","1","17","1.279999999e-07","1.048883100e-02","8.970200000e-05","1.057866100e-02","1.014810236e-02","1.005827236e-02","4.305586382e-04","317.421460","320.256338","320.256338","2.349119931e-04","1.848639995e-04","1.078264561e-05","row","0","-1.000000000e+00","-1.000000"
"cuda_warp_smem(blk512)(g16)","16","double","local","local","16384","16384","6","1","1","1","18","1.100000000e-07","1.048034500e-02","8.947400000e-05","1.056992900e-02","1.014404834e-02","1.005446434e-02","4.258806598e-04","317.548316","320.377632","320.377632","2.331520021e-04","1.829120070e-04","9.816650720e-06","row","0","-1.000000000e+00","-1.000000"
"cuda_warp_smem(blk512)(g16)","16","double","local","local","16384","16384","6","1","1","1","19","1.009999999e-07","1.047598400e-02","9.017800000e-05","1.056626300e-02","1.014496745e-02","1.005468845e-02","4.212955463e-04","317.519547","320.370491","320.370491","2.337280065e-04","1.770240068e-04","1.054353300e-05","row","0","-1.000000000e+00","-1.000000"
"cuda_warp_smem(blk512)(g16)","16","double","local","local","16384","16384","6","1","1","1","20","1.180000000e-07","1.047397200e-02","8.998600000e-05","1.056407600e-02","1.015087213e-02","1.006076813e-02","4.132038726e-04","317.334849","320.176892","320.176892","2.326399982e-04","1.708800048e-04","9.683869597e-06","row","0","-1.000000000e+00","-1.000000"
"cuda_warp_smem(blk512)(g16)","16","double","local","local","16384","16384","8","1","1","1","1","1.420000000e-07","1.424354200e-02","1.221070000e-04","1.436579100e-02","1.380762517e-02","1.368537617e-02","5.581658327e-04","311.057640","313.836262","313.836262","3.059839904e-04","2.424319983e-04","9.749844019e-06","row","0","-1.000000000e+00","-1.000000"
"cuda_warp_smem(blk512)(g16)","16","double","local","local","16384","16384","8","1","1","1","2","1.199999999e-07","1.421348600e-02","1.187840000e-04","1.433239000e-02","1.377659977e-02","1.365769577e-02","5.557902297e-04","311.758153","314.472322","314.472322","3.080320060e-04","2.375999987e-04","1.015822500e-05","row","0","-1.000000000e+00","-1.000000"
"cuda_warp_smem(blk512)(g16)","16","double","local","local","16384","16384","8","1","1","1","3","9.400000023e-08","1.421470300e-02","1.189330000e-04","1.433373000e-02","1.377633939e-02","1.365731239e-02","5.573906068e-04","311.764045","314.481149","314.481149","3.052800000e-04","2.428160012e-04","9.294605663e-06","row","0","-1.000000000e+00","-1.000000"
"cuda_warp_smem(blk512)(g16)","16","double","local","local","16384","16384","8","1","1","1","4","1.620000001e-07","1.422269500e-02","1.214750000e-04","1.434433200e-02","1.378506054e-02","1.366342354e-02","5.592714618e-04","311.566807","314.340493","314.340493","3.088639975e-04","2.408960015e-04","9.511462874e-06","row","0","-1.000000000e+00","-1.000000"
"cuda_warp_smem(blk512)(g16)","16","double","local","local","16384","16384","8","1","1","1","5","2.410000000e-07","1.423255900e-02","1.187740000e-04","1.435157400e-02","1.377475860e-02","1.365574360e-02","5.768154011e-04","311.799823","314.517277","314.517277","3.163520098e-04","2.495039999e-04","1.095939134e-05","row","0","-1.000000000e+00","-1.000000"
"cuda_warp_smem(blk512)(g16)","16","double","local","local","16384","16384","8","1","1","1","6","2.029999999e-07","1.420686700e-02","1.191560000e-04","1.432622600e-02","1.377209471e-02","1.365273571e-02","5.541312899e-04","311.860134","314.586570","314.586570","3.140160143e-04","2.293760031e-04","1.073927237e-05","row","0","-1.000000000e+00","-1.000000"
"cuda_warp_smem(blk512)(g16)","16","double","local","local","16384","16384","8","1","1","1","7","2.000000001e-07","1.422166500e-02","1.187030000e-04","1.434056800e-02","1.378635867e-02","1.366745567e-02","5.542093268e-04","311.537470","314.247757","314.247757","3.098239899e-04","2.343679965e-04","1.001734046e-05","row","0","-1.000000000e+00","-1.000000"
"cuda_warp_smem(blk512)(g16)","16","double","local","local","16384","16384","8","1","1","1","8","1.750000000e-07","1.421446200e-02","1.185850000e-04","1.433322200e-02","1.377146424e-02","1.365270424e-02","5.617577611e-04","311.874411","314.587295","314.587295","3.073279858e-04","2.438080013e-04","1.062177406e-05","row","0","-1.000000000e+00","-1.000000"
"cuda_warp_smem(blk512)(g16)","16","double","local","local","16384","16384","8","1","1","1","9","1.460000001e-07","1.419257400e-02","1.191010000e-04","1.431182100e-02","1.376337485e-02","1.364412785e-02","5.484461542e-04","312.057714","314.785038","314.785038","3.051199913e-04","2.323520035e-04","1.097415948e-05","row","0","-1.000000000e+00","-1.000000"
"cuda_warp_smem(blk512)(g16)","16","double","local","local","16384","16384","8","1","1","1","10","1.660000000e-07","1.418823700e-02","1.216570000e-04","1.431006000e-02","1.376700656e-02","1.364518356e-02","5.430534368e-04","311.975394","314.760683","314.760683","3.056319952e-04","2.270720005e-04","1.034944106e-05","row","0","-1.000000000e+00","-1.000000"
"cuda_warp_smem(blk512)(g16)","16","double","local","local","16384","16384","8","1","1","1","11","1.680000001e-07","1.419653800e-02","1.221270000e-04","1.431883300e-02","1.377250347e-02","1.365020847e-02","5.463295268e-04","311.850878","314.644813","314.644813","3.055999875e-04","2.302719951e-04","1.045754422e-05","row","0","-1.000000000e+00","-1.000000"
"cuda_warp_smem(blk512)(g16)","16","double","local","local","16384","16384","8","1","1","1","12","1.489999999e-07","1.420114500e-02","1.202770000e-04","1.432157100e-02","1.376493818e-02","1.364451218e-02","5.566328235e-04","312.022273","314.776171","314.776171","3.064000010e-04","2.399359941e-04","1.029682829e-05","row","0","-1.000000000e+00","-1.000000"
"cuda_warp_smem(blk512)(g16)","16","double","local","local","16384","16384","8","1","1","1","13","1.750000000e-07","1.418926900e-02","1.243890000e-04","1.431383300e-02","1.376942808e-02","1.364486408e-02","5.444049177e-04","311.920529","314.768053","314.768053","3.067840040e-04","2.273920029e-04","1.022891075e-05","row","0","-1.000000000e+00","-1.000000"
"cuda_warp_smem(blk512)(g16)","16","double","local","local","16384","16384","8","1","1","1","14","1.500000000e-07","1.419684700e-02","6.690240000e-04","1.486602100e-02","1.431189422e-02","1.364272022e-02","5.541267775e-04","300.097753","314.817516","314.817516","3.163839877e-04","2.269439995e-04","1.079879033e-05","row","0","-1.000000000e+00","-1.000000"
"cuda_warp_smem(blk512)(g16)","16","double","local","local","16384","16384","8","1","1","1","15","9.700000003e-08","1.421864200e-02","1.307980000e-04","1.434953700e-02","1.378174339e-02","1.365084839e-02","5.677936113e-04","311.641798","314.630064","314.630064","3.188160062e-04","2.346879989e-04","1.428960625e-05","row","0","-1.000000000e+00","-1.000000"
"cuda_warp_smem(blk512)(g16)","16","double","local","local","16384","16384","8","1","1","1","16","1.230000000e-07","1.418473400e-02","1.185350000e-04","1.430339200e-02","1.376041787e-02","1.364175987e-02","5.429741276e-04","312.124772","314.839679","314.839679","3.055999875e-04","2.264640033e-04","1.091013673e-05","row","0","-1.000000000e+00","-1.000000"
"cuda_warp_smem(blk512)(g16)","16","double","local","local","16384","16384","8","1","1","1","17","1.150000002e-07","1.418161000e-02","1.183900000e-04","1.430011500e-02","1.375824880e-02","1.363974380e-02","5.418661951e-04","312.173981","314.886215","314.886215","3.030079901e-04","2.287040055e-04","1.015419947e-05","row","0","-1.000000000e+00","-1.000000"
"cuda_warp_smem(blk512)(g16)","16","double","local","local","16384","16384","8","1","1","1","18","1.279999999e-07","1.421237600e-02","1.200840000e-04","1.433258800e-02","1.377090017e-02","1.365068817e-02","5.616878286e-04","311.887185","314.633756","314.633756","3.132480085e-04","2.383040041e-04","1.013581605e-05","row","0","-1.000000000e+00","-1.000000"
"cuda_warp_smem(blk512)(g16)","16","double","local","local","16384","16384","8","1","1","1","19","1.169999999e-07","1.419432800e-02","1.196630000e-04","1.431410800e-02","1.376486820e-02","1.364508820e-02","5.492398042e-04","312.023859","314.762883","314.762883","3.072319925e-04","2.310400009e-04","1.096781080e-05","row","0","-1.000000000e+00","-1.000000"
"cuda_warp_smem(blk512)(g16)","16","double","local","local","16384","16384","8","1","1","1","20","9.399999978e-08","1.418645300e-02","1.181170000e-04","1.430466400e-02","1.376160261e-02","1.364339161e-02","5.430613908e-04","312.097902","314.802024","314.802024","3.104960024e-04","2.217279971e-04","1.083739131e-05","row","0","-1.000000000e+00","-1.000000"
"cuda_warp_smem(blk512)(g16)","16","double","local","local","16384","16384","20","1","1","1","1","1.809999999e-07","3.502656400e-02","2.992750000e-04","3.532602000e-02","3.425369489e-02","3.395423889e-02","1.072325108e-03","313.467446","316.232040","316.232040","5.981119871e-04","4.621120095e-04","1.210111176e-05","row","0","-1.000000000e+00","-1.000000"
"cuda_warp_smem(blk512)(g16)","16","double","local","local","16384","16384","20","1","1","1","2","1.729999999e-07","4.191988300e-02","3.172210000e-04","4.223727700e-02","3.427070592e-02","3.395331192e-02","7.966571080e-03","313.311849","316.240674","316.240674","7.467679977e-03","4.882239997e-04","1.066710268e-05","row","0","-1.000000000e+00","-1.000000"
"cuda_warp_smem(blk512)(g16)","16","double","local","local","16384","16384","20","1","1","1","3","1.650000001e-07","3.503319600e-02","3.168020000e-04","3.535016300e-02","3.426570128e-02","3.394873428e-02","1.084461717e-03","313.357609","316.283316","316.283316","5.997440219e-04","4.728960097e-04","1.182168498e-05","row","0","-1.000000000e+00","-1.000000"
"cuda_warp_smem(blk512)(g16)","16","double","local","local","16384","16384","20","1","1","1","4","7.600000007e-08","3.500327800e-02","2.992070000e-04","3.530256100e-02","3.424865815e-02","3.394937515e-02","1.053902847e-03","313.513545","316.277345","316.277345","5.879999995e-04","4.532479942e-04","1.265485370e-05","row","0","-1.000000000e+00","-1.000000"
"cuda_warp_smem(blk512)(g16)","16","double","local","local","16384","16384","20","1","1","1","5","8.199999990e-08","3.501717800e-02","2.953470000e-04","3.531260700e-02","3.425216652e-02","3.395673752e-02","1.060440482e-03","313.481433","316.208771","316.208771","6.002240181e-04","4.483520091e-04","1.186445453e-05","row","0","-1.000000000e+00","-1.000000"
"cuda_warp_smem(blk512)(g16)","16","double","local","local","16384","16384","20","1","1","1","6","8.200000012e-08","3.503851100e-02","3.025770000e-04","3.534117000e-02","3.425504395e-02","3.395238495e-02","1.086126051e-03","313.455100","316.249308","316.249308","6.178560257e-04","4.565120041e-04","1.175802144e-05","row","0","-1.000000000e+00","-1.000000"
"cuda_warp_smem(blk512)(g16)","16","double","local","local","16384","16384","20","1","1","1","7","8.200000012e-08","3.500246800e-02","2.953320000e-04","3.529788200e-02","3.424968722e-02","3.395427322e-02","1.048194776e-03","313.504125","316.231721","316.231721","5.993279815e-04","4.381760061e-04","1.069078857e-05","row","0","-1.000000000e+00","-1.000000"
"cuda_warp_smem(blk512)(g16)","16","double","local","local","16384","16384","20","1","1","1","8","8.100000004e-08","3.501191000e-02","2.993170000e-04","3.531130800e-02","3.425069576e-02","3.395129776e-02","1.060612240e-03","313.494894","316.259435","316.259435","6.127359867e-04","4.363520145e-04","1.152423874e-05","row","0","-1.000000000e+00","-1.000000"
"cuda_warp_smem(blk512)(g16)","16","double","local","local","16384","16384","20","1","1","1","9","8.499999993e-08","3.499994900e-02","3.019650000e-04","3.530199900e-02","3.425113905e-02","3.394908905e-02","1.050859950e-03","313.490837","316.280010","316.280010","6.126080155e-04","4.269439876e-04","1.130794656e-05","row","0","-1.000000000e+00","-1.000000"
"cuda_warp_smem(blk512)(g16)","16","double","local","local","16384","16384","20","1","1","1","10","1.130000000e-07","3.502678200e-02","3.198850000e-04","3.534678000e-02","3.426687834e-02","3.394688034e-02","1.079901659e-03","313.346846","316.300589","316.300589","5.947840214e-04","4.728640020e-04","1.225363606e-05","row","0","-1.000000000e+00","-1.000000"
"cuda_warp_smem(blk512)(g16)","16","double","local","local","16384","16384","20","1","1","1","11","1.189999996e-07","3.503291200e-02","3.001210000e-04","3.533315200e-02","3.425412794e-02","3.395388794e-02","1.079024061e-03","313.463483","316.235309","316.235309","6.055359840e-04","4.618239999e-04","1.166407663e-05","row","0","-1.000000000e+00","-1.000000"
"cuda_warp_smem(blk512)(g16)","16","double","local","local","16384","16384","20","1","1","1","12","7.499999999e-08","3.502382700e-02","3.075580000e-04","3.533146000e-02","3.425918634e-02","3.395155334e-02","1.072273655e-03","313.417199","316.257054","316.257054","6.183999777e-04","4.419200122e-04","1.195366535e-05","row","0","-1.000000000e+00","-1.000000"
"cuda_warp_smem(blk512)(g16)","16","double","local","local","16384","16384","20","1","1","1","13","8.399999984e-08","3.499572700e-02","2.910500000e-04","3.528686100e-02","3.424131024e-02","3.395017624e-02","1.045550761e-03","313.580823","316.269882","316.269882","5.933439732e-04","4.405759871e-04","1.163080073e-05","row","0","-1.000000000e+00","-1.000000"
"cuda_warp_smem(blk512)(g16)","16","double","local","local","16384","16384","20","1","1","1","14","1.790000002e-07","3.499070100e-02","2.961550000e-04","3.528703500e-02","3.424561379e-02","3.394927979e-02","1.041421215e-03","313.541416","316.278234","316.278234","5.921919942e-04","4.379839897e-04","1.124523094e-05","row","0","-1.000000000e+00","-1.000000"
"cuda_warp_smem(blk512)(g16)","16","double","local","local","16384","16384","20","1","1","1","15","1.869999999e-07","3.500162400e-02","3.070220000e-04","3.530883300e-02","3.425597762e-02","3.394876862e-02","1.052855384e-03","313.446557","316.282996","316.282996","6.007999778e-04","4.406720102e-04","1.138339631e-05","row","0","-1.000000000e+00","-1.000000"
"cuda_warp_smem(blk512)(g16)","16","double","local","local","16384","16384","20","1","1","1","16","9.300000015e-08","3.553329600e-02","9.139270000e-04","3.644731600e-02","3.486547416e-02","3.395145416e-02","1.581841837e-03","307.967079","316.257978","316.257978","6.043519974e-04","9.643520117e-04","1.313782835e-05","row","0","-1.000000000e+00","-1.000000"
"cuda_warp_smem(blk512)(g16)","16","double","local","local","16384","16384","20","1","1","1","17","7.999999996e-08","3.557069200e-02","3.021330000e-04","3.587290500e-02","3.425229387e-02","3.395008087e-02","1.620611128e-03","313.480267","316.270771","316.270771","1.148095965e-03","4.452799857e-04","2.723517737e-05","row","0","-1.000000000e+00","-1.000000"
"cuda_warp_smem(blk512)(g16)","16","double","local","local","16384","16384","20","1","1","1","18","8.200000012e-08","3.499911000e-02","2.978940000e-04","3.529708600e-02","3.425199364e-02","3.395401764e-02","1.045092361e-03","313.483015","316.234101","316.234101","5.977280140e-04","4.359360039e-04","1.142834292e-05","row","0","-1.000000000e+00","-1.000000"
"cuda_warp_smem(blk512)(g16)","16","double","local","local","16384","16384","20","1","1","1","19","7.899999988e-08","3.501926400e-02","2.956700000e-04","3.531501300e-02","3.425002222e-02","3.395427322e-02","1.064990776e-03","313.501059","316.231721","316.231721","6.195520163e-04","4.346559942e-04","1.078276569e-05","row","0","-1.000000000e+00","-1.000000"
"cuda_warp_smem(blk512)(g16)","16","double","local","local","16384","16384","20","1","1","1","20","8.099999960e-08","3.502962600e-02","3.128730000e-04","3.534258000e-02","3.426108175e-02","3.394812775e-02","1.081498253e-03","313.399861","316.288967","316.288967","5.987200141e-04","4.711039960e-04","1.167424328e-05","row","0","-1.000000000e+00","-1.000000"
"cuda_warp_smem(blk512)(g16)","16","double","local","local","16384","16384","32","1","1","1","1","2.130000001e-07","6.080126700e-02","6.242630000e-04","6.142574300e-02","5.954918151e-02","5.892470551e-02","1.876561495e-03","288.498830","291.556301","291.556301","9.805759788e-04","8.826879859e-04","1.329752998e-05","row","0","-1.000000000e+00","-1.000000"
"cuda_warp_smem(blk512)(g16)","16","double","local","local","16384","16384","32","1","1","1","2","2.479999999e-07","6.077983900e-02","6.182980000e-04","6.139838500e-02","5.954517030e-02","5.892662430e-02","1.853214702e-03","288.518264","291.546807","291.546807","9.750720263e-04","8.639360070e-04","1.420666863e-05","row","0","-1.000000000e+00","-1.000000"
"cuda_warp_smem(blk512)(g16)","16","double","local","local","16384","16384","32","1","1","1","3","2.760000000e-07","6.078823200e-02","6.624660000e-04","6.145097400e-02","5.959503112e-02","5.893228912e-02","1.855942876e-03","288.276872","291.518783","291.518783","9.758719802e-04","8.677759767e-04","1.229491962e-05","row","0","-1.000000000e+00","-1.000000"
"cuda_warp_smem(blk512)(g16)","16","double","local","local","16384","16384","32","1","1","1","4","2.969999999e-07","6.082103900e-02","5.993910000e-04","6.142072700e-02","5.952541584e-02","5.892572784e-02","1.895311156e-03","288.614014","291.551243","291.551243","9.839680195e-04","8.975039721e-04","1.383916422e-05","row","0","-1.000000000e+00","-1.000000"
"cuda_warp_smem(blk512)(g16)","16","double","local","local","16384","16384","32","1","1","1","5","2.310000000e-07","6.081527200e-02","6.042260000e-04","6.141972900e-02","5.953546439e-02","5.893100739e-02","1.884264615e-03","288.565301","291.525123","291.525123","9.998720288e-04","8.717759848e-04","1.261660115e-05","row","0","-1.000000000e+00","-1.000000"
"cuda_warp_smem(blk512)(g16)","16","double","local","local","16384","16384","32","1","1","1","6","2.990000003e-07","6.078236500e-02","6.014910000e-04","6.138415500e-02","5.953283172e-02","5.893104172e-02","1.851323282e-03","288.578062","291.524953","291.524953","9.818239808e-04","8.579199910e-04","1.157931065e-05","row","0","-1.000000000e+00","-1.000000"
"cuda_warp_smem(blk512)(g16)","16","double","local","local","16384","16384","32","1","1","1","7","2.209999996e-07","6.078575600e-02","6.083210000e-04","6.139429800e-02","5.954015974e-02","5.893161774e-02","1.854138263e-03","288.542544","291.522104","291.522104","9.770879745e-04","8.618559837e-04","1.519430490e-05","row","0","-1.000000000e+00","-1.000000"
"cuda_warp_smem(blk512)(g16)","16","double","local","local","16384","16384","32","1","1","1","8","2.979999998e-07","6.079087800e-02","6.009800000e-04","6.139215600e-02","5.953241508e-02","5.893113708e-02","1.859740915e-03","288.580081","291.524482","291.524482","1.005056024e-03","8.416640162e-04","1.302087519e-05","row","0","-1.000000000e+00","-1.000000"
"cuda_warp_smem(blk512)(g16)","16","double","local","local","16384","16384","32","1","1","1","9","3.529999999e-07","6.161546500e-02","1.564967000e-03","6.318078500e-02","6.049914263e-02","5.893382263e-02","2.681642368e-03","283.968804","291.511197","291.511197","9.692479968e-04","1.697728038e-03","1.466633352e-05","row","0","-1.000000000e+00","-1.000000"
"cuda_warp_smem(blk512)(g16)","16","double","local","local","16384","16384","32","1","1","1","10","1.983000000e-06","6.169144900e-02","5.934550000e-04","6.228688700e-02","5.952026939e-02","5.892483139e-02","2.766617610e-03","288.638969","291.555678","291.555678","1.895071983e-03","8.588160276e-04","1.272959864e-05","row","0","-1.000000000e+00","-1.000000"
"cuda_warp_smem(blk512)(g16)","16","double","local","local","16384","16384","32","1","1","1","11","3.319999999e-07","6.077464300e-02","5.887820000e-04","6.136375700e-02","5.952440910e-02","5.893529510e-02","1.839347895e-03","288.618895","291.503914","291.503914","9.896320105e-04","8.374080062e-04","1.230787837e-05","row","0","-1.000000000e+00","-1.000000"
"cuda_warp_smem(blk512)(g16)","16","double","local","local","16384","16384","32","1","1","1","12","3.490000000e-07","6.117561500e-02","5.921540000e-04","6.176811800e-02","5.951858180e-02","5.892607880e-02","2.249536204e-03","288.647153","291.549506","291.549506","1.403488040e-03","8.325440288e-04","1.350413488e-05","row","0","-1.000000000e+00","-1.000000"
"cuda_warp_smem(blk512)(g16)","16","double","local","local","16384","16384","32","1","1","1","13","3.880000001e-07","6.077278700e-02","6.050520000e-04","6.137822700e-02","5.954086480e-02","5.893542480e-02","1.837362195e-03","288.539128","291.503272","291.503272","9.934080243e-04","8.323839903e-04","1.157018071e-05","row","0","-1.000000000e+00","-1.000000"
"cuda_warp_smem(blk512)(g16)","16","double","local","local","16384","16384","32","1","1","1","14","3.900000003e-07","6.161397600e-02","1.519130000e-03","6.313349600e-02","6.045388813e-02","5.893436813e-02","2.679607866e-03","284.181377","291.508499","291.508499","9.892479777e-04","1.675168037e-03","1.519185131e-05","row","0","-1.000000000e+00","-1.000000"
"cuda_warp_smem(blk512)(g16)","16","double","local","local","16384","16384","32","1","1","1","15","1.675000000e-06","6.160104700e-02","6.034820000e-04","6.220620400e-02","5.952800475e-02","5.892284775e-02","2.678199252e-03","288.601462","291.565494","291.565494","1.835968018e-03","8.300799727e-04","1.215126188e-05","row","0","-1.000000000e+00","-1.000000"
"cuda_warp_smem(blk512)(g16)","16","double","local","local","16384","16384","32","1","1","1","16","3.179999997e-07","6.076264200e-02","5.913660000e-04","6.135432600e-02","5.951926960e-02","5.892758560e-02","1.835056398e-03","288.643817","291.542051","291.542051","9.947519898e-04","8.274559975e-04","1.284841089e-05","row","0","-1.000000000e+00","-1.000000"
"cuda_warp_smem(blk512)(g16)","16","double","local","local","16384","16384","32","1","1","1","17","2.919999997e-07","6.074779500e-02","6.128640000e-04","6.136095100e-02","5.954531542e-02","5.893215942e-02","1.815635576e-03","288.517561","291.519424","291.519424","9.783359766e-04","8.245120049e-04","1.278759472e-05","row","0","-1.000000000e+00","-1.000000"
"cuda_warp_smem(blk512)(g16)","16","double","local","local","16384","16384","32","1","1","1","18","2.669999999e-07","6.076721200e-02","6.161220000e-04","6.138360100e-02","5.956035873e-02","5.894396973e-02","1.823242273e-03","288.444690","291.461014","291.461014","9.792320132e-04","8.317440152e-04","1.226624500e-05","row","0","-1.000000000e+00","-1.000000"
"cuda_warp_smem(blk512)(g16)","16","double","local","local","16384","16384","32","1","1","1","19","2.590000001e-07","6.099096600e-02","6.076000000e-04","6.159882500e-02","5.979230724e-02","5.918444824e-02","1.806517758e-03","287.325744","290.276748","290.276748","9.652479887e-04","8.288319707e-04","1.243779842e-05","row","0","-1.000000000e+00","-1.000000"
"cuda_warp_smem(blk512)(g16)","16","double","local","local","16384","16384","32","1","1","1","20","3.130000001e-07","6.094503300e-02","5.788480000e-04","6.152419400e-02","5.971877511e-02","5.913961411e-02","1.805418895e-03","287.679530","290.496809","290.496809","9.650880098e-04","8.265600204e-04","1.377086449e-05","row","0","-1.000000000e+00","-1.000000"
"cuda_warp_smem(blk1024)(g16)","16","double","local","local","16384","16384","3","1","1","1","1","1.030000001e-07","5.721060000e-03","4.485600000e-05","5.766019000e-03","5.542239121e-03","5.497280121e-03","2.237798792e-04","290.606865","292.983567","292.983567","1.203199998e-04","9.366399795e-05","9.795881448e-06","row","0","-1.000000000e+00","-1.000000"
"cuda_warp_smem(blk1024)(g16)","16","double","local","local","16384","16384","3","1","1","1","2","1.049999998e-07","5.714392000e-03","4.472400000e-05","5.759221000e-03","5.540925134e-03","5.496096134e-03","2.182958658e-04","290.675780","293.046682","293.046682","1.201599985e-04","8.816000074e-05","9.975866537e-06","row","0","-1.000000000e+00","-1.000000"
"cuda_warp_smem(blk1024)(g16)","16","double","local","local","16384","16384","3","1","1","1","3","1.110000001e-07","5.736954000e-03","4.512900000e-05","5.782194000e-03","5.544503763e-03","5.499263763e-03","2.376902366e-04","290.488167","292.877884","292.877884","1.184960008e-04","1.093759984e-04","9.818237428e-06","row","0","-1.000000000e+00","-1.000000"
"cuda_warp_smem(blk1024)(g16)","16","double","local","local","16384","16384","3","1","1","1","4","1.359999999e-07","5.717988000e-03","4.381100000e-05","5.761935000e-03","5.542538900e-03","5.498591900e-03","2.193961001e-04","290.591147","292.913671","292.913671","1.198400036e-04","8.991999924e-05","9.636097336e-06","row","0","-1.000000000e+00","-1.000000"
"cuda_warp_smem(blk1024)(g16)","16","double","local","local","16384","16384","3","1","1","1","5","8.299999998e-08","5.728856000e-03","4.455800000e-05","5.773497000e-03","5.547136766e-03","5.502495766e-03","2.263602343e-04","290.350284","292.705857","292.705857","1.191999987e-04","9.724800289e-05","9.912232750e-06","row","0","-1.000000000e+00","-1.000000"
"cuda_warp_smem(blk1024)(g16)","16","double","local","local","16384","16384","3","1","1","1","6","1.170000001e-07","5.723606000e-03","4.372800000e-05","5.767451000e-03","5.543076815e-03","5.499231815e-03","2.243741847e-04","290.562947","292.879586","292.879586","1.208639964e-04","9.440000355e-05","9.110184663e-06","row","0","-1.000000000e+00","-1.000000"
"cuda_warp_smem(blk1024)(g16)","16","double","local","local","16384","16384","3","1","1","1","7","1.100000000e-07","5.717878000e-03","4.505300000e-05","5.763041000e-03","5.543210829e-03","5.498047829e-03","2.198301713e-04","290.555923","292.942656","292.942656","1.202879995e-04","9.030400217e-05","9.238169649e-06","row","0","-1.000000000e+00","-1.000000"
"cuda_warp_smem(blk1024)(g16)","16","double","local","local","16384","16384","3","1","1","1","8","1.070000002e-07","5.723992000e-03","4.423900000e-05","5.768338000e-03","5.547450210e-03","5.503104210e-03","2.208877901e-04","290.333879","292.673494","292.673494","1.185280010e-04","9.344000369e-05","8.919785396e-06","row","0","-1.000000000e+00","-1.000000"
"cuda_warp_smem(blk1024)(g16)","16","double","local","local","16384","16384","3","1","1","1","9","1.150000000e-07","5.727293000e-03","4.495300000e-05","5.772361000e-03","5.545163844e-03","5.500095844e-03","2.271971557e-04","290.453588","292.833576","292.833576","1.265279949e-04","9.190399945e-05","8.765161412e-06","row","0","-1.000000000e+00","-1.000000"
"cuda_warp_smem(blk1024)(g16)","16","double","local","local","16384","16384","3","1","1","1","10","1.130000000e-07","5.721380000e-03","4.440100000e-05","5.765894000e-03","5.544609844e-03","5.500095844e-03","2.212841557e-04","290.482609","292.833576","292.833576","1.195520014e-04","9.200000018e-05","9.732154195e-06","row","0","-1.000000000e+00","-1.000000"
"cuda_warp_smem(blk1024)(g16)","16","double","local","local","16384","16384","3","1","1","1","11","1.059999999e-07","5.718577000e-03","4.436600000e-05","5.763049000e-03","5.542872211e-03","5.498400211e-03","2.201767887e-04","290.573673","292.923882","292.923882","1.198400036e-04","9.033600241e-05","1.000078271e-05","row","0","-1.000000000e+00","-1.000000"
"cuda_warp_smem(blk1024)(g16)","16","double","local","local","16384","16384","3","1","1","1","12","1.240000000e-07","5.713363000e-03","4.720400000e-05","5.760691000e-03","5.547071938e-03","5.499743938e-03","2.136190616e-04","290.353677","292.852313","292.852313","1.194880009e-04","8.518400043e-05","8.947060252e-06","row","0","-1.000000000e+00","-1.000000"
"cuda_warp_smem(blk1024)(g16)","16","double","local","local","16384","16384","3","1","1","1","13","1.100000000e-07","5.713758000e-03","4.388500000e-05","5.757753000e-03","5.542747117e-03","5.498752117e-03","2.150058828e-04","290.580231","292.905136","292.905136","1.190399975e-04","8.643200248e-05","9.533882900e-06","row","0","-1.000000000e+00","-1.000000"
"cuda_warp_smem(blk1024)(g16)","16","double","local","local","16384","16384","3","1","1","1","14","1.020000000e-07","5.720499000e-03","4.394900000e-05","5.764550000e-03","5.542386838e-03","5.498335838e-03","2.221631617e-04","290.599120","292.927312","292.927312","1.206080019e-04","9.200000018e-05","9.555159556e-06","row","0","-1.000000000e+00","-1.000000"
"cuda_warp_smem(blk1024)(g16)","16","double","local","local","16384","16384","3","1","1","1","15","1.020000000e-07","5.727359000e-03","4.363900000e-05","5.771100000e-03","5.545661223e-03","5.501920223e-03","2.254387768e-04","290.427538","292.736476","292.736476","1.208639964e-04","9.167999774e-05","1.289478258e-05","row","0","-1.000000000e+00","-1.000000"
"cuda_warp_smem(blk1024)(g16)","16","double","local","local","16384","16384","3","1","1","1","16","1.030000001e-07","5.716914000e-03","4.452100000e-05","5.761538000e-03","5.542351871e-03","5.497727871e-03","2.191861291e-04","290.600953","292.959705","292.959705","1.196800023e-04","9.014400095e-05","9.362125780e-06","row","0","-1.000000000e+00","-1.000000"
"cuda_warp_smem(blk1024)(g16)","16","double","local","local","16384","16384","3","1","1","1","17","1.080000001e-07","5.722429000e-03","4.395200000e-05","5.766489000e-03","5.548251875e-03","5.504191875e-03","2.182371245e-04","290.291928","292.615660","292.615660","1.194240004e-04","8.953599632e-05","9.277127842e-06","row","0","-1.000000000e+00","-1.000000"
"cuda_warp_smem(blk1024)(g16)","16","double","local","local","16384","16384","3","1","1","1","18","1.199999999e-07","5.711171000e-03","4.391500000e-05","5.755206000e-03","5.539555115e-03","5.495520115e-03","2.156508851e-04","290.747669","293.077398","293.077398","1.191679984e-04","8.812800050e-05","8.354886170e-06","row","0","-1.000000000e+00","-1.000000"
"cuda_warp_smem(blk1024)(g16)","16","double","local","local","16384","16384","3","1","1","1","19","1.089999999e-07","5.718536000e-03","4.478900000e-05","5.763434000e-03","5.548161950e-03","5.503263950e-03","2.152720497e-04","290.296633","292.664999","292.664999","1.194880009e-04","8.595199883e-05","9.832049953e-06","row","0","-1.000000000e+00","-1.000000"
"cuda_warp_smem(blk1024)(g16)","16","double","local","local","16384","16384","3","1","1","1","20","1.080000001e-07","5.707272000e-03","4.379900000e-05","5.751179000e-03","5.537123038e-03","5.493216038e-03","2.140559622e-04","290.875374","293.200327","293.200327","1.195840016e-04","8.540800214e-05","9.063958511e-06","row","0","-1.000000000e+00","-1.000000"
"cuda_warp_smem(blk1024)(g16)","16","double","local","local","16384","16384","6","1","1","1","1","2.810000002e-07","1.014295100e-02","1.107380000e-04","1.025397000e-02","9.837835177e-03","9.726816177e-03","4.161348226e-04","327.432348","331.169564","331.169564","2.323520035e-04","1.734080017e-04","1.037481752e-05","row","0","-1.000000000e+00","-1.000000"
"cuda_warp_smem(blk1024)(g16)","16","double","local","local","16384","16384","6","1","1","1","2","2.250000000e-07","1.014416000e-02","8.922300000e-05","1.023360800e-02","9.818471933e-03","9.729023933e-03","4.151360666e-04","328.078085","331.094413","331.094413","2.319040000e-04","1.730239987e-04","1.020806781e-05","row","0","-1.000000000e+00","-1.000000"
"cuda_warp_smem(blk1024)(g16)","16","double","local","local","16384","16384","6","1","1","1","3","2.459999999e-07","1.014635800e-02","8.906000000e-05","1.023566400e-02","9.817177895e-03","9.727871895e-03","4.184861052e-04","328.121330","331.133624","331.133624","2.344640046e-04","1.749760062e-04","9.046094378e-06","row","0","-1.000000000e+00","-1.000000"
"cuda_warp_smem(blk1024)(g16)","16","double","local","local","16384","16384","6","1","1","1","4","2.190000001e-07","1.014072100e-02","8.902400000e-05","1.022996400e-02","9.821562832e-03","9.732319832e-03","4.084011682e-04","327.974837","330.982287","330.982287","2.319999933e-04","1.676799953e-04","8.721179529e-06","row","0","-1.000000000e+00","-1.000000"
"cuda_warp_smem(blk1024)(g16)","16","double","local","local","16384","16384","6","1","1","1","5","2.429999999e-07","1.014419200e-02","8.834600000e-05","1.023278100e-02","9.819949435e-03","9.731360435e-03","4.128315645e-04","328.028723","331.014918","331.014918","2.306880057e-04","1.720640063e-04","1.007955250e-05","row","0","-1.000000000e+00","-1.000000"
"cuda_warp_smem(blk1024)(g16)","16","double","local","local","16384","16384","6","1","1","1","6","4.360000001e-07","1.015701500e-02","8.916300000e-05","1.024661400e-02","9.816030847e-03","9.726431847e-03","4.305831534e-04","328.159673","331.182650","331.182650","2.341759950e-04","1.866880059e-04","9.719152465e-06","row","0","-1.000000000e+00","-1.000000"
"cuda_warp_smem(blk1024)(g16)","16","double","local","local","16384","16384","6","1","1","1","7","2.859999999e-07","1.013237700e-02","8.865600000e-05","1.022131900e-02","9.811789939e-03","9.722847939e-03","4.095290615e-04","328.301512","331.304726","331.304726","2.340479940e-04","1.662719995e-04","9.209067967e-06","row","0","-1.000000000e+00","-1.000000"
"cuda_warp_smem(blk1024)(g16)","16","double","local","local","16384","16384","6","1","1","1","8","3.389999998e-07","1.012572400e-02","8.895000000e-05","1.021501300e-02","9.809289267e-03","9.720000267e-03","4.057237330e-04","328.385206","331.401788","331.401788","2.307839990e-04","1.659840047e-04","8.955729269e-06","row","0","-1.000000000e+00","-1.000000"
"cuda_warp_smem(blk1024)(g16)","16","double","local","local","16384","16384","6","1","1","1","9","2.349999999e-07","1.011124700e-02","8.959500000e-05","1.020107700e-02","9.790438253e-03","9.700608253e-03","4.106387465e-04","329.017495","332.064278","332.064278","2.317440063e-04","1.697919965e-04","9.102743766e-06","row","0","-1.000000000e+00","-1.000000"
"cuda_warp_smem(blk1024)(g16)","16","double","local","local","16384","16384","6","1","1","1","10","2.390000002e-07","1.011710600e-02","9.181100000e-05","1.020915600e-02","9.797842427e-03","9.705792427e-03","4.113135729e-04","328.768859","331.886911","331.886911","2.361599952e-04","1.659519970e-04","9.201580697e-06","row","0","-1.000000000e+00","-1.000000"
"cuda_warp_smem(blk1024)(g16)","16","double","local","local","16384","16384","6","1","1","1","11","2.530000001e-07","1.011088900e-02","8.972500000e-05","1.020086700e-02","9.792921802e-03","9.702943802e-03","4.079451981e-04","328.934054","331.984348","331.984348","2.312960029e-04","1.659200042e-04","1.072919101e-05","row","0","-1.000000000e+00","-1.000000"
"cuda_warp_smem(blk1024)(g16)","16","double","local","local","16384","16384","6","1","1","1","12","5.320000001e-07","1.010954300e-02","8.970700000e-05","1.019978200e-02","9.794207048e-03","9.703968048e-03","4.055749519e-04","328.890890","331.949307","331.949307","2.312960029e-04","1.649599969e-04","9.318952101e-06","row","0","-1.000000000e+00","-1.000000"
"cuda_warp_smem(blk1024)(g16)","16","double","local","local","16384","16384","6","1","1","1","13","2.500000000e-07","1.011050400e-02","8.937900000e-05","1.020013300e-02","9.796092814e-03","9.706463814e-03","4.040401862e-04","328.827578","331.863955","331.863955","2.310719937e-04","1.632640064e-04","9.704186133e-06","row","0","-1.000000000e+00","-1.000000"
"cuda_warp_smem(blk1024)(g16)","16","double","local","local","16384","16384","6","1","1","1","14","2.300000002e-07","1.011297100e-02","9.054200000e-05","1.020374300e-02","9.797556248e-03","9.706784248e-03","4.061867516e-04","328.778462","331.853000","331.853000","2.311680019e-04","1.646080017e-04","1.041074805e-05","row","0","-1.000000000e+00","-1.000000"
"cuda_warp_smem(blk1024)(g16)","16","double","local","local","16384","16384","6","1","1","1","15","2.600000000e-07","1.012931000e-02","8.942500000e-05","1.021899500e-02","9.798133410e-03","9.708448410e-03","4.208615900e-04","328.759095","331.796116","331.796116","2.382079959e-04","1.720319986e-04","1.062159544e-05","row","0","-1.000000000e+00","-1.000000"
"cuda_warp_smem(blk1024)(g16)","16","double","local","local","16384","16384","6","1","1","1","16","2.540000001e-07","1.011497900e-02","9.021700000e-05","1.020545000e-02","9.796615333e-03","9.706144333e-03","4.088346671e-04","328.810039","331.874879","331.874879","2.323520035e-04","1.676159948e-04","8.866668848e-06","row","0","-1.000000000e+00","-1.000000"
"cuda_warp_smem(blk1024)(g16)","16","double","local","local","16384","16384","6","1","1","1","17","2.000000001e-07","1.011552400e-02","8.983000000e-05","1.020555400e-02","9.798061654e-03","9.708031654e-03","4.074923456e-04","328.761503","331.810359","331.810359","2.303999960e-04","1.670400053e-04","1.005234427e-05","row","0","-1.000000000e+00","-1.000000"
"cuda_warp_smem(blk1024)(g16)","16","double","local","local","16384","16384","6","1","1","1","18","2.000000001e-07","1.010628800e-02","8.974700000e-05","1.019623500e-02","9.790139451e-03","9.700192451e-03","4.060955485e-04","329.027537","332.078512","332.078512","2.310079932e-04","1.643200070e-04","1.076754834e-05","row","0","-1.000000000e+00","-1.000000"
"cuda_warp_smem(blk1024)(g16)","16","double","local","local","16384","16384","6","1","1","1","19","2.270000001e-07","1.009889700e-02","8.940200000e-05","1.018852600e-02","9.782460993e-03","9.692831993e-03","4.060650069e-04","329.285798","332.330683","332.330683","2.307199985e-04","1.655679941e-04","9.777014300e-06","row","0","-1.000000000e+00","-1.000000"
"cuda_warp_smem(blk1024)(g16)","16","double","local","local","16384","16384","6","1","1","1","20","2.079999999e-07","1.011676000e-02","8.879800000e-05","1.020576600e-02","9.787117534e-03","9.698111534e-03","4.186484659e-04","329.129129","332.149766","332.149766","2.374400049e-04","1.715839952e-04","9.624465714e-06","row","0","-1.000000000e+00","-1.000000"
"cuda_warp_smem(blk1024)(g16)","16","double","local","local","16384","16384","8","1","1","1","1","1.350000001e-07","1.348147700e-02","1.191910000e-04","1.360080300e-02","1.302905405e-02","1.290972805e-02","5.717489498e-04","329.645366","332.692314","332.692314","3.091840148e-04","2.526080012e-04","9.956933739e-06","row","0","-1.000000000e+00","-1.000000"
"cuda_warp_smem(blk1024)(g16)","16","double","local","local","16384","16384","8","1","1","1","2","2.820000000e-07","1.347766000e-02","1.225210000e-04","1.360046300e-02","1.303393867e-02","1.291113567e-02","5.665243265e-04","329.521828","332.656042","332.656042","3.093760014e-04","2.461439967e-04","1.100432840e-05","row","0","-1.000000000e+00","-1.000000"
"cuda_warp_smem(blk1024)(g16)","16","double","local","local","16384","16384","8","1","1","1","3","1.200000002e-07","1.347183900e-02","1.202650000e-04","1.359222400e-02","1.303251345e-02","1.291212845e-02","5.597105515e-04","329.557864","332.630465","332.630465","3.061760068e-04","2.420160025e-04","1.151854218e-05","row","0","-1.000000000e+00","-1.000000"
"cuda_warp_smem(blk1024)(g16)","16","double","local","local","16384","16384","8","1","1","1","4","1.270000001e-07","1.347394200e-02","1.192020000e-04","1.359327100e-02","1.302297738e-02","1.290364838e-02","5.702936235e-04","329.799183","332.849065","332.849065","3.090879917e-04","2.505280077e-04","1.067762408e-05","row","0","-1.000000000e+00","-1.000000"
"cuda_warp_smem(blk1024)(g16)","16","double","local","local","16384","16384","8","1","1","1","5","1.400000000e-07","1.344631700e-02","1.183370000e-04","1.356479400e-02","1.300126089e-02","1.288278389e-02","5.635331102e-04","330.350059","333.388135","333.388135","3.061760068e-04","2.467200011e-04","1.063710233e-05","row","0","-1.000000000e+00","-1.000000"
"cuda_warp_smem(blk1024)(g16)","16","double","local","local","16384","16384","8","1","1","1","6","1.479999998e-07","1.344845200e-02","1.183060000e-04","1.356690600e-02","1.299893381e-02","1.288047981e-02","5.679721874e-04","330.409198","333.447772","333.447772","3.124479949e-04","2.444799989e-04","1.104419348e-05","row","0","-1.000000000e+00","-1.000000"
"cuda_warp_smem(blk1024)(g16)","16","double","local","local","16384","16384","8","1","1","1","7","1.369999998e-07","1.342966200e-02","1.193480000e-04","1.354914700e-02","1.299718104e-02","1.287769604e-02","5.519659627e-04","330.453756","333.519854","333.519854","3.055360019e-04","2.358080000e-04","1.062196082e-05","row","0","-1.000000000e+00","-1.000000"
"cuda_warp_smem(blk1024)(g16)","16","double","local","local","16384","16384","8","1","1","1","8","1.510000001e-07","1.345418200e-02","1.188770000e-04","1.357321000e-02","1.299761954e-02","1.287859154e-02","5.755904625e-04","330.442608","333.496663","333.496663","3.109439909e-04","2.545599937e-04","1.008647783e-05","row","0","-1.000000000e+00","-1.000000"
"cuda_warp_smem(blk1024)(g16)","16","double","local","local","16384","16384","8","1","1","1","9","1.290000000e-07","1.343508400e-02","1.207360000e-04","1.355594900e-02","1.300585665e-02","1.288499165e-02","5.500923542e-04","330.233326","333.331011","333.331011","3.051840067e-04","2.341440022e-04","1.076434530e-05","row","0","-1.000000000e+00","-1.000000"
"cuda_warp_smem(blk1024)(g16)","16","double","local","local","16384","16384","8","1","1","1","10","1.340000000e-07","1.342548900e-02","1.188100000e-04","1.354443300e-02","1.299244768e-02","1.287350368e-02","5.519853150e-04","330.574146","333.628467","333.628467","3.070079982e-04","2.340160012e-04","1.096131555e-05","row","0","-1.000000000e+00","-1.000000"
"cuda_warp_smem(blk1024)(g16)","16","double","local","local","16384","16384","8","1","1","1","11","1.250000001e-07","1.343139200e-02","1.196040000e-04","1.355112100e-02","1.299451347e-02","1.287478447e-02","5.566075304e-04","330.521593","333.595277","333.595277","3.055999875e-04","2.408639938e-04","1.014354912e-05","row","0","-1.000000000e+00","-1.000000"
"cuda_warp_smem(blk1024)(g16)","16","double","local","local","16384","16384","8","1","1","1","12","1.189999999e-07","1.341511600e-02","1.199130000e-04","1.353514800e-02","1.297823970e-02","1.285820770e-02","5.569082974e-04","330.936043","334.025347","334.025347","3.085120022e-04","2.370560020e-04","1.134029311e-05","row","0","-1.000000000e+00","-1.000000"
"cuda_warp_smem(blk1024)(g16)","16","double","local","local","16384","16384","8","1","1","1","13","1.370000000e-07","1.547241300e-02","1.230460000e-04","1.559559600e-02","1.298939108e-02","1.286620808e-02","2.606204924e-03","330.651935","333.817646","333.817646","3.060480058e-04","2.290047884e-03","1.010903372e-05","row","0","-1.000000000e+00","-1.000000"
"cuda_warp_smem(blk1024)(g16)","16","double","local","local","16384","16384","8","1","1","1","14","1.770000000e-07","1.343645200e-02","1.191520000e-04","1.355578100e-02","1.298508885e-02","1.286575985e-02","5.706921505e-04","330.761487","333.829276","333.829276","3.099519908e-04","2.509120107e-04","9.828148939e-06","row","0","-1.000000000e+00","-1.000000"
"cuda_warp_smem(blk1024)(g16)","16","double","local","local","16384","16384","8","1","1","1","15","1.590000001e-07","1.341881900e-02","1.195970000e-04","1.353857500e-02","1.297703578e-02","1.285727978e-02","5.615392225e-04","330.966745","334.049454","334.049454","3.089919984e-04","2.418240011e-04","1.072322297e-05","row","0","-1.000000000e+00","-1.000000"
"cuda_warp_smem(blk1024)(g16)","16","double","local","local","16384","16384","8","1","1","1","16","1.610000000e-07","1.341669700e-02","1.196760000e-04","1.353653400e-02","1.298745270e-02","1.286761570e-02","5.490813002e-04","330.701285","333.781129","333.781129","3.106240034e-04","2.290879935e-04","9.369303319e-06","row","0","-1.000000000e+00","-1.000000"
"cuda_warp_smem(blk1024)(g16)","16","double","local","local","16384","16384","8","1","1","1","17","2.319999999e-07","1.340838300e-02","1.185600000e-04","1.352717500e-02","1.297760815e-02","1.285881615e-02","5.495668531e-04","330.952148","334.009542","334.009542","3.095679879e-04","2.288960069e-04","1.110285829e-05","row","0","-1.000000000e+00","-1.000000"
"cuda_warp_smem(blk1024)(g16)","16","double","local","local","16384","16384","8","1","1","1","18","1.400000000e-07","1.341194900e-02","1.188650000e-04","1.353095400e-02","1.298329333e-02","1.286428833e-02","5.476606699e-04","330.807229","333.867462","333.867462","3.075200021e-04","2.303040028e-04","9.836665033e-06","row","0","-1.000000000e+00","-1.000000"
"cuda_warp_smem(blk1024)(g16)","16","double","local","local","16384","16384","8","1","1","1","19","1.450000000e-07","1.341750300e-02","1.197580000e-04","1.353740600e-02","1.298735944e-02","1.286745644e-02","5.500465638e-04","330.703660","333.785260","333.785260","3.116799891e-04","2.283519953e-04","1.001457939e-05","row","0","-1.000000000e+00","-1.000000"
"cuda_warp_smem(blk1024)(g16)","16","double","local","local","16384","16384","8","1","1","1","20","1.520000001e-07","1.340482300e-02","1.225250000e-04","1.352750000e-02","1.298402134e-02","1.286134434e-02","5.434786625e-04","330.788681","333.943885","333.943885","3.083199859e-04","2.247360051e-04","1.042267160e-05","row","0","-1.000000000e+00","-1.000000"
"cuda_warp_smem(blk64)","32","double","local","local","16384","16384","3","1","1","1","1","1.320000000e-07","6.639774000e-03","4.438600000e-05","6.684292000e-03","6.461894041e-03","6.417376041e-03","2.223979586e-04","249.247779","250.976836","250.976836","1.190079972e-04","9.443199635e-05","8.957965027e-06","row","0","-1.000000000e+00","-1.000000"
"cuda_warp_smem(blk64)","32","double","local","local","16384","16384","3","1","1","1","2","9.500000009e-08","6.629860000e-03","4.439200000e-05","6.674347000e-03","6.456839085e-03","6.412352085e-03","2.175079149e-04","249.442911","251.173472","251.173472","1.197440028e-04","8.889599890e-05","8.867913172e-06","row","0","-1.000000000e+00","-1.000000"
"cuda_warp_smem(blk64)","32","double","local","local","16384","16384","3","1","1","1","3","1.050000000e-07","6.001665000e-03","4.386700000e-05","6.045637000e-03","5.831171974e-03","5.787199974e-03","2.144650259e-04","276.207380","278.306045","278.306045","1.187200025e-04","8.582399786e-05","9.921025612e-06","row","0","-1.000000000e+00","-1.000000"
"cuda_warp_smem(blk64)","32","double","local","local","16384","16384","3","1","1","1","4","1.060000001e-07","6.017617000e-03","4.294100000e-05","6.060664000e-03","5.841990996e-03","5.798943996e-03","2.186730036e-04","275.695861","277.742419","277.742419","1.179839969e-04","9.142400324e-05","9.265003459e-06","row","0","-1.000000000e+00","-1.000000"
"cuda_warp_smem(blk64)","32","double","local","local","16384","16384","3","1","1","1","5","9.999999984e-08","5.986368000e-03","4.402100000e-05","6.030489000e-03","5.811609003e-03","5.767488003e-03","2.188799972e-04","277.137147","279.257232","279.257232","1.184640005e-04","9.196799994e-05","8.447996765e-06","row","0","-1.000000000e+00","-1.000000"
"cuda_warp_smem(blk64)","32","double","local","local","16384","16384","3","1","1","1","6","9.500000009e-08","5.925700000e-03","4.440700000e-05","5.970202000e-03","5.753494004e-03","5.708992004e-03","2.167079956e-04","279.936459","282.118583","282.118583","1.175360009e-04","9.014400095e-05","9.027993750e-06","row","0","-1.000000000e+00","-1.000000"
"cuda_warp_smem(blk64)","32","double","local","local","16384","16384","3","1","1","1","7","1.110000001e-07","5.922549000e-03","4.434800000e-05","5.967008000e-03","5.746635094e-03","5.702176094e-03","2.203729059e-04","280.270577","282.455804","282.455804","1.184960008e-04","9.155199677e-05","1.032490841e-05","row","0","-1.000000000e+00","-1.000000"
"cuda_warp_smem(blk64)","32","double","local","local","16384","16384","3","1","1","1","8","1.240000000e-07","5.931569000e-03","4.360900000e-05","5.975302000e-03","5.756276964e-03","5.712543964e-03","2.190250356e-04","279.801119","281.943167","281.943167","1.184000000e-04","9.174399823e-05","8.881037349e-06","row","0","-1.000000000e+00","-1.000000"
"cuda_warp_smem(blk64)","32","double","local","local","16384","16384","3","1","1","1","9","1.220000001e-07","5.921779000e-03","4.373800000e-05","5.965639000e-03","5.749395889e-03","5.705535889e-03","2.162431113e-04","280.135995","282.289476","282.289476","1.181759983e-04","8.848000318e-05","9.587109820e-06","row","0","-1.000000000e+00","-1.000000"
"cuda_warp_smem(blk64)","32","double","local","local","16384","16384","3","1","1","1","10","1.120000002e-07","5.918259000e-03","4.424600000e-05","5.962617000e-03","5.750213846e-03","5.705855846e-03","2.124031536e-04","280.096146","282.273646","282.273646","1.179519966e-04","8.463999629e-05","9.811160680e-06","row","0","-1.000000000e+00","-1.000000"
"cuda_warp_smem(blk64)","32","double","local","local","16384","16384","3","1","1","1","11","1.190000001e-07","5.937391000e-03","4.387800000e-05","5.981388000e-03","5.766717146e-03","5.722720146e-03","2.146708538e-04","279.294561","281.441813","281.441813","1.189119965e-04","8.604799956e-05","9.710857776e-06","row","0","-1.000000000e+00","-1.000000"
"cuda_warp_smem(blk64)","32","double","local","local","16384","16384","3","1","1","1","12","1.139999999e-07","5.928852000e-03","4.459800000e-05","5.973564000e-03","5.753288202e-03","5.708576202e-03","2.202757976e-04","279.946472","282.139132","282.139132","1.183039993e-04","9.318400174e-05","8.787796559e-06","row","0","-1.000000000e+00","-1.000000"
"cuda_warp_smem(blk64)","32","double","local","local","16384","16384","3","1","1","1","13","1.160000000e-07","5.921876000e-03","4.378600000e-05","5.965778000e-03","5.751197895e-03","5.707295895e-03","2.145801054e-04","280.048220","282.202424","282.202424","1.194560006e-04","8.591999859e-05","9.204106165e-06","row","0","-1.000000000e+00","-1.000000"
"cuda_warp_smem(blk64)","32","double","local","local","16384","16384","3","1","1","1","14","1.090000001e-07","5.950094000e-03","4.493000000e-05","5.995133000e-03","5.774734797e-03","5.729695797e-03","2.203982030e-04","278.906788","281.099171","281.099171","1.198080033e-04","9.180799872e-05","8.782201010e-06","row","0","-1.000000000e+00","-1.000000"
"cuda_warp_smem(blk64)","32","double","local","local","16384","16384","3","1","1","1","15","1.230000000e-07","5.986231000e-03","4.450900000e-05","6.030863000e-03","5.806488079e-03","5.761856079e-03","2.243749209e-04","277.381562","279.530192","279.530192","1.200639978e-04","9.484799951e-05","9.462923580e-06","row","0","-1.000000000e+00","-1.000000"
"cuda_warp_smem(blk64)","32","double","local","local","16384","16384","3","1","1","1","16","1.089999999e-07","5.933607000e-03","4.395000000e-05","5.977666000e-03","5.759995184e-03","5.715936184e-03","2.176708161e-04","279.620500","281.775843","281.775843","1.208959967e-04","8.700799942e-05","9.766819961e-06","row","0","-1.000000000e+00","-1.000000"
"cuda_warp_smem(blk64)","32","double","local","local","16384","16384","3","1","1","1","17","1.170000001e-07","5.928088000e-03","4.432600000e-05","5.972531000e-03","5.752763141e-03","5.708320141e-03","2.197678592e-04","279.972023","282.151788","282.151788","1.196800023e-04","9.100800008e-05","9.079856754e-06","row","0","-1.000000000e+00","-1.000000"
"cuda_warp_smem(blk64)","32","double","local","local","16384","16384","3","1","1","1","18","1.279999999e-07","5.919748000e-03","4.374300000e-05","5.963619000e-03","5.749919012e-03","5.706048012e-03","2.136999882e-04","280.110508","282.264140","282.264140","1.200639978e-04","8.448000252e-05","9.155987893e-06","row","0","-1.000000000e+00","-1.000000"
"cuda_warp_smem(blk64)","32","double","local","local","16384","16384","3","1","1","1","19","1.110000001e-07","5.930600000e-03","4.379500000e-05","5.974506000e-03","5.756610182e-03","5.712704182e-03","2.178958183e-04","279.784923","281.935260","281.935260","1.188480034e-04","9.008000046e-05","8.967814422e-06","row","0","-1.000000000e+00","-1.000000"
"cuda_warp_smem(blk64)","32","double","local","local","16384","16384","3","1","1","1","20","1.099999998e-07","5.969572000e-03","4.454400000e-05","6.014226000e-03","5.801422227e-03","5.756768227e-03","2.128037734e-04","277.623774","279.777242","279.777242","1.188480034e-04","8.495999873e-05","8.995771203e-06","row","0","-1.000000000e+00","-1.000000"
"cuda_warp_smem(blk64)","32","double","local","local","16384","16384","6","1","1","1","1","2.360000000e-07","1.558068100e-02","8.960800000e-05","1.567052500e-02","1.525058008e-02","1.516073608e-02","4.199449160e-04","211.219865","212.471575","212.471575","2.304320037e-04","1.801919937e-04","9.320918566e-06","row","0","-1.000000000e+00","-1.000000"
"cuda_warp_smem(blk64)","32","double","local","local","16384","16384","6","1","1","1","2","2.090000000e-07","1.558386300e-02","9.004900000e-05","1.567412100e-02","1.525601804e-02","1.516576004e-02","4.181029597e-04","211.144577","212.401189","212.401189","2.301439941e-04","1.791359931e-04","8.822972501e-06","row","0","-1.000000000e+00","-1.000000"
"cuda_warp_smem(blk64)","32","double","local","local","16384","16384","6","1","1","1","3","2.040000000e-07","1.558302100e-02","9.023400000e-05","1.567345900e-02","1.525885402e-02","1.516841602e-02","4.146049767e-04","211.105334","212.363998","212.363998","2.314559966e-04","1.727360040e-04","1.041297612e-05","row","0","-1.000000000e+00","-1.000000"
"cuda_warp_smem(blk64)","32","double","local","local","16384","16384","6","1","1","1","4","2.330000002e-07","1.558168500e-02","8.977500000e-05","1.567169300e-02","1.525413630e-02","1.516412830e-02","4.175566965e-04","211.170623","212.424045","212.424045","2.383680046e-04","1.702399999e-04","8.948692021e-06","row","0","-1.000000000e+00","-1.000000"
"cuda_warp_smem(blk64)","32","double","local","local","16384","16384","6","1","1","1","5","1.950000001e-07","1.558371100e-02","8.916100000e-05","1.567306700e-02","1.525620418e-02","1.516684818e-02","4.168628173e-04","211.142001","212.385951","212.385951","2.336319983e-04","1.733440012e-04","9.886817847e-06","row","0","-1.000000000e+00","-1.000000"
"cuda_warp_smem(blk64)","32","double","local","local","16384","16384","6","1","1","1","6","1.840000001e-07","1.557133100e-02","8.936400000e-05","1.566087900e-02","1.525582016e-02","1.516627216e-02","4.050588366e-04","211.147315","212.394017","212.394017","2.302719951e-04","1.650879979e-04","9.698843628e-06","row","0","-1.000000000e+00","-1.000000"
"cuda_warp_smem(blk64)","32","double","local","local","16384","16384","6","1","1","1","7","2.049999999e-07","1.558089000e-02","8.983500000e-05","1.567093000e-02","1.525599173e-02","1.516595173e-02","4.149382712e-04","211.144941","212.398505","212.398505","2.376960069e-04","1.679040045e-04","9.338259831e-06","row","0","-1.000000000e+00","-1.000000"
"cuda_warp_smem(blk64)","32","double","local","local","16384","16384","6","1","1","1","8","1.759999999e-07","1.556432800e-02","8.954500000e-05","1.565404900e-02","1.524060086e-02","1.515087986e-02","4.134481401e-04","211.358168","212.609796","212.609796","2.335039973e-04","1.697600037e-04","1.018413906e-05","row","0","-1.000000000e+00","-1.000000"
"cuda_warp_smem(blk64)","32","double","local","local","16384","16384","6","1","1","1","9","2.689999998e-07","1.555781400e-02","8.943300000e-05","1.564751600e-02","1.523469387e-02","1.514499187e-02","4.128221253e-04","211.440118","212.692453","212.692453","2.313600034e-04","1.715520024e-04","9.910119523e-06","row","0","-1.000000000e+00","-1.000000"
"cuda_warp_smem(blk64)","32","double","local","local","16384","16384","6","1","1","1","10","1.709999999e-07","1.555996700e-02","8.985600000e-05","1.564999400e-02","1.523655524e-02","1.514652824e-02","4.134387560e-04","211.414288","212.670879","212.670879","2.329919934e-04","1.702399999e-04","1.020676266e-05","row","0","-1.000000000e+00","-1.000000"
"cuda_warp_smem(blk64)","32","double","local","local","16384","16384","6","1","1","1","11","2.410000000e-07","1.556890900e-02","9.256100000e-05","1.566171100e-02","1.525126643e-02","1.515846443e-02","4.104445682e-04","211.210360","212.503416","212.503416","2.311359942e-04","1.697600037e-04","9.548570356e-06","row","0","-1.000000000e+00","-1.000000"
"cuda_warp_smem(blk64)","32","double","local","local","16384","16384","6","1","1","1","12","3.080000002e-07","1.557052700e-02","8.925900000e-05","1.566009400e-02","1.523772698e-02","1.514815998e-02","4.223670192e-04","211.398030","212.647970","212.647970","2.342720032e-04","1.769919991e-04","1.110301690e-05","row","0","-1.000000000e+00","-1.000000"
"cuda_warp_smem(blk64)","32","double","local","local","16384","16384","6","1","1","1","13","1.960000000e-07","1.556000200e-02","8.902200000e-05","1.564922000e-02","1.523971353e-02","1.515049553e-02","4.095064708e-04","211.370474","212.615189","212.615189","2.312639952e-04","1.678400040e-04","1.040247169e-05","row","0","-1.000000000e+00","-1.000000"
"cuda_warp_smem(blk64)","32","double","local","local","16384","16384","6","1","1","1","14","1.900000002e-07","1.556458100e-02","9.007700000e-05","1.565484800e-02","1.523941880e-02","1.514915180e-02","4.154291979e-04","211.374562","212.634048","212.634048","2.317119986e-04","1.696960032e-04","1.402119616e-05","row","0","-1.000000000e+00","-1.000000"
"cuda_warp_smem(blk64)","32","double","local","local","16384","16384","6","1","1","1","15","2.099999998e-07","1.556299600e-02","8.932200000e-05","1.565252800e-02","1.524668418e-02","1.515715218e-02","4.058438241e-04","211.273837","212.521814","212.521814","2.313279957e-04","1.638399959e-04","1.067583258e-05","row","0","-1.000000000e+00","-1.000000"
"cuda_warp_smem(blk64)","32","double","local","local","16384","16384","6","1","1","1","16","1.869999999e-07","1.555725900e-02","8.919600000e-05","1.564664200e-02","1.524455058e-02","1.515516758e-02","4.020914203e-04","211.303407","212.549644","212.549644","2.297600061e-04","1.625279933e-04","9.803420958e-06","row","0","-1.000000000e+00","-1.000000"
"cuda_warp_smem(blk64)","32","double","local","local","16384","16384","6","1","1","1","17","2.160000001e-07","1.555961400e-02","9.275000000e-05","1.565258000e-02","1.524851791e-02","1.515555191e-02","4.040620896e-04","211.248430","212.544254","212.544254","2.310719937e-04","1.628800035e-04","1.011009244e-05","row","0","-1.000000000e+00","-1.000000"
"cuda_warp_smem(blk64)","32","double","local","local","16384","16384","6","1","1","1","18","2.050000001e-07","1.555690400e-02","8.922900000e-05","1.564633800e-02","1.523545012e-02","1.514601612e-02","4.108878791e-04","211.429623","212.678070","212.678070","2.302719951e-04","1.704639941e-04","1.015188988e-05","row","0","-1.000000000e+00","-1.000000"
"cuda_warp_smem(blk64)","32","double","local","local","16384","16384","6","1","1","1","19","4.310000001e-07","1.556005200e-02","8.919600000e-05","1.564967900e-02","1.524572346e-02","1.515609646e-02","4.039555416e-04","211.287151","212.536617","212.536617","2.286079973e-04","1.651519984e-04","1.019554587e-05","row","0","-1.000000000e+00","-1.000000"
"cuda_warp_smem(blk64)","32","double","local","local","16384","16384","6","1","1","1","20","2.240000001e-07","1.556215300e-02","9.320100000e-05","1.565557800e-02","1.524865743e-02","1.515523243e-02","4.069205705e-04","211.246497","212.548734","212.548734","2.296320051e-04","1.683519930e-04","8.936572435e-06","row","0","-1.000000000e+00","-1.000000"
"cuda_warp_smem(blk64)","32","double","local","local","16384","16384","8","1","1","1","1","1.240000000e-07","1.450990100e-02","1.192160000e-04","1.462924100e-02","1.407383638e-02","1.395449638e-02","5.554046163e-04","305.173883","307.783755","307.783755","3.063359857e-04","2.384320050e-04","1.063662562e-05","row","0","-1.000000000e+00","-1.000000"
"cuda_warp_smem(blk64)","32","double","local","local","16384","16384","8","1","1","1","2","1.549999999e-07","1.448853100e-02","1.191400000e-04","1.460782600e-02","1.403206336e-02","1.391276836e-02","5.757626360e-04","306.082376","308.706879","308.706879","3.123840094e-04","2.525120080e-04","1.086661873e-05","row","0","-1.000000000e+00","-1.000000"
"cuda_warp_smem(blk64)","32","double","local","local","16384","16384","8","1","1","1","3","1.080000001e-07","1.433569000e-02","1.197920000e-04","1.445559000e-02","1.390770842e-02","1.378780842e-02","5.478815817e-04","308.819193","311.504712","311.504712","3.072640002e-04","2.307520062e-04","9.865575375e-06","row","0","-1.000000000e+00","-1.000000"
"cuda_warp_smem(blk64)","32","double","local","local","16384","16384","8","1","1","1","4","1.279999999e-07","1.434426800e-02","1.196350000e-04","1.446403100e-02","1.390347539e-02","1.378371239e-02","5.605556129e-04","308.913216","311.597281","311.597281","3.153600097e-04","2.342720032e-04","1.092360007e-05","row","0","-1.000000000e+00","-1.000000"
"cuda_warp_smem(blk64)","32","double","local","local","16384","16384","8","1","1","1","5","1.680000001e-07","1.434938600e-02","1.192090000e-04","1.446876300e-02","1.391156946e-02","1.379219246e-02","5.571935409e-04","308.733483","311.405696","311.405696","3.067199886e-04","2.408960015e-04","9.577550851e-06","row","0","-1.000000000e+00","-1.000000"
"cuda_warp_smem(blk64)","32","double","local","local","16384","16384","8","1","1","1","6","1.510000001e-07","1.435047900e-02","1.292050000e-04","1.447983500e-02","1.392478046e-02","1.379542446e-02","5.550545386e-04","308.440575","311.332740","311.332740","3.152959943e-04","2.295999974e-04","1.015854695e-05","row","0","-1.000000000e+00","-1.000000"
"cuda_warp_smem(blk64)","32","double","local","local","16384","16384","8","1","1","1","7","1.130000000e-07","1.436468200e-02","1.184520000e-04","1.448324700e-02","1.393718854e-02","1.381862354e-02","5.460584572e-04","308.165975","310.810066","310.810066","3.061439991e-04","2.305600047e-04","9.354453403e-06","row","0","-1.000000000e+00","-1.000000"
"cuda_warp_smem(blk64)","32","double","local","local","16384","16384","8","1","1","1","8","1.500000000e-07","1.433554400e-02","1.185000000e-04","1.445419400e-02","1.390981821e-02","1.379116821e-02","5.443757871e-04","308.772353","311.428824","311.428824","3.115200102e-04","2.222400010e-04","1.061577591e-05","row","0","-1.000000000e+00","-1.000000"
"cuda_warp_smem(blk64)","32","double","local","local","16384","16384","8","1","1","1","9","1.059999999e-07","1.432712600e-02","1.194590000e-04","1.444669100e-02","1.390490912e-02","1.378534412e-02","5.417818762e-04","308.881364","311.560398","311.560398","3.028160036e-04","2.297279984e-04","9.237874223e-06","row","0","-1.000000000e+00","-1.000000"
"cuda_warp_smem(blk64)","32","double","local","local","16384","16384","8","1","1","1","10","1.240000000e-07","1.423055900e-02","1.259790000e-04","1.435666200e-02","1.381621511e-02","1.369011211e-02","5.404468860e-04","310.864246","313.727693","313.727693","3.054400086e-04","2.255679965e-04","9.438880905e-06","row","0","-1.000000000e+00","-1.000000"
"cuda_warp_smem(blk64)","32","double","local","local","16384","16384","8","1","1","1","11","1.400000000e-07","1.442129600e-02","1.206450000e-04","1.454208100e-02","1.396670461e-02","1.384591961e-02","5.753763909e-04","307.514723","310.197330","310.197330","3.234879971e-04","2.407040000e-04","1.118439388e-05","row","0","-1.000000000e+00","-1.000000"
"cuda_warp_smem(blk64)","32","double","local","local","16384","16384","8","1","1","1","12","1.059999999e-07","1.446428500e-02","1.213530000e-04","1.458574400e-02","1.403765105e-02","1.391619205e-02","5.480929453e-04","305.960540","308.630930","308.630930","3.059200048e-04","2.320960015e-04","1.007693890e-05","row","0","-1.000000000e+00","-1.000000"
"cuda_warp_smem(blk64)","32","double","local","local","16384","16384","8","1","1","1","13","1.299999999e-07","1.433770200e-02","1.196790000e-04","1.445751100e-02","1.390636906e-02","1.378656006e-02","5.511419414e-04","308.848937","311.532919","311.532919","3.087359965e-04","2.326720059e-04","9.733939030e-06","row","0","-1.000000000e+00","-1.000000"
"cuda_warp_smem(blk64)","32","double","local","local","16384","16384","8","1","1","1","14","1.189999999e-07","1.433719200e-02","1.221530000e-04","1.445946400e-02","1.391430424e-02","1.379203224e-02","5.451597582e-04","308.672803","311.409314","311.409314","3.083840013e-04","2.271039933e-04","9.671763627e-06","row","0","-1.000000000e+00","-1.000000"
"cuda_warp_smem(blk64)","32","double","local","local","16384","16384","8","1","1","1","15","1.360000002e-07","1.432923400e-02","1.199440000e-04","1.444931400e-02","1.391035176e-02","1.379027176e-02","5.389622410e-04","308.760509","311.449069","311.449069","3.033919930e-04","2.245759964e-04","1.099425152e-05","row","0","-1.000000000e+00","-1.000000"
"cuda_warp_smem(blk64)","32","double","local","local","16384","16384","8","1","1","1","16","7.999999996e-08","1.433055600e-02","1.203850000e-04","1.445102100e-02","1.390836879e-02","1.378790379e-02","5.426522143e-04","308.804531","311.502558","311.502558","3.074559867e-04","2.245440036e-04","1.065222395e-05","row","0","-1.000000000e+00","-1.000000"
"cuda_warp_smem(blk64)","32","double","local","local","16384","16384","8","1","1","1","17","1.370000002e-07","1.433033400e-02","1.203650000e-04","1.445083600e-02","1.390805388e-02","1.378755188e-02","5.427821201e-04","308.811523","311.510508","311.510508","3.091199994e-04","2.228479981e-04","1.081412257e-05","row","0","-1.000000000e+00","-1.000000"
"cuda_warp_smem(blk64)","32","double","local","local","16384","16384","8","1","1","1","18","1.169999999e-07","1.433349400e-02","1.203360000e-04","1.445394700e-02","1.390358937e-02","1.378313637e-02","5.503576322e-04","308.910684","311.610303","311.610303","3.186880052e-04","2.223680019e-04","9.301625055e-06","row","0","-1.000000000e+00","-1.000000"
"cuda_warp_smem(blk64)","32","double","local","local","16384","16384","8","1","1","1","19","1.190000001e-07","1.434557900e-02","1.198420000e-04","1.446554000e-02","1.392383311e-02","1.380387211e-02","5.417068915e-04","308.461561","311.142212","311.142212","3.089919984e-04","2.216320038e-04","1.108288932e-05","row","0","-1.000000000e+00","-1.000000"
"cuda_warp_smem(blk64)","32","double","local","local","16384","16384","8","1","1","1","20","1.119999999e-07","1.422418800e-02","1.193990000e-04","1.434369900e-02","1.380559098e-02","1.368607998e-02","5.381080211e-04","311.103473","313.820123","313.820123","3.063359857e-04","2.218559980e-04","9.916037357e-06","row","0","-1.000000000e+00","-1.000000"
"cuda_warp_smem(blk64)","32","double","local","local","16384","16384","20","1","1","1","1","1.350000001e-07","3.407658000e-02","2.979470000e-04","3.437466200e-02","3.329827273e-02","3.300019073e-02","1.076389265e-03","322.461718","325.374430","325.374430","5.998079777e-04","4.666239917e-04","9.957295733e-06","row","0","-1.000000000e+00","-1.000000"
"cuda_warp_smem(blk64)","32","double","local","local","16384","16384","20","1","1","1","2","1.629999999e-07","3.455017100e-02","6.482040000e-04","3.519853800e-02","3.367460830e-02","3.302624130e-02","1.523929698e-03","318.858000","325.117780","325.117780","5.985280275e-04","9.114559889e-04","1.394568109e-05","row","0","-1.000000000e+00","-1.000000"
"cuda_warp_smem(blk64)","32","double","local","local","16384","16384","20","1","1","1","3","3.710000001e-07","3.408821700e-02","5.286370000e-04","3.461722500e-02","3.329662427e-02","3.276761627e-02","1.320600728e-03","322.477683","327.683837","327.683837","6.570559740e-04","6.463680267e-04","1.717672729e-05","row","0","-1.000000000e+00","-1.000000"
"cuda_warp_smem(blk64)","32","double","local","local","16384","16384","20","1","1","1","4","4.149999999e-07","3.409808000e-02","3.488720000e-04","3.444736700e-02","3.317303273e-02","3.282374573e-02","1.274334272e-03","323.679126","327.123489","327.123489","6.416959763e-04","6.194559932e-04","1.318230303e-05","row","0","-1.000000000e+00","-1.000000"
"cuda_warp_smem(blk64)","32","double","local","local","16384","16384","20","1","1","1","5","2.020000001e-07","3.402908700e-02","3.080950000e-04","3.433738400e-02","3.317825016e-02","3.286995316e-02","1.159133844e-03","323.628226","326.663631","326.663631","6.215999722e-04","5.246400237e-04","1.289384853e-05","row","0","-1.000000000e+00","-1.000000"
"cuda_warp_smem(blk64)","32","double","local","local","16384","16384","20","1","1","1","6","8.100000004e-08","3.391556900e-02","3.031690000e-04","3.421881900e-02","3.311883228e-02","3.281558228e-02","1.099986725e-03","324.208841","327.204867","327.204867","6.182399988e-04","4.699519873e-04","1.179473853e-05","row","0","-1.000000000e+00","-1.000000"
"cuda_warp_smem(blk64)","32","double","local","local","16384","16384","20","1","1","1","7","1.420000000e-07","3.385886700e-02","2.974500000e-04","3.415645900e-02","3.308360656e-02","3.278601456e-02","1.072852443e-03","324.554042","327.499953","327.499953","5.974720120e-04","4.640640020e-04","1.131642904e-05","row","0","-1.000000000e+00","-1.000000"
"cuda_warp_smem(blk64)","32","double","local","local","16384","16384","20","1","1","1","8","1.379999999e-07","3.414679500e-02","2.952790000e-04","3.444221200e-02","3.337205808e-02","3.307664108e-02","1.070153917e-03","321.748758","324.622389","324.622389","6.015999913e-04","4.573119879e-04","1.124193804e-05","row","0","-1.000000000e+00","-1.000000"
"cuda_warp_smem(blk64)","32","double","local","local","16384","16384","20","1","1","1","9","9.200000006e-08","3.383599100e-02","2.957650000e-04","3.413184800e-02","3.307022529e-02","3.277436829e-02","1.061622714e-03","324.685367","327.616330","327.616330","5.948479772e-04","4.565120041e-04","1.026273257e-05","row","0","-1.000000000e+00","-1.000000"
"cuda_warp_smem(blk64)","32","double","local","local","16384","16384","20","1","1","1","10","1.100000000e-07","3.377834800e-02","3.078380000e-04","3.408629600e-02","3.299857224e-02","3.269062424e-02","1.087723763e-03","325.390388","328.455589","328.455589","6.135360003e-04","4.624640048e-04","1.172375793e-05","row","0","-1.000000000e+00","-1.000000"
"cuda_warp_smem(blk64)","32","double","local","local","16384","16384","20","1","1","1","11","1.359999999e-07","3.406678100e-02","2.972910000e-04","3.436420800e-02","3.327364999e-02","3.297622299e-02","1.090558008e-03","322.700342","325.610918","325.610918","6.046400070e-04","4.749760032e-04","1.094199787e-05","row","0","-1.000000000e+00","-1.000000"
"cuda_warp_smem(blk64)","32","double","local","local","16384","16384","20","1","1","1","12","1.020000000e-07","3.393112900e-02","3.003180000e-04","3.423154900e-02","3.316691704e-02","3.286649704e-02","1.064631960e-03","323.738810","326.697981","326.697981","6.007040143e-04","4.527040124e-04","1.122393351e-05","row","0","-1.000000000e+00","-1.000000"
"cuda_warp_smem(blk64)","32","double","local","local","16384","16384","20","1","1","1","13","9.899999975e-08","3.377171500e-02","3.106670000e-04","3.408248100e-02","3.301579072e-02","3.270502472e-02","1.066690281e-03","325.220690","328.310965","328.310965","5.937280059e-04","4.623999894e-04","1.056228551e-05","row","0","-1.000000000e+00","-1.000000"
"cuda_warp_smem(blk64)","32","double","local","local","16384","16384","20","1","1","1","14","1.450000000e-07","3.388301600e-02","2.958570000e-04","3.417901800e-02","3.313232097e-02","3.283631897e-02","1.046697030e-03","324.076851","326.998232","326.998232","5.871040225e-04","4.488320053e-04","1.076100251e-05","row","0","-1.000000000e+00","-1.000000"
"cuda_warp_smem(blk64)","32","double","local","local","16384","16384","20","1","1","1","15","1.009999999e-07","3.392747600e-02","2.962900000e-04","3.422386700e-02","3.315306138e-02","3.285667038e-02","1.070805620e-03","323.874110","326.795689","326.795689","6.096640229e-04","4.507200122e-04","1.042158525e-05","row","0","-1.000000000e+00","-1.000000"
"cuda_warp_smem(blk64)","32","double","local","local","16384","16384","20","1","1","1","16","1.080000001e-07","3.431748400e-02","3.038290000e-04","3.462142100e-02","3.303993706e-02","3.273600006e-02","1.581483939e-03","324.983011","328.000312","328.000312","6.096640229e-04","9.600960016e-04","1.172391442e-05","row","0","-1.000000000e+00","-1.000000"
"cuda_warp_smem(blk64)","32","double","local","local","16384","16384","20","1","1","1","17","1.260000002e-07","3.438009800e-02","2.979890000e-04","3.467821300e-02","3.309421180e-02","3.279609680e-02","1.584001198e-03","324.450037","327.399273","327.399273","1.108608007e-03","4.637120068e-04","1.168118400e-05","row","0","-1.000000000e+00","-1.000000"
"cuda_warp_smem(blk64)","32","double","local","local","16384","16384","20","1","1","1","18","1.279999999e-07","3.395422100e-02","2.972950000e-04","3.425164400e-02","3.318523275e-02","3.288780975e-02","1.066411247e-03","323.560130","326.486267","326.486267","6.050879955e-04","4.505600035e-04","1.076324753e-05","row","0","-1.000000000e+00","-1.000000"
"cuda_warp_smem(blk64)","32","double","local","local","16384","16384","20","1","1","1","19","1.230000000e-07","3.379176600e-02","2.915800000e-04","3.408346900e-02","3.302139737e-02","3.272969437e-02","1.062071634e-03","325.165471","328.063505","328.063505","5.927039981e-04","4.574719965e-04","1.189563891e-05","row","0","-1.000000000e+00","-1.000000"
"cuda_warp_smem(blk64)","32","double","local","local","16384","16384","20","1","1","1","20","1.140000001e-07","3.381506300e-02","9.197470000e-04","3.473492400e-02","3.363086716e-02","3.271100616e-02","1.104056835e-03","319.272714","328.250931","328.250931","5.961279869e-04","4.955840111e-04","1.234483746e-05","row","0","-1.000000000e+00","-1.000000"
"cuda_warp_smem(blk64)","32","double","local","local","16384","16384","32","1","1","1","1","3.559999999e-07","5.391932500e-02","5.465480000e-04","5.446622900e-02","5.264383164e-02","5.209692764e-02","1.822397357e-03","326.341542","329.767415","329.767415","9.743360281e-04","8.362560272e-04","1.180530186e-05","row","0","-1.000000000e+00","-1.000000"
"cuda_warp_smem(blk64)","32","double","local","local","16384","16384","32","1","1","1","2","3.989999999e-07","5.401216400e-02","5.258240000e-04","5.453838700e-02","5.273889619e-02","5.221267319e-02","1.799490813e-03","325.753295","329.036384","329.036384","9.656000137e-04","8.208320141e-04","1.305878493e-05","row","0","-1.000000000e+00","-1.000000"
"cuda_warp_smem(blk64)","32","double","local","local","16384","16384","32","1","1","1","3","2.029999999e-07","5.386163500e-02","5.243780000e-04","5.438621600e-02","5.257155518e-02","5.204697418e-02","1.814660818e-03","326.790203","330.083918","330.083918","9.871680140e-04","8.154879808e-04","1.200482298e-05","row","0","-1.000000000e+00","-1.000000"
"cuda_warp_smem(blk64)","32","double","local","local","16384","16384","32","1","1","1","4","2.170000000e-07","5.393311300e-02","5.565090000e-04","5.448983900e-02","5.263029244e-02","5.207356644e-02","1.859546563e-03","326.425494","329.915356","329.915356","9.770240188e-04","8.696320057e-04","1.289053878e-05","row","0","-1.000000000e+00","-1.000000"
"cuda_warp_smem(blk64)","32","double","local","local","16384","16384","32","1","1","1","5","3.220000000e-07","5.415219000e-02","5.253670000e-04","5.467787900e-02","5.283916175e-02","5.231347275e-02","1.838717252e-03","325.135158","328.402384","328.402384","9.773120284e-04","8.491839767e-04","1.222124714e-05","row","0","-1.000000000e+00","-1.000000"
"cuda_warp_smem(blk64)","32","double","local","local","16384","16384","32","1","1","1","6","2.110000001e-07","5.409519100e-02","5.264820000e-04","5.462188400e-02","5.281738056e-02","5.229068756e-02","1.804503439e-03","325.269239","328.545483","328.545483","9.773759842e-04","8.146880269e-04","1.243942787e-05","row","0","-1.000000000e+00","-1.000000"
"cuda_warp_smem(blk64)","32","double","local","local","16384","16384","32","1","1","1","7","2.379999997e-07","5.386552700e-02","5.220540000e-04","5.438781900e-02","5.258296476e-02","5.206067276e-02","1.804854240e-03","326.719295","329.997064","329.997064","9.775360227e-04","8.142399788e-04","1.307823854e-05","row","0","-1.000000000e+00","-1.000000"
"cuda_warp_smem(blk64)","32","double","local","local","16384","16384","32","1","1","1","8","2.270000001e-07","5.472498500e-02","5.344370000e-04","5.525964900e-02","5.265357574e-02","5.211891174e-02","2.606073257e-03","326.281149","329.628317","329.628317","9.621120095e-04","1.629631996e-03","1.432925116e-05","row","0","-1.000000000e+00","-1.000000"
"cuda_warp_smem(blk64)","32","double","local","local","16384","16384","32","1","1","1","9","1.990000000e-07","5.492572400e-02","5.370630000e-04","5.546298600e-02","5.282132725e-02","5.228406525e-02","2.641658753e-03","325.244936","328.587096","328.587096","1.802207947e-03","8.274239898e-04","1.202681687e-05","row","0","-1.000000000e+00","-1.000000"
"cuda_warp_smem(blk64)","32","double","local","local","16384","16384","32","1","1","1","10","2.040000000e-07","5.389042000e-02","5.270480000e-04","5.441767200e-02","5.260766963e-02","5.208041763e-02","1.810002367e-03","326.565866","329.871955","329.871955","9.776639938e-04","8.193280101e-04","1.301036303e-05","row","0","-1.000000000e+00","-1.000000"
"cuda_warp_smem(blk64)","32","double","local","local","16384","16384","32","1","1","1","11","2.760000002e-07","5.394171000e-02","1.493551000e-03","5.543553700e-02","5.360617746e-02","5.211235046e-02","1.829359536e-03","320.483011","329.669820","329.669820","9.806720018e-04","8.345919847e-04","1.409554954e-05","row","0","-1.000000000e+00","-1.000000"
"cuda_warp_smem(blk64)","32","double","local","local","16384","16384","32","1","1","1","12","1.746000000e-06","5.415878000e-02","5.256760000e-04","5.468620200e-02","5.285919767e-02","5.233177567e-02","1.827004335e-03","325.011917","328.287526","328.287526","1.005792022e-03","8.081279993e-04","1.308431366e-05","row","0","-1.000000000e+00","-1.000000"
"cuda_warp_smem(blk64)","32","double","local","local","16384","16384","32","1","1","1","13","3.810000000e-07","5.413862300e-02","9.291930000e-04","5.506819700e-02","5.327469348e-02","5.234511948e-02","1.793503524e-03","322.477110","328.203839","328.203839","9.877759814e-04","7.934079766e-04","1.231956563e-05","row","0","-1.000000000e+00","-1.000000"
"cuda_warp_smem(blk64)","32","double","local","local","16384","16384","32","1","1","1","14","2.659999998e-07","5.390180100e-02","5.238720000e-04","5.442593900e-02","5.258932355e-02","5.206518555e-02","1.836615453e-03","326.679790","329.968462","329.968462","9.863359928e-04","8.382400274e-04","1.203943288e-05","row","0","-1.000000000e+00","-1.000000"
"cuda_warp_smem(blk64)","32","double","local","local","16384","16384","32","1","1","1","15","6.230000000e-07","5.408759200e-02","5.106010000e-04","5.459881600e-02","5.280530283e-02","5.229407883e-02","1.793513173e-03","325.343635","328.524177","328.524177","9.744319916e-04","8.062080145e-04","1.287316703e-05","row","0","-1.000000000e+00","-1.000000"
"cuda_warp_smem(blk64)","32","double","local","local","16384","16384","32","1","1","1","16","3.030000002e-07","5.418947500e-02","1.495698000e-03","5.568547600e-02","5.382691454e-02","5.233091354e-02","1.858561456e-03","319.168753","328.292935","328.292935","9.956799746e-04","8.485119939e-04","1.436948786e-05","row","0","-1.000000000e+00","-1.000000"
"cuda_warp_smem(blk64)","32","double","local","local","16384","16384","32","1","1","1","17","1.780000000e-06","5.391558000e-02","5.214700000e-04","5.443883000e-02","5.259992160e-02","5.207667160e-02","1.838908400e-03","326.613969","329.895684","329.895684","1.007328033e-03","8.197119832e-04","1.186838301e-05","row","0","-1.000000000e+00","-1.000000"
"cuda_warp_smem(blk64)","32","double","local","local","16384","16384","32","1","1","1","18","6.139999997e-07","5.408137900e-02","5.177470000e-04","5.459974000e-02","5.282619944e-02","5.230783844e-02","1.773540560e-03","325.214938","328.437758","328.437758","9.695360065e-04","7.918080091e-04","1.219654446e-05","row","0","-1.000000000e+00","-1.000000"
"cuda_warp_smem(blk64)","32","double","local","local","16384","16384","32","1","1","1","19","2.399999999e-07","5.424392500e-02","5.388090000e-04","5.478297400e-02","5.300660119e-02","5.246755219e-02","1.776372815e-03","324.108107","327.437978","327.437978","9.644799829e-04","8.005120158e-04","1.138081627e-05","row","0","-1.000000000e+00","-1.000000"
"cuda_warp_smem(blk64)","32","double","local","local","16384","16384","32","1","1","1","20","3.120000001e-07","5.408807100e-02","5.521380000e-04","5.464052100e-02","5.283971578e-02","5.228726578e-02","1.800805222e-03","325.131749","328.566983","328.566983","9.643520117e-04","8.242560029e-04","1.219720783e-05","row","0","-1.000000000e+00","-1.000000"
"cuda_warp_smem(blk128)","32","double","local","local","16384","16384","3","1","1","1","1","1.580000000e-07","5.602440000e-03","4.751600000e-05","5.650114000e-03","5.434074223e-03","5.386400223e-03","2.160397772e-04","296.391376","299.014679","299.014679","1.191999987e-04","8.854400367e-05","8.295774879e-06","row","0","-1.000000000e+00","-1.000000"
"cuda_warp_smem(blk128)","32","double","local","local","16384","16384","3","1","1","1","2","1.759999999e-07","5.592902000e-03","4.360400000e-05","5.636682000e-03","5.420772226e-03","5.376992226e-03","2.159097744e-04","297.118689","299.537858","299.537858","1.194880009e-04","8.739200234e-05","9.029771139e-06","row","0","-1.000000000e+00","-1.000000"
"cuda_warp_smem(blk128)","32","double","local","local","16384","16384","3","1","1","1","3","1.379999999e-07","5.625544000e-03","4.422900000e-05","5.669911000e-03","5.452366992e-03","5.407999992e-03","2.175440076e-04","295.396979","297.820403","297.820403","1.188480034e-04","9.017600119e-05","8.520002991e-06","row","0","-1.000000000e+00","-1.000000"
"cuda_warp_smem(blk128)","32","double","local","local","16384","16384","3","1","1","1","4","1.990000000e-07","5.601463000e-03","4.329100000e-05","5.644953000e-03","5.426114149e-03","5.382624149e-03","2.188388507e-04","296.826180","299.224447","299.224447","1.186240017e-04","9.059199691e-05","9.622852028e-06","row","0","-1.000000000e+00","-1.000000"
"cuda_warp_smem(blk128)","32","double","local","local","16384","16384","3","1","1","1","5","1.610000000e-07","5.623590000e-03","4.401800000e-05","5.667769000e-03","5.432403125e-03","5.388224125e-03","2.353658751e-04","296.482551","298.913464","298.913464","1.390399933e-04","8.710400015e-05","9.221881654e-06","row","0","-1.000000000e+00","-1.000000"
"cuda_warp_smem(blk128)","32","double","local","local","16384","16384","3","1","1","1","6","1.580000000e-07","5.613490000e-03","4.379800000e-05","5.657446000e-03","5.439731795e-03","5.395775795e-03","2.177142050e-04","296.083115","298.495119","298.495119","1.191039979e-04","8.985599875e-05","8.754208317e-06","row","0","-1.000000000e+00","-1.000000"
"cuda_warp_smem(blk128)","32","double","local","local","16384","16384","3","1","1","1","7","1.460000001e-07","5.614870000e-03","4.489300000e-05","5.659909000e-03","5.437486948e-03","5.392447948e-03","2.224220515e-04","296.205352","298.679329","298.679329","1.199359968e-04","9.324800223e-05","9.238052483e-06","row","0","-1.000000000e+00","-1.000000"
"cuda_warp_smem(blk128)","32","double","local","local","16384","16384","3","1","1","1","8","1.669999998e-07","5.612460000e-03","4.351500000e-05","5.656142000e-03","5.432417771e-03","5.388735771e-03","2.237242288e-04","296.481752","298.885083","298.885083","1.241919994e-04","8.947200328e-05","1.006022610e-05","row","0","-1.000000000e+00","-1.000000"
"cuda_warp_smem(blk128)","32","double","local","local","16384","16384","3","1","1","1","9","1.560000000e-07","5.618748000e-03","4.441200000e-05","5.663316000e-03","5.439512191e-03","5.394944191e-03","2.238038090e-04","296.095069","298.541130","298.541130","1.202559993e-04","9.369599819e-05","9.851811562e-06","row","0","-1.000000000e+00","-1.000000"
"cuda_warp_smem(blk128)","32","double","local","local","16384","16384","3","1","1","1","10","1.810000001e-07","5.608443000e-03","4.305600000e-05","5.651680000e-03","5.430692940e-03","5.387455940e-03","2.209870598e-04","296.575917","298.956085","298.956085","1.198719963e-04","9.235200286e-05","8.763060551e-06","row","0","-1.000000000e+00","-1.000000"
"cuda_warp_smem(blk128)","32","double","local","local","16384","16384","3","1","1","1","11","1.519999999e-07","5.622873000e-03","4.406000000e-05","5.667085000e-03","5.448691980e-03","5.404479980e-03","2.183930195e-04","295.596217","298.014377","298.014377","1.226560026e-04","8.582399786e-05","9.913019035e-06","row","0","-1.000000000e+00","-1.000000"
"cuda_warp_smem(blk128)","32","double","local","local","16384","16384","3","1","1","1","12","1.779999999e-07","5.610524000e-03","5.544500000e-05","5.666147000e-03","5.452135032e-03","5.396512032e-03","2.140119684e-04","295.409546","298.454395","298.454395","1.187520027e-04","8.598399907e-05","9.275966655e-06","row","0","-1.000000000e+00","-1.000000"
"cuda_warp_smem(blk128)","32","double","local","local","16384","16384","3","1","1","1","13","1.650000001e-07","5.604306000e-03","4.533100000e-05","5.649802000e-03","5.436312212e-03","5.390816212e-03","2.134897883e-04","296.269359","298.769736","298.769736","1.194240004e-04","8.444800228e-05","9.617785638e-06","row","0","-1.000000000e+00","-1.000000"
"cuda_warp_smem(blk128)","32","double","local","local","16384","16384","3","1","1","1","14","1.750000000e-07","5.608036000e-03","4.477800000e-05","5.652989000e-03","5.433401238e-03","5.388448238e-03","2.195877616e-04","296.428087","298.901031","298.901031","1.185280010e-04","9.148799628e-05","9.571764337e-06","row","0","-1.000000000e+00","-1.000000"
"cuda_warp_smem(blk128)","32","double","local","local","16384","16384","3","1","1","1","15","1.670000001e-07","5.633347000e-03","4.464200000e-05","5.678156000e-03","5.449801104e-03","5.404992104e-03","2.283548964e-04","295.536058","297.986140","297.986140","1.195520014e-04","9.923200309e-05","9.570891973e-06","row","0","-1.000000000e+00","-1.000000"
"cuda_warp_smem(blk128)","32","double","local","local","16384","16384","3","1","1","1","16","1.630000002e-07","5.609252000e-03","4.353800000e-05","5.652953000e-03","5.432308979e-03","5.388607979e-03","2.206440212e-04","296.487689","298.892171","298.892171","1.221119985e-04","8.912000060e-05","9.412022080e-06","row","0","-1.000000000e+00","-1.000000"
"cuda_warp_smem(blk128)","32","double","local","local","16384","16384","3","1","1","1","17","2.059999997e-07","5.624442000e-03","4.349400000e-05","5.668142000e-03","5.447444221e-03","5.403744221e-03","2.206977793e-04","295.663924","298.054954","298.054954","1.201599985e-04","9.203200042e-05","8.505780308e-06","row","0","-1.000000000e+00","-1.000000"
"cuda_warp_smem(blk128)","32","double","local","local","16384","16384","3","1","1","1","18","1.860000001e-07","5.605792000e-03","4.364700000e-05","5.649625000e-03","5.431960804e-03","5.388127804e-03","2.176641962e-04","296.506693","298.918807","298.918807","1.201279983e-04","8.928000182e-05","8.256196086e-06","row","0","-1.000000000e+00","-1.000000"
"cuda_warp_smem(blk128)","32","double","local","local","16384","16384","3","1","1","1","19","1.770000000e-07","5.599078000e-03","4.459700000e-05","5.643852000e-03","5.428582136e-03","5.383808136e-03","2.152698640e-04","296.691235","299.158643","299.158643","1.188160032e-04","8.707199991e-05","9.381860903e-06","row","0","-1.000000000e+00","-1.000000"
"cuda_warp_smem(blk128)","32","double","local","local","16384","16384","3","1","1","1","20","1.890000001e-07","5.608860000e-03","4.376300000e-05","5.652812000e-03","5.432367813e-03","5.388415813e-03","2.204441866e-04","296.484478","298.902830","298.902830","1.206080019e-04","9.036800265e-05","9.468181954e-06","row","0","-1.000000000e+00","-1.000000"
"cuda_warp_smem(blk128)","32","double","local","local","16384","16384","6","1","1","1","1","1.690000000e-07","9.875090000e-03","9.001600000e-05","9.965275000e-03","9.527017428e-03","9.436832428e-03","4.382575720e-04","338.114787","341.346050","341.346050","2.328640074e-04","1.961919963e-04","9.201568332e-06","row","0","-1.000000000e+00","-1.000000"
"cuda_warp_smem(blk128)","32","double","local","local","16384","16384","6","1","1","1","2","1.720000000e-07","9.852119000e-03","8.953300000e-05","9.941824000e-03","9.516360769e-03","9.426655769e-03","4.254632307e-04","338.493417","341.714554","341.714554","2.310079932e-04","1.843200028e-04","1.013523464e-05","row","0","-1.000000000e+00","-1.000000"
"cuda_warp_smem(blk128)","32","double","local","local","16384","16384","6","1","1","1","3","1.049999998e-07","9.849898000e-03","8.995100000e-05","9.939954000e-03","9.512136040e-03","9.422080040e-03","4.278179600e-04","338.643756","341.880504","341.880504","2.296960056e-04","1.885119975e-04","9.609956978e-06","row","0","-1.000000000e+00","-1.000000"
"cuda_warp_smem(blk128)","32","double","local","local","16384","16384","6","1","1","1","4","1.470000002e-07","9.842056000e-03","9.033000000e-05","9.932533000e-03","9.509932528e-03","9.419455528e-03","4.226004717e-04","338.722221","341.975761","341.975761","2.310719937e-04","1.810240000e-04","1.050447798e-05","row","0","-1.000000000e+00","-1.000000"
"cuda_warp_smem(blk128)","32","double","local","local","16384","16384","6","1","1","1","5","1.340000000e-07","9.843408000e-03","9.025700000e-05","9.933799000e-03","9.510199388e-03","9.419808388e-03","4.235996122e-04","338.712717","341.962951","341.962951","2.285120040e-04","1.847999990e-04","1.028760923e-05","row","0","-1.000000000e+00","-1.000000"
"cuda_warp_smem(blk128)","32","double","local","local","16384","16384","6","1","1","1","6","1.130000000e-07","9.844154000e-03","9.014100000e-05","9.934408000e-03","9.513070277e-03","9.422816277e-03","4.213377234e-04","338.610499","341.853792","341.853792","2.287040055e-04","1.824319959e-04","1.020172210e-05","row","0","-1.000000000e+00","-1.000000"
"cuda_warp_smem(blk128)","32","double","local","local","16384","16384","6","1","1","1","7","1.439999999e-07","9.845287000e-03","8.979900000e-05","9.935230000e-03","9.512086936e-03","9.422143936e-03","4.231430638e-04","338.645504","341.878185","341.878185","2.292799950e-04","1.831679940e-04","1.069507486e-05","row","0","-1.000000000e+00","-1.000000"
"cuda_warp_smem(blk128)","32","double","local","local","16384","16384","6","1","1","1","8","1.549999999e-07","9.849617000e-03","9.002900000e-05","9.939801000e-03","9.514535692e-03","9.424351692e-03","4.252653078e-04","338.558347","341.798097","341.798097","2.323199958e-04","1.829120070e-04","1.003330507e-05","row","0","-1.000000000e+00","-1.000000"
"cuda_warp_smem(blk128)","32","double","local","local","16384","16384","6","1","1","1","9","1.730000001e-07","9.855293000e-03","9.052400000e-05","9.945990000e-03","9.513865182e-03","9.423168182e-03","4.321248176e-04","338.582207","341.841025","341.841025","2.296639979e-04","1.930560023e-04","9.404817479e-06","row","0","-1.000000000e+00","-1.000000"
"cuda_warp_smem(blk128)","32","double","local","local","16384","16384","6","1","1","1","10","1.420000000e-07","9.840960000e-03","8.944700000e-05","9.930549000e-03","9.510837436e-03","9.421248436e-03","4.197115640e-04","338.689994","341.910681","341.910681","2.311999947e-04","1.786559969e-04","9.855572424e-06","row","0","-1.000000000e+00","-1.000000"
"cuda_warp_smem(blk128)","32","double","local","local","16384","16384","6","1","1","1","11","1.290000000e-07","9.855579000e-03","1.074620000e-04","9.963170000e-03","9.533542958e-03","9.425951958e-03","4.296270423e-04","337.883354","341.740069","341.740069","2.410880029e-04","1.783040017e-04","1.023503769e-05","row","0","-1.000000000e+00","-1.000000"
"cuda_warp_smem(blk128)","32","double","local","local","16384","16384","6","1","1","1","12","1.119999999e-07","9.824634000e-03","9.416600000e-05","9.918912000e-03","9.505030296e-03","9.410752296e-03","4.138817036e-04","338.896918","342.292026","342.292026","2.305919975e-04","1.738879979e-04","9.401708182e-06","row","0","-1.000000000e+00","-1.000000"
"cuda_warp_smem(blk128)","32","double","local","local","16384","16384","6","1","1","1","13","1.470000000e-07","9.821767000e-03","8.924900000e-05","9.911163000e-03","9.494196415e-03","9.404800415e-03","4.169665850e-04","339.283635","342.508648","342.508648","2.275519967e-04","1.800000072e-04","9.414581100e-06","row","0","-1.000000000e+00","-1.000000"
"cuda_warp_smem(blk128)","32","double","local","local","16384","16384","6","1","1","1","14","1.220000001e-07","9.834285000e-03","8.892400000e-05","9.923331000e-03","9.501973628e-03","9.412927628e-03","4.213573724e-04","339.005937","342.212922","342.212922","2.349759936e-04","1.772480011e-04","9.133377705e-06","row","0","-1.000000000e+00","-1.000000"
"cuda_warp_smem(blk128)","32","double","local","local","16384","16384","6","1","1","1","15","1.230000000e-07","9.822160000e-03","8.873800000e-05","9.911021000e-03","9.492668640e-03","9.403807640e-03","4.183523599e-04","339.338240","342.544807","342.544807","2.356480062e-04","1.727039963e-04","1.000035742e-05","row","0","-1.000000000e+00","-1.000000"
"cuda_warp_smem(blk128)","32","double","local","local","16384","16384","6","1","1","1","16","1.399999998e-07","9.827880000e-03","8.898800000e-05","9.917008000e-03","9.501032335e-03","9.411904335e-03","4.159756650e-04","339.039523","342.250129","342.250129","2.319040000e-04","1.750079989e-04","9.063665991e-06","row","0","-1.000000000e+00","-1.000000"
"cuda_warp_smem(blk128)","32","double","local","local","16384","16384","6","1","1","1","17","1.060000001e-07","1.410646300e-02","9.408100000e-05","1.420065000e-02","9.502795437e-03","9.408608437e-03","4.697854563e-03","338.976619","342.370021","342.370021","2.311999947e-04","4.456223965e-03","1.043060404e-05","row","0","-1.000000000e+00","-1.000000"
"cuda_warp_smem(blk128)","32","double","local","local","16384","16384","6","1","1","1","18","1.089999999e-07","9.865976000e-03","9.000700000e-05","9.956092000e-03","9.499364352e-03","9.409248352e-03","4.567276479e-04","339.099055","342.346737","342.346737","2.560639977e-04","1.899199933e-04","1.074365692e-05","row","0","-1.000000000e+00","-1.000000"
"cuda_warp_smem(blk128)","32","double","local","local","16384","16384","6","1","1","1","19","1.029999999e-07","9.834289000e-03","8.949100000e-05","9.923883000e-03","9.494617575e-03","9.405023575e-03","4.292654252e-04","339.268585","342.500521","342.500521","2.367359996e-04","1.823679954e-04","1.016143021e-05","row","0","-1.000000000e+00","-1.000000"
"cuda_warp_smem(blk128)","32","double","local","local","16384","16384","6","1","1","1","20","1.340000000e-07","9.831102000e-03","8.960700000e-05","9.920843000e-03","9.498701342e-03","9.408960342e-03","4.221416576e-04","339.122724","342.357216","342.357216","2.308800071e-04","1.820800006e-04","9.181649806e-06","row","0","-1.000000000e+00","-1.000000"
"cuda_warp_smem(blk128)","32","double","local","local","16384","16384","8","1","1","1","1","2.820000000e-07","1.327685000e-02","1.197430000e-04","1.339687500e-02","1.283938535e-02","1.271936035e-02","5.574896484e-04","334.515024","337.671642","337.671642","3.065280020e-04","2.408960015e-04","1.006564496e-05","row","0","-1.000000000e+00","-1.000000"
"cuda_warp_smem(blk128)","32","double","local","local","16384","16384","8","1","1","1","2","3.200000001e-07","1.327825900e-02","1.246370000e-04","1.340321600e-02","1.284441272e-02","1.271945572e-02","5.588032810e-04","334.384093","337.669110","337.669110","3.117760122e-04","2.379519939e-04","9.075274881e-06","row","0","-1.000000000e+00","-1.000000"
"cuda_warp_smem(blk128)","32","double","local","local","16384","16384","8","1","1","1","3","3.079999999e-07","1.327605200e-02","1.215910000e-04","1.339795100e-02","1.284173905e-02","1.271984005e-02","5.562119503e-04","334.453712","337.658908","337.658908","3.054719865e-04","2.397439927e-04","1.099597104e-05","row","0","-1.000000000e+00","-1.000000"
"cuda_warp_smem(blk128)","32","double","local","local","16384","16384","8","1","1","1","4","2.760000002e-07","1.327019600e-02","1.202720000e-04","1.339074400e-02","1.283712362e-02","1.271657562e-02","5.536203774e-04","334.573961","337.745587","337.745587","3.121919930e-04","2.303999960e-04","1.102838840e-05","row","0","-1.000000000e+00","-1.000000"
"cuda_warp_smem(blk128)","32","double","local","local","16384","16384","8","1","1","1","5","2.990000001e-07","1.328434400e-02","1.190560000e-04","1.340369900e-02","1.283391456e-02","1.271455956e-02","5.697844449e-04","334.657620","337.799141","337.799141","3.133760095e-04","2.454079986e-04","1.100043692e-05","row","0","-1.000000000e+00","-1.000000"
"cuda_warp_smem(blk128)","32","double","local","local","16384","16384","8","1","1","1","6","2.760000000e-07","1.326503300e-02","1.207510000e-04","1.338606000e-02","1.283577920e-02","1.271475220e-02","5.502808027e-04","334.609004","337.794023","337.794023","3.101440072e-04","2.302079946e-04","9.928800948e-06","row","0","-1.000000000e+00","-1.000000"
"cuda_warp_smem(blk128)","32","double","local","local","16384","16384","8","1","1","1","7","3.000000000e-07","1.325752200e-02","1.205040000e-04","1.337832600e-02","1.283734815e-02","1.271654415e-02","5.409778487e-04","334.568109","337.746423","337.746423","3.061119914e-04","2.256319970e-04","9.233860299e-06","row","0","-1.000000000e+00","-1.000000"
"cuda_warp_smem(blk128)","32","double","local","local","16384","16384","8","1","1","1","8","2.840000000e-07","1.326089900e-02","1.186480000e-04","1.337983100e-02","1.281822800e-02","1.269929600e-02","5.616030024e-04","335.067163","338.205149","338.205149","3.223359883e-04","2.283519953e-04","1.091501875e-05","row","0","-1.000000000e+00","-1.000000"
"cuda_warp_smem(blk128)","32","double","local","local","16384","16384","8","1","1","1","9","3.060000000e-07","1.323314600e-02","1.190040000e-04","1.335245600e-02","1.281383763e-02","1.269452763e-02","5.386183740e-04","335.181967","338.332187","338.332187","3.042879999e-04","2.240640074e-04","1.026636669e-05","row","0","-1.000000000e+00","-1.000000"
"cuda_warp_smem(blk128)","32","double","local","local","16384","16384","8","1","1","1","10","2.820000000e-07","1.324073200e-02","1.396360000e-04","1.338065000e-02","1.283742204e-02","1.269750404e-02","5.432279564e-04","334.566183","338.252879","338.252879","3.045119941e-04","2.295359969e-04","9.179965384e-06","row","0","-1.000000000e+00","-1.000000"
"cuda_warp_smem(blk128)","32","double","local","local","16384","16384","8","1","1","1","11","3.000000000e-07","1.768283600e-02","1.234450000e-04","1.780658100e-02","1.282019333e-02","1.269644833e-02","4.986387674e-03","335.015798","338.281005","338.281005","3.062399924e-04","4.668896198e-03","1.125148324e-05","row","0","-1.000000000e+00","-1.000000"
"cuda_warp_smem(blk128)","32","double","local","local","16384","16384","8","1","1","1","12","6.510000001e-07","1.328648600e-02","1.214480000e-04","1.340858500e-02","1.282574661e-02","1.270364761e-02","5.828383865e-04","334.870743","338.089297","338.089297","3.288640082e-04","2.437119931e-04","1.026238519e-05","row","0","-1.000000000e+00","-1.000000"
"cuda_warp_smem(blk128)","32","double","local","local","16384","16384","8","1","1","1","13","2.550000000e-07","1.324810900e-02","1.201530000e-04","1.336851700e-02","1.282066435e-02","1.270025635e-02","5.478526523e-04","335.003490","338.179575","338.179575","3.093119860e-04","2.285439968e-04","9.996669563e-06","row","0","-1.000000000e+00","-1.000000"
"cuda_warp_smem(blk128)","32","double","local","local","16384","16384","8","1","1","1","14","5.630000000e-07","1.323460900e-02","1.232350000e-04","1.335840700e-02","1.281848584e-02","1.269468784e-02","5.399211567e-04","335.060424","338.327917","338.327917","3.073279858e-04","2.233279943e-04","9.265176567e-06","row","0","-1.000000000e+00","-1.000000"
"cuda_warp_smem(blk128)","32","double","local","local","16384","16384","8","1","1","1","15","2.560000001e-07","1.323431200e-02","1.182390000e-04","1.335280700e-02","1.281724740e-02","1.269875240e-02","5.355595967e-04","335.092798","338.219627","338.219627","3.060159981e-04","2.203519940e-04","9.191604578e-06","row","0","-1.000000000e+00","-1.000000"
"cuda_warp_smem(blk128)","32","double","local","local","16384","16384","8","1","1","1","16","2.509999999e-07","1.323529000e-02","1.194620000e-04","1.335500300e-02","1.281536119e-02","1.269564819e-02","5.396418066e-04","335.142118","338.302325","338.302325","3.082560003e-04","2.215999961e-04","9.785810270e-06","row","0","-1.000000000e+00","-1.000000"
"cuda_warp_smem(blk128)","32","double","local","local","16384","16384","8","1","1","1","17","2.270000001e-07","1.323826900e-02","1.248950000e-04","1.336339100e-02","1.282659428e-02","1.270147228e-02","5.367967176e-04","334.848612","338.147201","338.147201","3.065919876e-04","2.208639979e-04","9.340732044e-06","row","0","-1.000000000e+00","-1.000000"
"cuda_warp_smem(blk128)","32","double","local","local","16384","16384","8","1","1","1","18","5.610000000e-07","1.325036500e-02","1.185500000e-04","1.336947600e-02","1.282227892e-02","1.270316792e-02","5.471970847e-04","334.961306","338.102064","338.102064","3.202880025e-04","2.162880003e-04","1.062108182e-05","row","0","-1.000000000e+00","-1.000000"
"cuda_warp_smem(blk128)","32","double","local","local","16384","16384","8","1","1","1","19","2.299999999e-07","1.323483400e-02","1.196450000e-04","1.335470900e-02","1.281734662e-02","1.269747162e-02","5.373623813e-04","335.090204","338.253743","338.253743","3.076800108e-04","2.195200026e-04","1.016236795e-05","row","0","-1.000000000e+00","-1.000000"
"cuda_warp_smem(blk128)","32","double","local","local","16384","16384","8","1","1","1","20","2.270000001e-07","1.325101200e-02","1.314330000e-04","1.338267200e-02","1.283095600e-02","1.269929600e-02","5.517160024e-04","334.734785","338.205149","338.205149","3.120320141e-04","2.292480022e-04","1.043598608e-05","row","0","-1.000000000e+00","-1.000000"
"cuda_warp_smem(blk128)","32","double","local","local","16384","16384","20","1","1","1","1","2.010000000e-07","3.234933600e-02","3.010130000e-04","3.265055000e-02","3.154479768e-02","3.124358368e-02","1.105752321e-03","340.386340","343.667946","343.667946","5.943040252e-04","4.994559884e-04","1.199230722e-05","row","0","-1.000000000e+00","-1.000000"
"cuda_warp_smem(blk128)","32","double","local","local","16384","16384","20","1","1","1","2","1.560000000e-07","3.235295000e-02","3.011040000e-04","3.265421000e-02","3.155319596e-02","3.125193596e-02","1.101014041e-03","340.295742","343.576099","343.576099","5.908160210e-04","4.985919893e-04","1.160603089e-05","row","0","-1.000000000e+00","-1.000000"
"cuda_warp_smem(blk128)","32","double","local","local","16384","16384","20","1","1","1","3","3.370000001e-07","3.235000800e-02","2.965580000e-04","3.264690300e-02","3.151734254e-02","3.122044754e-02","1.129560460e-03","340.682855","343.922624","343.922624","5.995519757e-04","5.190079808e-04","1.100050317e-05","row","0","-1.000000000e+00","-1.000000"
"cuda_warp_smem(blk128)","32","double","local","local","16384","16384","20","1","1","1","4","1.359999997e-07","3.233894000e-02","3.015820000e-04","3.264065800e-02","3.153141427e-02","3.122969627e-02","1.109243726e-03","340.530816","343.820771","343.820771","6.001279950e-04","4.989120066e-04","1.020372457e-05","row","0","-1.000000000e+00","-1.000000"
"cuda_warp_smem(blk128)","32","double","local","local","16384","16384","20","1","1","1","5","2.280000000e-07","3.232210800e-02","2.970100000e-04","3.261934600e-02","3.151960624e-02","3.122236824e-02","1.099739760e-03","340.658388","343.901467","343.901467","5.909439921e-04","4.972800016e-04","1.151576587e-05","row","0","-1.000000000e+00","-1.000000"
"cuda_warp_smem(blk128)","32","double","local","local","16384","16384","20","1","1","1","6","1.349999998e-07","3.229262800e-02","2.941490000e-04","3.258691200e-02","3.150919641e-02","3.121491241e-02","1.077715585e-03","340.770932","343.983609","343.983609","5.915520191e-04","4.749439955e-04","1.121957085e-05","row","0","-1.000000000e+00","-1.000000"
"cuda_warp_smem(blk128)","32","double","local","local","16384","16384","20","1","1","1","7","1.420000000e-07","3.229258100e-02","2.965980000e-04","3.258932100e-02","3.151798863e-02","3.122124863e-02","1.071332373e-03","340.675871","343.913799","343.913799","5.866240263e-04","4.732159972e-04","1.149234977e-05","row","0","-1.000000000e+00","-1.000000"
"cuda_warp_smem(blk128)","32","double","local","local","16384","16384","20","1","1","1","8","1.399999998e-07","3.230531100e-02","2.962640000e-04","3.260171500e-02","3.152338039e-02","3.122697639e-02","1.078334605e-03","340.617602","343.850718","343.850718","5.911359787e-04","4.758720100e-04","1.132661666e-05","row","0","-1.000000000e+00","-1.000000"
"cuda_warp_smem(blk128)","32","double","local","local","16384","16384","20","1","1","1","9","1.570000001e-07","3.228404000e-02","3.000330000e-04","3.258423000e-02","3.152783778e-02","3.122764778e-02","1.056392219e-03","340.569446","343.843325","343.843325","5.878720284e-04","4.572480023e-04","1.127218799e-05","row","0","-1.000000000e+00","-1.000000"
"cuda_warp_smem(blk128)","32","double","local","local","16384","16384","20","1","1","1","10","1.850000000e-07","3.231705500e-02","3.108120000e-04","3.262805200e-02","3.153323745e-02","3.122224045e-02","1.094814552e-03","340.511128","343.902875","343.902875","5.942720175e-04","4.887680113e-04","1.177452319e-05","row","0","-1.000000000e+00","-1.000000"
"cuda_warp_smem(blk128)","32","double","local","local","16384","16384","20","1","1","1","11","1.830000000e-07","3.235584700e-02","2.963230000e-04","3.265235300e-02","3.153423412e-02","3.123772812e-02","1.118118881e-03","340.500365","343.732367","343.732367","6.159039736e-04","4.907200038e-04","1.149490368e-05","row","0","-1.000000000e+00","-1.000000"
"cuda_warp_smem(blk128)","32","double","local","local","16384","16384","20","1","1","1","12","1.550000004e-07","3.231651800e-02","3.009540000e-04","3.261762700e-02","3.153566901e-02","3.123456001e-02","1.081957987e-03","340.484872","343.767232","343.767232","5.952320099e-04","4.760319889e-04","1.069398844e-05","row","0","-1.000000000e+00","-1.000000"
"cuda_warp_smem(blk128)","32","double","local","local","16384","16384","20","1","1","1","13","1.300000001e-07","3.231119800e-02","2.968330000e-04","3.260816100e-02","3.153302791e-02","3.123606491e-02","1.075133089e-03","340.513390","343.750670","343.750670","5.937600136e-04","4.710400105e-04","1.033306508e-05","row","0","-1.000000000e+00","-1.000000"
"cuda_warp_smem(blk128)","32","double","local","local","16384","16384","20","1","1","1","14","1.720000000e-07","3.228854200e-02","3.010470000e-04","3.258976100e-02","3.151609899e-02","3.121487999e-02","1.073662010e-03","340.696298","343.983967","343.983967","5.939199924e-04","4.691520035e-04","1.059001440e-05","row","0","-1.000000000e+00","-1.000000"
"cuda_warp_smem(blk128)","32","double","local","local","16384","16384","20","1","1","1","15","2.270000001e-07","3.228378000e-02","2.970550000e-04","3.258106200e-02","3.151657750e-02","3.121929550e-02","1.064484498e-03","340.691125","343.935315","343.935315","5.897279978e-04","4.632320106e-04","1.152448991e-05","row","0","-1.000000000e+00","-1.000000"
"cuda_warp_smem(blk128)","32","double","local","local","16384","16384","20","1","1","1","16","1.970000003e-07","3.227986900e-02","2.950720000e-04","3.257513800e-02","3.151446913e-02","3.121920013e-02","1.060668866e-03","340.713918","343.936366","343.936366","5.914559960e-04","4.588800073e-04","1.033286242e-05","row","0","-1.000000000e+00","-1.000000"
"cuda_warp_smem(blk128)","32","double","local","local","16384","16384","20","1","1","1","17","2.879999998e-07","3.278048100e-02","8.660530000e-04","3.364682200e-02","3.208064497e-02","3.121430397e-02","1.566177030e-03","334.700822","343.990315","343.990315","5.867840052e-04","9.664000273e-04","1.299299722e-05","row","0","-1.000000000e+00","-1.000000"
"cuda_warp_smem(blk128)","32","double","local","local","16384","16384","20","1","1","1","18","2.320000001e-07","3.282217700e-02","3.003950000e-04","3.312280400e-02","3.153966737e-02","3.123904037e-02","1.583136625e-03","340.441708","343.717928","343.717928","1.107552052e-03","4.640319943e-04","1.155257936e-05","row","0","-1.000000000e+00","-1.000000"
"cuda_warp_smem(blk128)","32","double","local","local","16384","16384","20","1","1","1","19","2.179999998e-07","3.231971400e-02","3.046100000e-04","3.262454200e-02","3.154770787e-02","3.124287987e-02","1.076834132e-03","340.354941","343.675688","343.675688","5.911039710e-04","4.755840003e-04","1.014616109e-05","row","0","-1.000000000e+00","-1.000000"
"cuda_warp_smem(blk128)","32","double","local","local","16384","16384","20","1","1","1","20","1.710000004e-07","3.231904600e-02","2.973170000e-04","3.261653400e-02","3.153172758e-02","3.123423958e-02","1.084806422e-03","340.527433","343.770759","343.770759","5.991359949e-04","4.750399888e-04","1.063043809e-05","row","0","-1.000000000e+00","-1.000000"
"cuda_warp_smem(blk128)","32","double","local","local","16384","16384","32","1","1","1","1","2.019999998e-07","5.243472900e-02","5.300910000e-04","5.296502200e-02","5.111259509e-02","5.058230209e-02","1.852426906e-03","336.118116","339.641900","339.641900","9.736959934e-04","8.660799861e-04","1.265092698e-05","row","0","-1.000000000e+00","-1.000000"
"cuda_warp_smem(blk128)","32","double","local","local","16384","16384","32","1","1","1","2","1.029999999e-07","5.241864300e-02","5.164570000e-04","5.293520300e-02","5.109614221e-02","5.057958221e-02","1.839060786e-03","336.226346","339.660164","339.660164","9.724159837e-04","8.544639945e-04","1.218080746e-05","row","0","-1.000000000e+00","-1.000000"
"cuda_warp_smem(blk128)","32","double","local","local","16384","16384","32","1","1","1","3","2.429999999e-07","5.242919600e-02","1.088537000e-03","5.351797600e-02","5.168061884e-02","5.059183884e-02","1.837357163e-03","332.423829","339.577876","339.577876","9.764800072e-04","8.478720188e-04","1.300513734e-05","row","0","-1.000000000e+00","-1.000000"
"cuda_warp_smem(blk128)","32","double","local","local","16384","16384","32","1","1","1","4","1.879999998e-07","5.244584800e-02","5.355810000e-04","5.298161700e-02","5.112965633e-02","5.059388733e-02","1.851960671e-03","336.005959","339.564127","339.564127","1.000512004e-03","8.365120292e-04","1.493663783e-05","row","0","-1.000000000e+00","-1.000000"
"cuda_warp_smem(blk128)","32","double","local","local","16384","16384","32","1","1","1","5","2.160000001e-07","5.241151500e-02","5.683650000e-04","5.298009600e-02","5.115539588e-02","5.058681488e-02","1.824700120e-03","335.836892","339.611601","339.611601","9.539840221e-04","8.590720296e-04","1.164406790e-05","row","0","-1.000000000e+00","-1.000000"
"cuda_warp_smem(blk128)","32","double","local","local","16384","16384","32","1","1","1","6","2.289999999e-07","5.243603700e-02","5.350190000e-04","5.297128500e-02","5.112721654e-02","5.059196854e-02","1.844068464e-03","336.021993","339.577006","339.577006","9.693760276e-04","8.626559973e-04","1.203643876e-05","row","0","-1.000000000e+00","-1.000000"
"cuda_warp_smem(blk128)","32","double","local","local","16384","16384","32","1","1","1","7","4.009999999e-07","5.240867700e-02","5.259890000e-04","5.293506700e-02","5.112203972e-02","5.059564972e-02","1.813027281e-03","336.056020","339.552299","339.552299","9.689279795e-04","8.322560191e-04","1.184328218e-05","row","0","-1.000000000e+00","-1.000000"
"cuda_warp_smem(blk128)","32","double","local","local","16384","16384","32","1","1","1","8","8.700000009e-08","5.240979700e-02","5.312730000e-04","5.294115700e-02","5.112876829e-02","5.059740829e-02","1.812388705e-03","336.011794","339.540497","339.540497","9.606400132e-04","8.400959969e-04","1.165269525e-05","row","0","-1.000000000e+00","-1.000000"
"cuda_warp_smem(blk128)","32","double","local","local","16384","16384","32","1","1","1","9","2.180000003e-07","5.243817000e-02","5.570010000e-04","5.299538900e-02","5.114566657e-02","5.058844757e-02","1.849722429e-03","335.900778","339.600640","339.600640","9.730240107e-04","8.624640107e-04","1.423440783e-05","row","0","-1.000000000e+00","-1.000000"
"cuda_warp_smem(blk128)","32","double","local","local","16384","16384","32","1","1","1","10","2.390000002e-07","5.246416500e-02","5.381570000e-04","5.300256100e-02","5.113945115e-02","5.060105515e-02","1.863109855e-03","335.941603","339.516027","339.516027","9.785280228e-04","8.729919791e-04","1.158985285e-05","row","0","-1.000000000e+00","-1.000000"
"cuda_warp_smem(blk128)","32","double","local","local","16384","16384","32","1","1","1","11","2.100000001e-07","5.243071100e-02","5.344190000e-04","5.296534000e-02","5.112650217e-02","5.059187317e-02","1.838837831e-03","336.026688","339.577646","339.577646","9.894080162e-04","8.374080062e-04","1.202180866e-05","row","0","-1.000000000e+00","-1.000000"
"cuda_warp_smem(blk128)","32","double","local","local","16384","16384","32","1","1","1","12","9.200000006e-08","5.323771100e-02","1.448129000e-03","5.468593200e-02","5.203714922e-02","5.058892822e-02","2.648782777e-03","330.146241","339.597414","339.597414","9.633280039e-04","1.670976043e-03","1.447873071e-05","row","0","-1.000000000e+00","-1.000000"
"cuda_warp_smem(blk128)","32","double","local","local","16384","16384","32","1","1","1","13","9.040000002e-07","5.325636200e-02","5.341280000e-04","5.379139400e-02","5.112629482e-02","5.059126282e-02","2.665099183e-03","336.028051","339.581743","339.581743","1.831552029e-03","8.187199831e-04","1.482717086e-05","row","0","-1.000000000e+00","-1.000000"
"cuda_warp_smem(blk128)","32","double","local","local","16384","16384","32","1","1","1","14","1.119999999e-07","5.276807900e-02","5.187440000e-04","5.328693500e-02","5.111437602e-02","5.059552002e-02","2.172558980e-03","336.106405","339.553169","339.553169","9.641280174e-04","1.195968032e-03","1.246293116e-05","row","0","-1.000000000e+00","-1.000000"
"cuda_warp_smem(blk128)","32","double","local","local","16384","16384","32","1","1","1","15","1.130000000e-07","5.240072000e-02","5.160090000e-04","5.291684200e-02","5.110482516e-02","5.058870316e-02","1.812016844e-03","336.169219","339.598925","339.598925","9.645760059e-04","8.346560001e-04","1.278483841e-05","row","0","-1.000000000e+00","-1.000000"
"cuda_warp_smem(blk128)","32","double","local","local","16384","16384","32","1","1","1","16","9.999999984e-08","5.239603800e-02","5.251890000e-04","5.292132700e-02","5.111424774e-02","5.058895874e-02","1.807079260e-03","336.107249","339.597209","339.597209","9.757120013e-04","8.185279965e-04","1.283926190e-05","row","0","-1.000000000e+00","-1.000000"
"cuda_warp_smem(blk128)","32","double","local","local","16384","16384","32","1","1","1","17","9.399999978e-08","5.333756100e-02","1.474978000e-03","5.481263300e-02","5.216537580e-02","5.069030380e-02","2.647257198e-03","329.334715","338.918253","338.918253","9.688320160e-04","1.664703965e-03","1.372121633e-05","row","0","-1.000000000e+00","-1.000000"
"cuda_warp_smem(blk128)","32","double","local","local","16384","16384","32","1","1","1","18","1.045000000e-06","5.401814100e-02","5.226010000e-04","5.454178700e-02","5.185343802e-02","5.132979202e-02","2.688348977e-03","331.315913","334.695866","334.695866","1.859616041e-03","8.168320060e-04","1.190093013e-05","row","0","-1.000000000e+00","-1.000000"
"cuda_warp_smem(blk128)","32","double","local","local","16384","16384","32","1","1","1","19","2.090000000e-07","5.313350900e-02","5.272970000e-04","5.366101500e-02","5.188721669e-02","5.135971069e-02","1.773798307e-03","331.100226","334.500895","334.500895","9.610559940e-04","8.015999794e-04","1.114233321e-05","row","0","-1.000000000e+00","-1.000000"
"cuda_warp_smem(blk128)","32","double","local","local","16384","16384","32","1","1","1","20","2.390000002e-07","5.291843200e-02","5.170990000e-04","5.343577000e-02","5.164585134e-02","5.112851334e-02","1.789918664e-03","332.647613","336.013470","336.013470","9.607999921e-04","8.176640272e-04","1.145464452e-05","row","0","-1.000000000e+00","-1.000000"
"cuda_warp_smem(blk192)","32","double","local","local","16384","16384","3","1","1","1","1","1.379999999e-07","5.624393000e-03","4.385500000e-05","5.668386000e-03","5.452344898e-03","5.408351898e-03","2.160411018e-04","295.398176","297.801024","297.801024","1.188800037e-04","8.720000088e-05","9.961097234e-06","row","0","-1.000000000e+00","-1.000000"
"cuda_warp_smem(blk192)","32","double","local","local","16384","16384","3","1","1","1","2","1.980000000e-07","5.637781000e-03","4.378700000e-05","5.681766000e-03","5.466736904e-03","5.422751904e-03","2.150290965e-04","294.620496","297.010220","297.010220","1.179199964e-04","8.841600269e-05","8.693097394e-06","row","0","-1.000000000e+00","-1.000000"
"cuda_warp_smem(blk192)","32","double","local","local","16384","16384","3","1","1","1","3","1.489999999e-07","5.630440000e-03","4.421200000e-05","5.674801000e-03","5.458376770e-03","5.414015770e-03","2.164242300e-04","295.071741","297.489480","297.489480","1.181439981e-04","8.867199719e-05","9.608234766e-06","row","0","-1.000000000e+00","-1.000000"
"cuda_warp_smem(blk192)","32","double","local","local","16384","16384","3","1","1","1","4","1.419999998e-07","5.652629000e-03","4.414100000e-05","5.696912000e-03","5.484571067e-03","5.440288067e-03","2.123409331e-04","293.662479","296.052841","296.052841","1.185600013e-04","8.361600339e-05","1.016492849e-05","row","0","-1.000000000e+00","-1.000000"
"cuda_warp_smem(blk192)","32","double","local","local","16384","16384","3","1","1","1","5","3.080000002e-07","5.614979000e-03","4.375900000e-05","5.659046000e-03","5.446242903e-03","5.402175903e-03","2.128030967e-04","295.729141","298.141483","298.141483","1.172479987e-04","8.640000224e-05","9.155095724e-06","row","0","-1.000000000e+00","-1.000000"
"cuda_warp_smem(blk192)","32","double","local","local","16384","16384","3","1","1","1","6","1.450000000e-07","5.622005000e-03","4.397100000e-05","5.666121000e-03","5.455540160e-03","5.411424160e-03","2.105808400e-04","295.225164","297.631952","297.631952","1.178560033e-04","8.399999887e-05","8.724837785e-06","row","0","-1.000000000e+00","-1.000000"
"cuda_warp_smem(blk192)","32","double","local","local","16384","16384","3","1","1","1","7","1.549999999e-07","5.631875000e-03","4.380700000e-05","5.675837000e-03","5.458714007e-03","5.414752007e-03","2.171229935e-04","295.053512","297.449031","297.449031","1.178560033e-04","8.924800158e-05","1.001898855e-05","row","0","-1.000000000e+00","-1.000000"
"cuda_warp_smem(blk192)","32","double","local","local","16384","16384","3","1","1","1","8","1.430000001e-07","5.634064000e-03","4.417800000e-05","5.678385000e-03","5.465888917e-03","5.421567917e-03","2.124960831e-04","294.666204","297.075082","297.075082","1.172159985e-04","8.617600054e-05","9.104084124e-06","row","0","-1.000000000e+00","-1.000000"
"cuda_warp_smem(blk192)","32","double","local","local","16384","16384","3","1","1","1","9","1.470000000e-07","5.644681000e-03","4.425800000e-05","5.689086000e-03","5.476308839e-03","5.431903839e-03","2.127771609e-04","294.105534","296.509803","296.509803","1.176320016e-04","8.620800078e-05","8.937158471e-06","row","0","-1.000000000e+00","-1.000000"
"cuda_warp_smem(blk192)","32","double","local","local","16384","16384","3","1","1","1","10","1.450000000e-07","5.637985000e-03","4.395200000e-05","5.682082000e-03","5.467009121e-03","5.422912121e-03","2.150728792e-04","294.605826","297.001445","297.001445","1.174079999e-04","8.803199977e-05","9.632879481e-06","row","0","-1.000000000e+00","-1.000000"
"cuda_warp_smem(blk192)","32","double","local","local","16384","16384","3","1","1","1","11","1.459999999e-07","5.627912000e-03","4.364000000e-05","5.671698000e-03","5.455145787e-03","5.411359787e-03","2.165522130e-04","295.246506","297.635493","297.635493","1.176960021e-04","8.902399987e-05","9.832211017e-06","row","0","-1.000000000e+00","-1.000000"
"cuda_warp_smem(blk192)","32","double","local","local","16384","16384","3","1","1","1","12","1.390000000e-07","5.621429000e-03","4.401100000e-05","5.665579000e-03","5.450326090e-03","5.406176090e-03","2.152529098e-04","295.507592","297.920880","297.920880","1.184320003e-04","8.771199733e-05","9.108912150e-06","row","0","-1.000000000e+00","-1.000000"
"cuda_warp_smem(blk192)","32","double","local","local","16384","16384","3","1","1","1","13","1.510000001e-07","5.641282000e-03","4.399400000e-05","5.685427000e-03","5.468849075e-03","5.424704075e-03","2.165779251e-04","294.506708","296.903336","296.903336","1.182719991e-04","8.828800172e-05","1.001792436e-05","row","0","-1.000000000e+00","-1.000000"
"cuda_warp_smem(blk192)","32","double","local","local","16384","16384","3","1","1","1","14","4.929999999e-07","5.636494000e-03","4.372700000e-05","5.680714000e-03","5.462748080e-03","5.418528080e-03","2.179659200e-04","294.835623","297.241744","297.241744","1.197760031e-04","8.851200342e-05","9.677913529e-06","row","0","-1.000000000e+00","-1.000000"
"cuda_warp_smem(blk192)","32","double","local","local","16384","16384","3","1","1","1","15","1.709999999e-07","5.627809000e-03","4.455900000e-05","5.672539000e-03","5.459865860e-03","5.415135860e-03","2.126731396e-04","294.991265","297.427946","297.427946","1.195840016e-04","8.336000144e-05","9.729136511e-06","row","0","-1.000000000e+00","-1.000000"
"cuda_warp_smem(blk192)","32","double","local","local","16384","16384","3","1","1","1","16","1.439999999e-07","5.641246000e-03","4.352200000e-05","5.684912000e-03","5.462450142e-03","5.418784142e-03","2.224618585e-04","294.851705","297.227698","297.227698","1.223040000e-04","8.982399851e-05","1.033385999e-05","row","0","-1.000000000e+00","-1.000000"
"cuda_warp_smem(blk192)","32","double","local","local","16384","16384","3","1","1","1","17","3.689999999e-07","5.623016000e-03","4.476800000e-05","5.668153000e-03","5.454896998e-03","5.409759998e-03","2.132560017e-04","295.259972","297.723510","297.723510","1.189439967e-04","8.435200155e-05","9.960003403e-06","row","0","-1.000000000e+00","-1.000000"
"cuda_warp_smem(blk192)","32","double","local","local","16384","16384","3","1","1","1","18","1.440000001e-07","5.650379000e-03","4.521700000e-05","5.695740000e-03","5.477905231e-03","5.432544231e-03","2.178347686e-04","294.019825","296.474850","296.474850","1.191039979e-04","8.841600269e-05","1.031476795e-05","row","0","-1.000000000e+00","-1.000000"
"cuda_warp_smem(blk192)","32","double","local","local","16384","16384","3","1","1","1","19","1.490000001e-07","5.630878000e-03","4.458100000e-05","5.675608000e-03","5.459098153e-03","5.414368153e-03","2.165098474e-04","295.032749","297.470119","297.470119","1.219839975e-04","8.441600204e-05","1.010984782e-05","row","0","-1.000000000e+00","-1.000000"
"cuda_warp_smem(blk192)","32","double","local","local","16384","16384","3","1","1","1","20","1.409999999e-07","5.636202000e-03","4.422700000e-05","5.680570000e-03","5.462383957e-03","5.418015957e-03","2.181860431e-04","294.855277","297.269840","297.269840","1.199359968e-04","8.825600147e-05","9.994044818e-06","row","0","-1.000000000e+00","-1.000000"
"cuda_warp_smem(blk192)","32","double","local","local","16384","16384","6","1","1","1","1","1.430000001e-07","9.921754000e-03","8.995400000e-05","1.001185100e-02","9.573072960e-03","9.482975960e-03","4.387780402e-04","336.488136","339.685083","339.685083","2.285439968e-04","1.996479928e-04","1.058605056e-05","row","0","-1.000000000e+00","-1.000000"
"cuda_warp_smem(blk192)","32","double","local","local","16384","16384","6","1","1","1","2","1.660000000e-07","9.919231000e-03","9.015400000e-05","1.000955100e-02","9.574544319e-03","9.484224319e-03","4.350066805e-04","336.436426","339.640372","339.640372","2.286400050e-04","1.966720074e-04","9.694668108e-06","row","0","-1.000000000e+00","-1.000000"
"cuda_warp_smem(blk192)","32","double","local","local","16384","16384","6","1","1","1","3","1.519999999e-07","9.915042000e-03","9.043200000e-05","1.000562600e-02","9.571735581e-03","9.481151581e-03","4.338904192e-04","336.535150","339.750445","339.750445","2.294719964e-04","1.943680048e-04","1.005041796e-05","row","0","-1.000000000e+00","-1.000000"
"cuda_warp_smem(blk192)","32","double","local","local","16384","16384","6","1","1","1","4","1.669999998e-07","9.918762000e-03","8.882700000e-05","1.000775600e-02","9.571105931e-03","9.482111931e-03","4.366500692e-04","336.557290","339.716035","339.716035","2.288320065e-04","1.977600008e-04","1.005806187e-05","row","0","-1.000000000e+00","-1.000000"
"cuda_warp_smem(blk192)","32","double","local","local","16384","16384","6","1","1","1","5","1.580000000e-07","9.887442000e-03","9.044300000e-05","9.978043000e-03","9.545320543e-03","9.454719543e-03","4.327224565e-04","337.466454","340.700267","340.700267","2.283519953e-04","1.941439956e-04","1.022646555e-05","row","0","-1.000000000e+00","-1.000000"
"cuda_warp_smem(blk192)","32","double","local","local","16384","16384","6","1","1","1","6","1.830000000e-07","9.894083000e-03","9.014900000e-05","9.984415000e-03","9.550811736e-03","9.460479736e-03","4.336032637e-04","337.272429","340.492825","340.492825","2.297279984e-04","1.950079948e-04","8.867270525e-06","row","0","-1.000000000e+00","-1.000000"
"cuda_warp_smem(blk192)","32","double","local","local","16384","16384","6","1","1","1","7","1.960000000e-07","9.894912000e-03","8.908000000e-05","9.984188000e-03","9.547451659e-03","9.458175659e-03","4.367363408e-04","337.391127","340.575771","340.575771","2.306559980e-04","1.966080070e-04","9.472335875e-06","row","0","-1.000000000e+00","-1.000000"
"cuda_warp_smem(blk192)","32","double","local","local","16384","16384","6","1","1","1","8","1.949999999e-07","9.907514000e-03","9.062100000e-05","9.998330000e-03","9.557568052e-03","9.466752052e-03","4.407619477e-04","337.034008","340.267227","340.267227","2.304960042e-04","1.994560063e-04","1.080993718e-05","row","0","-1.000000000e+00","-1.000000"
"cuda_warp_smem(blk192)","32","double","local","local","16384","16384","6","1","1","1","9","1.859999998e-07","9.896045000e-03","8.838600000e-05","9.984617000e-03","9.545052026e-03","9.456480026e-03","4.395649738e-04","337.475947","340.636840","340.636840","2.323520035e-04","1.975679994e-04","9.644970937e-06","row","0","-1.000000000e+00","-1.000000"
"cuda_warp_smem(blk192)","32","double","local","local","16384","16384","6","1","1","1","10","1.829999998e-07","9.912618000e-03","9.064000000e-05","1.000344100e-02","9.551302736e-03","9.460479736e-03","4.521382637e-04","337.255091","340.492825","340.492825","2.314559966e-04","2.105280012e-04","1.015426585e-05","row","0","-1.000000000e+00","-1.000000"
"cuda_warp_smem(blk192)","32","double","local","local","16384","16384","6","1","1","1","11","1.930000000e-07","9.886127000e-03","8.971600000e-05","9.976036000e-03","9.545012874e-03","9.455103874e-03","4.310231258e-04","337.477331","340.686418","340.686418","2.310079932e-04","1.905920058e-04","9.423126723e-06","row","0","-1.000000000e+00","-1.000000"
"cuda_warp_smem(blk192)","32","double","local","local","16384","16384","6","1","1","1","12","1.670000001e-07","9.891785000e-03","9.007100000e-05","9.982023000e-03","9.552606011e-03","9.462368011e-03","4.294169885e-04","337.209079","340.424878","340.424878","2.313279957e-04","1.879680008e-04","1.012099210e-05","row","0","-1.000000000e+00","-1.000000"
"cuda_warp_smem(blk192)","32","double","local","local","16384","16384","6","1","1","1","13","1.869999999e-07","9.889047000e-03","8.892500000e-05","9.978159000e-03","9.546968178e-03","9.457856178e-03","4.311908217e-04","337.408213","340.587276","340.587276","2.310079932e-04","1.894399971e-04","1.074283142e-05","row","0","-1.000000000e+00","-1.000000"
"cuda_warp_smem(blk192)","32","double","local","local","16384","16384","6","1","1","1","14","2.100000001e-07","9.885094000e-03","9.016900000e-05","9.975473000e-03","9.551210642e-03","9.460831642e-03","4.242623578e-04","337.258343","340.480160","340.480160","2.295040041e-04","1.844159961e-04","1.034235765e-05","row","0","-1.000000000e+00","-1.000000"
"cuda_warp_smem(blk192)","32","double","local","local","16384","16384","6","1","1","1","15","1.850000000e-07","9.844178000e-03","9.003200000e-05","9.934395000e-03","9.511369115e-03","9.421152115e-03","4.230258851e-04","338.671061","341.914177","341.914177","2.295359969e-04","1.840959936e-04","9.393894580e-06","row","0","-1.000000000e+00","-1.000000"
"cuda_warp_smem(blk192)","32","double","local","local","16384","16384","6","1","1","1","16","2.310000000e-07","9.846981000e-03","9.583300000e-05","9.943045000e-03","9.519008069e-03","9.422944069e-03","4.240369311e-04","338.399279","341.849155","341.849155","2.309760004e-04","1.832000017e-04","9.860928947e-06","row","0","-1.000000000e+00","-1.000000"
"cuda_warp_smem(blk192)","32","double","local","local","16384","16384","6","1","1","1","17","2.569999999e-07","9.853060000e-03","8.860400000e-05","9.941921000e-03","9.512669098e-03","9.423808098e-03","4.292519022e-04","338.624779","341.817813","341.817813","2.322880030e-04","1.857600063e-04","1.120389288e-05","row","0","-1.000000000e+00","-1.000000"
"cuda_warp_smem(blk192)","32","double","local","local","16384","16384","6","1","1","1","18","2.000000001e-07","9.847461000e-03","9.094600000e-05","9.938607000e-03","9.513514050e-03","9.422368050e-03","4.250929504e-04","338.594704","341.870054","341.870054","2.312639952e-04","1.850879937e-04","8.740961467e-06","row","0","-1.000000000e+00","-1.000000"
"cuda_warp_smem(blk192)","32","double","local","local","16384","16384","6","1","1","1","19","1.770000000e-07","9.854643000e-03","9.378000000e-05","9.948600000e-03","9.520133071e-03","9.426176071e-03","4.284669288e-04","338.359291","341.731944","341.731944","2.312639952e-04","1.877440065e-04","9.458927148e-06","row","0","-1.000000000e+00","-1.000000"
"cuda_warp_smem(blk192)","32","double","local","local","16384","16384","6","1","1","1","20","3.340000001e-07","9.880772000e-03","9.014300000e-05","9.971249000e-03","9.519117366e-03","9.428640366e-03","4.521316344e-04","338.395394","341.642628","341.642628","2.429759949e-04","1.986240000e-04","1.053163950e-05","row","0","-1.000000000e+00","-1.000000"
"cuda_warp_smem(blk192)","32","double","local","local","16384","16384","8","1","1","1","1","1.150000000e-07","1.322112600e-02","1.196150000e-04","1.334085600e-02","1.277390576e-02","1.265417576e-02","5.669502416e-04","336.229762","339.411067","339.411067","3.083199859e-04","2.479040027e-04","1.072625311e-05","row","0","-1.000000000e+00","-1.000000"
"cuda_warp_smem(blk192)","32","double","local","local","16384","16384","8","1","1","1","2","1.199999999e-07","1.322190300e-02","1.226110000e-04","1.334463400e-02","1.277127531e-02","1.264854431e-02","5.733586885e-04","336.299014","339.562181","339.562181","3.213120103e-04","2.406720072e-04","1.137467099e-05","row","0","-1.000000000e+00","-1.000000"
"cuda_warp_smem(blk192)","32","double","local","local","16384","16384","8","1","1","1","3","1.059999999e-07","1.321019400e-02","1.184210000e-04","1.332872100e-02","1.276335866e-02","1.264483166e-02","5.653623426e-04","336.507608","339.661880","339.661880","3.158400059e-04","2.386880070e-04","1.083432972e-05","row","0","-1.000000000e+00","-1.000000"
"cuda_warp_smem(blk192)","32","double","local","local","16384","16384","8","1","1","1","4","1.320000000e-07","1.318798800e-02","1.174750000e-04","1.330559500e-02","1.274381531e-02","1.262620831e-02","5.617796946e-04","337.023662","340.162873","340.162873","3.093119860e-04","2.428800017e-04","9.587707008e-06","row","0","-1.000000000e+00","-1.000000"
"cuda_warp_smem(blk192)","32","double","local","local","16384","16384","8","1","1","1","5","1.320000000e-07","1.316297300e-02","1.221920000e-04","1.328529700e-02","1.273198796e-02","1.260966396e-02","5.533090367e-04","337.336739","340.609179","340.609179","3.075200021e-04","2.356799990e-04","1.010903556e-05","row","0","-1.000000000e+00","-1.000000"
"cuda_warp_smem(blk192)","32","double","local","local","16384","16384","8","1","1","1","6","1.260000000e-07","1.318512800e-02","1.200260000e-04","1.330528000e-02","1.273826361e-02","1.261811161e-02","5.670163896e-04","337.170546","340.381146","340.381146","3.086400032e-04","2.472320050e-04","1.114438138e-05","row","0","-1.000000000e+00","-1.000000"
"cuda_warp_smem(blk192)","32","double","local","local","16384","16384","8","1","1","1","7","1.399999998e-07","1.315838700e-02","1.185630000e-04","1.327709000e-02","1.272827064e-02","1.260956764e-02","5.488193578e-04","337.435259","340.611781","340.611781","3.057920039e-04","2.324479967e-04","1.057935718e-05","row","0","-1.000000000e+00","-1.000000"
"cuda_warp_smem(blk192)","32","double","local","local","16384","16384","8","1","1","1","8","1.250000001e-07","1.316711000e-02","1.177080000e-04","1.328494300e-02","1.273764120e-02","1.261980820e-02","5.473018030e-04","337.187021","340.335386","340.335386","3.073920012e-04","2.289920002e-04","1.091780160e-05","row","0","-1.000000000e+00","-1.000000"
"cuda_warp_smem(blk192)","32","double","local","local","16384","16384","8","1","1","1","9","1.270000001e-07","1.319922600e-02","1.191020000e-04","1.331845500e-02","1.274434916e-02","1.262512016e-02","5.741058370e-04","337.009544","340.192191","340.192191","3.117119968e-04","2.525759935e-04","9.817846704e-06","row","0","-1.000000000e+00","-1.000000"
"cuda_warp_smem(blk192)","32","double","local","local","16384","16384","8","1","1","1","10","1.420000000e-07","1.321015200e-02","1.184840000e-04","1.332877800e-02","1.277888239e-02","1.266025639e-02","5.498956142e-04","336.098820","339.248050","339.248050","3.094719946e-04","2.292799950e-04","1.114362459e-05","row","0","-1.000000000e+00","-1.000000"
"cuda_warp_smem(blk192)","32","double","local","local","16384","16384","8","1","1","1","11","1.100000000e-07","1.315405100e-02","1.193270000e-04","1.327348800e-02","1.272458913e-02","1.260515213e-02","5.488988699e-04","337.532886","340.731096","340.731096","3.068160117e-04","2.316160053e-04","1.046685290e-05","row","0","-1.000000000e+00","-1.000000"
"cuda_warp_smem(blk192)","32","double","local","local","16384","16384","8","1","1","1","12","1.290000000e-07","1.313294700e-02","1.227340000e-04","1.325581000e-02","1.270590324e-02","1.258304024e-02","5.499067626e-04","338.029278","341.329855","341.329855","3.108159900e-04","2.296639979e-04","9.426774713e-06","row","0","-1.000000000e+00","-1.000000"
"cuda_warp_smem(blk192)","32","double","local","local","16384","16384","8","1","1","1","13","1.329999999e-07","1.315612200e-02","1.212040000e-04","1.327745900e-02","1.270575339e-02","1.258441639e-02","5.717056105e-04","338.033264","341.292529","341.292529","3.163839877e-04","2.446399927e-04","1.068163016e-05","row","0","-1.000000000e+00","-1.000000"
"cuda_warp_smem(blk192)","32","double","local","local","16384","16384","8","1","1","1","14","1.269999998e-07","1.315128500e-02","1.188530000e-04","1.327026500e-02","1.271507604e-02","1.259609604e-02","5.551889612e-04","337.785420","340.976068","340.976068","3.061439991e-04","2.383680046e-04","1.067695752e-05","row","0","-1.000000000e+00","-1.000000"
"cuda_warp_smem(blk192)","32","double","local","local","16384","16384","8","1","1","1","15","1.270000001e-07","1.313477800e-02","1.183950000e-04","1.325330000e-02","1.271282608e-02","1.259430408e-02","5.404739152e-04","337.845202","341.024583","341.024583","3.039360046e-04","2.272319943e-04","9.305916312e-06","row","0","-1.000000000e+00","-1.000000"
"cuda_warp_smem(blk192)","32","double","local","local","16384","16384","8","1","1","1","16","1.290000000e-07","1.315212200e-02","1.216220000e-04","1.327387300e-02","1.270789545e-02","1.258614445e-02","5.659775527e-04","337.976285","341.245670","341.245670","3.109120131e-04","2.455040067e-04","9.561532876e-06","row","0","-1.000000000e+00","-1.000000"
"cuda_warp_smem(blk192)","32","double","local","local","16384","16384","8","1","1","1","17","1.330000001e-07","1.313852600e-02","1.206170000e-04","1.325927600e-02","1.271982246e-02","1.259907246e-02","5.394535436e-04","337.659375","340.895515","340.895515","3.037120104e-04","2.253440022e-04","1.039753101e-05","row","0","-1.000000000e+00","-1.000000"
"cuda_warp_smem(blk192)","32","double","local","local","16384","16384","8","1","1","1","18","1.110000001e-07","1.312689900e-02","1.200130000e-04","1.324702300e-02","1.270508398e-02","1.258495998e-02","5.419390162e-04","338.051075","341.277787","341.277787","3.108159900e-04","2.204159945e-04","1.070703168e-05","row","0","-1.000000000e+00","-1.000000"
"cuda_warp_smem(blk192)","32","double","local","local","16384","16384","8","1","1","1","19","1.100000000e-07","1.314034000e-02","1.184370000e-04","1.325888700e-02","1.271371511e-02","1.259516811e-02","5.451718863e-04","337.821578","341.001188","341.001188","3.076159954e-04","2.267840058e-04","1.077188512e-05","row","0","-1.000000000e+00","-1.000000"
"cuda_warp_smem(blk192)","32","double","local","local","16384","16384","8","1","1","1","20","1.370000000e-07","1.313799300e-02","1.193380000e-04","1.325746800e-02","1.270856344e-02","1.258908844e-02","5.489045601e-04","337.958520","341.165869","341.165869","3.134399951e-04","2.248959988e-04","1.056856617e-05","row","0","-1.000000000e+00","-1.000000"
"cuda_warp_smem(blk192)","32","double","local","local","16384","16384","20","1","1","1","1","2.029999999e-07","3.245271900e-02","3.426720000e-04","3.279559400e-02","3.166005945e-02","3.131718445e-02","1.135534552e-03","339.147128","342.860268","342.860268","6.011840105e-04","5.224639773e-04","1.188656392e-05","row","0","-1.000000000e+00","-1.000000"
"cuda_warp_smem(blk192)","32","double","local","local","16384","16384","20","1","1","1","2","1.660000000e-07","3.245080000e-02","3.765430000e-04","3.282750900e-02","3.170160486e-02","3.132489586e-02","1.125904141e-03","338.702671","342.775864","342.775864","5.981760025e-04","5.157439709e-04","1.198416786e-05","row","0","-1.000000000e+00","-1.000000"
"cuda_warp_smem(blk192)","32","double","local","local","16384","16384","20","1","1","1","3","2.070000000e-07","3.245356000e-02","3.557940000e-04","3.280956100e-02","3.169379244e-02","3.133779144e-02","1.115768557e-03","338.786160","342.634811","342.634811","5.905920267e-04","5.134400129e-04","1.173651749e-05","row","0","-1.000000000e+00","-1.000000"
"cuda_warp_smem(blk192)","32","double","local","local","16384","16384","20","1","1","1","4","1.890000001e-07","3.244898700e-02","3.412680000e-04","3.279044400e-02","3.168296014e-02","3.134150314e-02","1.107483857e-03","338.901990","342.594233","342.594233","5.892800093e-04","5.057920218e-04","1.241182567e-05","row","0","-1.000000000e+00","-1.000000"
"cuda_warp_smem(blk192)","32","double","local","local","16384","16384","20","1","1","1","5","2.030000001e-07","3.243084100e-02","3.449780000e-04","3.277602200e-02","3.166825343e-02","3.132307243e-02","1.107768567e-03","339.059376","342.795818","342.795818","6.035519838e-04","4.925439954e-04","1.167258731e-05","row","0","-1.000000000e+00","-1.000000"
"cuda_warp_smem(blk192)","32","double","local","local","16384","16384","20","1","1","1","6","2.200000000e-07","3.246493700e-02","3.419450000e-04","3.280710200e-02","3.168069268e-02","3.133852768e-02","1.126409321e-03","338.926246","342.626761","342.626761","6.204479933e-04","4.942399859e-04","1.172134134e-05","row","0","-1.000000000e+00","-1.000000"
"cuda_warp_smem(blk192)","32","double","local","local","16384","16384","20","1","1","1","7","2.109999999e-07","3.244837800e-02","3.394230000e-04","3.278801200e-02","3.167809874e-02","3.133846474e-02","1.109913263e-03","338.953999","342.627449","342.627449","6.149119735e-04","4.842559993e-04","1.074529026e-05","row","0","-1.000000000e+00","-1.000000"
"cuda_warp_smem(blk192)","32","double","local","local","16384","16384","20","1","1","1","8","1.759999999e-07","3.241456600e-02","3.507810000e-04","3.276552300e-02","3.166951665e-02","3.131855965e-02","1.096006353e-03","339.045852","342.845213","342.845213","5.951359868e-04","4.895040095e-04","1.136635710e-05","row","0","-1.000000000e+00","-1.000000"
"cuda_warp_smem(blk192)","32","double","local","local","16384","16384","20","1","1","1","9","1.960000000e-07","3.241922000e-02","3.442230000e-04","3.276363900e-02","3.167017889e-02","3.132575989e-02","1.093460112e-03","339.038762","342.766409","342.766409","6.077439785e-04","4.741440117e-04","1.157212207e-05","row","0","-1.000000000e+00","-1.000000"
"cuda_warp_smem(blk192)","32","double","local","local","16384","16384","20","1","1","1","10","1.930000000e-07","3.243503100e-02","3.420350000e-04","3.277725900e-02","3.166370017e-02","3.132147217e-02","1.113558832e-03","339.108133","342.813332","342.813332","5.975040197e-04","5.055360198e-04","1.051879249e-05","row","0","-1.000000000e+00","-1.000000"
"cuda_warp_smem(blk192)","32","double","local","local","16384","16384","20","1","1","1","11","1.649999999e-07","3.244407300e-02","3.419060000e-04","3.278614400e-02","3.167720741e-02","3.133513641e-02","1.108936586e-03","338.963536","342.663842","342.663842","6.014720201e-04","4.976319969e-04","9.832569406e-06","row","0","-1.000000000e+00","-1.000000"
"cuda_warp_smem(blk192)","32","double","local","local","16384","16384","20","1","1","1","12","1.949999999e-07","3.243462900e-02","3.876320000e-04","3.282245600e-02","3.171720322e-02","3.132937622e-02","1.105252779e-03","338.536099","342.726844","342.726844","6.045759916e-04","4.888640046e-04","1.181278305e-05","row","0","-1.000000000e+00","-1.000000"
"cuda_warp_smem(blk192)","32","double","local","local","16384","16384","20","1","1","1","13","1.730000001e-07","3.245580300e-02","3.621870000e-04","3.281816300e-02","3.171061516e-02","3.134825516e-02","1.107547843e-03","338.606432","342.520443","342.520443","5.902720094e-04","5.050560236e-04","1.221980956e-05","row","0","-1.000000000e+00","-1.000000"
"cuda_warp_smem(blk192)","32","double","local","local","16384","16384","20","1","1","1","14","2.179999998e-07","3.241988500e-02","3.419900000e-04","3.276209300e-02","3.166937551e-02","3.132716751e-02","1.092717489e-03","339.047363","342.751008","342.751008","5.899839997e-04","4.911360145e-04","1.159747482e-05","row","0","-1.000000000e+00","-1.000000"
"cuda_warp_smem(blk192)","32","double","local","local","16384","16384","20","1","1","1","15","1.740000002e-07","3.247688700e-02","3.486870000e-04","3.282574800e-02","3.170060470e-02","3.135174370e-02","1.125143302e-03","338.713357","342.482330","342.482330","6.126400232e-04","5.013440251e-04","1.115925351e-05","row","0","-1.000000000e+00","-1.000000"
"cuda_warp_smem(blk192)","32","double","local","local","16384","16384","20","1","1","1","16","1.589999998e-07","3.242652200e-02","3.466940000e-04","3.277337500e-02","3.167757390e-02","3.133072090e-02","1.095801099e-03","338.959615","342.712135","342.712135","5.994240046e-04","4.845440090e-04","1.183308499e-05","row","0","-1.000000000e+00","-1.000000"
"cuda_warp_smem(blk192)","32","double","local","local","16384","16384","20","1","1","1","17","3.430000000e-07","3.243379700e-02","3.762740000e-04","3.281041400e-02","3.171562533e-02","3.133900833e-02","1.094788669e-03","338.552941","342.621506","342.621506","6.009280086e-04","4.832960069e-04","1.056465323e-05","row","0","-1.000000000e+00","-1.000000"
"cuda_warp_smem(blk192)","32","double","local","local","16384","16384","20","1","1","1","18","1.859999998e-07","3.243169600e-02","3.488960000e-04","3.278077800e-02","3.168479443e-02","3.133571243e-02","1.095983567e-03","338.882370","342.657543","342.657543","6.023039818e-04","4.814400077e-04","1.223957767e-05","row","0","-1.000000000e+00","-1.000000"
"cuda_warp_smem(blk192)","32","double","local","local","16384","16384","20","1","1","1","19","1.570000001e-07","3.295798700e-02","9.505510000e-04","3.390869500e-02","3.228517112e-02","3.133446312e-02","1.623523880e-03","332.580496","342.671205","342.671205","5.962240100e-04","1.014719963e-03","1.257990743e-05","row","0","-1.000000000e+00","-1.000000"
"cuda_warp_smem(blk192)","32","double","local","local","16384","16384","20","1","1","1","20","1.530000002e-07","3.300126000e-02","3.496600000e-04","3.335107300e-02","3.169787742e-02","3.134806442e-02","1.653195577e-03","338.742500","342.522527","342.522527","1.145984054e-03","4.954240024e-04","1.178752137e-05","row","0","-1.000000000e+00","-1.000000"
"cuda_warp_smem(blk192)","32","double","local","local","16384","16384","32","1","1","1","1","2.490000002e-07","6.414780500e-02","5.744110000e-04","6.472246500e-02","6.286115521e-02","6.228649521e-02","1.861309791e-03","273.298655","275.820130","275.820130","9.646400213e-04","8.848959804e-04","1.177378958e-05","row","0","-1.000000000e+00","-1.000000"
"cuda_warp_smem(blk192)","32","double","local","local","16384","16384","32","1","1","1","2","1.789999999e-07","6.436908800e-02","5.903410000e-04","6.495960800e-02","6.307087049e-02","6.248035049e-02","1.888737506e-03","272.389917","274.964354","274.964354","9.946560264e-04","8.811839819e-04","1.289749736e-05","row","0","-1.000000000e+00","-1.000000"
"cuda_warp_smem(blk192)","32","double","local","local","16384","16384","32","1","1","1","3","2.150000000e-07","6.430765400e-02","6.085230000e-04","6.491639200e-02","6.304304128e-02","6.243430328e-02","1.873350716e-03","272.510159","275.167148","275.167148","9.765759706e-04","8.824959993e-04","1.427874632e-05","row","0","-1.000000000e+00","-1.000000"
"cuda_warp_smem(blk192)","32","double","local","local","16384","16384","32","1","1","1","4","1.820000000e-07","6.428327900e-02","5.788880000e-04","6.486234900e-02","6.300569430e-02","6.242662430e-02","1.856654702e-03","272.671691","275.200996","275.200996","9.649599791e-04","8.790079951e-04","1.268672772e-05","row","0","-1.000000000e+00","-1.000000"
"cuda_warp_smem(blk192)","32","double","local","local","16384","16384","32","1","1","1","5","2.790000000e-07","6.428014500e-02","5.725930000e-04","6.485301700e-02","6.298925765e-02","6.241638565e-02","1.863759349e-03","272.742843","275.246139","275.246139","9.741119742e-04","8.782079816e-04","1.143939354e-05","row","0","-1.000000000e+00","-1.000000"
"cuda_warp_smem(blk192)","32","double","local","local","16384","16384","32","1","1","1","6","1.850000002e-07","6.414477000e-02","5.655610000e-04","6.471051600e-02","6.284693115e-02","6.228118515e-02","1.863584850e-03","273.360511","275.843646","275.843646","9.804159999e-04","8.716160059e-04","1.155284407e-05","row","0","-1.000000000e+00","-1.000000"
"cuda_warp_smem(blk192)","32","double","local","local","16384","16384","32","1","1","1","7","2.370000001e-07","6.430017800e-02","5.715340000e-04","6.487194900e-02","6.300434623e-02","6.243257523e-02","1.867602774e-03","272.677525","275.174764","275.174764","9.764479995e-04","8.674880266e-04","2.366674807e-05","row","0","-1.000000000e+00","-1.000000"
"cuda_warp_smem(blk192)","32","double","local","local","16384","16384","32","1","1","1","8","1.809999999e-07","6.514510600e-02","5.765290000e-04","6.572181600e-02","6.298675944e-02","6.241004944e-02","2.735056562e-03","272.753660","275.274084","275.274084","1.867743969e-03","8.544960022e-04","1.281659036e-05","row","0","-1.000000000e+00","-1.000000"
"cuda_warp_smem(blk192)","32","double","local","local","16384","16384","32","1","1","1","9","1.770000000e-07","6.509710300e-02","1.578208000e-03","6.667548800e-02","6.396590484e-02","6.238751984e-02","2.709583164e-03","268.578538","275.373492","275.373492","9.810240269e-04","1.716063976e-03","1.249516042e-05","row","0","-1.000000000e+00","-1.000000"
"cuda_warp_smem(blk192)","32","double","local","local","16384","16384","32","1","1","1","10","9.980000000e-07","6.473745400e-02","6.076710000e-04","6.534612300e-02","6.288566180e-02","6.227699280e-02","2.460461202e-03","273.192151","275.862215","275.862215","9.911999702e-04","1.455487967e-03","1.377326537e-05","row","0","-1.000000000e+00","-1.000000"
"cuda_warp_smem(blk192)","32","double","local","local","16384","16384","32","1","1","1","11","1.809999999e-07","6.412865000e-02","5.884340000e-04","6.471726500e-02","6.289242130e-02","6.230380630e-02","1.824843695e-03","273.162789","275.743493","275.743493","9.643200040e-04","8.474239707e-04","1.309972038e-05","row","0","-1.000000000e+00","-1.000000"
"cuda_warp_smem(blk192)","32","double","local","local","16384","16384","32","1","1","1","12","1.809999999e-07","6.423175800e-02","5.906510000e-04","6.482259000e-02","6.297614313e-02","6.238531113e-02","1.846446873e-03","272.799640","275.383241","275.383241","9.832640290e-04","8.511679769e-04","1.201486741e-05","row","0","-1.000000000e+00","-1.000000"
"cuda_warp_smem(blk192)","32","double","local","local","16384","16384","32","1","1","1","13","1.980000000e-07","6.719356000e-02","8.133420000e-04","6.800710000e-02","6.605901577e-02","6.524547577e-02","1.948084231e-03","260.068501","263.311271","263.311271","9.672639966e-04","9.669439793e-04","1.387625509e-05","row","0","-1.000000000e+00","-1.000000"
"cuda_warp_smem(blk192)","32","double","local","local","16384","16384","32","1","1","1","14","2.330000002e-07","6.509241500e-02","1.565823000e-03","6.665847100e-02","6.382794260e-02","6.226188660e-02","2.830528403e-03","269.159062","275.929146","275.929146","1.000352025e-03","1.815104008e-03","1.507237057e-05","row","0","-1.000000000e+00","-1.000000"
"cuda_warp_smem(blk192)","32","double","local","local","16384","16384","32","1","1","1","15","1.044000000e-06","6.434421500e-02","5.869770000e-04","6.493223600e-02","6.300347586e-02","6.241545486e-02","1.928760135e-03","272.681292","275.250244","275.250244","1.036767960e-03","8.790079951e-04","1.298418077e-05","row","0","-1.000000000e+00","-1.000000"
"cuda_warp_smem(blk192)","32","double","local","local","16384","16384","32","1","1","1","16","1.999999997e-07","6.428927400e-02","6.137660000e-04","6.490324000e-02","6.301729394e-02","6.240332794e-02","1.885946058e-03","272.621500","275.303734","275.303734","1.007616043e-03","8.657600284e-04","1.256998665e-05","row","0","-1.000000000e+00","-1.000000"
"cuda_warp_smem(blk192)","32","double","local","local","16384","16384","32","1","1","1","17","3.180000001e-07","6.414084000e-02","5.776350000e-04","6.471879300e-02","6.284972729e-02","6.227177429e-02","1.869065708e-03","273.348349","275.885333","275.885333","9.986559749e-04","8.588479757e-04","1.156175741e-05","row","0","-1.000000000e+00","-1.000000"
"cuda_warp_smem(blk192)","32","double","local","local","16384","16384","32","1","1","1","18","1.740000002e-07","6.414132900e-02","5.784090000e-04","6.471991200e-02","6.286040520e-02","6.228182220e-02","1.859506795e-03","273.301916","275.840824","275.840824","9.825919867e-04","8.649280071e-04","1.198680163e-05","row","0","-1.000000000e+00","-1.000000"
"cuda_warp_smem(blk192)","32","double","local","local","16384","16384","32","1","1","1","19","1.790000002e-07","6.427826600e-02","5.561600000e-04","6.483460500e-02","6.297777912e-02","6.242144012e-02","1.856825875e-03","272.792554","275.223852","275.223852","9.801279902e-04","8.636479974e-04","1.304988786e-05","row","0","-1.000000000e+00","-1.000000"
"cuda_warp_smem(blk192)","32","double","local","local","16384","16384","32","1","1","1","20","2.019999998e-07","6.495610300e-02","1.556166000e-03","6.651247100e-02","6.383611119e-02","6.227974319e-02","2.676359805e-03","269.124620","275.850032","275.850032","9.729279876e-04","1.688735962e-03","1.469585593e-05","row","0","-1.000000000e+00","-1.000000"
"cuda_warp_smem","32","double","local","local","16384","16384","3","1","1","1","1","8.499999993e-08","5.630343000e-03","4.473100000e-05","5.675159000e-03","5.458864195e-03","5.414048195e-03","2.162948051e-04","295.045394","297.487698","297.487698","1.211519986e-04","8.505599946e-05","1.008680702e-05","row","0","-1.000000000e+00","-1.000000"
"cuda_warp_smem","32","double","local","local","16384","16384","3","1","1","1","2","1.070000000e-07","5.635970000e-03","4.431700000e-05","5.680394000e-03","5.465159836e-03","5.420735836e-03","2.152341640e-04","294.705514","297.120683","297.120683","1.193920001e-04","8.739200234e-05","8.450161488e-06","row","0","-1.000000000e+00","-1.000000"
"cuda_warp_smem","32","double","local","local","16384","16384","3","1","1","1","3","1.070000000e-07","5.626644000e-03","4.420600000e-05","5.670957000e-03","5.457656906e-03","5.413343906e-03","2.133000936e-04","295.110661","297.526402","297.526402","1.196800023e-04","8.387199789e-05","9.748093373e-06","row","0","-1.000000000e+00","-1.000000"
"cuda_warp_smem","32","double","local","local","16384","16384","3","1","1","1","4","1.110000001e-07","5.635419000e-03","4.358600000e-05","5.679116000e-03","5.461168886e-03","5.417471886e-03","2.179471143e-04","294.920880","297.299694","297.299694","1.182399988e-04","9.081599861e-05","8.891116887e-06","row","0","-1.000000000e+00","-1.000000"
"cuda_warp_smem","32","double","local","local","16384","16384","3","1","1","1","5","1.139999999e-07","5.636815000e-03","4.338000000e-05","5.680309000e-03","5.469414010e-03","5.425920010e-03","2.108949904e-04","294.476288","296.836801","296.836801","1.189119965e-04","8.217599988e-05","9.806994023e-06","row","0","-1.000000000e+00","-1.000000"
"cuda_warp_smem","32","double","local","local","16384","16384","3","1","1","1","6","1.120000002e-07","5.661215000e-03","4.364300000e-05","5.704970000e-03","5.489994948e-03","5.446239948e-03","2.149750517e-04","293.372353","295.729302","295.729302","1.190399975e-04","8.643200248e-05","9.503051784e-06","row","0","-1.000000000e+00","-1.000000"
"cuda_warp_smem","32","double","local","local","16384","16384","3","1","1","1","7","8.500000015e-08","5.660352000e-03","4.449100000e-05","5.704928000e-03","5.487551998e-03","5.442975998e-03","2.173760021e-04","293.502957","295.906639","295.906639","1.184000000e-04","9.036800265e-05","8.607999386e-06","row","0","-1.000000000e+00","-1.000000"
"cuda_warp_smem","32","double","local","local","16384","16384","3","1","1","1","8","8.299999998e-08","5.628404000e-03","4.399300000e-05","5.672480000e-03","5.456523929e-03","5.412447929e-03","2.159560706e-04","295.171937","297.575655","297.575655","1.187200025e-04","8.889599890e-05","8.340069250e-06","row","0","-1.000000000e+00","-1.000000"
"cuda_warp_smem","32","double","local","local","16384","16384","3","1","1","1","9","8.400000007e-08","5.658856000e-03","4.368400000e-05","5.702624000e-03","5.490007948e-03","5.446239948e-03","2.126160517e-04","293.371658","295.729302","295.729302","1.181119978e-04","8.454400301e-05","9.960050875e-06","row","0","-1.000000000e+00","-1.000000"
"cuda_warp_smem","32","double","local","local","16384","16384","3","1","1","1","10","1.089999999e-07","5.625503000e-03","4.386000000e-05","5.669472000e-03","5.451968992e-03","5.407999992e-03","2.175030076e-04","295.418543","297.820403","297.820403","1.222079992e-04","8.614400029e-05","9.151008108e-06","row","0","-1.000000000e+00","-1.000000"
"cuda_warp_smem","32","double","local","local","16384","16384","3","1","1","1","11","8.499999993e-08","5.637130000e-03","4.341500000e-05","5.680630000e-03","5.465292030e-03","5.421792030e-03","2.153379697e-04","294.698385","297.062803","297.062803","1.193599999e-04","8.736000210e-05","8.617967670e-06","row","0","-1.000000000e+00","-1.000000"
"cuda_warp_smem","32","double","local","local","16384","16384","3","1","1","1","12","8.299999998e-08","5.621367000e-03","4.408000000e-05","5.665530000e-03","5.453507196e-03","5.409344196e-03","2.120228037e-04","295.335218","297.746395","297.746395","1.182719991e-04","8.419200033e-05","9.558804290e-06","row","0","-1.000000000e+00","-1.000000"
"cuda_warp_smem","32","double","local","local","16384","16384","3","1","1","1","13","8.499999993e-08","5.638262000e-03","4.366000000e-05","5.682007000e-03","5.468705136e-03","5.424960136e-03","2.133018636e-04","294.514459","296.889322","296.889322","1.216000021e-04","8.332800120e-05","8.373860335e-06","row","0","-1.000000000e+00","-1.000000"
"cuda_warp_smem","32","double","local","local","16384","16384","3","1","1","1","14","8.400000007e-08","5.641458000e-03","4.422300000e-05","5.685765000e-03","5.473651177e-03","5.429344177e-03","2.121138228e-04","294.248333","296.649592","296.649592","1.188480034e-04","8.352000266e-05","9.745816644e-06","row","0","-1.000000000e+00","-1.000000"
"cuda_warp_smem","32","double","local","local","16384","16384","3","1","1","1","15","8.499999993e-08","5.658109000e-03","4.474100000e-05","5.702935000e-03","5.480249851e-03","5.435423851e-03","2.226851490e-04","293.894034","296.317781","296.317781","1.200319976e-04","9.238400310e-05","1.026914832e-05","row","0","-1.000000000e+00","-1.000000"
"cuda_warp_smem","32","double","local","local","16384","16384","3","1","1","1","16","1.020000000e-07","5.635241000e-03","4.429900000e-05","5.679642000e-03","5.455249141e-03","5.410848141e-03","2.243928593e-04","295.240913","297.663637","297.663637","1.201279983e-04","9.587199986e-05","8.392861131e-06","row","0","-1.000000000e+00","-1.000000"
"cuda_warp_smem","32","double","local","local","16384","16384","3","1","1","1","17","1.119999999e-07","5.644695000e-03","4.343200000e-05","5.688239000e-03","5.475063985e-03","5.431519985e-03","2.131750148e-04","294.172404","296.530758","296.530758","1.203840002e-04","8.396799862e-05","8.823015935e-06","row","0","-1.000000000e+00","-1.000000"
"cuda_warp_smem","32","double","local","local","16384","16384","3","1","1","1","18","1.040000002e-07","5.626910000e-03","4.436500000e-05","5.671379000e-03","5.460724951e-03","5.416255951e-03","2.106540491e-04","294.944856","297.366437","297.366437","1.190399975e-04","8.198399842e-05","9.630053196e-06","row","0","-1.000000000e+00","-1.000000"
"cuda_warp_smem","32","double","local","local","16384","16384","3","1","1","1","19","1.000000001e-07","5.616323000e-03","4.470000000e-05","5.661123000e-03","5.448127942e-03","5.403327942e-03","2.129950581e-04","295.626820","298.077917","298.077917","1.189119965e-04","8.416000009e-05","9.923061536e-06","row","0","-1.000000000e+00","-1.000000"
"cuda_warp_smem","32","double","local","local","16384","16384","3","1","1","1","20","1.040000002e-07","5.642403000e-03","4.350300000e-05","5.686010000e-03","5.470838789e-03","5.427231789e-03","2.151712114e-04","294.399597","296.765054","296.765054","1.200639978e-04","8.624000102e-05","8.867212537e-06","row","0","-1.000000000e+00","-1.000000"
"cuda_warp_smem","32","double","local","local","16384","16384","6","1","1","1","1","2.560000001e-07","9.794528000e-03","8.757300000e-05","9.882357000e-03","9.458293325e-03","9.370464325e-03","4.240636750e-04","340.571535","343.763698","343.763698","2.324160039e-04","1.814399958e-04","1.020767534e-05","row","0","-1.000000000e+00","-1.000000"
"cuda_warp_smem","32","double","local","local","16384","16384","6","1","1","1","2","2.630000000e-07","9.799146000e-03","9.283000000e-05","9.892239000e-03","9.468484960e-03","9.375391960e-03","4.237540399e-04","340.204952","343.583019","343.583019","2.318399996e-04","1.818239987e-04","1.009004161e-05","row","0","-1.000000000e+00","-1.000000"
"cuda_warp_smem","32","double","local","local","16384","16384","6","1","1","1","3","2.960000001e-07","9.793900000e-03","8.798600000e-05","9.882182000e-03","9.461466204e-03","9.373184204e-03","4.207157959e-04","340.457325","343.663946","343.663946","2.314880043e-04","1.790080070e-04","1.021978452e-05","row","0","-1.000000000e+00","-1.000000"
"cuda_warp_smem","32","double","local","local","16384","16384","6","1","1","1","4","2.670000001e-07","9.792921000e-03","8.979700000e-05","9.882985000e-03","9.458448361e-03","9.368384361e-03","4.245366387e-04","340.565952","343.840021","343.840021","2.352319956e-04","1.792320013e-04","1.007264185e-05","row","0","-1.000000000e+00","-1.000000"
"cuda_warp_smem","32","double","local","local","16384","16384","6","1","1","1","5","2.560000001e-07","9.788696000e-03","8.890200000e-05","9.877854000e-03","9.461478175e-03","9.372320175e-03","4.163758248e-04","340.456894","343.695628","343.695628","2.306880057e-04","1.763200015e-04","9.367817660e-06","row","0","-1.000000000e+00","-1.000000"
"cuda_warp_smem","32","double","local","local","16384","16384","6","1","1","1","6","2.720000001e-07","9.785649000e-03","8.776900000e-05","9.873690000e-03","9.458824806e-03","9.370783806e-03","4.148651942e-04","340.552398","343.751978","343.751978","2.325440049e-04","1.726399958e-04","9.681193422e-06","row","0","-1.000000000e+00","-1.000000"
"cuda_warp_smem","32","double","local","local","16384","16384","6","1","1","1","7","2.500000000e-07","9.794971000e-03","8.763400000e-05","9.882855000e-03","9.460940412e-03","9.373056412e-03","4.219145883e-04","340.476246","343.668632","343.668632","2.316479981e-04","1.800000072e-04","1.026658301e-05","row","0","-1.000000000e+00","-1.000000"
"cuda_warp_smem","32","double","local","local","16384","16384","6","1","1","1","8","2.589999999e-07","9.787604000e-03","8.904100000e-05","9.876904000e-03","9.459476315e-03","9.370176315e-03","4.174276847e-04","340.528943","343.774265","343.774265","2.310079932e-04","1.768639982e-04","9.555693296e-06","row","0","-1.000000000e+00","-1.000000"
"cuda_warp_smem","32","double","local","local","16384","16384","6","1","1","1","9","2.440000000e-07","9.756792000e-03","8.856700000e-05","9.845603000e-03","9.432170947e-03","9.343359947e-03","4.134320528e-04","341.514747","344.760931","344.760931","2.308479995e-04","1.735039949e-04","9.080058400e-06","row","0","-1.000000000e+00","-1.000000"
"cuda_warp_smem","32","double","local","local","16384","16384","6","1","1","1","10","2.710000000e-07","9.762405000e-03","9.511500000e-05","9.857791000e-03","9.438394041e-03","9.343008041e-03","4.193969586e-04","341.289573","344.773916","344.773916","2.344640046e-04","1.752319932e-04","9.700960784e-06","row","0","-1.000000000e+00","-1.000000"
"cuda_warp_smem","32","double","local","local","16384","16384","6","1","1","1","11","2.520000000e-07","9.759398000e-03","8.812000000e-05","9.847770000e-03","9.431668051e-03","9.343296051e-03","4.161019490e-04","341.532956","344.763289","344.763289","2.309439927e-04","1.763519943e-04","8.805961965e-06","row","0","-1.000000000e+00","-1.000000"
"cuda_warp_smem","32","double","local","local","16384","16384","6","1","1","1","12","2.600000000e-07","9.760137000e-03","8.840300000e-05","9.848800000e-03","9.434551138e-03","9.345888138e-03","4.142488622e-04","341.428588","344.667668","344.667668","2.357439995e-04","1.686400026e-04","9.864860093e-06","row","0","-1.000000000e+00","-1.000000"
"cuda_warp_smem","32","double","local","local","16384","16384","6","1","1","1","13","2.600000000e-07","9.754419000e-03","8.857100000e-05","9.843250000e-03","9.431806616e-03","9.342975616e-03","4.114433835e-04","341.527939","344.775113","344.775113","2.302079946e-04","1.709759980e-04","1.025939092e-05","row","0","-1.000000000e+00","-1.000000"
"cuda_warp_smem","32","double","local","local","16384","16384","6","1","1","1","14","2.550000000e-07","9.753454000e-03","8.976700000e-05","9.843476000e-03","9.433509740e-03","9.343487740e-03","4.099662604e-04","341.466279","344.756215","344.756215","2.311680019e-04","1.694079936e-04","9.390264992e-06","row","0","-1.000000000e+00","-1.000000"
"cuda_warp_smem","32","double","local","local","16384","16384","6","1","1","1","15","2.470000000e-07","9.754128000e-03","8.833800000e-05","9.842713000e-03","9.432936768e-03","9.344351768e-03","4.097762315e-04","341.487021","344.724337","344.724337","2.313279957e-04","1.688960046e-04","9.552231291e-06","row","0","-1.000000000e+00","-1.000000"
"cuda_warp_smem","32","double","local","local","16384","16384","6","1","1","1","16","2.350000001e-07","9.763600000e-03","8.834400000e-05","9.852179000e-03","9.435779394e-03","9.347200394e-03","4.163996063e-04","341.384144","344.619280","344.619280","2.316800058e-04","1.740480065e-04","1.067159400e-05","row","0","-1.000000000e+00","-1.000000"
"cuda_warp_smem","32","double","local","local","16384","16384","6","1","1","1","17","2.790000000e-07","9.753723000e-03","8.888400000e-05","9.842886000e-03","9.433738882e-03","9.344575882e-03","4.091471180e-04","341.457985","344.716070","344.716070","2.305279970e-04","1.698240042e-04","8.795116852e-06","row","0","-1.000000000e+00","-1.000000"
"cuda_warp_smem","32","double","local","local","16384","16384","6","1","1","1","18","2.540000001e-07","1.487763400e-02","9.279700000e-05","1.497068500e-02","9.438075109e-03","9.345024109e-03","5.532609891e-03","341.301106","344.699536","344.699536","2.345280051e-04","5.288191795e-03","9.890090641e-06","row","0","-1.000000000e+00","-1.000000"
"cuda_warp_smem","32","double","local","local","16384","16384","6","1","1","1","19","2.470000000e-07","9.764756000e-03","8.898900000e-05","9.853992000e-03","9.423091629e-03","9.333855629e-03","4.309003710e-04","341.843802","345.111988","345.111988","2.387199998e-04","1.818239987e-04","1.035637255e-05","row","0","-1.000000000e+00","-1.000000"
"cuda_warp_smem","32","double","local","local","16384","16384","6","1","1","1","20","2.120000000e-07","9.742090000e-03","8.903900000e-05","9.831341000e-03","9.418691117e-03","9.329440117e-03","4.126498831e-04","342.003515","345.275325","345.275325","2.339839935e-04","1.684799939e-04","1.018589565e-05","row","0","-1.000000000e+00","-1.000000"
"cuda_warp_smem","32","double","local","local","16384","16384","8","1","1","1","1","8.799999995e-08","1.304550800e-02","1.189240000e-04","1.316452000e-02","1.259898007e-02","1.247996807e-02","5.655399290e-04","340.898015","344.148901","344.148901","3.047679961e-04","2.496960014e-04","1.107593153e-05","row","0","-1.000000000e+00","-1.000000"
"cuda_warp_smem","32","double","local","local","16384","16384","8","1","1","1","2","1.130000000e-07","1.303789100e-02","1.187370000e-04","1.315674100e-02","1.259638620e-02","1.247753620e-02","5.603547985e-04","340.968213","344.215976","344.215976","3.075839877e-04","2.426560074e-04","1.011480340e-05","row","0","-1.000000000e+00","-1.000000"
"cuda_warp_smem","32","double","local","local","16384","16384","8","1","1","1","3","1.100000002e-07","1.304404700e-02","1.236500000e-04","1.316780700e-02","1.260011174e-02","1.247635174e-02","5.676952620e-04","340.867397","344.248654","344.248654","3.101440072e-04","2.477439940e-04","9.807260820e-06","row","0","-1.000000000e+00","-1.000000"
"cuda_warp_smem","32","double","local","local","16384","16384","8","1","1","1","4","1.049999998e-07","1.304324400e-02","1.196980000e-04","1.316304700e-02","1.259676318e-02","1.247696018e-02","5.662838178e-04","340.958009","344.231867","344.231867","3.076159954e-04","2.484800071e-04","1.018781535e-05","row","0","-1.000000000e+00","-1.000000"
"cuda_warp_smem","32","double","local","local","16384","16384","8","1","1","1","5","1.100000000e-07","1.304301800e-02","1.201030000e-04","1.316323100e-02","1.259890124e-02","1.247868824e-02","5.643297599e-04","340.900148","344.184197","344.184197","3.071680069e-04","2.470400035e-04","1.012174951e-05","row","0","-1.000000000e+00","-1.000000"
"cuda_warp_smem","32","double","local","local","16384","16384","8","1","1","1","6","1.500000000e-07","1.303434300e-02","1.187140000e-04","1.315320700e-02","1.259521574e-02","1.247635174e-02","5.579912620e-04","340.999899","344.248654","344.248654","3.086720109e-04","2.380799949e-04","1.123925621e-05","row","0","-1.000000000e+00","-1.000000"
"cuda_warp_smem","32","double","local","local","16384","16384","8","1","1","1","7","1.300000001e-07","1.302276800e-02","1.182930000e-04","1.314119100e-02","1.258479072e-02","1.246636772e-02","5.564002784e-04","341.282377","344.524355","344.524355","3.070720136e-04","2.383999974e-04","1.092826747e-05","row","0","-1.000000000e+00","-1.000000"
"cuda_warp_smem","32","double","local","local","16384","16384","8","1","1","1","8","1.270000001e-07","1.301485100e-02","1.200130000e-04","1.313499100e-02","1.258279602e-02","1.246265602e-02","5.521949789e-04","341.336479","344.626963","344.626963","3.088319898e-04","2.338880002e-04","9.474988867e-06","row","0","-1.000000000e+00","-1.000000"
"cuda_warp_smem","32","double","local","local","16384","16384","8","1","1","1","9","1.340000000e-07","1.301839700e-02","1.194990000e-04","1.313803000e-02","1.258404855e-02","1.246441555e-02","5.539814498e-04","341.302505","344.578314","344.578314","3.094399869e-04","2.348159999e-04","9.725462959e-06","row","0","-1.000000000e+00","-1.000000"
"cuda_warp_smem","32","double","local","local","16384","16384","8","1","1","1","10","1.050000000e-07","1.302768400e-02","1.243410000e-04","1.315213000e-02","1.258556565e-02","1.246111965e-02","5.665643482e-04","341.261364","344.669453","344.669453","3.133440018e-04","2.422399968e-04","1.098034964e-05","row","0","-1.000000000e+00","-1.000000"
"cuda_warp_smem","32","double","local","local","16384","16384","8","1","1","1","11","1.169999999e-07","1.300979500e-02","1.178440000e-04","1.312775600e-02","1.258128936e-02","1.246332836e-02","5.464666385e-04","341.377356","344.608372","344.608372","3.075200021e-04","2.288320065e-04","1.011462991e-05","row","0","-1.000000000e+00","-1.000000"
"cuda_warp_smem","32","double","local","local","16384","16384","8","1","1","1","12","1.240000000e-07","1.301938900e-02","1.187140000e-04","1.313822700e-02","1.258501403e-02","1.246617603e-02","5.532129670e-04","341.276322","344.529652","344.529652","3.090560138e-04","2.331839949e-04","1.097295827e-05","row","0","-1.000000000e+00","-1.000000"
"cuda_warp_smem","32","double","local","local","16384","16384","8","1","1","1","13","1.259999998e-07","1.653675300e-02","1.256140000e-04","1.666249300e-02","1.258983607e-02","1.246409607e-02","4.072656931e-03","341.145609","344.587146","344.587146","3.068479896e-04","3.754656076e-03","1.115286467e-05","row","0","-1.000000000e+00","-1.000000"
"cuda_warp_smem","32","double","local","local","16384","16384","8","1","1","1","14","1.360000002e-07","1.302784700e-02","1.189850000e-04","1.314696800e-02","1.258472101e-02","1.246560001e-02","5.622469863e-04","341.284268","344.545573","344.545573","3.086720109e-04","2.429759949e-04","1.059898042e-05","row","0","-1.000000000e+00","-1.000000"
"cuda_warp_smem","32","double","local","local","16384","16384","8","1","1","1","15","1.430000001e-07","1.300758700e-02","1.189290000e-04","1.312665900e-02","1.257888035e-02","1.245980835e-02","5.477786504e-04","341.442734","344.705727","344.705727","3.065280020e-04","2.310079932e-04","1.024265515e-05","row","0","-1.000000000e+00","-1.000000"
"cuda_warp_smem","32","double","local","local","16384","16384","8","1","1","1","16","1.279999999e-07","1.301298300e-02","1.206330000e-04","1.313374400e-02","1.258786496e-02","1.246710396e-02","5.458790419e-04","341.199029","344.504009","344.504009","3.070720136e-04","2.287040055e-04","1.010302277e-05","row","0","-1.000000000e+00","-1.000000"
"cuda_warp_smem","32","double","local","local","16384","16384","8","1","1","1","17","1.310000000e-07","1.300147700e-02","1.186650000e-04","1.312027300e-02","1.257918037e-02","1.246038437e-02","5.410926311e-04","341.434590","344.689792","344.689792","3.032639921e-04","2.271679938e-04","1.066064525e-05","row","0","-1.000000000e+00","-1.000000"
"cuda_warp_smem","32","double","local","local","16384","16384","8","1","1","1","18","1.279999999e-07","1.300550600e-02","1.185250000e-04","1.312415900e-02","1.258066911e-02","1.246201611e-02","5.434898943e-04","341.394187","344.644659","344.644659","3.048320115e-04","2.287040055e-04","9.953877407e-06","row","0","-1.000000000e+00","-1.000000"
"cuda_warp_smem","32","double","local","local","16384","16384","8","1","1","1","19","1.280000002e-07","1.299797500e-02","1.194150000e-04","1.311751800e-02","1.258146278e-02","1.246191978e-02","5.360552155e-04","341.372650","344.647323","344.647323","3.055360019e-04","2.198079973e-04","1.071121619e-05","row","0","-1.000000000e+00","-1.000000"
"cuda_warp_smem","32","double","local","local","16384","16384","8","1","1","1","20","1.320000000e-07","1.300467100e-02","1.190420000e-04","1.312384500e-02","1.258205413e-02","1.246288013e-02","5.417908654e-04","341.356606","344.620766","344.620766","3.122560084e-04","2.190719992e-04","1.046285784e-05","row","0","-1.000000000e+00","-1.000000"
"cuda_warp_smem","32","double","local","local","16384","16384","20","1","1","1","1","1.699999999e-07","3.233090200e-02","2.969320000e-04","3.262800400e-02","3.152878192e-02","3.123167992e-02","1.099222084e-03","340.559247","343.798933","343.798933","5.863360167e-04","5.017600060e-04","1.112606101e-05","row","0","-1.000000000e+00","-1.000000"
"cuda_warp_smem","32","double","local","local","16384","16384","20","1","1","1","2","1.600000001e-07","3.230671000e-02","2.958550000e-04","3.260272500e-02","3.149483130e-02","3.119881630e-02","1.107893701e-03","340.926361","344.161078","344.161078","5.990719795e-04","4.991039932e-04","9.717727861e-06","row","0","-1.000000000e+00","-1.000000"
"cuda_warp_smem","32","double","local","local","16384","16384","20","1","1","1","3","1.869999999e-07","3.229728400e-02","3.108750000e-04","3.260834600e-02","3.150312629e-02","3.119206429e-02","1.105219715e-03","340.836593","344.235577","344.235577","5.988159776e-04","4.946239889e-04","1.177974828e-05","row","0","-1.000000000e+00","-1.000000"
"cuda_warp_smem","32","double","local","local","16384","16384","20","1","1","1","4","1.700000001e-07","3.229538500e-02","2.976800000e-04","3.259323500e-02","3.148921047e-02","3.119136047e-02","1.104024526e-03","340.987217","344.243344","344.243344","5.918080211e-04","5.013440251e-04","1.087248016e-05","row","0","-1.000000000e+00","-1.000000"
"cuda_warp_smem","32","double","local","local","16384","16384","20","1","1","1","5","1.720000000e-07","3.228417300e-02","2.981450000e-04","3.258249000e-02","3.149111752e-02","3.119280052e-02","1.091372478e-03","340.966567","344.227452","344.227452","5.997760296e-04","4.811840057e-04","1.041244283e-05","row","0","-1.000000000e+00","-1.000000"
"cuda_warp_smem","32","double","local","local","16384","16384","20","1","1","1","6","2.029999999e-07","3.227158700e-02","2.971170000e-04","3.256890700e-02","3.148711263e-02","3.118979263e-02","1.081794367e-03","341.009935","344.260649","344.260649","5.912640095e-04","4.789440036e-04","1.158635389e-05","row","0","-1.000000000e+00","-1.000000"
"cuda_warp_smem","32","double","local","local","16384","16384","20","1","1","1","7","1.940000001e-07","3.225415900e-02","2.944160000e-04","3.254876900e-02","3.146542642e-02","3.117081642e-02","1.083342578e-03","341.244962","344.470228","344.470228","5.961920023e-04","4.769600034e-04","1.019057282e-05","row","0","-1.000000000e+00","-1.000000"
"cuda_warp_smem","32","double","local","local","16384","16384","20","1","1","1","8","1.760000001e-07","3.228227400e-02","2.983790000e-04","3.258082900e-02","3.150405846e-02","3.120550346e-02","1.076770536e-03","340.826508","344.087326","344.087326","5.920320153e-04","4.731200039e-04","1.161851699e-05","row","0","-1.000000000e+00","-1.000000"
"cuda_warp_smem","32","double","local","local","16384","16384","20","1","1","1","9","1.740000000e-07","3.226807300e-02","2.970460000e-04","3.256529300e-02","3.148381210e-02","3.118659210e-02","1.081480898e-03","341.045684","344.295978","344.295978","5.929920077e-04","4.773440063e-04","1.114488392e-05","row","0","-1.000000000e+00","-1.000000"
"cuda_warp_smem","32","double","local","local","16384","16384","20","1","1","1","10","1.740000000e-07","3.226732700e-02","3.020720000e-04","3.256957300e-02","3.149987784e-02","3.119763184e-02","1.069695164e-03","340.871742","344.174144","344.174144","5.901439786e-04","4.697920084e-04","9.759177067e-06","row","0","-1.000000000e+00","-1.000000"
"cuda_warp_smem","32","double","local","local","16384","16384","20","1","1","1","11","1.699999999e-07","3.347501700e-02","3.098070000e-04","3.378499400e-02","3.149717755e-02","3.118720055e-02","2.287816454e-03","340.900966","344.289261","344.289261","5.850560069e-04","1.692064047e-03","1.069639997e-05","row","0","-1.000000000e+00","-1.000000"
"cuda_warp_smem","32","double","local","local","16384","16384","20","1","1","1","12","5.490000001e-07","3.227897100e-02","3.002440000e-04","3.257976400e-02","3.146152908e-02","3.116073608e-02","1.118234916e-03","341.287234","344.581662","344.581662","6.013119817e-04","5.062720180e-04","1.065091638e-05","row","0","-1.000000000e+00","-1.000000"
"cuda_warp_smem","32","double","local","local","16384","16384","20","1","1","1","13","1.759999999e-07","3.231822500e-02","3.019350000e-04","3.262033600e-02","3.152828631e-02","3.122617531e-02","1.092049692e-03","340.564601","343.859539","343.859539","5.924159884e-04","4.884479940e-04","1.118570933e-05","row","0","-1.000000000e+00","-1.000000"
"cuda_warp_smem","32","double","local","local","16384","16384","20","1","1","1","14","1.740000002e-07","3.228671600e-02","2.950250000e-04","3.258191500e-02","3.149676760e-02","3.120156860e-02","1.085147396e-03","340.905403","344.130719","344.130719","5.916159749e-04","4.825280011e-04","1.100342051e-05","row","0","-1.000000000e+00","-1.000000"
"cuda_warp_smem","32","double","local","local","16384","16384","20","1","1","1","15","1.780000001e-07","3.227353000e-02","2.988040000e-04","3.257251200e-02","3.149411712e-02","3.119513512e-02","1.078394883e-03","340.934093","344.201690","344.201690","5.957120061e-04","4.717119932e-04","1.097088411e-05","row","0","-1.000000000e+00","-1.000000"
"cuda_warp_smem","32","double","local","local","16384","16384","20","1","1","1","16","1.809999999e-07","3.229799800e-02","2.971310000e-04","3.259531000e-02","3.151529525e-02","3.121798325e-02","1.080014754e-03","340.704986","343.949773","343.949773","5.916799903e-04","4.774079919e-04","1.092677197e-05","row","0","-1.000000000e+00","-1.000000"
"cuda_warp_smem","32","double","local","local","16384","16384","20","1","1","1","17","1.789999997e-07","3.228367500e-02","2.932930000e-04","3.257714700e-02","3.149750490e-02","3.120403290e-02","1.079642102e-03","340.897423","344.103542","344.103542","5.973759890e-04","4.720000029e-04","1.026611023e-05","row","0","-1.000000000e+00","-1.000000"
"cuda_warp_smem","32","double","local","local","16384","16384","20","1","1","1","18","1.789999997e-07","3.228847600e-02","2.962380000e-04","3.258489300e-02","3.151388908e-02","3.121747208e-02","1.071003924e-03","340.720189","343.955405","343.955405","5.950080156e-04","4.647360146e-04","1.125989335e-05","row","0","-1.000000000e+00","-1.000000"
"cuda_warp_smem","32","double","local","local","16384","16384","20","1","1","1","19","1.959999998e-07","3.280014800e-02","8.788530000e-04","3.367919700e-02","3.208746499e-02","3.120841599e-02","1.591732015e-03","334.629683","344.055214","344.055214","5.897279978e-04","9.905279875e-04","1.147602963e-05","row","0","-1.000000000e+00","-1.000000"
"cuda_warp_smem","32","double","local","local","16384","16384","20","1","1","1","20","1.730000001e-07","3.279204700e-02","2.984350000e-04","3.309065500e-02","3.148734396e-02","3.118873596e-02","1.603311038e-03","341.007430","344.272312","344.272312","1.109344006e-03","4.824320078e-04","1.153502471e-05","row","0","-1.000000000e+00","-1.000000"
"cuda_warp_smem","32","double","local","local","16384","16384","32","1","1","1","1","3.500000001e-07","5.299223900e-02","5.888760000e-04","5.358146500e-02","5.174474739e-02","5.115552139e-02","1.836717607e-03","332.011848","335.836068","335.836068","9.593600035e-04","8.640319705e-04","1.332563321e-05","row","0","-1.000000000e+00","-1.000000"
"cuda_warp_smem","32","double","local","local","16384","16384","32","1","1","1","2","2.939999999e-07","5.300838600e-02","5.668290000e-04","5.357550900e-02","5.172686726e-02","5.115974426e-02","1.848641737e-03","332.126612","335.808348","335.808348","9.604799747e-04","8.768640161e-04","1.129774650e-05","row","0","-1.000000000e+00","-1.000000"
"cuda_warp_smem","32","double","local","local","16384","16384","32","1","1","1","3","3.970000000e-07","5.301248700e-02","5.842990000e-04","5.359718300e-02","5.174632854e-02","5.116163254e-02","1.850854462e-03","332.001703","335.795954","335.795954","9.854720235e-04","8.524479866e-04","1.293445207e-05","row","0","-1.000000000e+00","-1.000000"
"cuda_warp_smem","32","double","local","local","16384","16384","32","1","1","1","4","2.740000000e-07","5.299970400e-02","5.674900000e-04","5.356746800e-02","5.173045321e-02","5.116268921e-02","1.837014791e-03","332.103589","335.789018","335.789018","9.710400105e-04","8.537920117e-04","1.218276883e-05","row","0","-1.000000000e+00","-1.000000"
"cuda_warp_smem","32","double","local","local","16384","16384","32","1","1","1","5","2.079999999e-07","5.297414600e-02","6.027430000e-04","5.357709700e-02","5.175760646e-02","5.115465546e-02","1.819490543e-03","331.929360","335.841753","335.841753","9.568960071e-04","8.508800268e-04","1.171450958e-05","row","0","-1.000000000e+00","-1.000000"
"cuda_warp_smem","32","double","local","local","16384","16384","32","1","1","1","6","1.940000001e-07","5.300960900e-02","5.727270000e-04","5.358253000e-02","5.174501725e-02","5.117209625e-02","1.837512748e-03","332.010116","335.727290","335.727290","9.575359821e-04","8.675199747e-04","1.245679072e-05","row","0","-1.000000000e+00","-1.000000"
"cuda_warp_smem","32","double","local","local","16384","16384","32","1","1","1","7","2.439999998e-07","5.299651200e-02","5.632030000e-04","5.355995900e-02","5.173170185e-02","5.116825485e-02","1.828257148e-03","332.095573","335.752494","335.752494","9.629120231e-04","8.527680039e-04","1.257712070e-05","row","0","-1.000000000e+00","-1.000000"
"cuda_warp_smem","32","double","local","local","16384","16384","32","1","1","1","8","1.439999999e-07","5.299647600e-02","5.667810000e-04","5.356340100e-02","5.173281474e-02","5.116588974e-02","1.830586260e-03","332.088429","335.768014","335.768014","9.674879909e-04","8.511999846e-04","1.189828460e-05","row","0","-1.000000000e+00","-1.000000"
"cuda_warp_smem","32","double","local","local","16384","16384","32","1","1","1","9","1.849999998e-07","5.299611800e-02","5.557310000e-04","5.355203400e-02","5.172110002e-02","5.116518402e-02","1.830933979e-03","332.163647","335.772645","335.772645","9.682239890e-04","8.514239788e-04","1.128601119e-05","row","0","-1.000000000e+00","-1.000000"
"cuda_warp_smem","32","double","local","local","16384","16384","32","1","1","1","10","1.610000000e-07","5.299606600e-02","5.883790000e-04","5.358460600e-02","5.175190060e-02","5.116336060e-02","1.832705404e-03","331.965957","335.784612","335.784612","9.670400023e-04","8.516160250e-04","1.404937698e-05","row","0","-1.000000000e+00","-1.000000"
"cuda_warp_smem","32","double","local","local","16384","16384","32","1","1","1","11","2.050000001e-07","5.383163500e-02","5.736890000e-04","5.440552900e-02","5.174736736e-02","5.117347336e-02","2.658161642e-03","331.995038","335.718255","335.718255","1.803135991e-03","8.430079818e-04","1.201766897e-05","row","0","-1.000000000e+00","-1.000000"
"cuda_warp_smem","32","double","local","local","16384","16384","32","1","1","1","12","1.840000001e-07","5.384410500e-02","1.541322000e-03","5.538561100e-02","5.271629161e-02","5.117478561e-02","2.669319386e-03","325.892976","335.709646","335.709646","9.568319917e-04","1.699327946e-03","1.315944860e-05","row","0","-1.000000000e+00","-1.000000"
"cuda_warp_smem","32","double","local","local","16384","16384","32","1","1","1","13","9.619999997e-07","5.299563500e-02","5.626110000e-04","5.355920800e-02","5.171838867e-02","5.115481567e-02","1.840819326e-03","332.181060","335.840702","335.840702","9.977920055e-04","8.299199939e-04","1.310732676e-05","row","0","-1.000000000e+00","-1.000000"
"cuda_warp_smem","32","double","local","local","16384","16384","32","1","1","1","14","2.229999998e-07","5.296082500e-02","5.618250000e-04","5.352287300e-02","5.172643093e-02","5.116438293e-02","1.796442065e-03","332.129414","335.777902","335.777902","9.567360282e-04","8.275200129e-04","1.218602438e-05","row","0","-1.000000000e+00","-1.000000"
"cuda_warp_smem","32","double","local","local","16384","16384","32","1","1","1","15","1.059999999e-07","5.296801200e-02","5.733110000e-04","5.354142900e-02","5.173127299e-02","5.115785599e-02","1.810156012e-03","332.098326","335.820743","335.820743","9.603520036e-04","8.374080062e-04","1.239600269e-05","row","0","-1.000000000e+00","-1.000000"
"cuda_warp_smem","32","double","local","local","16384","16384","32","1","1","1","16","1.939999996e-07","5.298886100e-02","5.613800000e-04","5.355043500e-02","5.172195913e-02","5.116038513e-02","1.828475868e-03","332.158129","335.804141","335.804141","9.668160081e-04","8.487039804e-04","1.295587963e-05","row","0","-1.000000000e+00","-1.000000"
"cuda_warp_smem","32","double","local","local","16384","16384","32","1","1","1","17","1.450000000e-07","5.297825200e-02","5.697370000e-04","5.354813400e-02","5.172508296e-02","5.115520096e-02","1.823051042e-03","332.138069","335.838172","335.838172","9.682559967e-04","8.418239951e-04","1.297104993e-05","row","0","-1.000000000e+00","-1.000000"
"cuda_warp_smem","32","double","local","local","16384","16384","32","1","1","1","18","2.339999998e-07","5.382949700e-02","1.504717000e-03","5.533444800e-02","5.266488600e-02","5.115993500e-02","2.669562002e-03","326.211077","335.807096","335.807096","9.679999948e-04","1.687584043e-03","1.397796514e-05","row","0","-1.000000000e+00","-1.000000"
"cuda_warp_smem","32","double","local","local","16384","16384","32","1","1","1","19","9.289999996e-07","5.300833100e-02","5.635670000e-04","5.357282700e-02","5.173531051e-02","5.117081451e-02","1.837516486e-03","332.072409","335.735699","335.735699","9.852799773e-04","8.398399949e-04","1.239651361e-05","row","0","-1.000000000e+00","-1.000000"
"cuda_warp_smem","32","double","local","local","16384","16384","32","1","1","1","20","1.680000001e-07","5.297904200e-02","5.783460000e-04","5.355755600e-02","5.173627462e-02","5.115776062e-02","1.821281380e-03","332.066221","335.821369","335.821369","9.687680006e-04","8.404480219e-04","1.206535739e-05","row","0","-1.000000000e+00","-1.000000"
"cuda_warp_smem(blk384)","32","double","local","local","16384","16384","3","1","1","1","1","1.080000001e-07","5.646538000e-03","4.465200000e-05","5.691298000e-03","5.472887766e-03","5.428127766e-03","2.184102343e-04","294.289378","296.716070","296.716070","1.194560006e-04","8.995199949e-05","9.002234233e-06","row","0","-1.000000000e+00","-1.000000"
"cuda_warp_smem(blk384)","32","double","local","local","16384","16384","3","1","1","1","2","1.380000001e-07","5.636849000e-03","4.355800000e-05","5.680545000e-03","5.466799809e-03","5.423103809e-03","2.137451906e-04","294.617105","296.990947","296.990947","1.183679998e-04","8.691199869e-05","8.465192162e-06","row","0","-1.000000000e+00","-1.000000"
"cuda_warp_smem(blk384)","32","double","local","local","16384","16384","3","1","1","1","3","1.260000002e-07","5.637867000e-03","4.373300000e-05","5.681726000e-03","5.468307013e-03","5.424448013e-03","2.134189867e-04","294.535902","296.917351","296.917351","1.179199964e-04","8.569599688e-05","9.802993433e-06","row","0","-1.000000000e+00","-1.000000"
"cuda_warp_smem(blk384)","32","double","local","local","16384","16384","3","1","1","1","4","1.209999998e-07","5.653647000e-03","4.349800000e-05","5.697266000e-03","5.481442772e-03","5.437823772e-03","2.158232276e-04","293.830074","296.187005","296.187005","1.179839969e-04","8.822400123e-05","9.615229473e-06","row","0","-1.000000000e+00","-1.000000"
"cuda_warp_smem(blk384)","32","double","local","local","16384","16384","3","1","1","1","5","1.250000001e-07","5.650840000e-03","4.454600000e-05","5.695511000e-03","5.481439055e-03","5.436768055e-03","2.140719450e-04","293.830273","296.244519","296.244519","1.174079999e-04","8.687999845e-05","9.783946660e-06","row","0","-1.000000000e+00","-1.000000"
"cuda_warp_smem(blk384)","32","double","local","local","16384","16384","3","1","1","1","6","1.140000001e-07","5.654669000e-03","4.402600000e-05","5.698809000e-03","5.478891987e-03","5.434751987e-03","2.199170125e-04","293.966871","296.354413","296.354413","1.189439967e-04","9.087999910e-05","1.009301671e-05","row","0","-1.000000000e+00","-1.000000"
"cuda_warp_smem(blk384)","32","double","local","local","16384","16384","3","1","1","1","7","1.050000000e-07","5.639733000e-03","4.383100000e-05","5.683669000e-03","5.468415961e-03","5.424479961e-03","2.152530386e-04","294.530033","296.915603","296.915603","1.191679984e-04","8.777599782e-05","8.309042354e-06","row","0","-1.000000000e+00","-1.000000"
"cuda_warp_smem(blk384)","32","double","local","local","16384","16384","3","1","1","1","8","1.060000001e-07","5.654658000e-03","4.452700000e-05","5.699291000e-03","5.480249016e-03","5.435616016e-03","2.190419836e-04","293.894079","296.307306","296.307306","1.216000021e-04","8.793599904e-05","9.505982526e-06","row","0","-1.000000000e+00","-1.000000"
"cuda_warp_smem(blk384)","32","double","local","local","16384","16384","3","1","1","1","9","1.100000002e-07","5.653037000e-03","4.413600000e-05","5.697283000e-03","5.482933801e-03","5.438687801e-03","2.143491986e-04","293.750170","296.139950","296.139950","1.185280010e-04","8.739200234e-05","8.429195284e-06","row","0","-1.000000000e+00","-1.000000"
"cuda_warp_smem(blk384)","32","double","local","local","16384","16384","3","1","1","1","10","1.090000001e-07","5.660733000e-03","4.688500000e-05","5.707727000e-03","5.494834214e-03","5.447840214e-03","2.128927862e-04","293.113982","295.642433","295.642433","1.194560006e-04","8.479999751e-05","8.636788090e-06","row","0","-1.000000000e+00","-1.000000"
"cuda_warp_smem(blk384)","32","double","local","local","16384","16384","3","1","1","1","11","1.200000002e-07","5.639077000e-03","4.472500000e-05","5.683922000e-03","5.471660987e-03","5.426815987e-03","2.122610134e-04","294.355359","296.787792","296.787792","1.184000000e-04","8.412799984e-05","9.733013489e-06","row","0","-1.000000000e+00","-1.000000"
"cuda_warp_smem(blk384)","32","double","local","local","16384","16384","3","1","1","1","12","1.210000000e-07","5.637692000e-03","4.468600000e-05","5.682499000e-03","5.464199109e-03","5.419392109e-03","2.182998911e-04","294.757329","297.194354","297.194354","1.187200025e-04","9.001599997e-05","9.563888638e-06","row","0","-1.000000000e+00","-1.000000"
"cuda_warp_smem(blk384)","32","double","local","local","16384","16384","3","1","1","1","13","1.089999999e-07","5.634055000e-03","4.447000000e-05","5.678634000e-03","5.465763063e-03","5.421184063e-03","2.128709370e-04","294.672988","297.096117","297.096117","1.189439967e-04","8.534400165e-05","8.582938664e-06","row","0","-1.000000000e+00","-1.000000"
"cuda_warp_smem(blk384)","32","double","local","local","16384","16384","3","1","1","1","14","1.170000001e-07","5.644005000e-03","4.369400000e-05","5.687816000e-03","5.468290961e-03","5.424479961e-03","2.195250386e-04","294.536766","296.915603","296.915603","1.186240017e-04","9.120000154e-05","9.701035325e-06","row","0","-1.000000000e+00","-1.000000"
"cuda_warp_smem(blk384)","32","double","local","local","16384","16384","3","1","1","1","15","1.110000001e-07","5.653243000e-03","4.450500000e-05","5.697859000e-03","5.481064097e-03","5.436448097e-03","2.167949028e-04","293.850374","296.261954","296.261954","1.182079986e-04","8.886399865e-05","9.722905546e-06","row","0","-1.000000000e+00","-1.000000"
"cuda_warp_smem(blk384)","32","double","local","local","16384","16384","3","1","1","1","16","1.380000001e-07","5.653711000e-03","4.368300000e-05","5.697532000e-03","5.478221082e-03","5.434400082e-03","2.193109184e-04","294.002873","296.373604","296.373604","1.193279997e-04","9.164799750e-05","8.334921215e-06","row","0","-1.000000000e+00","-1.000000"
"cuda_warp_smem(blk384)","32","double","local","local","16384","16384","3","1","1","1","17","1.209999998e-07","5.649363000e-03","4.440200000e-05","5.693886000e-03","5.478923082e-03","5.434400082e-03","2.149629184e-04","293.965203","296.373604","296.373604","1.192959994e-04","8.511999995e-05","1.054691901e-05","row","0","-1.000000000e+00","-1.000000"
"cuda_warp_smem(blk384)","32","double","local","local","16384","16384","3","1","1","1","18","1.060000001e-07","5.642967000e-03","4.507800000e-05","5.688151000e-03","5.465984209e-03","5.420800209e-03","2.221667910e-04","294.661066","297.117155","297.117155","1.200639978e-04","9.183999896e-05","1.026279419e-05","row","0","-1.000000000e+00","-1.000000"
"cuda_warp_smem(blk384)","32","double","local","local","16384","16384","3","1","1","1","19","1.310000000e-07","5.666602000e-03","4.440300000e-05","5.711136000e-03","5.490902217e-03","5.446368217e-03","2.202337825e-04","293.323879","295.722337","295.722337","1.198400036e-04","9.216000140e-05","8.233777585e-06","row","0","-1.000000000e+00","-1.000000"
"cuda_warp_smem(blk384)","32","double","local","local","16384","16384","3","1","1","1","20","1.249999999e-07","5.663027000e-03","4.390400000e-05","5.707056000e-03","5.490908864e-03","5.446879864e-03","2.161471363e-04","293.323524","295.694558","295.694558","1.189759970e-04","8.816000074e-05","9.011138548e-06","row","0","-1.000000000e+00","-1.000000"
"cuda_warp_smem(blk384)","32","double","local","local","16384","16384","6","1","1","1","1","1.369999998e-07","1.057899100e-02","8.972000000e-05","1.066884800e-02","1.025075330e-02","1.016089630e-02","4.180946987e-04","314.242805","317.021784","317.021784","2.336959988e-04","1.741439998e-04","1.025470013e-05","row","0","-1.000000000e+00","-1.000000"
"cuda_warp_smem(blk384)","32","double","local","local","16384","16384","6","1","1","1","2","1.390000000e-07","1.056026000e-02","8.937000000e-05","1.064976900e-02","1.023517322e-02","1.014566422e-02","4.145957849e-04","314.721149","317.497741","317.497741","2.324800044e-04","1.720000058e-04","1.011577464e-05","row","0","-1.000000000e+00","-1.000000"
"cuda_warp_smem(blk384)","32","double","local","local","16384","16384","6","1","1","1","3","1.210000000e-07","1.055900300e-02","8.952500000e-05","1.064864900e-02","1.023364605e-02","1.014400005e-02","4.150029466e-04","314.768114","317.549828","317.549828","2.319680005e-04","1.726080030e-04","1.042694304e-05","row","0","-1.000000000e+00","-1.000000"
"cuda_warp_smem(blk384)","32","double","local","local","16384","16384","6","1","1","1","4","1.189999999e-07","1.056476200e-02","9.229800000e-05","1.065717900e-02","1.024240136e-02","1.014998436e-02","4.147776403e-04","314.499048","317.362604","317.362604","2.323520035e-04","1.735679954e-04","8.857641375e-06","row","0","-1.000000000e+00","-1.000000"
"cuda_warp_smem(blk384)","32","double","local","local","16384","16384","6","1","1","1","5","1.259999998e-07","1.057571400e-02","8.926500000e-05","1.066510500e-02","1.025038267e-02","1.016099167e-02","4.147223313e-04","314.254167","317.018809","317.018809","2.325440049e-04","1.717759967e-04","1.040232970e-05","row","0","-1.000000000e+00","-1.000000"
"cuda_warp_smem(blk384)","32","double","local","local","16384","16384","6","1","1","1","6","1.129999998e-07","1.057841000e-02","8.865300000e-05","1.066717600e-02","1.025423803e-02","1.016547203e-02","4.129379694e-04","314.136015","316.879085","316.879085","2.339520007e-04","1.697919965e-04","9.193972144e-06","row","0","-1.000000000e+00","-1.000000"
"cuda_warp_smem(blk384)","32","double","local","local","16384","16384","6","1","1","1","7","1.310000000e-07","1.054109100e-02","9.400600000e-05","1.063522800e-02","1.022440891e-02","1.013027191e-02","4.108190884e-04","315.052489","317.980159","317.980159","2.313600034e-04","1.696639955e-04","9.795089522e-06","row","0","-1.000000000e+00","-1.000000"
"cuda_warp_smem(blk384)","32","double","local","local","16384","16384","6","1","1","1","8","1.220000001e-07","1.053250000e-02","8.981300000e-05","1.062243500e-02","1.021028679e-02","1.012035179e-02","4.121482086e-04","315.488246","318.291848","318.291848","2.328319997e-04","1.691520065e-04","1.016420245e-05","row","0","-1.000000000e+00","-1.000000"
"cuda_warp_smem(blk384)","32","double","local","local","16384","16384","6","1","1","1","9","1.100000000e-07","1.054081600e-02","8.869400000e-05","1.062962000e-02","1.021722006e-02","1.012841606e-02","4.123999386e-04","315.274160","318.038423","318.038423","2.330880016e-04","1.690880060e-04","1.022393097e-05","row","0","-1.000000000e+00","-1.000000"
"cuda_warp_smem(blk384)","32","double","local","local","16384","16384","6","1","1","1","10","1.190000001e-07","1.053004200e-02","8.948700000e-05","1.061964800e-02","1.020899840e-02","1.011939240e-02","4.106496050e-04","315.528061","318.322024","318.322024","2.309439927e-04","1.698240042e-04","9.881608073e-06","row","0","-1.000000000e+00","-1.000000"
"cuda_warp_smem(blk384)","32","double","local","local","16384","16384","6","1","1","1","11","1.219999999e-07","1.054095500e-02","9.964700000e-05","1.064072400e-02","1.022076071e-02","1.012099171e-02","4.199632932e-04","315.164944","318.271723","318.271723","2.359360009e-04","1.751040071e-04","8.923285084e-06","row","0","-1.000000000e+00","-1.000000"
"cuda_warp_smem(blk384)","32","double","local","local","16384","16384","6","1","1","1","12","1.269999998e-07","1.054038200e-02","8.882200000e-05","1.062933100e-02","1.021656493e-02","1.012761593e-02","4.127660713e-04","315.294377","318.063550","318.063550","2.313919961e-04","1.723520011e-04","9.022074134e-06","row","0","-1.000000000e+00","-1.000000"
"cuda_warp_smem(blk384)","32","double","local","local","16384","16384","6","1","1","1","13","1.350000001e-07","1.053241900e-02","8.905900000e-05","1.062161300e-02","1.021328992e-02","1.012409592e-02","4.083230833e-04","315.395480","318.174136","318.174136","2.301760018e-04","1.690240055e-04","9.123075933e-06","row","0","-1.000000000e+00","-1.000000"
"cuda_warp_smem(blk384)","32","double","local","local","16384","16384","6","1","1","1","14","1.280000002e-07","1.052457900e-02","8.934400000e-05","1.061405100e-02","1.020428771e-02","1.011481571e-02","4.097632880e-04","315.673721","318.466056","318.466056","2.307199985e-04","1.702719927e-04","8.771296863e-06","row","0","-1.000000000e+00","-1.000000"
"cuda_warp_smem(blk384)","32","double","local","local","16384","16384","6","1","1","1","15","1.409999999e-07","1.052821500e-02","9.528600000e-05","1.062364200e-02","1.021225878e-02","1.011683178e-02","4.113832205e-04","315.427325","318.402593","318.402593","2.335039973e-04","1.680639982e-04","9.815224972e-06","row","0","-1.000000000e+00","-1.000000"
"cuda_warp_smem(blk384)","32","double","local","local","16384","16384","6","1","1","1","16","1.370000002e-07","1.053566700e-02","8.951600000e-05","1.062532000e-02","1.021550940e-02","1.012585640e-02","4.098106005e-04","315.326955","318.118818","318.118818","2.316479981e-04","1.678079963e-04","1.035460610e-05","row","0","-1.000000000e+00","-1.000000"
"cuda_warp_smem(blk384)","32","double","local","local","16384","16384","6","1","1","1","17","9.600000017e-08","1.051391300e-02","8.799700000e-05","1.060200600e-02","1.019273301e-02","1.010464001e-02","4.092729930e-04","316.031576","318.786762","318.786762","2.319680005e-04","1.670400053e-04","1.026498712e-05","row","0","-1.000000000e+00","-1.000000"
"cuda_warp_smem(blk384)","32","double","local","local","16384","16384","6","1","1","1","18","1.319999998e-07","1.051789300e-02","9.067500000e-05","1.060870000e-02","1.019656662e-02","1.010575962e-02","4.121333793e-04","315.912757","318.751444","318.751444","2.309119999e-04","1.709759980e-04","1.024538135e-05","row","0","-1.000000000e+00","-1.000000"
"cuda_warp_smem(blk384)","32","double","local","local","16384","16384","6","1","1","1","19","1.380000001e-07","1.052747300e-02","9.014400000e-05","1.061775500e-02","1.019207434e-02","1.010179234e-02","4.256806645e-04","316.051999","318.876628","318.876628","2.380480021e-04","1.769919991e-04","1.064066322e-05","row","0","-1.000000000e+00","-1.000000"
"cuda_warp_smem(blk384)","32","double","local","local","16384","16384","6","1","1","1","20","1.109999999e-07","1.052314200e-02","8.898600000e-05","1.061223900e-02","1.019709680e-02","1.010799980e-02","4.151421984e-04","315.896332","318.680801","318.680801","2.317759991e-04","1.738239974e-04","9.542201917e-06","row","0","-1.000000000e+00","-1.000000"
"cuda_warp_smem(blk384)","32","double","local","local","16384","16384","8","1","1","1","1","2.569999999e-07","1.496687200e-02","1.196570000e-04","1.508678600e-02","1.452196211e-02","1.440204811e-02","5.648238890e-04","295.756680","298.219202","298.219202","3.069120049e-04","2.482880056e-04","9.623878500e-06","row","0","-1.000000000e+00","-1.000000"
"cuda_warp_smem(blk384)","32","double","local","local","16384","16384","8","1","1","1","2","1.910000000e-07","1.496021800e-02","1.188660000e-04","1.507927500e-02","1.452110511e-02","1.440204811e-02","5.581698890e-04","295.774134","298.219202","298.219202","3.070720136e-04","2.418559939e-04","9.241881555e-06","row","0","-1.000000000e+00","-1.000000"
"cuda_warp_smem(blk384)","32","double","local","local","16384","16384","8","1","1","1","3","1.489999999e-07","1.495247100e-02","1.196480000e-04","1.507226800e-02","1.451621271e-02","1.439641571e-02","5.560552896e-04","295.873819","298.335876","298.335876","3.068479896e-04","2.382719964e-04","1.093530361e-05","row","0","-1.000000000e+00","-1.000000"
"cuda_warp_smem(blk384)","32","double","local","local","16384","16384","8","1","1","1","4","1.640000000e-07","1.494859400e-02","1.203370000e-04","1.506909500e-02","1.449656530e-02","1.437606430e-02","5.725296995e-04","296.274821","298.758214","298.758214","3.093119860e-04","2.522560060e-04","1.096170749e-05","row","0","-1.000000000e+00","-1.000000"
"cuda_warp_smem(blk384)","32","double","local","local","16384","16384","8","1","1","1","5","1.409999999e-07","1.491383400e-02","1.201200000e-04","1.503409500e-02","1.448272495e-02","1.436246395e-02","5.513700489e-04","296.557955","299.041119","299.041119","3.056960106e-04","2.350399941e-04","1.063404418e-05","row","0","-1.000000000e+00","-1.000000"
"cuda_warp_smem(blk384)","32","double","local","local","16384","16384","8","1","1","1","6","1.780000001e-07","1.493006000e-02","1.195970000e-04","1.504983500e-02","1.449599856e-02","1.437622356e-02","5.538364359e-04","296.286405","298.754904","298.754904","3.085120022e-04","2.343679965e-04","1.095643717e-05","row","0","-1.000000000e+00","-1.000000"
"cuda_warp_smem(blk384)","32","double","local","local","16384","16384","8","1","1","1","7","9.999999984e-08","1.490679300e-02","1.202210000e-04","1.502711400e-02","1.448048087e-02","1.436015987e-02","5.466331260e-04","296.603913","299.089100","299.089100","3.061439991e-04","2.309119999e-04","9.577126997e-06","row","0","-1.000000000e+00","-1.000000"
"cuda_warp_smem(blk384)","32","double","local","local","16384","16384","8","1","1","1","8","1.470000002e-07","1.492029300e-02","1.195650000e-04","1.504000500e-02","1.448844827e-02","1.436873627e-02","5.515567329e-04","296.440807","298.910580","298.910580","3.110080063e-04","2.294719964e-04","1.107673015e-05","row","0","-1.000000000e+00","-1.000000"
"cuda_warp_smem(blk384)","32","double","local","local","16384","16384","8","1","1","1","9","1.400000000e-07","1.491764600e-02","1.207880000e-04","1.503857400e-02","1.448076839e-02","1.435984039e-02","5.578056069e-04","296.598024","299.095754","299.095754","3.057599962e-04","2.414080054e-04","1.063760540e-05","row","0","-1.000000000e+00","-1.000000"
"cuda_warp_smem(blk384)","32","double","local","local","16384","16384","8","1","1","1","10","1.329999999e-07","1.491804500e-02","1.195360000e-04","1.503771400e-02","1.448971657e-02","1.437004757e-02","5.479974307e-04","296.414859","298.883304","298.883304","3.109120131e-04","2.260800004e-04","1.100541727e-05","row","0","-1.000000000e+00","-1.000000"
"cuda_warp_smem(blk384)","32","double","local","local","16384","16384","8","1","1","1","11","8.199999990e-08","1.490188200e-02","1.215040000e-04","1.502346800e-02","1.447947422e-02","1.435788822e-02","5.439937783e-04","296.624534","299.136421","299.136421","3.056319952e-04","2.276159972e-04","1.074578586e-05","row","0","-1.000000000e+00","-1.000000"
"cuda_warp_smem(blk384)","32","double","local","local","16384","16384","8","1","1","1","12","1.560000000e-07","1.489840900e-02","1.202280000e-04","1.501879300e-02","1.446246412e-02","1.434208012e-02","5.563288837e-04","296.973411","299.466135","299.466135","3.093119860e-04","2.359039932e-04","1.111290451e-05","row","0","-1.000000000e+00","-1.000000"
"cuda_warp_smem(blk384)","32","double","local","local","16384","16384","8","1","1","1","13","1.390000002e-07","1.490946900e-02","1.182150000e-04","1.502782300e-02","1.448097817e-02","1.436262417e-02","5.468448316e-04","296.593728","299.037783","299.037783","3.039680123e-04","2.320639938e-04","1.081282546e-05","row","0","-1.000000000e+00","-1.000000"
"cuda_warp_smem(blk384)","32","double","local","local","16384","16384","8","1","1","1","14","1.839999999e-07","1.489272000e-02","1.199230000e-04","1.501282700e-02","1.446490700e-02","1.434480000e-02","5.479200046e-04","296.923257","299.409354","299.409354","3.055999875e-04","2.316160053e-04","1.070401177e-05","row","0","-1.000000000e+00","-1.000000"
"cuda_warp_smem(blk384)","32","double","local","local","16384","16384","8","1","1","1","15","1.039999999e-07","1.490397800e-02","1.192430000e-04","1.502332500e-02","1.446910706e-02","1.434976006e-02","5.542179445e-04","296.837067","299.305862","299.305862","3.189760149e-04","2.259200066e-04","9.321922973e-06","row","0","-1.000000000e+00","-1.000000"
"cuda_warp_smem(blk384)","32","double","local","local","16384","16384","8","1","1","1","16","1.059999999e-07","1.489680700e-02","1.184360000e-04","1.501534900e-02","1.447425394e-02","1.435571194e-02","5.410950630e-04","296.731515","299.181769","299.181769","3.055360019e-04","2.251520008e-04","1.040706034e-05","row","0","-1.000000000e+00","-1.000000"
"cuda_warp_smem(blk384)","32","double","local","local","16384","16384","8","1","1","1","17","1.210000000e-07","1.489052600e-02","1.208530000e-04","1.501150000e-02","1.447108596e-02","1.435011196e-02","5.404140386e-04","296.796475","299.298522","299.298522","3.045440018e-04","2.260800004e-04","9.790036417e-06","row","0","-1.000000000e+00","-1.000000"
"cuda_warp_smem(blk384)","32","double","local","local","16384","16384","8","1","1","1","18","1.060000001e-07","1.489566500e-02","1.202570000e-04","1.501602800e-02","1.447281146e-02","1.435244846e-02","5.432165366e-04","296.761089","299.249797","299.249797","3.044799864e-04","2.294400036e-04","9.296546497e-06","row","0","-1.000000000e+00","-1.000000"
"cuda_warp_smem(blk384)","32","double","local","local","16384","16384","8","1","1","1","19","1.030000001e-07","1.489649300e-02","1.205000000e-04","1.501709600e-02","1.448021928e-02","1.435961628e-02","5.368767204e-04","296.609272","299.100422","299.100422","3.029119968e-04","2.244479954e-04","9.516728132e-06","row","0","-1.000000000e+00","-1.000000"
"cuda_warp_smem(blk384)","32","double","local","local","16384","16384","8","1","1","1","20","1.530000000e-07","1.488222500e-02","1.198250000e-04","1.500220300e-02","1.445633035e-02","1.433635235e-02","5.458726517e-04","297.099415","299.585780","299.585780","3.150080144e-04","2.201279998e-04","1.073663745e-05","row","0","-1.000000000e+00","-1.000000"
"cuda_warp_smem(blk384)","32","double","local","local","16384","16384","20","1","1","1","1","2.880000001e-07","3.315615600e-02","3.173970000e-04","3.347384100e-02","3.237061392e-02","3.205292892e-02","1.103227075e-03","331.702644","334.990236","334.990236","6.014080048e-04","4.903999865e-04","1.141908417e-05","row","0","-1.000000000e+00","-1.000000"
"cuda_warp_smem(blk384)","32","double","local","local","16384","16384","20","1","1","1","2","2.040000000e-07","3.314995100e-02","3.239590000e-04","3.347411400e-02","3.236630778e-02","3.204214478e-02","1.107806225e-03","331.746776","335.102981","335.102981","5.937280059e-04","5.017920136e-04","1.228620508e-05","row","0","-1.000000000e+00","-1.000000"
"cuda_warp_smem(blk384)","32","double","local","local","16384","16384","20","1","1","1","3","2.150000000e-07","3.314450600e-02","3.243210000e-04","3.346904200e-02","3.234251848e-02","3.201798248e-02","1.126523517e-03","331.990789","335.355866","335.355866","6.075199842e-04","5.089600086e-04","1.004352422e-05","row","0","-1.000000000e+00","-1.000000"
"cuda_warp_smem(blk384)","32","double","local","local","16384","16384","20","1","1","1","4","1.780000001e-07","3.313259800e-02","3.113200000e-04","3.344409600e-02","3.235120900e-02","3.203971100e-02","1.092887001e-03","331.901607","335.128436","335.128436","5.950080156e-04","4.866240025e-04","1.125498338e-05","row","0","-1.000000000e+00","-1.000000"
"cuda_warp_smem(blk384)","32","double","local","local","16384","16384","20","1","1","1","5","1.740000002e-07","3.311460500e-02","3.093710000e-04","3.342415000e-02","3.233693834e-02","3.202739334e-02","1.087211659e-03","332.048078","335.257326","335.257326","5.969920158e-04","4.795520008e-04","1.066764234e-05","row","0","-1.000000000e+00","-1.000000"
"cuda_warp_smem(blk384)","32","double","local","local","16384","16384","20","1","1","1","6","1.709999999e-07","3.313572300e-02","3.121090000e-04","3.344800300e-02","3.234930545e-02","3.203702545e-02","1.098697548e-03","331.921137","335.156529","335.156529","5.996479988e-04","4.876480103e-04","1.140153928e-05","row","0","-1.000000000e+00","-1.000000"
"cuda_warp_smem(blk384)","32","double","local","local","16384","16384","20","1","1","1","7","1.840000001e-07","3.309876900e-02","3.103130000e-04","3.340926600e-02","3.233625765e-02","3.202576065e-02","1.073008349e-03","332.055068","335.274417","335.274417","5.955520272e-04","4.670400023e-04","1.041631979e-05","row","0","-1.000000000e+00","-1.000000"
"cuda_warp_smem(blk384)","32","double","local","local","16384","16384","20","1","1","1","8","1.860000001e-07","3.312128000e-02","3.358460000e-04","3.345731200e-02","3.236819371e-02","3.203216171e-02","1.089118287e-03","331.727446","335.207419","335.207419","5.968319774e-04","4.818879962e-04","1.039831379e-05","row","0","-1.000000000e+00","-1.000000"
"cuda_warp_smem(blk384)","32","double","local","local","16384","16384","20","1","1","1","9","4.850000002e-07","3.311632000e-02","3.123710000e-04","3.342917600e-02","3.234399156e-02","3.203113556e-02","1.085184441e-03","331.975669","335.218157","335.218157","5.921599865e-04","4.809919894e-04","1.203246505e-05","row","0","-1.000000000e+00","-1.000000"
"cuda_warp_smem(blk384)","32","double","local","local","16384","16384","20","1","1","1","10","1.910000000e-07","3.313826400e-02","3.357090000e-04","3.347416400e-02","3.237580555e-02","3.203990555e-02","1.098358452e-03","331.649454","335.126401","335.126401","6.003199816e-04","4.867840111e-04","1.125445920e-05","row","0","-1.000000000e+00","-1.000000"
"cuda_warp_smem(blk384)","32","double","local","local","16384","16384","20","1","1","1","11","2.109999999e-07","3.315041800e-02","3.141120000e-04","3.346474100e-02","3.234206729e-02","3.202774429e-02","1.122673707e-03","331.995421","335.253652","335.253652","5.933439732e-04","5.175999999e-04","1.172973372e-05","row","0","-1.000000000e+00","-1.000000"
"cuda_warp_smem(blk384)","32","double","local","local","16384","16384","20","1","1","1","12","1.770000000e-07","3.309560500e-02","3.123720000e-04","3.340815400e-02","3.233827532e-02","3.202572632e-02","1.069878682e-03","332.034350","335.274777","335.274777","5.948160291e-04","4.638719857e-04","1.119066689e-05","row","0","-1.000000000e+00","-1.000000"
"cuda_warp_smem(blk384)","32","double","local","local","16384","16384","20","1","1","1","13","1.660000000e-07","3.311539100e-02","3.087010000e-04","3.342425800e-02","3.234512188e-02","3.203625488e-02","1.079136117e-03","331.964068","335.164590","335.164590","5.893759727e-04","4.783039987e-04","1.145614573e-05","row","0","-1.000000000e+00","-1.000000"
"cuda_warp_smem(blk384)","32","double","local","local","16384","16384","20","1","1","1","14","1.790000002e-07","3.309959600e-02","3.087050000e-04","3.340848000e-02","3.234680591e-02","3.203792191e-02","1.061674094e-03","331.946785","335.147151","335.147151","5.845440030e-04","4.659200013e-04","1.121009020e-05","row","0","-1.000000000e+00","-1.000000"
"cuda_warp_smem(blk384)","32","double","local","local","16384","16384","20","1","1","1","15","1.639999998e-07","3.311359000e-02","3.152590000e-04","3.342901300e-02","3.235228823e-02","3.203686523e-02","1.076724766e-03","331.890535","335.158205","335.158205","5.957120061e-04","4.702399969e-04","1.077276262e-05","row","0","-1.000000000e+00","-1.000000"
"cuda_warp_smem(blk384)","32","double","local","local","16384","16384","20","1","1","1","16","1.880000000e-07","3.311460500e-02","3.099500000e-04","3.342474300e-02","3.234764029e-02","3.203750229e-02","1.077102711e-03","331.938223","335.151540","335.151540","5.927680135e-04","4.744000137e-04","9.934684019e-06","row","0","-1.000000000e+00","-1.000000"
"cuda_warp_smem(blk384)","32","double","local","local","16384","16384","20","1","1","1","17","1.359999997e-07","3.311537300e-02","3.192190000e-04","3.343472800e-02","3.236450576e-02","3.204515076e-02","1.070222243e-03","331.765247","335.071547","335.071547","5.941759944e-04","4.652479887e-04","1.079826007e-05","row","0","-1.000000000e+00","-1.000000"
"cuda_warp_smem(blk384)","32","double","local","local","16384","16384","20","1","1","1","18","1.390000000e-07","3.364963800e-02","9.511140000e-04","3.460089100e-02","3.297787577e-02","3.202662277e-02","1.623015228e-03","325.594599","335.265392","335.265392","5.922560096e-04","1.018048048e-03","1.271117019e-05","row","0","-1.000000000e+00","-1.000000"
"cuda_warp_smem(blk384)","32","double","local","local","16384","16384","20","1","1","1","19","1.470000002e-07","3.363004100e-02","3.153280000e-04","3.394551600e-02","3.234014846e-02","3.202467346e-02","1.605367538e-03","332.015119","335.285799","335.285799","1.121791959e-03","4.719359875e-04","1.163959180e-05","row","0","-1.000000000e+00","-1.000000"
"cuda_warp_smem(blk384)","32","double","local","local","16384","16384","20","1","1","1","20","1.230000004e-07","3.313011900e-02","3.205190000e-04","3.345076100e-02","3.235766745e-02","3.203702545e-02","1.093093548e-03","331.835360","335.156529","335.156529","5.975679755e-04","4.853760004e-04","1.014957241e-05","row","0","-1.000000000e+00","-1.000000"
"cuda_warp_smem(blk384)","32","double","local","local","16384","16384","32","1","1","1","1","3.880000001e-07","6.508994500e-02","5.744260000e-04","6.566475900e-02","6.377375809e-02","6.319894409e-02","1.891000908e-03","269.387750","271.837915","271.837915","1.001055956e-03","8.766400218e-04","1.330493052e-05","row","0","-1.000000000e+00","-1.000000"
"cuda_warp_smem(blk384)","32","double","local","local","16384","16384","32","1","1","1","2","3.720000001e-07","6.508184200e-02","5.688200000e-04","6.565103400e-02","6.377104671e-02","6.320185471e-02","1.879987294e-03","269.399203","271.825396","271.825396","9.951999784e-04","8.719679713e-04","1.281934451e-05","row","0","-1.000000000e+00","-1.000000"
"cuda_warp_smem(blk384)","32","double","local","local","16384","16384","32","1","1","1","3","5.550000002e-07","6.506833700e-02","6.200370000e-04","6.568892900e-02","6.381358516e-02","6.319299316e-02","1.875343836e-03","269.219621","271.863514","271.863514","9.947839975e-04","8.675199747e-04","1.303986369e-05","row","0","-1.000000000e+00","-1.000000"
"cuda_warp_smem(blk384)","32","double","local","local","16384","16384","32","1","1","1","4","4.940000000e-07","6.505228300e-02","5.789200000e-04","6.563169700e-02","6.377659952e-02","6.319718552e-02","1.855097484e-03","269.375748","271.845479","271.845479","9.797120094e-04","8.636159897e-04","1.176948453e-05","row","0","-1.000000000e+00","-1.000000"
"cuda_warp_smem(blk384)","32","double","local","local","16384","16384","32","1","1","1","5","4.009999999e-07","6.507277900e-02","5.744010000e-04","6.564758100e-02","6.377422674e-02","6.319942474e-02","1.873354256e-03","269.385770","271.835847","271.835847","9.797440171e-04","8.812159896e-04","1.239424963e-05","row","0","-1.000000000e+00","-1.000000"
"cuda_warp_smem(blk384)","32","double","local","local","16384","16384","32","1","1","1","6","3.770000001e-07","6.505515000e-02","5.743450000e-04","6.562987200e-02","6.376832170e-02","6.319359970e-02","1.861550299e-03","269.410716","271.860905","271.860905","9.953920245e-04","8.542079926e-04","1.195028200e-05","row","0","-1.000000000e+00","-1.000000"
"cuda_warp_smem(blk384)","32","double","local","local","16384","16384","32","1","1","1","7","3.710000001e-07","6.505818800e-02","5.856760000e-04","6.564423500e-02","6.379171259e-02","6.320566559e-02","1.852522412e-03","269.311929","271.809007","271.809007","9.812480211e-04","8.583040237e-04","1.297036675e-05","row","0","-1.000000000e+00","-1.000000"
"cuda_warp_smem(blk384)","32","double","local","local","16384","16384","32","1","1","1","8","3.799999999e-07","6.592128500e-02","5.598170000e-04","6.648148200e-02","6.377456391e-02","6.321436691e-02","2.706918087e-03","269.384346","271.771593","271.771593","1.814463973e-03","8.800320029e-04","1.242211119e-05","row","0","-1.000000000e+00","-1.000000"
"cuda_warp_smem(blk384)","32","double","local","local","16384","16384","32","1","1","1","9","3.710000001e-07","6.588447300e-02","1.524708000e-03","6.740955200e-02","6.472808574e-02","6.320300674e-02","2.681466256e-03","265.415993","271.820441","271.820441","9.826560020e-04","1.684800029e-03","1.401022477e-05","row","0","-1.000000000e+00","-1.000000"
"cuda_warp_smem(blk384)","32","double","local","local","16384","16384","32","1","1","1","10","2.862000001e-06","6.506921800e-02","5.537030000e-04","6.562578300e-02","6.376213141e-02","6.320556641e-02","1.863651594e-03","269.436871","271.809433","271.809433","9.995200038e-04","8.510720134e-04","1.305957658e-05","row","0","-1.000000000e+00","-1.000000"
"cuda_warp_smem(blk384)","32","double","local","local","16384","16384","32","1","1","1","11","3.739999999e-07","6.504705300e-02","5.917430000e-04","6.563917000e-02","6.379951065e-02","6.320739365e-02","1.839659354e-03","269.279012","271.801576","271.801576","9.790719748e-04","8.479679823e-04","1.261939671e-05","row","0","-1.000000000e+00","-1.000000"
"cuda_warp_smem(blk384)","32","double","local","local","16384","16384","32","1","1","1","12","3.749999999e-07","6.505511200e-02","5.486810000e-04","6.560416800e-02","6.374719901e-02","6.319814301e-02","1.856968995e-03","269.499985","271.841361","271.841361","9.808319807e-04","8.632320166e-04","1.290499736e-05","row","0","-1.000000000e+00","-1.000000"
"cuda_warp_smem(blk384)","32","double","local","local","16384","16384","32","1","1","1","13","3.640000004e-07","6.502061200e-02","5.766930000e-04","6.559766900e-02","6.377241528e-02","6.319535828e-02","1.825253724e-03","269.393422","271.853339","271.853339","9.675840139e-04","8.459839821e-04","1.168572761e-05","row","0","-1.000000000e+00","-1.000000"
"cuda_warp_smem(blk384)","32","double","local","local","16384","16384","32","1","1","1","14","3.749999999e-07","6.588539200e-02","1.491355000e-03","6.737712200e-02","6.469707515e-02","6.320534515e-02","2.680046846e-03","265.543213","271.810385","271.810385","9.788799882e-04","1.686272025e-03","1.489483289e-05","row","0","-1.000000000e+00","-1.000000"
"cuda_warp_smem(blk384)","32","double","local","local","16384","16384","32","1","1","1","15","3.046000000e-06","6.510473700e-02","5.564170000e-04","6.566420000e-02","6.376397655e-02","6.320451355e-02","1.900223450e-03","269.429074","271.813961","271.813961","1.021152020e-03","8.666239977e-04","1.244743301e-05","row","0","-1.000000000e+00","-1.000000"
"cuda_warp_smem(blk384)","32","double","local","local","16384","16384","32","1","1","1","16","5.050000000e-07","6.543916600e-02","5.533990000e-04","6.599307000e-02","6.375476688e-02","6.320086288e-02","2.238303115e-03","269.467995","271.829662","271.829662","9.967359900e-04","1.228224039e-03","1.334308635e-05","row","0","-1.000000000e+00","-1.000000"
"cuda_warp_smem(blk384)","32","double","local","local","16384","16384","32","1","1","1","17","4.039999997e-07","6.507217700e-02","5.731590000e-04","6.564574000e-02","6.378639640e-02","6.321283340e-02","1.859343595e-03","269.334375","271.778186","271.778186","9.839040041e-04","8.623999953e-04","1.303959604e-05","row","0","-1.000000000e+00","-1.000000"
"cuda_warp_smem(blk384)","32","double","local","local","16384","16384","32","1","1","1","18","6.849999998e-07","6.505189400e-02","5.475370000e-04","6.560011600e-02","6.375718349e-02","6.320896149e-02","1.842932513e-03","269.457781","271.794834","271.794834","9.721279740e-04","8.587200046e-04","1.208453459e-05","row","0","-1.000000000e+00","-1.000000"
"cuda_warp_smem(blk384)","32","double","local","local","16384","16384","32","1","1","1","19","4.420000002e-07","6.505614800e-02","5.746920000e-04","6.563128200e-02","6.377455874e-02","6.319942474e-02","1.856723256e-03","269.384368","271.835847","271.835847","1.006943941e-03","8.376320004e-04","1.214731479e-05","row","0","-1.000000000e+00","-1.000000"
"cuda_warp_smem(blk384)","32","double","local","local","16384","16384","32","1","1","1","20","5.070000002e-07","6.591474800e-02","1.497682000e-03","6.741293700e-02","6.470574286e-02","6.320755386e-02","2.707194136e-03","265.507642","271.800887","271.800887","9.800639749e-04","1.713472009e-03","1.365815291e-05","row","0","-1.000000000e+00","-1.000000"
"cuda_warp_smem(blk512)","32","double","local","local","16384","16384","3","1","1","1","1","1.779999999e-07","5.678700000e-03","4.648800000e-05","5.725366000e-03","5.513225887e-03","5.466559887e-03","2.121401131e-04","292.136177","294.630036","294.630036","1.195520014e-04","8.307199925e-05","9.516112459e-06","row","0","-1.000000000e+00","-1.000000"
"cuda_warp_smem(blk512)","32","double","local","local","16384","16384","3","1","1","1","2","1.930000002e-07","5.680291000e-03","4.424700000e-05","5.724731000e-03","5.504728048e-03","5.460288048e-03","2.200029522e-04","292.587158","294.968456","294.968456","1.198719963e-04","9.040000290e-05","9.730952970e-06","row","0","-1.000000000e+00","-1.000000"
"cuda_warp_smem(blk512)","32","double","local","local","16384","16384","3","1","1","1","3","2.030000001e-07","5.668088000e-03","4.457700000e-05","5.712868000e-03","5.499404176e-03","5.454624176e-03","2.134638240e-04","292.870406","295.274740","295.274740","1.202239990e-04","8.377599716e-05","9.463827789e-06","row","0","-1.000000000e+00","-1.000000"
"cuda_warp_smem(blk512)","32","double","local","local","16384","16384","3","1","1","1","4","1.969999999e-07","5.664590000e-03","4.533700000e-05","5.710124000e-03","5.494781837e-03","5.449247837e-03","2.153421629e-04","293.116776","295.566064","295.566064","1.193920001e-04","8.665599674e-05","9.294166055e-06","row","0","-1.000000000e+00","-1.000000"
"cuda_warp_smem(blk512)","32","double","local","local","16384","16384","3","1","1","1","5","2.099999998e-07","5.683261000e-03","4.410300000e-05","5.727574000e-03","5.506585167e-03","5.462272167e-03","2.209888328e-04","292.488482","294.861312","294.861312","1.288000047e-04","8.323200047e-05","8.956827603e-06","row","0","-1.000000000e+00","-1.000000"
"cuda_warp_smem(blk512)","32","double","local","local","16384","16384","3","1","1","1","6","1.870000002e-07","5.698039000e-03","4.399500000e-05","5.742221000e-03","5.519893823e-03","5.475711823e-03","2.223271775e-04","291.783282","294.137600","294.137600","1.224000007e-04","8.742400259e-05","1.250317421e-05","row","0","-1.000000000e+00","-1.000000"
"cuda_warp_smem(blk512)","32","double","local","local","16384","16384","3","1","1","1","7","2.460000001e-07","5.689480000e-03","4.511900000e-05","5.734845000e-03","5.515605116e-03","5.470240116e-03","2.192398839e-04","292.010161","294.431817","294.431817","1.198719963e-04","8.959999681e-05","9.767890732e-06","row","0","-1.000000000e+00","-1.000000"
"cuda_warp_smem(blk512)","32","double","local","local","16384","16384","3","1","1","1","8","1.950000001e-07","5.677649000e-03","4.468400000e-05","5.722528000e-03","5.508591215e-03","5.463712215e-03","2.139367846e-04","292.381967","294.783596","294.783596","1.199359968e-04","8.428800106e-05","9.712786685e-06","row","0","-1.000000000e+00","-1.000000"
"cuda_warp_smem(blk512)","32","double","local","local","16384","16384","3","1","1","1","9","1.820000000e-07","5.685688000e-03","4.426500000e-05","5.730135000e-03","5.513823087e-03","5.469376087e-03","2.163119128e-04","292.104536","294.478330","294.478330","1.183039993e-04","8.876799792e-05","9.239915586e-06","row","0","-1.000000000e+00","-1.000000"
"cuda_warp_smem(blk512)","32","double","local","local","16384","16384","3","1","1","1","10","9.000000012e-08","5.675384000e-03","4.386200000e-05","5.719336000e-03","5.507567894e-03","5.463615894e-03","2.117681057e-04","292.436293","294.788793","294.788793","1.188800037e-04","8.262400329e-05","1.026409870e-05","row","0","-1.000000000e+00","-1.000000"
"cuda_warp_smem(blk512)","32","double","local","local","16384","16384","3","1","1","1","11","1.000000001e-07","5.685897000e-03","4.470700000e-05","5.730704000e-03","5.517447038e-03","5.472640038e-03","2.132569625e-04","291.912677","294.302699","294.302699","1.188800037e-04","8.425600082e-05","1.012095796e-05","row","0","-1.000000000e+00","-1.000000"
"cuda_warp_smem(blk512)","32","double","local","local","16384","16384","3","1","1","1","12","9.700000003e-08","5.665382000e-03","4.691100000e-05","5.712390000e-03","5.497248135e-03","5.450240135e-03","2.151418648e-04","292.985271","295.512252","295.512252","1.198400036e-04","8.569599688e-05","9.605864376e-06","row","0","-1.000000000e+00","-1.000000"
"cuda_warp_smem(blk512)","32","double","local","local","16384","16384","3","1","1","1","13","1.740000002e-07","5.688098000e-03","4.449400000e-05","5.732766000e-03","5.515772145e-03","5.471104145e-03","2.169938549e-04","292.001318","294.385318","294.385318","1.201279983e-04","8.841600269e-05","8.449853967e-06","row","0","-1.000000000e+00","-1.000000"
"cuda_warp_smem(blk512)","32","double","local","local","16384","16384","3","1","1","1","14","9.299999992e-08","5.679571000e-03","4.417700000e-05","5.723841000e-03","5.505934200e-03","5.461664200e-03","2.179068002e-04","292.523063","294.894134","294.894134","1.189759970e-04","8.838400245e-05","1.054680075e-05","row","0","-1.000000000e+00","-1.000000"
"cuda_warp_smem(blk512)","32","double","local","local","16384","16384","3","1","1","1","15","1.610000000e-07","5.688580000e-03","5.464600000e-05","5.743387000e-03","5.527351193e-03","5.472544193e-03","2.160358067e-04","291.389615","294.307854","294.307854","1.203840002e-04","8.572799712e-05","9.923809366e-06","row","0","-1.000000000e+00","-1.000000"
"cuda_warp_smem(blk512)","32","double","local","local","16384","16384","3","1","1","1","16","1.060000001e-07","5.688423000e-03","4.413000000e-05","5.732659000e-03","5.519788082e-03","5.475552082e-03","2.128709179e-04","291.788872","294.146181","294.146181","1.197440028e-04","8.416000009e-05","8.966915033e-06","row","0","-1.000000000e+00","-1.000000"
"cuda_warp_smem(blk512)","32","double","local","local","16384","16384","3","1","1","1","17","9.899999998e-08","5.680936000e-03","4.444600000e-05","5.725481000e-03","5.503585165e-03","5.459040165e-03","2.218958351e-04","292.647917","295.035883","295.035883","1.216320023e-04","9.155199677e-05","8.711835991e-06","row","0","-1.000000000e+00","-1.000000"
"cuda_warp_smem(blk512)","32","double","local","local","16384","16384","3","1","1","1","18","9.299999992e-08","5.679088000e-03","4.431700000e-05","5.723498000e-03","5.511066208e-03","5.466656208e-03","2.124317920e-04","292.250660","294.624845","294.624845","1.186240017e-04","8.531200141e-05","8.495788813e-06","row","0","-1.000000000e+00","-1.000000"
"cuda_warp_smem(blk512)","32","double","local","local","16384","16384","3","1","1","1","19","1.169999999e-07","5.678275000e-03","4.459600000e-05","5.722988000e-03","5.504905204e-03","5.460192204e-03","2.180827965e-04","292.577742","294.973634","294.973634","1.194880009e-04","8.899199963e-05","9.602795983e-06","row","0","-1.000000000e+00","-1.000000"
"cuda_warp_smem(blk512)","32","double","local","local","16384","16384","3","1","1","1","20","1.110000001e-07","5.676197000e-03","4.502500000e-05","5.721333000e-03","5.504432227e-03","5.459296227e-03","2.169007735e-04","292.602882","295.022045","295.022045","1.195520014e-04","8.803199977e-05","9.316772375e-06","row","0","-1.000000000e+00","-1.000000"
"cuda_warp_smem(blk512)","32","double","local","local","16384","16384","6","1","1","1","1","1.960000002e-07","1.058183100e-02","8.963300000e-05","1.067166000e-02","1.025277284e-02","1.016294384e-02","4.188871600e-04","314.180907","316.957913","316.957913","2.323199958e-04","1.760960072e-04","1.047115698e-05","row","0","-1.000000000e+00","-1.000000"
"cuda_warp_smem(blk512)","32","double","local","local","16384","16384","6","1","1","1","2","1.080000001e-07","1.057284300e-02","8.973200000e-05","1.066268300e-02","1.024551970e-02","1.015567970e-02","4.171632972e-04","314.403326","317.184626","317.184626","2.311040014e-04","1.757120043e-04","1.034729153e-05","row","0","-1.000000000e+00","-1.000000"
"cuda_warp_smem(blk512)","32","double","local","local","16384","16384","6","1","1","1","3","1.560000000e-07","1.057838600e-02","8.962700000e-05","1.066816900e-02","1.024303083e-02","1.015324783e-02","4.251381667e-04","314.479720","317.260597","317.260597","2.362239957e-04","1.786559969e-04","1.025817414e-05","row","0","-1.000000000e+00","-1.000000"
"cuda_warp_smem(blk512)","32","double","local","local","16384","16384","6","1","1","1","4","1.230000000e-07","1.056444300e-02","8.996200000e-05","1.065452800e-02","1.023632523e-02","1.014624023e-02","4.182027656e-04","314.685729","317.479716","317.479716","2.324160039e-04","1.750079989e-04","1.077876274e-05","row","0","-1.000000000e+00","-1.000000"
"cuda_warp_smem(blk512)","32","double","local","local","16384","16384","6","1","1","1","5","1.390000000e-07","1.055655900e-02","8.961500000e-05","1.064631300e-02","1.023516168e-02","1.014540768e-02","4.111513233e-04","314.721504","317.505770","317.505770","2.317759991e-04","1.703680009e-04","9.007323369e-06","row","0","-1.000000000e+00","-1.000000"
"cuda_warp_smem(blk512)","32","double","local","local","16384","16384","6","1","1","1","6","1.159999998e-07","1.056661300e-02","8.808700000e-05","1.065481600e-02","1.023623519e-02","1.014803219e-02","4.185808116e-04","314.688498","317.423655","317.423655","2.369280010e-04","1.720319986e-04","9.620811904e-06","row","0","-1.000000000e+00","-1.000000"
"cuda_warp_smem(blk512)","32","double","local","local","16384","16384","6","1","1","1","7","1.220000001e-07","1.056308700e-02","9.843000000e-05","1.066163900e-02","1.024463202e-02","1.014608002e-02","4.170069829e-04","314.430569","317.484730","317.484730","2.319359928e-04","1.749439985e-04","1.012699162e-05","row","0","-1.000000000e+00","-1.000000"
"cuda_warp_smem(blk512)","32","double","local","local","16384","16384","6","1","1","1","8","1.379999999e-07","1.055095200e-02","8.907500000e-05","1.064016500e-02","1.022850858e-02","1.013929558e-02","4.116564220e-04","314.926213","317.697166","317.697166","2.337599993e-04","1.679359972e-04","9.960425474e-06","row","0","-1.000000000e+00","-1.000000"
"cuda_warp_smem(blk512)","32","double","local","local","16384","16384","6","1","1","1","9","1.260000002e-07","1.055973700e-02","8.974600000e-05","1.064960900e-02","1.023656046e-02","1.014668846e-02","4.130485387e-04","314.678498","317.465692","317.465692","2.344959974e-04","1.691839993e-04","9.368541967e-06","row","0","-1.000000000e+00","-1.000000"
"cuda_warp_smem(blk512)","32","double","local","local","16384","16384","6","1","1","1","10","1.340000000e-07","1.055505700e-02","8.983400000e-05","1.064502500e-02","1.023611191e-02","1.014614391e-02","4.089130867e-04","314.692287","317.482730","317.482730","2.313919961e-04","1.669120044e-04","1.060908623e-05","row","0","-1.000000000e+00","-1.000000"
"cuda_warp_smem(blk512)","32","double","local","local","16384","16384","6","1","1","1","11","1.460000001e-07","1.055471100e-02","8.998100000e-05","1.064483800e-02","1.023284722e-02","1.014272022e-02","4.119907775e-04","314.792687","317.589897","317.589897","2.325759977e-04","1.703359932e-04","9.078786646e-06","row","0","-1.000000000e+00","-1.000000"
"cuda_warp_smem(blk512)","32","double","local","local","16384","16384","6","1","1","1","12","1.370000002e-07","1.055660500e-02","8.910700000e-05","1.064584900e-02","1.023250782e-02","1.014326382e-02","4.133411832e-04","314.803128","317.572877","317.572877","2.330240011e-04","1.703999937e-04","9.917188387e-06","row","0","-1.000000000e+00","-1.000000"
"cuda_warp_smem(blk512)","32","double","local","local","16384","16384","6","1","1","1","13","1.349999998e-07","1.054532300e-02","8.955100000e-05","1.063500900e-02","1.022840556e-02","1.013871956e-02","4.066034413e-04","314.929385","317.715216","317.715216","2.310400009e-04","1.650879979e-04","1.047544246e-05","row","0","-1.000000000e+00","-1.000000"
"cuda_warp_smem(blk512)","32","double","local","local","16384","16384","6","1","1","1","14","1.230000002e-07","1.054339600e-02","9.089800000e-05","1.063441700e-02","1.022439712e-02","1.013337612e-02","4.100198785e-04","315.052852","317.882750","317.882750","2.313919961e-04","1.694400012e-04","9.187881084e-06","row","0","-1.000000000e+00","-1.000000"
"cuda_warp_smem(blk512)","32","double","local","local","16384","16384","6","1","1","1","15","1.299999999e-07","1.054152300e-02","8.909100000e-05","1.063074400e-02","1.022461319e-02","1.013539219e-02","4.061308110e-04","315.046194","317.819519","317.819519","2.320639938e-04","1.648319960e-04","9.234821198e-06","row","0","-1.000000000e+00","-1.000000"
"cuda_warp_smem(blk512)","32","double","local","local","16384","16384","6","1","1","1","16","1.430000001e-07","1.054854900e-02","9.415500000e-05","1.064284700e-02","1.023020231e-02","1.013590431e-02","4.126446879e-04","314.874073","317.803461","317.803461","2.325440049e-04","1.700479984e-04","1.005268452e-05","row","0","-1.000000000e+00","-1.000000"
"cuda_warp_smem(blk512)","32","double","local","local","16384","16384","6","1","1","1","17","1.620000001e-07","1.357244500e-02","9.113700000e-05","1.366374400e-02","1.023171515e-02","1.014041615e-02","3.432028855e-03","314.827517","317.662059","317.662059","2.321600020e-04","3.189408064e-03","1.046078879e-05","row","0","-1.000000000e+00","-1.000000"
"cuda_warp_smem(blk512)","32","double","local","local","16384","16384","6","1","1","1","18","1.270000001e-07","1.056416500e-02","8.978400000e-05","1.065407600e-02","1.023048736e-02","1.014057636e-02","4.235886374e-04","314.865300","317.657040","317.657040","2.330240011e-04","1.795199960e-04","1.104464022e-05","row","0","-1.000000000e+00","-1.000000"
"cuda_warp_smem(blk512)","32","double","local","local","16384","16384","6","1","1","1","19","1.460000001e-07","1.055728200e-02","8.905000000e-05","1.064647800e-02","1.022919634e-02","1.014000034e-02","4.172816567e-04","314.905039","317.675085","317.675085","2.318399996e-04","1.752000004e-04","1.024165672e-05","row","0","-1.000000000e+00","-1.000000"
"cuda_warp_smem(blk512)","32","double","local","local","16384","16384","6","1","1","1","20","1.439999999e-07","1.055516800e-02","8.832600000e-05","1.064363800e-02","1.022581436e-02","1.013734436e-02","4.178236396e-04","315.009187","317.758316","317.758316","2.345920056e-04","1.737599969e-04","9.471637147e-06","row","0","-1.000000000e+00","-1.000000"
"cuda_warp_smem(blk512)","32","double","local","local","16384","16384","8","1","1","1","1","2.119999998e-07","1.436533200e-02","1.201170000e-04","1.448566100e-02","1.391229735e-02","1.379196835e-02","5.733636544e-04","308.717330","311.410756","311.410756","3.089919984e-04","2.548800111e-04","9.491644842e-06","row","0","-1.000000000e+00","-1.000000"
"cuda_warp_smem(blk512)","32","double","local","local","16384","16384","8","1","1","1","2","2.070000000e-07","1.435038000e-02","1.217310000e-04","1.447231800e-02","1.390840174e-02","1.378646374e-02","5.639162625e-04","308.803799","311.535095","311.535095","3.083840013e-04","2.450239956e-04","1.050826562e-05","row","0","-1.000000000e+00","-1.000000"
"cuda_warp_smem(blk512)","32","double","local","local","16384","16384","8","1","1","1","3","2.250000000e-07","1.431757500e-02","1.198390000e-04","1.443763900e-02","1.387830375e-02","1.375823975e-02","5.593352539e-04","309.473504","312.174186","312.174186","3.059520125e-04","2.421759963e-04","1.120724506e-05","row","0","-1.000000000e+00","-1.000000"
"cuda_warp_smem(blk512)","32","double","local","local","16384","16384","8","1","1","1","4","2.100000001e-07","1.432702800e-02","1.209180000e-04","1.444815600e-02","1.388720790e-02","1.376607990e-02","5.609480974e-04","309.275077","311.996394","311.996394","3.077760041e-04","2.428800017e-04","1.029209161e-05","row","0","-1.000000000e+00","-1.000000"
"cuda_warp_smem(blk512)","32","double","local","local","16384","16384","8","1","1","1","5","2.379999999e-07","1.432417400e-02","1.192400000e-04","1.444365200e-02","1.388264633e-02","1.376316833e-02","5.610056650e-04","309.376699","312.062397","312.062397","3.117760122e-04","2.387199998e-04","1.050965307e-05","row","0","-1.000000000e+00","-1.000000"
"cuda_warp_smem(blk512)","32","double","local","local","16384","16384","8","1","1","1","6","2.299999999e-07","1.431840300e-02","1.194190000e-04","1.443805200e-02","1.388422496e-02","1.376457596e-02","5.538270417e-04","309.341523","312.030484","312.030484","3.100160062e-04","2.340479940e-04","9.763041499e-06","row","0","-1.000000000e+00","-1.000000"
"cuda_warp_smem(blk512)","32","double","local","local","16384","16384","8","1","1","1","7","2.240000001e-07","1.432277200e-02","1.289500000e-04","1.445194600e-02","1.389320636e-02","1.376403236e-02","5.587396361e-04","309.141546","312.042807","312.042807","3.091840148e-04","2.383359969e-04","1.121962444e-05","row","0","-1.000000000e+00","-1.000000"
"cuda_warp_smem(blk512)","32","double","local","local","16384","16384","8","1","1","1","8","2.299999999e-07","1.431095400e-02","1.194030000e-04","1.443058700e-02","1.388523320e-02","1.376560020e-02","5.453537955e-04","309.319061","312.007267","312.007267","3.078080118e-04","2.274560034e-04","1.008978033e-05","row","0","-1.000000000e+00","-1.000000"
"cuda_warp_smem(blk512)","32","double","local","local","16384","16384","8","1","1","1","9","2.410000000e-07","1.430595800e-02","1.240090000e-04","1.443020800e-02","1.388415391e-02","1.375990391e-02","5.460540922e-04","309.343106","312.136431","312.136431","3.056319952e-04","2.306240052e-04","9.798091825e-06","row","0","-1.000000000e+00","-1.000000"
"cuda_warp_smem(blk512)","32","double","local","local","16384","16384","8","1","1","1","10","2.349999999e-07","1.430349700e-02","1.204670000e-04","1.442419900e-02","1.387596628e-02","1.375526428e-02","5.482327178e-04","309.525637","312.241714","312.241714","3.064000010e-04","2.314559966e-04","1.037672009e-05","row","0","-1.000000000e+00","-1.000000"
"cuda_warp_smem(blk512)","32","double","local","local","16384","16384","8","1","1","1","11","2.410000000e-07","1.429931400e-02","1.187000000e-04","1.441825500e-02","1.386946934e-02","1.375052834e-02","5.487856644e-04","309.670629","312.349256","312.349256","3.087359965e-04","2.291840017e-04","1.086566626e-05","row","0","-1.000000000e+00","-1.000000"
"cuda_warp_smem(blk512)","32","double","local","local","16384","16384","8","1","1","1","12","2.429999997e-07","1.430714400e-02","1.214140000e-04","1.442880100e-02","1.387692128e-02","1.375526428e-02","5.518797178e-04","309.504335","312.241714","312.241714","3.112640083e-04","2.295999974e-04","1.101571209e-05","row","0","-1.000000000e+00","-1.000000"
"cuda_warp_smem(blk512)","32","double","local","local","16384","16384","8","1","1","1","13","2.030000001e-07","1.430995100e-02","1.193780000e-04","1.442953200e-02","1.387266900e-02","1.375308800e-02","5.568630026e-04","309.599205","312.291123","312.291123","3.075200021e-04","2.396479994e-04","9.695001031e-06","row","0","-1.000000000e+00","-1.000000"
"cuda_warp_smem(blk512)","32","double","local","local","16384","16384","8","1","1","1","14","2.189999999e-07","1.430372300e-02","1.188840000e-04","1.442282600e-02","1.386931090e-02","1.375020790e-02","5.535150990e-04","309.674167","312.356535","312.356535","3.087680042e-04","2.352319956e-04","9.515099237e-06","row","0","-1.000000000e+00","-1.000000"
"cuda_warp_smem(blk512)","32","double","local","local","16384","16384","8","1","1","1","15","1.959999998e-07","1.429095700e-02","1.197220000e-04","1.441087500e-02","1.387012590e-02","1.375020790e-02","5.407490990e-04","309.655970","312.356535","312.356535","3.022400141e-04","2.279359996e-04","1.057308529e-05","row","0","-1.000000000e+00","-1.000000"
"cuda_warp_smem(blk512)","32","double","local","local","16384","16384","8","1","1","1","16","1.599999999e-07","1.429812600e-02","1.224540000e-04","1.442074000e-02","1.387163839e-02","1.374902439e-02","5.491016088e-04","309.622207","312.383423","312.383423","3.057599962e-04","2.332479954e-04","1.009361727e-05","row","0","-1.000000000e+00","-1.000000"
"cuda_warp_smem(blk512)","32","double","local","local","16384","16384","8","1","1","1","17","1.599999999e-07","1.430831300e-02","1.192610000e-04","1.442773400e-02","1.387074947e-02","1.375132847e-02","5.569845317e-04","309.642050","312.331082","312.331082","3.025920093e-04","2.438080013e-04","1.058452109e-05","row","0","-1.000000000e+00","-1.000000"
"cuda_warp_smem(blk512)","32","double","local","local","16384","16384","8","1","1","1","18","1.799999998e-07","1.429442700e-02","1.188500000e-04","1.441345700e-02","1.387160587e-02","1.375257587e-02","5.418511257e-04","309.622933","312.302752","312.302752","3.052479923e-04","2.262399942e-04","1.036313923e-05","row","0","-1.000000000e+00","-1.000000"
"cuda_warp_smem(blk512)","32","double","local","local","16384","16384","8","1","1","1","19","1.560000000e-07","1.428864200e-02","1.185590000e-04","1.440735700e-02","1.386133928e-02","1.374262428e-02","5.460177172e-04","309.852259","312.528903","312.528903","3.066880107e-04","2.294719964e-04","9.857710044e-06","row","0","-1.000000000e+00","-1.000000"
"cuda_warp_smem(blk512)","32","double","local","local","16384","16384","8","1","1","1","20","4.610000000e-07","1.428745800e-02","1.196830000e-04","1.440760200e-02","1.386740791e-02","1.374726391e-02","5.401940916e-04","309.716663","312.423427","312.423427","3.047679961e-04","2.247679979e-04","1.065809768e-05","row","0","-1.000000000e+00","-1.000000"
"cuda_warp_smem(blk512)","32","double","local","local","16384","16384","20","1","1","1","1","2.389999998e-07","3.531965000e-02","2.998280000e-04","3.561971700e-02","3.452483659e-02","3.422476959e-02","1.094880408e-03","311.005621","313.732375","313.732375","5.935999751e-04","4.896320105e-04","1.164842215e-05","row","0","-1.000000000e+00","-1.000000"
"cuda_warp_smem(blk512)","32","double","local","local","16384","16384","20","1","1","1","2","3.280000000e-07","3.532460300e-02","3.044850000e-04","3.562941600e-02","3.452855644e-02","3.422374344e-02","1.100859561e-03","310.972115","313.741782","313.741782","5.987200141e-04","4.920639992e-04","1.007554801e-05","row","0","-1.000000000e+00","-1.000000"
"cuda_warp_smem(blk512)","32","double","local","local","16384","16384","20","1","1","1","3","2.210000001e-07","3.533220600e-02","3.040420000e-04","3.563646900e-02","3.453370178e-02","3.422943878e-02","1.102767218e-03","310.925782","313.689579","313.689579","5.936639905e-04","4.984639883e-04","1.063923946e-05","row","0","-1.000000000e+00","-1.000000"
"cuda_warp_smem(blk512)","32","double","local","local","16384","16384","20","1","1","1","4","3.180000001e-07","3.532320600e-02","3.075220000e-04","3.563104600e-02","3.453635181e-02","3.422851181e-02","1.094694190e-03","310.901924","313.698074","313.698074","5.963199735e-04","4.877440035e-04","1.063021269e-05","row","0","-1.000000000e+00","-1.000000"
"cuda_warp_smem(blk512)","32","double","local","local","16384","16384","20","1","1","1","5","2.210000001e-07","3.531348900e-02","3.004970000e-04","3.561420700e-02","3.452996605e-02","3.422924805e-02","1.084240953e-03","310.959421","313.691327","313.691327","5.961920023e-04","4.767360091e-04","1.131294171e-05","row","0","-1.000000000e+00","-1.000000"
"cuda_warp_smem(blk512)","32","double","local","local","16384","16384","20","1","1","1","6","1.930000000e-07","3.529568500e-02","2.983370000e-04","3.559421500e-02","3.452653064e-02","3.422800064e-02","1.067684359e-03","310.990361","313.702759","313.702759","5.853760242e-04","4.712319970e-04","1.107633787e-05","row","0","-1.000000000e+00","-1.000000"
"cuda_warp_smem(blk512)","32","double","local","local","16384","16384","20","1","1","1","7","2.050000001e-07","3.530426900e-02","3.021520000e-04","3.560662600e-02","3.452434186e-02","3.422198486e-02","1.082284137e-03","311.010078","313.757904","313.757904","5.905920267e-04","4.817599952e-04","9.932114786e-06","row","0","-1.000000000e+00","-1.000000"
"cuda_warp_smem(blk512)","32","double","local","local","16384","16384","20","1","1","1","8","2.219999999e-07","3.528664600e-02","3.054910000e-04","3.559235900e-02","3.451380855e-02","3.420809555e-02","1.078550449e-03","311.104995","313.885297","313.885297","5.960000157e-04","4.729599953e-04","9.590438458e-06","row","0","-1.000000000e+00","-1.000000"
"cuda_warp_smem(blk512)","32","double","local","local","16384","16384","20","1","1","1","9","2.040000000e-07","3.527260700e-02","2.984080000e-04","3.557121900e-02","3.450290048e-02","3.420428848e-02","1.068318517e-03","311.203351","313.920234","313.920234","5.934720039e-04","4.634880126e-04","1.135850084e-05","row","0","-1.000000000e+00","-1.000000"
"cuda_warp_smem(blk512)","32","double","local","local","16384","16384","20","1","1","1","10","1.980000000e-07","3.528793400e-02","3.142390000e-04","3.560237100e-02","3.451491841e-02","3.420048141e-02","1.087452585e-03","311.094991","313.955178","313.955178","5.957760215e-04","4.806720018e-04","1.100456189e-05","row","0","-1.000000000e+00","-1.000000"
"cuda_warp_smem(blk512)","32","double","local","local","16384","16384","20","1","1","1","11","2.830000001e-07","3.530249300e-02","3.014050000e-04","3.560418100e-02","3.450812034e-02","3.420643234e-02","1.096060657e-03","311.156277","313.900559","313.900559","5.942400098e-04","4.915199876e-04","1.030066010e-05","row","0","-1.000000000e+00","-1.000000"
"cuda_warp_smem(blk512)","32","double","local","local","16384","16384","20","1","1","1","12","1.830000000e-07","3.529483900e-02","3.025150000e-04","3.559753700e-02","3.450708185e-02","3.420438385e-02","1.090455150e-03","311.165641","313.919359","313.919359","6.001920104e-04","4.798719883e-04","1.039115120e-05","row","0","-1.000000000e+00","-1.000000"
"cuda_warp_smem(blk512)","32","double","local","local","16384","16384","20","1","1","1","13","1.410000001e-07","3.527913000e-02","3.082150000e-04","3.558748600e-02","3.450931425e-02","3.420095825e-02","1.078171748e-03","311.145512","313.950801","313.950801","5.986880064e-04","4.686720073e-04","1.081173432e-05","row","0","-1.000000000e+00","-1.000000"
"cuda_warp_smem(blk512)","32","double","local","local","16384","16384","20","1","1","1","14","1.539999999e-07","3.527516300e-02","3.005990000e-04","3.557591600e-02","3.450382459e-02","3.420307159e-02","1.072091406e-03","311.195016","313.931403","313.931403","5.924800038e-04","4.682880044e-04","1.132339753e-05","row","0","-1.000000000e+00","-1.000000"
"cuda_warp_smem(blk512)","32","double","local","local","16384","16384","20","1","1","1","15","1.630000002e-07","3.527113100e-02","3.010180000e-04","3.557231200e-02","3.450511853e-02","3.420393753e-02","1.067193469e-03","311.183346","313.923455","313.923455","5.893759727e-04","4.661119878e-04","1.170550891e-05","row","0","-1.000000000e+00","-1.000000"
"cuda_warp_smem(blk512)","32","double","local","local","16384","16384","20","1","1","1","16","1.860000003e-07","3.525860600e-02","2.965970000e-04","3.555538900e-02","3.450174287e-02","3.420495987e-02","1.053646131e-03","311.213792","313.914072","313.914072","5.830720067e-04","4.592640102e-04","1.131011372e-05","row","0","-1.000000000e+00","-1.000000"
"cuda_warp_smem(blk512)","32","double","local","local","16384","16384","20","1","1","1","17","1.340000000e-07","3.579585600e-02","8.819290000e-04","3.667791900e-02","3.508568010e-02","3.420361710e-02","1.592238904e-03","306.034206","313.926396","313.926396","5.904319882e-04","9.887999892e-04","1.300692659e-05","row","0","-1.000000000e+00","-1.000000"
"cuda_warp_smem(blk512)","32","double","local","local","16384","16384","20","1","1","1","18","1.049999998e-07","3.579836600e-02","2.993420000e-04","3.609781300e-02","3.449759001e-02","3.419814301e-02","1.600222995e-03","311.251257","313.976646","313.976646","1.119135976e-03","4.695680141e-04","1.151900465e-05","row","0","-1.000000000e+00","-1.000000"
"cuda_warp_smem(blk512)","32","double","local","local","16384","16384","20","1","1","1","19","1.759999999e-07","3.527286500e-02","3.037170000e-04","3.557675800e-02","3.450977984e-02","3.420588684e-02","1.066978159e-03","311.141314","313.905565","313.905565","5.968319774e-04","4.582079947e-04","1.193818711e-05","row","0","-1.000000000e+00","-1.000000"
"cuda_warp_smem(blk512)","32","double","local","local","16384","16384","20","1","1","1","20","1.689999998e-07","3.526825200e-02","3.002600000e-04","3.556868100e-02","3.450692619e-02","3.420649719e-02","1.061754808e-03","311.167045","313.899964","313.899964","5.910720229e-04","4.591360092e-04","1.154677549e-05","row","0","-1.000000000e+00","-1.000000"
"cuda_warp_smem(blk512)","32","double","local","local","16384","16384","32","1","1","1","1","1.980000000e-07","5.714958300e-02","5.334670000e-04","5.768324800e-02","5.581913787e-02","5.528547287e-02","1.864110130e-03","307.777401","310.748345","310.748345","9.752960205e-04","8.764479756e-04","1.236613398e-05","row","0","-1.000000000e+00","-1.000000"
"cuda_warp_smem(blk512)","32","double","local","local","16384","16384","32","1","1","1","2","1.580000000e-07","5.711767500e-02","5.338160000e-04","5.765164900e-02","5.580952484e-02","5.527555084e-02","1.842124158e-03","307.830415","310.804124","310.804124","9.658880234e-04","8.653439879e-04","1.089214640e-05","row","0","-1.000000000e+00","-1.000000"
"cuda_warp_smem(blk512)","32","double","local","local","16384","16384","32","1","1","1","3","2.749999999e-07","5.711029000e-02","5.410550000e-04","5.765162000e-02","5.581665959e-02","5.527532959e-02","1.834960410e-03","307.791067","310.805369","310.805369","9.654399753e-04","8.568639755e-04","1.265645937e-05","row","0","-1.000000000e+00","-1.000000"
"cuda_warp_smem(blk512)","32","double","local","local","16384","16384","32","1","1","1","4","2.910000001e-07","5.713120500e-02","5.526030000e-04","5.768409900e-02","5.582812441e-02","5.527523041e-02","1.855974592e-03","307.727859","310.805926","310.805926","9.740160108e-04","8.702719808e-04","1.168660076e-05","row","0","-1.000000000e+00","-1.000000"
"cuda_warp_smem(blk512)","32","double","local","local","16384","16384","32","1","1","1","5","2.820000000e-07","5.713096100e-02","5.272800000e-04","5.765852300e-02","5.580064855e-02","5.527308655e-02","1.857874452e-03","307.879382","310.817981","310.817981","9.762560129e-04","8.689600229e-04","1.265841631e-05","row","0","-1.000000000e+00","-1.000000"
"cuda_warp_smem(blk512)","32","double","local","local","16384","16384","32","1","1","1","6","1.450000000e-07","5.712729200e-02","5.212660000e-04","5.764870300e-02","5.579440218e-02","5.527299118e-02","1.854300820e-03","307.913850","310.818518","310.818518","9.765120149e-04","8.665599823e-04","1.122882241e-05","row","0","-1.000000000e+00","-1.000000"
"cuda_warp_smem(blk512)","32","double","local","local","16384","16384","32","1","1","1","7","1.789999997e-07","5.711761200e-02","5.258830000e-04","5.764367400e-02","5.580839919e-02","5.528233719e-02","1.835274811e-03","307.836624","310.765971","310.765971","9.714879990e-04","8.515200019e-04","1.226681043e-05","row","0","-1.000000000e+00","-1.000000"
"cuda_warp_smem(blk512)","32","double","local","local","16384","16384","32","1","1","1","8","1.709999999e-07","5.710144500e-02","5.267190000e-04","5.762833500e-02","5.580692311e-02","5.528003311e-02","1.821411888e-03","307.844766","310.778924","310.778924","9.613119960e-04","8.485119939e-04","1.158789856e-05","row","0","-1.000000000e+00","-1.000000"
"cuda_warp_smem(blk512)","32","double","local","local","16384","16384","32","1","1","1","9","1.670000001e-07","5.714897700e-02","5.710780000e-04","5.772022200e-02","5.584804325e-02","5.527679825e-02","1.872178752e-03","307.618104","310.797111","310.797111","9.751999974e-04","8.823680282e-04","1.461072612e-05","row","0","-1.000000000e+00","-1.000000"
"cuda_warp_smem(blk512)","32","double","local","local","16384","16384","32","1","1","1","10","2.090000000e-07","5.713395100e-02","5.176020000e-04","5.765176200e-02","5.579022616e-02","5.527241516e-02","1.861535839e-03","307.936898","310.821757","310.821757","9.770240188e-04","8.725759983e-04","1.193582180e-05","row","0","-1.000000000e+00","-1.000000"
"cuda_warp_smem(blk512)","32","double","local","local","16384","16384","32","1","1","1","11","1.359999997e-07","5.795492600e-02","1.467204000e-03","5.942226600e-02","5.673975516e-02","5.527241516e-02","2.682510839e-03","302.783633","310.821757","310.821757","9.742400050e-04","1.694111943e-03","1.415889061e-05","row","0","-1.000000000e+00","-1.000000"
"cuda_warp_smem(blk512)","32","double","local","local","16384","16384","32","1","1","1","12","8.839999999e-07","5.798171100e-02","5.385880000e-04","5.852118300e-02","5.582289638e-02","5.528342438e-02","2.698286623e-03","307.756679","310.759859","310.759859","1.827999949e-03","8.573120236e-04","1.297464946e-05","row","0","-1.000000000e+00","-1.000000"
"cuda_warp_smem(blk512)","32","double","local","local","16384","16384","32","1","1","1","13","1.219999999e-07","5.710427900e-02","5.254270000e-04","5.762982800e-02","5.580046279e-02","5.527491379e-02","1.829365212e-03","307.880407","310.807707","310.807707","9.607679844e-04","8.559039831e-04","1.269324465e-05","row","0","-1.000000000e+00","-1.000000"
"cuda_warp_smem(blk512)","32","double","local","local","16384","16384","32","1","1","1","14","2.790000000e-07","5.712731200e-02","5.398060000e-04","5.766739700e-02","5.581486909e-02","5.527478409e-02","1.852527912e-03","307.800940","310.808436","310.808436","9.642879963e-04","8.763840199e-04","1.185589572e-05","row","0","-1.000000000e+00","-1.000000"
"cuda_warp_smem(blk512)","32","double","local","local","16384","16384","32","1","1","1","15","3.060000000e-07","5.713492500e-02","5.290200000e-04","5.766425100e-02","5.580574278e-02","5.527641678e-02","1.858508221e-03","307.851277","310.799256","310.799256","9.814080000e-04","8.639039993e-04","1.319622211e-05","row","0","-1.000000000e+00","-1.000000"
"cuda_warp_smem(blk512)","32","double","local","local","16384","16384","32","1","1","1","16","1.729999997e-07","5.794270900e-02","1.457164000e-03","5.940004600e-02","5.672728787e-02","5.526995087e-02","2.672758133e-03","302.850177","310.835615","310.835615","9.744319916e-04","1.684767962e-03","1.355818022e-05","row","0","-1.000000000e+00","-1.000000"
"cuda_warp_smem(blk512)","32","double","local","local","16384","16384","32","1","1","1","17","8.289999998e-07","5.795531300e-02","5.158180000e-04","5.847196000e-02","5.579684033e-02","5.528019333e-02","2.675119671e-03","307.900395","310.778023","310.778023","1.820448041e-03","8.423680067e-04","1.230362347e-05","row","0","-1.000000000e+00","-1.000000"
"cuda_warp_smem(blk512)","32","double","local","local","16384","16384","32","1","1","1","18","1.320000003e-07","5.708338200e-02","5.190170000e-04","5.760253100e-02","5.579630202e-02","5.527715302e-02","1.806228985e-03","307.903366","310.795116","310.795116","9.574720263e-04","8.372799754e-04","1.147698310e-05","row","0","-1.000000000e+00","-1.000000"
"cuda_warp_smem(blk512)","32","double","local","local","16384","16384","32","1","1","1","19","1.350000001e-07","5.707922700e-02","5.126780000e-04","5.759204000e-02","5.578206196e-02","5.526924896e-02","1.809978038e-03","307.981967","310.839563","310.839563","9.612159729e-04","8.367360234e-04","1.202604127e-05","row","0","-1.000000000e+00","-1.000000"
"cuda_warp_smem(blk512)","32","double","local","local","16384","16384","32","1","1","1","20","7.299999982e-08","5.709796400e-02","5.377840000e-04","5.763582100e-02","5.581667322e-02","5.527881622e-02","1.819147777e-03","307.790991","310.785765","310.785765","9.732159972e-04","8.338559866e-04","1.207579304e-05","row","0","-1.000000000e+00","-1.000000"
"cuda_warp_smem(blk1024)","32","double","local","local","16384","16384","3","1","1","1","1","1.310000002e-07","5.673128000e-03","4.397200000e-05","5.717231000e-03","5.500358913e-03","5.456255913e-03","2.168720872e-04","292.819571","295.186436","295.186436","1.172479987e-04","9.014400095e-05","9.480087557e-06","row","0","-1.000000000e+00","-1.000000"
"cuda_warp_smem(blk1024)","32","double","local","local","16384","16384","3","1","1","1","2","1.189999999e-07","5.682223000e-03","4.397000000e-05","5.726312000e-03","5.502648990e-03","5.458559990e-03","2.236630101e-04","292.697706","295.061837","295.061837","1.223360002e-04","9.225600213e-05","9.071007739e-06","row","0","-1.000000000e+00","-1.000000"
"cuda_warp_smem(blk1024)","32","double","local","local","16384","16384","3","1","1","1","3","8.700000009e-08","5.674599000e-03","4.411100000e-05","5.718797000e-03","5.503077948e-03","5.458879948e-03","2.157190523e-04","292.674891","295.044542","295.044542","1.181759983e-04","8.915200084e-05","8.391053163e-06","row","0","-1.000000000e+00","-1.000000"
"cuda_warp_smem(blk1024)","32","double","local","local","16384","16384","3","1","1","1","4","1.390000000e-07","5.696983000e-03","4.467400000e-05","5.741796000e-03","5.504237019e-03","5.459424019e-03","2.375589811e-04","292.613260","295.015139","295.015139","1.185600013e-04","1.088960022e-04","1.010297771e-05","row","0","-1.000000000e+00","-1.000000"
"cuda_warp_smem(blk1024)","32","double","local","local","16384","16384","3","1","1","1","5","1.140000001e-07","5.678476000e-03","4.436900000e-05","5.722959000e-03","5.499842936e-03","5.455359936e-03","2.231160642e-04","292.847042","295.234917","295.234917","1.208320037e-04","9.337600321e-05","8.908057381e-06","row","0","-1.000000000e+00","-1.000000"
"cuda_warp_smem(blk1024)","32","double","local","local","16384","16384","3","1","1","1","6","1.049999998e-07","5.675555000e-03","4.460200000e-05","5.720262000e-03","5.500579059e-03","5.455872059e-03","2.196829411e-04","292.807851","295.207204","295.207204","1.193599999e-04","9.158399701e-05","8.738944225e-06","row","0","-1.000000000e+00","-1.000000"
"cuda_warp_smem(blk1024)","32","double","local","local","16384","16384","3","1","1","1","7","1.080000001e-07","5.672962000e-03","4.427900000e-05","5.717349000e-03","5.501186984e-03","5.456799984e-03","2.161620160e-04","292.775494","295.157004","295.157004","1.186240017e-04","8.764799684e-05","9.890017437e-06","row","0","-1.000000000e+00","-1.000000"
"cuda_warp_smem(blk1024)","32","double","local","local","16384","16384","3","1","1","1","8","8.700000009e-08","5.676819000e-03","4.850900000e-05","5.725415000e-03","5.505876159e-03","5.457280159e-03","2.195388410e-04","292.526147","295.131034","295.131034","1.184960008e-04","9.190399945e-05","9.138840789e-06","row","0","-1.000000000e+00","-1.000000"
"cuda_warp_smem(blk1024)","32","double","local","local","16384","16384","3","1","1","1","9","8.400000007e-08","5.678795000e-03","4.376500000e-05","5.722644000e-03","5.502184876e-03","5.458335876e-03","2.204591235e-04","292.722395","295.073952","295.073952","1.179839969e-04","9.318400174e-05","9.291124923e-06","row","0","-1.000000000e+00","-1.000000"
"cuda_warp_smem(blk1024)","32","double","local","local","16384","16384","3","1","1","1","10","8.400000007e-08","5.675089000e-03","4.401800000e-05","5.719191000e-03","5.499878215e-03","5.455776215e-03","2.193127854e-04","292.845164","295.212390","295.212390","1.189759970e-04","9.136000276e-05","8.976785673e-06","row","0","-1.000000000e+00","-1.000000"
"cuda_warp_smem(blk1024)","32","double","local","local","16384","16384","3","1","1","1","11","8.500000015e-08","5.674524000e-03","4.522100000e-05","5.719830000e-03","5.503577980e-03","5.458271980e-03","2.162520197e-04","292.648299","295.077406","295.077406","1.191359982e-04","8.816000074e-05","8.956020783e-06","row","0","-1.000000000e+00","-1.000000"
"cuda_warp_smem(blk1024)","32","double","local","local","16384","16384","3","1","1","1","12","8.900000004e-08","5.684783000e-03","4.325500000e-05","5.728127000e-03","5.499343851e-03","5.455999851e-03","2.287831488e-04","292.873619","295.200290","295.200290","1.302399933e-04","8.848000318e-05","1.006315226e-05","row","0","-1.000000000e+00","-1.000000"
"cuda_warp_smem(blk1024)","32","double","local","local","16384","16384","3","1","1","1","13","8.900000004e-08","5.676469000e-03","4.526400000e-05","5.721822000e-03","5.503752773e-03","5.458399773e-03","2.180692274e-04","292.639005","295.070497","295.070497","1.197440028e-04","8.844800293e-05","9.877221602e-06","row","0","-1.000000000e+00","-1.000000"
"cuda_warp_smem(blk1024)","32","double","local","local","16384","16384","3","1","1","1","14","8.800000018e-08","5.689836000e-03","4.387300000e-05","5.733797000e-03","5.510168981e-03","5.466207981e-03","2.236280189e-04","292.298247","294.649004","294.649004","1.191999987e-04","9.542399645e-05","9.004023765e-06","row","0","-1.000000000e+00","-1.000000"
"cuda_warp_smem(blk1024)","32","double","local","local","16384","16384","3","1","1","1","15","1.590000001e-07","5.681047000e-03","4.419900000e-05","5.725405000e-03","5.499141916e-03","5.454783916e-03","2.262630835e-04","292.884374","295.266093","295.266093","1.198400036e-04","9.644799680e-05","9.975083181e-06","row","0","-1.000000000e+00","-1.000000"
"cuda_warp_smem(blk1024)","32","double","local","local","16384","16384","3","1","1","1","16","1.210000000e-07","5.674512000e-03","4.356200000e-05","5.718195000e-03","5.498307176e-03","5.454624176e-03","2.198878240e-04","292.928839","295.274740","295.274740","1.197760031e-04","9.151999652e-05","8.591824388e-06","row","0","-1.000000000e+00","-1.000000"
"cuda_warp_smem(blk1024)","32","double","local","local","16384","16384","3","1","1","1","17","1.070000000e-07","5.667109000e-03","4.480600000e-05","5.712022000e-03","5.498864836e-03","5.453951836e-03","2.131571644e-04","292.899132","295.311140","295.311140","1.179839969e-04","8.649600297e-05","8.677164527e-06","row","0","-1.000000000e+00","-1.000000"
"cuda_warp_smem(blk1024)","32","double","local","local","16384","16384","3","1","1","1","18","1.039999999e-07","5.665778000e-03","4.501800000e-05","5.710900000e-03","5.495394083e-03","5.450272083e-03","2.155059167e-04","293.084119","295.510520","295.510520","1.188480034e-04","8.745600283e-05","9.201910439e-06","row","0","-1.000000000e+00","-1.000000"
"cuda_warp_smem(blk1024)","32","double","local","local","16384","16384","3","1","1","1","19","1.140000001e-07","5.673929000e-03","4.499900000e-05","5.719042000e-03","5.499993238e-03","5.454880238e-03","2.190487624e-04","292.839039","295.260879","295.260879","1.192639992e-04","9.052799642e-05","9.256766836e-06","row","0","-1.000000000e+00","-1.000000"
"cuda_warp_smem(blk1024)","32","double","local","local","16384","16384","3","1","1","1","20","1.430000001e-07","5.674604000e-03","4.488200000e-05","5.719629000e-03","5.498241076e-03","5.453216076e-03","2.213879241e-04","292.932360","295.350984","295.350984","1.227840036e-04","8.867199719e-05","9.931923298e-06","row","0","-1.000000000e+00","-1.000000"
"cuda_warp_smem(blk1024)","32","double","local","local","16384","16384","6","1","1","1","1","2.200000000e-07","1.020754900e-02","9.148700000e-05","1.029925600e-02","9.869307288e-03","9.777600288e-03","4.299487116e-04","326.388203","329.449494","329.449494","2.314880043e-04","1.881600022e-04","1.030070505e-05","row","0","-1.000000000e+00","-1.000000"
"cuda_warp_smem(blk1024)","32","double","local","local","16384","16384","6","1","1","1","2","2.129999999e-07","1.020817600e-02","8.910000000e-05","1.029748900e-02","9.868800610e-03","9.779487610e-03","4.286883901e-04","326.404960","329.385915","329.385915","2.368959934e-04","1.818560064e-04","9.936390401e-06","row","0","-1.000000000e+00","-1.000000"
"cuda_warp_smem(blk1024)","32","double","local","local","16384","16384","6","1","1","1","3","4.020000000e-07","1.019106500e-02","8.970500000e-05","1.028117200e-02","9.866971052e-03","9.776864052e-03","4.142009482e-04","326.465483","329.474303","329.474303","2.307199985e-04","1.746879965e-04","8.792953195e-06","row","0","-1.000000000e+00","-1.000000"
"cuda_warp_smem(blk1024)","32","double","local","local","16384","16384","6","1","1","1","4","1.230000002e-07","1.019379600e-02","8.846700000e-05","1.028238600e-02","9.866318081e-03","9.777728081e-03","4.160679193e-04","326.487089","329.445189","329.445189","2.321600020e-04","1.735679954e-04","1.033992183e-05","row","0","-1.000000000e+00","-1.000000"
"cuda_warp_smem(blk1024)","32","double","local","local","16384","16384","6","1","1","1","5","1.270000001e-07","1.019702200e-02","9.394300000e-05","1.029109200e-02","9.874805970e-03","9.780735970e-03","4.162860305e-04","326.206457","329.343874","329.343874","2.310719937e-04","1.763519943e-04","8.862042472e-06","row","0","-1.000000000e+00","-1.000000"
"cuda_warp_smem(blk1024)","32","double","local","local","16384","16384","6","1","1","1","6","1.029999999e-07","1.020432700e-02","8.789300000e-05","1.029232300e-02","9.866203779e-03","9.778207779e-03","4.261192211e-04","326.490872","329.429027","329.429027","2.301760018e-04","1.855680048e-04","1.037521444e-05","row","0","-1.000000000e+00","-1.000000"
"cuda_warp_smem(blk1024)","32","double","local","local","16384","16384","6","1","1","1","7","1.439999999e-07","1.019172000e-02","8.960600000e-05","1.028147000e-02","9.868661591e-03","9.778911591e-03","4.128084094e-04","326.409558","329.405317","329.405317","2.327039987e-04","1.703680009e-04","9.736409874e-06","row","0","-1.000000000e+00","-1.000000"
"cuda_warp_smem(blk1024)","32","double","local","local","16384","16384","6","1","1","1","8","1.089999999e-07","1.018846300e-02","9.001100000e-05","1.027858300e-02","9.868455571e-03","9.778335571e-03","4.101274287e-04","326.416373","329.424721","329.424721","2.327039987e-04","1.681919992e-04","9.231430829e-06","row","0","-1.000000000e+00","-1.000000"
"cuda_warp_smem(blk1024)","32","double","local","local","16384","16384","6","1","1","1","9","1.210000000e-07","1.020833500e-02","9.041000000e-05","1.029886600e-02","9.866434702e-03","9.775903702e-03","4.324312982e-04","326.483230","329.506670","329.506670","2.358720005e-04","1.863359958e-04","1.022330197e-05","row","0","-1.000000000e+00","-1.000000"
"cuda_warp_smem(blk1024)","32","double","local","local","16384","16384","6","1","1","1","10","1.539999999e-07","1.018437500e-02","9.014200000e-05","1.027467100e-02","9.860887736e-03","9.770591736e-03","4.137832642e-04","326.666884","329.685812","329.685812","2.328960001e-04","1.716800034e-04","9.207260609e-06","row","0","-1.000000000e+00","-1.000000"
"cuda_warp_smem(blk1024)","32","double","local","local","16384","16384","6","1","1","1","11","1.120000002e-07","1.018385200e-02","8.854400000e-05","1.027250800e-02","9.862384371e-03","9.773728371e-03","4.101236293e-04","326.617312","329.580008","329.580008","2.319040000e-04","1.693439931e-04","8.875636222e-06","row","0","-1.000000000e+00","-1.000000"
"cuda_warp_smem(blk1024)","32","double","local","local","16384","16384","6","1","1","1","12","1.629999999e-07","1.017739900e-02","8.879700000e-05","1.026635900e-02","9.860160180e-03","9.771200180e-03","4.061988199e-04","326.690988","329.665283","329.665283","2.323839962e-04","1.650239974e-04","8.790826272e-06","row","0","-1.000000000e+00","-1.000000"
"cuda_warp_smem(blk1024)","32","double","local","local","16384","16384","6","1","1","1","13","1.249999999e-07","1.020054900e-02","8.923100000e-05","1.028990500e-02","9.860332067e-03","9.770976067e-03","4.295729334e-04","326.685293","329.672844","329.672844","2.534720004e-04","1.662719995e-04","9.828933572e-06","row","0","-1.000000000e+00","-1.000000"
"cuda_warp_smem(blk1024)","32","double","local","local","16384","16384","6","1","1","1","14","1.549999999e-07","1.017884100e-02","8.962500000e-05","1.026862100e-02","9.858579782e-03","9.768799782e-03","4.100412182e-04","326.743359","329.746289","329.746289","2.321919948e-04","1.678079963e-04","1.004122714e-05","row","0","-1.000000000e+00","-1.000000"
"cuda_warp_smem(blk1024)","32","double","local","local","16384","16384","6","1","1","1","15","1.090000001e-07","1.017354400e-02","8.900200000e-05","1.026265500e-02","9.856727272e-03","9.767616272e-03","4.059277280e-04","326.804768","329.786243","329.786243","2.332800031e-04","1.624320000e-04","1.021572492e-05","row","0","-1.000000000e+00","-1.000000"
"cuda_warp_smem(blk1024)","32","double","local","local","16384","16384","6","1","1","1","16","1.140000001e-07","1.018075600e-02","9.225200000e-05","1.027312200e-02","9.861358424e-03","9.768992424e-03","4.117635760e-04","326.651292","329.739786","329.739786","2.315520048e-04","1.696320027e-04","1.057956846e-05","row","0","-1.000000000e+00","-1.000000"
"cuda_warp_smem(blk1024)","32","double","local","local","16384","16384","6","1","1","1","17","1.240000000e-07","1.019797300e-02","9.157700000e-05","1.028967400e-02","9.861237018e-03","9.769536018e-03","4.284369816e-04","326.655314","329.721439","329.721439","2.445120066e-04","1.734720021e-04","1.045297284e-05","row","0","-1.000000000e+00","-1.000000"
"cuda_warp_smem(blk1024)","32","double","local","local","16384","16384","6","1","1","1","18","1.709999999e-07","1.019199600e-02","8.961800000e-05","1.028178500e-02","9.861308661e-03","9.771519661e-03","4.204763391e-04","326.652941","329.654504","329.654504","2.351360023e-04","1.762560010e-04","9.084335753e-06","row","0","-1.000000000e+00","-1.000000"
"cuda_warp_smem(blk1024)","32","double","local","local","16384","16384","6","1","1","1","19","1.570000001e-07","1.017690400e-02","8.964400000e-05","1.026670500e-02","9.858760999e-03","9.768959999e-03","4.079440009e-04","326.737353","329.740881","329.740881","2.320639938e-04","1.664000005e-04","9.480006651e-06","row","0","-1.000000000e+00","-1.000000"
"cuda_warp_smem(blk1024)","32","double","local","local","16384","16384","6","1","1","1","20","1.590000001e-07","1.018599800e-02","1.001700000e-04","1.028632700e-02","9.870313245e-03","9.769984245e-03","4.160137547e-04","326.354938","329.706312","329.706312","2.368319929e-04","1.697600037e-04","9.421758149e-06","row","0","-1.000000000e+00","-1.000000"
"cuda_warp_smem(blk1024)","32","double","local","local","16384","16384","8","1","1","1","1","1.529999998e-07","1.351545700e-02","1.191130000e-04","1.363472300e-02","1.308902594e-02","1.296975994e-02","5.456970589e-04","328.134982","331.152413","331.152413","3.063040078e-04","2.286079973e-04","1.078505383e-05","row","0","-1.000000000e+00","-1.000000"
"cuda_warp_smem(blk1024)","32","double","local","local","16384","16384","8","1","1","1","2","1.450000000e-07","1.353293100e-02","1.294220000e-04","1.366249800e-02","1.311439881e-02","1.298483181e-02","5.480991900e-04","327.500129","330.768034","330.768034","3.055680096e-04","2.317759991e-04","1.075518132e-05","row","0","-1.000000000e+00","-1.000000"
"cuda_warp_smem(blk1024)","32","double","local","local","16384","16384","8","1","1","1","3","1.270000001e-07","1.352324500e-02","1.211560000e-04","1.364452800e-02","1.310761875e-02","1.298633575e-02","5.369092456e-04","327.669531","330.729728","330.729728","3.016319871e-04","2.240319997e-04","1.124525880e-05","row","0","-1.000000000e+00","-1.000000"
"cuda_warp_smem(blk1024)","32","double","local","local","16384","16384","8","1","1","1","4","1.210000000e-07","1.354045500e-02","1.195520000e-04","1.366012800e-02","1.309276126e-02","1.297308826e-02","5.673667355e-04","328.041366","331.067454","331.067454","3.336319923e-04","2.241279930e-04","9.606750207e-06","row","0","-1.000000000e+00","-1.000000"
"cuda_warp_smem(blk1024)","32","double","local","local","16384","16384","8","1","1","1","5","1.360000002e-07","1.352008700e-02","1.192340000e-04","1.363945700e-02","1.309783413e-02","1.297846413e-02","5.416228734e-04","327.914314","330.930321","330.930321","3.057920039e-04","2.252800018e-04","1.055086778e-05","row","0","-1.000000000e+00","-1.000000"
"cuda_warp_smem(blk1024)","32","double","local","local","16384","16384","8","1","1","1","6","1.600000001e-07","1.351370100e-02","1.201260000e-04","1.363398700e-02","1.309260560e-02","1.297231960e-02","5.413813970e-04","328.045267","331.087071","331.087071","3.078399897e-04","2.225279957e-04","1.101341167e-05","row","0","-1.000000000e+00","-1.000000"
"cuda_warp_smem(blk1024)","32","double","local","local","16384","16384","8","1","1","1","7","1.180000000e-07","1.349829400e-02","1.196910000e-04","1.361810300e-02","1.307820877e-02","1.295839977e-02","5.398942274e-04","328.406387","331.442722","331.442722","3.098559976e-04","2.199359983e-04","1.010223147e-05","row","0","-1.000000000e+00","-1.000000"
"cuda_warp_smem(blk1024)","32","double","local","local","16384","16384","8","1","1","1","8","1.519999999e-07","1.350325100e-02","1.185750000e-04","1.362197800e-02","1.308167103e-02","1.296294403e-02","5.403069692e-04","328.319470","331.326532","331.326532","3.080640137e-04","2.217600048e-04","1.048295076e-05","row","0","-1.000000000e+00","-1.000000"
"cuda_warp_smem(blk1024)","32","double","local","local","16384","16384","8","1","1","1","9","1.119999999e-07","1.350484600e-02","1.192460000e-04","1.362420400e-02","1.308761400e-02","1.296825600e-02","5.365900033e-04","328.170383","331.190817","331.190817","3.069759905e-04","2.194239944e-04","1.019001834e-05","row","0","-1.000000000e+00","-1.000000"
"cuda_warp_smem(blk1024)","32","double","local","local","16384","16384","8","1","1","1","10","1.190000001e-07","1.351902100e-02","1.190090000e-04","1.363814900e-02","1.308869625e-02","1.296956825e-02","5.494527474e-04","328.143248","331.157307","331.157307","3.084479868e-04","2.308160067e-04","1.018875393e-05","row","0","-1.000000000e+00","-1.000000"
"cuda_warp_smem(blk1024)","32","double","local","local","16384","16384","8","1","1","1","11","1.660000000e-07","1.351034800e-02","1.249540000e-04","1.363546800e-02","1.310102446e-02","1.297590446e-02","5.344435353e-04","327.834461","330.995601","330.995601","3.073599935e-04","2.162880003e-04","1.079554148e-05","row","0","-1.000000000e+00","-1.000000"
"cuda_warp_smem(blk1024)","32","double","local","local","16384","16384","8","1","1","1","12","9.199999984e-08","1.349820300e-02","1.203350000e-04","1.361863000e-02","1.308097063e-02","1.296054363e-02","5.376593675e-04","328.337049","331.387897","331.387897","3.174400032e-04","2.100799978e-04","1.013936656e-05","row","0","-1.000000000e+00","-1.000000"
"cuda_warp_smem(blk1024)","32","double","local","local","16384","16384","8","1","1","1","13","1.409999999e-07","1.353384000e-02","1.208420000e-04","1.365482300e-02","1.309720695e-02","1.297622395e-02","5.576160544e-04","327.930017","330.987452","330.987452","3.042559922e-04","2.437440008e-04","9.616061416e-06","row","0","-1.000000000e+00","-1.000000"
"cuda_warp_smem(blk1024)","32","double","local","local","16384","16384","8","1","1","1","14","1.329999999e-07","1.351233200e-02","1.200460000e-04","1.363251100e-02","1.309537870e-02","1.297519970e-02","5.371323006e-04","327.975799","331.013579","331.013579","3.068799973e-04","2.193599939e-04","1.089230941e-05","row","0","-1.000000000e+00","-1.000000"
"cuda_warp_smem(blk1024)","32","double","local","local","16384","16384","8","1","1","1","15","1.470000000e-07","1.350745100e-02","1.212530000e-04","1.362885100e-02","1.309055245e-02","1.296915245e-02","5.382985494e-04","328.096718","331.167924","331.167924","3.065919876e-04","2.201920003e-04","1.151456156e-05","row","0","-1.000000000e+00","-1.000000"
"cuda_warp_smem(blk1024)","32","double","local","local","16384","16384","8","1","1","1","16","1.670000001e-07","1.351738900e-02","1.205940000e-04","1.363815000e-02","1.309832867e-02","1.297756767e-02","5.398213273e-04","327.901933","330.953180","330.953180","3.076480031e-04","2.216960043e-04","1.047731990e-05","row","0","-1.000000000e+00","-1.000000"
"cuda_warp_smem(blk1024)","32","double","local","local","16384","16384","8","1","1","1","17","1.480000000e-07","1.349899700e-02","1.197050000e-04","1.361885000e-02","1.308180521e-02","1.296195221e-02","5.370447905e-04","328.316102","331.351885","331.351885","3.132480085e-04","2.140160054e-04","9.780776641e-06","row","0","-1.000000000e+00","-1.000000"
"cuda_warp_smem(blk1024)","32","double","local","local","16384","16384","8","1","1","1","18","1.549999999e-07","1.352198300e-02","1.184430000e-04","1.364058100e-02","1.308746244e-02","1.296886444e-02","5.531185591e-04","328.174183","331.175279","331.175279","3.257600069e-04","2.168959975e-04","1.046255465e-05","row","0","-1.000000000e+00","-1.000000"
"cuda_warp_smem(blk1024)","32","double","local","local","16384","16384","8","1","1","1","19","1.360000002e-07","1.350927300e-02","1.257370000e-04","1.363514600e-02","1.310350457e-02","1.297763157e-02","5.316414311e-04","327.772412","330.951551","330.951551","3.034560084e-04","2.179200053e-04","1.026541734e-05","row","0","-1.000000000e+00","-1.000000"
"cuda_warp_smem(blk1024)","32","double","local","local","16384","16384","8","1","1","1","20","1.490000001e-07","1.350775700e-02","1.187930000e-04","1.362669900e-02","1.308111832e-02","1.296217632e-02","5.455806771e-04","328.333342","331.346156","331.346156","3.203839958e-04","2.135359943e-04","1.166068700e-05","row","0","-1.000000000e+00","-1.000000"
