"kernel","tile_granularity","scalar","a_mode","x_mode","M","N","k","P","pr","pc","reps","t_bcast_mean_s","t_bcast_std_s","t_local_mean_s","t_local_std_s","t_reduce_mean_s","t_reduce_std_s","t_total_mean_s","t_total_median_s","t_total_min_s","t_total_std_s","t_total_cv_pct","t_official_mean_s","t_official_median_s","t_official_min_s","t_official_std_s","t_official_cv_pct","t_kernel_mean_s","t_kernel_median_s","t_kernel_min_s","t_kernel_std_s","t_kernel_cv_pct","t_transfer_runtime_overhead_mean_s","t_transfer_runtime_overhead_std_s","t_setup_s","gflops","gflops_compute","gflops_kernel","blocks_per_sm","x_rows_per_tile","rel_err","t_setup_device_init_s","t_setup_device_alloc_s","t_setup_h2d_A_s","bw_h2d_A_gbs","t_h2d_X_mean_s","t_h2d_X_std_s","bw_h2d_X_gbs","t_d2h_Y_mean_s","t_d2h_Y_std_s","bw_d2h_Y_gbs","t_launch_overhead_mean_s","t_launch_overhead_std_s","t_prep_alloc_buffers_s","t_prep_gen_A_s","t_prep_distrib_A_s","t_prep_gen_X_s","t_prep_distrib_X_s","t_prep_total_s","t_io_csv_raw_s","x_layout","t_prep_convert_X_s","group_timing","t_local_group_mean_s","t_local_group_std_s","gflops_local_group"
"cuda_warp_smem(blk64)(g1)","1","double","local","local","16384","16384","3","1","1","1","20","1.410500000e-07","5.282789831e-08","5.982488350e-03","2.827390195e-04","4.455240000e-05","7.406524435e-07","6.027181800e-03","5.904102000e-03","5.862145000e-03","2.829371480e-04","4.694352309e+00","5.810541419e-03","5.684763598e-03","5.647998936e-03","2.821957872e-04","4.856617771e+00","5.765847969e-03","5.640592098e-03","5.603871822e-03","2.819970537e-04","4.890816671e+00","2.166403809e-04","3.162796148e-06","6.346906660e-01","277.188066","279.336664","279.336664","16","128","-1.000e+00","1.610619130e-01","2.524320007e-04","4.719363690e-01","4.550367","1.198847998e-04","1.426458212e-06","3.279949","8.748479895e-05","3.150418287e-06","4.494678","9.270782199e-06","6.823585018e-07","2.641299943e-05","8.544705210e-01","0.000000000e+00","2.861119938e-04","0.000000000e+00","1.489473712e+00","1.891149950e-04","row","0.000000000e+00","0","-1.000000000e+00","0.000000000e+00","-1.000000"
"cuda_warp_smem(blk64)(g1)","1","double","local","local","16384","16384","6","1","1","1","20","1.307500000e-07","2.439558846e-08","1.301452200e-02","9.444778791e-04","9.029540000e-05","2.149926618e-06","1.310494815e-02","1.286586800e-02","1.284273300e-02","9.453817301e-04","7.213929573e+00","1.246976213e-02","1.244451358e-02","1.242156043e-02","4.403797557e-05","3.531581046e-01","1.237933598e-02","1.235209608e-02","1.233248043e-02","4.420569749e-05","3.570926387e-01","6.351860244e-04","9.501487919e-04","6.133811320e-01","258.322929","260.209875","260.209875","16","73","-1.000e+00","1.366534360e-01","2.660169994e-04","4.751242160e-01","4.519836","2.321328007e-04","2.133234023e-06","3.387854","3.932640098e-04","9.511262851e-04","1.999756","9.789213881e-06","6.292376502e-07","2.443600533e-05","8.452270360e-01","0.000000000e+00","5.417319990e-04","0.000000000e+00","1.459174336e+00","1.847019957e-04","row","0.000000000e+00","0","-1.000000000e+00","0.000000000e+00","-1.000000"
"cuda_warp_smem(blk64)(g1)","1","double","local","local","16384","16384","8","1","1","1","20","1.849000000e-07","6.391598103e-08","2.314112375e-02","2.018586094e-05","1.221089000e-04","4.866456518e-06","2.326341755e-02","2.325657050e-02","2.323611100e-02","2.091517173e-05","8.990584329e-02","2.270498661e-02","2.270113413e-02","2.268621377e-02","2.032965728e-05","8.953829230e-02","2.258269281e-02","2.257691193e-02","2.256646347e-02","2.072500855e-05","9.177385852e-02","5.584309361e-04","1.171982003e-05","6.158370230e-01","189.164053","190.188448","190.188448","16","56","-1.000e+00","1.379692280e-01","2.601599990e-04","4.762633170e-01","4.509026","3.084704027e-04","3.356669951e-06","3.399276","2.397760011e-04","9.944320033e-06","4.373148","1.018453234e-05","5.412144924e-07","5.585599865e-05","8.432271210e-01","0.000000000e+00","6.285639975e-04","0.000000000e+00","1.459748564e+00","1.824049978e-04","row","0.000000000e+00","0","-1.000000000e+00","0.000000000e+00","-1.000000"
"cuda_warp_smem(blk64)(g1)","1","double","local","local","16384","16384","20","1","1","1","20","2.809000000e-07","1.146215282e-07","3.324692810e-02","3.849142135e-04","3.308025500e-04","1.368109152e-04","3.357801155e-02","3.346640400e-02","3.315384300e-02","5.162401553e-04","1.537435159e+00","3.242650448e-02","3.240425119e-02","3.207558612e-02","2.269006653e-04","6.997382818e-01","3.209542103e-02","3.210200119e-02","3.177743912e-02","1.287416488e-04","4.011215453e-01","1.151507072e-03","3.087396545e-04","6.049106660e-01","331.130919","334.546733","334.546733","12","32","-1.000e+00","1.337601240e-01","3.048270009e-04","4.694944950e-01","4.574034","6.479712009e-04","1.926077157e-04","4.045612","4.921375990e-04","1.190500502e-04","5.326640","1.139827193e-05","8.921556834e-07","6.264800322e-05","8.444234410e-01","0.000000000e+00","1.587879997e-03","0.000000000e+00","1.450984635e+00","1.925769975e-04","row","0.000000000e+00","0","-1.000000000e+00","0.000000000e+00","-1.000000"
"cuda_warp_smem(blk64)(g1)","1","double","local","local","16384","16384","32","1","1","1","20","2.779000000e-07","2.036821311e-07","5.299158430e-02","3.582948961e-04","5.735590500e-04","2.100803711e-04","5.356542125e-02","5.343577650e-02","5.314923000e-02","5.271606006e-04","9.841434798e-01","5.169100328e-02","5.161330958e-02","5.135794500e-02","3.562586075e-04","6.892081502e-01","5.111716633e-02","5.108206558e-02","5.084006500e-02","2.253361202e-04","4.408227927e-01","1.874417972e-03","2.612422506e-04","6.148015310e-01","332.357047","336.088058","336.088058","7","32","-1.000e+00","1.369339910e-01","3.147320022e-04","4.761915170e-01","4.509706","1.012267199e-03","1.875655161e-04","4.143475","8.498911977e-04","1.846766216e-04","4.935107","1.225957473e-05","9.771360587e-07","2.591600060e-05","8.506216960e-01","0.000000000e+00","2.419643999e-03","0.000000000e+00","1.467868787e+00","1.968969955e-04","row","0.000000000e+00","0","-1.000000000e+00","0.000000000e+00","-1.000000"
"cuda_warp_smem(blk128)(g1)","1","double","local","local","16384","16384","3","1","1","1","20","1.211500000e-07","1.377746061e-08","5.702157600e-03","1.192598142e-04","4.415060000e-05","4.867581697e-07","5.746429350e-03","5.668309000e-03","5.640059000e-03","1.191271566e-04","2.073063972e+00","5.529562969e-03","5.452619533e-03","5.426660182e-03","1.181566702e-04","2.136817519e+00","5.485291219e-03","5.408416033e-03","5.382016182e-03","1.182879738e-04","2.156457499e+00","2.168663812e-04","5.197092857e-06","6.514193020e-01","291.273062","293.623925","293.623925","8","256","-1.000e+00","1.754520170e-01","2.589860014e-04","4.742854620e-01","4.527829","1.198432006e-04","1.462666560e-06","3.281087","8.745760024e-05","4.745623169e-06","4.496076","9.565580412e-06","7.792141015e-07","2.938700345e-05","8.396454870e-01","0.000000000e+00","2.855869971e-04","0.000000000e+00","1.491379763e+00","1.901670039e-04","row","0.000000000e+00","0","-1.000000000e+00","0.000000000e+00","-1.000000"
"cuda_warp_smem(blk128)(g1)","1","double","local","local","16384","16384","6","1","1","1","20","2.160500000e-07","8.121023722e-08","1.055961505e-02","2.051417211e-05","8.995460000e-05","1.528454100e-06","1.064978570e-02","1.064069050e-02","1.062868600e-02","2.078838583e-05","1.952000389e-01","1.023128283e-02","1.022083796e-02","1.021201721e-02","2.024003040e-05","1.978249525e-01","1.014111218e-02","1.012961626e-02","1.012332821e-02","2.003202143e-05","1.975327860e-01","4.185028655e-04","8.052419933e-06","6.124682340e-01","314.840819","317.640256","317.640256","8","146","-1.000e+00","1.355928450e-01","2.552059959e-04","4.752850160e-01","4.518307","2.331935994e-04","6.524284718e-06","3.372442","1.755519994e-04","4.201201018e-06","4.479767","9.757266682e-06","6.178842188e-07","5.511900235e-05","8.418158680e-01","0.000000000e+00","5.340290008e-04","0.000000000e+00","1.454873250e+00","1.950700025e-04","row","0.000000000e+00","0","-1.000000000e+00","0.000000000e+00","-1.000000"
"cuda_warp_smem(blk128)(g1)","1","double","local","local","16384","16384","8","1","1","1","20","1.900000000e-07","3.717950758e-08","2.479881940e-02","7.184292609e-04","1.208675500e-04","2.840709965e-06","2.491987695e-02","2.473859950e-02","2.472230400e-02","7.200979635e-04","2.889652966e+00","2.419453587e-02","2.417586717e-02","2.416764025e-02","7.835812527e-05","3.238670322e-01","2.407347832e-02","2.405663967e-02","2.404719925e-02","7.879113043e-05","3.272943336e-01","7.253410827e-04","7.183990307e-04","6.105581960e-01","177.518069","178.410749","178.410749","8","113","-1.000e+00","1.376701360e-01","2.672170012e-04","4.710213480e-01","4.559207","3.075727999e-04","2.518402193e-06","3.409196","4.074992023e-04","7.179574821e-04","2.573198","1.026908048e-05","5.877797295e-07","2.704800136e-05","8.390180290e-01","0.000000000e+00","6.289740049e-04","0.000000000e+00","1.450232247e+00","1.810800022e-04","row","0.000000000e+00","0","-1.000000000e+00","0.000000000e+00","-1.000000"
"cuda_warp_smem(blk128)(g1)","1","double","local","local","16384","16384","20","1","1","1","20","1.488000000e-07","6.512950665e-08","3.183190645e-02","1.145260717e-04","3.293148000e-04","1.271803566e-04","3.216137005e-02","3.209844350e-02","3.206338200e-02","2.384932493e-04","7.415518958e-01","3.107037241e-02","3.103819944e-02","3.102701532e-02","1.248554182e-04","4.018471890e-01","3.074090881e-02","3.073572826e-02","3.072908783e-02","9.873904307e-06","3.211975406e-02","1.090997637e-03","1.160016773e-04","6.057194450e-01","345.583828","349.287599","349.287599","6","64","-1.000e+00","1.343440970e-01","3.088070007e-04","4.697143920e-01","4.571892","5.969983995e-04","2.520971610e-05","4.391034","4.828912005e-04","1.134142446e-04","5.428635","1.110803654e-05","6.947516612e-07","2.897199738e-05","8.417271380e-01","0.000000000e+00","1.040477000e-03","0.000000000e+00","1.448516032e+00","2.012170007e-04","row","0.000000000e+00","0","-1.000000000e+00","0.000000000e+00","-1.000000"
"cuda_warp_smem(blk128)(g1)","1","double","local","local","16384","16384","32","1","1","1","20","2.558500000e-07","2.362953716e-07","5.305709945e-02","2.619960123e-04","5.848319000e-04","2.177866723e-04","5.364218720e-02","5.349295900e-02","5.344840900e-02","4.347418114e-04","8.104475863e-01","5.172492273e-02","5.167365713e-02","5.165885042e-02","2.168288473e-04","4.191960779e-01","5.113983498e-02","5.113776016e-02","5.113161469e-02","6.112363563e-06","1.195225516e-02","1.917264474e-03","2.613334302e-04","6.093619540e-01","332.139098","335.939081","335.939081","4","62","-1.000e+00","1.367073280e-01","3.009270004e-04","4.709982740e-01","4.559430","1.032345596e-03","2.020898685e-04","4.062887","8.727599919e-04","1.868505349e-04","4.805793","1.215888596e-05","7.290319101e-07","2.392400347e-05","8.377312550e-01","0.000000000e+00","2.397181001e-03","0.000000000e+00","1.449514314e+00","3.056817300e-02","row","0.000000000e+00","0","-1.000000000e+00","0.000000000e+00","-1.000000"
"cuda_warp_smem(blk192)(g1)","1","double","local","local","16384","16384","3","1","1","1","20","1.844500000e-07","4.800490655e-08","6.037742500e-03","2.440247011e-04","4.448820000e-05","8.110548427e-07","6.082415150e-03","6.058974000e-03","5.672974000e-03","2.441855253e-04","4.014614578e+00","5.813064688e-03","5.838983904e-03","5.456724098e-03","8.786006825e-05","1.511424231e+00","5.768392038e-03","5.794048071e-03","5.411168098e-03","8.806496586e-05","1.526681357e+00","2.693504617e-04","2.191289922e-04","6.547747490e-01","277.067747","279.213466","279.213466","5","408","-1.000e+00","1.794570160e-01","2.524990050e-04","4.736748430e-01","4.533666","1.201855987e-04","1.677825188e-06","3.271740","1.394191992e-04","2.179880828e-04","2.820386","9.745663770e-06","5.468955189e-07","2.612899698e-05","8.550173580e-01","0.000000000e+00","2.908759998e-04","0.000000000e+00","1.510109112e+00","1.864980004e-04","row","0.000000000e+00","0","-1.000000000e+00","0.000000000e+00","-1.000000"
"cuda_warp_smem(blk192)(g1)","1","double","local","local","16384","16384","6","1","1","1","20","1.317000000e-07","4.605271580e-08","1.427689255e-02","6.606912875e-04","9.093805000e-05","2.933312524e-06","1.436796230e-02","1.421103450e-02","1.419811200e-02","6.604440301e-04","4.596643673e+00","1.380553852e-02","1.379601959e-02","1.378745203e-02","2.023488188e-05","1.465707539e-01","1.371446877e-02","1.370422411e-02","1.369721603e-02","2.017781910e-05","1.471279672e-01","5.624237847e-04","6.632549565e-04","6.072096590e-01","233.328491","234.877889","234.877889","5","233","-1.000e+00","1.329954120e-01","2.596299964e-04","4.725199450e-01","4.544747","2.343888000e-04","4.984102369e-06","3.355246","3.179616027e-04","6.634629892e-04","2.473355","1.007338212e-05","1.203268575e-06","2.673300332e-05","8.539903640e-01","0.000000000e+00","6.177190007e-04","0.000000000e+00","1.461844475e+00","1.968650031e-04","row","0.000000000e+00","0","-1.000000000e+00","0.000000000e+00","-1.000000"
"cuda_warp_smem(blk192)(g1)","1","double","local","local","16384","16384","8","1","1","1","20","1.551000000e-07","2.814604765e-08","1.622074700e-02","1.892737800e-05","1.202193000e-04","2.519373337e-06","1.634112140e-02","1.633508700e-02","1.631437500e-02","1.867948965e-05","1.143097172e-01","1.578014394e-02","1.577920246e-02","1.576528893e-02","9.665405948e-06","6.125042957e-02","1.565976954e-02","1.566001606e-02","1.564671993e-02","1.001016305e-05","6.392279929e-02","5.609774649e-04","1.105684760e-05","6.149289010e-01","272.175420","274.267593","274.267593","5","181","-1.000e+00","1.405908490e-01","3.230250004e-04","4.727830800e-01","4.542218","3.073599964e-04","5.442685342e-06","3.411557","2.432959989e-04","1.094511558e-05","4.309878","1.032146963e-05","4.406521014e-07","2.489799954e-05","8.530309860e-01","0.000000000e+00","6.285989948e-04","0.000000000e+00","1.468613384e+00","1.964019975e-04","row","0.000000000e+00","0","-1.000000000e+00","0.000000000e+00","-1.000000"
"cuda_warp_smem(blk192)(g1)","1","double","local","local","16384","16384","20","1","1","1","20","2.440500000e-07","3.333858954e-07","3.900017870e-02","3.696208790e-04","3.372883500e-04","1.258058870e-04","3.933771110e-02","3.908624750e-02","3.901323900e-02","4.417998933e-04","1.123095068e+00","3.815598199e-02","3.798929594e-02","3.791500876e-02","2.910942317e-04","7.629058839e-01","3.781844959e-02","3.767316818e-02","3.760351944e-02","2.309719751e-04","6.107388789e-01","1.181729107e-03","1.949118285e-04","6.077768540e-01","281.408515","283.920107","283.920107","5","77","-1.000e+00","1.324159460e-01","3.000049983e-04","4.737051930e-01","4.533376","6.284399956e-04","1.198279230e-04","4.171345","5.421727985e-04","1.629215058e-04","4.835064","1.111631325e-05","7.398754078e-07","7.519900100e-05","8.443972990e-01","0.000000000e+00","1.579001997e-03","0.000000000e+00","1.453828354e+00","1.927909980e-04","row","0.000000000e+00","0","-1.000000000e+00","0.000000000e+00","-1.000000"
"cuda_warp_smem(blk192)(g1)","1","double","local","local","16384","16384","32","1","1","1","20","2.490000000e-07","2.642648193e-07","7.033280695e-02","6.359446067e-04","5.871500500e-04","1.627862104e-04","7.092020600e-02","7.099139700e-02","6.942648500e-02","6.870223959e-04","9.687258887e-01","6.892627463e-02","6.908812375e-02","6.762746364e-02","5.299609120e-04","7.688808293e-01","6.833887558e-02","6.856292725e-02","6.712111664e-02","4.949420462e-04","7.242466927e-01","1.993931370e-03","3.164410534e-04","6.008487280e-01","249.249931","251.392330","251.392330","3","82","-1.000e+00","1.329834490e-01","3.035629998e-04","4.662286710e-01","4.606074","1.091313601e-03","3.091036978e-04","3.843354","8.906928062e-04","1.585608548e-04","4.709035","1.192496338e-05","7.776296537e-07","5.357299960e-05","8.368757860e-01","0.000000000e+00","2.413599999e-03","0.000000000e+00","1.440191687e+00","1.973559993e-04","row","0.000000000e+00","0","-1.000000000e+00","0.000000000e+00","-1.000000"
"cuda_warp_smem(g1)","1","double","local","local","16384","16384","3","1","1","1","20","1.101500000e-07","1.414687985e-08","5.718192900e-03","8.713026657e-05","4.472130000e-05","8.628105909e-07","5.763024350e-03","5.706825000e-03","5.671131000e-03","8.725009352e-05","1.513963645e+00","5.542738683e-03","5.484456939e-03","5.452943115e-03","8.750753558e-05","1.578777940e+00","5.497907233e-03","5.439631939e-03","5.408512115e-03","8.739288507e-05","1.589566382e+00","2.202856668e-04","5.347583404e-06","6.433148560e-01","290.580673","292.950148","292.950148","4","512","-1.000e+00","1.658946980e-01","2.762290023e-04","4.756986740e-01","4.514378","1.194208004e-04","1.110596035e-06","3.292693","9.054399915e-05","3.512681933e-06","4.342817","1.032086725e-05","3.535353447e-06","2.411399328e-05","8.474366270e-01","0.000000000e+00","2.872559999e-04","0.000000000e+00","1.491062853e+00","1.874520021e-04","row","0.000000000e+00","0","-1.000000000e+00","0.000000000e+00","-1.000000"
"cuda_warp_smem(g1)","1","double","local","local","16384","16384","6","1","1","1","20","1.135500000e-07","2.838916585e-08","1.168600335e-02","2.103549688e-05","9.011085000e-05","1.596165645e-06","1.177622775e-02","1.177433850e-02","1.175539700e-02","2.073307325e-05","1.760586980e-01","1.135567874e-02","1.135063415e-02","1.134362996e-02","1.416907781e-05","1.247752612e-01","1.126545434e-02","1.125950384e-02","1.125430393e-02","1.438178374e-05","1.276627050e-01","4.205490100e-04","8.836436049e-06","6.115412680e-01","283.666485","285.938354","285.938354","4","292","-1.000e+00","1.357789800e-01","3.145040027e-04","4.740835560e-01","4.529758","2.335359998e-04","4.884698683e-06","3.367498","1.768688001e-04","7.354081726e-06","4.446415","1.014421014e-05","1.122790261e-06","2.526100434e-05","8.575369250e-01","0.000000000e+00","5.671800027e-04","0.000000000e+00","1.469670634e+00","3.909780062e-04","row","0.000000000e+00","0","-1.000000000e+00","0.000000000e+00","-1.000000"
"cuda_warp_smem(g1)","1","double","local","local","16384","16384","8","1","1","1","20","2.309500000e-07","3.576895889e-08","1.939305730e-02","1.378687240e-05","1.204075500e-04","1.791855624e-06","1.951369580e-02","1.951053500e-02","1.949578700e-02","1.459257513e-05","7.478119615e-02","1.895458711e-02","1.895352392e-02","1.894769096e-02","6.737510183e-06","3.554553915e-02","1.883394861e-02","1.883127975e-02","1.882777596e-02","5.896766292e-06","3.130924064e-02","5.591086878e-04","9.068785633e-06","6.161475520e-01","226.592501","228.043911","228.043911","4","227","-1.000e+00","1.372995620e-01","2.529820049e-04","4.772542740e-01","4.499664","3.087120011e-04","3.450707813e-06","3.396616","2.399296001e-04","8.295215019e-06","4.370349","1.046708658e-05","6.866318131e-07","3.239099897e-05","9.001504200e-01","0.000000000e+00","6.539259994e-04","0.000000000e+00","1.516984289e+00","1.797520017e-04","row","0.000000000e+00","0","-1.000000000e+00","0.000000000e+00","-1.000000"
"cuda_warp_smem(g1)","1","double","local","local","16384","16384","20","1","1","1","20","1.869499999e-07","2.023884943e-07","3.903551025e-02","6.778292092e-04","4.046998000e-04","3.388305199e-04","3.944039700e-02","3.912491300e-02","3.908707000e-02","7.342421967e-04","1.861650116e+00","3.813809960e-02","3.803704483e-02","3.800189552e-02","3.388343276e-04","8.884405127e-01","3.773321285e-02","3.773216057e-02","3.770544052e-02","1.792997190e-05","4.751774511e-02","1.302297398e-03","6.832011718e-04","6.157741950e-01","281.540464","284.561463","284.561463","3","129","-1.000e+00","1.403915170e-01","3.031099986e-04","4.737229370e-01","4.533206","6.384703994e-04","1.317289455e-04","4.105813","6.522256017e-04","6.806405851e-04","4.019223","1.160139647e-05","1.231589617e-06","2.764899546e-05","8.473691700e-01","0.000000000e+00","1.602187003e-03","0.000000000e+00","1.464773201e+00","1.315065540e-01","row","0.000000000e+00","0","-1.000000000e+00","0.000000000e+00","-1.000000"
"cuda_warp_smem(g1)","1","double","local","local","16384","16384","32","1","1","1","20","2.835500000e-07","2.038907022e-07","5.363117250e-02","2.661880728e-04","5.800023000e-04","2.098348143e-04","5.421145835e-02","5.404568650e-02","5.399873100e-02","4.255400549e-04","7.849633045e-01","5.230815450e-02","5.222252287e-02","5.219103232e-02","2.345258958e-04","4.483543685e-01","5.172786865e-02","5.168467140e-02","5.165350342e-02","1.363220644e-04","2.635369830e-01","1.903303848e-03","2.524742788e-04","6.127406790e-01","328.435773","332.120183","332.120183","2","124","-1.000e+00","1.395692230e-01","3.151790006e-04","4.714449720e-01","4.555110","1.016246396e-03","1.855349276e-04","4.127251","8.739935994e-04","1.861736193e-04","4.799010","1.306385194e-05","2.400650716e-06","2.539199340e-05","8.395887630e-01","0.000000000e+00","2.511860999e-03","0.000000000e+00","1.454866695e+00","2.155429975e-04","row","0.000000000e+00","0","-1.000000000e+00","0.000000000e+00","-1.000000"
"cuda_warp_smem(blk384)(g1)","1","double","local","local","16384","16384","3","1","1","1","20","1.174500000e-07","1.778667448e-08","5.766615100e-03","1.584259385e-04","4.444385000e-05","5.075131603e-07","5.811176400e-03","5.699295500e-03","5.674921000e-03","1.583384743e-04","2.724723247e+00","5.593890915e-03","5.479666603e-03","5.459426233e-03","1.593843347e-04","2.849257112e+00","5.549329615e-03","5.434240103e-03","5.415200233e-03","1.594774090e-04","2.873813958e+00","2.172854854e-04","5.649051247e-06","6.470295040e-01","287.923515","290.235551","290.235551","2","1024","-1.000e+00","1.713407330e-01","2.633870026e-04","4.740230830e-01","4.530336","1.198688000e-04","4.425168706e-06","3.280387","8.753120005e-05","2.654351321e-06","4.492295","9.885485265e-06","1.368325737e-06","2.874400525e-05","8.431061630e-01","0.000000000e+00","2.852710022e-04","0.000000000e+00","1.490449682e+00","1.955279949e-04","row","0.000000000e+00","0","-1.000000000e+00","0.000000000e+00","-1.000000"
"cuda_warp_smem(blk384)(g1)","1","double","local","local","16384","16384","6","1","1","1","20","1.384000000e-07","1.982927128e-08","1.029045470e-02","1.186702212e-04","9.125890000e-05","5.895040332e-06","1.038185200e-02","1.035015000e-02","1.033558400e-02","1.243581033e-04","1.197841226e+00","9.951578012e-03","9.945860747e-03","9.935052449e-03","1.822753599e-05","1.831622680e-01","9.860180712e-03","9.855311871e-03","9.845696449e-03","1.358329558e-05","1.377590937e-01","4.302739883e-04","1.078250303e-04","6.102118350e-01","323.689918","326.690308","326.690308","2","585","-1.000e+00","1.355671430e-01","2.541979993e-04","4.730565790e-01","4.539592","2.301840000e-04","1.576171773e-06","3.416536","1.903023988e-04","1.075293480e-04","4.132539","9.787589467e-06","6.171929969e-07","2.435300121e-05","8.369403660e-01","0.000000000e+00","5.361160001e-04","0.000000000e+00","1.447712670e+00","1.894359957e-04","row","0.000000000e+00","0","-1.000000000e+00","0.000000000e+00","-1.000000"
"cuda_warp_smem(blk384)(g1)","1","double","local","local","16384","16384","8","1","1","1","20","1.357000000e-07","1.781808662e-08","1.449807115e-02","7.014382307e-04","1.203429000e-04","2.068058431e-06","1.461854975e-02","1.446345100e-02","1.439897100e-02","7.032071944e-04","4.810375902e+00","1.390659067e-02","1.390781965e-02","1.384871106e-02","2.238912156e-05","1.609964806e-01","1.378611207e-02","1.378768015e-02","1.372659206e-02","2.308515643e-05","1.674522615e-01","7.119590799e-04","7.075504266e-04","6.022908450e-01","308.844015","311.543042","311.543042","2","455","-1.000e+00","1.331846170e-01","2.508960024e-04","4.675215340e-01","4.593336","3.049359977e-04","2.610962000e-06","3.438676","3.967583932e-04","7.080758515e-04","2.642858","1.026468899e-05","6.228923666e-07","2.713299909e-05","8.406827200e-01","0.000000000e+00","6.342229972e-04","0.000000000e+00","1.443634921e+00","1.995280036e-04","row","0.000000000e+00","0","-1.000000000e+00","0.000000000e+00","-1.000000"
"cuda_warp_smem(blk384)(g1)","1","double","local","local","16384","16384","20","1","1","1","20","2.089500000e-07","1.691948347e-07","3.722399275e-02","1.602243412e-04","3.275246500e-04","1.304234899e-04","3.755172635e-02","3.746913800e-02","3.744768700e-02","2.664136591e-04","7.094578199e-01","3.640358618e-02","3.637299721e-02","3.635697333e-02","1.310144197e-04","3.598942670e-01","3.607585258e-02","3.607591820e-02","3.606502533e-02","6.461987785e-06","1.791222472e-02","1.148140165e-03","1.598872506e-04","6.193770690e-01","294.954958","297.634497","297.634497","2","195","-1.000e+00","1.438278280e-01","3.021189987e-04","4.738996000e-01","4.531516","6.262415975e-04","1.178724432e-04","4.185988","5.104959980e-04","1.155150976e-04","5.135084","1.140256966e-05","7.904649765e-07","2.478600072e-05","8.384956250e-01","0.000000000e+00","1.556939998e-03","0.000000000e+00","1.459454420e+00","2.060900006e-04","row","0.000000000e+00","0","-1.000000000e+00","0.000000000e+00","-1.000000"
"cuda_warp_smem(blk384)(g1)","1","double","local","local","16384","16384","32","1","1","1","20","5.115500000e-07","7.534363015e-07","6.551114995e-02","4.530871282e-04","7.001825000e-04","3.525598619e-04","6.621184400e-02","6.582038050e-02","6.574769500e-02","7.263049113e-04","1.096941072e+00","6.408605877e-02","6.392387539e-02","6.390530365e-02","3.499870625e-04","5.461204343e-01","6.338536472e-02","6.336566544e-02","6.335942459e-02","6.502696206e-05","1.025898681e-01","2.125785227e-03","4.615085859e-04","6.211862120e-01","268.074984","271.038421","271.038421","1","186","-1.000e+00","1.445356180e-01","3.574500006e-04","4.750059460e-01","4.520962","1.081239995e-03","3.606121399e-04","3.879161","1.031644797e-03","3.379538895e-04","4.065647","1.290043411e-05","1.165729436e-06","2.890399628e-05","8.526700180e-01","0.000000000e+00","2.400712998e-03","0.000000000e+00","1.476285847e+00","1.936050030e-04","row","0.000000000e+00","0","-1.000000000e+00","0.000000000e+00","-1.000000"
"cuda_warp_smem(blk512)(g1)","1","double","local","local","16384","16384","3","1","1","1","20","8.970000003e-08","2.930798344e-08","5.865527050e-03","2.133765153e-04","4.453145000e-05","6.941677694e-07","5.910148200e-03","5.957918000e-03","5.719832000e-03","2.135688170e-04","3.613594952e+00","5.649656383e-03","5.731563501e-03","5.501290036e-03","1.127139897e-04","1.995059204e+00","5.605035233e-03","5.687536001e-03","5.456768036e-03","1.126002184e-04","2.008911874e+00","2.604918165e-04","1.602961290e-04","6.423645880e-01","285.081539","287.351046","287.351046","2","1024","-1.000e+00","1.645750120e-01","2.556700056e-04","4.761165250e-01","4.510416","1.212607995e-04","3.989311577e-06","3.242730","1.293008011e-04","1.596057920e-04","3.041095","9.930215951e-06","7.077053152e-07","2.903099812e-05","8.559337050e-01","0.000000000e+00","2.847610012e-04","0.000000000e+00","1.498612085e+00","2.227420046e-04","row","0.000000000e+00","0","-1.000000000e+00","0.000000000e+00","-1.000000"
"cuda_warp_smem(blk512)(g1)","1","double","local","local","16384","16384","6","1","1","1","20","3.252000000e-07","7.169271123e-07","1.014189150e-02","1.542825411e-05","9.064940000e-05","3.095280710e-06","1.023286610e-02","1.022819700e-02","1.021428800e-02","1.732145857e-05","1.692727961e-01","9.820198614e-03","9.817643003e-03","9.810917594e-03","8.699544403e-06","8.858827346e-02","9.729224014e-03","9.727952003e-03","9.715711594e-03","7.387966953e-06","7.593582943e-02","4.126674857e-04","1.084830892e-05","6.151080420e-01","328.020399","331.087604","331.087604","2","585","-1.000e+00","1.383137610e-01","2.656669967e-04","4.752486630e-01","4.518653","2.337407991e-04","7.259749558e-06","3.364547","1.692287989e-04","8.663301759e-06","4.647152","9.697887693e-06","7.546563094e-07","2.516400127e-05","8.892403470e-01","0.000000000e+00","5.340930002e-04","0.000000000e+00","1.504907646e+00","1.807160006e-04","row","0.000000000e+00","0","-1.000000000e+00","0.000000000e+00","-1.000000"
"cuda_warp_smem(blk512)(g1)","1","double","local","local","16384","16384","8","1","1","1","20","1.567000000e-07","3.302805827e-08","1.375489080e-02","1.572900549e-05","1.221560000e-04","5.408262509e-06","1.387720350e-02","1.387323450e-02","1.385778300e-02","1.670223158e-05","1.203573298e-01","1.333424555e-02","1.333183437e-02","1.331923711e-02","1.210585306e-05","9.078768661e-02","1.321193285e-02","1.320948792e-02","1.319952011e-02","1.047929423e-05","7.931688987e-02","5.429579501e-04","8.325190105e-06","6.222388140e-01","322.100510","325.082435","325.082435","2","455","-1.000e+00","1.470640220e-01","2.534979940e-04","4.736142580e-01","4.534246","3.094383955e-04","5.294944056e-06","3.388642","2.227615997e-04","7.227231243e-06","4.707167","1.075795490e-05","4.729427628e-07","2.837599459e-05","8.910326130e-01","0.000000000e+00","6.309710006e-04","0.000000000e+00","1.513930774e+00","1.851679990e-04","row","0.000000000e+00","0","-1.000000000e+00","0.000000000e+00","-1.000000"
"cuda_warp_smem(blk512)(g1)","1","double","local","local","16384","16384","20","1","1","1","20","1.755000000e-07","1.667435788e-07","3.820888305e-02","1.563072779e-04","3.327213000e-04","1.272014495e-04","3.854177985e-02","3.846540700e-02","3.842251500e-02","2.599413024e-04","6.744403174e-01","3.744076538e-02","3.740919194e-02","3.740068052e-02","1.256214441e-04","3.355205023e-01","3.710786858e-02","3.710827065e-02","3.710089493e-02","2.811123597e-06","7.575545849e-03","1.101014474e-03","1.580558707e-04","6.112438270e-01","286.784154","289.356911","289.356911","1","292","-1.000e+00","1.346291580e-01","3.314709975e-04","4.749785070e-01","4.521223","6.266351998e-04","1.136927275e-04","4.183359","4.631279975e-04","1.179544449e-04","5.660293","1.125127665e-05","9.293921461e-07","2.515599772e-05","8.841745640e-01","0.000000000e+00","1.577953000e-03","0.000000000e+00","1.497021500e+00","1.972219980e-04","row","0.000000000e+00","0","-1.000000000e+00","0.000000000e+00","-1.000000"
"cuda_warp_smem(blk512)(g1)","1","double","local","local","16384","16384","32","1","1","1","20","2.306500000e-07","2.542957820e-07","5.690732860e-02","2.748734776e-04","6.480392000e-04","2.774595954e-04","5.755559845e-02","5.739616650e-02","5.730592400e-02","3.742250264e-04","6.501974377e-01","5.567099953e-02","5.557756026e-02","5.554843013e-02","2.775847162e-04","4.986163686e-01","5.502272968e-02","5.502332878e-02","5.501583862e-02","3.385050416e-06","6.152094663e-03","1.884598917e-03","2.749875306e-04","6.169142480e-01","308.596385","312.232223","312.232223","1","186","-1.000e+00","1.398066860e-01","3.169229967e-04","4.754613950e-01","4.516631","1.018244806e-03","1.975600789e-04","4.119151","8.544176042e-04","1.969002406e-04","4.908963","1.193650694e-05","7.042016233e-07","2.558800043e-05","8.795271600e-01","0.000000000e+00","2.457549002e-03","0.000000000e+00","1.498924545e+00","2.122000005e-04","row","0.000000000e+00","0","-1.000000000e+00","0.000000000e+00","-1.000000"
"cuda_warp_smem(blk1024)(g1)","1","double","local","local","16384","16384","3","1","1","1","20","2.038500000e-07","3.765392967e-08","6.093820100e-03","1.528049490e-04","4.469315000e-05","7.910506854e-07","6.138717100e-03","6.126643000e-03","5.774734000e-03","1.528528267e-04","2.489979977e+00","5.895621816e-03","5.911373473e-03","5.563506881e-03","7.830762310e-05","1.328233485e+00","5.850724816e-03","5.866656065e-03","5.518591881e-03","7.829525223e-05","1.338214575e+00","2.430952837e-04","1.272037785e-04","6.389009390e-01","273.187933","275.284309","275.284309","1","1536","-1.000e+00","1.688305290e-01","2.572200028e-04","4.683904160e-01","4.584816","1.190287996e-04","1.569848522e-06","3.303537","1.142080005e-04","1.273156576e-04","3.442981","9.858483543e-06","4.105483704e-07","7.252600335e-05","8.536819210e-01","0.000000000e+00","2.807740020e-04","0.000000000e+00","1.492936160e+00","1.868550025e-04","row","0.000000000e+00","0","-1.000000000e+00","0.000000000e+00","-1.000000"
"cuda_warp_smem(blk1024)(g1)","1","double","local","local","16384","16384","6","1","1","1","20","2.039500000e-07","3.512155584e-08","1.119942370e-02","9.956503001e-06","9.020145000e-05","2.699681959e-06","1.128982910e-02","1.128547550e-02","1.127683200e-02","1.088208859e-05","9.638842616e-02","1.086329978e-02","1.086026696e-02","1.085714638e-02","5.897459724e-06","5.428792211e-02","1.077289438e-02","1.077020788e-02","1.076742363e-02","5.234172422e-06","4.858650086e-02","4.265293175e-04","5.514076308e-06","6.113769370e-01","296.523666","299.012072","299.012072","1","877","-1.000e+00","1.363133380e-01","2.533699953e-04","4.734460790e-01","4.535857","2.322063997e-04","2.062408621e-06","3.386780","1.843040004e-04","4.885410031e-06","4.267037","1.001891735e-05","9.792836470e-07","2.485300502e-05","8.504076920e-01","0.000000000e+00","5.359909992e-04","0.000000000e+00","1.462345473e+00","1.895780006e-04","row","0.000000000e+00","0","-1.000000000e+00","0.000000000e+00","-1.000000"
"cuda_warp_smem(blk1024)(g1)","1","double","local","local","16384","16384","8","1","1","1","20","1.207000000e-07","2.021229431e-08","1.444724250e-02","2.251710009e-05","1.199014500e-04","1.582036112e-06","1.456726465e-02","1.456300600e-02","1.454066700e-02","2.253679924e-05","1.547085179e-01","1.401699180e-02","1.401084034e-02","1.399888744e-02","1.834461659e-05","1.308741337e-01","1.389696965e-02","1.389035225e-02","1.387945557e-02","1.816386886e-05","1.307038103e-01","5.502728478e-04","7.338792981e-06","6.051045970e-01","306.411487","309.057831","309.057831","1","682","-1.000e+00","1.318385620e-01","2.549650017e-04","4.716423490e-01","4.553204","3.074863985e-04","3.104887133e-06","3.410154","2.322976001e-04","5.711629165e-06","4.513934","1.048884925e-05","8.973733010e-07","5.926500307e-05","8.402944300e-01","0.000000000e+00","6.319620006e-04","0.000000000e+00","1.446090254e+00","1.992239995e-04","row","0.000000000e+00","0","-1.000000000e+00","0.000000000e+00","-1.000000"
"cuda_warp_smem(blk64)(g8)","8","double","local","local","16384","16384","3","1","1","1","20","1.358000000e-07","2.285330796e-08","5.924036900e-03","1.726005792e-05","4.503055000e-05","1.850525430e-06","5.969203250e-03","5.970863000e-03","5.924982000e-03","1.813036782e-05","3.037317891e-01","5.751160002e-03","5.751762968e-03","5.712184994e-03","1.646580973e-05","2.863041494e-01","5.705993652e-03","5.706815958e-03","5.667551994e-03","1.565846938e-05","2.744214301e-01","2.180432477e-04","6.063087812e-06","6.403257550e-01","280.050066","282.266829","282.266829","16","128","-1.000e+00","1.604841940e-01","2.650370006e-04","4.781470870e-01","4.491262","1.198928017e-04","4.481098386e-06","3.279730","8.859199882e-05","3.120296100e-06","4.438505","9.558447124e-06","8.893022230e-07","2.712800051e-05","8.632255300e-01","0.000000000e+00","2.850670062e-04","0.000000000e+00","1.503863480e+00","1.795779972e-04","row","0.000000000e+00","0","-1.000000000e+00","0.000000000e+00","-1.000000"
"cuda_warp_smem(blk64)(g8)","8","double","local","local","16384","16384","6","1","1","1","20","1.519500000e-07","1.861373291e-08","1.313324540e-02","7.468994151e-05","8.982240000e-05","1.487931676e-06","1.322321975e-02","1.321024100e-02","1.312677300e-02","7.503033308e-05","5.674134931e-01","1.281101441e-02","1.279928749e-02","1.272488479e-02","7.353770113e-05","5.740193461e-01","1.272104006e-02","1.271017599e-02","1.263545609e-02","7.319948974e-05","5.754206371e-01","4.122053419e-04","7.524550260e-06","6.186063210e-01","251.441874","253.220292","253.220292","16","72","-1.000e+00","1.462383720e-01","3.281340032e-04","4.707447220e-01","4.561886","2.330079995e-04","4.623140242e-06","3.375129","1.693071999e-04","5.150900116e-06","4.645000","9.890142489e-06","4.338253368e-07","2.427800064e-05","8.636279140e-01","0.000000000e+00","5.422510003e-04","0.000000000e+00","1.482800764e+00","1.774709963e-04","row","0.000000000e+00","0","-1.000000000e+00","0.000000000e+00","-1.000000"
"cuda_warp_smem(blk64)(g8)","8","double","local","local","16384","16384","8","1","1","1","20","1.209000000e-07","2.658432460e-08","2.348915975e-02","1.344627649e-05","1.195989000e-04","3.315260772e-06","2.360887955e-02","2.360367800e-02","2.358855900e-02","1.461267544e-05","6.189482821e-02","2.306145421e-02","2.305956225e-02","2.304833235e-02","9.305419282e-06","4.035053123e-02","2.294173441e-02","2.294091225e-02","2.292985535e-02","7.585329911e-06","3.306345447e-02","5.474253407e-04","1.139636778e-05","6.215684820e-01","186.240090","187.211970","187.211970","16","56","-1.000e+00","1.430198920e-01","2.630930030e-04","4.769702390e-01","4.502343","3.082863957e-04","4.812070980e-06","3.401305","2.289391994e-04","9.548985344e-06","4.580151","1.019974555e-05","1.346749845e-06","2.616500569e-05","8.632986850e-01","0.000000000e+00","6.703079998e-04","0.000000000e+00","1.485563640e+00","2.071929994e-04","row","0.000000000e+00","0","-1.000000000e+00","0.000000000e+00","-1.000000"
"cuda_warp_smem(blk64)(g8)","8","double","local","local","16384","16384","20","1","1","1","20","1.151500001e-07","3.458060757e-08","3.361839565e-02","1.485205834e-04","3.093708000e-04","9.658802800e-06","3.392788160e-02","3.390120100e-02","3.375166100e-02","1.482750886e-04","4.370301992e-01","3.286514830e-02","3.287516089e-02","3.270258278e-02","9.033474831e-05","2.748648736e-01","3.255566235e-02","3.256608009e-02","3.237603378e-02","9.042702877e-05","2.777612933e-01","1.062733304e-03","1.233597351e-04","6.135270160e-01","326.711389","329.817226","329.817226","12","32","-1.000e+00","1.396303420e-01","3.505060013e-04","4.722488010e-01","4.547356","6.247904003e-04","1.240955359e-04","4.195711","4.268271998e-04","1.475868521e-05","6.141689","1.111570409e-05","7.836311264e-07","3.065299825e-05","8.554861530e-01","0.000000000e+00","1.668951998e-03","0.000000000e+00","1.470712774e+00","1.996430001e-04","row","0.000000000e+00","0","-1.000000000e+00","0.000000000e+00","-1.000000"
"cuda_warp_smem(blk64)(g8)","8","double","local","local","16384","16384","32","1","1","1","20","2.893500000e-07","2.278416521e-07","5.352423755e-02","2.540026511e-04","6.625935000e-04","2.864537277e-04","5.418712040e-02","5.402867600e-02","5.393868000e-02","3.599634210e-04","6.642970107e-01","5.229179139e-02","5.221516547e-02","5.211623252e-02","2.834828536e-04","5.421173115e-01","5.162890854e-02","5.163486481e-02","5.153465652e-02","5.099974284e-05","9.878136936e-02","1.895329011e-03","2.667753832e-04","6.171310830e-01","328.538547","332.756777","332.756777","7","32","-1.000e+00","1.325246950e-01","3.234800024e-04","4.829072400e-01","4.446990","1.015859199e-03","1.954089596e-04","4.128824","8.668559968e-04","1.861920078e-04","4.838525","1.261381576e-05","7.705374421e-07","2.646400389e-05","8.434398560e-01","0.000000000e+00","2.517096000e-03","0.000000000e+00","1.463114499e+00","1.964049952e-04","row","0.000000000e+00","0","-1.000000000e+00","0.000000000e+00","-1.000000"
"cuda_warp_smem(blk128)(g8)","8","double","local","local","16384","16384","3","1","1","1","20","1.632000000e-07","1.730104954e-08","5.871161200e-03","6.528990343e-06","4.437060000e-05","7.757849946e-07","5.915695000e-03","5.914260500e-03","5.906280000e-03","6.531453131e-06","1.104088891e-01","5.699655365e-03","5.698653995e-03","5.690811088e-03","7.646536224e-06","1.341578698e-01","5.655121565e-03","5.654399872e-03","5.646368027e-03","7.885874570e-06","1.394465968e-01","2.160396351e-04","4.477239474e-06","6.434761270e-01","282.580723","284.806032","284.806032","8","256","-1.000e+00","1.741758100e-01","2.560319990e-04","4.676201850e-01","4.592367","1.188192006e-04","1.298057983e-06","3.309364","8.759199977e-05","4.010743584e-06","4.489177","9.628434746e-06","5.007622346e-07","3.118300083e-05","8.322178950e-01","0.000000000e+00","2.865709976e-04","0.000000000e+00","1.476011776e+00","1.786729990e-04","row","0.000000000e+00","0","-1.000000000e+00","0.000000000e+00","-1.000000"
"cuda_warp_smem(blk128)(g8)","8","double","local","local","16384","16384","6","1","1","1","20","2.191000000e-07","1.016515721e-07","1.088337265e-02","5.150068975e-06","8.943615000e-05","9.612965080e-07","1.097302790e-02","1.097296500e-02","1.096545000e-02","5.091197397e-06","4.639737950e-02","1.055473847e-02","1.055468468e-02","1.055009228e-02","2.594697028e-06","2.458324321e-02","1.046508322e-02","1.046553612e-02","1.046028805e-02","2.489013153e-06","2.378397860e-02","4.182894324e-04","4.814248552e-06","6.087982080e-01","305.192353","307.806962","307.806962","8","144","-1.000e+00","1.355602880e-01","2.544540039e-04","4.716311390e-01","4.553312","2.291343994e-04","9.549591883e-07","3.432187","1.797567993e-04","4.515580310e-06","4.374978","9.398233595e-06","5.519439218e-07","2.368599962e-05","8.292864970e-01","0.000000000e+00","5.370439976e-04","0.000000000e+00","1.438645435e+00","1.843740029e-04","row","0.000000000e+00","0","-1.000000000e+00","0.000000000e+00","-1.000000"
"cuda_warp_smem(blk128)(g8)","8","double","local","local","16384","16384","8","1","1","1","20","2.006500000e-07","2.806810327e-08","2.501367985e-02","8.752258321e-06","1.206744000e-04","2.085227954e-06","2.513455490e-02","2.513334200e-02","2.512024900e-02","9.626653153e-06","3.830047197e-02","2.458563984e-02","2.458682307e-02","2.457617237e-02","4.229308314e-06","1.720235203e-02","2.446476479e-02","2.446537590e-02","2.445599937e-02","3.794576000e-06","1.551037189e-02","5.489150642e-04","8.226992805e-06","6.100079860e-01","174.694144","175.557269","175.557269","8","112","-1.000e+00","1.387580450e-01","2.528629993e-04","4.696406900e-01","4.572610","3.080848023e-04","4.989787724e-06","3.403530","2.301839992e-04","6.310240021e-06","4.555382","1.064626266e-05","9.511825393e-07","3.063100303e-05","8.251507960e-01","0.000000000e+00","6.340019972e-04","0.000000000e+00","1.435823415e+00","1.814260031e-04","row","0.000000000e+00","0","-1.000000000e+00","0.000000000e+00","-1.000000"
"cuda_warp_smem(blk128)(g8)","8","double","local","local","16384","16384","20","1","1","1","20","2.219000000e-07","7.608091260e-08","3.228668365e-02","1.594510315e-04","3.277533500e-04","1.296036897e-04","3.261465890e-02","3.252910150e-02","3.250685300e-02","2.639975097e-04","8.094443377e-01","3.150448425e-02","3.147451974e-02","3.145556950e-02","1.298510436e-04","4.121668603e-01","3.117650900e-02","3.117353630e-02","3.116048050e-02","1.100377840e-05","3.529509478e-02","1.110174651e-03","1.574797356e-04","6.085956430e-01","340.821902","344.407331","344.407331","6","64","-1.000e+00","1.384189600e-01","3.025849946e-04","4.685204960e-01","4.583543","6.234911978e-04","1.166808247e-04","4.204454","4.755679980e-04","1.142401141e-04","5.512230","1.111545531e-05","7.007896129e-07","6.965499779e-05","8.269686460e-01","0.000000000e+00","1.589846004e-03","0.000000000e+00","1.437223790e+00","1.889229970e-04","row","0.000000000e+00","0","-1.000000000e+00","0.000000000e+00","-1.000000"
"cuda_warp_smem(blk128)(g8)","8","double","local","local","16384","16384","32","1","1","1","20","1.779000000e-07","7.636401747e-08","5.904335960e-02","2.558830986e-04","6.087834000e-04","2.257211946e-04","5.965232090e-02","5.950135800e-02","5.943542100e-02","4.423867068e-04","7.416085412e-01","5.775405598e-02","5.769622659e-02","5.765142706e-02","2.240794553e-04","3.879891230e-01","5.714509468e-02","5.714384079e-02","5.713020706e-02","8.021297315e-06","1.403672067e-02","1.898264919e-03","2.591689959e-04","6.129081220e-01","297.466020","300.635939","300.635939","4","56","-1.000e+00","1.342722120e-01","3.260230005e-04","4.769482050e-01","4.502551","1.020420802e-03","1.880551505e-04","4.110367","8.646079957e-04","1.867729102e-04","4.851105","1.323612183e-05","3.437379452e-06","2.505999873e-05","8.272964990e-01","0.000000000e+00","2.495055996e-03","0.000000000e+00","1.442724737e+00","1.794809900e-02","row","0.000000000e+00","0","-1.000000000e+00","0.000000000e+00","-1.000000"
"cuda_warp_smem(blk192)(g8)","8","double","local","local","16384","16384","3","1","1","1","20","2.129000000e-07","1.015215300e-07","6.006879250e-03","2.931349784e-05","4.508150000e-05","4.006073199e-06","6.052173650e-03","6.057324500e-03","5.970376000e-03","3.076503495e-05","5.083303409e-01","5.832335993e-03","5.839535420e-03","5.754494887e-03","2.759275939e-05","4.730996194e-01","5.787041593e-03","5.794896126e-03","5.710239887e-03","2.692108681e-05","4.651960139e-01","2.198376574e-04","7.998526327e-06","6.543180770e-01","276.152255","278.313662","278.313662","5","408","-1.000e+00","1.769028310e-01","2.519589980e-04","4.757375000e-01","4.514010","1.207039993e-04","4.445981475e-06","3.257688","8.935519978e-05","4.796902802e-06","4.400594","9.778458292e-06","9.708929962e-07","2.998700074e-05","8.504614890e-01","0.000000000e+00","3.043010001e-04","0.000000000e+00","1.505113854e+00","1.792539988e-04","row","0.000000000e+00","0","-1.000000000e+00","0.000000000e+00","-1.000000"
"cuda_warp_smem(blk192)(g8)","8","double","local","local","16384","16384","6","1","1","1","20","1.380000000e-07","2.487018931e-08","1.459288060e-02","1.102758293e-03","9.012755000e-05","2.679629088e-06","1.468314615e-02","1.443496850e-02","1.442453100e-02","1.103465768e-03","7.515186165e+00","1.401525911e-02","1.401483636e-02","1.401091362e-02","3.182829231e-06","2.270974232e-02","1.392499356e-02","1.392382383e-02","1.392118359e-02","2.786764452e-06","2.001268036e-02","6.678870373e-04","1.103349261e-03","6.122847110e-01","229.837026","231.326891","231.326891","5","232","-1.000e+00","1.396860130e-01","2.525529999e-04","4.709905850e-01","4.559504","2.324704021e-04","2.797317012e-06","3.382934","4.248368062e-04","1.103645971e-03","1.851139","1.057982897e-05","2.907341680e-06","2.251900150e-05","8.422005390e-01","0.000000000e+00","5.442990005e-04","0.000000000e+00","1.455052068e+00","3.728879965e-04","row","0.000000000e+00","0","-1.000000000e+00","0.000000000e+00","-1.000000"
"cuda_warp_smem(blk192)(g8)","8","double","local","local","16384","16384","8","1","1","1","20","1.518500000e-07","3.315874892e-08","1.698591795e-02","4.004064250e-04","1.220277000e-04","1.891930123e-06","1.710809750e-02","1.701564650e-02","1.699476200e-02","4.008497417e-04","2.343041017e+00","1.646868042e-02","1.646853281e-02","1.645621392e-02","7.199126300e-06","4.371404457e-02","1.634650087e-02","1.634507179e-02","1.633747292e-02","6.961159455e-06","4.258501259e-02","6.394170764e-04","3.988616219e-04","6.161250190e-01","260.796080","262.745362","262.745362","5","176","-1.000e+00","1.421356740e-01","3.079470043e-04","4.723680490e-01","4.546209","3.084863991e-04","5.674036645e-06","3.399100","3.205376051e-04","3.992711924e-04","3.271304","1.039307224e-05","5.504378703e-07","4.651299969e-05","8.497789800e-01","0.000000000e+00","6.611069985e-04","0.000000000e+00","1.466611619e+00","1.784679989e-04","row","0.000000000e+00","0","-1.000000000e+00","0.000000000e+00","-1.000000"
"cuda_warp_smem(blk192)(g8)","8","double","local","local","16384","16384","20","1","1","1","20","2.089500000e-07","1.589400666e-07","4.187887365e-02","1.592047601e-04","3.286659000e-04","1.289614268e-04","4.220774850e-02","4.212843900e-02","4.210145700e-02","2.628221348e-04","6.226869333e-01","4.106011817e-02","4.103323121e-02","4.101200354e-02","1.277316303e-04","3.110844196e-01","4.073124332e-02","4.073078346e-02","4.071686554e-02","6.923764471e-06","1.699865731e-02","1.147630326e-03","1.588157020e-04","6.084293340e-01","261.504806","263.616265","263.616265","5","72","-1.000e+00","1.373170710e-01","3.054650006e-04","4.694626510e-01","4.574344","6.192592025e-04","1.171884770e-04","4.233187","5.171680003e-04","1.153911001e-04","5.068836","1.120312290e-05","9.475517071e-07","2.835199848e-05","8.387824850e-01","0.000000000e+00","1.575595998e-03","0.000000000e+00","1.448815767e+00","2.001770044e-04","row","0.000000000e+00","0","-1.000000000e+00","0.000000000e+00","-1.000000"
"cuda_warp_smem(blk192)(g8)","8","double","local","local","16384","16384","32","1","1","1","20","2.823000000e-07","2.693397580e-07","7.248107330e-02","5.087104984e-04","6.761156000e-04","3.365767184e-04","7.315747120e-02","7.287963650e-02","7.221671500e-02","7.597650334e-04","1.038533756e+00","7.112269841e-02","7.109411243e-02","7.038360201e-02","4.509905574e-04","6.341021467e-01","7.044630051e-02","7.056038284e-02","6.982662201e-02","2.338743756e-04","3.319895778e-01","2.034772793e-03","3.995742832e-04","6.082027320e-01","241.552550","243.871844","243.871844","3","80","-1.000e+00","1.388348970e-01","3.111549959e-04","4.676753550e-01","4.591826","1.095809603e-03","3.148961417e-04","3.827585","9.264591992e-04","3.132059294e-04","4.527241","1.250399148e-05","6.442680709e-07","2.384400432e-05","8.385267800e-01","0.000000000e+00","2.434716000e-03","0.000000000e+00","1.449188072e+00","2.042520064e-04","row","0.000000000e+00","0","-1.000000000e+00","0.000000000e+00","-1.000000"
"cuda_warp_smem(g8)","8","double","local","local","16384","16384","3","1","1","1","20","1.309500000e-07","2.285532301e-08","5.815110800e-03","2.768780896e-05","4.471290000e-05","2.586993132e-06","5.859954650e-03","5.867326500e-03","5.796767000e-03","2.782983726e-05","4.749155739e-01","5.638674292e-03","5.646412498e-03","5.575950036e-03","2.603014648e-05","4.616359294e-01","5.593830442e-03","5.602367878e-03","5.531136036e-03","2.587088322e-05","4.624895854e-01","2.212803576e-04","5.437158964e-06","6.566610700e-01","285.636774","287.926628","287.926628","4","512","-1.000e+00","1.783044650e-01","2.541110007e-04","4.766292340e-01","4.505564","1.201632001e-04","1.675551575e-06","3.272350","9.175359905e-05","4.984600044e-06","4.285565","9.363558473e-06","5.123632786e-07","7.220500265e-05","8.458537190e-01","0.000000000e+00","3.173590012e-04","0.000000000e+00","1.502904353e+00","2.078890029e-04","row","0.000000000e+00","0","-1.000000000e+00","0.000000000e+00","-1.000000"
"cuda_warp_smem(g8)","8","double","local","local","16384","16384","6","1","1","1","20","1.395000000e-07","2.994292815e-08","9.779411150e-03","5.435449183e-04","9.176275000e-05","4.921952842e-06","9.871313400e-03","9.749024000e-03","9.736190000e-03","5.433911241e-04","5.504749997e+00","9.332660621e-03","9.332010170e-03","9.325099844e-03","5.673974064e-06","6.079696127e-02","9.240758371e-03","9.241376400e-03","9.235136032e-03","2.966099366e-06","3.209800805e-02","5.386527786e-04","5.429308503e-04","6.200823500e-01","345.156178","348.588865","348.588865","4","288","-1.000e+00","1.400833000e-01","2.794019965e-04","4.783646710e-01","4.489219","2.358928002e-04","7.092209712e-06","3.333853","2.925520018e-04","5.415525473e-04","2.688178","1.020797663e-05","1.835303911e-06","2.803000098e-05","8.386225230e-01","0.000000000e+00","5.472589983e-04","0.000000000e+00","1.459280162e+00","1.809860041e-04","row","0.000000000e+00","0","-1.000000000e+00","0.000000000e+00","-1.000000"
"cuda_warp_smem(g8)","8","double","local","local","16384","16384","8","1","1","1","20","1.465500000e-07","2.262386958e-08","1.321448770e-02","1.400005615e-03","1.199021500e-04","8.677711483e-07","1.333453640e-02","1.302314000e-02","1.300692600e-02","1.400290992e-03","1.050123491e+01","1.246279768e-02","1.246273179e-02","1.245938932e-02","2.525149532e-06","2.026149824e-02","1.234274898e-02","1.234257603e-02","1.233872032e-02","2.092355600e-06","1.695210365e-02","8.717387242e-04","1.399009460e-03","6.135780150e-01","344.623046","347.974937","347.974937","4","224","-1.000e+00","1.393914670e-01","2.541520007e-04","4.725555730e-01","4.544404","6.213440031e-04","1.399872265e-03","1.687593","2.399983995e-04","6.500726151e-06","4.369096","1.039632170e-05","4.730395758e-07","2.484500146e-05","8.355060960e-01","0.000000000e+00","6.725690037e-04","0.000000000e+00","1.449781525e+00","1.794609998e-04","row","0.000000000e+00","0","-1.000000000e+00","0.000000000e+00","-1.000000"
"cuda_warp_smem(g8)","8","double","local","local","16384","16384","20","1","1","1","20","1.624000001e-07","9.585482445e-08","3.214194525e-02","9.002322817e-04","3.059023500e-04","6.469159119e-06","3.244801000e-02","3.221411900e-02","3.218224700e-02","9.012264489e-04","2.777447520e+00","3.113049207e-02","3.113139197e-02","3.111114644e-02","9.079393825e-06","2.916559688e-02","3.082442732e-02","3.082572842e-02","3.080972862e-02","9.474203224e-06","3.073602350e-02","1.317517931e-03","8.996751293e-04","6.184165080e-01","344.916432","348.341208","348.341208","3","128","-1.000e+00","1.411483250e-01","3.382130017e-04","4.755682950e-01","4.515616","6.212431997e-04","1.247208462e-04","4.219668","6.852495998e-04","8.996071933e-04","3.825526","1.102513191e-05","8.391970010e-07","2.689399844e-05","8.390959260e-01","0.000000000e+00","1.683661998e-03","0.000000000e+00","1.459222990e+00","2.060659972e-04","row","0.000000000e+00","0","-1.000000000e+00","0.000000000e+00","-1.000000"
"cuda_warp_smem(g8)","8","double","local","local","16384","16384","32","1","1","1","20","2.798500000e-07","2.527603972e-07","5.571999260e-02","3.605984183e-04","6.362277500e-04","3.081934066e-04","5.635650020e-02","5.607694800e-02","5.600772900e-02","6.118459306e-04","1.085670559e+00","5.435757942e-02","5.425137303e-02","5.420998068e-02","3.203707768e-04","5.893764590e-01","5.372107182e-02","5.371838379e-02","5.369302368e-02","2.000740749e-05","3.724312792e-02","1.998920785e-03","3.539165179e-04","6.111198390e-01","316.052874","319.797588","319.797588","2","120","-1.000e+00","1.335103950e-01","3.077649963e-04","4.759337820e-01","4.512148","1.064128000e-03","2.707148086e-04","3.941541","9.222608030e-04","2.713126969e-04","4.547850","1.253198198e-05","1.352487628e-06","2.153799869e-05","8.352886610e-01","0.000000000e+00","2.415825002e-03","0.000000000e+00","1.448845863e+00","2.134819952e-04","row","0.000000000e+00","0","-1.000000000e+00","0.000000000e+00","-1.000000"
"cuda_warp_smem(blk384)(g8)","8","double","local","local","16384","16384","3","1","1","1","20","1.753500000e-07","7.718690578e-08","5.968497150e-03","1.532893505e-05","4.459340000e-05","5.397499811e-07","6.013265900e-03","6.017447500e-03","5.972497000e-03","1.529474605e-05","2.543500703e-01","5.795037567e-03","5.799899084e-03","5.758355984e-03","1.471307271e-05","2.538908944e-01","5.750268817e-03","5.755487919e-03","5.713119984e-03","1.476197983e-05","2.567180821e-01","2.182283331e-04","2.863844739e-06","6.426165400e-01","277.929645","280.093468","280.093468","2","1024","-1.000e+00","1.678949720e-01","3.053859982e-04","4.730010410e-01","4.540125","1.182224002e-04","4.664438999e-07","3.326070","9.037120044e-05","2.664477265e-06","4.351121","9.634732436e-06","5.523238839e-07","2.360199869e-05","8.328400440e-01","0.000000000e+00","2.809729995e-04","0.000000000e+00","1.475761159e+00","3.668889985e-04","row","0.000000000e+00","0","-1.000000000e+00","0.000000000e+00","-1.000000"
"cuda_warp_smem(blk384)(g8)","8","double","local","local","16384","16384","6","1","1","1","20","1.769500000e-07","1.603113745e-08","1.033439370e-02","7.008189353e-06","9.049590000e-05","1.585886599e-06","1.042506655e-02","1.042671050e-02","1.041202800e-02","6.935987430e-06","6.653182881e-02","1.000654004e-02","1.000680302e-02","9.997613417e-03","4.499586933e-06","4.496646110e-02","9.915867186e-03","9.917024136e-03","9.908032417e-03","3.893547371e-06","3.926582817e-02","4.185265144e-04","5.757789443e-06","6.083089550e-01","321.912016","324.855649","324.855649","2","584","-1.000e+00","1.329470780e-01","2.496099987e-04","4.737970520e-01","4.532497","2.317184001e-04","1.706773366e-06","3.393913","1.770368002e-04","5.087882485e-06","4.442195","9.771314051e-06","4.887882462e-07","2.304999362e-05","8.324809380e-01","0.000000000e+00","5.396740016e-04","0.000000000e+00","1.441352617e+00","1.769660012e-04","row","0.000000000e+00","0","-1.000000000e+00","0.000000000e+00","-1.000000"
"cuda_warp_smem(blk384)(g8)","8","double","local","local","16384","16384","8","1","1","1","20","1.288000000e-07","3.167532661e-08","1.493321705e-02","8.119152493e-04","1.197167500e-04","1.295124130e-06","1.505306260e-02","1.487099550e-02","1.485634400e-02","8.128040301e-04","5.399592440e+00","1.432710802e-02","1.432699000e-02","1.431629147e-02","7.227006777e-06","5.044288609e-02","1.420726247e-02","1.420662403e-02","1.419753647e-02","6.830046577e-06","4.807433235e-02","7.259545817e-04","8.120930733e-04","6.151964250e-01","299.779082","302.307873","302.307873","2","448","-1.000e+00","1.382685600e-01","2.521150018e-04","4.753484430e-01","4.517704","3.082271978e-04","2.501282485e-06","3.401958","4.074928045e-04","8.116073431e-04","2.573238","1.023457931e-05","5.664394114e-07","2.932299685e-05","8.337071050e-01","0.000000000e+00","6.292480030e-04","0.000000000e+00","1.449562101e+00","1.858469986e-04","row","0.000000000e+00","0","-1.000000000e+00","0.000000000e+00","-1.000000"
"cuda_warp_smem(blk384)(g8)","8","double","local","local","16384","16384","20","1","1","1","20","2.415500000e-07","4.770134608e-08","3.279216370e-02","1.931868227e-04","3.388383500e-04","1.390881542e-04","3.313124360e-02","3.305713650e-02","3.302119300e-02","3.312601903e-04","9.998423069e-01","3.202190527e-02","3.197488142e-02","3.196078929e-02","2.138093025e-04","6.676970052e-01","3.168282537e-02","3.166444778e-02","3.165606308e-02","7.491277736e-05","2.364460129e-01","1.109338325e-03","1.202151221e-04","6.109554880e-01","335.314784","338.903432","338.903432","2","192","-1.000e+00","1.325899530e-01","3.031140004e-04","4.767053740e-01","4.504845","6.019727975e-04","2.698233198e-05","4.354748","4.964383975e-04","1.207251224e-04","5.280494","1.092713042e-05","5.876695611e-07","2.661599865e-05","8.376712930e-01","0.000000000e+00","1.095963002e-03","0.000000000e+00","1.449749360e+00","2.032260018e-04","row","0.000000000e+00","0","-1.000000000e+00","0.000000000e+00","-1.000000"
"cuda_warp_smem(blk384)(g8)","8","double","local","local","16384","16384","32","1","1","1","20","4.087500000e-07","4.744623411e-07","6.643274295e-02","2.741386228e-04","6.103675500e-04","2.128692577e-04","6.704351925e-02","6.690736900e-02","6.685717300e-02","4.433021461e-04","6.612155075e-01","6.510542581e-02","6.505590533e-02","6.503833091e-02","2.114607274e-04","3.247973956e-01","6.449464951e-02","6.449408340e-02","6.448451233e-02","4.723572449e-06","7.323975687e-03","1.938093444e-03","2.740014272e-04","6.127647490e-01","263.877687","266.376658","266.376658","1","184","-1.000e+00","1.342333940e-01","3.145529990e-04","4.768804610e-01","4.503191","1.035657600e-03","2.046189869e-04","4.049894","8.899520010e-04","1.951848531e-04","4.712955","1.248384384e-05","1.179871498e-06","4.470000567e-05","8.353503180e-01","0.000000000e+00","2.455046997e-03","0.000000000e+00","1.450614814e+00","2.002370020e-04","row","0.000000000e+00","0","-1.000000000e+00","0.000000000e+00","-1.000000"
"cuda_warp_smem(blk512)(g8)","8","double","local","local","16384","16384","3","1","1","1","20","1.061000000e-07","1.820034703e-08","5.911093100e-03","1.047259894e-05","4.436560000e-05","8.941621423e-07","5.955564800e-03","5.952433500e-03","5.939424000e-03","1.041049240e-05","1.748027727e-01","5.736561258e-03","5.735420877e-03","5.717918980e-03","9.500742323e-06","1.656173777e-01","5.692089558e-03","5.691407919e-03","5.673439980e-03","9.764184504e-06","1.715395446e-01","2.190035424e-04","4.610391278e-06","6.556479650e-01","280.762754","282.956324","282.956324","2","1024","-1.000e+00","1.771373760e-01","2.723720027e-04","4.768158920e-01","4.503800","1.185248002e-04","7.523245180e-07","3.317584","9.071520045e-05","4.442019599e-06","4.334621","9.763541657e-06","5.858230578e-07","8.380899817e-05","8.403354880e-01","0.000000000e+00","2.844289993e-04","0.000000000e+00","1.496351691e+00","1.908500053e-04","row","0.000000000e+00","0","-1.000000000e+00","0.000000000e+00","-1.000000"
"cuda_warp_smem(blk512)(g8)","8","double","local","local","16384","16384","6","1","1","1","20","2.124000000e-07","1.015756912e-07","1.022299175e-02","4.664824657e-05","9.072615000e-05","3.683669785e-06","1.031393030e-02","1.030275050e-02","1.029222300e-02","4.737916427e-05","4.593706074e-01","9.876880818e-03","9.875961336e-03","9.869569846e-03","5.487113758e-06","5.555512776e-02","9.785942268e-03","9.785775661e-03","9.780223846e-03","2.740753215e-06","2.800704459e-02","4.370494816e-04","4.583571333e-05","6.089846570e-01","326.137931","329.168657","329.168657","2","584","-1.000e+00","1.333563730e-01","2.559240020e-04","4.740111590e-01","4.530450","2.337807991e-04","1.841050459e-06","3.363972","1.929664008e-04","4.536809701e-05","4.075487","1.030228174e-05","2.448130119e-06","2.562299778e-05","8.404419530e-01","0.000000000e+00","5.347229962e-04","0.000000000e+00","1.449986956e+00","1.871819986e-04","row","0.000000000e+00","0","-1.000000000e+00","0.000000000e+00","-1.000000"
"cuda_warp_smem(blk512)(g8)","8","double","local","local","16384","16384","8","1","1","1","20","2.062500000e-07","8.586333998e-08","1.417119830e-02","4.778981156e-05","1.429995000e-04","3.928250270e-05","1.431440405e-02","1.426664850e-02","1.424588500e-02","8.607910067e-05","6.013460314e-01","1.374438816e-02","1.372385531e-02","1.371686064e-02","3.929413896e-05","2.858922383e-01","1.360118241e-02","1.360102415e-02","1.359692764e-02","2.963309368e-06","2.178714525e-02","5.700158869e-04","4.755251728e-05","6.138845510e-01","312.488795","315.778964","315.778964","2","448","-1.000e+00","1.381477540e-01","2.527469987e-04","4.741214790e-01","4.529395","3.109231964e-04","5.515028155e-06","3.372460","2.476736002e-04","4.276042080e-05","4.233701","1.141909036e-05","2.084395261e-06","2.734000009e-05","8.383124330e-01","0.000000000e+00","6.375710000e-04","0.000000000e+00","1.452861895e+00","1.935420005e-04","row","0.000000000e+00","0","-1.000000000e+00","0.000000000e+00","-1.000000"
"cuda_warp_smem(blk512)(g8)","8","double","local","local","16384","16384","20","1","1","1","20","1.742000001e-07","5.024529301e-08","3.518373645e-02","9.411851088e-04","3.348884500e-04","1.305452707e-04","3.551879910e-02","3.522890600e-02","3.519778500e-02","9.595324475e-04","2.701477730e+00","3.420423875e-02","3.417397158e-02","3.416214665e-02","1.315288799e-04","3.845397081e-01","3.386917610e-02","3.387014389e-02","3.386115265e-02","3.387233005e-06","1.000093121e-02","1.314560348e-03","9.415169127e-04","6.124885990e-01","313.920690","317.026260","317.026260","1","288","-1.000e+00","1.356450830e-01","3.130350015e-04","4.751527510e-01","4.519565","6.259503990e-04","1.227128098e-04","4.187936","6.770592123e-04","9.394562100e-04","3.871803","1.155073695e-05","9.300750149e-07","2.780700015e-05","8.447097050e-01","0.000000000e+00","1.596792004e-03","0.000000000e+00","1.458822903e+00","2.135169998e-04","row","0.000000000e+00","0","-1.000000000e+00","0.000000000e+00","-1.000000"
"cuda_warp_smem(blk512)(g8)","8","double","local","local","16384","16384","32","1","1","1","20","2.682500001e-07","2.359114184e-07","5.785449090e-02","3.457225297e-04","6.153438000e-04","2.791143158e-04","5.847010295e-02","5.821374750e-02","5.816905300e-02","5.704561013e-04","9.756372445e-01","5.647154829e-02","5.638003317e-02","5.635793226e-02","2.792500057e-04","4.944968115e-01","5.585593624e-02","5.585491180e-02","5.585161591e-02","3.323167626e-06","5.949533477e-03","1.998554659e-03","3.452506442e-04","6.173256890e-01","304.221678","307.574635","307.574635","1","184","-1.000e+00","1.378194890e-01","3.030039952e-04","4.778546300e-01","4.494010","1.054952002e-03","2.626620832e-04","3.975824","9.307871968e-04","2.588067188e-04","4.506190","1.281546052e-05","9.638176481e-07","4.658599937e-05","8.395437460e-01","0.000000000e+00","2.432788999e-03","0.000000000e+00","1.459348810e+00","2.093340008e-04","row","0.000000000e+00","0","-1.000000000e+00","0.000000000e+00","-1.000000"
"cuda_warp_smem(blk1024)(g8)","8","double","local","local","16384","16384","3","1","1","1","20","1.097000000e-07","1.065783624e-08","5.903103100e-03","4.459003581e-04","4.436055000e-05","4.848891870e-07","5.947573350e-03","5.727793500e-03","5.710286000e-03","4.460979575e-04","7.500503672e+00","5.653575861e-03","5.509096371e-03","5.494069206e-03","1.968023224e-04","3.481023820e+00","5.609105611e-03","5.464511871e-03","5.450784206e-03","1.965079146e-04","3.503373411e+00","2.939974892e-04","3.428659974e-04","6.356227730e-01","284.883899","287.142523","287.142523","1","1536","-1.000e+00","1.674258610e-01","2.871899997e-04","4.665047130e-01","4.603348","1.195503999e-04","1.266133805e-06","3.289123","1.649568003e-04","3.430245378e-04","2.383751","9.490289031e-06","5.388236337e-07","2.278300235e-05","8.705176960e-01","0.000000000e+00","2.829810037e-04","0.000000000e+00","1.506446233e+00","1.776640056e-04","row","0.000000000e+00","0","-1.000000000e+00","0.000000000e+00","-1.000000"
"cuda_warp_smem(blk1024)(g8)","8","double","local","local","16384","16384","6","1","1","1","20","1.378500000e-07","1.719325146e-08","1.132170510e-02","6.295406712e-06","9.020000000e-05","1.214635358e-06","1.141204295e-02","1.141131000e-02","1.139870400e-02","6.101176940e-06","5.346261810e-02","1.098468032e-02","1.098440940e-02","1.098193233e-02","2.027627461e-06","1.845868429e-02","1.089434247e-02","1.089428806e-02","1.089116764e-02","1.584479429e-06","1.454405746e-02","4.273626298e-04","6.711471875e-06","6.078940810e-01","293.247084","295.678742","295.678742","1","872","-1.000e+00","1.329381190e-01","2.534980013e-04","4.734305810e-01","4.536005","2.316496000e-04","2.527956137e-06","3.394921","1.859231994e-04","5.482728074e-06","4.229876","9.789830506e-06","6.522236437e-07","5.708599929e-05","8.742254770e-01","0.000000000e+00","5.373259992e-04","0.000000000e+00","1.482713970e+00","1.685840034e-04","row","0.000000000e+00","0","-1.000000000e+00","0.000000000e+00","-1.000000"
"cuda_warp_smem(blk1024)(g8)","8","double","local","local","16384","16384","8","1","1","1","20","1.733000000e-07","4.022188457e-08","1.456663150e-02","1.402940172e-05","1.207679500e-04","2.661179961e-06","1.468757275e-02","1.468595450e-02","1.466724500e-02","1.419475945e-05","9.664469203e-02","1.412831406e-02","1.412792369e-02","1.412486112e-02","3.008759347e-06","2.129595459e-02","1.400737281e-02","1.400723219e-02","1.400425625e-02","2.269438493e-06","1.620174264e-02","5.592586915e-04","1.444521782e-05","6.141910450e-01","303.997156","306.621902","306.621902","1","680","-1.000e+00","1.395306480e-01","2.630750023e-04","4.731017420e-01","4.539158","3.091775969e-04","6.542402607e-06","3.391501","2.397103995e-04","1.290637415e-05","4.374345","1.037069517e-05","6.866053788e-07","2.886199945e-05","8.688834310e-01","0.000000000e+00","6.528320009e-04","0.000000000e+00","1.483756170e+00","1.842150014e-04","row","0.000000000e+00","0","-1.000000000e+00","0.000000000e+00","-1.000000"
"cuda_warp_smem(blk64)(g16)","16","double","local","local","16384","16384","3","1","1","1","20","1.480000000e-07","3.704193926e-08","6.313963550e-03","3.651080973e-04","4.489995000e-05","8.812347483e-07","6.359011500e-03","6.672540500e-03","5.928114000e-03","3.652106495e-04","5.743198443e+00","6.140745568e-03","6.450455453e-03","5.711901079e-03","3.629956074e-04","5.911262784e+00","6.095697618e-03","6.405231953e-03","5.666912079e-03","3.628959851e-04","5.953313433e+00","2.182659325e-04","4.790710224e-06","6.372446900e-01","262.282929","264.221232","264.221232","16","128","-1.000e+00","1.603029290e-01","2.549330020e-04","4.752813240e-01","4.518342","1.192095999e-04","1.273714432e-06","3.298526","8.925599940e-05","4.155707926e-06","4.405485","9.800333201e-06","5.221011437e-07","6.921000022e-05","8.442917160e-01","0.000000000e+00","3.148649994e-04","0.000000000e+00","1.481920481e+00","1.824869978e-04","row","0.000000000e+00","0","-1.000000000e+00","0.000000000e+00","-1.000000"
"cuda_warp_smem(blk64)(g16)","16","double","local","local","16384","16384","6","1","1","1","20","1.307000000e-07","1.841080919e-08","1.556668695e-02","4.816421941e-05","9.018840000e-05","7.653449446e-07","1.565700605e-02","1.564766750e-02","1.563415000e-02","4.809020029e-05","3.071481236e-01","1.523116864e-02","1.523128858e-02","1.522373524e-02","3.729010553e-06","2.448276059e-02","1.514084954e-02","1.514016008e-02","1.513388824e-02","3.632402030e-06","2.399074121e-02","4.258374074e-04","4.966140103e-05","6.238473820e-01","211.489056","212.750643","212.750643","16","64","-1.000e+00","1.451092690e-01","2.643350017e-04","4.771189180e-01","4.500940","2.328815997e-04","3.528876574e-06","3.376961","1.831504002e-04","5.003529499e-05","4.293914","9.805407496e-06","5.329498623e-07","5.538899859e-05","8.393492620e-01","0.000000000e+00","5.379299982e-04","0.000000000e+00","1.463789963e+00","2.065259978e-04","row","0.000000000e+00","0","-1.000000000e+00","0.000000000e+00","-1.000000"
"cuda_warp_smem(blk64)(g16)","16","double","local","local","16384","16384","8","1","1","1","20","1.715000000e-07","9.725170793e-09","2.755349350e-02","1.288748407e-03","1.210275500e-04","3.124222235e-06","2.767469255e-02","2.738268350e-02","2.736663200e-02","1.289458707e-03","4.659342484e+00","2.682585031e-02","2.682162869e-02","2.681273077e-02","1.130727140e-05","4.215065419e-02","2.670465126e-02","2.670243263e-02","2.668940735e-02","1.105624587e-05","4.140194817e-02","8.488422396e-04","1.286784169e-03","6.137238750e-01","160.105542","160.832181","160.832181","16","48","-1.000e+00","1.338659910e-01","2.683860002e-04","4.782268130e-01","4.490513","3.078768000e-04","3.195151542e-06","3.405830","5.308288105e-04","1.286130510e-03","1.975356","1.013662914e-05","5.695280100e-07","5.756199971e-05","8.381042740e-01","0.000000000e+00","6.744400016e-04","0.000000000e+00","1.452560151e+00","1.752399985e-04","row","0.000000000e+00","0","-1.000000000e+00","0.000000000e+00","-1.000000"
"cuda_warp_smem(blk64)(g16)","16","double","local","local","16384","16384","20","1","1","1","20","1.546500001e-07","2.494472841e-08","3.390582530e-02","2.091427910e-04","3.341331000e-04","1.282158029e-04","3.424011305e-02","3.422706100e-02","3.388780900e-02","2.842282193e-04","8.301030399e-01","3.310900146e-02","3.315847306e-02","3.274809424e-02","1.797196862e-04","5.428121608e-01","3.277471371e-02","3.280435181e-02","3.243107224e-02","1.492650198e-04","4.554273796e-01","1.131111593e-03","1.581812081e-04","6.058697590e-01","324.305106","327.612877","327.612877","12","32","-1.000e+00","1.321971530e-01","3.051330059e-04","4.720173650e-01","4.549586","6.206768006e-04","1.175667714e-04","4.223519","4.993711993e-04","1.131119348e-04","5.249482","1.106359311e-05","5.019020508e-07","2.420599776e-05","8.492260190e-01","0.000000000e+00","1.598276001e-03","0.000000000e+00","1.456718260e+00","2.001219982e-04","row","0.000000000e+00","0","-1.000000000e+00","0.000000000e+00","-1.000000"
"cuda_warp_smem(blk64)(g16)","16","double","local","local","16384","16384","32","1","1","1","20","2.602000000e-07","1.894431174e-07","5.423241060e-02","1.230068377e-03","5.531200500e-04","2.072884317e-04","5.478579085e-02","5.443537200e-02","5.417861100e-02","1.263549815e-03","2.306345852e+00","5.261449551e-02","5.259677092e-02","5.239189723e-02","2.001515069e-04","3.804113390e-01","5.206111526e-02","5.208171272e-02","5.189027023e-02","1.022561467e-04","1.964155899e-01","2.171295335e-03","1.247707959e-03","6.089112300e-01","326.523499","329.994260","329.994260","7","32","-1.000e+00","1.368780970e-01","3.131420017e-04","4.703606130e-01","4.565611","1.290643197e-03","1.242281466e-03","3.249778","8.682896078e-04","2.116382582e-04","4.830536","1.236253005e-05","9.936401037e-07","2.562799637e-05","8.483840360e-01","0.000000000e+00","2.422293001e-03","0.000000000e+00","1.459743187e+00","1.993209953e-04","row","0.000000000e+00","0","-1.000000000e+00","0.000000000e+00","-1.000000"
"cuda_warp_smem(blk128)(g16)","16","double","local","local","16384","16384","3","1","1","1","20","1.062500000e-07","8.496903468e-09","5.725276550e-03","1.255344859e-04","4.437375000e-05","4.922358094e-07","5.769756550e-03","5.688321500e-03","5.631962000e-03","1.256569875e-04","2.177855970e+00","5.551923237e-03","5.473134507e-03","5.419976168e-03","1.250045286e-04","2.251553619e+00","5.507443237e-03","5.429008007e-03","5.375264168e-03","1.248817245e-04","2.267508154e+00","2.178333127e-04","5.554546832e-06","6.482826020e-01","290.099965","292.442912","292.442912","8","256","-1.000e+00","1.740142800e-01","2.684130013e-04","4.725760520e-01","4.544208","1.205567997e-04","4.132096920e-06","3.261666","8.790879920e-05","4.378462405e-06","4.472999","9.367713799e-06","5.847735614e-07","2.777700138e-05","8.264636400e-01","0.000000000e+00","2.863360060e-04","0.000000000e+00","1.475060355e+00","1.899150011e-04","row","0.000000000e+00","0","-1.000000000e+00","0.000000000e+00","-1.000000"
"cuda_warp_smem(blk128)(g16)","16","double","local","local","16384","16384","6","1","1","1","20","1.305000000e-07","6.005041741e-08","1.092215285e-02","1.899591839e-05","9.062995000e-05","3.697097303e-06","1.101291330e-02","1.100372550e-02","1.098942300e-02","1.851414583e-05","1.681130626e-01","1.058966434e-02","1.058278249e-02","1.056764679e-02","1.589816396e-05","1.501290640e-01","1.049890389e-02","1.049310398e-02","1.047779179e-02","1.604952110e-05","1.528685400e-01","4.232489556e-04","6.487287537e-06","6.101036940e-01","304.185795","306.815407","306.815407","8","144","-1.000e+00","1.372890250e-01","2.627809954e-04","4.711495240e-01","4.557966","2.325935997e-04","1.928917529e-06","3.381142","1.808736004e-04","6.854907162e-06","4.347965","9.781755475e-06","6.032921027e-07","2.851499448e-05","8.276546170e-01","0.000000000e+00","5.634909976e-04","0.000000000e+00","1.438350317e+00","1.977060019e-04","row","0.000000000e+00","0","-1.000000000e+00","0.000000000e+00","-1.000000"
"cuda_warp_smem(blk128)(g16)","16","double","local","local","16384","16384","8","1","1","1","20","1.491500000e-07","3.977472751e-08","2.530483410e-02","9.923781432e-04","1.215353500e-04","3.344618022e-06","2.542651860e-02","2.516772050e-02","2.515368200e-02","9.929362842e-04","3.905120869e+00","2.463064141e-02","2.463041527e-02","2.462158738e-02","6.185429832e-06","2.511274363e-02","2.450895691e-02","2.450868797e-02","2.450019264e-02","6.866446350e-06","2.801606929e-02","7.958771908e-04","9.919591996e-04","6.154387000e-01","174.374968","175.240722","175.240722","8","112","-1.000e+00","1.392875250e-01","2.597980056e-04","4.744861920e-01","4.525914","3.104095966e-04","4.254461732e-06","3.378040","4.751791887e-04","9.910549296e-04","2.206696","1.028840556e-05","6.263950509e-07","2.581399895e-05","8.297358470e-01","0.000000000e+00","6.336359947e-04","0.000000000e+00","1.445833997e+00","1.880549971e-04","row","0.000000000e+00","0","-1.000000000e+00","0.000000000e+00","-1.000000"
"cuda_warp_smem(blk128)(g16)","16","double","local","local","16384","16384","20","1","1","1","20","2.327500000e-07","7.110916367e-08","3.245459400e-02","4.644237170e-04","3.361141500e-04","1.318541407e-04","3.279094090e-02","3.261355650e-02","3.256874100e-02","5.074212775e-04","1.547443482e+00","3.156497897e-02","3.153477661e-02","3.151417046e-02","1.339678187e-04","4.244191603e-01","3.122863207e-02","3.122792053e-02","3.121167946e-02","1.203350646e-05","3.853356890e-02","1.225961931e-03","4.612895763e-04","6.132870900e-01","340.168712","343.832487","343.832487","6","64","-1.000e+00","1.335182590e-01","3.129079996e-04","4.781082860e-01","4.491626","6.263023973e-04","1.173281061e-04","4.185582","5.883407995e-04","4.567757851e-04","4.455649","1.131873460e-05","1.026682383e-06","2.720500197e-05","8.300215290e-01","0.000000000e+00","1.680738002e-03","0.000000000e+00","1.445016562e+00","1.937100023e-04","row","0.000000000e+00","0","-1.000000000e+00","0.000000000e+00","-1.000000"
"cuda_warp_smem(blk128)(g16)","16","double","local","local","16384","16384","32","1","1","1","20","2.233000000e-07","7.802637872e-08","6.830266160e-02","2.518183996e-04","5.821190000e-04","2.150650223e-04","6.888500390e-02","6.874485100e-02","6.866984600e-02","4.264527320e-04","6.190792014e-01","6.694896065e-02","6.688816473e-02","6.685805598e-02","2.129020676e-04","3.180065314e-01","6.636661835e-02","6.636651230e-02","6.635763550e-02","4.073493863e-06","6.137865639e-03","1.936043253e-03","2.535384859e-04","6.103101960e-01","256.611440","258.863109","258.863109","4","48","-1.000e+00","1.358310160e-01","3.159720000e-04","4.727566840e-01","4.542471","1.018087995e-03","1.890137371e-04","4.119785","9.055952013e-04","1.846674600e-04","4.631544","1.236005653e-05","9.266820320e-07","2.832300379e-05","8.296525690e-01","0.000000000e+00","2.445277001e-03","0.000000000e+00","1.442436365e+00","2.860960012e-04","row","0.000000000e+00","0","-1.000000000e+00","0.000000000e+00","-1.000000"
"cuda_warp_smem(blk192)(g16)","16","double","local","local","16384","16384","3","1","1","1","20","1.122500001e-07","2.759075932e-08","5.956028750e-03","2.092924981e-04","4.430150000e-05","6.946832296e-07","6.000442500e-03","6.133182000e-03","5.678264000e-03","2.093198657e-04","3.488407159e+00","5.784484141e-03","5.916692489e-03","5.462054876e-03","2.087180794e-04","3.608240153e+00","5.740070391e-03","5.872287989e-03","5.417183876e-03","2.086926813e-04","3.635716412e+00","2.159583593e-04","3.539436843e-06","6.390734500e-01","278.436710","280.591112","280.591112","5","400","-1.000e+00","1.659849330e-01","2.580520013e-04","4.713657490e-01","4.555875","1.182431992e-04","1.201639156e-06","3.325485","8.817280084e-05","2.961420393e-06","4.459607","9.542359245e-06","6.395986790e-07","2.693999704e-05","8.230582240e-01","0.000000000e+00","2.838719956e-04","0.000000000e+00","1.462442486e+00","1.785979985e-04","row","0.000000000e+00","0","-1.000000000e+00","0.000000000e+00","-1.000000"
"cuda_warp_smem(blk192)(g16)","16","double","local","local","16384","16384","6","1","1","1","20","1.517000000e-07","3.356548982e-08","1.003037775e-02","1.063895483e-03","9.019770000e-05","1.424426758e-06","1.012072715e-02","9.892876500e-03","9.853477000e-03","1.064683436e-03","1.051983143e+01","9.462539780e-03","9.468570552e-03","9.437583904e-03","1.842228346e-05","1.946864572e-01","9.372190380e-03","9.378128052e-03","9.348383904e-03","1.838785694e-05","1.961959392e-01","6.581873699e-04","1.066971439e-03","6.091707580e-01","340.418698","343.700388","343.700388","5","224","-1.000e+00","1.374767040e-01","2.543719966e-04","4.701110040e-01","4.568035","2.324319996e-04","1.791804334e-06","3.383493","4.158768050e-04","1.067016936e-03","1.891022","9.878565272e-06","7.630713194e-07","5.829000293e-05","8.241887630e-01","0.000000000e+00","5.531130009e-04","0.000000000e+00","1.433970924e+00","1.855130031e-04","row","0.000000000e+00","0","-1.000000000e+00","0.000000000e+00","-1.000000"
"cuda_warp_smem(blk192)(g16)","16","double","local","local","16384","16384","8","1","1","1","20","1.792000000e-07","6.971868287e-08","1.723444630e-02","1.358217459e-03","1.220784500e-04","9.600244221e-06","1.735670395e-02","1.705003600e-02","1.702085000e-02","1.358527632e-03","7.827106088e+00","1.649808019e-02","1.649524603e-02","1.647372205e-02","1.328241668e-05","8.050886237e-02","1.637582254e-02","1.637417603e-02","1.635568047e-02","1.251613435e-05","7.643056902e-02","8.586237559e-04","1.359710110e-03","6.055289230e-01","260.331338","262.274905","262.274905","5","176","-1.000e+00","1.344836570e-01","2.604039983e-04","4.694417250e-01","4.574548","6.122735903e-04","1.359566494e-03","1.712594","2.355040006e-04","1.544449920e-05","4.452476","1.084616500e-05","8.243185047e-07","2.622500324e-05","8.241081000e-01","0.000000000e+00","6.371880008e-04","0.000000000e+00","1.430300436e+00","1.998770022e-04","row","0.000000000e+00","0","-1.000000000e+00","0.000000000e+00","-1.000000"
"cuda_warp_smem(blk192)(g16)","16","double","local","local","16384","16384","20","1","1","1","20","2.194500000e-07","7.060004098e-08","3.222819630e-02","1.688910290e-04","3.342275000e-04","1.372698962e-04","3.256264325e-02","3.246828250e-02","3.244617100e-02","2.800058704e-04","8.598990820e-01","3.143196387e-02","3.140349417e-02","3.137751533e-02","1.391925753e-04","4.428376664e-01","3.109751692e-02","3.109617615e-02","3.107328033e-02","1.439277995e-05","4.628273052e-02","1.130679382e-03","1.667021364e-04","6.223175640e-01","341.608252","345.282174","345.282174","5","64","-1.000e+00","1.448312750e-01","3.023680038e-04","4.758540830e-01","4.512904","6.263600022e-04","1.233097038e-04","4.185197","4.927231953e-04","1.193022592e-04","5.320310","1.159618440e-05","8.788810966e-07","2.601699816e-05","8.349836320e-01","0.000000000e+00","1.621249998e-03","0.000000000e+00","1.458948463e+00","1.889730047e-04","row","0.000000000e+00","0","-1.000000000e+00","0.000000000e+00","-1.000000"
"cuda_warp_smem(blk192)(g16)","16","double","local","local","16384","16384","32","1","1","1","20","4.806000001e-07","3.110400887e-07","7.243869300e-02","5.138143018e-04","6.144287000e-04","2.256777834e-04","7.305360230e-02","7.301767450e-02","7.200074800e-02","6.554122662e-04","8.971662527e-01","7.109652589e-02","7.118564973e-02","7.016565473e-02","4.573873469e-04","6.433329071e-01","7.048161659e-02","7.057358170e-02","6.963126373e-02","3.492629788e-04","4.955376957e-01","1.957076408e-03","2.702042187e-04","6.121931640e-01","241.641472","243.749647","243.749647","3","80","-1.000e+00","1.392050060e-01","3.171730059e-04","4.713109330e-01","4.556405","1.047297600e-03","2.074816971e-04","4.004883","8.966079980e-04","1.973558974e-04","4.677969","1.317080967e-05","1.513787787e-06","2.991800284e-05","8.295251890e-01","0.000000000e+00","2.431005996e-03","0.000000000e+00","1.444179277e+00","2.016459985e-04","row","0.000000000e+00","0","-1.000000000e+00","0.000000000e+00","-1.000000"
"cuda_warp_smem(g16)","16","double","local","local","16384","16384","3","1","1","1","20","1.043000000e-07","9.336402981e-09","5.766830550e-03","8.411536343e-05","4.448375000e-05","7.956039001e-07","5.811418600e-03","5.867493500e-03","5.677678000e-03","8.438443854e-05","1.452045436e+00","5.594360861e-03","5.650542630e-03","5.465161969e-03","8.257634669e-05","1.476064000e+00","5.549772811e-03","5.605903864e-03","5.421535969e-03","8.229524844e-05","1.482857970e+00","2.170577391e-04","3.531688657e-06","6.501753080e-01","287.899329","290.212373","290.212373","4","512","-1.000e+00","1.713381090e-01","3.081830000e-04","4.770945090e-01","4.501170","1.194224007e-04","1.256563065e-06","3.292649","8.809600063e-05","3.007928085e-06","4.463494","9.539337695e-06","5.448083649e-07","5.634300032e-05","8.307155880e-01","0.000000000e+00","2.893810015e-04","0.000000000e+00","1.481236620e+00","1.890809945e-04","row","0.000000000e+00","0","-1.000000000e+00","0.000000000e+00","-1.000000"
"cuda_warp_smem(g16)","16","double","local","local","16384","16384","6","1","1","1","20","1.230000000e-07","4.697591767e-08","9.681201350e-03","1.330882063e-05","9.039340000e-05","2.116112011e-06","9.771717750e-03","9.773105500e-03","9.756137000e-03","1.292449752e-05","1.322643352e-01","9.356823611e-03","9.357103685e-03","9.345967019e-03","8.222656008e-06","8.787871130e-02","9.266307211e-03","9.265807629e-03","9.256256104e-03","8.701560553e-06","9.390537519e-02","4.148941391e-04","5.629730994e-06","6.116052800e-01","344.264849","347.627744","347.627744","4","288","-1.000e+00","1.367525460e-01","2.549979981e-04","4.732311130e-01","4.537917","2.314944014e-04","1.597794817e-06","3.397197","1.737984009e-04","6.123057020e-06","4.524967","9.601336774e-06","6.489095113e-07","2.465899888e-05","8.200133370e-01","0.000000000e+00","5.377920024e-04","0.000000000e+00","1.432181068e+00","1.818540040e-04","row","0.000000000e+00","0","-1.000000000e+00","0.000000000e+00","-1.000000"
"cuda_warp_smem(g16)","16","double","local","local","16384","16384","8","1","1","1","20","1.575000000e-07","2.184996692e-08","1.294126700e-02","1.884411412e-05","1.200497000e-04","1.796148573e-06","1.306147420e-02","1.306204050e-02","1.303849900e-02","1.855101091e-05","1.420284619e-01","1.249882315e-02","1.249348075e-02","1.248236118e-02","1.590650571e-05","1.272640273e-01","1.237861595e-02","1.237137604e-02","1.236291218e-02","1.621754295e-05","1.310125705e-01","5.626510485e-04","5.311566005e-06","6.058083230e-01","343.629736","346.966681","346.966681","4","224","-1.000e+00","1.335813760e-01","2.536649990e-04","4.706099390e-01","4.563192","3.072368011e-04","2.470196584e-06","3.412924","2.448992006e-04","5.143943786e-06","4.281664","1.051504673e-05","8.730808411e-07","6.176599709e-05","8.212674580e-01","0.000000000e+00","6.369270050e-04","0.000000000e+00","1.427774474e+00","1.830660040e-04","row","0.000000000e+00","0","-1.000000000e+00","0.000000000e+00","-1.000000"
"cuda_warp_smem(g16)","16","double","local","local","16384","16384","20","1","1","1","20","1.648000000e-07","6.352504692e-08","3.217069010e-02","5.060889597e-04","3.268477500e-04","1.268155316e-04","3.249770265e-02","3.232759850e-02","3.229144500e-02","5.434795894e-04","1.672363106e+00","3.128871509e-02","3.126441765e-02","3.123491450e-02","1.298382845e-04","4.149684131e-01","3.096170254e-02","3.096265602e-02","3.093667221e-02","1.350074771e-05","4.360466837e-02","1.208987562e-03","5.112019188e-04","6.075933920e-01","343.172234","346.796764","346.796764","3","128","-1.000e+00","1.343028420e-01","3.025379992e-04","4.716407280e-01","4.553219","5.993232042e-04","2.423959042e-05","4.374001","5.984207958e-04","5.135130117e-04","4.380596","1.124356251e-05","8.362667518e-07","2.617199789e-05","8.186599680e-01","0.000000000e+00","1.040007999e-03","0.000000000e+00","1.427319540e+00","1.890499989e-04","row","0.000000000e+00","0","-1.000000000e+00","0.000000000e+00","-1.000000"
"cuda_warp_smem(g16)","16","double","local","local","16384","16384","32","1","1","1","20","2.680500000e-07","3.253809872e-07","5.968754580e-02","2.552534308e-04","6.028137500e-04","2.101369349e-04","6.029062760e-02","6.014790200e-02","6.008769500e-02","4.243394184e-04","7.038231900e-01","5.837501326e-02","5.831940915e-02","5.827101854e-02","2.122011204e-04","3.635136141e-01","5.777193146e-02","5.777571297e-02","5.773487854e-02","1.577207797e-05","2.730058970e-02","1.915614342e-03","2.515083384e-04","6.091372880e-01","294.301761","297.373980","297.373980","2","112","-1.000e+00","1.358030400e-01","3.012529996e-04","4.716899380e-01","4.552744","1.013659200e-03","1.869141670e-04","4.137785","8.888367951e-04","1.847787105e-04","4.718869","1.311834732e-05","1.307467633e-06","2.518000110e-05","8.206239050e-01","0.000000000e+00","2.410048000e-03","0.000000000e+00","1.432196421e+00","2.146299958e-04","row","0.000000000e+00","0","-1.000000000e+00","0.000000000e+00","-1.000000"
"cuda_warp_smem(blk384)(g16)","16","double","local","local","16384","16384","3","1","1","1","20","1.233500000e-07","1.492534050e-08","5.821864450e-03","1.860023556e-04","4.517195000e-05","3.785882091e-06","5.867159750e-03","5.882936500e-03","5.677500000e-03","1.867835103e-04","3.183542263e+00","5.643301692e-03","5.672527019e-03","5.462315061e-03","1.673434409e-04","2.965346353e+00","5.598006392e-03","5.628736019e-03","5.417952061e-03","1.663990820e-04","2.972470382e+00","2.238580585e-04","5.325675433e-05","6.451814340e-01","285.402558","287.711843","287.711843","2","1024","-1.000e+00","1.667205750e-01","2.641250030e-04","4.767980590e-01","4.503969","1.189552005e-04","9.193519970e-07","3.305581","9.510239959e-05","5.336281413e-05","4.134659","9.800458349e-06","9.630998490e-07","2.835800115e-05","8.343433660e-01","0.000000000e+00","2.857789950e-04","0.000000000e+00","1.479838937e+00","1.848379979e-04","row","0.000000000e+00","0","-1.000000000e+00","0.000000000e+00","-1.000000"
"cuda_warp_smem(blk384)(g16)","16","double","local","local","16384","16384","6","1","1","1","20","1.304000000e-07","1.893590303e-08","1.048013415e-02","2.646567218e-05","8.962965000e-05","1.247478310e-06","1.056989420e-02","1.056532150e-02","1.052865500e-02","2.618103519e-05","2.476943922e-01","1.014794720e-02","1.014499530e-02","1.011688355e-02","1.956464998e-05","1.927941641e-01","1.005818715e-02","1.005582380e-02","1.002713585e-02","1.974534179e-05","1.963111393e-01","4.219469990e-04","9.068766955e-06","6.154009640e-01","317.426314","320.259051","320.259051","2","576","-1.000e+00","1.369851850e-01","2.647899964e-04","4.768127780e-01","4.503830","2.332016006e-04","5.190560193e-06","3.372327","1.787376009e-04","6.321133615e-06","4.399925","1.000779754e-05","6.086420301e-07","2.867700096e-05","8.302335210e-01","0.000000000e+00","5.725199953e-04","0.000000000e+00","1.446235682e+00","1.879470001e-04","row","0.000000000e+00","0","-1.000000000e+00","0.000000000e+00","-1.000000"
"cuda_warp_smem(blk384)(g16)","16","double","local","local","16384","16384","8","1","1","1","20","1.634500000e-07","3.624837567e-08","1.492792325e-02","5.291127594e-04","1.201855000e-04","2.501405321e-06","1.504827220e-02","1.492484100e-02","1.490846100e-02","5.296540898e-04","3.519700353e+00","1.438543059e-02","1.438287107e-02","1.436189453e-02","1.420518539e-05","9.874702951e-02","1.426508164e-02","1.426407957e-02","1.424220753e-02","1.370300359e-05","9.605976282e-02","6.628416059e-04","5.316041489e-04","6.141211920e-01","298.563694","301.082560","301.082560","2","448","-1.000e+00","1.365292160e-01","2.523549992e-04","4.760066760e-01","4.511457","3.091376022e-04","3.919864862e-06","3.391939","3.430783980e-04","5.317346284e-04","3.056374","1.062560583e-05","1.091200966e-06","3.040799493e-05","8.347815040e-01","0.000000000e+00","6.294409977e-04","0.000000000e+00","1.449562545e+00","1.878530020e-04","row","0.000000000e+00","0","-1.000000000e+00","0.000000000e+00","-1.000000"
"cuda_warp_smem(blk384)(g16)","16","double","local","local","16384","16384","20","1","1","1","20","2.095500000e-07","6.869112789e-08","3.313208440e-02","1.012380311e-03","3.329926000e-04","1.362899144e-04","3.346528655e-02","3.318075850e-02","3.314220800e-02","1.032498715e-03","3.085282754e+00","3.212399557e-02","3.209373751e-02","3.207851833e-02","1.357594368e-04","4.226106821e-01","3.179079342e-02","3.179129601e-02","3.178035164e-02","6.469545867e-06","2.035037560e-02","1.341290981e-03","1.013603725e-03","6.148971020e-01","334.249151","337.752446","337.752446","2","192","-1.000e+00","1.381643020e-01","3.552630005e-04","4.750884010e-01","4.520177","8.281519979e-04","1.013747279e-03","3.165409","5.015552029e-04","1.194240396e-04","5.226623","1.158378029e-05","1.334218438e-06","2.700900222e-05","8.610645360e-01","0.000000000e+00","1.053523003e-03","0.000000000e+00","1.477042170e+00","1.947589990e-04","row","0.000000000e+00","0","-1.000000000e+00","0.000000000e+00","-1.000000"
"cuda_warp_smem(blk384)(g16)","16","double","local","local","16384","16384","32","1","1","1","20","3.440500000e-07","3.738659308e-07","6.860686170e-02","2.708879556e-04","6.404792500e-04","2.136583015e-04","6.924768500e-02","6.910642100e-02","6.905996700e-02","4.499043861e-04","6.497031433e-01","6.735493005e-02","6.730094146e-02","6.728564261e-02","2.123066303e-04","3.152057766e-01","6.671410675e-02","6.671380615e-02","6.670722961e-02","4.303136853e-06","6.450115370e-03","1.892754950e-03","2.723988923e-04","6.088231120e-01","255.064762","257.514790","257.514790","1","176","-1.000e+00","1.337280770e-01","3.144880029e-04","4.734577710e-01","4.535745","1.009907189e-03","1.883318693e-04","4.153158","8.702959955e-04","2.034278621e-04","4.819399","1.255176503e-05","9.354770506e-07","2.855899947e-05","8.390703030e-01","0.000000000e+00","2.413528004e-03","0.000000000e+00","1.450335502e+00","2.039660030e-04","row","0.000000000e+00","0","-1.000000000e+00","0.000000000e+00","-1.000000"
"cuda_warp_smem(blk512)(g16)","16","double","local","local","16384","16384","3","1","1","1","20","1.251000000e-07","1.476090144e-08","5.922728850e-03","5.108227834e-06","4.437020000e-05","7.027660088e-07","5.967224150e-03","5.966219500e-03","5.959542000e-03","4.885068919e-06","8.186501456e-02","5.752746514e-03","5.751837076e-03","5.745504952e-03","3.910913072e-06","6.798340692e-02","5.708251214e-03","5.707424164e-03","5.701087952e-03","4.074157031e-06","7.137312074e-02","2.144776360e-04","3.331769865e-06","6.526118730e-01","279.972832","282.155195","282.155195","2","1024","-1.000e+00","1.780385410e-01","2.532739963e-04","4.729126560e-01","4.540973","1.191088006e-04","7.429806611e-07","3.301318","8.609119952e-05","3.282347785e-06","4.567435","9.277635865e-06","4.480967726e-07","2.738200419e-05","8.254780940e-01","0.000000000e+00","3.022859964e-04","0.000000000e+00","1.478419635e+00","3.398015500e-02","row","0.000000000e+00","0","-1.000000000e+00","0.000000000e+00","-1.000000"
"cuda_warp_smem(blk512)(g16)","16","double","local","local","16384","16384","6","1","1","1","20","9.850000001e-08","2.023415559e-08","1.048678020e-02","1.521236581e-05","9.008125000e-05","1.303554084e-06","1.057695995e-02","1.057098800e-02","1.056039400e-02","1.555054390e-05","1.470228116e-01","1.015469649e-02","1.015149784e-02","1.014404834e-02","1.056164200e-05","1.040074611e-01","1.006451674e-02","1.006206369e-02","1.005446434e-02","1.038218387e-05","1.031563079e-01","4.222634649e-04","8.191619371e-06","6.135466050e-01","317.215337","320.057640","320.057640","2","576","-1.000e+00","1.347123410e-01","2.695209987e-04","4.772101780e-01","4.500079","2.323359989e-04","1.911772091e-06","3.384891","1.799744010e-04","8.150656721e-06","4.369688","9.953065063e-06","5.801258890e-07","2.442299592e-05","8.414181010e-01","0.000000000e+00","5.396490014e-04","0.000000000e+00","1.455528778e+00","1.909560015e-04","row","0.000000000e+00","0","-1.000000000e+00","0.000000000e+00","-1.000000"
"cuda_warp_smem(blk512)(g16)","16","double","local","local","16384","16384","8","1","1","1","20","1.482500000e-07","3.912984458e-08","1.420563660e-02","1.713551393e-05","1.479339500e-04","1.226867626e-04","1.435371880e-02","1.432930800e-02","1.430011500e-02","1.218808338e-04","8.491237394e-01","1.379986137e-02","1.377177947e-02","1.375824880e-02","1.210456332e-04","8.771510809e-01","1.365177917e-02","1.365044832e-02","1.363974380e-02","1.086479043e-05","7.958516093e-02","5.538574252e-04","9.203042069e-06","6.135847360e-01","311.232641","314.608612","314.608612","2","448","-1.000e+00","1.343290340e-01","2.603290050e-04","4.776493900e-01","4.495941","3.089999974e-04","4.460097188e-06","3.393450","2.342848003e-04","7.335210249e-06","4.475647","1.057262753e-05","1.002309647e-06","2.753100125e-05","8.381061020e-01","0.000000000e+00","6.650040013e-04","0.000000000e+00","1.452383373e+00","1.880170021e-04","row","0.000000000e+00","0","-1.000000000e+00","0.000000000e+00","-1.000000"
"cuda_warp_smem(blk512)(g16)","16","double","local","local","16384","16384","20","1","1","1","20","1.089500000e-07","4.195420436e-08","3.541382490e-02","1.540289163e-03","3.335665500e-04","1.368434995e-04","3.574750040e-02","3.532051650e-02","3.528686100e-02","1.552199919e-03","4.342121551e+00","3.428507263e-02","3.425299438e-02","3.424131024e-02","1.368014731e-04","3.990117641e-01","3.395139713e-02","3.395137596e-02","3.394688034e-02","2.646766688e-06","7.795751904e-03","1.462427767e-03","1.539861274e-03","6.160584110e-01","313.180560","316.258509","316.258509","1","288","-1.000e+00","1.363772420e-01","3.152149948e-04","4.780084270e-01","4.492564","9.734895974e-04","1.533438626e-03","2.692828","4.764992014e-04","1.159646320e-04","5.501457","1.243896833e-05","3.535349388e-06","5.398000212e-05","8.376438610e-01","0.000000000e+00","1.630870996e-03","0.000000000e+00","1.455387123e+00","1.955320040e-04","row","0.000000000e+00","0","-1.000000000e+00","0.000000000e+00","-1.000000"
"cuda_warp_smem(blk512)(g16)","16","double","local","local","16384","16384","32","1","1","1","20","4.501000000e-07","4.768197166e-07","6.099116390e-02","3.433590476e-04","6.996629000e-04","2.886900141e-04","6.169127690e-02","6.142022800e-02","6.135432600e-02","5.673787314e-04","9.197065775e-01","5.965384282e-02","5.954051227e-02","5.951858180e-02","2.899320911e-04","4.860241643e-01","5.895372982e-02","5.893137741e-02","5.892284775e-02","7.177408734e-05","1.217464740e-01","2.037434080e-03","3.534299775e-04","6.187016270e-01","287.992665","291.412761","291.412761","1","176","-1.000e+00","1.376969360e-01","3.052940010e-04","4.793029380e-01","4.480431","1.091902402e-03","2.810847139e-04","3.841281","9.324176013e-04","2.587430131e-04","4.498311","1.311407636e-05","1.079354518e-06","2.531999780e-05","8.392335230e-01","0.000000000e+00","2.438916003e-03","0.000000000e+00","1.460399386e+00","2.214419947e-04","row","0.000000000e+00","0","-1.000000000e+00","0.000000000e+00","-1.000000"
"cuda_warp_smem(blk1024)(g16)","16","double","local","local","16384","16384","3","1","1","1","20","1.096000000e-07","1.042971463e-08","5.720163850e-03","6.834305334e-06","4.447355000e-05","8.010578844e-07","5.764747000e-03","5.763992000e-03","5.751179000e-03","6.891090984e-06","1.195384808e-01","5.543851920e-03","5.543143822e-03","5.537123038e-03","2.922299799e-06","5.271244327e-02","5.499268770e-03","5.498991966e-03","5.493216038e-03","2.761304519e-06","5.021221247e-02","2.208950798e-04","5.659863177e-06","6.516873020e-01","290.522323","292.877618","292.877618","1","1536","-1.000e+00","1.727403670e-01","2.567119955e-04","4.772644520e-01","4.499568","1.200479999e-04","1.665568816e-06","3.275490","9.126080051e-05","5.311217483e-06","4.308706","9.586279353e-06","8.994592077e-07","7.679500413e-05","8.471438770e-01","0.000000000e+00","2.833760009e-04","0.000000000e+00","1.499191350e+00","1.823420025e-04","row","0.000000000e+00","0","-1.000000000e+00","0.000000000e+00","-1.000000"
"cuda_warp_smem(blk1024)(g16)","16","double","local","local","16384","16384","6","1","1","1","20","2.681500000e-07","8.192568840e-08","1.012437580e-02","1.652052540e-05","9.056690000e-05","4.806682923e-06","1.021521085e-02","1.020746100e-02","1.018852600e-02","1.808201171e-05","1.770106557e-01","9.803684715e-03","9.797952041e-03","9.782460993e-03","1.438557247e-05","1.467363842e-01","9.712849665e-03","9.707407951e-03","9.692831993e-03","1.268972015e-05","1.306487858e-01","4.115261353e-04","6.685956272e-06","6.246885990e-01","328.572936","331.645767","331.645767","1","864","-1.000e+00","1.453032070e-01","3.234550022e-04","4.777518610e-01","4.494977","2.326639995e-04","2.326854172e-06","3.380119","1.691376008e-04","5.403294687e-06","4.649658","9.724535005e-06","6.553626841e-07","2.392600436e-05","8.565827670e-01","0.000000000e+00","5.615409973e-04","0.000000000e+00","1.481856833e+00","1.853639988e-04","row","0.000000000e+00","0","-1.000000000e+00","0.000000000e+00","-1.000000"
"cuda_warp_smem(blk1024)(g16)","16","double","local","local","16384","16384","8","1","1","1","20","1.525000000e-07","3.937872788e-08","1.353888255e-02","4.557430890e-04","1.198144500e-04","1.386639500e-06","1.365884950e-02","1.355345100e-02","1.352717500e-02","4.565031635e-04","3.342178736e+00","1.299778935e-02","1.299348058e-02","1.297703578e-02","1.822360734e-05","1.402054369e-01","1.287782240e-02","1.287414408e-02","1.285727978e-02","1.806114383e-05","1.402499838e-01","6.610601509e-04","4.579366946e-04","6.086327740e-01","330.438291","333.516581","333.516581","1","672","-1.000e+00","1.329043840e-01","2.524829979e-04","4.741077150e-01","4.529527","3.083967984e-04","2.167544569e-06","3.400087","3.421551950e-04","4.585730740e-04","3.064621","1.050815746e-05","5.717554108e-07","2.709299588e-05","8.504839910e-01","0.000000000e+00","6.281719980e-04","0.000000000e+00","1.459772030e+00","1.796930010e-04","row","0.000000000e+00","0","-1.000000000e+00","0.000000000e+00","-1.000000"
"cuda_warp_smem(blk64)","32","double","local","local","16384","16384","3","1","1","1","20","1.129000000e-07","1.007811595e-08","6.015059950e-03","2.140495304e-04","4.410070000e-05","4.509233918e-07","6.059273550e-03","5.976484000e-03","5.962617000e-03","2.141336536e-04","3.533982280e+00","5.841632838e-03","5.758302683e-03","5.746635094e-03","2.132805455e-04","3.651043319e+00","5.797419238e-03","5.714320183e-03","5.702176094e-03","2.131980514e-04","3.677464793e+00","2.176407119e-04","3.216506438e-06","6.228890110e-01","275.712764","277.815468","277.815468","16","128","-1.000e+00","1.484990260e-01","2.823809991e-04","4.723638390e-01","4.546249","1.189679999e-04","8.640858104e-07","3.305225","8.942239955e-05","3.317107324e-06","4.397288","9.250312468e-06","4.721633571e-07","5.247999798e-05","8.212836890e-01","0.000000000e+00","2.856520005e-04","0.000000000e+00","1.444510832e+00","1.815479991e-04","row","0.000000000e+00","0","-1.000000000e+00","0.000000000e+00","-1.000000"
"cuda_warp_smem(blk64)","32","double","local","local","16384","16384","6","1","1","1","20","2.245000000e-07","5.844880804e-08","1.556851440e-02","1.010469796e-05","9.003365000e-05","1.259694293e-06","1.565877255e-02","1.565521300e-02","1.564633800e-02","1.007347697e-05","6.433120436e-02","1.524685820e-02","1.524760104e-02","1.523469387e-02","7.917233068e-06","5.192698041e-02","1.515660005e-02","1.515582418e-02","1.514499187e-02","7.736770447e-06","5.104555390e-02","4.119143538e-04","5.812410606e-06","6.106738840e-01","211.271426","212.529556","212.529556","16","64","-1.000e+00","1.363164350e-01","2.516820023e-04","4.727592340e-01","4.542447","2.319455989e-04","2.527780021e-06","3.390588","1.698847994e-04","4.928206069e-06","4.629208","1.008395555e-05","1.101665044e-06","2.885299909e-05","8.228575180e-01","0.000000000e+00","5.354250025e-04","0.000000000e+00","1.434095680e+00","1.790629976e-04","row","0.000000000e+00","0","-1.000000000e+00","0.000000000e+00","-1.000000"
"cuda_warp_smem(blk64)","32","double","local","local","16384","16384","8","1","1","1","20","1.261500000e-07","2.056382879e-08","1.435450130e-02","7.092703741e-05","1.206344000e-04","2.588388452e-06","1.447526185e-02","1.445848750e-02","1.434369900e-02","7.041226393e-05","4.864317113e-01","1.392531907e-02","1.391008499e-02","1.380559098e-02","6.389137593e-05","4.588144489e-01","1.380455852e-02","1.379071999e-02","1.368607998e-02","6.444394097e-05","4.668308725e-01","5.499427845e-04","1.076691222e-05","6.183014510e-01","308.428645","311.126741","311.126741","16","32","-1.000e+00","1.421728430e-01","2.624769986e-04","4.745087850e-01","4.525698","3.094895989e-04","5.242129386e-06","3.388082","2.302480012e-04","8.059107295e-06","4.554116","1.020518436e-05","6.653849808e-07","7.556399942e-05","8.431211360e-01","0.000000000e+00","6.320179964e-04","0.000000000e+00","1.462130169e+00","1.803790001e-04","row","0.000000000e+00","0","-1.000000000e+00","0.000000000e+00","-1.000000"
"cuda_warp_smem(blk64)","32","double","local","local","16384","16384","20","1","1","1","20","1.515500000e-07","8.718551002e-08","3.401082270e-02","2.120419240e-04","3.621059500e-04","1.594876266e-04","3.437308020e-02","3.429451400e-02","3.408248100e-02","2.821473161e-04","8.208380352e-01","3.319887344e-02","3.315998921e-02","3.299857224e-02","1.855838988e-04","5.590066153e-01","3.283661594e-02","3.281966400e-02","3.269062424e-02","1.110366270e-04","3.381488127e-01","1.174206756e-03","1.822023898e-04","6.089450840e-01","323.427187","326.995274","326.995274","12","32","-1.000e+00","1.339234580e-01","3.058220027e-04","4.733342880e-01","4.536928","6.326207995e-04","1.133050047e-04","4.143778","5.297952026e-04","1.491860760e-04","4.948025","1.179075394e-05","1.620734432e-06","5.707400123e-05","8.372421370e-01","0.000000000e+00","1.600329000e-03","0.000000000e+00","1.447844624e+00","2.132540030e-04","row","0.000000000e+00","0","-1.000000000e+00","0.000000000e+00","-1.000000"
"cuda_warp_smem(blk64)","32","double","local","local","16384","16384","32","1","1","1","20","4.558500000e-07","4.632114755e-07","5.410636050e-02","2.744326794e-04","6.467232500e-04","3.035141460e-04","5.475353960e-02","5.461081200e-02","5.438621600e-02","4.017820188e-04","7.338009958e-01","5.285703513e-02","5.281134169e-02","5.257155518e-02","3.414043290e-04","6.459013983e-01","5.220985603e-02","5.224836922e-02","5.204697418e-02","1.283515300e-04","2.458377398e-01","1.896504467e-03","2.499479267e-04","6.170543990e-01","325.025215","329.054138","329.054138","7","32","-1.000e+00","1.351714480e-01","3.136910018e-04","4.802125230e-01","4.471944","1.020736003e-03","1.843720448e-04","4.109098","8.631040007e-04","1.814636120e-04","4.859558","1.266446307e-05","8.429043739e-07","6.928500079e-05","8.444531540e-01","0.000000000e+00","2.496428002e-03","0.000000000e+00","1.464073266e+00","2.211530009e-04","row","0.000000000e+00","0","-1.000000000e+00","0.000000000e+00","-1.000000"
"cuda_warp_smem(blk128)","32","double","local","local","16384","16384","3","1","1","1","20","1.699000000e-07","1.721351977e-08","5.612023000e-03","1.021481701e-05","4.478135000e-05","2.692934425e-06","5.656974250e-03","5.654565500e-03","5.636682000e-03","1.039175966e-05","1.836981963e-01","5.436928894e-03","5.433737731e-03","5.420772226e-03","8.927268726e-06","1.641969005e-01","5.391977644e-03","5.388671875e-03","5.376992226e-03","8.183656699e-06","1.517746779e-01","2.200453560e-04","5.109289266e-06","6.142181590e-01","296.235755","298.705381","298.705381","8","256","-1.000e+00","1.390160130e-01","2.620460000e-04","4.735507170e-01","4.534855","1.209647998e-04","4.496045169e-06","3.250665","8.986400068e-05","3.350786638e-06","4.375679","9.216555534e-06","5.392917369e-07","2.880299871e-05","8.352759410e-01","0.000000000e+00","3.008060012e-04","0.000000000e+00","1.449823709e+00","1.795789940e-04","row","0.000000000e+00","0","-1.000000000e+00","0.000000000e+00","-1.000000"
"cuda_warp_smem(blk128)","32","double","local","local","16384","16384","6","1","1","1","20","1.339500000e-07","2.247214653e-08","1.005610085e-02","9.534611490e-04","9.103700000e-05","4.124468246e-06","1.014727180e-02","9.934103500e-03","9.911021000e-03","9.541920574e-04","9.403434501e+00","9.508198233e-03","9.510065958e-03","9.492668640e-03","1.057048640e-05","1.111723393e-01","9.417027283e-03","9.419631958e-03","9.403807640e-03","8.943879733e-06","9.497561667e-02","6.390735673e-04","9.553837764e-04","6.118289420e-01","338.784004","342.063942","342.063942","8","128","-1.000e+00","1.342501550e-01","2.705720035e-04","4.759269120e-01","4.512213","2.330479994e-04","6.293247539e-06","3.374549","3.961407974e-04","9.556635306e-04","1.985234","9.884770407e-06","5.427743392e-07","2.398800279e-05","8.406387080e-01","0.000000000e+00","5.407159988e-04","0.000000000e+00","1.453032354e+00","2.664489948e-04","row","0.000000000e+00","0","-1.000000000e+00","0.000000000e+00","-1.000000"
"cuda_warp_smem(blk128)","32","double","local","local","16384","16384","8","1","1","1","20","3.227000000e-07","1.202327130e-07","1.347695775e-02","9.901302005e-04","1.222173500e-04","5.133424006e-06","1.359949780e-02","1.338024050e-02","1.335245600e-02","9.904137438e-04","7.282722924e+00","1.282770324e-02","1.282617045e-02","1.281383763e-02","9.946223268e-06","7.753705460e-02","1.270516319e-02","1.270086432e-02","1.269452763e-02","9.520989600e-06","7.493795598e-02","7.717945573e-04","9.920869155e-04","6.153788340e-01","334.819664","338.048967","338.048967","8","96","-1.000e+00","1.402989330e-01","2.552360020e-04","4.734577910e-01","4.535745","3.104671985e-04","6.493284208e-06","3.377413","4.512272075e-04","9.927718202e-04","2.323832","1.010015128e-05","7.179348762e-07","2.744500671e-05","8.409926960e-01","0.000000000e+00","6.669130016e-04","0.000000000e+00","1.457065888e+00","1.821249971e-04","row","0.000000000e+00","0","-1.000000000e+00","0.000000000e+00","-1.000000"
"cuda_warp_smem(blk128)","32","double","local","local","16384","16384","20","1","1","1","20","1.895000000e-07","5.395563481e-08","3.236410645e-02","1.516285354e-04","3.275391000e-04","1.268105260e-04","3.269183505e-02","3.261848650e-02","3.257513800e-02","2.530453854e-04","7.740323694e-01","3.155639109e-02","3.153157093e-02","3.150919641e-02","1.239752198e-04","3.928688152e-01","3.122866249e-02","3.122731209e-02","3.121430397e-02","1.087661558e-05","3.482895106e-02","1.135443959e-03","1.514609532e-04","6.198127350e-01","340.261287","343.832152","343.832152","6","64","-1.000e+00","1.417985640e-01","3.165540038e-04","4.763372670e-01","4.508326","6.195888042e-04","1.150347929e-04","4.230935","5.046704009e-04","1.098689594e-04","5.194361","1.118475399e-05","7.054386548e-07","2.725499508e-05","8.380727430e-01","0.000000000e+00","1.567517997e-03","0.000000000e+00","1.459480251e+00","1.900560019e-04","row","0.000000000e+00","0","-1.000000000e+00","0.000000000e+00","-1.000000"
"cuda_warp_smem(blk128)","32","double","local","local","16384","16384","32","1","1","1","20","2.622000000e-07","2.564635195e-07","5.270970205e-02","4.570582587e-04","6.522531500e-04","3.036728491e-04","5.336221740e-02","5.298850300e-02","5.291684200e-02","6.288606391e-04","1.178475464e+00","5.135064138e-02","5.112921231e-02","5.109614221e-02","3.692772112e-04","7.191287222e-01","5.069812603e-02","5.059192085e-02","5.057958221e-02","2.519848267e-04","4.970298638e-01","2.011576020e-03","3.433228307e-04","6.133079740e-01","334.559973","338.865961","338.865961","4","32","-1.000e+00","1.367353750e-01","3.165860035e-04","4.748831730e-01","4.522130","1.058329609e-03","2.694780449e-04","3.963136","9.405760050e-04","2.617766624e-04","4.459293","1.267040601e-05","1.174581008e-06","2.315699385e-05","8.232633860e-01","0.000000000e+00","2.424644001e-03","0.000000000e+00","1.439019161e+00","2.097990000e-04","row","0.000000000e+00","0","-1.000000000e+00","0.000000000e+00","-1.000000"
"cuda_warp_smem(blk192)","32","double","local","local","16384","16384","3","1","1","1","20","1.858500000e-07","9.410200233e-08","5.633373950e-03","9.860385866e-06","4.410830000e-05","4.166671144e-07","5.677668100e-03","5.677111000e-03","5.659046000e-03","9.934464263e-06","1.749743748e-01","5.462270148e-03","5.461124909e-03","5.446242903e-03","9.542249327e-06","1.746938373e-01","5.417975998e-03","5.416575909e-03","5.402175903e-03","9.440165079e-06","1.742378534e-01","2.153979521e-04","2.766874521e-06","6.076662720e-01","294.861421","297.272032","297.272032","5","384","-1.000e+00","1.355403640e-01","2.557070038e-04","4.705485040e-01","4.563788","1.187376000e-04","1.418162959e-06","3.311638","8.700640090e-05","2.053504692e-06","4.519392","9.653951178e-06","5.194325158e-07","3.092800034e-05","8.247916770e-01","0.000000000e+00","2.856130013e-04","0.000000000e+00","1.432774490e+00","1.835129951e-04","row","0.000000000e+00","0","-1.000000000e+00","0.000000000e+00","-1.000000"
"cuda_warp_smem(blk192)","32","double","local","local","16384","16384","6","1","1","1","20","1.935000000e-07","4.221436525e-08","9.887327550e-03","2.573072876e-05","9.034525000e-05","1.718581082e-06","9.977866300e-03","9.980091000e-03","9.934395000e-03","2.501214101e-05","2.506762494e-01","9.543978701e-03","9.547209919e-03","9.511369115e-03","2.115832803e-05","2.216929511e-01","9.453439951e-03","9.458015919e-03","9.421152115e-03","2.182547541e-05","2.308733702e-01","4.338875991e-04","8.140592585e-06","6.130285560e-01","337.513900","340.746383","340.746383","5","224","-1.000e+00","1.353683160e-01","2.535730018e-04","4.760744280e-01","4.510815","2.309839986e-04","3.072645846e-06","3.404703","1.929344006e-04","7.023756896e-06","4.076163","9.969199842e-06","6.429916560e-07","2.850799501e-05","8.231194590e-01","0.000000000e+00","5.365219986e-04","0.000000000e+00","1.436713045e+00","1.831360059e-04","row","0.000000000e+00","0","-1.000000000e+00","0.000000000e+00","-1.000000"
"cuda_warp_smem(blk192)","32","double","local","local","16384","16384","8","1","1","1","20","1.255500000e-07","1.039977226e-08","1.316746250e-02","3.119443128e-05","1.197368500e-04","1.603282432e-06","1.328732490e-02","1.327727450e-02","1.324702300e-02","3.107251061e-05","2.338507626e-01","1.273154892e-02","1.272642989e-02","1.270508398e-02","2.435404808e-05","1.912889645e-01","1.261168652e-02","1.260735989e-02","1.258304024e-02","2.469835249e-05","1.958370315e-01","5.557759842e-04","1.141737366e-05","6.178602430e-01","337.348372","340.554556","340.554556","5","160","-1.000e+00","1.431956970e-01","2.564289971e-04","4.730676950e-01","4.539485","3.097951993e-04","4.364907607e-06","3.384739","2.355408005e-04","9.157271583e-06","4.451781","1.043998432e-05","6.057850507e-07","2.747499821e-05","8.243962250e-01","0.000000000e+00","7.016429954e-04","0.000000000e+00","1.442985586e+00","1.866180028e-04","row","0.000000000e+00","0","-1.000000000e+00","0.000000000e+00","-1.000000"
"cuda_warp_smem(blk192)","32","double","local","local","16384","16384","20","1","1","1","20","1.943500000e-07","4.054273247e-08","3.249507890e-02","1.666104050e-04","3.817069500e-04","1.345794648e-04","3.287698020e-02","3.279301900e-02","3.276209300e-02","2.737109342e-04","8.325306417e-01","3.171524528e-02","3.168182641e-02","3.166005945e-02","1.352481596e-04","4.264452579e-01","3.133334398e-02","3.133479977e-02","3.131718445e-02","9.933997904e-06","3.170423785e-02","1.161734917e-03","1.635343496e-04","6.136626490e-01","338.556998","342.683444","342.683444","5","64","-1.000e+00","1.346091590e-01","3.382089999e-04","4.773272950e-01","4.498975","6.281168044e-04","1.221813152e-04","4.173491","5.220560029e-04","1.166278044e-04","5.021377","1.156211003e-05","6.932689630e-07","5.538600089e-05","8.306835020e-01","0.000000000e+00","1.602910001e-03","0.000000000e+00","1.446004447e+00","1.872240027e-04","row","0.000000000e+00","0","-1.000000000e+00","0.000000000e+00","-1.000000"
"cuda_warp_smem(blk192)","32","double","local","local","16384","16384","32","1","1","1","20","2.896000000e-07","2.531436871e-07","6.458044960e-02","7.085500299e-04","7.425811000e-04","3.591640922e-04","6.532332030e-02","6.488759450e-02","6.471051600e-02","9.169385998e-04","1.403692580e+00","6.324799689e-02","6.299636676e-02","6.284693115e-02","7.456218026e-04","1.178886035e+00","6.250512619e-02","6.239542389e-02","6.226188660e-02","6.489621145e-04","1.038254227e+00","2.075323410e-03","3.659830607e-04","6.218844590e-01","271.627087","274.855364","274.855364","3","64","-1.000e+00","1.426302600e-01","3.062399992e-04","4.776189670e-01","4.496228","1.028283197e-03","1.983550221e-04","4.078939","1.033625591e-03","3.323090543e-04","4.057856","1.341462233e-05","2.627852529e-06","2.499599941e-05","8.264564700e-01","0.000000000e+00","2.571231002e-03","0.000000000e+00","1.450937156e+00","2.046129957e-04","row","0.000000000e+00","0","-1.000000000e+00","0.000000000e+00","-1.000000"
"cuda_warp_smem","32","double","local","local","16384","16384","3","1","1","1","20","9.705000001e-08","1.227095416e-08","5.638070950e-03","1.313886822e-05","4.401545000e-05","4.623530749e-07","5.682183450e-03","5.680351500e-03","5.661123000e-03","1.306437970e-05","2.299183020e-01","5.466986092e-03","5.465225933e-03","5.448127942e-03","1.263651428e-05","2.311422430e-01","5.422873592e-03","5.421263933e-03","5.403327942e-03","1.275243325e-05","2.351600685e-01","2.151973576e-04","3.566162989e-06","6.100019920e-01","294.607067","297.003555","297.003555","4","512","-1.000e+00","1.341180310e-01","2.539960042e-04","4.742560320e-01","4.528110","1.195247993e-04","1.139737313e-06","3.289828","8.643520065e-05","3.638249886e-06","4.549258","9.237357689e-06","6.509101791e-07","2.982800652e-05","8.330899650e-01","0.000000000e+00","2.855969942e-04","0.000000000e+00","1.443407382e+00","1.806750006e-04","row","0.000000000e+00","0","-1.000000000e+00","0.000000000e+00","-1.000000"
"cuda_warp_smem","32","double","local","local","16384","16384","6","1","1","1","20","2.567500000e-07","1.709070231e-08","1.002699755e-02","1.141867549e-03","8.932330000e-05","1.979573561e-06","1.011657760e-02","9.855891500e-03","9.831341000e-03","1.142685774e-03","1.129518123e+01","9.443591300e-03","9.436927251e-03","9.418691117e-03","1.529629083e-05","1.619753582e-01","9.354011250e-03","9.345456123e-03","9.329440117e-03","1.540662617e-05","1.647060898e-01","6.729863005e-04","1.143851154e-03","6.172996410e-01","341.101745","344.368356","344.368356","4","288","-1.000e+00","1.379043520e-01","2.645839995e-04","4.777529970e-01","4.494966","2.325503998e-04","2.207807654e-06","3.381770","4.306351893e-04","1.143359482e-03","1.826214","9.800711442e-06","5.219372592e-07","5.840100494e-05","8.279716090e-01","0.000000000e+00","5.577240008e-04","0.000000000e+00","1.445887375e+00","1.817279990e-04","row","0.000000000e+00","0","-1.000000000e+00","0.000000000e+00","-1.000000"
"cuda_warp_smem","32","double","local","local","16384","16384","8","1","1","1","20","1.232500000e-07","1.461749134e-08","1.319778670e-02","7.860612251e-04","1.199169000e-04","2.119050977e-06","1.331782685e-02","1.313970900e-02","1.311751800e-02","7.874145543e-04","5.912485297e+00","1.258772656e-02","1.258490238e-02","1.257888035e-02","7.267742612e-06","5.773673725e-02","1.246768641e-02","1.246500778e-02","1.245980835e-02","6.991302961e-06","5.607538342e-02","7.301002853e-04","7.868157040e-04","6.143670520e-01","341.202780","344.487915","344.487915","4","224","-1.000e+00","1.410961580e-01","2.552219958e-04","4.716175160e-01","4.553443","3.078112021e-04","2.414674287e-06","3.406556","4.118576035e-04","7.868655698e-04","2.545967","1.043147968e-05","5.191030757e-07","2.539499837e-05","8.214549380e-01","0.000000000e+00","6.438069977e-04","0.000000000e+00","1.436491192e+00","1.842839993e-04","row","0.000000000e+00","0","-1.000000000e+00","0.000000000e+00","-1.000000"
"cuda_warp_smem","32","double","local","local","16384","16384","20","1","1","1","20","1.967500000e-07","8.352111303e-08","3.239763385e-02","2.983215813e-04","3.279141000e-04","1.297551657e-04","3.272574470e-02","3.258369150e-02","3.254876900e-02","3.629822260e-04","1.109164144e+00","3.152633654e-02","3.149697257e-02","3.146152908e-02","1.331539266e-04","4.223577530e-01","3.119822569e-02","3.119638348e-02","3.116073608e-02","1.711023309e-05","5.484360959e-02","1.199408161e-03","3.003260540e-04","6.076043330e-01","340.585663","344.167593","344.167593","3","128","-1.000e+00","1.344571070e-01","3.047370046e-04","4.714606460e-01","4.554958","6.193839997e-04","1.154056908e-04","4.232334","5.691152051e-04","2.877985603e-04","4.606168","1.090895625e-05","5.973512568e-07","2.459999814e-05","8.149514320e-01","0.000000000e+00","1.595075002e-03","0.000000000e+00","1.424175440e+00","1.926120021e-04","row","0.000000000e+00","0","-1.000000000e+00","0.000000000e+00","-1.000000"
"cuda_warp_smem","32","double","local","local","16384","16384","32","1","1","1","20","2.900499999e-07","2.347822002e-07","5.311829690e-02","3.092518385e-04","6.673781500e-04","2.929072282e-04","5.378596510e-02","5.357014750e-02","5.352287300e-02","5.703638137e-04","1.060432424e+00","5.183059011e-02","5.173406263e-02","5.171838867e-02","2.944284586e-04","5.680592445e-01","5.116292191e-02","5.116216087e-02","5.115465546e-02","6.370715389e-06","1.245182087e-02","1.955374994e-03","3.063941928e-04","6.095378150e-01","331.461964","335.787491","335.787491","2","96","-1.000e+00","1.341685040e-01","3.023559984e-04","4.736966800e-01","4.533457","1.009420800e-03","1.871310280e-04","4.155159","9.334063977e-04","2.602035487e-04","4.493545","1.254779657e-05","7.674792371e-07","5.328100087e-05","8.142009230e-01","0.000000000e+00","2.421526005e-03","0.000000000e+00","1.426213545e+00","2.003979971e-04","row","0.000000000e+00","0","-1.000000000e+00","0.000000000e+00","-1.000000"
"cuda_warp_smem(blk384)","32","double","local","local","16384","16384","3","1","1","1","20","1.180500001e-07","1.028783133e-08","5.648615650e-03","9.351663293e-06","4.434710000e-05","7.484221930e-07","5.693080800e-03","5.694698500e-03","5.678634000e-03","9.531075990e-06","1.674150838e-01","5.476605953e-03","5.478556535e-03","5.464199109e-03","9.171514613e-06","1.674671264e-01","5.432140803e-03","5.434400082e-03","5.419392109e-03","8.956703448e-06","1.648834920e-01","2.164748467e-04","2.942076987e-06","6.130977890e-01","294.089578","296.496868","296.496868","2","1024","-1.000e+00","1.372461280e-01","2.641229948e-04","4.742474510e-01","4.528192","1.189615995e-04","9.112380844e-07","3.305403","8.824639954e-05","2.514460405e-06","4.455887","9.266847657e-06","7.235161534e-07","7.078899944e-05","8.151566860e-01","0.000000000e+00","2.924510045e-04","0.000000000e+00","1.428617715e+00","1.918790003e-04","row","0.000000000e+00","0","-1.000000000e+00","0.000000000e+00","-1.000000"
"cuda_warp_smem(blk384)","32","double","local","local","16384","16384","6","1","1","1","20","1.252000000e-07","1.174106602e-08","1.054231135e-02","2.022328274e-05","9.051535000e-05","2.814784170e-06","1.063295190e-02","1.062732550e-02","1.060200600e-02","2.029222408e-05","1.908428089e-01","1.021943255e-02","1.021603716e-02","1.019207434e-02","1.943527488e-05","1.901795896e-01","1.012879200e-02","1.012497616e-02","1.010179234e-02","1.952907698e-05","1.928075626e-01","4.135193502e-04","4.093155855e-06","6.191672660e-01","315.205904","318.026619","318.026619","2","576","-1.000e+00","1.412859490e-01","2.625730049e-04","4.762769500e-01","4.508897","2.325648002e-04","1.855079225e-06","3.381561","1.711536005e-04","2.649416522e-06","4.594890","9.800949437e-06","6.079511187e-07","5.667700316e-05","8.142073890e-01","0.000000000e+00","5.371599982e-04","0.000000000e+00","1.433968492e+00","1.876789975e-04","row","0.000000000e+00","0","-1.000000000e+00","0.000000000e+00","-1.000000"
"cuda_warp_smem(blk384)","32","double","local","local","16384","16384","8","1","1","1","20","1.427000000e-07","4.039815005e-08","1.491515000e-02","2.452033920e-05","1.198659500e-04","7.990911597e-07","1.503515865e-02","1.502746850e-02","1.500220300e-02","2.437736783e-05","1.621357539e-01","1.448428072e-02","1.448062463e-02","1.445633035e-02","1.846670064e-05","1.274947717e-01","1.436427207e-02","1.436000013e-02","1.433635235e-02","1.864170955e-05","1.297783101e-01","5.508779301e-04","8.661126557e-06","6.117838800e-01","296.526102","299.003477","299.003477","2","448","-1.000e+00","1.347205870e-01","2.688710010e-04","4.754927170e-01","4.516333","3.077072009e-04","3.907912904e-06","3.407707","2.328159995e-04","8.280597405e-06","4.503883","1.035472959e-05","6.868408557e-07","2.923399734e-05","8.243207800e-01","0.000000000e+00","6.396859972e-04","0.000000000e+00","1.436773580e+00","1.872899957e-04","row","0.000000000e+00","0","-1.000000000e+00","0.000000000e+00","-1.000000"
"cuda_warp_smem(blk384)","32","double","local","local","16384","16384","20","1","1","1","20","1.953000000e-07","7.662080248e-08","3.317612740e-02","1.595790296e-04","3.483997500e-04","1.420914948e-04","3.352472245e-02","3.344604950e-02","3.340815400e-02","2.780604104e-04","8.294189781e-01","3.238267689e-02","3.234847287e-02","3.233625765e-02","1.406049248e-04","4.341979672e-01","3.203408184e-02","3.203656006e-02","3.201798248e-02","8.285248775e-06","2.586385593e-02","1.142045559e-03","1.623787866e-04","6.195690120e-01","331.579081","335.187326","335.187326","2","192","-1.000e+00","1.413231430e-01","3.054959961e-04","4.765719920e-01","4.506105","6.217759967e-04","1.177865475e-04","4.216052","5.091312021e-04","1.206515567e-04","5.148850","1.113836070e-05","7.483594614e-07","2.492999920e-05","8.251838060e-01","0.000000000e+00","1.640650000e-03","0.000000000e+00","1.446418398e+00","1.895989990e-04","row","0.000000000e+00","0","-1.000000000e+00","0.000000000e+00","-1.000000"
"cuda_warp_smem(blk384)","32","double","local","local","16384","16384","32","1","1","1","20","6.824000001e-07","7.817950601e-07","6.525002695e-02","3.449444476e-04","7.113105500e-04","3.423455556e-04","6.596201990e-02","6.564666050e-02","6.559766900e-02","6.513131069e-04","9.874062496e-01","6.391464283e-02","6.377439274e-02","6.374719901e-02","3.432992016e-04","5.371213644e-01","6.320264988e-02","6.320243073e-02","6.319299316e-02","5.950257097e-06","9.414569022e-03","2.047377071e-03","3.424849083e-04","6.114877990e-01","268.793948","271.821976","271.821976","1","160","-1.000e+00","1.364807590e-01","3.010580040e-04","4.733277890e-01","4.536990","1.029553592e-03","1.851986634e-04","4.073905","1.004995203e-03","3.085545528e-04","4.173457","1.282827532e-05","7.871960965e-07","3.008300700e-05","8.276543950e-01","0.000000000e+00","2.448628002e-03","0.000000000e+00","1.441620905e+00","2.377710043e-04","row","0.000000000e+00","0","-1.000000000e+00","0.000000000e+00","-1.000000"
"cuda_warp_smem(blk512)","32","double","local","local","16384","16384","3","1","1","1","20","1.516000000e-07","5.030684794e-08","5.680580850e-03","8.389908144e-06","4.520630000e-05","2.355251402e-06","5.725938750e-03","5.725048500e-03","5.710124000e-03","8.842661346e-06","1.544316440e-01","5.509586792e-03","5.508079555e-03","5.494781837e-03","8.291283178e-06","1.504882941e-01","5.464228892e-03","5.463664055e-03","5.449247837e-03","7.704008134e-06","1.409898503e-01","2.163519577e-04","3.311149394e-06","6.193873660e-01","292.329134","294.755723","294.755723","2","1024","-1.000e+00","1.395123690e-01","2.719740005e-04","4.782245560e-01","4.490534","1.202240005e-04","2.230911733e-06","3.270695","8.651839979e-05","2.666239454e-06","4.544883","9.609557370e-06","8.787795073e-07","3.047400241e-05","8.286918840e-01","0.000000000e+00","2.907999951e-04","0.000000000e+00","1.448400524e+00","1.852849964e-04","row","0.000000000e+00","0","-1.000000000e+00","0.000000000e+00","-1.000000"
"cuda_warp_smem(blk512)","32","double","local","local","16384","16384","6","1","1","1","20","1.375500000e-07","1.904972721e-08","1.070943375e-02","6.739685285e-04","9.024105000e-05","2.293534355e-06","1.079981235e-02","1.064639550e-02","1.063074400e-02","6.741878349e-04","6.242588417e+00","1.023425224e-02","1.023267752e-02","1.022439712e-02","7.499517901e-06","7.327861111e-02","1.014387364e-02","1.014299202e-02","1.013337612e-02","7.288971297e-06","7.185589601e-02","5.655601061e-04","6.747159634e-04","6.074519850e-01","314.749470","317.553785","317.553785","2","576","-1.000e+00","1.351395670e-01","2.801989976e-04","4.706556810e-01","4.562749","2.328303993e-04","1.621497273e-06","3.377703","3.227440022e-04","6.747555756e-04","2.436705","9.985704657e-06","6.025717157e-07","3.123300121e-05","8.290167980e-01","0.000000000e+00","5.400220034e-04","0.000000000e+00","1.437040038e+00","1.914570021e-04","row","0.000000000e+00","0","-1.000000000e+00","0.000000000e+00","-1.000000"
"cuda_warp_smem(blk512)","32","double","local","local","16384","16384","8","1","1","1","20","2.235499999e-07","6.246049278e-08","1.431170640e-02","1.966896297e-05","1.205499000e-04","2.416629469e-06","1.443247985e-02","1.442916650e-02","1.440735700e-02","2.033483186e-05","1.408963121e-01","1.387964396e-02","1.387644378e-02","1.386133928e-02","1.314063940e-05","9.467562311e-02","1.375887051e-02","1.375526428e-02","1.374262428e-02","1.236394517e-05","8.986162902e-02","5.528358937e-04","8.633382850e-06","6.142886550e-01","309.443622","312.159875","312.159875","2","448","-1.000e+00","1.401531850e-01","2.611839955e-04","4.725016770e-01","4.544923","3.072752044e-04","2.533937156e-06","3.412498","2.352367990e-04","7.779333124e-06","4.457534","1.032389038e-05","5.295881951e-07","2.571799996e-05","8.176254980e-01","0.000000000e+00","6.356739977e-04","0.000000000e+00","1.432575545e+00","1.840280020e-04","row","0.000000000e+00","0","-1.000000000e+00","0.000000000e+00","-1.000000"
"cuda_warp_smem(blk512)","32","double","local","local","16384","16384","20","1","1","1","20","2.021500000e-07","5.733307582e-08","3.534384980e-02","1.564444445e-04","3.315299000e-04","1.296143852e-04","3.567558185e-02","3.559995400e-02","3.555538900e-02","2.621000533e-04","7.346763239e-01","3.454355456e-02","3.451179420e-02","3.449759001e-02","1.281411481e-04","3.709553048e-01","3.421182251e-02","3.420615959e-02","3.419814301e-02","1.140831632e-05","3.334612274e-02","1.132027290e-03","1.593469903e-04","6.130623190e-01","310.837098","313.851103","313.851103","1","288","-1.000e+00","1.408923770e-01","3.038430004e-04","4.705444410e-01","4.563827","6.197616011e-04","1.176197180e-04","4.229755","5.012096003e-04","1.153879227e-04","5.230227","1.105608887e-05","7.916862627e-07","2.592199598e-05","8.153702770e-01","0.000000000e+00","1.605728001e-03","0.000000000e+00","1.430064246e+00","2.019429958e-04","row","0.000000000e+00","0","-1.000000000e+00","0.000000000e+00","-1.000000"
"cuda_warp_smem(blk512)","32","double","local","local","16384","16384","32","1","1","1","20","2.571999999e-07","2.151253245e-07","5.728653695e-02","3.453620783e-04","6.246637500e-04","2.867463844e-04","5.791145790e-02","5.765514250e-02","5.759204000e-02","5.751649191e-04","9.931798300e-01","5.590124904e-02","5.580896202e-02","5.578206196e-02","2.850167655e-04","5.098575978e-01","5.527632809e-02","5.527544022e-02","5.526924896e-02","4.329208425e-06","7.831939231e-03","2.010208863e-03","3.452167133e-04","6.116216190e-01","307.325319","310.799754","310.799754","1","160","-1.000e+00","1.382855690e-01","3.029939980e-04","4.716581150e-01","4.553051","1.055696002e-03","2.629185641e-04","3.973023","9.421023935e-04","2.559737321e-04","4.452068","1.241046799e-05","9.446040183e-07","4.805299977e-05","8.151095110e-01","0.000000000e+00","2.412677000e-03","0.000000000e+00","1.429191860e+00","2.008919982e-04","row","0.000000000e+00","0","-1.000000000e+00","0.000000000e+00","-1.000000"
"cuda_warp_smem(blk1024)","32","double","local","local","16384","16384","3","1","1","1","20","1.078500000e-07","2.222912976e-08","5.677361000e-03","7.128465665e-06","4.456740000e-05","1.084471319e-06","5.722036250e-03","5.720046000e-03","5.710900000e-03","7.009972887e-06","1.225083621e-01","5.501332850e-03","5.500468986e-03","5.495394083e-03","3.244848256e-06","5.898294731e-02","5.456657600e-03","5.456127882e-03","5.450272083e-03","3.168122886e-06","5.805977061e-02","2.207033996e-04","5.537238786e-06","6.143966380e-01","292.767731","295.164706","295.164706","1","1536","-1.000e+00","1.358123880e-01","2.664819986e-04","4.769703900e-01","4.502342","1.198704001e-04","2.795994695e-06","3.280343","9.155680016e-05","4.875667620e-06","4.294777","9.276199384e-06","5.315835541e-07","7.904700033e-05","8.134024390e-01","0.000000000e+00","2.865130009e-04","0.000000000e+00","1.428164637e+00","1.852649948e-04","row","0.000000000e+00","0","-1.000000000e+00","0.000000000e+00","-1.000000"
"cuda_warp_smem(blk1024)","32","double","local","local","16384","16384","6","1","1","1","20","1.552500000e-07","6.662927677e-08","1.019113200e-02","1.100159796e-05","9.046120000e-05","2.695899627e-06","1.028174845e-02","1.028162750e-02","1.026265500e-02","1.127988298e-05","1.097078288e-01","9.864400420e-03","9.864294075e-03","9.856727272e-03","4.830104371e-06","4.896500715e-02","9.773783970e-03","9.772624016e-03","9.767616272e-03","4.371065137e-06","4.472234245e-02","4.173480301e-04","8.747494128e-06","6.164104610e-01","326.550559","329.578133","329.578133","1","864","-1.000e+00","1.409474350e-01","2.661039980e-04","4.738286120e-01","4.532195","2.345007993e-04","5.499320799e-06","3.353643","1.731583998e-04","7.351564676e-06","4.541691","9.688831032e-06","6.195390664e-07","2.648900409e-05","8.332798240e-01","0.000000000e+00","5.401759990e-04","0.000000000e+00","1.450256950e+00","1.860029952e-04","row","0.000000000e+00","0","-1.000000000e+00","0.000000000e+00","-1.000000"
"cuda_warp_smem(blk1024)","32","double","local","local","16384","16384","8","1","1","1","20","1.388500000e-07","1.941316701e-08","1.351444305e-02","1.195184657e-05","1.207913000e-04","2.781741902e-06","1.363537320e-02","1.363493450e-02","1.361810300e-02","1.288419129e-05","9.449093250e-02","1.309238935e-02","1.309157903e-02","1.307820877e-02","9.658752527e-06","7.377379537e-02","1.297145920e-02","1.297103977e-02","1.295839977e-02","7.786649786e-06","6.002909670e-02","5.429838520e-04","8.656531036e-06","6.169089520e-01","328.050685","331.109032","331.109032","1","672","-1.000e+00","1.393496980e-01","2.580169967e-04","4.759422370e-01","4.512068","3.103567988e-04","8.041742606e-06","3.378615","2.221007995e-04","7.550982000e-06","4.721172","1.052625370e-05","5.715610588e-07","2.657200093e-05","8.295994840e-01","0.000000000e+00","6.704990010e-04","0.000000000e+00","1.447205507e+00","1.805419961e-04","row","0.000000000e+00","0","-1.000000000e+00","0.000000000e+00","-1.000000"
